[   0.0s] loading gold from runs/encoder_gold_v2.jsonl
[   0.1s] 985 gold records
[   0.1s] holdout mode: 98 held-out sentences, pool=789, train subset=788 (subset_seed=0)
[   0.1s] loading USVS from /home/user/NAOMI/consciousness_transformer/data/usvs
[  10.0s] USVS loaded: 117679 senses, d_axes=607
[  10.0s] pos_vocab=15 role_vocab=37
[  10.0s] policy params: 343,108 (~1.372 MB fp32)
[  10.0s] building features + derivations for 788 train records
[  11.0s] 2531 teacher-forced derivations
[  11.0s] dev-holdout eval targets from runs/encoder_gold_v2.jsonl: matched=98 missing=0
[  12.6s] epoch 0 step 50 avg_loss=84.587
[  13.6s] epoch 0 step 100 avg_loss=80.438
[  14.5s] epoch 0 step 150 avg_loss=77.905
[  15.5s] epoch 0 step 200 avg_loss=73.189
[  16.6s] epoch 0 step 250 avg_loss=71.663
[  17.5s] epoch 0 step 300 avg_loss=69.271
[  18.5s] epoch 0 step 350 avg_loss=68.737
[  19.5s] epoch 0 step 400 avg_loss=66.423
[  20.4s] epoch 0 step 450 avg_loss=64.779
[  21.3s] epoch 0 step 500 avg_loss=63.088
[  22.4s] epoch 0 step 550 avg_loss=61.863
[  23.3s] epoch 0 step 600 avg_loss=60.079
[  24.7s] epoch 0 step 650 avg_loss=59.299
[  25.8s] epoch 0 step 700 avg_loss=58.840
[  26.8s] epoch 0 step 750 avg_loss=57.823
[  27.9s] epoch 0 step 800 avg_loss=56.955
[  29.0s] epoch 0 step 850 avg_loss=56.016
[  30.1s] epoch 0 step 900 avg_loss=55.316
[  31.1s] epoch 0 step 950 avg_loss=54.505
[  32.4s] epoch 0 step 1000 avg_loss=54.065
[  33.5s] epoch 0 step 1050 avg_loss=53.144
[  34.6s] epoch 0 step 1100 avg_loss=52.587
[  35.8s] epoch 0 step 1150 avg_loss=52.328
[  36.8s] epoch 0 step 1200 avg_loss=51.593
[  37.8s] epoch 0 step 1250 avg_loss=50.965
[  38.7s] epoch 0 step 1300 avg_loss=50.265
[  39.8s] epoch 0 step 1350 avg_loss=49.795
[  40.9s] epoch 0 step 1400 avg_loss=49.190
[  42.1s] epoch 0 step 1450 avg_loss=48.797
[  43.4s] epoch 0 step 1500 avg_loss=48.510
[  44.6s] epoch 0 step 1550 avg_loss=48.008
[  45.7s] epoch 0 step 1600 avg_loss=47.511
[  46.9s] epoch 0 step 1650 avg_loss=47.203
[  47.9s] epoch 0 step 1700 avg_loss=46.536
[  48.8s] epoch 0 step 1750 avg_loss=46.087
[  49.8s] epoch 0 step 1800 avg_loss=45.588
[  50.8s] epoch 0 step 1850 avg_loss=45.158
[  51.9s] epoch 0 step 1900 avg_loss=44.742
[  52.9s] epoch 0 step 1950 avg_loss=44.421
[  54.0s] epoch 0 step 2000 avg_loss=44.084
[  55.2s] epoch 0 step 2050 avg_loss=43.764
[  56.1s] epoch 0 step 2100 avg_loss=43.331
[  57.0s] epoch 0 step 2150 avg_loss=43.051
[  58.0s] epoch 0 step 2200 avg_loss=42.660
[  58.9s] epoch 0 step 2250 avg_loss=42.360
[  59.9s] epoch 0 step 2300 avg_loss=41.947
[  61.0s] epoch 0 step 2350 avg_loss=41.678
[  62.0s] epoch 0 step 2400 avg_loss=41.320
[  62.8s] epoch 0 step 2450 avg_loss=40.964
[  63.9s] epoch 0 step 2500 avg_loss=40.752
[  64.5s] === epoch 0 done: avg_loss=40.610 (n=2531 derivations) ===
[  64.9s] epoch 1 step 2550 avg_loss=23.543
[  66.0s] epoch 1 step 2600 avg_loss=29.591
[  67.1s] epoch 1 step 2650 avg_loss=28.785
[  68.2s] epoch 1 step 2700 avg_loss=28.157
[  69.4s] epoch 1 step 2750 avg_loss=27.901
[  70.6s] epoch 1 step 2800 avg_loss=27.983
[  71.8s] epoch 1 step 2850 avg_loss=28.063
[  72.7s] epoch 1 step 2900 avg_loss=27.611
[  73.7s] epoch 1 step 2950 avg_loss=27.756
[  74.8s] epoch 1 step 3000 avg_loss=28.136
[  75.8s] epoch 1 step 3050 avg_loss=27.902
[  76.7s] epoch 1 step 3100 avg_loss=27.625
[  77.7s] epoch 1 step 3150 avg_loss=27.596
[  78.6s] epoch 1 step 3200 avg_loss=27.364
[  79.6s] epoch 1 step 3250 avg_loss=27.194
[  80.5s] epoch 1 step 3300 avg_loss=27.084
[  81.4s] epoch 1 step 3350 avg_loss=26.956
[  82.3s] epoch 1 step 3400 avg_loss=26.656
[  83.2s] epoch 1 step 3450 avg_loss=26.657
[  84.2s] epoch 1 step 3500 avg_loss=26.424
[  85.2s] epoch 1 step 3550 avg_loss=26.168
[  86.2s] epoch 1 step 3600 avg_loss=26.218
[  87.1s] epoch 1 step 3650 avg_loss=26.019
[  88.0s] epoch 1 step 3700 avg_loss=25.765
[  88.9s] epoch 1 step 3750 avg_loss=25.641
[  89.8s] epoch 1 step 3800 avg_loss=25.434
[  90.6s] epoch 1 step 3850 avg_loss=25.110
[  91.4s] epoch 1 step 3900 avg_loss=24.958
[  92.3s] epoch 1 step 3950 avg_loss=24.749
[  93.1s] epoch 1 step 4000 avg_loss=24.606
[  94.1s] epoch 1 step 4050 avg_loss=24.477
[  95.1s] epoch 1 step 4100 avg_loss=24.244
[  96.0s] epoch 1 step 4150 avg_loss=24.158
[  96.9s] epoch 1 step 4200 avg_loss=24.214
[  97.8s] epoch 1 step 4250 avg_loss=24.120
[  98.8s] epoch 1 step 4300 avg_loss=24.148
[  99.7s] epoch 1 step 4350 avg_loss=23.970
[ 100.7s] epoch 1 step 4400 avg_loss=23.888
[ 101.7s] epoch 1 step 4450 avg_loss=23.873
[ 102.6s] epoch 1 step 4500 avg_loss=23.867
[ 103.7s] epoch 1 step 4550 avg_loss=23.821
[ 104.7s] epoch 1 step 4600 avg_loss=23.777
[ 105.6s] epoch 1 step 4650 avg_loss=23.725
[ 106.5s] epoch 1 step 4700 avg_loss=23.685
[ 107.4s] epoch 1 step 4750 avg_loss=23.628
[ 108.3s] epoch 1 step 4800 avg_loss=23.487
[ 109.3s] epoch 1 step 4850 avg_loss=23.488
[ 110.3s] epoch 1 step 4900 avg_loss=23.490
[ 111.3s] epoch 1 step 4950 avg_loss=23.485
[ 112.3s] epoch 1 step 5000 avg_loss=23.452
[ 113.5s] epoch 1 step 5050 avg_loss=23.449
[ 113.8s] === epoch 1 done: avg_loss=23.466 (n=2531 derivations) ===
[ 114.6s] epoch 2 step 5100 avg_loss=22.104
[ 115.6s] epoch 2 step 5150 avg_loss=20.442
[ 116.6s] epoch 2 step 5200 avg_loss=19.219
[ 117.7s] epoch 2 step 5250 avg_loss=20.740
[ 118.8s] epoch 2 step 5300 avg_loss=21.234
[ 119.8s] epoch 2 step 5350 avg_loss=21.261
[ 120.9s] epoch 2 step 5400 avg_loss=21.036
[ 121.8s] epoch 2 step 5450 avg_loss=21.014
[ 122.7s] epoch 2 step 5500 avg_loss=21.001
[ 123.6s] epoch 2 step 5550 avg_loss=21.242
[ 124.5s] epoch 2 step 5600 avg_loss=20.936
[ 125.5s] epoch 2 step 5650 avg_loss=20.911
[ 126.4s] epoch 2 step 5700 avg_loss=20.791
[ 127.3s] epoch 2 step 5750 avg_loss=20.802
[ 128.4s] epoch 2 step 5800 avg_loss=20.375
[ 129.5s] epoch 2 step 5850 avg_loss=20.285
[ 130.6s] epoch 2 step 5900 avg_loss=20.338
[ 131.6s] epoch 2 step 5950 avg_loss=20.213
[ 132.6s] epoch 2 step 6000 avg_loss=20.160
[ 133.6s] epoch 2 step 6050 avg_loss=20.183
[ 134.5s] epoch 2 step 6100 avg_loss=20.014
[ 135.4s] epoch 2 step 6150 avg_loss=20.115
[ 136.3s] epoch 2 step 6200 avg_loss=19.991
[ 137.3s] epoch 2 step 6250 avg_loss=19.971
[ 138.2s] epoch 2 step 6300 avg_loss=19.925
[ 139.1s] epoch 2 step 6350 avg_loss=19.822
[ 140.3s] epoch 2 step 6400 avg_loss=19.856
[ 141.4s] epoch 2 step 6450 avg_loss=19.842
[ 142.2s] epoch 2 step 6500 avg_loss=19.723
[ 143.2s] epoch 2 step 6550 avg_loss=19.732
[ 144.4s] epoch 2 step 6600 avg_loss=19.760
[ 145.5s] epoch 2 step 6650 avg_loss=19.821
[ 146.4s] epoch 2 step 6700 avg_loss=19.728
[ 147.2s] epoch 2 step 6750 avg_loss=19.579
[ 148.2s] epoch 2 step 6800 avg_loss=19.619
[ 149.1s] epoch 2 step 6850 avg_loss=19.548
[ 150.2s] epoch 2 step 6900 avg_loss=19.571
[ 151.1s] epoch 2 step 6950 avg_loss=19.503
[ 152.1s] epoch 2 step 7000 avg_loss=19.512
[ 153.0s] epoch 2 step 7050 avg_loss=19.453
[ 153.9s] epoch 2 step 7100 avg_loss=19.399
[ 154.9s] epoch 2 step 7150 avg_loss=19.365
[ 155.8s] epoch 2 step 7200 avg_loss=19.410
[ 156.8s] epoch 2 step 7250 avg_loss=19.432
[ 157.8s] epoch 2 step 7300 avg_loss=19.420
[ 158.8s] epoch 2 step 7350 avg_loss=19.403
[ 159.7s] epoch 2 step 7400 avg_loss=19.326
[ 160.7s] epoch 2 step 7450 avg_loss=19.292
[ 161.8s] epoch 2 step 7500 avg_loss=19.307
[ 162.7s] epoch 2 step 7550 avg_loss=19.311
[ 163.8s] === epoch 2 done: avg_loss=19.359 (n=2531 derivations) ===
[ 163.9s] epoch 3 step 7600 avg_loss=14.057
[ 165.2s] epoch 3 step 7650 avg_loss=17.002
[ 166.4s] epoch 3 step 7700 avg_loss=16.698
[ 167.6s] epoch 3 step 7750 avg_loss=16.666
[ 168.7s] epoch 3 step 7800 avg_loss=16.148
[ 169.7s] epoch 3 step 7850 avg_loss=15.401
[ 170.7s] epoch 3 step 7900 avg_loss=15.644
[ 171.8s] eval step=250 train_avg_loss=15.864 dev_rank1_f1=0.4723 dev_edge_p=0.4837 dev_edge_r=0.4614
[ 172.6s] epoch 3 step 7950 avg_loss=16.447
[ 173.5s] epoch 3 step 8000 avg_loss=15.881
[ 174.7s] epoch 3 step 8050 avg_loss=15.918
[ 175.6s] epoch 3 step 8100 avg_loss=15.750
[ 176.7s] epoch 3 step 8150 avg_loss=15.684
[ 177.6s] epoch 3 step 8200 avg_loss=15.814
[ 178.5s] epoch 3 step 8250 avg_loss=15.663
[ 179.5s] epoch 3 step 8300 avg_loss=15.981
[ 180.5s] epoch 3 step 8350 avg_loss=16.294
[ 181.5s] epoch 3 step 8400 avg_loss=16.342
[ 182.6s] epoch 3 step 8450 avg_loss=16.412
[ 183.9s] epoch 3 step 8500 avg_loss=16.554
[ 185.0s] epoch 3 step 8550 avg_loss=16.667
[ 186.0s] epoch 3 step 8600 avg_loss=16.652
[ 187.0s] epoch 3 step 8650 avg_loss=16.818
[ 187.9s] epoch 3 step 8700 avg_loss=16.741
[ 189.0s] epoch 3 step 8750 avg_loss=17.041
[ 190.1s] epoch 3 step 8800 avg_loss=17.086
[ 190.9s] epoch 3 step 8850 avg_loss=16.912
[ 191.9s] epoch 3 step 8900 avg_loss=16.938
[ 192.9s] epoch 3 step 8950 avg_loss=16.917
[ 193.8s] epoch 3 step 9000 avg_loss=16.827
[ 194.8s] epoch 3 step 9050 avg_loss=16.855
[ 195.9s] epoch 3 step 9100 avg_loss=16.845
[ 196.8s] epoch 3 step 9150 avg_loss=16.963
[ 197.7s] epoch 3 step 9200 avg_loss=16.887
[ 198.7s] epoch 3 step 9250 avg_loss=16.916
[ 199.7s] epoch 3 step 9300 avg_loss=16.919
[ 200.8s] epoch 3 step 9350 avg_loss=16.995
[ 201.8s] epoch 3 step 9400 avg_loss=16.995
[ 202.8s] epoch 3 step 9450 avg_loss=16.936
[ 203.9s] epoch 3 step 9500 avg_loss=16.913
[ 205.0s] epoch 3 step 9550 avg_loss=16.901
[ 206.1s] epoch 3 step 9600 avg_loss=16.853
[ 207.0s] epoch 3 step 9650 avg_loss=16.870
[ 208.0s] epoch 3 step 9700 avg_loss=16.908
[ 209.0s] epoch 3 step 9750 avg_loss=16.855
[ 210.1s] epoch 3 step 9800 avg_loss=16.863
[ 211.2s] epoch 3 step 9850 avg_loss=16.838
[ 212.2s] epoch 3 step 9900 avg_loss=16.830
[ 213.2s] epoch 3 step 9950 avg_loss=16.821
[ 214.1s] epoch 3 step 10000 avg_loss=16.772
[ 215.2s] epoch 3 step 10050 avg_loss=16.788
[ 216.3s] epoch 3 step 10100 avg_loss=16.791
[ 216.8s] === epoch 3 done: avg_loss=16.789 (n=2531 derivations) ===
[ 217.2s] epoch 4 step 10150 avg_loss=16.283
[ 218.2s] epoch 4 step 10200 avg_loss=16.866
[ 219.2s] epoch 4 step 10250 avg_loss=15.787
[ 220.2s] epoch 4 step 10300 avg_loss=14.772
[ 221.2s] epoch 4 step 10350 avg_loss=15.163
[ 222.3s] epoch 4 step 10400 avg_loss=15.167
[ 223.4s] epoch 4 step 10450 avg_loss=15.355
[ 224.4s] epoch 4 step 10500 avg_loss=15.018
[ 225.3s] epoch 4 step 10550 avg_loss=14.806
[ 226.4s] epoch 4 step 10600 avg_loss=15.205
[ 227.4s] epoch 4 step 10650 avg_loss=14.966
[ 228.4s] epoch 4 step 10700 avg_loss=14.884
[ 229.3s] epoch 4 step 10750 avg_loss=14.911
[ 230.3s] epoch 4 step 10800 avg_loss=14.984
[ 231.2s] epoch 4 step 10850 avg_loss=14.975
[ 232.3s] epoch 4 step 10900 avg_loss=14.831
[ 233.5s] epoch 4 step 10950 avg_loss=15.040
[ 234.8s] epoch 4 step 11000 avg_loss=15.082
[ 236.0s] epoch 4 step 11050 avg_loss=15.197
[ 237.1s] epoch 4 step 11100 avg_loss=15.131
[ 238.1s] epoch 4 step 11150 avg_loss=15.171
[ 239.2s] epoch 4 step 11200 avg_loss=15.182
[ 240.2s] epoch 4 step 11250 avg_loss=15.279
[ 241.3s] epoch 4 step 11300 avg_loss=15.234
[ 242.2s] epoch 4 step 11350 avg_loss=15.178
[ 243.3s] epoch 4 step 11400 avg_loss=15.302
[ 244.5s] epoch 4 step 11450 avg_loss=15.349
[ 245.5s] epoch 4 step 11500 avg_loss=15.340
[ 246.5s] epoch 4 step 11550 avg_loss=15.255
[ 247.4s] epoch 4 step 11600 avg_loss=15.202
[ 248.3s] epoch 4 step 11650 avg_loss=15.157
[ 249.2s] epoch 4 step 11700 avg_loss=15.035
[ 250.1s] epoch 4 step 11750 avg_loss=15.098
[ 251.1s] epoch 4 step 11800 avg_loss=14.974
[ 252.2s] epoch 4 step 11850 avg_loss=14.927
[ 253.4s] epoch 4 step 11900 avg_loss=14.973
[ 254.7s] epoch 4 step 11950 avg_loss=14.998
[ 256.0s] epoch 4 step 12000 avg_loss=15.111
[ 257.1s] epoch 4 step 12050 avg_loss=15.172
[ 258.1s] epoch 4 step 12100 avg_loss=15.086
[ 259.1s] epoch 4 step 12150 avg_loss=15.074
[ 260.1s] epoch 4 step 12200 avg_loss=15.067
[ 261.0s] epoch 4 step 12250 avg_loss=15.033
[ 261.9s] epoch 4 step 12300 avg_loss=14.968
[ 262.9s] epoch 4 step 12350 avg_loss=14.985
[ 264.0s] epoch 4 step 12400 avg_loss=14.934
[ 265.1s] epoch 4 step 12450 avg_loss=14.894
[ 266.2s] epoch 4 step 12500 avg_loss=14.880
[ 267.2s] epoch 4 step 12550 avg_loss=14.901
[ 268.1s] epoch 4 step 12600 avg_loss=14.868
[ 269.2s] epoch 4 step 12650 avg_loss=14.864
[ 269.3s] === epoch 4 done: avg_loss=14.862 (n=2531 derivations) ===
[ 270.1s] epoch 5 step 12700 avg_loss=13.408
[ 271.0s] epoch 5 step 12750 avg_loss=11.950
[ 271.9s] epoch 5 step 12800 avg_loss=12.374
[ 272.9s] epoch 5 step 12850 avg_loss=12.902
[ 274.0s] epoch 5 step 12900 avg_loss=13.070
[ 274.9s] epoch 5 step 12950 avg_loss=13.045
[ 275.9s] epoch 5 step 13000 avg_loss=13.102
[ 276.8s] epoch 5 step 13050 avg_loss=12.901
[ 277.6s] epoch 5 step 13100 avg_loss=12.664
[ 278.6s] epoch 5 step 13150 avg_loss=12.636
[ 279.6s] epoch 5 step 13200 avg_loss=12.764
[ 280.7s] epoch 5 step 13250 avg_loss=12.866
[ 281.6s] epoch 5 step 13300 avg_loss=12.966
[ 282.5s] epoch 5 step 13350 avg_loss=12.896
[ 283.6s] epoch 5 step 13400 avg_loss=12.946
[ 284.7s] epoch 5 step 13450 avg_loss=13.002
[ 285.8s] epoch 5 step 13500 avg_loss=13.245
[ 286.8s] epoch 5 step 13550 avg_loss=13.250
[ 287.9s] epoch 5 step 13600 avg_loss=13.277
[ 289.0s] epoch 5 step 13650 avg_loss=13.503
[ 290.1s] epoch 5 step 13700 avg_loss=13.488
[ 291.1s] epoch 5 step 13750 avg_loss=13.557
[ 292.0s] epoch 5 step 13800 avg_loss=13.510
[ 292.9s] epoch 5 step 13850 avg_loss=13.438
[ 294.0s] epoch 5 step 13900 avg_loss=13.406
[ 295.2s] epoch 5 step 13950 avg_loss=13.392
[ 296.1s] epoch 5 step 14000 avg_loss=13.412
[ 297.0s] epoch 5 step 14050 avg_loss=13.381
[ 297.9s] epoch 5 step 14100 avg_loss=13.350
[ 298.8s] epoch 5 step 14150 avg_loss=13.376
[ 299.7s] epoch 5 step 14200 avg_loss=13.362
[ 300.7s] epoch 5 step 14250 avg_loss=13.315
[ 301.7s] epoch 5 step 14300 avg_loss=13.372
[ 302.7s] epoch 5 step 14350 avg_loss=13.380
[ 303.4s] epoch 5 step 14400 avg_loss=13.265
[ 304.6s] epoch 5 step 14450 avg_loss=13.224
[ 305.5s] epoch 5 step 14500 avg_loss=13.178
[ 306.4s] epoch 5 step 14550 avg_loss=13.148
[ 307.5s] epoch 5 step 14600 avg_loss=13.152
[ 308.7s] epoch 5 step 14650 avg_loss=13.187
[ 309.8s] epoch 5 step 14700 avg_loss=13.163
[ 310.7s] epoch 5 step 14750 avg_loss=13.154
[ 311.8s] epoch 5 step 14800 avg_loss=13.146
[ 312.9s] epoch 5 step 14850 avg_loss=13.162
[ 314.2s] epoch 5 step 14900 avg_loss=13.207
[ 315.2s] epoch 5 step 14950 avg_loss=13.250
[ 316.3s] epoch 5 step 15000 avg_loss=13.269
[ 317.2s] epoch 5 step 15050 avg_loss=13.272
[ 318.3s] epoch 5 step 15100 avg_loss=13.321
[ 319.3s] epoch 5 step 15150 avg_loss=13.297
[ 320.0s] === epoch 5 done: avg_loss=13.288 (n=2531 derivations) ===
[ 320.3s] epoch 6 step 15200 avg_loss=10.552
[ 321.5s] epoch 6 step 15250 avg_loss=13.353
[ 322.4s] epoch 6 step 15300 avg_loss=12.940
[ 323.7s] epoch 6 step 15350 avg_loss=12.396
[ 324.8s] epoch 6 step 15400 avg_loss=11.977
[ 326.0s] epoch 6 step 15450 avg_loss=12.395
[ 327.1s] epoch 6 step 15500 avg_loss=12.207
[ 328.4s] epoch 6 step 15550 avg_loss=12.529
[ 329.5s] epoch 6 step 15600 avg_loss=12.471
[ 330.5s] epoch 6 step 15650 avg_loss=12.392
[ 331.7s] epoch 6 step 15700 avg_loss=12.437
[ 332.8s] epoch 6 step 15750 avg_loss=12.662
[ 333.7s] epoch 6 step 15800 avg_loss=12.616
[ 335.1s] eval step=500 train_avg_loss=12.561 dev_rank1_f1=0.4721 dev_edge_p=0.4387 dev_edge_r=0.5109
[ 335.6s] epoch 6 step 15850 avg_loss=12.530
[ 336.5s] epoch 6 step 15900 avg_loss=12.605
[ 337.5s] epoch 6 step 15950 avg_loss=12.559
[ 338.5s] epoch 6 step 16000 avg_loss=12.493
[ 339.4s] epoch 6 step 16050 avg_loss=12.402
[ 340.4s] epoch 6 step 16100 avg_loss=12.410
[ 341.5s] epoch 6 step 16150 avg_loss=12.341
[ 342.5s] epoch 6 step 16200 avg_loss=12.382
[ 343.4s] epoch 6 step 16250 avg_loss=12.221
[ 344.4s] epoch 6 step 16300 avg_loss=12.139
[ 345.2s] epoch 6 step 16350 avg_loss=12.207
[ 346.1s] epoch 6 step 16400 avg_loss=12.132
[ 347.0s] epoch 6 step 16450 avg_loss=12.094
[ 348.1s] epoch 6 step 16500 avg_loss=12.204
[ 349.1s] epoch 6 step 16550 avg_loss=12.133
[ 349.9s] epoch 6 step 16600 avg_loss=12.031
[ 350.9s] epoch 6 step 16650 avg_loss=12.098
[ 351.9s] epoch 6 step 16700 avg_loss=12.080
[ 353.3s] epoch 6 step 16750 avg_loss=12.044
[ 354.5s] epoch 6 step 16800 avg_loss=11.990
[ 355.6s] epoch 6 step 16850 avg_loss=11.986
[ 356.8s] epoch 6 step 16900 avg_loss=12.051
[ 357.7s] epoch 6 step 16950 avg_loss=11.989
[ 358.5s] epoch 6 step 17000 avg_loss=11.934
[ 359.4s] epoch 6 step 17050 avg_loss=11.935
[ 360.3s] epoch 6 step 17100 avg_loss=11.908
[ 361.4s] epoch 6 step 17150 avg_loss=11.921
[ 362.5s] epoch 6 step 17200 avg_loss=11.908
[ 363.8s] epoch 6 step 17250 avg_loss=11.971
[ 365.0s] epoch 6 step 17300 avg_loss=11.989
[ 366.1s] epoch 6 step 17350 avg_loss=11.976
[ 367.1s] epoch 6 step 17400 avg_loss=12.000
[ 368.2s] epoch 6 step 17450 avg_loss=11.955
[ 369.3s] epoch 6 step 17500 avg_loss=11.962
[ 370.2s] epoch 6 step 17550 avg_loss=11.956
[ 371.3s] epoch 6 step 17600 avg_loss=12.018
[ 372.3s] epoch 6 step 17650 avg_loss=12.007
[ 373.3s] epoch 6 step 17700 avg_loss=11.982
[ 373.7s] === epoch 6 done: avg_loss=11.972 (n=2531 derivations) ===
[ 374.6s] epoch 7 step 17750 avg_loss=11.379
[ 375.7s] epoch 7 step 17800 avg_loss=11.443
[ 376.6s] epoch 7 step 17850 avg_loss=11.049
[ 377.7s] epoch 7 step 17900 avg_loss=10.893
[ 378.7s] epoch 7 step 17950 avg_loss=10.839
[ 379.7s] epoch 7 step 18000 avg_loss=10.640
[ 380.6s] epoch 7 step 18050 avg_loss=10.805
[ 381.5s] epoch 7 step 18100 avg_loss=10.752
[ 382.7s] epoch 7 step 18150 avg_loss=10.785
[ 383.7s] epoch 7 step 18200 avg_loss=10.710
[ 384.8s] epoch 7 step 18250 avg_loss=10.588
[ 386.1s] epoch 7 step 18300 avg_loss=10.712
[ 387.2s] epoch 7 step 18350 avg_loss=10.777
[ 388.4s] epoch 7 step 18400 avg_loss=10.814
[ 389.6s] epoch 7 step 18450 avg_loss=10.814
[ 390.8s] epoch 7 step 18500 avg_loss=10.777
[ 391.8s] epoch 7 step 18550 avg_loss=10.721
[ 392.8s] epoch 7 step 18600 avg_loss=10.698
[ 393.8s] epoch 7 step 18650 avg_loss=10.610
[ 394.9s] epoch 7 step 18700 avg_loss=10.529
[ 395.9s] epoch 7 step 18750 avg_loss=10.632
[ 397.0s] epoch 7 step 18800 avg_loss=10.705
[ 398.3s] epoch 7 step 18850 avg_loss=10.870
[ 399.3s] epoch 7 step 18900 avg_loss=10.902
[ 400.3s] epoch 7 step 18950 avg_loss=10.822
[ 401.6s] epoch 7 step 19000 avg_loss=10.842
[ 402.7s] epoch 7 step 19050 avg_loss=10.892
[ 403.8s] epoch 7 step 19100 avg_loss=10.940
[ 405.0s] epoch 7 step 19150 avg_loss=10.888
[ 406.2s] epoch 7 step 19200 avg_loss=10.955
[ 407.2s] epoch 7 step 19250 avg_loss=10.975
[ 408.1s] epoch 7 step 19300 avg_loss=10.959
[ 409.3s] epoch 7 step 19350 avg_loss=10.929
[ 410.3s] epoch 7 step 19400 avg_loss=10.903
[ 411.2s] epoch 7 step 19450 avg_loss=10.920
[ 412.4s] epoch 7 step 19500 avg_loss=10.949
[ 413.4s] epoch 7 step 19550 avg_loss=10.932
[ 414.5s] epoch 7 step 19600 avg_loss=10.943
[ 415.5s] epoch 7 step 19650 avg_loss=10.933
[ 416.4s] epoch 7 step 19700 avg_loss=10.916
[ 417.4s] epoch 7 step 19750 avg_loss=10.936
[ 418.3s] epoch 7 step 19800 avg_loss=10.885
[ 419.2s] epoch 7 step 19850 avg_loss=10.817
[ 420.2s] epoch 7 step 19900 avg_loss=10.829
[ 421.3s] epoch 7 step 19950 avg_loss=10.851
[ 422.1s] epoch 7 step 20000 avg_loss=10.828
[ 423.2s] epoch 7 step 20050 avg_loss=10.829
[ 424.2s] epoch 7 step 20100 avg_loss=10.835
[ 425.4s] epoch 7 step 20150 avg_loss=10.833
[ 426.6s] epoch 7 step 20200 avg_loss=10.804
[ 427.7s] === epoch 7 done: avg_loss=10.805 (n=2531 derivations) ===
[ 427.7s] epoch 8 step 20250 avg_loss=11.437
[ 428.9s] epoch 8 step 20300 avg_loss=12.611
[ 430.0s] epoch 8 step 20350 avg_loss=12.069
[ 431.2s] epoch 8 step 20400 avg_loss=12.008
[ 432.2s] epoch 8 step 20450 avg_loss=11.679
[ 433.1s] epoch 8 step 20500 avg_loss=11.346
[ 434.1s] epoch 8 step 20550 avg_loss=11.025
[ 435.0s] epoch 8 step 20600 avg_loss=10.672
[ 435.8s] epoch 8 step 20650 avg_loss=10.518
[ 436.8s] epoch 8 step 20700 avg_loss=10.462
[ 437.6s] epoch 8 step 20750 avg_loss=10.216
[ 438.5s] epoch 8 step 20800 avg_loss=10.141
[ 439.3s] epoch 8 step 20850 avg_loss=10.073
[ 440.3s] epoch 8 step 20900 avg_loss=10.168
[ 441.2s] epoch 8 step 20950 avg_loss=10.042
[ 442.2s] epoch 8 step 21000 avg_loss=10.034
[ 443.2s] epoch 8 step 21050 avg_loss=10.070
[ 444.4s] epoch 8 step 21100 avg_loss=10.039
[ 445.4s] epoch 8 step 21150 avg_loss=9.892
[ 446.6s] epoch 8 step 21200 avg_loss=9.909
[ 447.6s] epoch 8 step 21250 avg_loss=9.902
[ 448.5s] epoch 8 step 21300 avg_loss=9.819
[ 449.5s] epoch 8 step 21350 avg_loss=9.868
[ 450.5s] epoch 8 step 21400 avg_loss=9.903
[ 451.5s] epoch 8 step 21450 avg_loss=9.877
[ 452.5s] epoch 8 step 21500 avg_loss=9.820
[ 453.6s] epoch 8 step 21550 avg_loss=9.796
[ 454.7s] epoch 8 step 21600 avg_loss=9.825
[ 455.7s] epoch 8 step 21650 avg_loss=9.807
[ 456.7s] epoch 8 step 21700 avg_loss=9.776
[ 457.7s] epoch 8 step 21750 avg_loss=9.761
[ 458.7s] epoch 8 step 21800 avg_loss=9.781
[ 459.7s] epoch 8 step 21850 avg_loss=9.780
[ 460.6s] epoch 8 step 21900 avg_loss=9.723
[ 461.7s] epoch 8 step 21950 avg_loss=9.705
[ 462.7s] epoch 8 step 22000 avg_loss=9.717
[ 463.9s] epoch 8 step 22050 avg_loss=9.707
[ 465.0s] epoch 8 step 22100 avg_loss=9.766
[ 466.1s] epoch 8 step 22150 avg_loss=9.771
[ 467.1s] epoch 8 step 22200 avg_loss=9.819
[ 468.1s] epoch 8 step 22250 avg_loss=9.856
[ 469.2s] epoch 8 step 22300 avg_loss=9.869
[ 470.1s] epoch 8 step 22350 avg_loss=9.886
[ 471.0s] epoch 8 step 22400 avg_loss=9.861
[ 472.1s] epoch 8 step 22450 avg_loss=9.851
[ 473.1s] epoch 8 step 22500 avg_loss=9.838
[ 474.1s] epoch 8 step 22550 avg_loss=9.820
[ 475.2s] epoch 8 step 22600 avg_loss=9.809
[ 476.1s] epoch 8 step 22650 avg_loss=9.793
[ 477.1s] epoch 8 step 22700 avg_loss=9.759
[ 478.2s] epoch 8 step 22750 avg_loss=9.802
[ 478.8s] === epoch 8 done: avg_loss=9.808 (n=2531 derivations) ===
[ 479.2s] epoch 9 step 22800 avg_loss=10.569
[ 480.3s] epoch 9 step 22850 avg_loss=12.213
[ 481.3s] epoch 9 step 22900 avg_loss=10.699
[ 482.4s] epoch 9 step 22950 avg_loss=10.094
[ 483.6s] epoch 9 step 23000 avg_loss=10.073
[ 484.5s] epoch 9 step 23050 avg_loss=9.563
[ 485.6s] epoch 9 step 23100 avg_loss=9.804
[ 486.5s] epoch 9 step 23150 avg_loss=9.705
[ 487.4s] epoch 9 step 23200 avg_loss=9.732
[ 488.2s] epoch 9 step 23250 avg_loss=9.489
[ 489.1s] epoch 9 step 23300 avg_loss=9.438
[ 490.0s] epoch 9 step 23350 avg_loss=9.304
[ 491.1s] epoch 9 step 23400 avg_loss=9.300
[ 492.0s] epoch 9 step 23450 avg_loss=9.209
[ 493.1s] epoch 9 step 23500 avg_loss=9.162
[ 494.3s] epoch 9 step 23550 avg_loss=9.265
[ 495.3s] epoch 9 step 23600 avg_loss=9.160
[ 496.4s] epoch 9 step 23650 avg_loss=9.118
[ 497.5s] epoch 9 step 23700 avg_loss=9.138
[ 499.5s] eval step=750 train_avg_loss=9.082 dev_rank1_f1=0.5170 dev_edge_p=0.5051 dev_edge_r=0.5295
[ 499.7s] epoch 9 step 23750 avg_loss=9.051
[ 500.9s] epoch 9 step 23800 avg_loss=9.111
[ 501.9s] epoch 9 step 23850 avg_loss=9.058
[ 502.9s] epoch 9 step 23900 avg_loss=8.992
[ 504.0s] epoch 9 step 23950 avg_loss=8.985
[ 505.0s] epoch 9 step 24000 avg_loss=8.935
[ 506.0s] epoch 9 step 24050 avg_loss=8.998
[ 506.9s] epoch 9 step 24100 avg_loss=9.033
[ 508.1s] epoch 9 step 24150 avg_loss=9.126
[ 509.2s] epoch 9 step 24200 avg_loss=9.113
[ 510.2s] epoch 9 step 24250 avg_loss=9.103
[ 511.4s] epoch 9 step 24300 avg_loss=9.096
[ 512.3s] epoch 9 step 24350 avg_loss=9.102
[ 513.2s] epoch 9 step 24400 avg_loss=9.091
[ 514.1s] epoch 9 step 24450 avg_loss=9.107
[ 515.1s] epoch 9 step 24500 avg_loss=9.095
[ 516.1s] epoch 9 step 24550 avg_loss=9.133
[ 517.0s] epoch 9 step 24600 avg_loss=9.107
[ 518.1s] epoch 9 step 24650 avg_loss=9.123
[ 519.0s] epoch 9 step 24700 avg_loss=9.132
[ 520.0s] epoch 9 step 24750 avg_loss=9.113
[ 521.0s] epoch 9 step 24800 avg_loss=9.172
[ 522.0s] epoch 9 step 24850 avg_loss=9.202
[ 522.9s] epoch 9 step 24900 avg_loss=9.140
[ 523.8s] epoch 9 step 24950 avg_loss=9.131
[ 524.6s] epoch 9 step 25000 avg_loss=9.074
[ 525.5s] epoch 9 step 25050 avg_loss=9.074
[ 526.5s] epoch 9 step 25100 avg_loss=9.088
[ 527.5s] epoch 9 step 25150 avg_loss=9.116
[ 528.5s] epoch 9 step 25200 avg_loss=9.100
[ 529.4s] epoch 9 step 25250 avg_loss=9.082
[ 530.3s] epoch 9 step 25300 avg_loss=9.080
[ 530.4s] === epoch 9 done: avg_loss=9.066 (n=2531 derivations) ===
[ 531.4s] epoch 10 step 25350 avg_loss=8.739
[ 532.2s] epoch 10 step 25400 avg_loss=7.923
[ 533.1s] epoch 10 step 25450 avg_loss=7.301
[ 534.2s] epoch 10 step 25500 avg_loss=7.678
[ 535.1s] epoch 10 step 25550 avg_loss=7.591
[ 536.1s] epoch 10 step 25600 avg_loss=7.743
[ 536.9s] epoch 10 step 25650 avg_loss=7.833
[ 537.9s] epoch 10 step 25700 avg_loss=7.678
[ 539.0s] epoch 10 step 25750 avg_loss=7.814
[ 540.1s] epoch 10 step 25800 avg_loss=7.923
[ 541.3s] epoch 10 step 25850 avg_loss=8.121
[ 542.4s] epoch 10 step 25900 avg_loss=8.198
[ 543.6s] epoch 10 step 25950 avg_loss=8.118
[ 544.8s] epoch 10 step 26000 avg_loss=8.123
[ 545.9s] epoch 10 step 26050 avg_loss=8.118
[ 546.9s] epoch 10 step 26100 avg_loss=7.990
[ 548.1s] epoch 10 step 26150 avg_loss=8.025
[ 549.2s] epoch 10 step 26200 avg_loss=8.075
[ 550.2s] epoch 10 step 26250 avg_loss=8.047
[ 551.3s] epoch 10 step 26300 avg_loss=8.059
[ 552.3s] epoch 10 step 26350 avg_loss=8.104
[ 553.4s] epoch 10 step 26400 avg_loss=8.082
[ 554.5s] epoch 10 step 26450 avg_loss=8.112
[ 555.4s] epoch 10 step 26500 avg_loss=8.155
[ 556.5s] epoch 10 step 26550 avg_loss=8.204
[ 557.5s] epoch 10 step 26600 avg_loss=8.205
[ 558.4s] epoch 10 step 26650 avg_loss=8.127
[ 559.5s] epoch 10 step 26700 avg_loss=8.219
[ 560.4s] epoch 10 step 26750 avg_loss=8.160
[ 561.3s] epoch 10 step 26800 avg_loss=8.175
[ 562.2s] epoch 10 step 26850 avg_loss=8.148
[ 563.3s] epoch 10 step 26900 avg_loss=8.188
[ 564.5s] epoch 10 step 26950 avg_loss=8.183
[ 565.5s] epoch 10 step 27000 avg_loss=8.171
[ 566.5s] epoch 10 step 27050 avg_loss=8.213
[ 567.3s] epoch 10 step 27100 avg_loss=8.175
[ 568.2s] epoch 10 step 27150 avg_loss=8.153
[ 569.2s] epoch 10 step 27200 avg_loss=8.154
[ 570.3s] epoch 10 step 27250 avg_loss=8.161
[ 571.4s] epoch 10 step 27300 avg_loss=8.152
[ 572.5s] epoch 10 step 27350 avg_loss=8.162
[ 573.7s] epoch 10 step 27400 avg_loss=8.158
[ 575.0s] epoch 10 step 27450 avg_loss=8.163
[ 576.2s] epoch 10 step 27500 avg_loss=8.217
[ 577.2s] epoch 10 step 27550 avg_loss=8.224
[ 578.2s] epoch 10 step 27600 avg_loss=8.240
[ 579.0s] epoch 10 step 27650 avg_loss=8.243
[ 580.1s] epoch 10 step 27700 avg_loss=8.261
[ 581.2s] epoch 10 step 27750 avg_loss=8.291
[ 582.2s] epoch 10 step 27800 avg_loss=8.282
[ 583.0s] === epoch 10 done: avg_loss=8.286 (n=2531 derivations) ===
[ 583.2s] epoch 11 step 27850 avg_loss=7.712
[ 584.1s] epoch 11 step 27900 avg_loss=7.660
[ 585.1s] epoch 11 step 27950 avg_loss=8.956
[ 586.1s] epoch 11 step 28000 avg_loss=8.521
[ 587.1s] epoch 11 step 28050 avg_loss=8.178
[ 588.2s] epoch 11 step 28100 avg_loss=8.239
[ 589.2s] epoch 11 step 28150 avg_loss=8.010
[ 590.2s] epoch 11 step 28200 avg_loss=7.835
[ 591.3s] epoch 11 step 28250 avg_loss=7.605
[ 592.2s] epoch 11 step 28300 avg_loss=7.596
[ 593.1s] epoch 11 step 28350 avg_loss=7.497
[ 594.1s] epoch 11 step 28400 avg_loss=7.664
[ 595.0s] epoch 11 step 28450 avg_loss=7.592
[ 595.8s] epoch 11 step 28500 avg_loss=7.538
[ 596.8s] epoch 11 step 28550 avg_loss=7.550
[ 597.7s] epoch 11 step 28600 avg_loss=7.567
[ 598.7s] epoch 11 step 28650 avg_loss=7.650
[ 599.6s] epoch 11 step 28700 avg_loss=7.723
[ 600.7s] epoch 11 step 28750 avg_loss=7.718
[ 601.6s] epoch 11 step 28800 avg_loss=7.679
[ 602.4s] epoch 11 step 28850 avg_loss=7.670
[ 603.3s] epoch 11 step 28900 avg_loss=7.614
[ 604.3s] epoch 11 step 28950 avg_loss=7.652
[ 605.4s] epoch 11 step 29000 avg_loss=7.598
[ 606.4s] epoch 11 step 29050 avg_loss=7.570
[ 607.5s] epoch 11 step 29100 avg_loss=7.574
[ 608.6s] epoch 11 step 29150 avg_loss=7.524
[ 609.7s] epoch 11 step 29200 avg_loss=7.506
[ 610.9s] epoch 11 step 29250 avg_loss=7.518
[ 611.9s] epoch 11 step 29300 avg_loss=7.529
[ 613.0s] epoch 11 step 29350 avg_loss=7.538
[ 614.2s] epoch 11 step 29400 avg_loss=7.519
[ 615.3s] epoch 11 step 29450 avg_loss=7.537
[ 616.3s] epoch 11 step 29500 avg_loss=7.505
[ 617.4s] epoch 11 step 29550 avg_loss=7.548
[ 618.7s] epoch 11 step 29600 avg_loss=7.660
[ 620.0s] epoch 11 step 29650 avg_loss=7.722
[ 621.0s] epoch 11 step 29700 avg_loss=7.712
[ 621.9s] epoch 11 step 29750 avg_loss=7.714
[ 622.9s] epoch 11 step 29800 avg_loss=7.702
[ 624.1s] epoch 11 step 29850 avg_loss=7.695
[ 625.2s] epoch 11 step 29900 avg_loss=7.698
[ 626.2s] epoch 11 step 29950 avg_loss=7.677
[ 627.3s] epoch 11 step 30000 avg_loss=7.691
[ 628.2s] epoch 11 step 30050 avg_loss=7.682
[ 629.1s] epoch 11 step 30100 avg_loss=7.666
[ 630.0s] epoch 11 step 30150 avg_loss=7.696
[ 630.9s] epoch 11 step 30200 avg_loss=7.665
[ 631.9s] epoch 11 step 30250 avg_loss=7.667
[ 632.7s] epoch 11 step 30300 avg_loss=7.671
[ 633.7s] epoch 11 step 30350 avg_loss=7.686
[ 634.2s] === epoch 11 done: avg_loss=7.678 (n=2531 derivations) ===
[ 634.8s] epoch 12 step 30400 avg_loss=6.710
[ 635.8s] epoch 12 step 30450 avg_loss=8.249
[ 636.7s] epoch 12 step 30500 avg_loss=7.579
[ 637.8s] epoch 12 step 30550 avg_loss=7.357
[ 638.9s] epoch 12 step 30600 avg_loss=7.385
[ 640.0s] epoch 12 step 30650 avg_loss=7.438
[ 641.0s] epoch 12 step 30700 avg_loss=7.481
[ 641.9s] epoch 12 step 30750 avg_loss=7.465
[ 642.8s] epoch 12 step 30800 avg_loss=7.480
[ 643.7s] epoch 12 step 30850 avg_loss=7.251
[ 644.6s] epoch 12 step 30900 avg_loss=7.064
[ 645.6s] epoch 12 step 30950 avg_loss=7.054
[ 646.4s] epoch 12 step 31000 avg_loss=7.037
[ 647.4s] epoch 12 step 31050 avg_loss=6.915
[ 648.2s] epoch 12 step 31100 avg_loss=6.899
[ 649.1s] epoch 12 step 31150 avg_loss=6.861
[ 650.0s] epoch 12 step 31200 avg_loss=6.994
[ 650.9s] epoch 12 step 31250 avg_loss=6.972
[ 651.8s] epoch 12 step 31300 avg_loss=6.910
[ 652.7s] epoch 12 step 31350 avg_loss=6.916
[ 653.7s] epoch 12 step 31400 avg_loss=6.887
[ 654.6s] epoch 12 step 31450 avg_loss=6.850
[ 655.6s] epoch 12 step 31500 avg_loss=6.809
[ 656.6s] epoch 12 step 31550 avg_loss=6.877
[ 657.6s] epoch 12 step 31600 avg_loss=6.946
[ 658.4s] epoch 12 step 31650 avg_loss=6.918
[ 659.2s] eval step=1000 train_avg_loss=6.915 dev_rank1_f1=0.5022 dev_edge_p=0.4934 dev_edge_r=0.5113
[ 660.1s] epoch 12 step 31700 avg_loss=6.892
[ 661.1s] epoch 12 step 31750 avg_loss=6.963
[ 662.0s] epoch 12 step 31800 avg_loss=7.003
[ 663.0s] epoch 12 step 31850 avg_loss=7.080
[ 663.9s] epoch 12 step 31900 avg_loss=7.055
[ 664.8s] epoch 12 step 31950 avg_loss=7.065
[ 665.7s] epoch 12 step 32000 avg_loss=7.075
[ 666.7s] epoch 12 step 32050 avg_loss=7.082
[ 667.7s] epoch 12 step 32100 avg_loss=7.076
[ 668.7s] epoch 12 step 32150 avg_loss=7.074
[ 669.7s] epoch 12 step 32200 avg_loss=7.073
[ 670.7s] epoch 12 step 32250 avg_loss=7.087
[ 671.7s] epoch 12 step 32300 avg_loss=7.131
[ 672.6s] epoch 12 step 32350 avg_loss=7.099
[ 673.6s] epoch 12 step 32400 avg_loss=7.092
[ 674.7s] epoch 12 step 32450 avg_loss=7.102
[ 675.8s] epoch 12 step 32500 avg_loss=7.132
[ 676.8s] epoch 12 step 32550 avg_loss=7.204
[ 677.9s] epoch 12 step 32600 avg_loss=7.213
[ 678.8s] epoch 12 step 32650 avg_loss=7.185
[ 679.9s] epoch 12 step 32700 avg_loss=7.175
[ 681.0s] epoch 12 step 32750 avg_loss=7.181
[ 682.0s] epoch 12 step 32800 avg_loss=7.170
[ 683.0s] epoch 12 step 32850 avg_loss=7.166
[ 684.1s] epoch 12 step 32900 avg_loss=7.188
[ 684.2s] === epoch 12 done: avg_loss=7.190 (n=2531 derivations) ===
[ 685.3s] epoch 13 step 32950 avg_loss=5.882
[ 686.3s] epoch 13 step 33000 avg_loss=6.023
[ 687.1s] epoch 13 step 33050 avg_loss=6.055
[ 688.0s] epoch 13 step 33100 avg_loss=6.145
[ 689.2s] epoch 13 step 33150 avg_loss=6.247
[ 690.4s] epoch 13 step 33200 avg_loss=6.729
[ 691.4s] epoch 13 step 33250 avg_loss=6.592
[ 692.4s] epoch 13 step 33300 avg_loss=6.601
[ 693.5s] epoch 13 step 33350 avg_loss=6.723
[ 694.8s] epoch 13 step 33400 avg_loss=6.644
[ 695.9s] epoch 13 step 33450 avg_loss=6.762
[ 697.3s] epoch 13 step 33500 avg_loss=6.807
[ 698.6s] epoch 13 step 33550 avg_loss=6.902
[ 699.6s] epoch 13 step 33600 avg_loss=6.832
[ 700.6s] epoch 13 step 33650 avg_loss=6.884
[ 701.7s] epoch 13 step 33700 avg_loss=6.849
[ 702.6s] epoch 13 step 33750 avg_loss=6.801
[ 703.6s] epoch 13 step 33800 avg_loss=6.826
[ 704.4s] epoch 13 step 33850 avg_loss=6.726
[ 705.6s] epoch 13 step 33900 avg_loss=6.713
[ 706.6s] epoch 13 step 33950 avg_loss=6.740
[ 707.6s] epoch 13 step 34000 avg_loss=6.730
[ 708.6s] epoch 13 step 34050 avg_loss=6.741
[ 709.7s] epoch 13 step 34100 avg_loss=6.799
[ 710.6s] epoch 13 step 34150 avg_loss=6.770
[ 711.4s] epoch 13 step 34200 avg_loss=6.756
[ 712.3s] epoch 13 step 34250 avg_loss=6.753
[ 713.1s] epoch 13 step 34300 avg_loss=6.706
[ 714.1s] epoch 13 step 34350 avg_loss=6.743
[ 715.2s] epoch 13 step 34400 avg_loss=6.712
[ 716.3s] epoch 13 step 34450 avg_loss=6.717
[ 717.2s] epoch 13 step 34500 avg_loss=6.718
[ 718.2s] epoch 13 step 34550 avg_loss=6.749
[ 719.1s] epoch 13 step 34600 avg_loss=6.754
[ 719.9s] epoch 13 step 34650 avg_loss=6.744
[ 720.7s] epoch 13 step 34700 avg_loss=6.744
[ 721.5s] epoch 13 step 34750 avg_loss=6.733
[ 722.3s] epoch 13 step 34800 avg_loss=6.709
[ 723.2s] epoch 13 step 34850 avg_loss=6.704
[ 724.2s] epoch 13 step 34900 avg_loss=6.707
[ 725.1s] epoch 13 step 34950 avg_loss=6.738
[ 726.1s] epoch 13 step 35000 avg_loss=6.747
[ 727.1s] epoch 13 step 35050 avg_loss=6.702
[ 728.1s] epoch 13 step 35100 avg_loss=6.685
[ 729.4s] epoch 13 step 35150 avg_loss=6.707
[ 730.4s] epoch 13 step 35200 avg_loss=6.680
[ 731.6s] epoch 13 step 35250 avg_loss=6.699
[ 732.7s] epoch 13 step 35300 avg_loss=6.725
[ 733.8s] epoch 13 step 35350 avg_loss=6.728
[ 735.0s] epoch 13 step 35400 avg_loss=6.733
[ 735.6s] === epoch 13 done: avg_loss=6.718 (n=2531 derivations) ===
[ 736.0s] epoch 14 step 35450 avg_loss=5.643
[ 737.0s] epoch 14 step 35500 avg_loss=6.048
[ 738.1s] epoch 14 step 35550 avg_loss=6.191
[ 739.3s] epoch 14 step 35600 avg_loss=6.377
[ 740.4s] epoch 14 step 35650 avg_loss=6.105
[ 741.5s] epoch 14 step 35700 avg_loss=6.124
[ 742.6s] epoch 14 step 35750 avg_loss=6.145
[ 743.8s] epoch 14 step 35800 avg_loss=6.156
[ 744.9s] epoch 14 step 35850 avg_loss=6.159
[ 746.1s] epoch 14 step 35900 avg_loss=6.104
[ 747.2s] epoch 14 step 35950 avg_loss=6.007
[ 748.2s] epoch 14 step 36000 avg_loss=6.015
[ 749.3s] epoch 14 step 36050 avg_loss=5.979
[ 750.3s] epoch 14 step 36100 avg_loss=5.950
[ 751.4s] epoch 14 step 36150 avg_loss=5.943
[ 752.3s] epoch 14 step 36200 avg_loss=5.944
[ 753.2s] epoch 14 step 36250 avg_loss=5.929
[ 754.2s] epoch 14 step 36300 avg_loss=5.932
[ 755.1s] epoch 14 step 36350 avg_loss=5.926
[ 756.2s] epoch 14 step 36400 avg_loss=5.998
[ 757.2s] epoch 14 step 36450 avg_loss=5.966
[ 758.1s] epoch 14 step 36500 avg_loss=5.993
[ 759.0s] epoch 14 step 36550 avg_loss=5.975
[ 760.2s] epoch 14 step 36600 avg_loss=6.083
[ 761.3s] epoch 14 step 36650 avg_loss=6.035
[ 762.2s] epoch 14 step 36700 avg_loss=6.101
[ 763.2s] epoch 14 step 36750 avg_loss=6.146
[ 764.2s] epoch 14 step 36800 avg_loss=6.183
[ 765.0s] epoch 14 step 36850 avg_loss=6.197
[ 765.9s] epoch 14 step 36900 avg_loss=6.187
[ 766.8s] epoch 14 step 36950 avg_loss=6.188
[ 767.7s] epoch 14 step 37000 avg_loss=6.211
[ 768.6s] epoch 14 step 37050 avg_loss=6.261
[ 769.6s] epoch 14 step 37100 avg_loss=6.272
[ 770.5s] epoch 14 step 37150 avg_loss=6.272
[ 771.4s] epoch 14 step 37200 avg_loss=6.263
[ 772.4s] epoch 14 step 37250 avg_loss=6.279
[ 773.3s] epoch 14 step 37300 avg_loss=6.317
[ 774.4s] epoch 14 step 37350 avg_loss=6.306
[ 775.3s] epoch 14 step 37400 avg_loss=6.295
[ 776.3s] epoch 14 step 37450 avg_loss=6.304
[ 777.4s] epoch 14 step 37500 avg_loss=6.293
[ 778.5s] epoch 14 step 37550 avg_loss=6.289
[ 779.6s] epoch 14 step 37600 avg_loss=6.276
[ 780.6s] epoch 14 step 37650 avg_loss=6.297
[ 781.6s] epoch 14 step 37700 avg_loss=6.326
[ 782.7s] epoch 14 step 37750 avg_loss=6.323
[ 783.5s] epoch 14 step 37800 avg_loss=6.298
[ 784.5s] epoch 14 step 37850 avg_loss=6.312
[ 785.7s] epoch 14 step 37900 avg_loss=6.323
[ 786.7s] epoch 14 step 37950 avg_loss=6.315
[ 787.0s] === epoch 14 done: avg_loss=6.315 (n=2531 derivations) ===
[ 787.7s] epoch 15 step 38000 avg_loss=6.809
[ 789.1s] epoch 15 step 38050 avg_loss=5.734
[ 790.1s] epoch 15 step 38100 avg_loss=5.782
[ 791.1s] epoch 15 step 38150 avg_loss=5.674
[ 792.0s] epoch 15 step 38200 avg_loss=5.539
[ 793.2s] epoch 15 step 38250 avg_loss=5.556
[ 794.4s] epoch 15 step 38300 avg_loss=5.712
[ 795.2s] epoch 15 step 38350 avg_loss=5.543
[ 796.2s] epoch 15 step 38400 avg_loss=5.572
[ 797.2s] epoch 15 step 38450 avg_loss=5.669
[ 798.2s] epoch 15 step 38500 avg_loss=5.715
[ 799.1s] epoch 15 step 38550 avg_loss=5.629
[ 800.0s] epoch 15 step 38600 avg_loss=5.595
[ 800.9s] epoch 15 step 38650 avg_loss=5.611
[ 802.0s] epoch 15 step 38700 avg_loss=5.569
[ 803.0s] epoch 15 step 38750 avg_loss=5.571
[ 804.0s] epoch 15 step 38800 avg_loss=5.571
[ 805.2s] epoch 15 step 38850 avg_loss=5.583
[ 805.9s] epoch 15 step 38900 avg_loss=5.547
[ 807.0s] epoch 15 step 38950 avg_loss=5.666
[ 807.9s] epoch 15 step 39000 avg_loss=5.699
[ 809.0s] epoch 15 step 39050 avg_loss=5.705
[ 810.0s] epoch 15 step 39100 avg_loss=5.773
[ 811.1s] epoch 15 step 39150 avg_loss=5.832
[ 812.0s] epoch 15 step 39200 avg_loss=5.842
[ 813.1s] epoch 15 step 39250 avg_loss=5.846
[ 814.1s] epoch 15 step 39300 avg_loss=5.870
[ 815.2s] epoch 15 step 39350 avg_loss=5.871
[ 816.3s] epoch 15 step 39400 avg_loss=5.908
[ 817.3s] epoch 15 step 39450 avg_loss=5.897
[ 818.4s] epoch 15 step 39500 avg_loss=5.936
[ 819.5s] epoch 15 step 39550 avg_loss=5.935
[ 820.6s] eval step=1250 train_avg_loss=5.936 dev_rank1_f1=0.5150 dev_edge_p=0.5160 dev_edge_r=0.5139
[ 821.4s] epoch 15 step 39600 avg_loss=5.952
[ 822.4s] epoch 15 step 39650 avg_loss=5.931
[ 823.3s] epoch 15 step 39700 avg_loss=5.942
[ 824.4s] epoch 15 step 39750 avg_loss=5.944
[ 825.5s] epoch 15 step 39800 avg_loss=5.967
[ 826.3s] epoch 15 step 39850 avg_loss=5.950
[ 827.4s] epoch 15 step 39900 avg_loss=5.991
[ 828.3s] epoch 15 step 39950 avg_loss=5.975
[ 829.3s] epoch 15 step 40000 avg_loss=5.985
[ 830.2s] epoch 15 step 40050 avg_loss=5.987
[ 831.1s] epoch 15 step 40100 avg_loss=5.997
[ 832.0s] epoch 15 step 40150 avg_loss=6.001
[ 832.8s] epoch 15 step 40200 avg_loss=5.991
[ 833.9s] epoch 15 step 40250 avg_loss=6.000
[ 835.0s] epoch 15 step 40300 avg_loss=6.015
[ 835.8s] epoch 15 step 40350 avg_loss=5.991
[ 836.8s] epoch 15 step 40400 avg_loss=5.981
[ 837.9s] epoch 15 step 40450 avg_loss=5.982
[ 838.7s] === epoch 15 done: avg_loss=5.970 (n=2531 derivations) ===
[ 838.8s] epoch 16 step 40500 avg_loss=2.556
[ 839.9s] epoch 16 step 40550 avg_loss=5.206
[ 841.0s] epoch 16 step 40600 avg_loss=5.438
[ 841.9s] epoch 16 step 40650 avg_loss=5.131
[ 843.2s] epoch 16 step 40700 avg_loss=5.063
[ 844.3s] epoch 16 step 40750 avg_loss=5.067
[ 845.3s] epoch 16 step 40800 avg_loss=5.058
[ 846.3s] epoch 16 step 40850 avg_loss=5.180
[ 847.2s] epoch 16 step 40900 avg_loss=5.193
[ 848.1s] epoch 16 step 40950 avg_loss=5.202
[ 849.1s] epoch 16 step 41000 avg_loss=5.144
[ 850.0s] epoch 16 step 41050 avg_loss=5.281
[ 850.8s] epoch 16 step 41100 avg_loss=5.216
[ 851.6s] epoch 16 step 41150 avg_loss=5.172
[ 852.6s] epoch 16 step 41200 avg_loss=5.221
[ 853.6s] epoch 16 step 41250 avg_loss=5.299
[ 854.6s] epoch 16 step 41300 avg_loss=5.303
[ 855.4s] epoch 16 step 41350 avg_loss=5.282
[ 856.5s] epoch 16 step 41400 avg_loss=5.324
[ 857.4s] epoch 16 step 41450 avg_loss=5.361
[ 858.4s] epoch 16 step 41500 avg_loss=5.370
[ 859.3s] epoch 16 step 41550 avg_loss=5.374
[ 860.1s] epoch 16 step 41600 avg_loss=5.425
[ 861.0s] epoch 16 step 41650 avg_loss=5.438
[ 861.9s] epoch 16 step 41700 avg_loss=5.448
[ 862.9s] epoch 16 step 41750 avg_loss=5.456
[ 863.9s] epoch 16 step 41800 avg_loss=5.430
[ 864.9s] epoch 16 step 41850 avg_loss=5.471
[ 866.0s] epoch 16 step 41900 avg_loss=5.519
[ 866.9s] epoch 16 step 41950 avg_loss=5.544
[ 867.8s] epoch 16 step 42000 avg_loss=5.520
[ 868.7s] epoch 16 step 42050 avg_loss=5.583
[ 869.6s] epoch 16 step 42100 avg_loss=5.576
[ 870.6s] epoch 16 step 42150 avg_loss=5.564
[ 871.4s] epoch 16 step 42200 avg_loss=5.597
[ 872.2s] epoch 16 step 42250 avg_loss=5.587
[ 873.1s] epoch 16 step 42300 avg_loss=5.618
[ 873.9s] epoch 16 step 42350 avg_loss=5.600
[ 874.8s] epoch 16 step 42400 avg_loss=5.611
[ 875.8s] epoch 16 step 42450 avg_loss=5.632
[ 876.7s] epoch 16 step 42500 avg_loss=5.651
[ 877.7s] epoch 16 step 42550 avg_loss=5.660
[ 878.7s] epoch 16 step 42600 avg_loss=5.661
[ 879.6s] epoch 16 step 42650 avg_loss=5.660
[ 880.7s] epoch 16 step 42700 avg_loss=5.668
[ 881.6s] epoch 16 step 42750 avg_loss=5.677
[ 882.6s] epoch 16 step 42800 avg_loss=5.666
[ 883.7s] epoch 16 step 42850 avg_loss=5.717
[ 884.9s] epoch 16 step 42900 avg_loss=5.738
[ 885.7s] epoch 16 step 42950 avg_loss=5.720
[ 886.5s] epoch 16 step 43000 avg_loss=5.714
[ 887.1s] === epoch 16 done: avg_loss=5.727 (n=2531 derivations) ===
[ 887.4s] epoch 17 step 43050 avg_loss=4.741
[ 888.3s] epoch 17 step 43100 avg_loss=4.867
[ 889.2s] epoch 17 step 43150 avg_loss=4.916
[ 890.2s] epoch 17 step 43200 avg_loss=4.643
[ 891.2s] epoch 17 step 43250 avg_loss=4.723
[ 892.3s] epoch 17 step 43300 avg_loss=4.854
[ 893.3s] epoch 17 step 43350 avg_loss=4.816
[ 894.5s] epoch 17 step 43400 avg_loss=4.838
[ 895.6s] epoch 17 step 43450 avg_loss=4.916
[ 896.6s] epoch 17 step 43500 avg_loss=4.978
[ 897.5s] epoch 17 step 43550 avg_loss=4.830
[ 898.5s] epoch 17 step 43600 avg_loss=4.888
[ 899.4s] epoch 17 step 43650 avg_loss=4.958
[ 900.4s] epoch 17 step 43700 avg_loss=4.968
[ 901.4s] epoch 17 step 43750 avg_loss=5.011
[ 902.5s] epoch 17 step 43800 avg_loss=5.054
[ 903.5s] epoch 17 step 43850 avg_loss=5.046
[ 904.8s] epoch 17 step 43900 avg_loss=5.072
[ 905.7s] epoch 17 step 43950 avg_loss=5.091
[ 906.8s] epoch 17 step 44000 avg_loss=5.119
[ 907.7s] epoch 17 step 44050 avg_loss=5.075
[ 908.7s] epoch 17 step 44100 avg_loss=5.101
[ 909.6s] epoch 17 step 44150 avg_loss=5.123
[ 910.5s] epoch 17 step 44200 avg_loss=5.149
[ 911.4s] epoch 17 step 44250 avg_loss=5.156
[ 912.3s] epoch 17 step 44300 avg_loss=5.141
[ 913.2s] epoch 17 step 44350 avg_loss=5.183
[ 914.3s] epoch 17 step 44400 avg_loss=5.197
[ 915.2s] epoch 17 step 44450 avg_loss=5.197
[ 916.2s] epoch 17 step 44500 avg_loss=5.207
[ 917.2s] epoch 17 step 44550 avg_loss=5.239
[ 918.2s] epoch 17 step 44600 avg_loss=5.249
[ 919.1s] epoch 17 step 44650 avg_loss=5.282
[ 920.0s] epoch 17 step 44700 avg_loss=5.343
[ 920.9s] epoch 17 step 44750 avg_loss=5.338
[ 921.8s] epoch 17 step 44800 avg_loss=5.322
[ 922.7s] epoch 17 step 44850 avg_loss=5.335
[ 923.8s] epoch 17 step 44900 avg_loss=5.374
[ 925.0s] epoch 17 step 44950 avg_loss=5.400
[ 925.8s] epoch 17 step 45000 avg_loss=5.381
[ 926.6s] epoch 17 step 45050 avg_loss=5.390
[ 927.6s] epoch 17 step 45100 avg_loss=5.393
[ 928.5s] epoch 17 step 45150 avg_loss=5.402
[ 929.4s] epoch 17 step 45200 avg_loss=5.405
[ 930.5s] epoch 17 step 45250 avg_loss=5.399
[ 931.4s] epoch 17 step 45300 avg_loss=5.415
[ 932.5s] epoch 17 step 45350 avg_loss=5.428
[ 933.6s] epoch 17 step 45400 avg_loss=5.440
[ 934.6s] epoch 17 step 45450 avg_loss=5.412
[ 935.5s] epoch 17 step 45500 avg_loss=5.393
[ 936.6s] epoch 17 step 45550 avg_loss=5.410
[ 936.8s] === epoch 17 done: avg_loss=5.408 (n=2531 derivations) ===
[ 937.7s] epoch 18 step 45600 avg_loss=4.391
[ 938.8s] epoch 18 step 45650 avg_loss=4.892
[ 939.7s] epoch 18 step 45700 avg_loss=4.940
[ 940.6s] epoch 18 step 45750 avg_loss=4.532
[ 941.5s] epoch 18 step 45800 avg_loss=4.420
[ 942.4s] epoch 18 step 45850 avg_loss=4.607
[ 943.3s] epoch 18 step 45900 avg_loss=4.604
[ 944.4s] epoch 18 step 45950 avg_loss=4.917
[ 945.4s] epoch 18 step 46000 avg_loss=4.829
[ 946.4s] epoch 18 step 46050 avg_loss=4.839
[ 947.5s] epoch 18 step 46100 avg_loss=4.798
[ 948.5s] epoch 18 step 46150 avg_loss=4.825
[ 949.5s] epoch 18 step 46200 avg_loss=4.805
[ 950.4s] epoch 18 step 46250 avg_loss=4.771
[ 951.3s] epoch 18 step 46300 avg_loss=4.771
[ 952.3s] epoch 18 step 46350 avg_loss=4.917
[ 953.3s] epoch 18 step 46400 avg_loss=4.937
[ 954.4s] epoch 18 step 46450 avg_loss=4.934
[ 955.4s] epoch 18 step 46500 avg_loss=4.955
[ 956.3s] epoch 18 step 46550 avg_loss=4.968
[ 957.3s] epoch 18 step 46600 avg_loss=5.025
[ 958.1s] epoch 18 step 46650 avg_loss=5.052
[ 959.0s] epoch 18 step 46700 avg_loss=5.025
[ 960.1s] epoch 18 step 46750 avg_loss=5.066
[ 961.0s] epoch 18 step 46800 avg_loss=5.054
[ 962.1s] epoch 18 step 46850 avg_loss=5.105
[ 963.2s] epoch 18 step 46900 avg_loss=5.128
[ 964.3s] epoch 18 step 46950 avg_loss=5.146
[ 965.3s] epoch 18 step 47000 avg_loss=5.169
[ 966.3s] epoch 18 step 47050 avg_loss=5.190
[ 967.3s] epoch 18 step 47100 avg_loss=5.188
[ 968.5s] epoch 18 step 47150 avg_loss=5.152
[ 969.4s] epoch 18 step 47200 avg_loss=5.166
[ 970.6s] epoch 18 step 47250 avg_loss=5.162
[ 971.6s] epoch 18 step 47300 avg_loss=5.159
[ 972.5s] epoch 18 step 47350 avg_loss=5.131
[ 973.7s] epoch 18 step 47400 avg_loss=5.135
[ 974.7s] epoch 18 step 47450 avg_loss=5.146
[ 976.1s] eval step=1500 train_avg_loss=5.148 dev_rank1_f1=0.5060 dev_edge_p=0.5090 dev_edge_r=0.5030
[ 976.7s] epoch 18 step 47500 avg_loss=5.144
[ 977.7s] epoch 18 step 47550 avg_loss=5.138
[ 978.7s] epoch 18 step 47600 avg_loss=5.126
[ 979.6s] epoch 18 step 47650 avg_loss=5.135
[ 980.5s] epoch 18 step 47700 avg_loss=5.140
[ 981.4s] epoch 18 step 47750 avg_loss=5.151
[ 982.2s] epoch 18 step 47800 avg_loss=5.108
[ 983.2s] epoch 18 step 47850 avg_loss=5.108
[ 984.2s] epoch 18 step 47900 avg_loss=5.135
[ 985.2s] epoch 18 step 47950 avg_loss=5.140
[ 986.2s] epoch 18 step 48000 avg_loss=5.139
[ 987.1s] epoch 18 step 48050 avg_loss=5.154
[ 987.8s] === epoch 18 done: avg_loss=5.149 (n=2531 derivations) ===
[ 987.9s] epoch 19 step 48100 avg_loss=3.029
[ 988.9s] epoch 19 step 48150 avg_loss=5.477
[ 989.8s] epoch 19 step 48200 avg_loss=5.050
[ 990.8s] epoch 19 step 48250 avg_loss=4.971
[ 991.7s] epoch 19 step 48300 avg_loss=5.058
[ 992.5s] epoch 19 step 48350 avg_loss=4.844
[ 993.5s] epoch 19 step 48400 avg_loss=4.795
[ 994.5s] epoch 19 step 48450 avg_loss=4.883
[ 995.5s] epoch 19 step 48500 avg_loss=4.977
[ 996.5s] epoch 19 step 48550 avg_loss=4.944
[ 997.4s] epoch 19 step 48600 avg_loss=4.837
[ 998.4s] epoch 19 step 48650 avg_loss=4.810
[ 999.4s] epoch 19 step 48700 avg_loss=4.772
[1000.4s] epoch 19 step 48750 avg_loss=4.715
[1001.3s] epoch 19 step 48800 avg_loss=4.711
[1002.3s] epoch 19 step 48850 avg_loss=4.742
[1003.4s] epoch 19 step 48900 avg_loss=4.745
[1004.8s] epoch 19 step 48950 avg_loss=4.770
[1005.9s] epoch 19 step 49000 avg_loss=4.722
[1006.9s] epoch 19 step 49050 avg_loss=4.688
[1007.8s] epoch 19 step 49100 avg_loss=4.674
[1008.8s] epoch 19 step 49150 avg_loss=4.697
[1009.6s] epoch 19 step 49200 avg_loss=4.712
[1010.6s] epoch 19 step 49250 avg_loss=4.753
[1011.5s] epoch 19 step 49300 avg_loss=4.764
[1012.5s] epoch 19 step 49350 avg_loss=4.737
[1013.6s] epoch 19 step 49400 avg_loss=4.780
[1014.7s] epoch 19 step 49450 avg_loss=4.766
[1015.6s] epoch 19 step 49500 avg_loss=4.760
[1016.6s] epoch 19 step 49550 avg_loss=4.771
[1017.4s] epoch 19 step 49600 avg_loss=4.776
[1018.5s] epoch 19 step 49650 avg_loss=4.809
[1019.3s] epoch 19 step 49700 avg_loss=4.809
[1020.3s] epoch 19 step 49750 avg_loss=4.840
[1021.5s] epoch 19 step 49800 avg_loss=4.846
[1022.4s] epoch 19 step 49850 avg_loss=4.838
[1023.2s] epoch 19 step 49900 avg_loss=4.820
[1024.3s] epoch 19 step 49950 avg_loss=4.830
[1025.5s] epoch 19 step 50000 avg_loss=4.856
[1026.4s] epoch 19 step 50050 avg_loss=4.848
[1027.3s] epoch 19 step 50100 avg_loss=4.843
[1028.1s] epoch 19 step 50150 avg_loss=4.823
[1029.1s] epoch 19 step 50200 avg_loss=4.846
[1030.1s] epoch 19 step 50250 avg_loss=4.862
[1031.1s] epoch 19 step 50300 avg_loss=4.862
[1032.0s] epoch 19 step 50350 avg_loss=4.883
[1032.9s] epoch 19 step 50400 avg_loss=4.895
[1033.8s] epoch 19 step 50450 avg_loss=4.911
[1034.8s] epoch 19 step 50500 avg_loss=4.919
[1035.9s] epoch 19 step 50550 avg_loss=4.951
[1036.9s] epoch 19 step 50600 avg_loss=4.936
[1037.3s] === epoch 19 done: avg_loss=4.941 (n=2531 derivations) ===
[1038.1s] epoch 20 step 50650 avg_loss=4.497
[1038.9s] epoch 20 step 50700 avg_loss=4.254
[1039.7s] epoch 20 step 50750 avg_loss=4.184
[1040.6s] epoch 20 step 50800 avg_loss=3.897
[1041.5s] epoch 20 step 50850 avg_loss=3.951
[1042.5s] epoch 20 step 50900 avg_loss=3.972
[1043.6s] epoch 20 step 50950 avg_loss=4.214
[1044.6s] epoch 20 step 51000 avg_loss=4.220
[1045.5s] epoch 20 step 51050 avg_loss=4.147
[1046.4s] epoch 20 step 51100 avg_loss=4.183
[1047.3s] epoch 20 step 51150 avg_loss=4.153
[1048.3s] epoch 20 step 51200 avg_loss=4.203
[1049.3s] epoch 20 step 51250 avg_loss=4.236
[1050.3s] epoch 20 step 51300 avg_loss=4.316
[1051.5s] epoch 20 step 51350 avg_loss=4.312
[1052.8s] epoch 20 step 51400 avg_loss=4.320
[1054.0s] epoch 20 step 51450 avg_loss=4.387
[1055.1s] epoch 20 step 51500 avg_loss=4.446
[1056.2s] epoch 20 step 51550 avg_loss=4.445
[1057.4s] epoch 20 step 51600 avg_loss=4.550
[1058.2s] epoch 20 step 51650 avg_loss=4.514
[1059.4s] epoch 20 step 51700 avg_loss=4.490
[1060.3s] epoch 20 step 51750 avg_loss=4.516
[1061.4s] epoch 20 step 51800 avg_loss=4.493
[1062.6s] epoch 20 step 51850 avg_loss=4.531
[1063.6s] epoch 20 step 51900 avg_loss=4.546
[1064.6s] epoch 20 step 51950 avg_loss=4.548
[1065.6s] epoch 20 step 52000 avg_loss=4.563
[1066.5s] epoch 20 step 52050 avg_loss=4.583
[1067.6s] epoch 20 step 52100 avg_loss=4.605
[1068.4s] epoch 20 step 52150 avg_loss=4.589
[1069.3s] epoch 20 step 52200 avg_loss=4.594
[1070.3s] epoch 20 step 52250 avg_loss=4.656
[1071.2s] epoch 20 step 52300 avg_loss=4.628
[1072.3s] epoch 20 step 52350 avg_loss=4.640
[1073.4s] epoch 20 step 52400 avg_loss=4.675
[1074.4s] epoch 20 step 52450 avg_loss=4.682
[1075.5s] epoch 20 step 52500 avg_loss=4.706
[1076.5s] epoch 20 step 52550 avg_loss=4.719
[1077.5s] epoch 20 step 52600 avg_loss=4.751
[1078.6s] epoch 20 step 52650 avg_loss=4.760
[1079.7s] epoch 20 step 52700 avg_loss=4.747
[1080.7s] epoch 20 step 52750 avg_loss=4.771
[1081.8s] epoch 20 step 52800 avg_loss=4.783
[1082.7s] epoch 20 step 52850 avg_loss=4.791
[1083.6s] epoch 20 step 52900 avg_loss=4.793
[1084.5s] epoch 20 step 52950 avg_loss=4.792
[1085.4s] epoch 20 step 53000 avg_loss=4.777
[1086.3s] epoch 20 step 53050 avg_loss=4.772
[1087.2s] epoch 20 step 53100 avg_loss=4.769
[1088.2s] epoch 20 step 53150 avg_loss=4.768
[1088.2s] === epoch 20 done: avg_loss=4.766 (n=2531 derivations) ===
[1089.3s] epoch 21 step 53200 avg_loss=4.154
[1090.1s] epoch 21 step 53250 avg_loss=3.934
[1091.2s] epoch 21 step 53300 avg_loss=4.003
[1092.1s] epoch 21 step 53350 avg_loss=3.842
[1093.1s] epoch 21 step 53400 avg_loss=3.869
[1094.2s] epoch 21 step 53450 avg_loss=3.770
[1095.3s] epoch 21 step 53500 avg_loss=3.885
[1096.2s] epoch 21 step 53550 avg_loss=4.016
[1097.3s] epoch 21 step 53600 avg_loss=4.097
[1098.3s] epoch 21 step 53650 avg_loss=4.056
[1099.3s] epoch 21 step 53700 avg_loss=4.114
[1100.1s] epoch 21 step 53750 avg_loss=4.165
[1101.4s] epoch 21 step 53800 avg_loss=4.216
[1102.5s] epoch 21 step 53850 avg_loss=4.301
[1103.6s] epoch 21 step 53900 avg_loss=4.317
[1104.8s] epoch 21 step 53950 avg_loss=4.372
[1105.8s] epoch 21 step 54000 avg_loss=4.440
[1106.8s] epoch 21 step 54050 avg_loss=4.497
[1107.7s] epoch 21 step 54100 avg_loss=4.481
[1108.7s] epoch 21 step 54150 avg_loss=4.477
[1109.6s] epoch 21 step 54200 avg_loss=4.502
[1110.6s] epoch 21 step 54250 avg_loss=4.516
[1111.5s] epoch 21 step 54300 avg_loss=4.493
[1112.4s] epoch 21 step 54350 avg_loss=4.468
[1113.6s] epoch 21 step 54400 avg_loss=4.459
[1114.7s] epoch 21 step 54450 avg_loss=4.476
[1115.7s] epoch 21 step 54500 avg_loss=4.485
[1116.8s] epoch 21 step 54550 avg_loss=4.504
[1118.0s] epoch 21 step 54600 avg_loss=4.525
[1118.9s] epoch 21 step 54650 avg_loss=4.509
[1120.0s] epoch 21 step 54700 avg_loss=4.519
[1121.1s] epoch 21 step 54750 avg_loss=4.531
[1122.1s] epoch 21 step 54800 avg_loss=4.539
[1123.1s] epoch 21 step 54850 avg_loss=4.542
[1124.0s] epoch 21 step 54900 avg_loss=4.532
[1125.0s] epoch 21 step 54950 avg_loss=4.503
[1126.1s] epoch 21 step 55000 avg_loss=4.501
[1127.2s] epoch 21 step 55050 avg_loss=4.493
[1128.1s] epoch 21 step 55100 avg_loss=4.502
[1129.3s] epoch 21 step 55150 avg_loss=4.521
[1130.3s] epoch 21 step 55200 avg_loss=4.527
[1131.3s] epoch 21 step 55250 avg_loss=4.531
[1132.2s] epoch 21 step 55300 avg_loss=4.537
[1133.4s] epoch 21 step 55350 avg_loss=4.549
[1135.3s] eval step=1750 train_avg_loss=4.547 dev_rank1_f1=0.5141 dev_edge_p=0.5101 dev_edge_r=0.5182
[1135.4s] epoch 21 step 55400 avg_loss=4.541
[1136.5s] epoch 21 step 55450 avg_loss=4.565
[1137.5s] epoch 21 step 55500 avg_loss=4.566
[1138.4s] epoch 21 step 55550 avg_loss=4.564
[1139.4s] epoch 21 step 55600 avg_loss=4.577
[1140.4s] epoch 21 step 55650 avg_loss=4.578
[1141.0s] === epoch 21 done: avg_loss=4.576 (n=2531 derivations) ===
[1141.5s] epoch 22 step 55700 avg_loss=4.835
[1142.7s] epoch 22 step 55750 avg_loss=4.605
[1143.8s] epoch 22 step 55800 avg_loss=4.722
[1144.9s] epoch 22 step 55850 avg_loss=4.474
[1146.0s] epoch 22 step 55900 avg_loss=4.278
[1147.1s] epoch 22 step 55950 avg_loss=4.266
[1148.2s] epoch 22 step 56000 avg_loss=4.293
[1149.3s] epoch 22 step 56050 avg_loss=4.306
[1150.4s] epoch 22 step 56100 avg_loss=4.256
[1151.5s] epoch 22 step 56150 avg_loss=4.202
[1152.8s] epoch 22 step 56200 avg_loss=4.192
[1153.9s] epoch 22 step 56250 avg_loss=4.185
[1155.3s] epoch 22 step 56300 avg_loss=4.134
[1156.4s] epoch 22 step 56350 avg_loss=4.136
[1157.6s] epoch 22 step 56400 avg_loss=4.092
[1158.6s] epoch 22 step 56450 avg_loss=4.114
[1159.6s] epoch 22 step 56500 avg_loss=4.150
[1160.9s] epoch 22 step 56550 avg_loss=4.214
[1161.8s] epoch 22 step 56600 avg_loss=4.229
[1162.9s] epoch 22 step 56650 avg_loss=4.231
[1164.0s] epoch 22 step 56700 avg_loss=4.205
[1165.3s] epoch 22 step 56750 avg_loss=4.271
[1166.3s] epoch 22 step 56800 avg_loss=4.263
[1167.3s] epoch 22 step 56850 avg_loss=4.253
[1168.4s] epoch 22 step 56900 avg_loss=4.243
[1169.3s] epoch 22 step 56950 avg_loss=4.279
[1170.3s] epoch 22 step 57000 avg_loss=4.287
[1171.2s] epoch 22 step 57050 avg_loss=4.263
[1172.1s] epoch 22 step 57100 avg_loss=4.249
[1173.1s] epoch 22 step 57150 avg_loss=4.277
[1174.2s] epoch 22 step 57200 avg_loss=4.310
[1175.1s] epoch 22 step 57250 avg_loss=4.314
[1176.1s] epoch 22 step 57300 avg_loss=4.358
[1177.0s] epoch 22 step 57350 avg_loss=4.369
[1177.9s] epoch 22 step 57400 avg_loss=4.368
[1178.9s] epoch 22 step 57450 avg_loss=4.368
[1180.1s] epoch 22 step 57500 avg_loss=4.369
[1181.1s] epoch 22 step 57550 avg_loss=4.382
[1182.0s] epoch 22 step 57600 avg_loss=4.386
[1183.0s] epoch 22 step 57650 avg_loss=4.407
[1184.2s] epoch 22 step 57700 avg_loss=4.399
[1185.6s] epoch 22 step 57750 avg_loss=4.408
[1186.6s] epoch 22 step 57800 avg_loss=4.419
[1187.6s] epoch 22 step 57850 avg_loss=4.413
[1188.7s] epoch 22 step 57900 avg_loss=4.405
[1189.7s] epoch 22 step 57950 avg_loss=4.418
[1190.8s] epoch 22 step 58000 avg_loss=4.397
[1192.0s] epoch 22 step 58050 avg_loss=4.415
[1193.1s] epoch 22 step 58100 avg_loss=4.408
[1194.5s] epoch 22 step 58150 avg_loss=4.417
[1195.5s] epoch 22 step 58200 avg_loss=4.428
[1195.8s] === epoch 22 done: avg_loss=4.429 (n=2531 derivations) ===
[1196.6s] epoch 23 step 58250 avg_loss=3.931
[1197.6s] epoch 23 step 58300 avg_loss=3.650
[1198.6s] epoch 23 step 58350 avg_loss=3.311
[1199.4s] epoch 23 step 58400 avg_loss=3.371
[1200.4s] epoch 23 step 58450 avg_loss=3.592
[1201.4s] epoch 23 step 58500 avg_loss=3.746
[1202.4s] epoch 23 step 58550 avg_loss=3.838
[1203.3s] epoch 23 step 58600 avg_loss=3.822
[1204.3s] epoch 23 step 58650 avg_loss=3.844
[1205.3s] epoch 23 step 58700 avg_loss=3.939
[1206.4s] epoch 23 step 58750 avg_loss=3.905
[1207.4s] epoch 23 step 58800 avg_loss=3.957
[1208.5s] epoch 23 step 58850 avg_loss=4.049
[1209.5s] epoch 23 step 58900 avg_loss=3.993
[1210.5s] epoch 23 step 58950 avg_loss=4.108
[1211.4s] epoch 23 step 59000 avg_loss=4.122
[1212.4s] epoch 23 step 59050 avg_loss=4.107
[1213.3s] epoch 23 step 59100 avg_loss=4.096
[1214.4s] epoch 23 step 59150 avg_loss=4.076
[1215.6s] epoch 23 step 59200 avg_loss=4.103
[1216.7s] epoch 23 step 59250 avg_loss=4.090
[1217.7s] epoch 23 step 59300 avg_loss=4.083
[1218.6s] epoch 23 step 59350 avg_loss=4.088
[1219.7s] epoch 23 step 59400 avg_loss=4.124
[1220.7s] epoch 23 step 59450 avg_loss=4.150
[1221.6s] epoch 23 step 59500 avg_loss=4.178
[1222.6s] epoch 23 step 59550 avg_loss=4.176
[1223.4s] epoch 23 step 59600 avg_loss=4.183
[1224.4s] epoch 23 step 59650 avg_loss=4.168
[1225.5s] epoch 23 step 59700 avg_loss=4.160
[1226.5s] epoch 23 step 59750 avg_loss=4.156
[1227.6s] epoch 23 step 59800 avg_loss=4.168
[1228.5s] epoch 23 step 59850 avg_loss=4.203
[1229.6s] epoch 23 step 59900 avg_loss=4.237
[1230.7s] epoch 23 step 59950 avg_loss=4.227
[1231.6s] epoch 23 step 60000 avg_loss=4.211
[1232.6s] epoch 23 step 60050 avg_loss=4.233
[1233.5s] epoch 23 step 60100 avg_loss=4.233
[1234.6s] epoch 23 step 60150 avg_loss=4.266
[1235.4s] epoch 23 step 60200 avg_loss=4.278
[1236.6s] epoch 23 step 60250 avg_loss=4.261
[1237.6s] epoch 23 step 60300 avg_loss=4.278
[1238.6s] epoch 23 step 60350 avg_loss=4.292
[1239.8s] epoch 23 step 60400 avg_loss=4.303
[1240.8s] epoch 23 step 60450 avg_loss=4.319
[1241.8s] epoch 23 step 60500 avg_loss=4.323
[1242.8s] epoch 23 step 60550 avg_loss=4.329
[1243.9s] epoch 23 step 60600 avg_loss=4.341
[1244.8s] epoch 23 step 60650 avg_loss=4.335
[1245.7s] epoch 23 step 60700 avg_loss=4.333
[1246.5s] === epoch 23 done: avg_loss=4.311 (n=2531 derivations) ===
[1246.6s] epoch 24 step 60750 avg_loss=2.690
[1247.7s] epoch 24 step 60800 avg_loss=4.816
[1248.7s] epoch 24 step 60850 avg_loss=4.181
[1249.6s] epoch 24 step 60900 avg_loss=4.352
[1250.4s] epoch 24 step 60950 avg_loss=3.965
[1251.5s] epoch 24 step 61000 avg_loss=3.843
[1252.5s] epoch 24 step 61050 avg_loss=3.906
[1253.3s] epoch 24 step 61100 avg_loss=3.756
[1254.3s] epoch 24 step 61150 avg_loss=3.750
[1255.3s] epoch 24 step 61200 avg_loss=3.792
[1256.2s] epoch 24 step 61250 avg_loss=3.819
[1257.0s] epoch 24 step 61300 avg_loss=3.815
[1257.9s] epoch 24 step 61350 avg_loss=3.804
[1258.8s] epoch 24 step 61400 avg_loss=3.800
[1259.6s] epoch 24 step 61450 avg_loss=3.802
[1260.7s] epoch 24 step 61500 avg_loss=3.824
[1261.6s] epoch 24 step 61550 avg_loss=3.841
[1262.5s] epoch 24 step 61600 avg_loss=3.815
[1263.5s] epoch 24 step 61650 avg_loss=3.883
[1264.6s] epoch 24 step 61700 avg_loss=3.897
[1265.5s] epoch 24 step 61750 avg_loss=3.904
[1266.6s] epoch 24 step 61800 avg_loss=3.881
[1267.4s] epoch 24 step 61850 avg_loss=3.879
[1268.5s] epoch 24 step 61900 avg_loss=3.916
[1269.5s] epoch 24 step 61950 avg_loss=3.911
[1270.6s] epoch 24 step 62000 avg_loss=3.959
[1271.6s] epoch 24 step 62050 avg_loss=3.991
[1272.7s] epoch 24 step 62100 avg_loss=4.039
[1273.7s] epoch 24 step 62150 avg_loss=4.056
[1274.7s] epoch 24 step 62200 avg_loss=4.043
[1275.8s] epoch 24 step 62250 avg_loss=4.051
[1276.7s] epoch 24 step 62300 avg_loss=4.052
[1277.8s] epoch 24 step 62350 avg_loss=4.048
[1278.7s] epoch 24 step 62400 avg_loss=4.090
[1279.6s] epoch 24 step 62450 avg_loss=4.078
[1280.5s] epoch 24 step 62500 avg_loss=4.086
[1281.4s] epoch 24 step 62550 avg_loss=4.059
[1282.3s] epoch 24 step 62600 avg_loss=4.055
[1283.5s] epoch 24 step 62650 avg_loss=4.074
[1284.5s] epoch 24 step 62700 avg_loss=4.065
[1285.6s] epoch 24 step 62750 avg_loss=4.075
[1286.6s] epoch 24 step 62800 avg_loss=4.103
[1287.6s] epoch 24 step 62850 avg_loss=4.096
[1288.5s] epoch 24 step 62900 avg_loss=4.085
[1289.4s] epoch 24 step 62950 avg_loss=4.082
[1290.6s] epoch 24 step 63000 avg_loss=4.097
[1291.7s] epoch 24 step 63050 avg_loss=4.126
[1292.6s] epoch 24 step 63100 avg_loss=4.146
[1293.4s] epoch 24 step 63150 avg_loss=4.159
[1294.5s] epoch 24 step 63200 avg_loss=4.155
[1295.5s] epoch 24 step 63250 avg_loss=4.169
[1296.8s] eval step=2000 train_avg_loss=4.163 dev_rank1_f1=0.5070 dev_edge_p=0.5167 dev_edge_r=0.4976
[1296.8s] === epoch 24 done: avg_loss=4.163 (n=2531 derivations) ===
[1297.3s] epoch 25 step 63300 avg_loss=3.492
[1298.4s] epoch 25 step 63350 avg_loss=4.197
[1299.5s] epoch 25 step 63400 avg_loss=3.998
[1300.3s] epoch 25 step 63450 avg_loss=3.788
[1301.3s] epoch 25 step 63500 avg_loss=3.746
[1302.4s] epoch 25 step 63550 avg_loss=3.959
[1303.4s] epoch 25 step 63600 avg_loss=3.979
[1304.3s] epoch 25 step 63650 avg_loss=3.845
[1305.3s] epoch 25 step 63700 avg_loss=3.747
[1306.3s] epoch 25 step 63750 avg_loss=3.755
[1307.1s] epoch 25 step 63800 avg_loss=3.746
[1308.0s] epoch 25 step 63850 avg_loss=3.762
[1309.1s] epoch 25 step 63900 avg_loss=3.760
[1310.2s] epoch 25 step 63950 avg_loss=3.789
[1311.4s] epoch 25 step 64000 avg_loss=3.861
[1312.4s] epoch 25 step 64050 avg_loss=3.858
[1313.4s] epoch 25 step 64100 avg_loss=3.893
[1314.4s] epoch 25 step 64150 avg_loss=3.885
[1315.4s] epoch 25 step 64200 avg_loss=3.909
[1316.4s] epoch 25 step 64250 avg_loss=3.887
[1317.3s] epoch 25 step 64300 avg_loss=3.872
[1318.3s] epoch 25 step 64350 avg_loss=3.917
[1319.2s] epoch 25 step 64400 avg_loss=3.935
[1320.3s] epoch 25 step 64450 avg_loss=3.922
[1321.3s] epoch 25 step 64500 avg_loss=3.925
[1322.3s] epoch 25 step 64550 avg_loss=3.890
[1323.4s] epoch 25 step 64600 avg_loss=3.903
[1324.6s] epoch 25 step 64650 avg_loss=3.910
[1325.7s] epoch 25 step 64700 avg_loss=3.928
[1326.6s] epoch 25 step 64750 avg_loss=3.940
[1327.5s] epoch 25 step 64800 avg_loss=3.936
[1328.5s] epoch 25 step 64850 avg_loss=3.919
[1329.5s] epoch 25 step 64900 avg_loss=3.921
[1330.4s] epoch 25 step 64950 avg_loss=3.928
[1331.5s] epoch 25 step 65000 avg_loss=3.934
[1332.5s] epoch 25 step 65050 avg_loss=3.925
[1333.4s] epoch 25 step 65100 avg_loss=3.961
[1334.3s] epoch 25 step 65150 avg_loss=3.973
[1335.2s] epoch 25 step 65200 avg_loss=3.976
[1336.1s] epoch 25 step 65250 avg_loss=3.972
[1337.1s] epoch 25 step 65300 avg_loss=3.996
[1338.2s] epoch 25 step 65350 avg_loss=4.019
[1339.2s] epoch 25 step 65400 avg_loss=4.024
[1340.0s] epoch 25 step 65450 avg_loss=4.017
[1341.1s] epoch 25 step 65500 avg_loss=4.008
[1342.1s] epoch 25 step 65550 avg_loss=4.028
[1343.2s] epoch 25 step 65600 avg_loss=4.042
[1344.4s] epoch 25 step 65650 avg_loss=4.033
[1345.5s] epoch 25 step 65700 avg_loss=4.046
[1346.4s] epoch 25 step 65750 avg_loss=4.053
[1347.2s] epoch 25 step 65800 avg_loss=4.044
[1347.3s] === epoch 25 done: avg_loss=4.044 (n=2531 derivations) ===
[1348.1s] epoch 26 step 65850 avg_loss=3.568
[1349.2s] epoch 26 step 65900 avg_loss=3.925
[1350.1s] epoch 26 step 65950 avg_loss=3.639
[1351.2s] epoch 26 step 66000 avg_loss=3.524
[1352.2s] epoch 26 step 66050 avg_loss=3.403
[1353.6s] epoch 26 step 66100 avg_loss=3.531
[1354.6s] epoch 26 step 66150 avg_loss=3.478
[1355.6s] epoch 26 step 66200 avg_loss=3.664
[1356.7s] epoch 26 step 66250 avg_loss=3.637
[1357.8s] epoch 26 step 66300 avg_loss=3.692
[1358.9s] epoch 26 step 66350 avg_loss=3.684
[1360.1s] epoch 26 step 66400 avg_loss=3.702
[1361.1s] epoch 26 step 66450 avg_loss=3.722
[1362.1s] epoch 26 step 66500 avg_loss=3.718
[1363.1s] epoch 26 step 66550 avg_loss=3.784
[1364.0s] epoch 26 step 66600 avg_loss=3.792
[1365.0s] epoch 26 step 66650 avg_loss=3.806
[1366.0s] epoch 26 step 66700 avg_loss=3.746
[1366.9s] epoch 26 step 66750 avg_loss=3.752
[1367.8s] epoch 26 step 66800 avg_loss=3.749
[1368.8s] epoch 26 step 66850 avg_loss=3.739
[1369.7s] epoch 26 step 66900 avg_loss=3.731
[1370.7s] epoch 26 step 66950 avg_loss=3.738
[1371.7s] epoch 26 step 67000 avg_loss=3.731
[1372.6s] epoch 26 step 67050 avg_loss=3.708
[1373.6s] epoch 26 step 67100 avg_loss=3.742
[1374.6s] epoch 26 step 67150 avg_loss=3.735
[1375.5s] epoch 26 step 67200 avg_loss=3.735
[1376.5s] epoch 26 step 67250 avg_loss=3.767
[1377.4s] epoch 26 step 67300 avg_loss=3.795
[1378.4s] epoch 26 step 67350 avg_loss=3.786
[1379.3s] epoch 26 step 67400 avg_loss=3.809
[1380.2s] epoch 26 step 67450 avg_loss=3.805
[1381.1s] epoch 26 step 67500 avg_loss=3.812
[1382.0s] epoch 26 step 67550 avg_loss=3.812
[1382.8s] epoch 26 step 67600 avg_loss=3.837
[1383.7s] epoch 26 step 67650 avg_loss=3.842
[1384.8s] epoch 26 step 67700 avg_loss=3.861
[1385.7s] epoch 26 step 67750 avg_loss=3.864
[1386.6s] epoch 26 step 67800 avg_loss=3.878
[1387.6s] epoch 26 step 67850 avg_loss=3.895
[1388.7s] epoch 26 step 67900 avg_loss=3.906
[1389.6s] epoch 26 step 67950 avg_loss=3.900
[1390.7s] epoch 26 step 68000 avg_loss=3.914
[1391.6s] epoch 26 step 68050 avg_loss=3.925
[1392.5s] epoch 26 step 68100 avg_loss=3.928
[1393.5s] epoch 26 step 68150 avg_loss=3.938
[1394.5s] epoch 26 step 68200 avg_loss=3.933
[1395.5s] epoch 26 step 68250 avg_loss=3.927
[1396.6s] epoch 26 step 68300 avg_loss=3.957
[1397.5s] === epoch 26 done: avg_loss=3.954 (n=2531 derivations) ===
[1397.8s] epoch 27 step 68350 avg_loss=3.105
[1399.0s] epoch 27 step 68400 avg_loss=4.483
[1399.9s] epoch 27 step 68450 avg_loss=3.883
[1400.9s] epoch 27 step 68500 avg_loss=3.576
[1402.1s] epoch 27 step 68550 avg_loss=3.745
[1403.3s] epoch 27 step 68600 avg_loss=3.830
[1404.3s] epoch 27 step 68650 avg_loss=3.828
[1405.5s] epoch 27 step 68700 avg_loss=3.778
[1406.6s] epoch 27 step 68750 avg_loss=3.809
[1407.9s] epoch 27 step 68800 avg_loss=3.859
[1409.1s] epoch 27 step 68850 avg_loss=3.813
[1410.4s] epoch 27 step 68900 avg_loss=3.790
[1411.6s] epoch 27 step 68950 avg_loss=3.773
[1412.6s] epoch 27 step 69000 avg_loss=3.727
[1413.7s] epoch 27 step 69050 avg_loss=3.708
[1415.1s] epoch 27 step 69100 avg_loss=3.786
[1416.1s] epoch 27 step 69150 avg_loss=3.731
[1417.2s] epoch 27 step 69200 avg_loss=3.719
[1418.3s] epoch 27 step 69250 avg_loss=3.726
[1419.3s] epoch 27 step 69300 avg_loss=3.737
[1420.4s] epoch 27 step 69350 avg_loss=3.727
[1421.5s] epoch 27 step 69400 avg_loss=3.729
[1422.6s] epoch 27 step 69450 avg_loss=3.737
[1423.6s] epoch 27 step 69500 avg_loss=3.711
[1424.7s] epoch 27 step 69550 avg_loss=3.712
[1425.8s] epoch 27 step 69600 avg_loss=3.719
[1426.9s] epoch 27 step 69650 avg_loss=3.720
[1427.8s] epoch 27 step 69700 avg_loss=3.701
[1428.8s] epoch 27 step 69750 avg_loss=3.689
[1429.8s] epoch 27 step 69800 avg_loss=3.720
[1430.9s] epoch 27 step 69850 avg_loss=3.715
[1431.9s] epoch 27 step 69900 avg_loss=3.712
[1433.0s] epoch 27 step 69950 avg_loss=3.723
[1434.2s] epoch 27 step 70000 avg_loss=3.729
[1435.5s] epoch 27 step 70050 avg_loss=3.755
[1436.5s] epoch 27 step 70100 avg_loss=3.769
[1437.6s] epoch 27 step 70150 avg_loss=3.785
[1438.4s] epoch 27 step 70200 avg_loss=3.781
[1439.6s] epoch 27 step 70250 avg_loss=3.800
[1440.7s] epoch 27 step 70300 avg_loss=3.825
[1441.8s] epoch 27 step 70350 avg_loss=3.841
[1442.8s] epoch 27 step 70400 avg_loss=3.857
[1443.9s] epoch 27 step 70450 avg_loss=3.871
[1445.0s] epoch 27 step 70500 avg_loss=3.869
[1446.0s] epoch 27 step 70550 avg_loss=3.860
[1447.1s] epoch 27 step 70600 avg_loss=3.879
[1448.1s] epoch 27 step 70650 avg_loss=3.874
[1449.3s] epoch 27 step 70700 avg_loss=3.864
[1450.2s] epoch 27 step 70750 avg_loss=3.882
[1451.4s] epoch 27 step 70800 avg_loss=3.875
[1452.3s] epoch 27 step 70850 avg_loss=3.878
[1452.8s] === epoch 27 done: avg_loss=3.883 (n=2531 derivations) ===
[1453.6s] epoch 28 step 70900 avg_loss=3.947
[1454.8s] epoch 28 step 70950 avg_loss=3.733
[1455.9s] epoch 28 step 71000 avg_loss=3.696
[1456.9s] epoch 28 step 71050 avg_loss=3.506
[1458.0s] epoch 28 step 71100 avg_loss=3.460
[1459.1s] epoch 28 step 71150 avg_loss=3.408
[1461.1s] eval step=2250 train_avg_loss=3.452 dev_rank1_f1=0.4922 dev_edge_p=0.4826 dev_edge_r=0.5021
[1461.4s] epoch 28 step 71200 avg_loss=3.478
[1462.5s] epoch 28 step 71250 avg_loss=3.486
[1463.7s] epoch 28 step 71300 avg_loss=3.396
[1464.8s] epoch 28 step 71350 avg_loss=3.393
[1465.9s] epoch 28 step 71400 avg_loss=3.358
[1466.9s] epoch 28 step 71450 avg_loss=3.331
[1468.0s] epoch 28 step 71500 avg_loss=3.454
[1469.1s] epoch 28 step 71550 avg_loss=3.431
[1470.3s] epoch 28 step 71600 avg_loss=3.465
[1471.7s] epoch 28 step 71650 avg_loss=3.499
[1472.6s] epoch 28 step 71700 avg_loss=3.487
[1473.8s] epoch 28 step 71750 avg_loss=3.499
[1475.1s] epoch 28 step 71800 avg_loss=3.528
[1476.3s] epoch 28 step 71850 avg_loss=3.537
[1477.4s] epoch 28 step 71900 avg_loss=3.548
[1479.1s] epoch 28 step 71950 avg_loss=3.568
[1480.1s] epoch 28 step 72000 avg_loss=3.548
[1481.3s] epoch 28 step 72050 avg_loss=3.567
[1482.4s] epoch 28 step 72100 avg_loss=3.570
[1483.6s] epoch 28 step 72150 avg_loss=3.577
[1484.7s] epoch 28 step 72200 avg_loss=3.617
[1485.8s] epoch 28 step 72250 avg_loss=3.609
[1487.0s] epoch 28 step 72300 avg_loss=3.594
[1488.2s] epoch 28 step 72350 avg_loss=3.603
[1489.2s] epoch 28 step 72400 avg_loss=3.606
[1490.4s] epoch 28 step 72450 avg_loss=3.612
[1491.4s] epoch 28 step 72500 avg_loss=3.615
[1492.6s] epoch 28 step 72550 avg_loss=3.611
[1493.6s] epoch 28 step 72600 avg_loss=3.609
[1495.1s] epoch 28 step 72650 avg_loss=3.614
[1496.2s] epoch 28 step 72700 avg_loss=3.611
[1497.3s] epoch 28 step 72750 avg_loss=3.621
[1498.4s] epoch 28 step 72800 avg_loss=3.625
[1499.5s] epoch 28 step 72850 avg_loss=3.656
[1500.6s] epoch 28 step 72900 avg_loss=3.647
[1501.6s] epoch 28 step 72950 avg_loss=3.681
[1502.7s] epoch 28 step 73000 avg_loss=3.729
[1503.9s] epoch 28 step 73050 avg_loss=3.726
[1504.8s] epoch 28 step 73100 avg_loss=3.718
[1506.0s] epoch 28 step 73150 avg_loss=3.741
[1507.1s] epoch 28 step 73200 avg_loss=3.740
[1508.3s] epoch 28 step 73250 avg_loss=3.761
[1509.5s] epoch 28 step 73300 avg_loss=3.780
[1510.5s] epoch 28 step 73350 avg_loss=3.795
[1511.5s] === epoch 28 done: avg_loss=3.801 (n=2531 derivations) ===
[1511.5s] epoch 29 step 73400 avg_loss=2.074
[1512.8s] epoch 29 step 73450 avg_loss=3.954
[1514.1s] epoch 29 step 73500 avg_loss=3.423
[1515.1s] epoch 29 step 73550 avg_loss=3.331
[1516.4s] epoch 29 step 73600 avg_loss=3.325
[1517.8s] epoch 29 step 73650 avg_loss=3.356
[1518.9s] epoch 29 step 73700 avg_loss=3.324
[1520.1s] epoch 29 step 73750 avg_loss=3.256
[1521.1s] epoch 29 step 73800 avg_loss=3.193
[1522.5s] epoch 29 step 73850 avg_loss=3.224
[1523.7s] epoch 29 step 73900 avg_loss=3.196
[1525.0s] epoch 29 step 73950 avg_loss=3.164
[1526.3s] epoch 29 step 74000 avg_loss=3.198
[1527.5s] epoch 29 step 74050 avg_loss=3.272
[1528.7s] epoch 29 step 74100 avg_loss=3.303
[1529.8s] epoch 29 step 74150 avg_loss=3.321
[1530.7s] epoch 29 step 74200 avg_loss=3.333
[1532.0s] epoch 29 step 74250 avg_loss=3.352
[1533.0s] epoch 29 step 74300 avg_loss=3.366
[1534.2s] epoch 29 step 74350 avg_loss=3.402
[1535.4s] epoch 29 step 74400 avg_loss=3.391
[1536.5s] epoch 29 step 74450 avg_loss=3.386
[1537.6s] epoch 29 step 74500 avg_loss=3.432
[1538.8s] epoch 29 step 74550 avg_loss=3.431
[1539.9s] epoch 29 step 74600 avg_loss=3.408
[1541.2s] epoch 29 step 74650 avg_loss=3.405
[1542.4s] epoch 29 step 74700 avg_loss=3.420
[1543.5s] epoch 29 step 74750 avg_loss=3.443
[1544.5s] epoch 29 step 74800 avg_loss=3.459
[1545.8s] epoch 29 step 74850 avg_loss=3.487
[1547.0s] epoch 29 step 74900 avg_loss=3.533
[1548.1s] epoch 29 step 74950 avg_loss=3.545
[1549.3s] epoch 29 step 75000 avg_loss=3.558
[1550.3s] epoch 29 step 75050 avg_loss=3.545
[1551.5s] epoch 29 step 75100 avg_loss=3.550
[1552.5s] epoch 29 step 75150 avg_loss=3.540
[1553.7s] epoch 29 step 75200 avg_loss=3.553
[1555.1s] epoch 29 step 75250 avg_loss=3.566
[1556.3s] epoch 29 step 75300 avg_loss=3.584
[1557.5s] epoch 29 step 75350 avg_loss=3.597
[1558.7s] epoch 29 step 75400 avg_loss=3.613
[1559.8s] epoch 29 step 75450 avg_loss=3.618
[1560.9s] epoch 29 step 75500 avg_loss=3.620
[1562.0s] epoch 29 step 75550 avg_loss=3.630
[1563.0s] epoch 29 step 75600 avg_loss=3.643
[1564.2s] epoch 29 step 75650 avg_loss=3.653
[1565.3s] epoch 29 step 75700 avg_loss=3.655
[1566.4s] epoch 29 step 75750 avg_loss=3.668
[1567.5s] epoch 29 step 75800 avg_loss=3.674
[1568.6s] epoch 29 step 75850 avg_loss=3.679
[1569.8s] epoch 29 step 75900 avg_loss=3.691
[1570.5s] === epoch 29 done: avg_loss=3.691 (n=2531 derivations) ===
[1571.0s] epoch 30 step 75950 avg_loss=2.705
[1572.1s] epoch 30 step 76000 avg_loss=3.017
[1573.1s] epoch 30 step 76050 avg_loss=3.141
[1574.2s] epoch 30 step 76100 avg_loss=3.064
[1575.4s] epoch 30 step 76150 avg_loss=3.159
[1576.5s] epoch 30 step 76200 avg_loss=3.049
[1577.7s] epoch 30 step 76250 avg_loss=3.117
[1578.9s] epoch 30 step 76300 avg_loss=3.141
[1580.0s] epoch 30 step 76350 avg_loss=3.087
[1581.2s] epoch 30 step 76400 avg_loss=3.084
[1582.2s] epoch 30 step 76450 avg_loss=3.065
[1583.6s] epoch 30 step 76500 avg_loss=3.071
[1584.8s] epoch 30 step 76550 avg_loss=3.063
[1585.9s] epoch 30 step 76600 avg_loss=3.120
[1587.1s] epoch 30 step 76650 avg_loss=3.148
[1588.2s] epoch 30 step 76700 avg_loss=3.179
[1589.3s] epoch 30 step 76750 avg_loss=3.162
[1590.4s] epoch 30 step 76800 avg_loss=3.136
[1591.5s] epoch 30 step 76850 avg_loss=3.141
[1592.6s] epoch 30 step 76900 avg_loss=3.155
[1594.0s] epoch 30 step 76950 avg_loss=3.215
[1595.4s] epoch 30 step 77000 avg_loss=3.198
[1596.6s] epoch 30 step 77050 avg_loss=3.201
[1598.0s] epoch 30 step 77100 avg_loss=3.244
[1599.3s] epoch 30 step 77150 avg_loss=3.257
[1600.4s] epoch 30 step 77200 avg_loss=3.235
[1601.6s] epoch 30 step 77250 avg_loss=3.248
[1602.8s] epoch 30 step 77300 avg_loss=3.246
[1604.0s] epoch 30 step 77350 avg_loss=3.255
[1605.3s] epoch 30 step 77400 avg_loss=3.275
[1606.4s] epoch 30 step 77450 avg_loss=3.285
[1607.5s] epoch 30 step 77500 avg_loss=3.303
[1608.6s] epoch 30 step 77550 avg_loss=3.342
[1609.9s] epoch 30 step 77600 avg_loss=3.381
[1611.1s] epoch 30 step 77650 avg_loss=3.384
[1612.3s] epoch 30 step 77700 avg_loss=3.432
[1613.5s] epoch 30 step 77750 avg_loss=3.438
[1614.9s] epoch 30 step 77800 avg_loss=3.448
[1616.1s] epoch 30 step 77850 avg_loss=3.464
[1617.2s] epoch 30 step 77900 avg_loss=3.468
[1618.3s] epoch 30 step 77950 avg_loss=3.477
[1619.4s] epoch 30 step 78000 avg_loss=3.501
[1620.4s] epoch 30 step 78050 avg_loss=3.502
[1621.6s] epoch 30 step 78100 avg_loss=3.511
[1622.6s] epoch 30 step 78150 avg_loss=3.529
[1623.8s] epoch 30 step 78200 avg_loss=3.538
[1625.1s] epoch 30 step 78250 avg_loss=3.570
[1626.2s] epoch 30 step 78300 avg_loss=3.595
[1627.3s] epoch 30 step 78350 avg_loss=3.591
[1628.3s] epoch 30 step 78400 avg_loss=3.602
[1629.3s] epoch 30 step 78450 avg_loss=3.607
[1629.6s] === epoch 30 done: avg_loss=3.603 (n=2531 derivations) ===
[1630.4s] epoch 31 step 78500 avg_loss=3.624
[1631.5s] epoch 31 step 78550 avg_loss=3.326
[1632.6s] epoch 31 step 78600 avg_loss=3.277
[1633.8s] epoch 31 step 78650 avg_loss=3.225
[1635.1s] epoch 31 step 78700 avg_loss=3.295
[1636.4s] epoch 31 step 78750 avg_loss=3.260
[1637.6s] epoch 31 step 78800 avg_loss=3.216
[1638.7s] epoch 31 step 78850 avg_loss=3.240
[1639.6s] epoch 31 step 78900 avg_loss=3.180
[1640.9s] epoch 31 step 78950 avg_loss=3.170
[1642.0s] epoch 31 step 79000 avg_loss=3.329
[1643.2s] epoch 31 step 79050 avg_loss=3.355
[1644.2s] epoch 31 step 79100 avg_loss=3.398
[1645.2s] eval step=2500 train_avg_loss=3.393 dev_rank1_f1=0.4947 dev_edge_p=0.4861 dev_edge_r=0.5037
[1646.4s] epoch 31 step 79150 avg_loss=3.398
[1647.6s] epoch 31 step 79200 avg_loss=3.415
[1648.9s] epoch 31 step 79250 avg_loss=3.462
[1650.3s] epoch 31 step 79300 avg_loss=3.438
[1651.6s] epoch 31 step 79350 avg_loss=3.453
[1652.9s] epoch 31 step 79400 avg_loss=3.468
[1654.0s] epoch 31 step 79450 avg_loss=3.408
[1655.1s] epoch 31 step 79500 avg_loss=3.366
[1656.1s] epoch 31 step 79550 avg_loss=3.335
[1657.4s] epoch 31 step 79600 avg_loss=3.348
[1658.3s] epoch 31 step 79650 avg_loss=3.353
[1659.4s] epoch 31 step 79700 avg_loss=3.358
[1660.7s] epoch 31 step 79750 avg_loss=3.377
[1661.7s] epoch 31 step 79800 avg_loss=3.368
[1662.8s] epoch 31 step 79850 avg_loss=3.382
[1663.9s] epoch 31 step 79900 avg_loss=3.377
[1665.1s] epoch 31 step 79950 avg_loss=3.375
[1666.2s] epoch 31 step 80000 avg_loss=3.375
[1667.2s] epoch 31 step 80050 avg_loss=3.370
[1668.3s] epoch 31 step 80100 avg_loss=3.372
[1669.5s] epoch 31 step 80150 avg_loss=3.411
[1670.5s] epoch 31 step 80200 avg_loss=3.421
[1671.7s] epoch 31 step 80250 avg_loss=3.433
[1672.7s] epoch 31 step 80300 avg_loss=3.441
[1673.8s] epoch 31 step 80350 avg_loss=3.430
[1675.0s] epoch 31 step 80400 avg_loss=3.435
[1676.1s] epoch 31 step 80450 avg_loss=3.451
[1677.2s] epoch 31 step 80500 avg_loss=3.456
[1678.2s] epoch 31 step 80550 avg_loss=3.464
[1679.4s] epoch 31 step 80600 avg_loss=3.467
[1680.7s] epoch 31 step 80650 avg_loss=3.501
[1681.8s] epoch 31 step 80700 avg_loss=3.502
[1682.9s] epoch 31 step 80750 avg_loss=3.503
[1684.1s] epoch 31 step 80800 avg_loss=3.503
[1685.3s] epoch 31 step 80850 avg_loss=3.510
[1686.5s] epoch 31 step 80900 avg_loss=3.523
[1687.9s] epoch 31 step 80950 avg_loss=3.521
[1688.9s] === epoch 31 done: avg_loss=3.538 (n=2531 derivations) ===
[1689.0s] epoch 32 step 81000 avg_loss=1.878
[1690.2s] epoch 32 step 81050 avg_loss=2.877
[1691.3s] epoch 32 step 81100 avg_loss=3.035
[1692.4s] epoch 32 step 81150 avg_loss=3.040
[1693.4s] epoch 32 step 81200 avg_loss=3.091
[1694.4s] epoch 32 step 81250 avg_loss=3.184
[1695.5s] epoch 32 step 81300 avg_loss=3.171
[1696.7s] epoch 32 step 81350 avg_loss=3.105
[1697.9s] epoch 32 step 81400 avg_loss=3.158
[1699.0s] epoch 32 step 81450 avg_loss=3.182
[1700.0s] epoch 32 step 81500 avg_loss=3.163
[1701.0s] epoch 32 step 81550 avg_loss=3.228
[1702.1s] epoch 32 step 81600 avg_loss=3.221
[1703.1s] epoch 32 step 81650 avg_loss=3.189
[1704.1s] epoch 32 step 81700 avg_loss=3.184
[1705.2s] epoch 32 step 81750 avg_loss=3.192
[1706.3s] epoch 32 step 81800 avg_loss=3.189
[1707.3s] epoch 32 step 81850 avg_loss=3.220
[1708.3s] epoch 32 step 81900 avg_loss=3.248
[1709.4s] epoch 32 step 81950 avg_loss=3.244
[1710.5s] epoch 32 step 82000 avg_loss=3.267
[1711.6s] epoch 32 step 82050 avg_loss=3.282
[1712.8s] epoch 32 step 82100 avg_loss=3.284
[1713.9s] epoch 32 step 82150 avg_loss=3.274
[1714.9s] epoch 32 step 82200 avg_loss=3.279
[1716.0s] epoch 32 step 82250 avg_loss=3.295
[1717.1s] epoch 32 step 82300 avg_loss=3.293
[1718.1s] epoch 32 step 82350 avg_loss=3.293
[1719.2s] epoch 32 step 82400 avg_loss=3.299
[1720.2s] epoch 32 step 82450 avg_loss=3.303
[1721.2s] epoch 32 step 82500 avg_loss=3.328
[1722.3s] epoch 32 step 82550 avg_loss=3.351
[1723.6s] epoch 32 step 82600 avg_loss=3.369
[1724.6s] epoch 32 step 82650 avg_loss=3.362
[1725.7s] epoch 32 step 82700 avg_loss=3.380
[1726.7s] epoch 32 step 82750 avg_loss=3.384
[1727.7s] epoch 32 step 82800 avg_loss=3.383
[1728.6s] epoch 32 step 82850 avg_loss=3.371
[1729.6s] epoch 32 step 82900 avg_loss=3.371
[1730.6s] epoch 32 step 82950 avg_loss=3.391
[1731.7s] epoch 32 step 83000 avg_loss=3.408
[1732.9s] epoch 32 step 83050 avg_loss=3.414
[1733.9s] epoch 32 step 83100 avg_loss=3.428
[1735.1s] epoch 32 step 83150 avg_loss=3.439
[1736.2s] epoch 32 step 83200 avg_loss=3.435
[1737.3s] epoch 32 step 83250 avg_loss=3.441
[1738.3s] epoch 32 step 83300 avg_loss=3.441
[1739.5s] epoch 32 step 83350 avg_loss=3.458
[1740.8s] epoch 32 step 83400 avg_loss=3.481
[1742.0s] epoch 32 step 83450 avg_loss=3.482
[1743.3s] epoch 32 step 83500 avg_loss=3.481
[1743.9s] === epoch 32 done: avg_loss=3.487 (n=2531 derivations) ===
[1744.5s] epoch 33 step 83550 avg_loss=2.726
[1745.6s] epoch 33 step 83600 avg_loss=2.998
[1746.6s] epoch 33 step 83650 avg_loss=2.936
[1747.7s] epoch 33 step 83700 avg_loss=3.047
[1748.9s] epoch 33 step 83750 avg_loss=3.006
[1750.0s] epoch 33 step 83800 avg_loss=3.084
[1751.0s] epoch 33 step 83850 avg_loss=3.101
[1752.1s] epoch 33 step 83900 avg_loss=3.074
[1753.2s] epoch 33 step 83950 avg_loss=3.032
[1754.2s] epoch 33 step 84000 avg_loss=3.040
[1755.5s] epoch 33 step 84050 avg_loss=3.024
[1756.6s] epoch 33 step 84100 avg_loss=3.091
[1757.6s] epoch 33 step 84150 avg_loss=3.078
[1758.7s] epoch 33 step 84200 avg_loss=3.130
[1759.8s] epoch 33 step 84250 avg_loss=3.133
[1760.9s] epoch 33 step 84300 avg_loss=3.105
[1762.0s] epoch 33 step 84350 avg_loss=3.135
[1763.2s] epoch 33 step 84400 avg_loss=3.165
[1764.3s] epoch 33 step 84450 avg_loss=3.158
[1765.4s] epoch 33 step 84500 avg_loss=3.174
[1766.5s] epoch 33 step 84550 avg_loss=3.190
[1767.5s] epoch 33 step 84600 avg_loss=3.212
[1768.5s] epoch 33 step 84650 avg_loss=3.249
[1769.4s] epoch 33 step 84700 avg_loss=3.254
[1770.4s] epoch 33 step 84750 avg_loss=3.253
[1771.5s] epoch 33 step 84800 avg_loss=3.267
[1772.4s] epoch 33 step 84850 avg_loss=3.265
[1773.5s] epoch 33 step 84900 avg_loss=3.281
[1774.8s] epoch 33 step 84950 avg_loss=3.290
[1775.8s] epoch 33 step 85000 avg_loss=3.279
[1777.0s] epoch 33 step 85050 avg_loss=3.284
[1778.0s] epoch 33 step 85100 avg_loss=3.282
[1779.2s] epoch 33 step 85150 avg_loss=3.294
[1780.2s] epoch 33 step 85200 avg_loss=3.294
[1781.4s] epoch 33 step 85250 avg_loss=3.310
[1782.4s] epoch 33 step 85300 avg_loss=3.325
[1783.5s] epoch 33 step 85350 avg_loss=3.337
[1784.6s] epoch 33 step 85400 avg_loss=3.344
[1785.7s] epoch 33 step 85450 avg_loss=3.358
[1786.7s] epoch 33 step 85500 avg_loss=3.367
[1787.7s] epoch 33 step 85550 avg_loss=3.363
[1788.7s] epoch 33 step 85600 avg_loss=3.362
[1789.7s] epoch 33 step 85650 avg_loss=3.368
[1790.6s] epoch 33 step 85700 avg_loss=3.367
[1791.6s] epoch 33 step 85750 avg_loss=3.377
[1792.7s] epoch 33 step 85800 avg_loss=3.407
[1793.9s] epoch 33 step 85850 avg_loss=3.426
[1795.2s] epoch 33 step 85900 avg_loss=3.433
[1796.3s] epoch 33 step 85950 avg_loss=3.431
[1797.3s] epoch 33 step 86000 avg_loss=3.439
[1798.2s] epoch 33 step 86050 avg_loss=3.440
[1798.3s] === epoch 33 done: avg_loss=3.442 (n=2531 derivations) ===
[1799.2s] epoch 34 step 86100 avg_loss=2.448
[1800.2s] epoch 34 step 86150 avg_loss=2.804
[1801.1s] epoch 34 step 86200 avg_loss=2.819
[1802.3s] epoch 34 step 86250 avg_loss=2.997
[1803.3s] epoch 34 step 86300 avg_loss=2.941
[1804.4s] epoch 34 step 86350 avg_loss=3.020
[1805.4s] epoch 34 step 86400 avg_loss=3.029
[1806.4s] epoch 34 step 86450 avg_loss=2.963
[1807.5s] epoch 34 step 86500 avg_loss=2.983
[1808.4s] epoch 34 step 86550 avg_loss=3.019
[1809.5s] epoch 34 step 86600 avg_loss=3.027
[1810.4s] epoch 34 step 86650 avg_loss=3.057
[1811.4s] epoch 34 step 86700 avg_loss=3.080
[1812.3s] epoch 34 step 86750 avg_loss=3.119
[1813.4s] epoch 34 step 86800 avg_loss=3.069
[1814.8s] epoch 34 step 86850 avg_loss=3.107
[1816.0s] epoch 34 step 86900 avg_loss=3.160
[1817.4s] epoch 34 step 86950 avg_loss=3.163
[1818.5s] epoch 34 step 87000 avg_loss=3.161
[1819.8s] eval step=2750 train_avg_loss=3.143 dev_rank1_f1=0.5032 dev_edge_p=0.4832 dev_edge_r=0.5248
[1820.7s] epoch 34 step 87050 avg_loss=3.158
[1821.8s] epoch 34 step 87100 avg_loss=3.153
[1822.9s] epoch 34 step 87150 avg_loss=3.174
[1824.2s] epoch 34 step 87200 avg_loss=3.184
[1825.3s] epoch 34 step 87250 avg_loss=3.198
[1826.6s] epoch 34 step 87300 avg_loss=3.201
[1827.6s] epoch 34 step 87350 avg_loss=3.201
[1828.8s] epoch 34 step 87400 avg_loss=3.240
[1829.9s] epoch 34 step 87450 avg_loss=3.250
[1831.0s] epoch 34 step 87500 avg_loss=3.264
[1832.1s] epoch 34 step 87550 avg_loss=3.280
[1833.2s] epoch 34 step 87600 avg_loss=3.318
[1834.2s] epoch 34 step 87650 avg_loss=3.330
[1835.4s] epoch 34 step 87700 avg_loss=3.329
[1836.5s] epoch 34 step 87750 avg_loss=3.326
[1837.5s] epoch 34 step 87800 avg_loss=3.336
[1838.4s] epoch 34 step 87850 avg_loss=3.336
[1839.3s] epoch 34 step 87900 avg_loss=3.336
[1840.4s] epoch 34 step 87950 avg_loss=3.352
[1841.6s] epoch 34 step 88000 avg_loss=3.360
[1842.7s] epoch 34 step 88050 avg_loss=3.364
[1843.8s] epoch 34 step 88100 avg_loss=3.363
[1845.0s] epoch 34 step 88150 avg_loss=3.353
[1846.2s] epoch 34 step 88200 avg_loss=3.341
[1847.2s] epoch 34 step 88250 avg_loss=3.346
[1848.3s] epoch 34 step 88300 avg_loss=3.346
[1849.4s] epoch 34 step 88350 avg_loss=3.348
[1850.5s] epoch 34 step 88400 avg_loss=3.342
[1851.6s] epoch 34 step 88450 avg_loss=3.354
[1852.8s] epoch 34 step 88500 avg_loss=3.367
[1854.2s] epoch 34 step 88550 avg_loss=3.375
[1855.2s] === epoch 34 done: avg_loss=3.377 (n=2531 derivations) ===
[1855.6s] epoch 35 step 88600 avg_loss=3.129
[1856.9s] epoch 35 step 88650 avg_loss=2.854
[1858.1s] epoch 35 step 88700 avg_loss=3.065
[1859.2s] epoch 35 step 88750 avg_loss=2.899
[1860.2s] epoch 35 step 88800 avg_loss=2.909
[1861.3s] epoch 35 step 88850 avg_loss=2.902
[1862.4s] epoch 35 step 88900 avg_loss=2.902
[1863.4s] epoch 35 step 88950 avg_loss=2.899
[1864.6s] epoch 35 step 89000 avg_loss=2.974
[1865.9s] epoch 35 step 89050 avg_loss=3.008
[1867.4s] epoch 35 step 89100 avg_loss=3.000
[1868.5s] epoch 35 step 89150 avg_loss=3.031
[1869.9s] epoch 35 step 89200 avg_loss=3.045
[1871.2s] epoch 35 step 89250 avg_loss=3.042
[1872.2s] epoch 35 step 89300 avg_loss=3.009
[1873.3s] epoch 35 step 89350 avg_loss=2.989
[1874.5s] epoch 35 step 89400 avg_loss=3.013
[1875.7s] epoch 35 step 89450 avg_loss=3.006
[1876.8s] epoch 35 step 89500 avg_loss=2.994
[1877.9s] epoch 35 step 89550 avg_loss=3.047
[1879.0s] epoch 35 step 89600 avg_loss=3.073
[1879.9s] epoch 35 step 89650 avg_loss=3.088
[1880.9s] epoch 35 step 89700 avg_loss=3.117
[1882.1s] epoch 35 step 89750 avg_loss=3.130
[1883.2s] epoch 35 step 89800 avg_loss=3.142
[1884.3s] epoch 35 step 89850 avg_loss=3.142
[1885.5s] epoch 35 step 89900 avg_loss=3.152
[1886.7s] epoch 35 step 89950 avg_loss=3.177
[1887.8s] epoch 35 step 90000 avg_loss=3.180
[1888.9s] epoch 35 step 90050 avg_loss=3.192
[1890.0s] epoch 35 step 90100 avg_loss=3.200
[1891.1s] epoch 35 step 90150 avg_loss=3.225
[1892.0s] epoch 35 step 90200 avg_loss=3.212
[1893.1s] epoch 35 step 90250 avg_loss=3.236
[1894.4s] epoch 35 step 90300 avg_loss=3.243
[1895.5s] epoch 35 step 90350 avg_loss=3.240
[1896.6s] epoch 35 step 90400 avg_loss=3.248
[1897.6s] epoch 35 step 90450 avg_loss=3.249
[1898.7s] epoch 35 step 90500 avg_loss=3.266
[1899.6s] epoch 35 step 90550 avg_loss=3.259
[1900.6s] epoch 35 step 90600 avg_loss=3.271
[1901.6s] epoch 35 step 90650 avg_loss=3.295
[1902.8s] epoch 35 step 90700 avg_loss=3.290
[1903.7s] epoch 35 step 90750 avg_loss=3.291
[1904.9s] epoch 35 step 90800 avg_loss=3.319
[1906.3s] epoch 35 step 90850 avg_loss=3.335
[1907.6s] epoch 35 step 90900 avg_loss=3.349
[1908.9s] epoch 35 step 90950 avg_loss=3.358
[1910.0s] epoch 35 step 91000 avg_loss=3.347
[1910.9s] epoch 35 step 91050 avg_loss=3.349
[1912.0s] epoch 35 step 91100 avg_loss=3.342
[1912.4s] === epoch 35 done: avg_loss=3.339 (n=2531 derivations) ===
[1913.2s] epoch 36 step 91150 avg_loss=3.215
[1914.5s] epoch 36 step 91200 avg_loss=3.447
[1916.0s] epoch 36 step 91250 avg_loss=3.136
[1917.1s] epoch 36 step 91300 avg_loss=3.012
[1918.2s] epoch 36 step 91350 avg_loss=2.998
[1919.4s] epoch 36 step 91400 avg_loss=3.098
[1920.3s] epoch 36 step 91450 avg_loss=3.061
[1921.4s] epoch 36 step 91500 avg_loss=3.083
[1922.7s] epoch 36 step 91550 avg_loss=3.104
[1923.8s] epoch 36 step 91600 avg_loss=3.091
[1925.0s] epoch 36 step 91650 avg_loss=3.222
[1926.2s] epoch 36 step 91700 avg_loss=3.209
[1927.4s] epoch 36 step 91750 avg_loss=3.167
[1928.5s] epoch 36 step 91800 avg_loss=3.139
[1929.6s] epoch 36 step 91850 avg_loss=3.176
[1930.9s] epoch 36 step 91900 avg_loss=3.157
[1932.1s] epoch 36 step 91950 avg_loss=3.144
[1933.3s] epoch 36 step 92000 avg_loss=3.172
[1934.3s] epoch 36 step 92050 avg_loss=3.147
[1935.4s] epoch 36 step 92100 avg_loss=3.163
[1936.5s] epoch 36 step 92150 avg_loss=3.164
[1937.6s] epoch 36 step 92200 avg_loss=3.159
[1938.7s] epoch 36 step 92250 avg_loss=3.149
[1940.0s] epoch 36 step 92300 avg_loss=3.198
[1941.1s] epoch 36 step 92350 avg_loss=3.187
[1942.1s] epoch 36 step 92400 avg_loss=3.183
[1943.4s] epoch 36 step 92450 avg_loss=3.182
[1944.8s] epoch 36 step 92500 avg_loss=3.183
[1946.0s] epoch 36 step 92550 avg_loss=3.192
[1947.2s] epoch 36 step 92600 avg_loss=3.216
[1948.4s] epoch 36 step 92650 avg_loss=3.219
[1949.5s] epoch 36 step 92700 avg_loss=3.214
[1950.6s] epoch 36 step 92750 avg_loss=3.250
[1951.6s] epoch 36 step 92800 avg_loss=3.248
[1952.7s] epoch 36 step 92850 avg_loss=3.251
[1953.5s] epoch 36 step 92900 avg_loss=3.250
[1954.5s] epoch 36 step 92950 avg_loss=3.239
[1955.6s] epoch 36 step 93000 avg_loss=3.234
[1956.6s] epoch 36 step 93050 avg_loss=3.226
[1957.7s] epoch 36 step 93100 avg_loss=3.239
[1959.1s] epoch 36 step 93150 avg_loss=3.255
[1960.1s] epoch 36 step 93200 avg_loss=3.252
[1961.3s] epoch 36 step 93250 avg_loss=3.260
[1962.6s] epoch 36 step 93300 avg_loss=3.257
[1963.6s] epoch 36 step 93350 avg_loss=3.258
[1964.8s] epoch 36 step 93400 avg_loss=3.270
[1965.8s] epoch 36 step 93450 avg_loss=3.282
[1966.7s] epoch 36 step 93500 avg_loss=3.278
[1967.6s] epoch 36 step 93550 avg_loss=3.275
[1968.7s] epoch 36 step 93600 avg_loss=3.270
[1969.7s] === epoch 36 done: avg_loss=3.274 (n=2531 derivations) ===
[1969.8s] epoch 37 step 93650 avg_loss=4.927
[1970.8s] epoch 37 step 93700 avg_loss=3.304
[1972.0s] epoch 37 step 93750 avg_loss=3.023
[1973.2s] epoch 37 step 93800 avg_loss=2.970
[1974.6s] epoch 37 step 93850 avg_loss=3.113
[1975.8s] epoch 37 step 93900 avg_loss=3.008
[1977.1s] epoch 37 step 93950 avg_loss=3.025
[1978.2s] epoch 37 step 94000 avg_loss=2.946
[1979.4s] epoch 37 step 94050 avg_loss=2.949
[1980.6s] epoch 37 step 94100 avg_loss=2.960
[1981.8s] epoch 37 step 94150 avg_loss=2.978
[1982.8s] epoch 37 step 94200 avg_loss=2.969
[1983.7s] epoch 37 step 94250 avg_loss=2.982
[1984.9s] epoch 37 step 94300 avg_loss=3.023
[1985.9s] epoch 37 step 94350 avg_loss=3.009
[1987.1s] epoch 37 step 94400 avg_loss=3.013
[1988.2s] epoch 37 step 94450 avg_loss=3.017
[1989.3s] epoch 37 step 94500 avg_loss=2.994
[1990.5s] epoch 37 step 94550 avg_loss=2.986
[1991.6s] epoch 37 step 94600 avg_loss=2.995
[1992.8s] epoch 37 step 94650 avg_loss=3.021
[1994.0s] epoch 37 step 94700 avg_loss=3.021
[1995.2s] epoch 37 step 94750 avg_loss=3.049
[1996.2s] epoch 37 step 94800 avg_loss=3.027
[1997.5s] epoch 37 step 94850 avg_loss=3.049
[1998.8s] epoch 37 step 94900 avg_loss=3.034
[2000.5s] eval step=3000 train_avg_loss=3.015 dev_rank1_f1=0.4990 dev_edge_p=0.4922 dev_edge_r=0.5059
[2001.0s] epoch 37 step 94950 avg_loss=3.034
[2002.0s] epoch 37 step 95000 avg_loss=3.051
[2003.3s] epoch 37 step 95050 avg_loss=3.034
[2004.4s] epoch 37 step 95100 avg_loss=3.075
[2005.8s] epoch 37 step 95150 avg_loss=3.105
[2007.0s] epoch 37 step 95200 avg_loss=3.116
[2008.2s] epoch 37 step 95250 avg_loss=3.125
[2009.3s] epoch 37 step 95300 avg_loss=3.115
[2010.2s] epoch 37 step 95350 avg_loss=3.111
[2011.3s] epoch 37 step 95400 avg_loss=3.126
[2012.5s] epoch 37 step 95450 avg_loss=3.122
[2013.6s] epoch 37 step 95500 avg_loss=3.121
[2014.8s] epoch 37 step 95550 avg_loss=3.148
[2015.9s] epoch 37 step 95600 avg_loss=3.157
[2016.9s] epoch 37 step 95650 avg_loss=3.164
[2017.9s] epoch 37 step 95700 avg_loss=3.166
[2019.0s] epoch 37 step 95750 avg_loss=3.178
[2020.0s] epoch 37 step 95800 avg_loss=3.188
[2021.0s] epoch 37 step 95850 avg_loss=3.209
[2022.2s] epoch 37 step 95900 avg_loss=3.219
[2023.2s] epoch 37 step 95950 avg_loss=3.225
[2024.2s] epoch 37 step 96000 avg_loss=3.230
[2025.3s] epoch 37 step 96050 avg_loss=3.237
[2026.4s] epoch 37 step 96100 avg_loss=3.245
[2027.6s] epoch 37 step 96150 avg_loss=3.246
[2028.2s] === epoch 37 done: avg_loss=3.251 (n=2531 derivations) ===
[2028.6s] epoch 38 step 96200 avg_loss=2.014
[2029.6s] epoch 38 step 96250 avg_loss=2.699
[2030.6s] epoch 38 step 96300 avg_loss=2.639
[2031.8s] epoch 38 step 96350 avg_loss=2.764
[2033.2s] epoch 38 step 96400 avg_loss=2.759
[2034.3s] epoch 38 step 96450 avg_loss=2.671
[2035.7s] epoch 38 step 96500 avg_loss=2.803
[2036.9s] epoch 38 step 96550 avg_loss=2.836
[2038.1s] epoch 38 step 96600 avg_loss=2.803
[2039.4s] epoch 38 step 96650 avg_loss=2.861
[2040.8s] epoch 38 step 96700 avg_loss=2.885
[2041.9s] epoch 38 step 96750 avg_loss=2.878
[2043.0s] epoch 38 step 96800 avg_loss=2.906
[2044.3s] epoch 38 step 96850 avg_loss=2.920
[2045.3s] epoch 38 step 96900 avg_loss=2.917
[2046.5s] epoch 38 step 96950 avg_loss=2.916
[2047.8s] epoch 38 step 97000 avg_loss=2.909
[2049.0s] epoch 38 step 97050 avg_loss=2.926
[2050.3s] epoch 38 step 97100 avg_loss=2.899
[2051.4s] epoch 38 step 97150 avg_loss=2.948
[2052.6s] epoch 38 step 97200 avg_loss=2.954
[2053.8s] epoch 38 step 97250 avg_loss=2.978
[2054.9s] epoch 38 step 97300 avg_loss=2.972
[2055.8s] epoch 38 step 97350 avg_loss=2.991
[2056.8s] epoch 38 step 97400 avg_loss=2.998
[2057.9s] epoch 38 step 97450 avg_loss=3.002
[2058.9s] epoch 38 step 97500 avg_loss=3.017
[2059.9s] epoch 38 step 97550 avg_loss=3.004
[2061.0s] epoch 38 step 97600 avg_loss=3.012
[2062.1s] epoch 38 step 97650 avg_loss=3.010
[2063.1s] epoch 38 step 97700 avg_loss=2.995
[2064.4s] epoch 38 step 97750 avg_loss=2.997
[2065.5s] epoch 38 step 97800 avg_loss=3.015
[2066.6s] epoch 38 step 97850 avg_loss=3.048
[2067.8s] epoch 38 step 97900 avg_loss=3.059
[2068.9s] epoch 38 step 97950 avg_loss=3.061
[2069.9s] epoch 38 step 98000 avg_loss=3.091
[2071.0s] epoch 38 step 98050 avg_loss=3.084
[2072.2s] epoch 38 step 98100 avg_loss=3.088
[2073.3s] epoch 38 step 98150 avg_loss=3.090
[2074.5s] epoch 38 step 98200 avg_loss=3.118
[2075.7s] epoch 38 step 98250 avg_loss=3.129
[2076.8s] epoch 38 step 98300 avg_loss=3.139
[2078.0s] epoch 38 step 98350 avg_loss=3.151
[2079.0s] epoch 38 step 98400 avg_loss=3.154
[2080.1s] epoch 38 step 98450 avg_loss=3.168
[2081.3s] epoch 38 step 98500 avg_loss=3.182
[2082.3s] epoch 38 step 98550 avg_loss=3.183
[2083.4s] epoch 38 step 98600 avg_loss=3.191
[2084.5s] epoch 38 step 98650 avg_loss=3.190
[2085.4s] epoch 38 step 98700 avg_loss=3.187
[2085.7s] === epoch 38 done: avg_loss=3.192 (n=2531 derivations) ===
[2086.6s] epoch 39 step 98750 avg_loss=3.388
[2087.6s] epoch 39 step 98800 avg_loss=3.162
[2088.7s] epoch 39 step 98850 avg_loss=2.864
[2089.9s] epoch 39 step 98900 avg_loss=2.722
[2090.8s] epoch 39 step 98950 avg_loss=2.785
[2091.9s] epoch 39 step 99000 avg_loss=2.864
[2093.0s] epoch 39 step 99050 avg_loss=2.801
[2094.0s] epoch 39 step 99100 avg_loss=2.826
[2095.3s] epoch 39 step 99150 avg_loss=2.901
[2096.4s] epoch 39 step 99200 avg_loss=2.947
[2097.3s] epoch 39 step 99250 avg_loss=2.968
[2098.2s] epoch 39 step 99300 avg_loss=2.939
[2099.3s] epoch 39 step 99350 avg_loss=2.938
[2100.4s] epoch 39 step 99400 avg_loss=2.924
[2101.4s] epoch 39 step 99450 avg_loss=2.907
[2102.5s] epoch 39 step 99500 avg_loss=2.951
[2103.5s] epoch 39 step 99550 avg_loss=2.958
[2104.5s] epoch 39 step 99600 avg_loss=2.966
[2105.5s] epoch 39 step 99650 avg_loss=2.983
[2106.6s] epoch 39 step 99700 avg_loss=2.987
[2107.4s] epoch 39 step 99750 avg_loss=3.013
[2108.4s] epoch 39 step 99800 avg_loss=3.024
[2109.3s] epoch 39 step 99850 avg_loss=3.027
[2110.1s] epoch 39 step 99900 avg_loss=3.038
[2111.0s] epoch 39 step 99950 avg_loss=3.031
[2111.9s] epoch 39 step 100000 avg_loss=3.026
[2112.7s] epoch 39 step 100050 avg_loss=3.037
[2113.7s] epoch 39 step 100100 avg_loss=3.021
[2114.7s] epoch 39 step 100150 avg_loss=3.035
[2115.6s] epoch 39 step 100200 avg_loss=3.032
[2116.5s] epoch 39 step 100250 avg_loss=3.019
[2117.3s] epoch 39 step 100300 avg_loss=3.009
[2118.2s] epoch 39 step 100350 avg_loss=3.014
[2119.2s] epoch 39 step 100400 avg_loss=3.030
[2120.0s] epoch 39 step 100450 avg_loss=3.054
[2120.9s] epoch 39 step 100500 avg_loss=3.043
[2121.8s] epoch 39 step 100550 avg_loss=3.039
[2122.8s] epoch 39 step 100600 avg_loss=3.039
[2123.9s] epoch 39 step 100650 avg_loss=3.069
[2124.9s] epoch 39 step 100700 avg_loss=3.071
[2126.0s] epoch 39 step 100750 avg_loss=3.086
[2127.1s] epoch 39 step 100800 avg_loss=3.106
[2128.2s] epoch 39 step 100850 avg_loss=3.116
[2129.2s] epoch 39 step 100900 avg_loss=3.112
[2130.1s] epoch 39 step 100950 avg_loss=3.112
[2131.1s] epoch 39 step 101000 avg_loss=3.122
[2132.0s] epoch 39 step 101050 avg_loss=3.121
[2133.0s] epoch 39 step 101100 avg_loss=3.135
[2133.9s] epoch 39 step 101150 avg_loss=3.130
[2134.9s] epoch 39 step 101200 avg_loss=3.149
[2135.7s] === epoch 39 done: avg_loss=3.152 (n=2531 derivations) ===
[2135.9s] epoch 40 step 101250 avg_loss=2.727
[2136.8s] epoch 40 step 101300 avg_loss=2.910
[2137.7s] epoch 40 step 101350 avg_loss=2.841
[2138.6s] epoch 40 step 101400 avg_loss=2.709
[2139.5s] epoch 40 step 101450 avg_loss=2.732
[2140.3s] epoch 40 step 101500 avg_loss=2.714
[2141.4s] epoch 40 step 101550 avg_loss=2.774
[2142.2s] epoch 40 step 101600 avg_loss=2.740
[2143.2s] epoch 40 step 101650 avg_loss=2.743
[2144.1s] epoch 40 step 101700 avg_loss=2.735
[2145.0s] epoch 40 step 101750 avg_loss=2.758
[2145.9s] epoch 40 step 101800 avg_loss=2.748
[2146.8s] epoch 40 step 101850 avg_loss=2.739
[2147.7s] epoch 40 step 101900 avg_loss=2.712
[2148.6s] epoch 40 step 101950 avg_loss=2.688
[2149.4s] epoch 40 step 102000 avg_loss=2.718
[2150.3s] epoch 40 step 102050 avg_loss=2.725
[2151.3s] epoch 40 step 102100 avg_loss=2.758
[2152.1s] epoch 40 step 102150 avg_loss=2.752
[2153.0s] epoch 40 step 102200 avg_loss=2.771
[2154.0s] epoch 40 step 102250 avg_loss=2.777
[2155.0s] epoch 40 step 102300 avg_loss=2.797
[2155.9s] epoch 40 step 102350 avg_loss=2.812
[2156.8s] epoch 40 step 102400 avg_loss=2.823
[2157.8s] epoch 40 step 102450 avg_loss=2.839
[2158.8s] epoch 40 step 102500 avg_loss=2.851
[2159.6s] epoch 40 step 102550 avg_loss=2.863
[2160.5s] epoch 40 step 102600 avg_loss=2.864
[2161.5s] epoch 40 step 102650 avg_loss=2.886
[2162.5s] epoch 40 step 102700 avg_loss=2.895
[2163.4s] epoch 40 step 102750 avg_loss=2.903
[2164.6s] epoch 40 step 102800 avg_loss=2.913
[2166.4s] eval step=3250 train_avg_loss=2.937 dev_rank1_f1=0.5152 dev_edge_p=0.4973 dev_edge_r=0.5345
[2166.5s] epoch 40 step 102850 avg_loss=2.936
[2167.5s] epoch 40 step 102900 avg_loss=2.933
[2168.4s] epoch 40 step 102950 avg_loss=2.953
[2169.4s] epoch 40 step 103000 avg_loss=2.955
[2170.3s] epoch 40 step 103050 avg_loss=2.966
[2171.2s] epoch 40 step 103100 avg_loss=2.994
[2172.0s] epoch 40 step 103150 avg_loss=3.008
[2172.9s] epoch 40 step 103200 avg_loss=3.020
[2173.8s] epoch 40 step 103250 avg_loss=3.039
[2174.8s] epoch 40 step 103300 avg_loss=3.060
[2175.8s] epoch 40 step 103350 avg_loss=3.065
[2176.8s] epoch 40 step 103400 avg_loss=3.070
[2177.6s] epoch 40 step 103450 avg_loss=3.067
[2178.5s] epoch 40 step 103500 avg_loss=3.083
[2179.6s] epoch 40 step 103550 avg_loss=3.085
[2180.6s] epoch 40 step 103600 avg_loss=3.091
[2181.7s] epoch 40 step 103650 avg_loss=3.104
[2182.6s] epoch 40 step 103700 avg_loss=3.106
[2183.6s] epoch 40 step 103750 avg_loss=3.118
[2184.0s] === epoch 40 done: avg_loss=3.116 (n=2531 derivations) ===
[2184.6s] epoch 41 step 103800 avg_loss=2.527
[2185.5s] epoch 41 step 103850 avg_loss=2.390
[2186.4s] epoch 41 step 103900 avg_loss=2.587
[2187.4s] epoch 41 step 103950 avg_loss=2.622
[2188.3s] epoch 41 step 104000 avg_loss=2.600
[2189.2s] epoch 41 step 104050 avg_loss=2.507
[2190.0s] epoch 41 step 104100 avg_loss=2.607
[2190.9s] epoch 41 step 104150 avg_loss=2.632
[2191.8s] epoch 41 step 104200 avg_loss=2.687
[2192.6s] epoch 41 step 104250 avg_loss=2.732
[2193.6s] epoch 41 step 104300 avg_loss=2.740
[2194.6s] epoch 41 step 104350 avg_loss=2.792
[2195.7s] epoch 41 step 104400 avg_loss=2.768
[2196.6s] epoch 41 step 104450 avg_loss=2.771
[2197.6s] epoch 41 step 104500 avg_loss=2.801
[2198.8s] epoch 41 step 104550 avg_loss=2.778
[2200.1s] epoch 41 step 104600 avg_loss=2.812
[2200.9s] epoch 41 step 104650 avg_loss=2.808
[2201.8s] epoch 41 step 104700 avg_loss=2.837
[2202.6s] epoch 41 step 104750 avg_loss=2.824
[2203.5s] epoch 41 step 104800 avg_loss=2.819
[2204.5s] epoch 41 step 104850 avg_loss=2.834
[2205.5s] epoch 41 step 104900 avg_loss=2.836
[2206.4s] epoch 41 step 104950 avg_loss=2.834
[2207.4s] epoch 41 step 105000 avg_loss=2.843
[2208.1s] epoch 41 step 105050 avg_loss=2.857
[2209.0s] epoch 41 step 105100 avg_loss=2.868
[2209.9s] epoch 41 step 105150 avg_loss=2.881
[2210.9s] epoch 41 step 105200 avg_loss=2.909
[2211.8s] epoch 41 step 105250 avg_loss=2.907
[2212.7s] epoch 41 step 105300 avg_loss=2.912
[2213.6s] epoch 41 step 105350 avg_loss=2.927
[2214.8s] epoch 41 step 105400 avg_loss=2.940
[2215.8s] epoch 41 step 105450 avg_loss=2.955
[2216.8s] epoch 41 step 105500 avg_loss=2.977
[2217.7s] epoch 41 step 105550 avg_loss=2.979
[2218.7s] epoch 41 step 105600 avg_loss=2.979
[2219.6s] epoch 41 step 105650 avg_loss=2.978
[2220.5s] epoch 41 step 105700 avg_loss=2.990
[2221.6s] epoch 41 step 105750 avg_loss=3.009
[2222.7s] epoch 41 step 105800 avg_loss=3.026
[2223.6s] epoch 41 step 105850 avg_loss=3.025
[2224.7s] epoch 41 step 105900 avg_loss=3.033
[2225.7s] epoch 41 step 105950 avg_loss=3.040
[2226.8s] epoch 41 step 106000 avg_loss=3.044
[2227.9s] epoch 41 step 106050 avg_loss=3.055
[2228.9s] epoch 41 step 106100 avg_loss=3.050
[2229.8s] epoch 41 step 106150 avg_loss=3.055
[2230.8s] epoch 41 step 106200 avg_loss=3.066
[2231.8s] epoch 41 step 106250 avg_loss=3.072
[2232.8s] epoch 41 step 106300 avg_loss=3.079
[2232.9s] === epoch 41 done: avg_loss=3.085 (n=2531 derivations) ===
[2233.9s] epoch 42 step 106350 avg_loss=2.697
[2235.0s] epoch 42 step 106400 avg_loss=2.635
[2236.1s] epoch 42 step 106450 avg_loss=2.653
[2237.1s] epoch 42 step 106500 avg_loss=2.558
[2238.0s] epoch 42 step 106550 avg_loss=2.631
[2239.0s] epoch 42 step 106600 avg_loss=2.711
[2240.0s] epoch 42 step 106650 avg_loss=2.728
[2240.9s] epoch 42 step 106700 avg_loss=2.646
[2241.8s] epoch 42 step 106750 avg_loss=2.634
[2242.9s] epoch 42 step 106800 avg_loss=2.653
[2243.9s] epoch 42 step 106850 avg_loss=2.663
[2245.1s] epoch 42 step 106900 avg_loss=2.739
[2246.0s] epoch 42 step 106950 avg_loss=2.753
[2247.0s] epoch 42 step 107000 avg_loss=2.759
[2247.8s] epoch 42 step 107050 avg_loss=2.720
[2248.9s] epoch 42 step 107100 avg_loss=2.711
[2249.8s] epoch 42 step 107150 avg_loss=2.713
[2250.8s] epoch 42 step 107200 avg_loss=2.722
[2251.6s] epoch 42 step 107250 avg_loss=2.728
[2252.6s] epoch 42 step 107300 avg_loss=2.731
[2253.8s] epoch 42 step 107350 avg_loss=2.733
[2254.8s] epoch 42 step 107400 avg_loss=2.740
[2255.8s] epoch 42 step 107450 avg_loss=2.748
[2257.0s] epoch 42 step 107500 avg_loss=2.802
[2258.1s] epoch 42 step 107550 avg_loss=2.819
[2259.1s] epoch 42 step 107600 avg_loss=2.842
[2260.1s] epoch 42 step 107650 avg_loss=2.861
[2261.0s] epoch 42 step 107700 avg_loss=2.855
[2262.1s] epoch 42 step 107750 avg_loss=2.865
[2263.3s] epoch 42 step 107800 avg_loss=2.877
[2264.2s] epoch 42 step 107850 avg_loss=2.896
[2265.0s] epoch 42 step 107900 avg_loss=2.902
[2266.1s] epoch 42 step 107950 avg_loss=2.922
[2267.1s] epoch 42 step 108000 avg_loss=2.925
[2268.0s] epoch 42 step 108050 avg_loss=2.940
[2269.1s] epoch 42 step 108100 avg_loss=2.948
[2270.1s] epoch 42 step 108150 avg_loss=2.954
[2271.2s] epoch 42 step 108200 avg_loss=2.970
[2272.1s] epoch 42 step 108250 avg_loss=2.987
[2273.0s] epoch 42 step 108300 avg_loss=2.971
[2274.1s] epoch 42 step 108350 avg_loss=2.979
[2275.4s] epoch 42 step 108400 avg_loss=2.989
[2276.4s] epoch 42 step 108450 avg_loss=3.000
[2277.3s] epoch 42 step 108500 avg_loss=3.010
[2278.1s] epoch 42 step 108550 avg_loss=3.006
[2279.1s] epoch 42 step 108600 avg_loss=3.016
[2280.0s] epoch 42 step 108650 avg_loss=3.023
[2280.9s] epoch 42 step 108700 avg_loss=3.015
[2281.7s] epoch 42 step 108750 avg_loss=3.025
[2282.7s] epoch 42 step 108800 avg_loss=3.040
[2283.3s] === epoch 42 done: avg_loss=3.053 (n=2531 derivations) ===
[2283.7s] epoch 43 step 108850 avg_loss=1.803
[2285.0s] epoch 43 step 108900 avg_loss=2.626
[2285.9s] epoch 43 step 108950 avg_loss=2.655
[2286.9s] epoch 43 step 109000 avg_loss=2.744
[2288.0s] epoch 43 step 109050 avg_loss=2.806
[2289.1s] epoch 43 step 109100 avg_loss=2.759
[2290.0s] epoch 43 step 109150 avg_loss=2.698
[2291.0s] epoch 43 step 109200 avg_loss=2.788
[2291.9s] epoch 43 step 109250 avg_loss=2.785
[2292.8s] epoch 43 step 109300 avg_loss=2.798
[2293.8s] epoch 43 step 109350 avg_loss=2.807
[2294.7s] epoch 43 step 109400 avg_loss=2.741
[2295.7s] epoch 43 step 109450 avg_loss=2.728
[2296.8s] epoch 43 step 109500 avg_loss=2.736
[2297.9s] epoch 43 step 109550 avg_loss=2.726
[2299.0s] epoch 43 step 109600 avg_loss=2.730
[2299.9s] epoch 43 step 109650 avg_loss=2.756
[2300.6s] epoch 43 step 109700 avg_loss=2.747
[2301.6s] epoch 43 step 109750 avg_loss=2.761
[2302.6s] epoch 43 step 109800 avg_loss=2.757
[2303.5s] epoch 43 step 109850 avg_loss=2.763
[2304.6s] epoch 43 step 109900 avg_loss=2.751
[2305.6s] epoch 43 step 109950 avg_loss=2.762
[2306.6s] epoch 43 step 110000 avg_loss=2.759
[2307.5s] epoch 43 step 110050 avg_loss=2.793
[2308.4s] epoch 43 step 110100 avg_loss=2.819
[2309.4s] epoch 43 step 110150 avg_loss=2.847
[2310.4s] epoch 43 step 110200 avg_loss=2.862
[2311.4s] epoch 43 step 110250 avg_loss=2.869
[2312.5s] epoch 43 step 110300 avg_loss=2.879
[2313.4s] epoch 43 step 110350 avg_loss=2.862
[2314.4s] epoch 43 step 110400 avg_loss=2.862
[2315.3s] epoch 43 step 110450 avg_loss=2.866
[2316.3s] epoch 43 step 110500 avg_loss=2.872
[2317.2s] epoch 43 step 110550 avg_loss=2.877
[2318.2s] epoch 43 step 110600 avg_loss=2.889
[2319.2s] epoch 43 step 110650 avg_loss=2.887
[2320.2s] epoch 43 step 110700 avg_loss=2.906
[2321.3s] epoch 43 step 110750 avg_loss=2.921
[2322.4s] eval step=3500 train_avg_loss=2.921 dev_rank1_f1=0.5076 dev_edge_p=0.5064 dev_edge_r=0.5089
[2323.3s] epoch 43 step 110800 avg_loss=2.929
[2324.3s] epoch 43 step 110850 avg_loss=2.952
[2325.4s] epoch 43 step 110900 avg_loss=2.955
[2326.3s] epoch 43 step 110950 avg_loss=2.965
[2327.2s] epoch 43 step 111000 avg_loss=2.967
[2328.2s] epoch 43 step 111050 avg_loss=2.974
[2329.2s] epoch 43 step 111100 avg_loss=2.981
[2330.3s] epoch 43 step 111150 avg_loss=2.993
[2331.3s] epoch 43 step 111200 avg_loss=3.009
[2332.3s] epoch 43 step 111250 avg_loss=3.025
[2333.3s] epoch 43 step 111300 avg_loss=3.030
[2334.5s] epoch 43 step 111350 avg_loss=3.035
[2334.9s] === epoch 43 done: avg_loss=3.041 (n=2531 derivations) ===
[2335.7s] epoch 44 step 111400 avg_loss=2.707
[2336.6s] epoch 44 step 111450 avg_loss=2.521
[2337.6s] epoch 44 step 111500 avg_loss=2.755
[2338.6s] epoch 44 step 111550 avg_loss=2.675
[2339.4s] epoch 44 step 111600 avg_loss=2.569
[2340.4s] epoch 44 step 111650 avg_loss=2.698
[2341.5s] epoch 44 step 111700 avg_loss=2.668
[2342.4s] epoch 44 step 111750 avg_loss=2.621
[2343.5s] epoch 44 step 111800 avg_loss=2.644
[2344.6s] epoch 44 step 111850 avg_loss=2.705
[2345.5s] epoch 44 step 111900 avg_loss=2.764
[2346.6s] epoch 44 step 111950 avg_loss=2.747
[2347.8s] epoch 44 step 112000 avg_loss=2.766
[2349.1s] epoch 44 step 112050 avg_loss=2.762
[2350.0s] epoch 44 step 112100 avg_loss=2.758
[2351.1s] epoch 44 step 112150 avg_loss=2.726
[2352.2s] epoch 44 step 112200 avg_loss=2.724
[2353.3s] epoch 44 step 112250 avg_loss=2.747
[2354.4s] epoch 44 step 112300 avg_loss=2.770
[2355.5s] epoch 44 step 112350 avg_loss=2.807
[2356.5s] epoch 44 step 112400 avg_loss=2.809
[2357.6s] epoch 44 step 112450 avg_loss=2.817
[2358.5s] epoch 44 step 112500 avg_loss=2.830
[2359.5s] epoch 44 step 112550 avg_loss=2.835
[2360.6s] epoch 44 step 112600 avg_loss=2.838
[2361.8s] epoch 44 step 112650 avg_loss=2.847
[2362.8s] epoch 44 step 112700 avg_loss=2.847
[2363.9s] epoch 44 step 112750 avg_loss=2.849
[2364.9s] epoch 44 step 112800 avg_loss=2.843
[2365.8s] epoch 44 step 112850 avg_loss=2.849
[2366.7s] epoch 44 step 112900 avg_loss=2.850
[2367.5s] epoch 44 step 112950 avg_loss=2.855
[2368.5s] epoch 44 step 113000 avg_loss=2.844
[2369.3s] epoch 44 step 113050 avg_loss=2.852
[2370.2s] epoch 44 step 113100 avg_loss=2.860
[2371.3s] epoch 44 step 113150 avg_loss=2.882
[2372.4s] epoch 44 step 113200 avg_loss=2.900
[2373.6s] epoch 44 step 113250 avg_loss=2.919
[2374.7s] epoch 44 step 113300 avg_loss=2.927
[2375.9s] epoch 44 step 113350 avg_loss=2.929
[2377.0s] epoch 44 step 113400 avg_loss=2.947
[2378.0s] epoch 44 step 113450 avg_loss=2.952
[2378.9s] epoch 44 step 113500 avg_loss=2.951
[2379.9s] epoch 44 step 113550 avg_loss=2.958
[2380.9s] epoch 44 step 113600 avg_loss=2.966
[2381.8s] epoch 44 step 113650 avg_loss=2.965
[2382.7s] epoch 44 step 113700 avg_loss=2.974
[2383.7s] epoch 44 step 113750 avg_loss=2.981
[2384.7s] epoch 44 step 113800 avg_loss=2.973
[2385.9s] epoch 44 step 113850 avg_loss=2.991
[2386.8s] === epoch 44 done: avg_loss=2.993 (n=2531 derivations) ===
[2386.9s] epoch 45 step 113900 avg_loss=3.915
[2387.9s] epoch 45 step 113950 avg_loss=2.729
[2389.2s] epoch 45 step 114000 avg_loss=3.120
[2390.3s] epoch 45 step 114050 avg_loss=3.025
[2391.4s] epoch 45 step 114100 avg_loss=2.970
[2392.7s] epoch 45 step 114150 avg_loss=2.873
[2393.8s] epoch 45 step 114200 avg_loss=2.775
[2395.0s] epoch 45 step 114250 avg_loss=2.730
[2396.0s] epoch 45 step 114300 avg_loss=2.717
[2397.1s] epoch 45 step 114350 avg_loss=2.794
[2398.1s] epoch 45 step 114400 avg_loss=2.775
[2399.0s] epoch 45 step 114450 avg_loss=2.740
[2400.0s] epoch 45 step 114500 avg_loss=2.762
[2401.0s] epoch 45 step 114550 avg_loss=2.756
[2401.9s] epoch 45 step 114600 avg_loss=2.771
[2402.9s] epoch 45 step 114650 avg_loss=2.774
[2404.0s] epoch 45 step 114700 avg_loss=2.793
[2405.0s] epoch 45 step 114750 avg_loss=2.791
[2406.0s] epoch 45 step 114800 avg_loss=2.783
[2407.0s] epoch 45 step 114850 avg_loss=2.793
[2408.1s] epoch 45 step 114900 avg_loss=2.822
[2409.1s] epoch 45 step 114950 avg_loss=2.815
[2410.1s] epoch 45 step 115000 avg_loss=2.835
[2411.1s] epoch 45 step 115050 avg_loss=2.851
[2412.2s] epoch 45 step 115100 avg_loss=2.860
[2413.1s] epoch 45 step 115150 avg_loss=2.846
[2414.3s] epoch 45 step 115200 avg_loss=2.836
[2415.2s] epoch 45 step 115250 avg_loss=2.854
[2416.4s] epoch 45 step 115300 avg_loss=2.864
[2417.5s] epoch 45 step 115350 avg_loss=2.849
[2418.5s] epoch 45 step 115400 avg_loss=2.850
[2419.5s] epoch 45 step 115450 avg_loss=2.857
[2420.7s] epoch 45 step 115500 avg_loss=2.848
[2421.7s] epoch 45 step 115550 avg_loss=2.844
[2422.7s] epoch 45 step 115600 avg_loss=2.839
[2423.7s] epoch 45 step 115650 avg_loss=2.850
[2424.7s] epoch 45 step 115700 avg_loss=2.859
[2425.7s] epoch 45 step 115750 avg_loss=2.877
[2426.6s] epoch 45 step 115800 avg_loss=2.874
[2427.5s] epoch 45 step 115850 avg_loss=2.887
[2428.5s] epoch 45 step 115900 avg_loss=2.894
[2429.5s] epoch 45 step 115950 avg_loss=2.907
[2430.4s] epoch 45 step 116000 avg_loss=2.913
[2431.3s] epoch 45 step 116050 avg_loss=2.912
[2432.3s] epoch 45 step 116100 avg_loss=2.920
[2433.3s] epoch 45 step 116150 avg_loss=2.930
[2434.2s] epoch 45 step 116200 avg_loss=2.926
[2435.1s] epoch 45 step 116250 avg_loss=2.927
[2436.0s] epoch 45 step 116300 avg_loss=2.935
[2437.1s] epoch 45 step 116350 avg_loss=2.934
[2438.0s] epoch 45 step 116400 avg_loss=2.953
[2438.5s] === epoch 45 done: avg_loss=2.952 (n=2531 derivations) ===
[2439.0s] epoch 46 step 116450 avg_loss=2.620
[2440.0s] epoch 46 step 116500 avg_loss=2.409
[2440.9s] epoch 46 step 116550 avg_loss=2.581
[2441.7s] epoch 46 step 116600 avg_loss=2.683
[2442.6s] epoch 46 step 116650 avg_loss=2.779
[2443.4s] epoch 46 step 116700 avg_loss=2.709
[2444.5s] epoch 46 step 116750 avg_loss=2.649
[2445.5s] epoch 46 step 116800 avg_loss=2.631
[2446.4s] epoch 46 step 116850 avg_loss=2.594
[2447.3s] epoch 46 step 116900 avg_loss=2.616
[2448.5s] epoch 46 step 116950 avg_loss=2.652
[2449.6s] epoch 46 step 117000 avg_loss=2.674
[2450.7s] epoch 46 step 117050 avg_loss=2.721
[2451.7s] epoch 46 step 117100 avg_loss=2.733
[2452.7s] epoch 46 step 117150 avg_loss=2.706
[2453.9s] epoch 46 step 117200 avg_loss=2.723
[2454.9s] epoch 46 step 117250 avg_loss=2.716
[2456.0s] epoch 46 step 117300 avg_loss=2.708
[2457.2s] epoch 46 step 117350 avg_loss=2.692
[2458.2s] epoch 46 step 117400 avg_loss=2.694
[2459.2s] epoch 46 step 117450 avg_loss=2.712
[2460.1s] epoch 46 step 117500 avg_loss=2.716
[2461.1s] epoch 46 step 117550 avg_loss=2.750
[2462.0s] epoch 46 step 117600 avg_loss=2.771
[2463.0s] epoch 46 step 117650 avg_loss=2.780
[2463.9s] epoch 46 step 117700 avg_loss=2.784
[2464.8s] epoch 46 step 117750 avg_loss=2.787
[2465.9s] epoch 46 step 117800 avg_loss=2.806
[2467.0s] epoch 46 step 117850 avg_loss=2.819
[2467.8s] epoch 46 step 117900 avg_loss=2.809
[2468.8s] epoch 46 step 117950 avg_loss=2.821
[2469.8s] epoch 46 step 118000 avg_loss=2.813
[2470.8s] epoch 46 step 118050 avg_loss=2.840
[2471.7s] epoch 46 step 118100 avg_loss=2.837
[2472.6s] epoch 46 step 118150 avg_loss=2.839
[2473.7s] epoch 46 step 118200 avg_loss=2.851
[2474.5s] epoch 46 step 118250 avg_loss=2.846
[2475.4s] epoch 46 step 118300 avg_loss=2.847
[2476.4s] epoch 46 step 118350 avg_loss=2.866
[2477.3s] epoch 46 step 118400 avg_loss=2.877
[2478.3s] epoch 46 step 118450 avg_loss=2.892
[2479.2s] epoch 46 step 118500 avg_loss=2.906
[2480.1s] epoch 46 step 118550 avg_loss=2.921
[2481.1s] epoch 46 step 118600 avg_loss=2.924
[2482.2s] epoch 46 step 118650 avg_loss=2.926
[2483.6s] eval step=3750 train_avg_loss=2.939 dev_rank1_f1=0.5038 dev_edge_p=0.5043 dev_edge_r=0.5033
[2484.3s] epoch 46 step 118700 avg_loss=2.935
[2485.4s] epoch 46 step 118750 avg_loss=2.940
[2486.4s] epoch 46 step 118800 avg_loss=2.946
[2487.6s] epoch 46 step 118850 avg_loss=2.951
[2488.6s] epoch 46 step 118900 avg_loss=2.950
[2489.6s] epoch 46 step 118950 avg_loss=2.951
[2489.9s] === epoch 46 done: avg_loss=2.950 (n=2531 derivations) ===
[2490.8s] epoch 47 step 119000 avg_loss=2.458
[2491.7s] epoch 47 step 119050 avg_loss=2.407
[2492.9s] epoch 47 step 119100 avg_loss=2.575
[2493.9s] epoch 47 step 119150 avg_loss=2.642
[2494.9s] epoch 47 step 119200 avg_loss=2.605
[2495.8s] epoch 47 step 119250 avg_loss=2.561
[2496.8s] epoch 47 step 119300 avg_loss=2.644
[2498.0s] epoch 47 step 119350 avg_loss=2.748
[2499.0s] epoch 47 step 119400 avg_loss=2.747
[2500.0s] epoch 47 step 119450 avg_loss=2.750
[2500.9s] epoch 47 step 119500 avg_loss=2.794
[2501.9s] epoch 47 step 119550 avg_loss=2.740
[2502.9s] epoch 47 step 119600 avg_loss=2.748
[2503.9s] epoch 47 step 119650 avg_loss=2.753
[2504.8s] epoch 47 step 119700 avg_loss=2.741
[2505.6s] epoch 47 step 119750 avg_loss=2.731
[2506.5s] epoch 47 step 119800 avg_loss=2.717
[2507.4s] epoch 47 step 119850 avg_loss=2.743
[2508.2s] epoch 47 step 119900 avg_loss=2.736
[2509.3s] epoch 47 step 119950 avg_loss=2.744
[2510.2s] epoch 47 step 120000 avg_loss=2.769
[2511.2s] epoch 47 step 120050 avg_loss=2.802
[2512.1s] epoch 47 step 120100 avg_loss=2.773
[2513.0s] epoch 47 step 120150 avg_loss=2.783
[2513.9s] epoch 47 step 120200 avg_loss=2.779
[2515.0s] epoch 47 step 120250 avg_loss=2.781
[2516.0s] epoch 47 step 120300 avg_loss=2.791
[2516.8s] epoch 47 step 120350 avg_loss=2.794
[2517.8s] epoch 47 step 120400 avg_loss=2.802
[2518.8s] epoch 47 step 120450 avg_loss=2.806
[2519.8s] epoch 47 step 120500 avg_loss=2.820
[2520.8s] epoch 47 step 120550 avg_loss=2.825
[2521.7s] epoch 47 step 120600 avg_loss=2.831
[2522.6s] epoch 47 step 120650 avg_loss=2.828
[2523.5s] epoch 47 step 120700 avg_loss=2.825
[2524.7s] epoch 47 step 120750 avg_loss=2.847
[2525.8s] epoch 47 step 120800 avg_loss=2.852
[2526.7s] epoch 47 step 120850 avg_loss=2.860
[2527.7s] epoch 47 step 120900 avg_loss=2.868
[2528.6s] epoch 47 step 120950 avg_loss=2.878
[2529.5s] epoch 47 step 121000 avg_loss=2.895
[2530.4s] epoch 47 step 121050 avg_loss=2.895
[2531.4s] epoch 47 step 121100 avg_loss=2.902
[2532.5s] epoch 47 step 121150 avg_loss=2.899
[2533.6s] epoch 47 step 121200 avg_loss=2.905
[2534.4s] epoch 47 step 121250 avg_loss=2.902
[2535.2s] epoch 47 step 121300 avg_loss=2.904
[2536.1s] epoch 47 step 121350 avg_loss=2.898
[2537.0s] epoch 47 step 121400 avg_loss=2.905
[2538.1s] epoch 47 step 121450 avg_loss=2.917
[2538.8s] === epoch 47 done: avg_loss=2.922 (n=2531 derivations) ===
[2539.0s] epoch 48 step 121500 avg_loss=2.629
[2540.0s] epoch 48 step 121550 avg_loss=2.350
[2540.9s] epoch 48 step 121600 avg_loss=2.205
[2541.7s] epoch 48 step 121650 avg_loss=2.250
[2542.6s] epoch 48 step 121700 avg_loss=2.235
[2543.7s] epoch 48 step 121750 avg_loss=2.375
[2544.7s] epoch 48 step 121800 avg_loss=2.330
[2545.6s] epoch 48 step 121850 avg_loss=2.335
[2546.5s] epoch 48 step 121900 avg_loss=2.354
[2547.5s] epoch 48 step 121950 avg_loss=2.416
[2548.5s] epoch 48 step 122000 avg_loss=2.442
[2549.5s] epoch 48 step 122050 avg_loss=2.529
[2550.4s] epoch 48 step 122100 avg_loss=2.516
[2551.2s] epoch 48 step 122150 avg_loss=2.510
[2552.3s] epoch 48 step 122200 avg_loss=2.513
[2553.2s] epoch 48 step 122250 avg_loss=2.557
[2554.0s] epoch 48 step 122300 avg_loss=2.576
[2555.1s] epoch 48 step 122350 avg_loss=2.592
[2556.1s] epoch 48 step 122400 avg_loss=2.615
[2557.1s] epoch 48 step 122450 avg_loss=2.631
[2558.1s] epoch 48 step 122500 avg_loss=2.662
[2559.2s] epoch 48 step 122550 avg_loss=2.672
[2560.3s] epoch 48 step 122600 avg_loss=2.655
[2561.4s] epoch 48 step 122650 avg_loss=2.681
[2562.4s] epoch 48 step 122700 avg_loss=2.687
[2563.4s] epoch 48 step 122750 avg_loss=2.687
[2564.4s] epoch 48 step 122800 avg_loss=2.695
[2565.4s] epoch 48 step 122850 avg_loss=2.693
[2566.4s] epoch 48 step 122900 avg_loss=2.691
[2567.2s] epoch 48 step 122950 avg_loss=2.701
[2568.4s] epoch 48 step 123000 avg_loss=2.725
[2569.5s] epoch 48 step 123050 avg_loss=2.740
[2570.5s] epoch 48 step 123100 avg_loss=2.751
[2571.6s] epoch 48 step 123150 avg_loss=2.761
[2572.7s] epoch 48 step 123200 avg_loss=2.773
[2573.7s] epoch 48 step 123250 avg_loss=2.781
[2574.8s] epoch 48 step 123300 avg_loss=2.800
[2575.9s] epoch 48 step 123350 avg_loss=2.819
[2576.9s] epoch 48 step 123400 avg_loss=2.822
[2577.8s] epoch 48 step 123450 avg_loss=2.828
[2578.8s] epoch 48 step 123500 avg_loss=2.839
[2579.7s] epoch 48 step 123550 avg_loss=2.841
[2580.7s] epoch 48 step 123600 avg_loss=2.842
[2581.7s] epoch 48 step 123650 avg_loss=2.855
[2582.6s] epoch 48 step 123700 avg_loss=2.857
[2583.4s] epoch 48 step 123750 avg_loss=2.870
[2584.4s] epoch 48 step 123800 avg_loss=2.875
[2585.3s] epoch 48 step 123850 avg_loss=2.878
[2586.2s] epoch 48 step 123900 avg_loss=2.883
[2587.1s] epoch 48 step 123950 avg_loss=2.890
[2588.1s] epoch 48 step 124000 avg_loss=2.898
[2588.5s] === epoch 48 done: avg_loss=2.903 (n=2531 derivations) ===
[2589.1s] epoch 49 step 124050 avg_loss=2.412
[2590.1s] epoch 49 step 124100 avg_loss=2.242
[2591.0s] epoch 49 step 124150 avg_loss=2.286
[2592.1s] epoch 49 step 124200 avg_loss=2.374
[2593.0s] epoch 49 step 124250 avg_loss=2.436
[2593.8s] epoch 49 step 124300 avg_loss=2.411
[2594.9s] epoch 49 step 124350 avg_loss=2.432
[2596.0s] epoch 49 step 124400 avg_loss=2.394
[2597.1s] epoch 49 step 124450 avg_loss=2.426
[2598.2s] epoch 49 step 124500 avg_loss=2.467
[2599.0s] epoch 49 step 124550 avg_loss=2.448
[2600.1s] epoch 49 step 124600 avg_loss=2.468
[2601.0s] epoch 49 step 124650 avg_loss=2.484
[2601.9s] epoch 49 step 124700 avg_loss=2.505
[2603.0s] epoch 49 step 124750 avg_loss=2.517
[2604.0s] epoch 49 step 124800 avg_loss=2.558
[2605.1s] epoch 49 step 124850 avg_loss=2.584
[2606.1s] epoch 49 step 124900 avg_loss=2.593
[2607.0s] epoch 49 step 124950 avg_loss=2.587
[2608.0s] epoch 49 step 125000 avg_loss=2.587
[2609.1s] epoch 49 step 125050 avg_loss=2.621
[2610.0s] epoch 49 step 125100 avg_loss=2.630
[2611.0s] epoch 49 step 125150 avg_loss=2.624
[2612.0s] epoch 49 step 125200 avg_loss=2.660
[2612.9s] epoch 49 step 125250 avg_loss=2.676
[2613.8s] epoch 49 step 125300 avg_loss=2.687
[2614.7s] epoch 49 step 125350 avg_loss=2.708
[2615.7s] epoch 49 step 125400 avg_loss=2.719
[2616.7s] epoch 49 step 125450 avg_loss=2.730
[2618.0s] epoch 49 step 125500 avg_loss=2.746
[2619.0s] epoch 49 step 125550 avg_loss=2.756
[2620.0s] epoch 49 step 125600 avg_loss=2.767
[2620.8s] epoch 49 step 125650 avg_loss=2.778
[2621.7s] epoch 49 step 125700 avg_loss=2.778
[2622.6s] epoch 49 step 125750 avg_loss=2.778
[2623.5s] epoch 49 step 125800 avg_loss=2.775
[2624.5s] epoch 49 step 125850 avg_loss=2.801
[2625.4s] epoch 49 step 125900 avg_loss=2.802
[2626.4s] epoch 49 step 125950 avg_loss=2.820
[2627.3s] epoch 49 step 126000 avg_loss=2.829
[2628.4s] epoch 49 step 126050 avg_loss=2.828
[2629.5s] epoch 49 step 126100 avg_loss=2.847
[2630.4s] epoch 49 step 126150 avg_loss=2.848
[2631.4s] epoch 49 step 126200 avg_loss=2.848
[2632.5s] epoch 49 step 126250 avg_loss=2.860
[2633.6s] epoch 49 step 126300 avg_loss=2.861
[2634.7s] epoch 49 step 126350 avg_loss=2.871
[2635.8s] epoch 49 step 126400 avg_loss=2.872
[2636.7s] epoch 49 step 126450 avg_loss=2.873
[2637.7s] epoch 49 step 126500 avg_loss=2.873
[2638.7s] epoch 49 step 126550 avg_loss=2.882
[2639.5s] eval step=4000 train_avg_loss=2.882 dev_rank1_f1=0.4923 dev_edge_p=0.4633 dev_edge_r=0.5251
[2639.5s] === epoch 49 done: avg_loss=2.882 (n=2531 derivations) ===
[2640.4s] epoch 50 step 126600 avg_loss=2.334
[2641.4s] epoch 50 step 126650 avg_loss=2.205
[2642.3s] epoch 50 step 126700 avg_loss=2.248
[2643.3s] epoch 50 step 126750 avg_loss=2.339
[2644.3s] epoch 50 step 126800 avg_loss=2.345
[2645.4s] epoch 50 step 126850 avg_loss=2.467
[2646.5s] epoch 50 step 126900 avg_loss=2.462
[2647.4s] epoch 50 step 126950 avg_loss=2.468
[2648.4s] epoch 50 step 127000 avg_loss=2.460
[2649.6s] epoch 50 step 127050 avg_loss=2.503
[2650.5s] epoch 50 step 127100 avg_loss=2.518
[2651.8s] epoch 50 step 127150 avg_loss=2.557
[2652.7s] epoch 50 step 127200 avg_loss=2.541
[2653.6s] epoch 50 step 127250 avg_loss=2.521
[2654.6s] epoch 50 step 127300 avg_loss=2.530
[2655.6s] epoch 50 step 127350 avg_loss=2.529
[2656.5s] epoch 50 step 127400 avg_loss=2.524
[2657.4s] epoch 50 step 127450 avg_loss=2.554
[2658.4s] epoch 50 step 127500 avg_loss=2.585
[2659.3s] epoch 50 step 127550 avg_loss=2.604
[2660.2s] epoch 50 step 127600 avg_loss=2.620
[2661.2s] epoch 50 step 127650 avg_loss=2.655
[2662.1s] epoch 50 step 127700 avg_loss=2.690
[2663.1s] epoch 50 step 127750 avg_loss=2.712
[2664.1s] epoch 50 step 127800 avg_loss=2.729
[2664.9s] epoch 50 step 127850 avg_loss=2.746
[2665.9s] epoch 50 step 127900 avg_loss=2.750
[2666.9s] epoch 50 step 127950 avg_loss=2.750
[2667.8s] epoch 50 step 128000 avg_loss=2.751
[2668.8s] epoch 50 step 128050 avg_loss=2.742
[2669.7s] epoch 50 step 128100 avg_loss=2.748
[2670.7s] epoch 50 step 128150 avg_loss=2.754
[2671.6s] epoch 50 step 128200 avg_loss=2.738
[2672.6s] epoch 50 step 128250 avg_loss=2.745
[2673.5s] epoch 50 step 128300 avg_loss=2.749
[2674.4s] epoch 50 step 128350 avg_loss=2.752
[2675.4s] epoch 50 step 128400 avg_loss=2.772
[2676.3s] epoch 50 step 128450 avg_loss=2.784
[2677.2s] epoch 50 step 128500 avg_loss=2.779
[2678.2s] epoch 50 step 128550 avg_loss=2.797
[2679.1s] epoch 50 step 128600 avg_loss=2.805
[2680.1s] epoch 50 step 128650 avg_loss=2.814
[2681.1s] epoch 50 step 128700 avg_loss=2.817
[2681.9s] epoch 50 step 128750 avg_loss=2.816
[2682.8s] epoch 50 step 128800 avg_loss=2.827
[2683.7s] epoch 50 step 128850 avg_loss=2.830
[2684.6s] epoch 50 step 128900 avg_loss=2.827
[2685.6s] epoch 50 step 128950 avg_loss=2.838
[2686.6s] epoch 50 step 129000 avg_loss=2.841
[2687.6s] epoch 50 step 129050 avg_loss=2.854
[2688.2s] === epoch 50 done: avg_loss=2.862 (n=2531 derivations) ===
[2688.5s] epoch 51 step 129100 avg_loss=2.340
[2689.4s] epoch 51 step 129150 avg_loss=2.381
[2690.2s] epoch 51 step 129200 avg_loss=2.569
[2691.1s] epoch 51 step 129250 avg_loss=2.506
[2692.2s] epoch 51 step 129300 avg_loss=2.524
[2693.3s] epoch 51 step 129350 avg_loss=2.523
[2694.4s] epoch 51 step 129400 avg_loss=2.447
[2695.5s] epoch 51 step 129450 avg_loss=2.475
[2696.5s] epoch 51 step 129500 avg_loss=2.497
[2697.4s] epoch 51 step 129550 avg_loss=2.520
[2698.4s] epoch 51 step 129600 avg_loss=2.510
[2699.2s] epoch 51 step 129650 avg_loss=2.539
[2700.2s] epoch 51 step 129700 avg_loss=2.551
[2701.2s] epoch 51 step 129750 avg_loss=2.561
[2702.1s] epoch 51 step 129800 avg_loss=2.587
[2703.1s] epoch 51 step 129850 avg_loss=2.606
[2704.2s] epoch 51 step 129900 avg_loss=2.613
[2705.1s] epoch 51 step 129950 avg_loss=2.599
[2706.1s] epoch 51 step 130000 avg_loss=2.596
[2707.0s] epoch 51 step 130050 avg_loss=2.623
[2707.9s] epoch 51 step 130100 avg_loss=2.646
[2708.9s] epoch 51 step 130150 avg_loss=2.639
[2709.8s] epoch 51 step 130200 avg_loss=2.647
[2710.8s] epoch 51 step 130250 avg_loss=2.660
[2712.0s] epoch 51 step 130300 avg_loss=2.675
[2713.0s] epoch 51 step 130350 avg_loss=2.686
[2714.0s] epoch 51 step 130400 avg_loss=2.679
[2715.1s] epoch 51 step 130450 avg_loss=2.700
[2716.2s] epoch 51 step 130500 avg_loss=2.710
[2717.1s] epoch 51 step 130550 avg_loss=2.710
[2718.1s] epoch 51 step 130600 avg_loss=2.713
[2719.1s] epoch 51 step 130650 avg_loss=2.717
[2720.1s] epoch 51 step 130700 avg_loss=2.712
[2721.1s] epoch 51 step 130750 avg_loss=2.732
[2722.3s] epoch 51 step 130800 avg_loss=2.752
[2723.4s] epoch 51 step 130850 avg_loss=2.766
[2724.6s] epoch 51 step 130900 avg_loss=2.768
[2725.6s] epoch 51 step 130950 avg_loss=2.761
[2726.5s] epoch 51 step 131000 avg_loss=2.756
[2727.5s] epoch 51 step 131050 avg_loss=2.768
[2728.4s] epoch 51 step 131100 avg_loss=2.766
[2729.4s] epoch 51 step 131150 avg_loss=2.769
[2730.4s] epoch 51 step 131200 avg_loss=2.760
[2731.4s] epoch 51 step 131250 avg_loss=2.780
[2732.3s] epoch 51 step 131300 avg_loss=2.790
[2733.3s] epoch 51 step 131350 avg_loss=2.794
[2734.3s] epoch 51 step 131400 avg_loss=2.809
[2735.2s] epoch 51 step 131450 avg_loss=2.820
[2736.1s] epoch 51 step 131500 avg_loss=2.816
[2737.0s] epoch 51 step 131550 avg_loss=2.814
[2738.1s] epoch 51 step 131600 avg_loss=2.824
[2738.3s] === epoch 51 done: avg_loss=2.825 (n=2531 derivations) ===
[2739.0s] epoch 52 step 131650 avg_loss=2.916
[2739.9s] epoch 52 step 131700 avg_loss=2.580
[2740.9s] epoch 52 step 131750 avg_loss=2.667
[2742.1s] epoch 52 step 131800 avg_loss=2.625
[2743.0s] epoch 52 step 131850 avg_loss=2.547
[2744.1s] epoch 52 step 131900 avg_loss=2.569
[2745.0s] epoch 52 step 131950 avg_loss=2.569
[2746.0s] epoch 52 step 132000 avg_loss=2.609
[2747.0s] epoch 52 step 132050 avg_loss=2.562
[2748.0s] epoch 52 step 132100 avg_loss=2.563
[2748.9s] epoch 52 step 132150 avg_loss=2.542
[2749.8s] epoch 52 step 132200 avg_loss=2.523
[2750.9s] epoch 52 step 132250 avg_loss=2.548
[2752.0s] epoch 52 step 132300 avg_loss=2.606
[2753.1s] epoch 52 step 132350 avg_loss=2.593
[2754.1s] epoch 52 step 132400 avg_loss=2.570
[2755.3s] epoch 52 step 132450 avg_loss=2.582
[2756.4s] epoch 52 step 132500 avg_loss=2.578
[2757.5s] epoch 52 step 132550 avg_loss=2.575
[2758.5s] epoch 52 step 132600 avg_loss=2.568
[2759.5s] epoch 52 step 132650 avg_loss=2.582
[2760.6s] epoch 52 step 132700 avg_loss=2.609
[2761.8s] epoch 52 step 132750 avg_loss=2.609
[2762.9s] epoch 52 step 132800 avg_loss=2.631
[2764.0s] epoch 52 step 132850 avg_loss=2.678
[2765.1s] epoch 52 step 132900 avg_loss=2.684
[2766.2s] epoch 52 step 132950 avg_loss=2.694
[2767.2s] epoch 52 step 133000 avg_loss=2.693
[2768.3s] epoch 52 step 133050 avg_loss=2.694
[2769.6s] epoch 52 step 133100 avg_loss=2.706
[2770.8s] epoch 52 step 133150 avg_loss=2.731
[2771.7s] epoch 52 step 133200 avg_loss=2.732
[2772.6s] epoch 52 step 133250 avg_loss=2.734
[2773.4s] epoch 52 step 133300 avg_loss=2.741
[2774.4s] epoch 52 step 133350 avg_loss=2.752
[2775.5s] epoch 52 step 133400 avg_loss=2.750
[2776.5s] epoch 52 step 133450 avg_loss=2.759
[2777.6s] epoch 52 step 133500 avg_loss=2.750
[2778.7s] epoch 52 step 133550 avg_loss=2.745
[2779.7s] epoch 52 step 133600 avg_loss=2.753
[2780.7s] epoch 52 step 133650 avg_loss=2.751
[2781.8s] epoch 52 step 133700 avg_loss=2.763
[2782.8s] epoch 52 step 133750 avg_loss=2.764
[2783.9s] epoch 52 step 133800 avg_loss=2.767
[2785.2s] epoch 52 step 133850 avg_loss=2.772
[2786.4s] epoch 52 step 133900 avg_loss=2.802
[2787.3s] epoch 52 step 133950 avg_loss=2.807
[2788.4s] epoch 52 step 134000 avg_loss=2.814
[2789.4s] epoch 52 step 134050 avg_loss=2.814
[2790.6s] epoch 52 step 134100 avg_loss=2.823
[2791.5s] === epoch 52 done: avg_loss=2.826 (n=2531 derivations) ===
[2791.7s] epoch 53 step 134150 avg_loss=2.215
[2792.7s] epoch 53 step 134200 avg_loss=1.966
[2793.8s] epoch 53 step 134250 avg_loss=2.418
[2794.6s] epoch 53 step 134300 avg_loss=2.426
[2795.5s] epoch 53 step 134350 avg_loss=2.356
[2796.5s] epoch 53 step 134400 avg_loss=2.405
[2797.4s] epoch 53 step 134450 avg_loss=2.385
[2798.4s] eval step=4250 train_avg_loss=2.418 dev_rank1_f1=0.5090 dev_edge_p=0.5128 dev_edge_r=0.5052
[2799.3s] epoch 53 step 134500 avg_loss=2.483
[2800.2s] epoch 53 step 134550 avg_loss=2.476
[2801.1s] epoch 53 step 134600 avg_loss=2.523
[2802.0s] epoch 53 step 134650 avg_loss=2.521
[2803.1s] epoch 53 step 134700 avg_loss=2.552
[2804.2s] epoch 53 step 134750 avg_loss=2.533
[2805.3s] epoch 53 step 134800 avg_loss=2.536
[2806.1s] epoch 53 step 134850 avg_loss=2.511
[2807.1s] epoch 53 step 134900 avg_loss=2.518
[2808.1s] epoch 53 step 134950 avg_loss=2.539
[2809.1s] epoch 53 step 135000 avg_loss=2.515
[2810.0s] epoch 53 step 135050 avg_loss=2.539
[2811.0s] epoch 53 step 135100 avg_loss=2.530
[2811.9s] epoch 53 step 135150 avg_loss=2.542
[2812.9s] epoch 53 step 135200 avg_loss=2.556
[2814.1s] epoch 53 step 135250 avg_loss=2.585
[2815.1s] epoch 53 step 135300 avg_loss=2.585
[2815.9s] epoch 53 step 135350 avg_loss=2.570
[2816.8s] epoch 53 step 135400 avg_loss=2.568
[2817.7s] epoch 53 step 135450 avg_loss=2.572
[2818.6s] epoch 53 step 135500 avg_loss=2.594
[2819.6s] epoch 53 step 135550 avg_loss=2.599
[2820.6s] epoch 53 step 135600 avg_loss=2.612
[2821.5s] epoch 53 step 135650 avg_loss=2.638
[2822.7s] epoch 53 step 135700 avg_loss=2.644
[2823.8s] epoch 53 step 135750 avg_loss=2.673
[2825.0s] epoch 53 step 135800 avg_loss=2.679
[2826.0s] epoch 53 step 135850 avg_loss=2.683
[2827.0s] epoch 53 step 135900 avg_loss=2.685
[2827.9s] epoch 53 step 135950 avg_loss=2.684
[2828.9s] epoch 53 step 136000 avg_loss=2.695
[2829.8s] epoch 53 step 136050 avg_loss=2.691
[2830.7s] epoch 53 step 136100 avg_loss=2.687
[2831.8s] epoch 53 step 136150 avg_loss=2.703
[2832.9s] epoch 53 step 136200 avg_loss=2.705
[2834.1s] epoch 53 step 136250 avg_loss=2.722
[2835.1s] epoch 53 step 136300 avg_loss=2.735
[2836.0s] epoch 53 step 136350 avg_loss=2.731
[2836.9s] epoch 53 step 136400 avg_loss=2.744
[2837.8s] epoch 53 step 136450 avg_loss=2.758
[2838.8s] epoch 53 step 136500 avg_loss=2.770
[2839.9s] epoch 53 step 136550 avg_loss=2.792
[2840.8s] epoch 53 step 136600 avg_loss=2.797
[2841.9s] epoch 53 step 136650 avg_loss=2.790
[2842.4s] === epoch 53 done: avg_loss=2.783 (n=2531 derivations) ===
[2843.0s] epoch 54 step 136700 avg_loss=2.841
[2843.9s] epoch 54 step 136750 avg_loss=2.745
[2844.8s] epoch 54 step 136800 avg_loss=2.580
[2845.9s] epoch 54 step 136850 avg_loss=2.547
[2847.0s] epoch 54 step 136900 avg_loss=2.581
[2847.9s] epoch 54 step 136950 avg_loss=2.572
[2848.9s] epoch 54 step 137000 avg_loss=2.555
[2850.0s] epoch 54 step 137050 avg_loss=2.583
[2851.0s] epoch 54 step 137100 avg_loss=2.610
[2852.1s] epoch 54 step 137150 avg_loss=2.570
[2853.0s] epoch 54 step 137200 avg_loss=2.575
[2854.1s] epoch 54 step 137250 avg_loss=2.554
[2855.6s] epoch 54 step 137300 avg_loss=2.551
[2856.8s] epoch 54 step 137350 avg_loss=2.583
[2858.0s] epoch 54 step 137400 avg_loss=2.599
[2859.1s] epoch 54 step 137450 avg_loss=2.593
[2860.3s] epoch 54 step 137500 avg_loss=2.635
[2861.5s] epoch 54 step 137550 avg_loss=2.617
[2862.4s] epoch 54 step 137600 avg_loss=2.609
[2863.5s] epoch 54 step 137650 avg_loss=2.641
[2864.5s] epoch 54 step 137700 avg_loss=2.624
[2865.4s] epoch 54 step 137750 avg_loss=2.628
[2866.3s] epoch 54 step 137800 avg_loss=2.617
[2867.4s] epoch 54 step 137850 avg_loss=2.608
[2868.5s] epoch 54 step 137900 avg_loss=2.636
[2869.5s] epoch 54 step 137950 avg_loss=2.651
[2870.5s] epoch 54 step 138000 avg_loss=2.663
[2871.4s] epoch 54 step 138050 avg_loss=2.665
[2872.5s] epoch 54 step 138100 avg_loss=2.665
[2873.5s] epoch 54 step 138150 avg_loss=2.692
[2874.6s] epoch 54 step 138200 avg_loss=2.691
[2875.5s] epoch 54 step 138250 avg_loss=2.703
[2876.4s] epoch 54 step 138300 avg_loss=2.713
[2877.4s] epoch 54 step 138350 avg_loss=2.703
[2878.3s] epoch 54 step 138400 avg_loss=2.711
[2879.3s] epoch 54 step 138450 avg_loss=2.728
[2880.2s] epoch 54 step 138500 avg_loss=2.730
[2881.1s] epoch 54 step 138550 avg_loss=2.735
[2882.1s] epoch 54 step 138600 avg_loss=2.726
[2883.2s] epoch 54 step 138650 avg_loss=2.725
[2884.2s] epoch 54 step 138700 avg_loss=2.732
[2885.2s] epoch 54 step 138750 avg_loss=2.737
[2886.2s] epoch 54 step 138800 avg_loss=2.739
[2887.3s] epoch 54 step 138850 avg_loss=2.750
[2888.3s] epoch 54 step 138900 avg_loss=2.769
[2889.3s] epoch 54 step 138950 avg_loss=2.769
[2890.3s] epoch 54 step 139000 avg_loss=2.770
[2891.4s] epoch 54 step 139050 avg_loss=2.778
[2892.6s] epoch 54 step 139100 avg_loss=2.776
[2893.7s] epoch 54 step 139150 avg_loss=2.778
[2894.9s] epoch 54 step 139200 avg_loss=2.788
[2895.0s] === epoch 54 done: avg_loss=2.786 (n=2531 derivations) ===
[2896.0s] epoch 55 step 139250 avg_loss=2.380
[2897.0s] epoch 55 step 139300 avg_loss=2.419
[2898.2s] epoch 55 step 139350 avg_loss=2.421
[2899.2s] epoch 55 step 139400 avg_loss=2.320
[2900.2s] epoch 55 step 139450 avg_loss=2.383
[2901.2s] epoch 55 step 139500 avg_loss=2.406
[2902.2s] epoch 55 step 139550 avg_loss=2.391
[2903.1s] epoch 55 step 139600 avg_loss=2.446
[2904.3s] epoch 55 step 139650 avg_loss=2.548
[2905.3s] epoch 55 step 139700 avg_loss=2.510
[2906.2s] epoch 55 step 139750 avg_loss=2.502
[2907.3s] epoch 55 step 139800 avg_loss=2.489
[2908.2s] epoch 55 step 139850 avg_loss=2.475
[2909.1s] epoch 55 step 139900 avg_loss=2.465
[2910.1s] epoch 55 step 139950 avg_loss=2.455
[2911.0s] epoch 55 step 140000 avg_loss=2.476
[2912.1s] epoch 55 step 140050 avg_loss=2.461
[2913.3s] epoch 55 step 140100 avg_loss=2.481
[2914.3s] epoch 55 step 140150 avg_loss=2.475
[2915.3s] epoch 55 step 140200 avg_loss=2.491
[2916.2s] epoch 55 step 140250 avg_loss=2.496
[2917.1s] epoch 55 step 140300 avg_loss=2.506
[2918.0s] epoch 55 step 140350 avg_loss=2.518
[2918.8s] epoch 55 step 140400 avg_loss=2.519
[2919.9s] epoch 55 step 140450 avg_loss=2.527
[2920.8s] epoch 55 step 140500 avg_loss=2.535
[2921.8s] epoch 55 step 140550 avg_loss=2.545
[2922.7s] epoch 55 step 140600 avg_loss=2.557
[2923.7s] epoch 55 step 140650 avg_loss=2.553
[2924.8s] epoch 55 step 140700 avg_loss=2.561
[2925.8s] epoch 55 step 140750 avg_loss=2.572
[2926.9s] epoch 55 step 140800 avg_loss=2.588
[2928.0s] epoch 55 step 140850 avg_loss=2.606
[2929.1s] epoch 55 step 140900 avg_loss=2.621
[2930.1s] epoch 55 step 140950 avg_loss=2.647
[2931.1s] epoch 55 step 141000 avg_loss=2.654
[2932.2s] epoch 55 step 141050 avg_loss=2.665
[2933.1s] epoch 55 step 141100 avg_loss=2.674
[2934.1s] epoch 55 step 141150 avg_loss=2.665
[2935.1s] epoch 55 step 141200 avg_loss=2.673
[2936.2s] epoch 55 step 141250 avg_loss=2.686
[2937.1s] epoch 55 step 141300 avg_loss=2.695
[2938.1s] epoch 55 step 141350 avg_loss=2.710
[2939.2s] epoch 55 step 141400 avg_loss=2.719
[2940.2s] epoch 55 step 141450 avg_loss=2.715
[2941.2s] epoch 55 step 141500 avg_loss=2.720
[2942.3s] epoch 55 step 141550 avg_loss=2.728
[2943.6s] epoch 55 step 141600 avg_loss=2.734
[2944.7s] epoch 55 step 141650 avg_loss=2.741
[2945.6s] epoch 55 step 141700 avg_loss=2.745
[2946.4s] === epoch 55 done: avg_loss=2.750 (n=2531 derivations) ===
[2946.7s] epoch 56 step 141750 avg_loss=2.686
[2947.8s] epoch 56 step 141800 avg_loss=2.195
[2948.9s] epoch 56 step 141850 avg_loss=2.352
[2949.8s] epoch 56 step 141900 avg_loss=2.345
[2950.9s] epoch 56 step 141950 avg_loss=2.358
[2951.9s] epoch 56 step 142000 avg_loss=2.361
[2953.2s] epoch 56 step 142050 avg_loss=2.337
[2954.1s] epoch 56 step 142100 avg_loss=2.346
[2955.2s] epoch 56 step 142150 avg_loss=2.347
[2956.3s] epoch 56 step 142200 avg_loss=2.380
[2957.2s] epoch 56 step 142250 avg_loss=2.375
[2958.2s] epoch 56 step 142300 avg_loss=2.422
[2959.4s] epoch 56 step 142350 avg_loss=2.464
[2960.9s] eval step=4500 train_avg_loss=2.465 dev_rank1_f1=0.4821 dev_edge_p=0.4681 dev_edge_r=0.4971
[2961.5s] epoch 56 step 142400 avg_loss=2.480
[2962.5s] epoch 56 step 142450 avg_loss=2.479
[2963.6s] epoch 56 step 142500 avg_loss=2.506
[2964.7s] epoch 56 step 142550 avg_loss=2.554
[2965.7s] epoch 56 step 142600 avg_loss=2.555
[2966.6s] epoch 56 step 142650 avg_loss=2.545
[2967.6s] epoch 56 step 142700 avg_loss=2.551
[2968.6s] epoch 56 step 142750 avg_loss=2.554
[2969.9s] epoch 56 step 142800 avg_loss=2.557
[2971.0s] epoch 56 step 142850 avg_loss=2.560
[2972.1s] epoch 56 step 142900 avg_loss=2.592
[2973.1s] epoch 56 step 142950 avg_loss=2.597
[2974.1s] epoch 56 step 143000 avg_loss=2.588
[2975.2s] epoch 56 step 143050 avg_loss=2.612
[2976.1s] epoch 56 step 143100 avg_loss=2.594
[2977.2s] epoch 56 step 143150 avg_loss=2.598
[2978.4s] epoch 56 step 143200 avg_loss=2.627
[2979.5s] epoch 56 step 143250 avg_loss=2.642
[2980.5s] epoch 56 step 143300 avg_loss=2.660
[2981.5s] epoch 56 step 143350 avg_loss=2.673
[2982.4s] epoch 56 step 143400 avg_loss=2.670
[2983.4s] epoch 56 step 143450 avg_loss=2.677
[2984.3s] epoch 56 step 143500 avg_loss=2.668
[2985.3s] epoch 56 step 143550 avg_loss=2.671
[2986.2s] epoch 56 step 143600 avg_loss=2.667
[2987.2s] epoch 56 step 143650 avg_loss=2.667
[2988.3s] epoch 56 step 143700 avg_loss=2.670
[2989.2s] epoch 56 step 143750 avg_loss=2.673
[2990.2s] epoch 56 step 143800 avg_loss=2.681
[2991.3s] epoch 56 step 143850 avg_loss=2.699
[2992.1s] epoch 56 step 143900 avg_loss=2.698
[2993.0s] epoch 56 step 143950 avg_loss=2.692
[2994.0s] epoch 56 step 144000 avg_loss=2.709
[2994.9s] epoch 56 step 144050 avg_loss=2.710
[2995.9s] epoch 56 step 144100 avg_loss=2.720
[2996.8s] epoch 56 step 144150 avg_loss=2.726
[2997.8s] epoch 56 step 144200 avg_loss=2.735
[2998.7s] epoch 56 step 144250 avg_loss=2.730
[2999.0s] === epoch 56 done: avg_loss=2.730 (n=2531 derivations) ===
[2999.5s] epoch 57 step 144300 avg_loss=2.468
[3000.4s] epoch 57 step 144350 avg_loss=2.465
[3001.3s] epoch 57 step 144400 avg_loss=2.531
[3002.2s] epoch 57 step 144450 avg_loss=2.560
[3003.2s] epoch 57 step 144500 avg_loss=2.503
[3004.1s] epoch 57 step 144550 avg_loss=2.515
[3005.0s] epoch 57 step 144600 avg_loss=2.518
[3006.0s] epoch 57 step 144650 avg_loss=2.507
[3007.0s] epoch 57 step 144700 avg_loss=2.588
[3007.9s] epoch 57 step 144750 avg_loss=2.617
[3008.8s] epoch 57 step 144800 avg_loss=2.569
[3009.8s] epoch 57 step 144850 avg_loss=2.595
[3010.8s] epoch 57 step 144900 avg_loss=2.589
[3011.8s] epoch 57 step 144950 avg_loss=2.570
[3012.9s] epoch 57 step 145000 avg_loss=2.579
[3014.0s] epoch 57 step 145050 avg_loss=2.577
[3015.2s] epoch 57 step 145100 avg_loss=2.585
[3016.2s] epoch 57 step 145150 avg_loss=2.594
[3017.1s] epoch 57 step 145200 avg_loss=2.604
[3018.0s] epoch 57 step 145250 avg_loss=2.624
[3019.1s] epoch 57 step 145300 avg_loss=2.619
[3020.1s] epoch 57 step 145350 avg_loss=2.622
[3021.0s] epoch 57 step 145400 avg_loss=2.620
[3021.9s] epoch 57 step 145450 avg_loss=2.625
[3023.0s] epoch 57 step 145500 avg_loss=2.650
[3024.0s] epoch 57 step 145550 avg_loss=2.673
[3025.1s] epoch 57 step 145600 avg_loss=2.682
[3026.1s] epoch 57 step 145650 avg_loss=2.661
[3027.3s] epoch 57 step 145700 avg_loss=2.662
[3028.4s] epoch 57 step 145750 avg_loss=2.662
[3029.5s] epoch 57 step 145800 avg_loss=2.687
[3030.5s] epoch 57 step 145850 avg_loss=2.683
[3031.5s] epoch 57 step 145900 avg_loss=2.691
[3032.5s] epoch 57 step 145950 avg_loss=2.685
[3033.3s] epoch 57 step 146000 avg_loss=2.675
[3034.2s] epoch 57 step 146050 avg_loss=2.666
[3035.5s] epoch 57 step 146100 avg_loss=2.669
[3036.6s] epoch 57 step 146150 avg_loss=2.680
[3037.6s] epoch 57 step 146200 avg_loss=2.679
[3038.7s] epoch 57 step 146250 avg_loss=2.687
[3039.7s] epoch 57 step 146300 avg_loss=2.695
[3040.7s] epoch 57 step 146350 avg_loss=2.697
[3041.7s] epoch 57 step 146400 avg_loss=2.692
[3042.6s] epoch 57 step 146450 avg_loss=2.691
[3043.6s] epoch 57 step 146500 avg_loss=2.699
[3044.7s] epoch 57 step 146550 avg_loss=2.701
[3045.6s] epoch 57 step 146600 avg_loss=2.707
[3046.7s] epoch 57 step 146650 avg_loss=2.713
[3047.6s] epoch 57 step 146700 avg_loss=2.714
[3048.5s] epoch 57 step 146750 avg_loss=2.710
[3049.5s] === epoch 57 done: avg_loss=2.713 (n=2531 derivations) ===
[3049.5s] epoch 58 step 146800 avg_loss=3.650
[3050.5s] epoch 58 step 146850 avg_loss=2.362
[3051.5s] epoch 58 step 146900 avg_loss=2.314
[3052.4s] epoch 58 step 146950 avg_loss=2.265
[3053.4s] epoch 58 step 147000 avg_loss=2.213
[3054.5s] epoch 58 step 147050 avg_loss=2.266
[3055.5s] epoch 58 step 147100 avg_loss=2.270
[3056.6s] epoch 58 step 147150 avg_loss=2.253
[3057.8s] epoch 58 step 147200 avg_loss=2.350
[3058.6s] epoch 58 step 147250 avg_loss=2.374
[3059.7s] epoch 58 step 147300 avg_loss=2.430
[3060.6s] epoch 58 step 147350 avg_loss=2.430
[3061.6s] epoch 58 step 147400 avg_loss=2.456
[3062.4s] epoch 58 step 147450 avg_loss=2.430
[3063.4s] epoch 58 step 147500 avg_loss=2.428
[3064.5s] epoch 58 step 147550 avg_loss=2.457
[3065.5s] epoch 58 step 147600 avg_loss=2.492
[3066.6s] epoch 58 step 147650 avg_loss=2.475
[3067.6s] epoch 58 step 147700 avg_loss=2.481
[3068.4s] epoch 58 step 147750 avg_loss=2.494
[3069.3s] epoch 58 step 147800 avg_loss=2.508
[3070.3s] epoch 58 step 147850 avg_loss=2.524
[3071.2s] epoch 58 step 147900 avg_loss=2.518
[3072.1s] epoch 58 step 147950 avg_loss=2.511
[3073.1s] epoch 58 step 148000 avg_loss=2.501
[3074.1s] epoch 58 step 148050 avg_loss=2.506
[3075.0s] epoch 58 step 148100 avg_loss=2.533
[3075.9s] epoch 58 step 148150 avg_loss=2.534
[3076.8s] epoch 58 step 148200 avg_loss=2.541
[3077.9s] epoch 58 step 148250 avg_loss=2.552
[3079.0s] epoch 58 step 148300 avg_loss=2.573
[3080.0s] epoch 58 step 148350 avg_loss=2.594
[3081.0s] epoch 58 step 148400 avg_loss=2.598
[3082.1s] epoch 58 step 148450 avg_loss=2.612
[3083.1s] epoch 58 step 148500 avg_loss=2.629
[3084.3s] epoch 58 step 148550 avg_loss=2.638
[3085.3s] epoch 58 step 148600 avg_loss=2.638
[3086.3s] epoch 58 step 148650 avg_loss=2.642
[3087.3s] epoch 58 step 148700 avg_loss=2.650
[3088.3s] epoch 58 step 148750 avg_loss=2.669
[3089.5s] epoch 58 step 148800 avg_loss=2.667
[3090.5s] epoch 58 step 148850 avg_loss=2.675
[3091.6s] epoch 58 step 148900 avg_loss=2.668
[3092.5s] epoch 58 step 148950 avg_loss=2.662
[3093.4s] epoch 58 step 149000 avg_loss=2.660
[3094.7s] epoch 58 step 149050 avg_loss=2.663
[3095.8s] epoch 58 step 149100 avg_loss=2.668
[3096.7s] epoch 58 step 149150 avg_loss=2.672
[3097.6s] epoch 58 step 149200 avg_loss=2.680
[3098.7s] epoch 58 step 149250 avg_loss=2.688
[3099.7s] epoch 58 step 149300 avg_loss=2.700
[3100.3s] === epoch 58 done: avg_loss=2.700 (n=2531 derivations) ===
[3100.7s] epoch 59 step 149350 avg_loss=2.349
[3101.7s] epoch 59 step 149400 avg_loss=2.582
[3102.8s] epoch 59 step 149450 avg_loss=2.464
[3104.0s] epoch 59 step 149500 avg_loss=2.448
[3105.2s] epoch 59 step 149550 avg_loss=2.328
[3106.3s] epoch 59 step 149600 avg_loss=2.285
[3107.4s] epoch 59 step 149650 avg_loss=2.284
[3108.5s] epoch 59 step 149700 avg_loss=2.265
[3109.6s] epoch 59 step 149750 avg_loss=2.278
[3110.6s] epoch 59 step 149800 avg_loss=2.314
[3111.7s] epoch 59 step 149850 avg_loss=2.320
[3112.8s] epoch 59 step 149900 avg_loss=2.353
[3114.0s] epoch 59 step 149950 avg_loss=2.351
[3115.1s] epoch 59 step 150000 avg_loss=2.386
[3116.1s] epoch 59 step 150050 avg_loss=2.387
[3117.1s] epoch 59 step 150100 avg_loss=2.402
[3118.0s] epoch 59 step 150150 avg_loss=2.424
[3119.1s] epoch 59 step 150200 avg_loss=2.474
[3119.9s] epoch 59 step 150250 avg_loss=2.454
[3121.7s] eval step=4750 train_avg_loss=2.461 dev_rank1_f1=0.4938 dev_edge_p=0.4831 dev_edge_r=0.5050
[3122.0s] epoch 59 step 150300 avg_loss=2.452
[3122.9s] epoch 59 step 150350 avg_loss=2.459
[3123.8s] epoch 59 step 150400 avg_loss=2.470
[3124.8s] epoch 59 step 150450 avg_loss=2.468
[3126.0s] epoch 59 step 150500 avg_loss=2.474
[3127.1s] epoch 59 step 150550 avg_loss=2.474
[3128.1s] epoch 59 step 150600 avg_loss=2.470
[3129.1s] epoch 59 step 150650 avg_loss=2.476
[3130.3s] epoch 59 step 150700 avg_loss=2.513
[3131.5s] epoch 59 step 150750 avg_loss=2.520
[3132.6s] epoch 59 step 150800 avg_loss=2.522
[3133.8s] epoch 59 step 150850 avg_loss=2.524
[3135.1s] epoch 59 step 150900 avg_loss=2.536
[3136.2s] epoch 59 step 150950 avg_loss=2.546
[3137.0s] epoch 59 step 151000 avg_loss=2.560
[3138.0s] epoch 59 step 151050 avg_loss=2.559
[3138.9s] epoch 59 step 151100 avg_loss=2.562
[3139.8s] epoch 59 step 151150 avg_loss=2.569
[3140.8s] epoch 59 step 151200 avg_loss=2.584
[3141.7s] epoch 59 step 151250 avg_loss=2.590
[3142.7s] epoch 59 step 151300 avg_loss=2.609
[3143.6s] epoch 59 step 151350 avg_loss=2.614
[3144.6s] epoch 59 step 151400 avg_loss=2.620
[3145.6s] epoch 59 step 151450 avg_loss=2.627
[3146.4s] epoch 59 step 151500 avg_loss=2.621
[3147.4s] epoch 59 step 151550 avg_loss=2.621
[3148.3s] epoch 59 step 151600 avg_loss=2.631
[3149.4s] epoch 59 step 151650 avg_loss=2.639
[3150.6s] epoch 59 step 151700 avg_loss=2.640
[3151.6s] epoch 59 step 151750 avg_loss=2.641
[3152.7s] epoch 59 step 151800 avg_loss=2.657
[3153.7s] epoch 59 step 151850 avg_loss=2.680
[3153.9s] === epoch 59 done: avg_loss=2.679 (n=2531 derivations) ===
[3154.8s] epoch 60 step 151900 avg_loss=2.515
[3155.9s] epoch 60 step 151950 avg_loss=2.598
[3157.0s] epoch 60 step 152000 avg_loss=2.563
[3158.1s] epoch 60 step 152050 avg_loss=2.471
[3159.2s] epoch 60 step 152100 avg_loss=2.349
[3160.3s] epoch 60 step 152150 avg_loss=2.364
[3161.4s] epoch 60 step 152200 avg_loss=2.372
[3162.4s] epoch 60 step 152250 avg_loss=2.381
[3163.4s] epoch 60 step 152300 avg_loss=2.364
[3164.4s] epoch 60 step 152350 avg_loss=2.370
[3165.4s] epoch 60 step 152400 avg_loss=2.409
[3166.4s] epoch 60 step 152450 avg_loss=2.388
[3167.5s] epoch 60 step 152500 avg_loss=2.417
[3168.6s] epoch 60 step 152550 avg_loss=2.423
[3169.7s] epoch 60 step 152600 avg_loss=2.446
[3170.8s] epoch 60 step 152650 avg_loss=2.468
[3171.7s] epoch 60 step 152700 avg_loss=2.486
[3172.7s] epoch 60 step 152750 avg_loss=2.506
[3173.8s] epoch 60 step 152800 avg_loss=2.501
[3174.9s] epoch 60 step 152850 avg_loss=2.502
[3175.9s] epoch 60 step 152900 avg_loss=2.494
[3176.9s] epoch 60 step 152950 avg_loss=2.486
[3178.0s] epoch 60 step 153000 avg_loss=2.507
[3178.8s] epoch 60 step 153050 avg_loss=2.514
[3179.6s] epoch 60 step 153100 avg_loss=2.518
[3180.7s] epoch 60 step 153150 avg_loss=2.514
[3181.7s] epoch 60 step 153200 avg_loss=2.532
[3182.8s] epoch 60 step 153250 avg_loss=2.542
[3183.8s] epoch 60 step 153300 avg_loss=2.545
[3184.8s] epoch 60 step 153350 avg_loss=2.561
[3185.8s] epoch 60 step 153400 avg_loss=2.574
[3186.9s] epoch 60 step 153450 avg_loss=2.589
[3187.9s] epoch 60 step 153500 avg_loss=2.587
[3189.0s] epoch 60 step 153550 avg_loss=2.600
[3190.1s] epoch 60 step 153600 avg_loss=2.612
[3191.0s] epoch 60 step 153650 avg_loss=2.615
[3191.9s] epoch 60 step 153700 avg_loss=2.617
[3193.0s] epoch 60 step 153750 avg_loss=2.629
[3193.9s] epoch 60 step 153800 avg_loss=2.636
[3194.9s] epoch 60 step 153850 avg_loss=2.649
[3195.8s] epoch 60 step 153900 avg_loss=2.645
[3196.8s] epoch 60 step 153950 avg_loss=2.657
[3197.7s] epoch 60 step 154000 avg_loss=2.654
[3199.0s] epoch 60 step 154050 avg_loss=2.650
[3200.3s] epoch 60 step 154100 avg_loss=2.663
[3201.4s] epoch 60 step 154150 avg_loss=2.665
[3202.5s] epoch 60 step 154200 avg_loss=2.665
[3203.8s] epoch 60 step 154250 avg_loss=2.669
[3204.8s] epoch 60 step 154300 avg_loss=2.665
[3206.1s] epoch 60 step 154350 avg_loss=2.675
[3206.9s] === epoch 60 done: avg_loss=2.673 (n=2531 derivations) ===
[3207.1s] epoch 61 step 154400 avg_loss=1.999
[3208.1s] epoch 61 step 154450 avg_loss=2.012
[3209.2s] epoch 61 step 154500 avg_loss=2.079
[3210.1s] epoch 61 step 154550 avg_loss=2.199
[3211.0s] epoch 61 step 154600 avg_loss=2.208
[3211.9s] epoch 61 step 154650 avg_loss=2.249
[3212.8s] epoch 61 step 154700 avg_loss=2.287
[3213.8s] epoch 61 step 154750 avg_loss=2.274
[3214.7s] epoch 61 step 154800 avg_loss=2.266
[3215.7s] epoch 61 step 154850 avg_loss=2.290
[3216.8s] epoch 61 step 154900 avg_loss=2.314
[3217.8s] epoch 61 step 154950 avg_loss=2.287
[3218.8s] epoch 61 step 155000 avg_loss=2.275
[3220.0s] epoch 61 step 155050 avg_loss=2.297
[3221.2s] epoch 61 step 155100 avg_loss=2.332
[3222.2s] epoch 61 step 155150 avg_loss=2.334
[3223.4s] epoch 61 step 155200 avg_loss=2.362
[3224.5s] epoch 61 step 155250 avg_loss=2.384
[3225.5s] epoch 61 step 155300 avg_loss=2.386
[3226.5s] epoch 61 step 155350 avg_loss=2.401
[3227.6s] epoch 61 step 155400 avg_loss=2.438
[3228.5s] epoch 61 step 155450 avg_loss=2.453
[3229.4s] epoch 61 step 155500 avg_loss=2.466
[3230.5s] epoch 61 step 155550 avg_loss=2.503
[3231.3s] epoch 61 step 155600 avg_loss=2.510
[3232.4s] epoch 61 step 155650 avg_loss=2.539
[3233.4s] epoch 61 step 155700 avg_loss=2.530
[3234.5s] epoch 61 step 155750 avg_loss=2.539
[3235.8s] epoch 61 step 155800 avg_loss=2.536
[3236.7s] epoch 61 step 155850 avg_loss=2.537
[3237.6s] epoch 61 step 155900 avg_loss=2.544
[3238.5s] epoch 61 step 155950 avg_loss=2.555
[3239.4s] epoch 61 step 156000 avg_loss=2.572
[3240.2s] epoch 61 step 156050 avg_loss=2.587
[3241.3s] epoch 61 step 156100 avg_loss=2.590
[3242.4s] epoch 61 step 156150 avg_loss=2.593
[3243.4s] epoch 61 step 156200 avg_loss=2.594
[3244.6s] epoch 61 step 156250 avg_loss=2.606
[3245.8s] epoch 61 step 156300 avg_loss=2.607
[3246.9s] epoch 61 step 156350 avg_loss=2.620
[3247.9s] epoch 61 step 156400 avg_loss=2.612
[3249.0s] epoch 61 step 156450 avg_loss=2.627
[3250.0s] epoch 61 step 156500 avg_loss=2.628
[3250.9s] epoch 61 step 156550 avg_loss=2.632
[3251.8s] epoch 61 step 156600 avg_loss=2.634
[3252.9s] epoch 61 step 156650 avg_loss=2.648
[3253.9s] epoch 61 step 156700 avg_loss=2.647
[3255.0s] epoch 61 step 156750 avg_loss=2.648
[3256.1s] epoch 61 step 156800 avg_loss=2.648
[3257.2s] epoch 61 step 156850 avg_loss=2.651
[3258.1s] epoch 61 step 156900 avg_loss=2.650
[3258.5s] === epoch 61 done: avg_loss=2.652 (n=2531 derivations) ===
[3259.0s] epoch 62 step 156950 avg_loss=2.431
[3260.0s] epoch 62 step 157000 avg_loss=2.436
[3260.9s] epoch 62 step 157050 avg_loss=2.382
[3261.8s] epoch 62 step 157100 avg_loss=2.351
[3262.7s] epoch 62 step 157150 avg_loss=2.408
[3263.7s] epoch 62 step 157200 avg_loss=2.445
[3264.9s] epoch 62 step 157250 avg_loss=2.409
[3266.0s] epoch 62 step 157300 avg_loss=2.385
[3267.0s] epoch 62 step 157350 avg_loss=2.389
[3268.0s] epoch 62 step 157400 avg_loss=2.391
[3269.0s] epoch 62 step 157450 avg_loss=2.402
[3269.9s] epoch 62 step 157500 avg_loss=2.396
[3271.0s] epoch 62 step 157550 avg_loss=2.429
[3271.9s] epoch 62 step 157600 avg_loss=2.421
[3272.9s] epoch 62 step 157650 avg_loss=2.373
[3273.9s] epoch 62 step 157700 avg_loss=2.358
[3274.9s] epoch 62 step 157750 avg_loss=2.371
[3275.9s] epoch 62 step 157800 avg_loss=2.367
[3277.0s] epoch 62 step 157850 avg_loss=2.394
[3278.0s] epoch 62 step 157900 avg_loss=2.423
[3278.9s] epoch 62 step 157950 avg_loss=2.443
[3279.7s] epoch 62 step 158000 avg_loss=2.449
[3280.6s] epoch 62 step 158050 avg_loss=2.432
[3281.5s] epoch 62 step 158100 avg_loss=2.434
[3282.5s] epoch 62 step 158150 avg_loss=2.454
[3283.4s] epoch 62 step 158200 avg_loss=2.478
[3284.3s] eval step=5000 train_avg_loss=2.480 dev_rank1_f1=0.5159 dev_edge_p=0.5094 dev_edge_r=0.5226
[3285.4s] epoch 62 step 158250 avg_loss=2.484
[3286.5s] epoch 62 step 158300 avg_loss=2.511
[3287.4s] epoch 62 step 158350 avg_loss=2.521
[3288.4s] epoch 62 step 158400 avg_loss=2.530
[3289.3s] epoch 62 step 158450 avg_loss=2.534
[3290.3s] epoch 62 step 158500 avg_loss=2.544
[3291.4s] epoch 62 step 158550 avg_loss=2.550
[3292.5s] epoch 62 step 158600 avg_loss=2.548
[3293.7s] epoch 62 step 158650 avg_loss=2.556
[3294.9s] epoch 62 step 158700 avg_loss=2.554
[3296.4s] epoch 62 step 158750 avg_loss=2.568
[3297.6s] epoch 62 step 158800 avg_loss=2.577
[3298.8s] epoch 62 step 158850 avg_loss=2.576
[3299.9s] epoch 62 step 158900 avg_loss=2.579
[3301.0s] epoch 62 step 158950 avg_loss=2.595
[3302.1s] epoch 62 step 159000 avg_loss=2.601
[3303.1s] epoch 62 step 159050 avg_loss=2.604
[3304.2s] epoch 62 step 159100 avg_loss=2.612
[3305.1s] epoch 62 step 159150 avg_loss=2.611
[3306.1s] epoch 62 step 159200 avg_loss=2.619
[3307.2s] epoch 62 step 159250 avg_loss=2.617
[3308.1s] epoch 62 step 159300 avg_loss=2.613
[3309.1s] epoch 62 step 159350 avg_loss=2.624
[3309.9s] epoch 62 step 159400 avg_loss=2.624
[3311.0s] epoch 62 step 159450 avg_loss=2.629
[3311.1s] === epoch 62 done: avg_loss=2.628 (n=2531 derivations) ===
[3312.3s] epoch 63 step 159500 avg_loss=2.432
[3313.3s] epoch 63 step 159550 avg_loss=2.271
[3314.4s] epoch 63 step 159600 avg_loss=2.323
[3315.6s] epoch 63 step 159650 avg_loss=2.259
[3316.6s] epoch 63 step 159700 avg_loss=2.288
[3317.7s] epoch 63 step 159750 avg_loss=2.233
[3318.8s] epoch 63 step 159800 avg_loss=2.182
[3320.1s] epoch 63 step 159850 avg_loss=2.223
[3321.2s] epoch 63 step 159900 avg_loss=2.249
[3322.0s] epoch 63 step 159950 avg_loss=2.210
[3322.9s] epoch 63 step 160000 avg_loss=2.210
[3324.1s] epoch 63 step 160050 avg_loss=2.287
[3325.2s] epoch 63 step 160100 avg_loss=2.301
[3326.2s] epoch 63 step 160150 avg_loss=2.328
[3327.2s] epoch 63 step 160200 avg_loss=2.343
[3328.1s] epoch 63 step 160250 avg_loss=2.354
[3329.1s] epoch 63 step 160300 avg_loss=2.337
[3330.0s] epoch 63 step 160350 avg_loss=2.348
[3330.9s] epoch 63 step 160400 avg_loss=2.356
[3331.9s] epoch 63 step 160450 avg_loss=2.393
[3332.9s] epoch 63 step 160500 avg_loss=2.394
[3333.9s] epoch 63 step 160550 avg_loss=2.413
[3335.0s] epoch 63 step 160600 avg_loss=2.426
[3336.0s] epoch 63 step 160650 avg_loss=2.444
[3336.9s] epoch 63 step 160700 avg_loss=2.459
[3338.1s] epoch 63 step 160750 avg_loss=2.476
[3339.1s] epoch 63 step 160800 avg_loss=2.476
[3340.3s] epoch 63 step 160850 avg_loss=2.492
[3341.4s] epoch 63 step 160900 avg_loss=2.491
[3342.5s] epoch 63 step 160950 avg_loss=2.487
[3343.5s] epoch 63 step 161000 avg_loss=2.500
[3344.5s] epoch 63 step 161050 avg_loss=2.503
[3345.5s] epoch 63 step 161100 avg_loss=2.501
[3346.5s] epoch 63 step 161150 avg_loss=2.515
[3347.4s] epoch 63 step 161200 avg_loss=2.513
[3348.4s] epoch 63 step 161250 avg_loss=2.522
[3349.3s] epoch 63 step 161300 avg_loss=2.533
[3350.1s] epoch 63 step 161350 avg_loss=2.532
[3351.1s] epoch 63 step 161400 avg_loss=2.544
[3352.1s] epoch 63 step 161450 avg_loss=2.555
[3353.2s] epoch 63 step 161500 avg_loss=2.569
[3354.3s] epoch 63 step 161550 avg_loss=2.583
[3355.3s] epoch 63 step 161600 avg_loss=2.586
[3356.4s] epoch 63 step 161650 avg_loss=2.590
[3357.4s] epoch 63 step 161700 avg_loss=2.602
[3358.5s] epoch 63 step 161750 avg_loss=2.607
[3359.6s] epoch 63 step 161800 avg_loss=2.617
[3360.4s] epoch 63 step 161850 avg_loss=2.615
[3361.5s] epoch 63 step 161900 avg_loss=2.609
[3362.5s] epoch 63 step 161950 avg_loss=2.619
[3363.3s] === epoch 63 done: avg_loss=2.622 (n=2531 derivations) ===
[3363.6s] epoch 64 step 162000 avg_loss=1.815
[3364.5s] epoch 64 step 162050 avg_loss=1.937
[3365.6s] epoch 64 step 162100 avg_loss=1.962
[3366.6s] epoch 64 step 162150 avg_loss=1.917
[3367.5s] epoch 64 step 162200 avg_loss=2.044
[3368.4s] epoch 64 step 162250 avg_loss=2.023
[3369.5s] epoch 64 step 162300 avg_loss=2.089
[3370.3s] epoch 64 step 162350 avg_loss=2.122
[3371.4s] epoch 64 step 162400 avg_loss=2.165
[3372.7s] epoch 64 step 162450 avg_loss=2.186
[3373.7s] epoch 64 step 162500 avg_loss=2.236
[3374.8s] epoch 64 step 162550 avg_loss=2.221
[3376.1s] epoch 64 step 162600 avg_loss=2.251
[3377.2s] epoch 64 step 162650 avg_loss=2.266
[3378.4s] epoch 64 step 162700 avg_loss=2.246
[3379.4s] epoch 64 step 162750 avg_loss=2.261
[3380.2s] epoch 64 step 162800 avg_loss=2.264
[3381.3s] epoch 64 step 162850 avg_loss=2.284
[3382.2s] epoch 64 step 162900 avg_loss=2.302
[3383.3s] epoch 64 step 162950 avg_loss=2.310
[3384.3s] epoch 64 step 163000 avg_loss=2.326
[3385.4s] epoch 64 step 163050 avg_loss=2.354
[3386.4s] epoch 64 step 163100 avg_loss=2.353
[3387.4s] epoch 64 step 163150 avg_loss=2.368
[3388.3s] epoch 64 step 163200 avg_loss=2.384
[3389.3s] epoch 64 step 163250 avg_loss=2.404
[3390.3s] epoch 64 step 163300 avg_loss=2.422
[3391.4s] epoch 64 step 163350 avg_loss=2.421
[3392.3s] epoch 64 step 163400 avg_loss=2.416
[3393.4s] epoch 64 step 163450 avg_loss=2.431
[3394.6s] epoch 64 step 163500 avg_loss=2.439
[3395.7s] epoch 64 step 163550 avg_loss=2.456
[3396.7s] epoch 64 step 163600 avg_loss=2.472
[3397.7s] epoch 64 step 163650 avg_loss=2.488
[3398.7s] epoch 64 step 163700 avg_loss=2.501
[3399.6s] epoch 64 step 163750 avg_loss=2.502
[3400.8s] epoch 64 step 163800 avg_loss=2.529
[3401.9s] epoch 64 step 163850 avg_loss=2.535
[3403.0s] epoch 64 step 163900 avg_loss=2.543
[3403.9s] epoch 64 step 163950 avg_loss=2.552
[3404.9s] epoch 64 step 164000 avg_loss=2.574
[3405.9s] epoch 64 step 164050 avg_loss=2.584
[3406.8s] epoch 64 step 164100 avg_loss=2.578
[3407.7s] epoch 64 step 164150 avg_loss=2.582
[3408.8s] epoch 64 step 164200 avg_loss=2.581
[3409.9s] epoch 64 step 164250 avg_loss=2.578
[3411.0s] epoch 64 step 164300 avg_loss=2.580
[3412.1s] epoch 64 step 164350 avg_loss=2.587
[3413.1s] epoch 64 step 164400 avg_loss=2.585
[3414.5s] epoch 64 step 164450 avg_loss=2.593
[3415.5s] epoch 64 step 164500 avg_loss=2.608
[3415.9s] === epoch 64 done: avg_loss=2.616 (n=2531 derivations) ===
[3416.6s] epoch 65 step 164550 avg_loss=2.810
[3417.4s] epoch 65 step 164600 avg_loss=2.271
[3418.3s] epoch 65 step 164650 avg_loss=2.185
[3419.4s] epoch 65 step 164700 avg_loss=2.250
[3420.4s] epoch 65 step 164750 avg_loss=2.189
[3421.3s] epoch 65 step 164800 avg_loss=2.079
[3422.3s] epoch 65 step 164850 avg_loss=2.219
[3423.2s] epoch 65 step 164900 avg_loss=2.226
[3424.3s] epoch 65 step 164950 avg_loss=2.252
[3425.3s] epoch 65 step 165000 avg_loss=2.239
[3426.3s] epoch 65 step 165050 avg_loss=2.280
[3427.3s] epoch 65 step 165100 avg_loss=2.288
[3428.1s] epoch 65 step 165150 avg_loss=2.296
[3429.1s] epoch 65 step 165200 avg_loss=2.308
[3430.0s] epoch 65 step 165250 avg_loss=2.332
[3430.9s] epoch 65 step 165300 avg_loss=2.348
[3431.9s] epoch 65 step 165350 avg_loss=2.363
[3432.7s] epoch 65 step 165400 avg_loss=2.385
[3433.7s] epoch 65 step 165450 avg_loss=2.402
[3434.5s] epoch 65 step 165500 avg_loss=2.412
[3435.6s] epoch 65 step 165550 avg_loss=2.414
[3436.6s] epoch 65 step 165600 avg_loss=2.427
[3437.6s] epoch 65 step 165650 avg_loss=2.435
[3438.5s] epoch 65 step 165700 avg_loss=2.428
[3439.5s] epoch 65 step 165750 avg_loss=2.441
[3440.6s] epoch 65 step 165800 avg_loss=2.441
[3441.5s] epoch 65 step 165850 avg_loss=2.454
[3442.5s] epoch 65 step 165900 avg_loss=2.467
[3443.6s] epoch 65 step 165950 avg_loss=2.494
[3444.7s] epoch 65 step 166000 avg_loss=2.496
[3445.7s] epoch 65 step 166050 avg_loss=2.497
[3446.6s] epoch 65 step 166100 avg_loss=2.505
[3447.8s] eval step=5250 train_avg_loss=2.509 dev_rank1_f1=0.5101 dev_edge_p=0.4968 dev_edge_r=0.5241
[3448.5s] epoch 65 step 166150 avg_loss=2.507
[3449.5s] epoch 65 step 166200 avg_loss=2.504
[3450.4s] epoch 65 step 166250 avg_loss=2.507
[3451.4s] epoch 65 step 166300 avg_loss=2.510
[3452.2s] epoch 65 step 166350 avg_loss=2.510
[3453.3s] epoch 65 step 166400 avg_loss=2.522
[3454.4s] epoch 65 step 166450 avg_loss=2.527
[3455.5s] epoch 65 step 166500 avg_loss=2.534
[3456.6s] epoch 65 step 166550 avg_loss=2.530
[3457.7s] epoch 65 step 166600 avg_loss=2.537
[3458.7s] epoch 65 step 166650 avg_loss=2.549
[3459.7s] epoch 65 step 166700 avg_loss=2.544
[3460.8s] epoch 65 step 166750 avg_loss=2.552
[3461.6s] epoch 65 step 166800 avg_loss=2.568
[3462.7s] epoch 65 step 166850 avg_loss=2.570
[3463.9s] epoch 65 step 166900 avg_loss=2.571
[3464.9s] epoch 65 step 166950 avg_loss=2.573
[3465.9s] epoch 65 step 167000 avg_loss=2.577
[3466.8s] === epoch 65 done: avg_loss=2.583 (n=2531 derivations) ===
[3466.9s] epoch 66 step 167050 avg_loss=2.457
[3468.0s] epoch 66 step 167100 avg_loss=2.233
[3469.0s] epoch 66 step 167150 avg_loss=2.256
[3469.9s] epoch 66 step 167200 avg_loss=2.358
[3471.0s] epoch 66 step 167250 avg_loss=2.266
[3471.9s] epoch 66 step 167300 avg_loss=2.289
[3472.8s] epoch 66 step 167350 avg_loss=2.298
[3473.8s] epoch 66 step 167400 avg_loss=2.247
[3474.9s] epoch 66 step 167450 avg_loss=2.214
[3475.8s] epoch 66 step 167500 avg_loss=2.217
[3476.7s] epoch 66 step 167550 avg_loss=2.210
[3477.5s] epoch 66 step 167600 avg_loss=2.190
[3478.4s] epoch 66 step 167650 avg_loss=2.217
[3479.3s] epoch 66 step 167700 avg_loss=2.248
[3480.2s] epoch 66 step 167750 avg_loss=2.299
[3481.5s] epoch 66 step 167800 avg_loss=2.326
[3482.6s] epoch 66 step 167850 avg_loss=2.375
[3483.6s] epoch 66 step 167900 avg_loss=2.381
[3484.8s] epoch 66 step 167950 avg_loss=2.409
[3485.8s] epoch 66 step 168000 avg_loss=2.408
[3486.9s] epoch 66 step 168050 avg_loss=2.429
[3487.9s] epoch 66 step 168100 avg_loss=2.449
[3488.8s] epoch 66 step 168150 avg_loss=2.436
[3489.8s] epoch 66 step 168200 avg_loss=2.437
[3490.8s] epoch 66 step 168250 avg_loss=2.431
[3491.7s] epoch 66 step 168300 avg_loss=2.440
[3492.7s] epoch 66 step 168350 avg_loss=2.422
[3493.6s] epoch 66 step 168400 avg_loss=2.421
[3494.6s] epoch 66 step 168450 avg_loss=2.414
[3495.6s] epoch 66 step 168500 avg_loss=2.413
[3496.8s] epoch 66 step 168550 avg_loss=2.440
[3497.7s] epoch 66 step 168600 avg_loss=2.456
[3498.8s] epoch 66 step 168650 avg_loss=2.470
[3499.8s] epoch 66 step 168700 avg_loss=2.475
[3500.7s] epoch 66 step 168750 avg_loss=2.473
[3501.7s] epoch 66 step 168800 avg_loss=2.478
[3502.9s] epoch 66 step 168850 avg_loss=2.482
[3504.1s] epoch 66 step 168900 avg_loss=2.498
[3505.3s] epoch 66 step 168950 avg_loss=2.507
[3506.6s] epoch 66 step 169000 avg_loss=2.519
[3507.8s] epoch 66 step 169050 avg_loss=2.524
[3508.9s] epoch 66 step 169100 avg_loss=2.532
[3510.1s] epoch 66 step 169150 avg_loss=2.539
[3511.2s] epoch 66 step 169200 avg_loss=2.551
[3512.3s] epoch 66 step 169250 avg_loss=2.552
[3513.7s] epoch 66 step 169300 avg_loss=2.571
[3514.9s] epoch 66 step 169350 avg_loss=2.583
[3516.3s] epoch 66 step 169400 avg_loss=2.591
[3517.4s] epoch 66 step 169450 avg_loss=2.598
[3518.4s] epoch 66 step 169500 avg_loss=2.601
[3519.4s] epoch 66 step 169550 avg_loss=2.593
[3520.0s] === epoch 66 done: avg_loss=2.602 (n=2531 derivations) ===
[3520.4s] epoch 67 step 169600 avg_loss=2.342
[3521.4s] epoch 67 step 169650 avg_loss=2.130
[3522.4s] epoch 67 step 169700 avg_loss=2.049
[3523.3s] epoch 67 step 169750 avg_loss=2.035
[3524.3s] epoch 67 step 169800 avg_loss=2.098
[3525.4s] epoch 67 step 169850 avg_loss=2.072
[3526.5s] epoch 67 step 169900 avg_loss=2.125
[3527.5s] epoch 67 step 169950 avg_loss=2.168
[3528.5s] epoch 67 step 170000 avg_loss=2.159
[3529.5s] epoch 67 step 170050 avg_loss=2.144
[3530.5s] epoch 67 step 170100 avg_loss=2.154
[3531.7s] epoch 67 step 170150 avg_loss=2.127
[3532.8s] epoch 67 step 170200 avg_loss=2.174
[3534.1s] epoch 67 step 170250 avg_loss=2.244
[3535.4s] epoch 67 step 170300 avg_loss=2.246
[3536.5s] epoch 67 step 170350 avg_loss=2.238
[3537.4s] epoch 67 step 170400 avg_loss=2.247
[3538.6s] epoch 67 step 170450 avg_loss=2.256
[3539.5s] epoch 67 step 170500 avg_loss=2.243
[3540.5s] epoch 67 step 170550 avg_loss=2.256
[3541.5s] epoch 67 step 170600 avg_loss=2.265
[3542.6s] epoch 67 step 170650 avg_loss=2.278
[3543.7s] epoch 67 step 170700 avg_loss=2.279
[3544.7s] epoch 67 step 170750 avg_loss=2.290
[3545.7s] epoch 67 step 170800 avg_loss=2.291
[3546.6s] epoch 67 step 170850 avg_loss=2.334
[3547.8s] epoch 67 step 170900 avg_loss=2.345
[3549.0s] epoch 67 step 170950 avg_loss=2.363
[3549.9s] epoch 67 step 171000 avg_loss=2.373
[3551.0s] epoch 67 step 171050 avg_loss=2.387
[3552.1s] epoch 67 step 171100 avg_loss=2.397
[3553.2s] epoch 67 step 171150 avg_loss=2.413
[3554.4s] epoch 67 step 171200 avg_loss=2.436
[3555.3s] epoch 67 step 171250 avg_loss=2.437
[3556.3s] epoch 67 step 171300 avg_loss=2.454
[3557.3s] epoch 67 step 171350 avg_loss=2.466
[3558.3s] epoch 67 step 171400 avg_loss=2.473
[3559.2s] epoch 67 step 171450 avg_loss=2.487
[3560.2s] epoch 67 step 171500 avg_loss=2.511
[3561.2s] epoch 67 step 171550 avg_loss=2.533
[3562.1s] epoch 67 step 171600 avg_loss=2.541
[3563.1s] epoch 67 step 171650 avg_loss=2.541
[3564.0s] epoch 67 step 171700 avg_loss=2.538
[3565.0s] epoch 67 step 171750 avg_loss=2.541
[3565.9s] epoch 67 step 171800 avg_loss=2.555
[3566.9s] epoch 67 step 171850 avg_loss=2.550
[3567.8s] epoch 67 step 171900 avg_loss=2.559
[3568.9s] epoch 67 step 171950 avg_loss=2.574
[3569.9s] epoch 67 step 172000 avg_loss=2.567
[3570.8s] epoch 67 step 172050 avg_loss=2.564
[3571.8s] epoch 67 step 172100 avg_loss=2.576
[3572.0s] === epoch 67 done: avg_loss=2.579 (n=2531 derivations) ===
[3572.6s] epoch 68 step 172150 avg_loss=2.102
[3573.5s] epoch 68 step 172200 avg_loss=2.072
[3574.6s] epoch 68 step 172250 avg_loss=2.164
[3575.5s] epoch 68 step 172300 avg_loss=2.173
[3576.4s] epoch 68 step 172350 avg_loss=2.300
[3577.4s] epoch 68 step 172400 avg_loss=2.291
[3578.3s] epoch 68 step 172450 avg_loss=2.235
[3579.3s] epoch 68 step 172500 avg_loss=2.246
[3580.3s] epoch 68 step 172550 avg_loss=2.283
[3581.3s] epoch 68 step 172600 avg_loss=2.274
[3582.2s] epoch 68 step 172650 avg_loss=2.242
[3583.3s] epoch 68 step 172700 avg_loss=2.260
[3584.4s] epoch 68 step 172750 avg_loss=2.286
[3585.6s] epoch 68 step 172800 avg_loss=2.278
[3586.8s] epoch 68 step 172850 avg_loss=2.306
[3587.9s] epoch 68 step 172900 avg_loss=2.343
[3588.8s] epoch 68 step 172950 avg_loss=2.329
[3589.7s] epoch 68 step 173000 avg_loss=2.346
[3590.8s] epoch 68 step 173050 avg_loss=2.383
[3591.8s] epoch 68 step 173100 avg_loss=2.384
[3592.7s] epoch 68 step 173150 avg_loss=2.368
[3593.7s] epoch 68 step 173200 avg_loss=2.400
[3594.7s] epoch 68 step 173250 avg_loss=2.423
[3595.9s] epoch 68 step 173300 avg_loss=2.439
[3596.8s] epoch 68 step 173350 avg_loss=2.427
[3597.8s] epoch 68 step 173400 avg_loss=2.439
[3598.8s] epoch 68 step 173450 avg_loss=2.444
[3599.9s] epoch 68 step 173500 avg_loss=2.452
[3600.9s] epoch 68 step 173550 avg_loss=2.456
[3601.9s] epoch 68 step 173600 avg_loss=2.457
[3602.8s] epoch 68 step 173650 avg_loss=2.450
[3603.8s] epoch 68 step 173700 avg_loss=2.443
[3605.0s] epoch 68 step 173750 avg_loss=2.459
[3606.1s] epoch 68 step 173800 avg_loss=2.459
[3607.1s] epoch 68 step 173850 avg_loss=2.462
[3608.0s] epoch 68 step 173900 avg_loss=2.471
[3609.1s] epoch 68 step 173950 avg_loss=2.486
[3610.0s] epoch 68 step 174000 avg_loss=2.483
[3611.4s] eval step=5500 train_avg_loss=2.487 dev_rank1_f1=0.5065 dev_edge_p=0.5033 dev_edge_r=0.5097
[3611.9s] epoch 68 step 174050 avg_loss=2.491
[3613.1s] epoch 68 step 174100 avg_loss=2.492
[3613.9s] epoch 68 step 174150 avg_loss=2.495
[3615.1s] epoch 68 step 174200 avg_loss=2.503
[3616.0s] epoch 68 step 174250 avg_loss=2.503
[3617.2s] epoch 68 step 174300 avg_loss=2.508
[3618.3s] epoch 68 step 174350 avg_loss=2.521
[3619.3s] epoch 68 step 174400 avg_loss=2.529
[3620.1s] epoch 68 step 174450 avg_loss=2.530
[3621.1s] epoch 68 step 174500 avg_loss=2.530
[3622.2s] epoch 68 step 174550 avg_loss=2.529
[3623.6s] epoch 68 step 174600 avg_loss=2.539
[3624.6s] === epoch 68 done: avg_loss=2.545 (n=2531 derivations) ===
[3625.0s] epoch 69 step 174650 avg_loss=1.747
[3626.0s] epoch 69 step 174700 avg_loss=2.174
[3627.0s] epoch 69 step 174750 avg_loss=2.183
[3628.1s] epoch 69 step 174800 avg_loss=2.156
[3629.2s] epoch 69 step 174850 avg_loss=2.267
[3630.1s] epoch 69 step 174900 avg_loss=2.331
[3631.0s] epoch 69 step 174950 avg_loss=2.308
[3632.1s] epoch 69 step 175000 avg_loss=2.372
[3633.2s] epoch 69 step 175050 avg_loss=2.396
[3634.2s] epoch 69 step 175100 avg_loss=2.380
[3635.2s] epoch 69 step 175150 avg_loss=2.392
[3636.2s] epoch 69 step 175200 avg_loss=2.376
[3637.4s] epoch 69 step 175250 avg_loss=2.380
[3638.4s] epoch 69 step 175300 avg_loss=2.378
[3639.6s] epoch 69 step 175350 avg_loss=2.374
[3640.7s] epoch 69 step 175400 avg_loss=2.358
[3641.8s] epoch 69 step 175450 avg_loss=2.337
[3642.8s] epoch 69 step 175500 avg_loss=2.336
[3643.8s] epoch 69 step 175550 avg_loss=2.340
[3644.8s] epoch 69 step 175600 avg_loss=2.328
[3645.9s] epoch 69 step 175650 avg_loss=2.343
[3647.1s] epoch 69 step 175700 avg_loss=2.331
[3648.0s] epoch 69 step 175750 avg_loss=2.352
[3648.9s] epoch 69 step 175800 avg_loss=2.367
[3649.9s] epoch 69 step 175850 avg_loss=2.377
[3650.9s] epoch 69 step 175900 avg_loss=2.394
[3651.9s] epoch 69 step 175950 avg_loss=2.394
[3652.8s] epoch 69 step 176000 avg_loss=2.403
[3653.9s] epoch 69 step 176050 avg_loss=2.430
[3654.9s] epoch 69 step 176100 avg_loss=2.438
[3655.8s] epoch 69 step 176150 avg_loss=2.450
[3656.7s] epoch 69 step 176200 avg_loss=2.457
[3657.5s] epoch 69 step 176250 avg_loss=2.466
[3658.5s] epoch 69 step 176300 avg_loss=2.475
[3659.7s] epoch 69 step 176350 avg_loss=2.477
[3660.8s] epoch 69 step 176400 avg_loss=2.485
[3661.8s] epoch 69 step 176450 avg_loss=2.491
[3663.2s] epoch 69 step 176500 avg_loss=2.504
[3664.2s] epoch 69 step 176550 avg_loss=2.522
[3665.3s] epoch 69 step 176600 avg_loss=2.520
[3666.3s] epoch 69 step 176650 avg_loss=2.521
[3667.3s] epoch 69 step 176700 avg_loss=2.517
[3668.3s] epoch 69 step 176750 avg_loss=2.521
[3669.3s] epoch 69 step 176800 avg_loss=2.517
[3670.2s] epoch 69 step 176850 avg_loss=2.513
[3671.2s] epoch 69 step 176900 avg_loss=2.508
[3672.1s] epoch 69 step 176950 avg_loss=2.511
[3672.9s] epoch 69 step 177000 avg_loss=2.510
[3673.8s] epoch 69 step 177050 avg_loss=2.514
[3674.8s] epoch 69 step 177100 avg_loss=2.523
[3675.9s] epoch 69 step 177150 avg_loss=2.533
[3676.3s] === epoch 69 done: avg_loss=2.542 (n=2531 derivations) ===
[3676.9s] epoch 70 step 177200 avg_loss=1.738
[3677.7s] epoch 70 step 177250 avg_loss=2.080
[3678.6s] epoch 70 step 177300 avg_loss=2.117
[3679.7s] epoch 70 step 177350 avg_loss=2.204
[3680.7s] epoch 70 step 177400 avg_loss=2.293
[3681.8s] epoch 70 step 177450 avg_loss=2.293
[3682.8s] epoch 70 step 177500 avg_loss=2.309
[3684.0s] epoch 70 step 177550 avg_loss=2.300
[3685.3s] epoch 70 step 177600 avg_loss=2.289
[3686.4s] epoch 70 step 177650 avg_loss=2.266
[3687.4s] epoch 70 step 177700 avg_loss=2.273
[3688.3s] epoch 70 step 177750 avg_loss=2.277
[3689.5s] epoch 70 step 177800 avg_loss=2.279
[3690.4s] epoch 70 step 177850 avg_loss=2.337
[3691.2s] epoch 70 step 177900 avg_loss=2.329
[3692.1s] epoch 70 step 177950 avg_loss=2.370
[3693.1s] epoch 70 step 178000 avg_loss=2.376
[3707.1s] epoch 70 step 178050 avg_loss=2.378
[3708.7s] epoch 70 step 178100 avg_loss=2.386
[3710.2s] epoch 70 step 178150 avg_loss=2.392
[3711.8s] epoch 70 step 178200 avg_loss=2.392
[3713.0s] epoch 70 step 178250 avg_loss=2.386
[3714.1s] epoch 70 step 178300 avg_loss=2.378
[3715.5s] epoch 70 step 178350 avg_loss=2.385
[3716.7s] epoch 70 step 178400 avg_loss=2.401
[3717.7s] epoch 70 step 178450 avg_loss=2.405
[3719.1s] epoch 70 step 178500 avg_loss=2.411
[3720.1s] epoch 70 step 178550 avg_loss=2.411
[3721.3s] epoch 70 step 178600 avg_loss=2.432
[3722.6s] epoch 70 step 178650 avg_loss=2.439
[3723.6s] epoch 70 step 178700 avg_loss=2.442
[3724.6s] epoch 70 step 178750 avg_loss=2.453
[3725.7s] epoch 70 step 178800 avg_loss=2.458
[3726.7s] epoch 70 step 178850 avg_loss=2.463
[3727.9s] epoch 70 step 178900 avg_loss=2.477
[3729.0s] epoch 70 step 178950 avg_loss=2.477
[3730.3s] epoch 70 step 179000 avg_loss=2.479
[3731.5s] epoch 70 step 179050 avg_loss=2.497
[3732.6s] epoch 70 step 179100 avg_loss=2.491
[3733.8s] epoch 70 step 179150 avg_loss=2.496
[3734.9s] epoch 70 step 179200 avg_loss=2.498
[3736.0s] epoch 70 step 179250 avg_loss=2.497
[3737.1s] epoch 70 step 179300 avg_loss=2.502
[3738.1s] epoch 70 step 179350 avg_loss=2.501
[3739.0s] epoch 70 step 179400 avg_loss=2.499
[3740.1s] epoch 70 step 179450 avg_loss=2.499
[3741.2s] epoch 70 step 179500 avg_loss=2.509
[3742.5s] epoch 70 step 179550 avg_loss=2.514
[3743.5s] epoch 70 step 179600 avg_loss=2.513
[3744.8s] epoch 70 step 179650 avg_loss=2.526
[3745.9s] epoch 70 step 179700 avg_loss=2.534
[3745.9s] === epoch 70 done: avg_loss=2.535 (n=2531 derivations) ===
[3747.1s] epoch 71 step 179750 avg_loss=2.218
[3748.2s] epoch 71 step 179800 avg_loss=2.424
[3749.4s] epoch 71 step 179850 avg_loss=2.372
[3750.6s] epoch 71 step 179900 avg_loss=2.313
[3751.5s] epoch 71 step 179950 avg_loss=2.256
[3752.4s] epoch 71 step 180000 avg_loss=2.175
[3753.5s] epoch 71 step 180050 avg_loss=2.142
[3754.5s] epoch 71 step 180100 avg_loss=2.114
[3755.6s] epoch 71 step 180150 avg_loss=2.159
[3756.7s] epoch 71 step 180200 avg_loss=2.197
[3757.7s] epoch 71 step 180250 avg_loss=2.193
[3758.7s] epoch 71 step 180300 avg_loss=2.193
[3759.5s] epoch 71 step 180350 avg_loss=2.196
[3760.5s] epoch 71 step 180400 avg_loss=2.192
[3761.5s] epoch 71 step 180450 avg_loss=2.185
[3762.4s] epoch 71 step 180500 avg_loss=2.200
[3763.4s] epoch 71 step 180550 avg_loss=2.235
[3764.4s] epoch 71 step 180600 avg_loss=2.243
[3765.5s] epoch 71 step 180650 avg_loss=2.275
[3766.5s] epoch 71 step 180700 avg_loss=2.285
[3767.5s] epoch 71 step 180750 avg_loss=2.296
[3768.5s] epoch 71 step 180800 avg_loss=2.304
[3769.4s] epoch 71 step 180850 avg_loss=2.313
[3770.4s] epoch 71 step 180900 avg_loss=2.312
[3771.6s] epoch 71 step 180950 avg_loss=2.323
[3772.7s] epoch 71 step 181000 avg_loss=2.327
[3773.7s] epoch 71 step 181050 avg_loss=2.331
[3774.9s] epoch 71 step 181100 avg_loss=2.350
[3776.0s] epoch 71 step 181150 avg_loss=2.348
[3777.2s] epoch 71 step 181200 avg_loss=2.361
[3778.3s] epoch 71 step 181250 avg_loss=2.390
[3779.4s] epoch 71 step 181300 avg_loss=2.413
[3780.7s] epoch 71 step 181350 avg_loss=2.424
[3781.9s] epoch 71 step 181400 avg_loss=2.428
[3783.0s] epoch 71 step 181450 avg_loss=2.441
[3784.4s] epoch 71 step 181500 avg_loss=2.457
[3785.6s] epoch 71 step 181550 avg_loss=2.453
[3786.7s] epoch 71 step 181600 avg_loss=2.456
[3787.9s] epoch 71 step 181650 avg_loss=2.469
[3789.0s] epoch 71 step 181700 avg_loss=2.468
[3790.1s] epoch 71 step 181750 avg_loss=2.477
[3791.1s] epoch 71 step 181800 avg_loss=2.477
[3792.1s] epoch 71 step 181850 avg_loss=2.484
[3793.2s] epoch 71 step 181900 avg_loss=2.488
[3795.2s] eval step=5750 train_avg_loss=2.488 dev_rank1_f1=0.5059 dev_edge_p=0.4929 dev_edge_r=0.5197
[3795.4s] epoch 71 step 181950 avg_loss=2.484
[3796.8s] epoch 71 step 182000 avg_loss=2.486
[3798.1s] epoch 71 step 182050 avg_loss=2.494
[3799.2s] epoch 71 step 182100 avg_loss=2.502
[3800.5s] epoch 71 step 182150 avg_loss=2.498
[3801.7s] epoch 71 step 182200 avg_loss=2.509
[3802.4s] === epoch 71 done: avg_loss=2.515 (n=2531 derivations) ===
[3802.8s] epoch 72 step 182250 avg_loss=2.012
[3804.4s] epoch 72 step 182300 avg_loss=2.167
[3805.8s] epoch 72 step 182350 avg_loss=2.082
[3807.1s] epoch 72 step 182400 avg_loss=2.090
[3808.5s] epoch 72 step 182450 avg_loss=2.126
[3809.9s] epoch 72 step 182500 avg_loss=2.112
[3811.1s] epoch 72 step 182550 avg_loss=2.104
[3812.1s] epoch 72 step 182600 avg_loss=2.104
[3813.2s] epoch 72 step 182650 avg_loss=2.143
[3814.3s] epoch 72 step 182700 avg_loss=2.158
[3815.4s] epoch 72 step 182750 avg_loss=2.159
[3816.5s] epoch 72 step 182800 avg_loss=2.143
[3817.5s] epoch 72 step 182850 avg_loss=2.192
[3818.5s] epoch 72 step 182900 avg_loss=2.206
[3819.6s] epoch 72 step 182950 avg_loss=2.187
[3820.7s] epoch 72 step 183000 avg_loss=2.202
[3822.1s] epoch 72 step 183050 avg_loss=2.221
[3823.2s] epoch 72 step 183100 avg_loss=2.225
[3824.2s] epoch 72 step 183150 avg_loss=2.234
[3825.4s] epoch 72 step 183200 avg_loss=2.234
[3826.4s] epoch 72 step 183250 avg_loss=2.266
[3827.5s] epoch 72 step 183300 avg_loss=2.270
[3828.5s] epoch 72 step 183350 avg_loss=2.268
[3829.6s] epoch 72 step 183400 avg_loss=2.271
[3830.7s] epoch 72 step 183450 avg_loss=2.278
[3832.2s] epoch 72 step 183500 avg_loss=2.298
[3833.6s] epoch 72 step 183550 avg_loss=2.306
[3835.0s] epoch 72 step 183600 avg_loss=2.315
[3836.3s] epoch 72 step 183650 avg_loss=2.327
[3837.4s] epoch 72 step 183700 avg_loss=2.327
[3838.6s] epoch 72 step 183750 avg_loss=2.347
[3839.7s] epoch 72 step 183800 avg_loss=2.359
[3840.6s] epoch 72 step 183850 avg_loss=2.360
[3841.9s] epoch 72 step 183900 avg_loss=2.376
[3842.9s] epoch 72 step 183950 avg_loss=2.388
[3843.9s] epoch 72 step 184000 avg_loss=2.406
[3845.3s] epoch 72 step 184050 avg_loss=2.424
[3846.7s] epoch 72 step 184100 avg_loss=2.437
[3847.8s] epoch 72 step 184150 avg_loss=2.443
[3849.2s] epoch 72 step 184200 avg_loss=2.456
[3850.4s] epoch 72 step 184250 avg_loss=2.467
[3851.7s] epoch 72 step 184300 avg_loss=2.479
[3852.8s] epoch 72 step 184350 avg_loss=2.480
[3854.0s] epoch 72 step 184400 avg_loss=2.476
[3855.1s] epoch 72 step 184450 avg_loss=2.481
[3856.4s] epoch 72 step 184500 avg_loss=2.478
[3857.6s] epoch 72 step 184550 avg_loss=2.491
[3858.7s] epoch 72 step 184600 avg_loss=2.502
[3859.7s] epoch 72 step 184650 avg_loss=2.501
[3860.9s] epoch 72 step 184700 avg_loss=2.507
[3862.4s] epoch 72 step 184750 avg_loss=2.531
[3862.7s] === epoch 72 done: avg_loss=2.539 (n=2531 derivations) ===
[3863.8s] epoch 73 step 184800 avg_loss=2.316
[3865.2s] epoch 73 step 184850 avg_loss=2.313
[3866.5s] epoch 73 step 184900 avg_loss=2.219
[3867.8s] epoch 73 step 184950 avg_loss=2.190
[3869.1s] epoch 73 step 185000 avg_loss=2.192
[3870.3s] epoch 73 step 185050 avg_loss=2.180
[3871.4s] epoch 73 step 185100 avg_loss=2.197
[3872.5s] epoch 73 step 185150 avg_loss=2.225
[3873.7s] epoch 73 step 185200 avg_loss=2.191
[3874.8s] epoch 73 step 185250 avg_loss=2.178
[3875.9s] epoch 73 step 185300 avg_loss=2.220
[3877.1s] epoch 73 step 185350 avg_loss=2.230
[3878.3s] epoch 73 step 185400 avg_loss=2.271
[3879.5s] epoch 73 step 185450 avg_loss=2.300
[3880.3s] epoch 73 step 185500 avg_loss=2.292
[3881.4s] epoch 73 step 185550 avg_loss=2.288
[3882.6s] epoch 73 step 185600 avg_loss=2.282
[3883.9s] epoch 73 step 185650 avg_loss=2.295
[3885.0s] epoch 73 step 185700 avg_loss=2.289
[3886.2s] epoch 73 step 185750 avg_loss=2.304
[3887.4s] epoch 73 step 185800 avg_loss=2.304
[3888.7s] epoch 73 step 185850 avg_loss=2.317
[3890.4s] epoch 73 step 185900 avg_loss=2.330
[3891.7s] epoch 73 step 185950 avg_loss=2.332
[3893.0s] epoch 73 step 186000 avg_loss=2.350
[3894.3s] epoch 73 step 186050 avg_loss=2.364
[3895.6s] epoch 73 step 186100 avg_loss=2.372
[3896.8s] epoch 73 step 186150 avg_loss=2.373
[3898.0s] epoch 73 step 186200 avg_loss=2.383
[3899.1s] epoch 73 step 186250 avg_loss=2.394
[3900.1s] epoch 73 step 186300 avg_loss=2.394
[3901.1s] epoch 73 step 186350 avg_loss=2.391
[3902.2s] epoch 73 step 186400 avg_loss=2.395
[3903.3s] epoch 73 step 186450 avg_loss=2.399
[3904.4s] epoch 73 step 186500 avg_loss=2.404
[3905.6s] epoch 73 step 186550 avg_loss=2.416
[3906.8s] epoch 73 step 186600 avg_loss=2.428
[3907.8s] epoch 73 step 186650 avg_loss=2.424
[3909.0s] epoch 73 step 186700 avg_loss=2.422
[3910.0s] epoch 73 step 186750 avg_loss=2.432
[3911.2s] epoch 73 step 186800 avg_loss=2.441
[3912.6s] epoch 73 step 186850 avg_loss=2.453
[3913.8s] epoch 73 step 186900 avg_loss=2.459
[3915.1s] epoch 73 step 186950 avg_loss=2.462
[3916.3s] epoch 73 step 187000 avg_loss=2.462
[3917.6s] epoch 73 step 187050 avg_loss=2.475
[3918.8s] epoch 73 step 187100 avg_loss=2.484
[3919.9s] epoch 73 step 187150 avg_loss=2.488
[3921.2s] epoch 73 step 187200 avg_loss=2.485
[3922.5s] epoch 73 step 187250 avg_loss=2.498
[3923.7s] === epoch 73 done: avg_loss=2.498 (n=2531 derivations) ===
[3924.0s] epoch 74 step 187300 avg_loss=2.278
[3925.5s] epoch 74 step 187350 avg_loss=1.932
[3926.9s] epoch 74 step 187400 avg_loss=1.924
[3928.1s] epoch 74 step 187450 avg_loss=1.955
[3929.4s] epoch 74 step 187500 avg_loss=2.024
[3930.6s] epoch 74 step 187550 avg_loss=2.075
[3931.8s] epoch 74 step 187600 avg_loss=2.182
[3932.8s] epoch 74 step 187650 avg_loss=2.185
[3933.9s] epoch 74 step 187700 avg_loss=2.175
[3935.2s] epoch 74 step 187750 avg_loss=2.215
[3936.2s] epoch 74 step 187800 avg_loss=2.211
[3937.4s] epoch 74 step 187850 avg_loss=2.252
[3938.6s] epoch 74 step 187900 avg_loss=2.259
[3939.8s] epoch 74 step 187950 avg_loss=2.264
[3940.9s] epoch 74 step 188000 avg_loss=2.298
[3941.9s] epoch 74 step 188050 avg_loss=2.309
[3942.9s] epoch 74 step 188100 avg_loss=2.289
[3943.9s] epoch 74 step 188150 avg_loss=2.275
[3945.1s] epoch 74 step 188200 avg_loss=2.294
[3946.2s] epoch 74 step 188250 avg_loss=2.288
[3947.4s] epoch 74 step 188300 avg_loss=2.293
[3948.5s] epoch 74 step 188350 avg_loss=2.308
[3949.7s] epoch 74 step 188400 avg_loss=2.319
[3950.9s] epoch 74 step 188450 avg_loss=2.317
[3952.4s] epoch 74 step 188500 avg_loss=2.335
[3953.7s] epoch 74 step 188550 avg_loss=2.364
[3954.9s] epoch 74 step 188600 avg_loss=2.361
[3956.1s] epoch 74 step 188650 avg_loss=2.388
[3957.2s] epoch 74 step 188700 avg_loss=2.395
[3958.2s] epoch 74 step 188750 avg_loss=2.407
[3959.3s] epoch 74 step 188800 avg_loss=2.399
[3960.6s] epoch 74 step 188850 avg_loss=2.425
[3961.7s] epoch 74 step 188900 avg_loss=2.439
[3962.7s] epoch 74 step 188950 avg_loss=2.440
[3963.8s] epoch 74 step 189000 avg_loss=2.452
[3964.9s] epoch 74 step 189050 avg_loss=2.442
[3965.8s] epoch 74 step 189100 avg_loss=2.442
[3967.0s] epoch 74 step 189150 avg_loss=2.461
[3968.1s] epoch 74 step 189200 avg_loss=2.466
[3969.3s] epoch 74 step 189250 avg_loss=2.475
[3970.7s] epoch 74 step 189300 avg_loss=2.463
[3971.8s] epoch 74 step 189350 avg_loss=2.468
[3973.1s] epoch 74 step 189400 avg_loss=2.473
[3974.3s] epoch 74 step 189450 avg_loss=2.476
[3975.4s] epoch 74 step 189500 avg_loss=2.480
[3976.5s] epoch 74 step 189550 avg_loss=2.486
[3977.5s] epoch 74 step 189600 avg_loss=2.483
[3978.5s] epoch 74 step 189650 avg_loss=2.488
[3979.6s] epoch 74 step 189700 avg_loss=2.492
[3980.9s] epoch 74 step 189750 avg_loss=2.498
[3981.9s] epoch 74 step 189800 avg_loss=2.497
[3983.6s] eval step=6000 train_avg_loss=2.498 dev_rank1_f1=0.4949 dev_edge_p=0.4915 dev_edge_r=0.4984
[3983.6s] === epoch 74 done: avg_loss=2.498 (n=2531 derivations) ===
[3984.2s] epoch 75 step 189850 avg_loss=1.863
[3985.5s] epoch 75 step 189900 avg_loss=2.084
[3986.4s] epoch 75 step 189950 avg_loss=2.128
[3987.4s] epoch 75 step 190000 avg_loss=2.043
[3988.4s] epoch 75 step 190050 avg_loss=2.049
[3989.5s] epoch 75 step 190100 avg_loss=2.072
[3990.7s] epoch 75 step 190150 avg_loss=2.068
[3991.8s] epoch 75 step 190200 avg_loss=2.064
[3992.8s] epoch 75 step 190250 avg_loss=2.035
[3993.9s] epoch 75 step 190300 avg_loss=2.035
[3995.1s] epoch 75 step 190350 avg_loss=2.069
[3996.3s] epoch 75 step 190400 avg_loss=2.085
[3997.5s] epoch 75 step 190450 avg_loss=2.130
[3998.4s] epoch 75 step 190500 avg_loss=2.152
[3999.5s] epoch 75 step 190550 avg_loss=2.195
[4000.6s] epoch 75 step 190600 avg_loss=2.225
[4001.6s] epoch 75 step 190650 avg_loss=2.257
[4002.7s] epoch 75 step 190700 avg_loss=2.272
[4003.6s] epoch 75 step 190750 avg_loss=2.310
[4004.9s] epoch 75 step 190800 avg_loss=2.334
[4006.1s] epoch 75 step 190850 avg_loss=2.351
[4007.3s] epoch 75 step 190900 avg_loss=2.349
[4008.2s] epoch 75 step 190950 avg_loss=2.344
[4009.3s] epoch 75 step 191000 avg_loss=2.349
[4010.3s] epoch 75 step 191050 avg_loss=2.356
[4011.5s] epoch 75 step 191100 avg_loss=2.356
[4012.5s] epoch 75 step 191150 avg_loss=2.360
[4013.7s] epoch 75 step 191200 avg_loss=2.361
[4014.9s] epoch 75 step 191250 avg_loss=2.356
[4015.9s] epoch 75 step 191300 avg_loss=2.359
[4016.9s] epoch 75 step 191350 avg_loss=2.362
[4017.8s] epoch 75 step 191400 avg_loss=2.381
[4018.9s] epoch 75 step 191450 avg_loss=2.384
[4020.0s] epoch 75 step 191500 avg_loss=2.387
[4021.1s] epoch 75 step 191550 avg_loss=2.394
[4022.4s] epoch 75 step 191600 avg_loss=2.395
[4023.5s] epoch 75 step 191650 avg_loss=2.402
[4024.5s] epoch 75 step 191700 avg_loss=2.424
[4025.8s] epoch 75 step 191750 avg_loss=2.433
[4027.0s] epoch 75 step 191800 avg_loss=2.444
[4028.1s] epoch 75 step 191850 avg_loss=2.450
[4029.4s] epoch 75 step 191900 avg_loss=2.456
[4030.6s] epoch 75 step 191950 avg_loss=2.452
[4031.7s] epoch 75 step 192000 avg_loss=2.459
[4032.8s] epoch 75 step 192050 avg_loss=2.471
[4033.8s] epoch 75 step 192100 avg_loss=2.475
[4034.9s] epoch 75 step 192150 avg_loss=2.477
[4035.9s] epoch 75 step 192200 avg_loss=2.486
[4037.1s] epoch 75 step 192250 avg_loss=2.500
[4038.1s] epoch 75 step 192300 avg_loss=2.496
[4039.3s] epoch 75 step 192350 avg_loss=2.495
[4039.4s] === epoch 75 done: avg_loss=2.494 (n=2531 derivations) ===
[4040.3s] epoch 76 step 192400 avg_loss=1.928
[4041.5s] epoch 76 step 192450 avg_loss=2.256
[4042.6s] epoch 76 step 192500 avg_loss=2.142
[4044.0s] epoch 76 step 192550 avg_loss=2.215
[4045.3s] epoch 76 step 192600 avg_loss=2.163
[4046.5s] epoch 76 step 192650 avg_loss=2.119
[4047.5s] epoch 76 step 192700 avg_loss=2.110
[4048.6s] epoch 76 step 192750 avg_loss=2.142
[4049.6s] epoch 76 step 192800 avg_loss=2.172
[4050.8s] epoch 76 step 192850 avg_loss=2.210
[4051.6s] epoch 76 step 192900 avg_loss=2.209
[4052.7s] epoch 76 step 192950 avg_loss=2.212
[4053.6s] epoch 76 step 193000 avg_loss=2.183
[4054.5s] epoch 76 step 193050 avg_loss=2.162
[4055.6s] epoch 76 step 193100 avg_loss=2.169
[4057.0s] epoch 76 step 193150 avg_loss=2.180
[4058.3s] epoch 76 step 193200 avg_loss=2.199
[4059.6s] epoch 76 step 193250 avg_loss=2.195
[4060.9s] epoch 76 step 193300 avg_loss=2.194
[4062.1s] epoch 76 step 193350 avg_loss=2.212
[4063.5s] epoch 76 step 193400 avg_loss=2.246
[4064.9s] epoch 76 step 193450 avg_loss=2.280
[4065.9s] epoch 76 step 193500 avg_loss=2.306
[4067.1s] epoch 76 step 193550 avg_loss=2.306
[4068.1s] epoch 76 step 193600 avg_loss=2.311
[4069.3s] epoch 76 step 193650 avg_loss=2.327
[4070.5s] epoch 76 step 193700 avg_loss=2.352
[4071.5s] epoch 76 step 193750 avg_loss=2.344
[4072.7s] epoch 76 step 193800 avg_loss=2.350
[4073.8s] epoch 76 step 193850 avg_loss=2.364
[4075.0s] epoch 76 step 193900 avg_loss=2.367
[4076.3s] epoch 76 step 193950 avg_loss=2.370
[4077.5s] epoch 76 step 194000 avg_loss=2.370
[4078.8s] epoch 76 step 194050 avg_loss=2.376
[4080.2s] epoch 76 step 194100 avg_loss=2.375
[4081.3s] epoch 76 step 194150 avg_loss=2.375
[4082.5s] epoch 76 step 194200 avg_loss=2.376
[4083.8s] epoch 76 step 194250 avg_loss=2.384
[4085.1s] epoch 76 step 194300 avg_loss=2.387
[4086.5s] epoch 76 step 194350 avg_loss=2.399
[4087.7s] epoch 76 step 194400 avg_loss=2.405
[4088.7s] epoch 76 step 194450 avg_loss=2.412
[4089.8s] epoch 76 step 194500 avg_loss=2.425
[4090.8s] epoch 76 step 194550 avg_loss=2.432
[4091.7s] epoch 76 step 194600 avg_loss=2.434
[4092.8s] epoch 76 step 194650 avg_loss=2.440
[4093.7s] epoch 76 step 194700 avg_loss=2.446
[4094.9s] epoch 76 step 194750 avg_loss=2.460
[4095.8s] epoch 76 step 194800 avg_loss=2.458
[4097.0s] epoch 76 step 194850 avg_loss=2.456
[4097.7s] === epoch 76 done: avg_loss=2.461 (n=2531 derivations) ===
[4097.9s] epoch 77 step 194900 avg_loss=1.740
[4099.0s] epoch 77 step 194950 avg_loss=1.938
[4099.9s] epoch 77 step 195000 avg_loss=1.919
[4101.0s] epoch 77 step 195050 avg_loss=1.939
[4102.0s] epoch 77 step 195100 avg_loss=1.934
[4103.2s] epoch 77 step 195150 avg_loss=1.996
[4104.4s] epoch 77 step 195200 avg_loss=2.093
[4105.8s] epoch 77 step 195250 avg_loss=2.082
[4107.0s] epoch 77 step 195300 avg_loss=2.101
[4108.3s] epoch 77 step 195350 avg_loss=2.106
[4109.5s] epoch 77 step 195400 avg_loss=2.117
[4110.8s] epoch 77 step 195450 avg_loss=2.140
[4112.3s] epoch 77 step 195500 avg_loss=2.180
[4113.7s] epoch 77 step 195550 avg_loss=2.186
[4114.9s] epoch 77 step 195600 avg_loss=2.198
[4116.2s] epoch 77 step 195650 avg_loss=2.206
[4117.7s] epoch 77 step 195700 avg_loss=2.225
[4119.2s] epoch 77 step 195750 avg_loss=2.264
[4120.4s] epoch 77 step 195800 avg_loss=2.285
[4121.9s] epoch 77 step 195850 avg_loss=2.294
[4123.1s] epoch 77 step 195900 avg_loss=2.296
[4124.3s] epoch 77 step 195950 avg_loss=2.302
[4125.3s] epoch 77 step 196000 avg_loss=2.319
[4126.4s] epoch 77 step 196050 avg_loss=2.311
[4127.5s] epoch 77 step 196100 avg_loss=2.322
[4128.6s] epoch 77 step 196150 avg_loss=2.329
[4129.7s] epoch 77 step 196200 avg_loss=2.336
[4131.0s] epoch 77 step 196250 avg_loss=2.344
[4132.5s] epoch 77 step 196300 avg_loss=2.358
[4133.7s] epoch 77 step 196350 avg_loss=2.360
[4135.3s] epoch 77 step 196400 avg_loss=2.359
[4136.5s] epoch 77 step 196450 avg_loss=2.354
[4137.7s] epoch 77 step 196500 avg_loss=2.354
[4138.9s] epoch 77 step 196550 avg_loss=2.359
[4139.9s] epoch 77 step 196600 avg_loss=2.358
[4141.3s] epoch 77 step 196650 avg_loss=2.368
[4142.3s] epoch 77 step 196700 avg_loss=2.366
[4143.5s] epoch 77 step 196750 avg_loss=2.378
[4144.3s] epoch 77 step 196800 avg_loss=2.376
[4145.6s] epoch 77 step 196850 avg_loss=2.390
[4146.8s] epoch 77 step 196900 avg_loss=2.384
[4148.0s] epoch 77 step 196950 avg_loss=2.396
[4149.4s] epoch 77 step 197000 avg_loss=2.408
[4150.9s] epoch 77 step 197050 avg_loss=2.418
[4152.1s] epoch 77 step 197100 avg_loss=2.421
[4153.3s] epoch 77 step 197150 avg_loss=2.429
[4154.6s] epoch 77 step 197200 avg_loss=2.437
[4155.7s] epoch 77 step 197250 avg_loss=2.440
[4156.9s] epoch 77 step 197300 avg_loss=2.449
[4158.3s] epoch 77 step 197350 avg_loss=2.459
[4159.7s] epoch 77 step 197400 avg_loss=2.462
[4160.1s] === epoch 77 done: avg_loss=2.458 (n=2531 derivations) ===
[4161.0s] epoch 78 step 197450 avg_loss=2.427
[4162.2s] epoch 78 step 197500 avg_loss=2.172
[4163.5s] epoch 78 step 197550 avg_loss=2.088
[4165.0s] epoch 78 step 197600 avg_loss=2.133
[4166.3s] epoch 78 step 197650 avg_loss=2.103
[4167.4s] epoch 78 step 197700 avg_loss=2.125
[4169.4s] eval step=6250 train_avg_loss=2.143 dev_rank1_f1=0.5009 dev_edge_p=0.4812 dev_edge_r=0.5223
[4169.7s] epoch 78 step 197750 avg_loss=2.198
[4170.8s] epoch 78 step 197800 avg_loss=2.236
[4171.9s] epoch 78 step 197850 avg_loss=2.237
[4173.0s] epoch 78 step 197900 avg_loss=2.248
[4174.2s] epoch 78 step 197950 avg_loss=2.222
[4175.5s] epoch 78 step 198000 avg_loss=2.203
[4176.8s] epoch 78 step 198050 avg_loss=2.201
[4177.9s] epoch 78 step 198100 avg_loss=2.175
[4179.2s] epoch 78 step 198150 avg_loss=2.182
[4180.3s] epoch 78 step 198200 avg_loss=2.177
[4181.5s] epoch 78 step 198250 avg_loss=2.167
[4182.8s] epoch 78 step 198300 avg_loss=2.217
[4183.8s] epoch 78 step 198350 avg_loss=2.231
[4185.0s] epoch 78 step 198400 avg_loss=2.235
[4186.2s] epoch 78 step 198450 avg_loss=2.246
[4187.2s] epoch 78 step 198500 avg_loss=2.264
[4188.2s] epoch 78 step 198550 avg_loss=2.259
[4189.3s] epoch 78 step 198600 avg_loss=2.267
[4190.5s] epoch 78 step 198650 avg_loss=2.284
[4191.6s] epoch 78 step 198700 avg_loss=2.287
[4192.9s] epoch 78 step 198750 avg_loss=2.280
[4194.3s] epoch 78 step 198800 avg_loss=2.295
[4195.5s] epoch 78 step 198850 avg_loss=2.311
[4196.7s] epoch 78 step 198900 avg_loss=2.315
[4198.0s] epoch 78 step 198950 avg_loss=2.327
[4199.0s] epoch 78 step 199000 avg_loss=2.335
[4200.2s] epoch 78 step 199050 avg_loss=2.356
[4201.4s] epoch 78 step 199100 avg_loss=2.355
[4202.7s] epoch 78 step 199150 avg_loss=2.353
[4203.9s] epoch 78 step 199200 avg_loss=2.361
[4205.2s] epoch 78 step 199250 avg_loss=2.369
[4206.4s] epoch 78 step 199300 avg_loss=2.378
[4207.6s] epoch 78 step 199350 avg_loss=2.382
[4208.9s] epoch 78 step 199400 avg_loss=2.377
[4210.0s] epoch 78 step 199450 avg_loss=2.378
[4211.1s] epoch 78 step 199500 avg_loss=2.379
[4212.4s] epoch 78 step 199550 avg_loss=2.387
[4213.5s] epoch 78 step 199600 avg_loss=2.393
[4214.7s] epoch 78 step 199650 avg_loss=2.409
[4215.9s] epoch 78 step 199700 avg_loss=2.414
[4217.1s] epoch 78 step 199750 avg_loss=2.427
[4218.2s] epoch 78 step 199800 avg_loss=2.431
[4219.3s] epoch 78 step 199850 avg_loss=2.443
[4220.3s] epoch 78 step 199900 avg_loss=2.447
[4221.4s] === epoch 78 done: avg_loss=2.450 (n=2531 derivations) ===
[4221.4s] epoch 79 step 199950 avg_loss=0.831
[4222.5s] epoch 79 step 200000 avg_loss=1.807
[4223.4s] epoch 79 step 200050 avg_loss=1.794
[4224.5s] epoch 79 step 200100 avg_loss=1.868
[4225.6s] epoch 79 step 200150 avg_loss=1.896
[4226.8s] epoch 79 step 200200 avg_loss=1.979
[4228.0s] epoch 79 step 200250 avg_loss=2.036
[4229.2s] epoch 79 step 200300 avg_loss=2.070
[4230.4s] epoch 79 step 200350 avg_loss=2.109
[4231.6s] epoch 79 step 200400 avg_loss=2.172
[4232.8s] epoch 79 step 200450 avg_loss=2.158
[4234.0s] epoch 79 step 200500 avg_loss=2.163
[4235.2s] epoch 79 step 200550 avg_loss=2.152
[4236.3s] epoch 79 step 200600 avg_loss=2.164
[4237.4s] epoch 79 step 200650 avg_loss=2.165
[4238.6s] epoch 79 step 200700 avg_loss=2.225
[4239.8s] epoch 79 step 200750 avg_loss=2.244
[4240.8s] epoch 79 step 200800 avg_loss=2.271
[4242.0s] epoch 79 step 200850 avg_loss=2.284
[4243.2s] epoch 79 step 200900 avg_loss=2.307
[4244.2s] epoch 79 step 200950 avg_loss=2.308
[4245.2s] epoch 79 step 201000 avg_loss=2.306
[4246.3s] epoch 79 step 201050 avg_loss=2.311
[4247.4s] epoch 79 step 201100 avg_loss=2.309
[4248.5s] epoch 79 step 201150 avg_loss=2.313
[4249.6s] epoch 79 step 201200 avg_loss=2.316
[4250.8s] epoch 79 step 201250 avg_loss=2.318
[4251.9s] epoch 79 step 201300 avg_loss=2.329
[4253.1s] epoch 79 step 201350 avg_loss=2.328
[4254.1s] epoch 79 step 201400 avg_loss=2.321
[4255.2s] epoch 79 step 201450 avg_loss=2.315
[4256.4s] epoch 79 step 201500 avg_loss=2.322
[4257.4s] epoch 79 step 201550 avg_loss=2.317
[4258.4s] epoch 79 step 201600 avg_loss=2.325
[4259.5s] epoch 79 step 201650 avg_loss=2.331
[4260.7s] epoch 79 step 201700 avg_loss=2.345
[4262.0s] epoch 79 step 201750 avg_loss=2.355
[4263.4s] epoch 79 step 201800 avg_loss=2.368
[4264.8s] epoch 79 step 201850 avg_loss=2.372
[4266.0s] epoch 79 step 201900 avg_loss=2.374
[4267.3s] epoch 79 step 201950 avg_loss=2.380
[4268.3s] epoch 79 step 202000 avg_loss=2.391
[4269.4s] epoch 79 step 202050 avg_loss=2.399
[4270.6s] epoch 79 step 202100 avg_loss=2.406
[4271.7s] epoch 79 step 202150 avg_loss=2.404
[4272.8s] epoch 79 step 202200 avg_loss=2.405
[4274.1s] epoch 79 step 202250 avg_loss=2.414
[4275.2s] epoch 79 step 202300 avg_loss=2.422
[4276.2s] epoch 79 step 202350 avg_loss=2.419
[4277.3s] epoch 79 step 202400 avg_loss=2.426
[4278.3s] epoch 79 step 202450 avg_loss=2.432
[4279.1s] === epoch 79 done: avg_loss=2.436 (n=2531 derivations) ===
[4279.5s] epoch 80 step 202500 avg_loss=1.762
[4280.5s] epoch 80 step 202550 avg_loss=1.844
[4281.6s] epoch 80 step 202600 avg_loss=1.968
[4282.7s] epoch 80 step 202650 avg_loss=2.005
[4284.0s] epoch 80 step 202700 avg_loss=2.032
[4285.1s] epoch 80 step 202750 avg_loss=2.024
[4286.3s] epoch 80 step 202800 avg_loss=2.038
[4287.4s] epoch 80 step 202850 avg_loss=2.060
[4288.5s] epoch 80 step 202900 avg_loss=2.142
[4289.7s] epoch 80 step 202950 avg_loss=2.157
[4290.8s] epoch 80 step 203000 avg_loss=2.142
[4292.1s] epoch 80 step 203050 avg_loss=2.138
[4293.2s] epoch 80 step 203100 avg_loss=2.142
[4294.2s] epoch 80 step 203150 avg_loss=2.162
[4295.4s] epoch 80 step 203200 avg_loss=2.176
[4296.5s] epoch 80 step 203250 avg_loss=2.196
[4297.4s] epoch 80 step 203300 avg_loss=2.208
[4298.5s] epoch 80 step 203350 avg_loss=2.218
[4299.6s] epoch 80 step 203400 avg_loss=2.233
[4300.6s] epoch 80 step 203450 avg_loss=2.244
[4301.7s] epoch 80 step 203500 avg_loss=2.256
[4302.8s] epoch 80 step 203550 avg_loss=2.264
[4303.9s] epoch 80 step 203600 avg_loss=2.255
[4305.1s] epoch 80 step 203650 avg_loss=2.289
[4306.1s] epoch 80 step 203700 avg_loss=2.294
[4307.2s] epoch 80 step 203750 avg_loss=2.292
[4308.2s] epoch 80 step 203800 avg_loss=2.299
[4309.2s] epoch 80 step 203850 avg_loss=2.324
[4310.4s] epoch 80 step 203900 avg_loss=2.328
[4311.5s] epoch 80 step 203950 avg_loss=2.317
[4312.4s] epoch 80 step 204000 avg_loss=2.308
[4313.6s] epoch 80 step 204050 avg_loss=2.320
[4314.6s] epoch 80 step 204100 avg_loss=2.324
[4315.9s] epoch 80 step 204150 avg_loss=2.327
[4317.0s] epoch 80 step 204200 avg_loss=2.332
[4318.0s] epoch 80 step 204250 avg_loss=2.336
[4319.1s] epoch 80 step 204300 avg_loss=2.351
[4320.1s] epoch 80 step 204350 avg_loss=2.356
[4321.2s] epoch 80 step 204400 avg_loss=2.351
[4322.2s] epoch 80 step 204450 avg_loss=2.370
[4323.2s] epoch 80 step 204500 avg_loss=2.376
[4324.3s] epoch 80 step 204550 avg_loss=2.377
[4325.8s] epoch 80 step 204600 avg_loss=2.391
[4327.0s] epoch 80 step 204650 avg_loss=2.392
[4328.3s] epoch 80 step 204700 avg_loss=2.388
[4329.6s] epoch 80 step 204750 avg_loss=2.401
[4330.8s] epoch 80 step 204800 avg_loss=2.403
[4331.8s] epoch 80 step 204850 avg_loss=2.403
[4333.1s] epoch 80 step 204900 avg_loss=2.408
[4334.1s] epoch 80 step 204950 avg_loss=2.413
[4335.2s] epoch 80 step 205000 avg_loss=2.423
[4335.4s] === epoch 80 done: avg_loss=2.424 (n=2531 derivations) ===
[4336.0s] epoch 81 step 205050 avg_loss=2.038
[4337.0s] epoch 81 step 205100 avg_loss=2.140
[4338.0s] epoch 81 step 205150 avg_loss=2.157
[4339.0s] epoch 81 step 205200 avg_loss=2.153
[4339.9s] epoch 81 step 205250 avg_loss=2.124
[4341.1s] epoch 81 step 205300 avg_loss=2.089
[4342.2s] epoch 81 step 205350 avg_loss=2.029
[4343.2s] epoch 81 step 205400 avg_loss=2.093
[4344.5s] epoch 81 step 205450 avg_loss=2.097
[4345.8s] epoch 81 step 205500 avg_loss=2.076
[4347.0s] epoch 81 step 205550 avg_loss=2.068
[4348.2s] epoch 81 step 205600 avg_loss=2.138
[4349.4s] epoch 81 step 205650 avg_loss=2.164
[4350.4s] eval step=6500 train_avg_loss=2.164 dev_rank1_f1=0.4991 dev_edge_p=0.4889 dev_edge_r=0.5096
[4351.4s] epoch 81 step 205700 avg_loss=2.147
[4352.6s] epoch 81 step 205750 avg_loss=2.144
[4353.6s] epoch 81 step 205800 avg_loss=2.153
[4354.7s] epoch 81 step 205850 avg_loss=2.175
[4355.7s] epoch 81 step 205900 avg_loss=2.178
[4357.0s] epoch 81 step 205950 avg_loss=2.186
[4358.2s] epoch 81 step 206000 avg_loss=2.198
[4359.1s] epoch 81 step 206050 avg_loss=2.196
[4360.6s] epoch 81 step 206100 avg_loss=2.191
[4361.7s] epoch 81 step 206150 avg_loss=2.225
[4362.9s] epoch 81 step 206200 avg_loss=2.235
[4364.3s] epoch 81 step 206250 avg_loss=2.268
[4365.6s] epoch 81 step 206300 avg_loss=2.267
[4366.8s] epoch 81 step 206350 avg_loss=2.276
[4368.2s] epoch 81 step 206400 avg_loss=2.286
[4369.4s] epoch 81 step 206450 avg_loss=2.303
[4370.8s] epoch 81 step 206500 avg_loss=2.296
[4371.7s] epoch 81 step 206550 avg_loss=2.299
[4372.9s] epoch 81 step 206600 avg_loss=2.304
[4374.0s] epoch 81 step 206650 avg_loss=2.303
[4375.2s] epoch 81 step 206700 avg_loss=2.319
[4376.3s] epoch 81 step 206750 avg_loss=2.340
[4377.4s] epoch 81 step 206800 avg_loss=2.344
[4378.4s] epoch 81 step 206850 avg_loss=2.345
[4379.4s] epoch 81 step 206900 avg_loss=2.348
[4380.5s] epoch 81 step 206950 avg_loss=2.358
[4381.7s] epoch 81 step 207000 avg_loss=2.364
[4382.8s] epoch 81 step 207050 avg_loss=2.366
[4384.0s] epoch 81 step 207100 avg_loss=2.373
[4385.2s] epoch 81 step 207150 avg_loss=2.375
[4386.3s] epoch 81 step 207200 avg_loss=2.375
[4387.4s] epoch 81 step 207250 avg_loss=2.379
[4388.4s] epoch 81 step 207300 avg_loss=2.385
[4389.6s] epoch 81 step 207350 avg_loss=2.400
[4390.7s] epoch 81 step 207400 avg_loss=2.400
[4391.8s] epoch 81 step 207450 avg_loss=2.404
[4393.0s] epoch 81 step 207500 avg_loss=2.419
[4394.0s] === epoch 81 done: avg_loss=2.425 (n=2531 derivations) ===
[4394.2s] epoch 82 step 207550 avg_loss=2.155
[4395.4s] epoch 82 step 207600 avg_loss=2.337
[4396.3s] epoch 82 step 207650 avg_loss=2.182
[4397.4s] epoch 82 step 207700 avg_loss=2.141
[4398.6s] epoch 82 step 207750 avg_loss=2.191
[4399.6s] epoch 82 step 207800 avg_loss=2.180
[4400.6s] epoch 82 step 207850 avg_loss=2.186
[4401.6s] epoch 82 step 207900 avg_loss=2.143
[4402.5s] epoch 82 step 207950 avg_loss=2.095
[4403.7s] epoch 82 step 208000 avg_loss=2.122
[4404.8s] epoch 82 step 208050 avg_loss=2.151
[4405.9s] epoch 82 step 208100 avg_loss=2.122
[4406.9s] epoch 82 step 208150 avg_loss=2.117
[4408.0s] epoch 82 step 208200 avg_loss=2.166
[4409.1s] epoch 82 step 208250 avg_loss=2.187
[4410.1s] epoch 82 step 208300 avg_loss=2.175
[4411.0s] epoch 82 step 208350 avg_loss=2.188
[4411.9s] epoch 82 step 208400 avg_loss=2.186
[4413.0s] epoch 82 step 208450 avg_loss=2.183
[4414.2s] epoch 82 step 208500 avg_loss=2.176
[4415.2s] epoch 82 step 208550 avg_loss=2.190
[4416.3s] epoch 82 step 208600 avg_loss=2.193
[4417.3s] epoch 82 step 208650 avg_loss=2.225
[4418.3s] epoch 82 step 208700 avg_loss=2.214
[4419.5s] epoch 82 step 208750 avg_loss=2.213
[4420.6s] epoch 82 step 208800 avg_loss=2.209
[4421.6s] epoch 82 step 208850 avg_loss=2.215
[4422.7s] epoch 82 step 208900 avg_loss=2.223
[4424.1s] epoch 82 step 208950 avg_loss=2.229
[4425.2s] epoch 82 step 209000 avg_loss=2.246
[4426.5s] epoch 82 step 209050 avg_loss=2.259
[4427.5s] epoch 82 step 209100 avg_loss=2.267
[4428.6s] epoch 82 step 209150 avg_loss=2.272
[4429.7s] epoch 82 step 209200 avg_loss=2.274
[4430.9s] epoch 82 step 209250 avg_loss=2.281
[4432.0s] epoch 82 step 209300 avg_loss=2.276
[4433.4s] epoch 82 step 209350 avg_loss=2.290
[4434.6s] epoch 82 step 209400 avg_loss=2.298
[4435.8s] epoch 82 step 209450 avg_loss=2.307
[4437.1s] epoch 82 step 209500 avg_loss=2.305
[4438.2s] epoch 82 step 209550 avg_loss=2.315
[4439.4s] epoch 82 step 209600 avg_loss=2.324
[4440.4s] epoch 82 step 209650 avg_loss=2.332
[4441.4s] epoch 82 step 209700 avg_loss=2.330
[4442.6s] epoch 82 step 209750 avg_loss=2.344
[4443.7s] epoch 82 step 209800 avg_loss=2.353
[4444.8s] epoch 82 step 209850 avg_loss=2.368
[4445.9s] epoch 82 step 209900 avg_loss=2.372
[4447.0s] epoch 82 step 209950 avg_loss=2.371
[4448.2s] epoch 82 step 210000 avg_loss=2.383
[4449.6s] epoch 82 step 210050 avg_loss=2.403
[4450.1s] === epoch 82 done: avg_loss=2.400 (n=2531 derivations) ===
[4450.9s] epoch 83 step 210100 avg_loss=2.669
[4452.1s] epoch 83 step 210150 avg_loss=2.293
[4453.3s] epoch 83 step 210200 avg_loss=2.155
[4454.7s] epoch 83 step 210250 avg_loss=2.255
[4455.9s] epoch 83 step 210300 avg_loss=2.279
[4456.8s] epoch 83 step 210350 avg_loss=2.249
[4457.8s] epoch 83 step 210400 avg_loss=2.258
[4458.8s] epoch 83 step 210450 avg_loss=2.232
[4460.1s] epoch 83 step 210500 avg_loss=2.174
[4461.3s] epoch 83 step 210550 avg_loss=2.181
[4462.4s] epoch 83 step 210600 avg_loss=2.181
[4463.6s] epoch 83 step 210650 avg_loss=2.159
[4464.7s] epoch 83 step 210700 avg_loss=2.144
[4466.1s] epoch 83 step 210750 avg_loss=2.136
[4467.1s] epoch 83 step 210800 avg_loss=2.129
[4468.2s] epoch 83 step 210850 avg_loss=2.155
[4469.2s] epoch 83 step 210900 avg_loss=2.145
[4470.3s] epoch 83 step 210950 avg_loss=2.164
[4471.6s] epoch 83 step 211000 avg_loss=2.197
[4472.7s] epoch 83 step 211050 avg_loss=2.207
[4474.0s] epoch 83 step 211100 avg_loss=2.199
[4475.2s] epoch 83 step 211150 avg_loss=2.213
[4476.5s] epoch 83 step 211200 avg_loss=2.233
[4477.7s] epoch 83 step 211250 avg_loss=2.225
[4479.0s] epoch 83 step 211300 avg_loss=2.229
[4480.2s] epoch 83 step 211350 avg_loss=2.230
[4481.5s] epoch 83 step 211400 avg_loss=2.232
[4482.7s] epoch 83 step 211450 avg_loss=2.229
[4484.2s] epoch 83 step 211500 avg_loss=2.234
[4485.5s] epoch 83 step 211550 avg_loss=2.256
[4486.9s] epoch 83 step 211600 avg_loss=2.263
[4488.4s] epoch 83 step 211650 avg_loss=2.281
[4490.0s] epoch 83 step 211700 avg_loss=2.282
[4491.0s] epoch 83 step 211750 avg_loss=2.303
[4492.4s] epoch 83 step 211800 avg_loss=2.317
[4493.7s] epoch 83 step 211850 avg_loss=2.319
[4495.0s] epoch 83 step 211900 avg_loss=2.324
[4496.2s] epoch 83 step 211950 avg_loss=2.323
[4497.6s] epoch 83 step 212000 avg_loss=2.335
[4498.7s] epoch 83 step 212050 avg_loss=2.337
[4499.7s] epoch 83 step 212100 avg_loss=2.337
[4500.8s] epoch 83 step 212150 avg_loss=2.344
[4501.9s] epoch 83 step 212200 avg_loss=2.352
[4503.0s] epoch 83 step 212250 avg_loss=2.366
[4503.9s] epoch 83 step 212300 avg_loss=2.370
[4505.1s] epoch 83 step 212350 avg_loss=2.370
[4506.2s] epoch 83 step 212400 avg_loss=2.379
[4507.2s] epoch 83 step 212450 avg_loss=2.377
[4508.3s] epoch 83 step 212500 avg_loss=2.389
[4509.4s] epoch 83 step 212550 avg_loss=2.402
[4510.6s] epoch 83 step 212600 avg_loss=2.407
[4510.7s] === epoch 83 done: avg_loss=2.406 (n=2531 derivations) ===
[4511.7s] epoch 84 step 212650 avg_loss=1.957
[4512.9s] epoch 84 step 212700 avg_loss=2.075
[4514.2s] epoch 84 step 212750 avg_loss=2.157
[4515.3s] epoch 84 step 212800 avg_loss=2.192
[4516.4s] epoch 84 step 212850 avg_loss=2.159
[4517.6s] epoch 84 step 212900 avg_loss=2.116
[4518.9s] epoch 84 step 212950 avg_loss=2.098
[4520.1s] epoch 84 step 213000 avg_loss=2.096
[4521.2s] epoch 84 step 213050 avg_loss=2.094
[4522.5s] epoch 84 step 213100 avg_loss=2.089
[4523.8s] epoch 84 step 213150 avg_loss=2.094
[4525.2s] epoch 84 step 213200 avg_loss=2.079
[4526.4s] epoch 84 step 213250 avg_loss=2.065
[4527.6s] epoch 84 step 213300 avg_loss=2.080
[4528.7s] epoch 84 step 213350 avg_loss=2.063
[4529.9s] epoch 84 step 213400 avg_loss=2.084
[4531.2s] epoch 84 step 213450 avg_loss=2.100
[4532.5s] epoch 84 step 213500 avg_loss=2.103
[4533.6s] epoch 84 step 213550 avg_loss=2.122
[4535.0s] eval step=6750 train_avg_loss=2.124 dev_rank1_f1=0.5053 dev_edge_p=0.5105 dev_edge_r=0.5001
[4535.9s] epoch 84 step 213600 avg_loss=2.131
[4537.0s] epoch 84 step 213650 avg_loss=2.130
[4538.2s] epoch 84 step 213700 avg_loss=2.127
[4539.3s] epoch 84 step 213750 avg_loss=2.138
[4540.5s] epoch 84 step 213800 avg_loss=2.155
[4541.7s] epoch 84 step 213850 avg_loss=2.168
[4542.8s] epoch 84 step 213900 avg_loss=2.193
[4543.9s] epoch 84 step 213950 avg_loss=2.200
[4545.1s] epoch 84 step 214000 avg_loss=2.210
[4546.6s] epoch 84 step 214050 avg_loss=2.230
[4547.8s] epoch 84 step 214100 avg_loss=2.228
[4548.9s] epoch 84 step 214150 avg_loss=2.248
[4550.2s] epoch 84 step 214200 avg_loss=2.250
[4551.5s] epoch 84 step 214250 avg_loss=2.254
[4552.5s] epoch 84 step 214300 avg_loss=2.259
[4553.6s] epoch 84 step 214350 avg_loss=2.260
[4554.7s] epoch 84 step 214400 avg_loss=2.264
[4556.0s] epoch 84 step 214450 avg_loss=2.280
[4556.9s] epoch 84 step 214500 avg_loss=2.294
[4557.9s] epoch 84 step 214550 avg_loss=2.294
[4559.0s] epoch 84 step 214600 avg_loss=2.302
[4560.2s] epoch 84 step 214650 avg_loss=2.310
[4561.1s] epoch 84 step 214700 avg_loss=2.319
[4562.3s] epoch 84 step 214750 avg_loss=2.336
[4563.4s] epoch 84 step 214800 avg_loss=2.348
[4564.8s] epoch 84 step 214850 avg_loss=2.350
[4566.2s] epoch 84 step 214900 avg_loss=2.352
[4567.6s] epoch 84 step 214950 avg_loss=2.361
[4569.1s] epoch 84 step 215000 avg_loss=2.371
[4570.2s] epoch 84 step 215050 avg_loss=2.368
[4571.5s] epoch 84 step 215100 avg_loss=2.368
[4572.4s] === epoch 84 done: avg_loss=2.371 (n=2531 derivations) ===
[4572.7s] epoch 85 step 215150 avg_loss=1.810
[4573.9s] epoch 85 step 215200 avg_loss=2.056
[4574.9s] epoch 85 step 215250 avg_loss=2.154
[4576.0s] epoch 85 step 215300 avg_loss=2.119
[4577.1s] epoch 85 step 215350 avg_loss=2.140
[4578.3s] epoch 85 step 215400 avg_loss=2.072
[4579.5s] epoch 85 step 215450 avg_loss=2.114
[4580.5s] epoch 85 step 215500 avg_loss=2.065
[4581.5s] epoch 85 step 215550 avg_loss=2.019
[4582.7s] epoch 85 step 215600 avg_loss=2.022
[4583.9s] epoch 85 step 215650 avg_loss=2.036
[4585.2s] epoch 85 step 215700 avg_loss=2.061
[4586.5s] epoch 85 step 215750 avg_loss=2.056
[4587.5s] epoch 85 step 215800 avg_loss=2.052
[4588.8s] epoch 85 step 215850 avg_loss=2.071
[4589.9s] epoch 85 step 215900 avg_loss=2.114
[4591.5s] epoch 85 step 215950 avg_loss=2.139
[4592.7s] epoch 85 step 216000 avg_loss=2.138
[4593.9s] epoch 85 step 216050 avg_loss=2.157
[4595.1s] epoch 85 step 216100 avg_loss=2.156
[4596.2s] epoch 85 step 216150 avg_loss=2.162
[4597.3s] epoch 85 step 216200 avg_loss=2.157
[4598.8s] epoch 85 step 216250 avg_loss=2.169
[4599.9s] epoch 85 step 216300 avg_loss=2.185
[4601.0s] epoch 85 step 216350 avg_loss=2.188
[4602.2s] epoch 85 step 216400 avg_loss=2.213
[4603.4s] epoch 85 step 216450 avg_loss=2.218
[4604.7s] epoch 85 step 216500 avg_loss=2.237
[4606.0s] epoch 85 step 216550 avg_loss=2.259
[4607.0s] epoch 85 step 216600 avg_loss=2.261
[4608.2s] epoch 85 step 216650 avg_loss=2.252
[4609.4s] epoch 85 step 216700 avg_loss=2.263
[4610.6s] epoch 85 step 216750 avg_loss=2.286
[4611.7s] epoch 85 step 216800 avg_loss=2.272
[4613.0s] epoch 85 step 216850 avg_loss=2.281
[4614.0s] epoch 85 step 216900 avg_loss=2.293
[4615.2s] epoch 85 step 216950 avg_loss=2.294
[4616.4s] epoch 85 step 217000 avg_loss=2.289
[4617.5s] epoch 85 step 217050 avg_loss=2.293
[4618.8s] epoch 85 step 217100 avg_loss=2.301
[4620.1s] epoch 85 step 217150 avg_loss=2.308
[4621.3s] epoch 85 step 217200 avg_loss=2.309
[4622.5s] epoch 85 step 217250 avg_loss=2.317
[4623.7s] epoch 85 step 217300 avg_loss=2.327
[4624.8s] epoch 85 step 217350 avg_loss=2.335
[4626.0s] epoch 85 step 217400 avg_loss=2.350
[4627.0s] epoch 85 step 217450 avg_loss=2.363
[4628.2s] epoch 85 step 217500 avg_loss=2.368
[4629.5s] epoch 85 step 217550 avg_loss=2.373
[4630.8s] epoch 85 step 217600 avg_loss=2.381
[4632.1s] epoch 85 step 217650 avg_loss=2.383
[4632.7s] === epoch 85 done: avg_loss=2.390 (n=2531 derivations) ===
[4633.8s] epoch 86 step 217700 avg_loss=2.254
[4635.2s] epoch 86 step 217750 avg_loss=2.037
[4636.5s] epoch 86 step 217800 avg_loss=2.279
[4637.7s] epoch 86 step 217850 avg_loss=2.168
[4638.9s] epoch 86 step 217900 avg_loss=2.136
[4640.0s] epoch 86 step 217950 avg_loss=2.065
[4641.1s] epoch 86 step 218000 avg_loss=2.061
[4642.3s] epoch 86 step 218050 avg_loss=2.059
[4643.4s] epoch 86 step 218100 avg_loss=2.072
[4644.7s] epoch 86 step 218150 avg_loss=2.071
[4646.0s] epoch 86 step 218200 avg_loss=2.096
[4647.2s] epoch 86 step 218250 avg_loss=2.114
[4648.2s] epoch 86 step 218300 avg_loss=2.103
[4649.4s] epoch 86 step 218350 avg_loss=2.114
[4650.4s] epoch 86 step 218400 avg_loss=2.108
[4651.6s] epoch 86 step 218450 avg_loss=2.143
[4652.8s] epoch 86 step 218500 avg_loss=2.145
[4653.8s] epoch 86 step 218550 avg_loss=2.157
[4654.8s] epoch 86 step 218600 avg_loss=2.154
[4655.8s] epoch 86 step 218650 avg_loss=2.173
[4656.9s] epoch 86 step 218700 avg_loss=2.176
[4657.9s] epoch 86 step 218750 avg_loss=2.170
[4659.1s] epoch 86 step 218800 avg_loss=2.194
[4660.3s] epoch 86 step 218850 avg_loss=2.189
[4661.3s] epoch 86 step 218900 avg_loss=2.202
[4662.6s] epoch 86 step 218950 avg_loss=2.214
[4663.7s] epoch 86 step 219000 avg_loss=2.221
[4664.9s] epoch 86 step 219050 avg_loss=2.224
[4666.1s] epoch 86 step 219100 avg_loss=2.238
[4667.3s] epoch 86 step 219150 avg_loss=2.241
[4668.4s] epoch 86 step 219200 avg_loss=2.247
[4669.5s] epoch 86 step 219250 avg_loss=2.258
[4670.5s] epoch 86 step 219300 avg_loss=2.264
[4671.5s] epoch 86 step 219350 avg_loss=2.265
[4672.5s] epoch 86 step 219400 avg_loss=2.266
[4673.6s] epoch 86 step 219450 avg_loss=2.287
[4674.7s] epoch 86 step 219500 avg_loss=2.286
[4675.9s] epoch 86 step 219550 avg_loss=2.288
[4677.0s] epoch 86 step 219600 avg_loss=2.294
[4678.1s] epoch 86 step 219650 avg_loss=2.299
[4679.1s] epoch 86 step 219700 avg_loss=2.305
[4680.2s] epoch 86 step 219750 avg_loss=2.314
[4681.3s] epoch 86 step 219800 avg_loss=2.319
[4682.4s] epoch 86 step 219850 avg_loss=2.331
[4683.6s] epoch 86 step 219900 avg_loss=2.335
[4684.8s] epoch 86 step 219950 avg_loss=2.337
[4685.9s] epoch 86 step 220000 avg_loss=2.342
[4686.9s] epoch 86 step 220050 avg_loss=2.342
[4688.0s] epoch 86 step 220100 avg_loss=2.353
[4689.2s] epoch 86 step 220150 avg_loss=2.371
[4690.3s] === epoch 86 done: avg_loss=2.386 (n=2531 derivations) ===
[4690.4s] epoch 87 step 220200 avg_loss=2.762
[4691.4s] epoch 87 step 220250 avg_loss=2.013
[4692.6s] epoch 87 step 220300 avg_loss=2.083
[4693.7s] epoch 87 step 220350 avg_loss=2.184
[4694.9s] epoch 87 step 220400 avg_loss=2.168
[4696.0s] epoch 87 step 220450 avg_loss=2.162
[4697.1s] epoch 87 step 220500 avg_loss=2.273
[4698.4s] epoch 87 step 220550 avg_loss=2.320
[4699.4s] epoch 87 step 220600 avg_loss=2.283
[4700.5s] epoch 87 step 220650 avg_loss=2.266
[4701.6s] epoch 87 step 220700 avg_loss=2.238
[4702.8s] epoch 87 step 220750 avg_loss=2.218
[4703.9s] epoch 87 step 220800 avg_loss=2.214
[4705.2s] epoch 87 step 220850 avg_loss=2.222
[4706.3s] epoch 87 step 220900 avg_loss=2.249
[4707.5s] epoch 87 step 220950 avg_loss=2.255
[4708.6s] epoch 87 step 221000 avg_loss=2.250
[4709.8s] epoch 87 step 221050 avg_loss=2.269
[4711.0s] epoch 87 step 221100 avg_loss=2.273
[4712.3s] epoch 87 step 221150 avg_loss=2.258
[4713.4s] epoch 87 step 221200 avg_loss=2.243
[4714.6s] epoch 87 step 221250 avg_loss=2.236
[4716.0s] epoch 87 step 221300 avg_loss=2.250
[4717.2s] epoch 87 step 221350 avg_loss=2.255
[4718.4s] epoch 87 step 221400 avg_loss=2.264
[4719.6s] epoch 87 step 221450 avg_loss=2.264
[4721.2s] eval step=7000 train_avg_loss=2.260 dev_rank1_f1=0.4975 dev_edge_p=0.4900 dev_edge_r=0.5053
[4721.7s] epoch 87 step 221500 avg_loss=2.252
[4722.7s] epoch 87 step 221550 avg_loss=2.257
[4723.8s] epoch 87 step 221600 avg_loss=2.259
[4724.9s] epoch 87 step 221650 avg_loss=2.264
[4726.0s] epoch 87 step 221700 avg_loss=2.273
[4727.1s] epoch 87 step 221750 avg_loss=2.282
[4728.2s] epoch 87 step 221800 avg_loss=2.285
[4729.4s] epoch 87 step 221850 avg_loss=2.290
[4730.5s] epoch 87 step 221900 avg_loss=2.308
[4731.8s] epoch 87 step 221950 avg_loss=2.314
[4733.0s] epoch 87 step 222000 avg_loss=2.324
[4734.1s] epoch 87 step 222050 avg_loss=2.332
[4735.3s] epoch 87 step 222100 avg_loss=2.337
[4736.3s] epoch 87 step 222150 avg_loss=2.338
[4737.3s] epoch 87 step 222200 avg_loss=2.341
[4738.4s] epoch 87 step 222250 avg_loss=2.344
[4739.6s] epoch 87 step 222300 avg_loss=2.345
[4740.7s] epoch 87 step 222350 avg_loss=2.343
[4741.6s] epoch 87 step 222400 avg_loss=2.344
[4742.5s] epoch 87 step 222450 avg_loss=2.340
[4743.7s] epoch 87 step 222500 avg_loss=2.343
[4744.8s] epoch 87 step 222550 avg_loss=2.358
[4745.9s] epoch 87 step 222600 avg_loss=2.358
[4746.8s] epoch 87 step 222650 avg_loss=2.361
[4747.8s] epoch 87 step 222700 avg_loss=2.362
[4748.3s] === epoch 87 done: avg_loss=2.376 (n=2531 derivations) ===
[4748.7s] epoch 88 step 222750 avg_loss=1.810
[4749.8s] epoch 88 step 222800 avg_loss=1.833
[4751.2s] epoch 88 step 222850 avg_loss=1.843
[4752.2s] epoch 88 step 222900 avg_loss=1.868
[4753.4s] epoch 88 step 222950 avg_loss=1.841
[4754.8s] epoch 88 step 223000 avg_loss=1.908
[4756.1s] epoch 88 step 223050 avg_loss=1.918
[4757.5s] epoch 88 step 223100 avg_loss=1.930
[4759.2s] epoch 88 step 223150 avg_loss=1.984
[4760.5s] epoch 88 step 223200 avg_loss=1.968
[4762.0s] epoch 88 step 223250 avg_loss=2.015
[4763.3s] epoch 88 step 223300 avg_loss=2.043
[4764.6s] epoch 88 step 223350 avg_loss=2.050
[4765.8s] epoch 88 step 223400 avg_loss=2.075
[4766.8s] epoch 88 step 223450 avg_loss=2.072
[4767.8s] epoch 88 step 223500 avg_loss=2.094
[4768.8s] epoch 88 step 223550 avg_loss=2.117
[4769.7s] epoch 88 step 223600 avg_loss=2.142
[4770.8s] epoch 88 step 223650 avg_loss=2.173
[4771.8s] epoch 88 step 223700 avg_loss=2.200
[4772.7s] epoch 88 step 223750 avg_loss=2.201
[4773.6s] epoch 88 step 223800 avg_loss=2.191
[4774.5s] epoch 88 step 223850 avg_loss=2.208
[4775.5s] epoch 88 step 223900 avg_loss=2.220
[4776.6s] epoch 88 step 223950 avg_loss=2.226
[4777.7s] epoch 88 step 224000 avg_loss=2.236
[4778.7s] epoch 88 step 224050 avg_loss=2.220
[4779.8s] epoch 88 step 224100 avg_loss=2.219
[4781.0s] epoch 88 step 224150 avg_loss=2.238
[4782.1s] epoch 88 step 224200 avg_loss=2.239
[4783.1s] epoch 88 step 224250 avg_loss=2.244
[4784.3s] epoch 88 step 224300 avg_loss=2.246
[4785.5s] epoch 88 step 224350 avg_loss=2.262
[4786.7s] epoch 88 step 224400 avg_loss=2.274
[4787.7s] epoch 88 step 224450 avg_loss=2.282
[4788.9s] epoch 88 step 224500 avg_loss=2.287
[4790.2s] epoch 88 step 224550 avg_loss=2.293
[4791.3s] epoch 88 step 224600 avg_loss=2.301
[4792.4s] epoch 88 step 224650 avg_loss=2.303
[4793.4s] epoch 88 step 224700 avg_loss=2.305
[4794.3s] epoch 88 step 224750 avg_loss=2.313
[4795.6s] epoch 88 step 224800 avg_loss=2.325
[4796.6s] epoch 88 step 224850 avg_loss=2.339
[4797.7s] epoch 88 step 224900 avg_loss=2.337
[4798.9s] epoch 88 step 224950 avg_loss=2.344
[4800.1s] epoch 88 step 225000 avg_loss=2.335
[4801.4s] epoch 88 step 225050 avg_loss=2.346
[4802.6s] epoch 88 step 225100 avg_loss=2.342
[4803.8s] epoch 88 step 225150 avg_loss=2.344
[4805.1s] epoch 88 step 225200 avg_loss=2.347
[4806.4s] epoch 88 step 225250 avg_loss=2.345
[4806.5s] === epoch 88 done: avg_loss=2.345 (n=2531 derivations) ===
[4807.5s] epoch 89 step 225300 avg_loss=1.851
[4808.9s] epoch 89 step 225350 avg_loss=2.067
[4810.1s] epoch 89 step 225400 avg_loss=2.097
[4811.1s] epoch 89 step 225450 avg_loss=2.108
[4812.3s] epoch 89 step 225500 avg_loss=2.122
[4813.5s] epoch 89 step 225550 avg_loss=2.079
[4814.7s] epoch 89 step 225600 avg_loss=2.027
[4816.0s] epoch 89 step 225650 avg_loss=2.022
[4817.2s] epoch 89 step 225700 avg_loss=2.063
[4818.3s] epoch 89 step 225750 avg_loss=2.062
[4819.5s] epoch 89 step 225800 avg_loss=2.082
[4820.7s] epoch 89 step 225850 avg_loss=2.082
[4821.8s] epoch 89 step 225900 avg_loss=2.077
[4822.8s] epoch 89 step 225950 avg_loss=2.084
[4823.8s] epoch 89 step 226000 avg_loss=2.087
[4825.0s] epoch 89 step 226050 avg_loss=2.092
[4826.0s] epoch 89 step 226100 avg_loss=2.089
[4827.2s] epoch 89 step 226150 avg_loss=2.104
[4828.2s] epoch 89 step 226200 avg_loss=2.122
[4829.3s] epoch 89 step 226250 avg_loss=2.119
[4830.5s] epoch 89 step 226300 avg_loss=2.125
[4831.6s] epoch 89 step 226350 avg_loss=2.128
[4832.7s] epoch 89 step 226400 avg_loss=2.141
[4833.6s] epoch 89 step 226450 avg_loss=2.169
[4834.7s] epoch 89 step 226500 avg_loss=2.191
[4835.9s] epoch 89 step 226550 avg_loss=2.209
[4836.9s] epoch 89 step 226600 avg_loss=2.213
[4838.3s] epoch 89 step 226650 avg_loss=2.230
[4839.3s] epoch 89 step 226700 avg_loss=2.236
[4840.3s] epoch 89 step 226750 avg_loss=2.250
[4841.4s] epoch 89 step 226800 avg_loss=2.268
[4842.5s] epoch 89 step 226850 avg_loss=2.285
[4843.5s] epoch 89 step 226900 avg_loss=2.287
[4844.6s] epoch 89 step 226950 avg_loss=2.288
[4845.6s] epoch 89 step 227000 avg_loss=2.298
[4846.7s] epoch 89 step 227050 avg_loss=2.307
[4847.6s] epoch 89 step 227100 avg_loss=2.307
[4848.7s] epoch 89 step 227150 avg_loss=2.302
[4849.9s] epoch 89 step 227200 avg_loss=2.300
[4851.0s] epoch 89 step 227250 avg_loss=2.318
[4852.1s] epoch 89 step 227300 avg_loss=2.327
[4853.2s] epoch 89 step 227350 avg_loss=2.323
[4854.4s] epoch 89 step 227400 avg_loss=2.331
[4855.6s] epoch 89 step 227450 avg_loss=2.337
[4856.6s] epoch 89 step 227500 avg_loss=2.337
[4857.5s] epoch 89 step 227550 avg_loss=2.336
[4858.8s] epoch 89 step 227600 avg_loss=2.342
[4859.8s] epoch 89 step 227650 avg_loss=2.356
[4860.9s] epoch 89 step 227700 avg_loss=2.363
[4862.0s] epoch 89 step 227750 avg_loss=2.363
[4862.9s] === epoch 89 done: avg_loss=2.371 (n=2531 derivations) ===
[4863.1s] epoch 90 step 227800 avg_loss=1.991
[4864.4s] epoch 90 step 227850 avg_loss=1.933
[4865.4s] epoch 90 step 227900 avg_loss=1.923
[4866.5s] epoch 90 step 227950 avg_loss=1.959
[4867.7s] epoch 90 step 228000 avg_loss=1.974
[4868.9s] epoch 90 step 228050 avg_loss=2.054
[4870.0s] epoch 90 step 228100 avg_loss=2.065
[4871.2s] epoch 90 step 228150 avg_loss=2.047
[4872.1s] epoch 90 step 228200 avg_loss=2.060
[4873.3s] epoch 90 step 228250 avg_loss=2.087
[4874.3s] epoch 90 step 228300 avg_loss=2.096
[4875.5s] epoch 90 step 228350 avg_loss=2.094
[4876.7s] epoch 90 step 228400 avg_loss=2.076
[4877.9s] epoch 90 step 228450 avg_loss=2.086
[4879.0s] epoch 90 step 228500 avg_loss=2.103
[4880.1s] epoch 90 step 228550 avg_loss=2.136
[4881.3s] epoch 90 step 228600 avg_loss=2.146
[4882.7s] epoch 90 step 228650 avg_loss=2.150
[4883.9s] epoch 90 step 228700 avg_loss=2.160
[4885.1s] epoch 90 step 228750 avg_loss=2.167
[4886.2s] epoch 90 step 228800 avg_loss=2.161
[4887.5s] epoch 90 step 228850 avg_loss=2.159
[4888.8s] epoch 90 step 228900 avg_loss=2.150
[4890.0s] epoch 90 step 228950 avg_loss=2.144
[4891.4s] epoch 90 step 229000 avg_loss=2.152
[4892.7s] epoch 90 step 229050 avg_loss=2.160
[4893.9s] epoch 90 step 229100 avg_loss=2.185
[4895.0s] epoch 90 step 229150 avg_loss=2.198
[4896.0s] epoch 90 step 229200 avg_loss=2.204
[4897.2s] epoch 90 step 229250 avg_loss=2.215
[4898.4s] epoch 90 step 229300 avg_loss=2.218
[4899.6s] epoch 90 step 229350 avg_loss=2.224
[4901.8s] eval step=7250 train_avg_loss=2.221 dev_rank1_f1=0.5034 dev_edge_p=0.5162 dev_edge_r=0.4912
[4902.2s] epoch 90 step 229400 avg_loss=2.229
[4903.4s] epoch 90 step 229450 avg_loss=2.233
[4904.6s] epoch 90 step 229500 avg_loss=2.221
[4906.0s] epoch 90 step 229550 avg_loss=2.230
[4907.2s] epoch 90 step 229600 avg_loss=2.241
[4908.4s] epoch 90 step 229650 avg_loss=2.265
[4909.7s] epoch 90 step 229700 avg_loss=2.266
[4911.0s] epoch 90 step 229750 avg_loss=2.276
[4912.2s] epoch 90 step 229800 avg_loss=2.275
[4913.3s] epoch 90 step 229850 avg_loss=2.285
[4914.4s] epoch 90 step 229900 avg_loss=2.294
[4915.8s] epoch 90 step 229950 avg_loss=2.302
[4917.1s] epoch 90 step 230000 avg_loss=2.319
[4918.2s] epoch 90 step 230050 avg_loss=2.329
[4919.4s] epoch 90 step 230100 avg_loss=2.334
[4920.6s] epoch 90 step 230150 avg_loss=2.337
[4921.7s] epoch 90 step 230200 avg_loss=2.334
[4922.7s] epoch 90 step 230250 avg_loss=2.335
[4923.9s] epoch 90 step 230300 avg_loss=2.337
[4924.4s] === epoch 90 done: avg_loss=2.337 (n=2531 derivations) ===
[4925.1s] epoch 91 step 230350 avg_loss=1.424
[4926.2s] epoch 91 step 230400 avg_loss=1.788
[4927.3s] epoch 91 step 230450 avg_loss=2.003
[4928.5s] epoch 91 step 230500 avg_loss=1.938
[4929.8s] epoch 91 step 230550 avg_loss=2.021
[4931.3s] epoch 91 step 230600 avg_loss=1.984
[4932.6s] epoch 91 step 230650 avg_loss=2.000
[4933.9s] epoch 91 step 230700 avg_loss=1.986
[4935.4s] epoch 91 step 230750 avg_loss=2.029
[4936.7s] epoch 91 step 230800 avg_loss=2.033
[4937.9s] epoch 91 step 230850 avg_loss=2.085
[4939.1s] epoch 91 step 230900 avg_loss=2.074
[4940.4s] epoch 91 step 230950 avg_loss=2.096
[4941.5s] epoch 91 step 231000 avg_loss=2.077
[4942.6s] epoch 91 step 231050 avg_loss=2.112
[4943.7s] epoch 91 step 231100 avg_loss=2.125
[4944.9s] epoch 91 step 231150 avg_loss=2.143
[4946.1s] epoch 91 step 231200 avg_loss=2.142
[4947.3s] epoch 91 step 231250 avg_loss=2.138
[4948.6s] epoch 91 step 231300 avg_loss=2.158
[4949.7s] epoch 91 step 231350 avg_loss=2.143
[4950.7s] epoch 91 step 231400 avg_loss=2.162
[4951.7s] epoch 91 step 231450 avg_loss=2.160
[4952.7s] epoch 91 step 231500 avg_loss=2.159
[4953.9s] epoch 91 step 231550 avg_loss=2.160
[4955.1s] epoch 91 step 231600 avg_loss=2.172
[4956.1s] epoch 91 step 231650 avg_loss=2.169
[4957.3s] epoch 91 step 231700 avg_loss=2.179
[4958.5s] epoch 91 step 231750 avg_loss=2.183
[4959.8s] epoch 91 step 231800 avg_loss=2.194
[4961.0s] epoch 91 step 231850 avg_loss=2.199
[4962.1s] epoch 91 step 231900 avg_loss=2.214
[4963.3s] epoch 91 step 231950 avg_loss=2.223
[4964.4s] epoch 91 step 232000 avg_loss=2.238
[4965.6s] epoch 91 step 232050 avg_loss=2.246
[4966.7s] epoch 91 step 232100 avg_loss=2.261
[4967.8s] epoch 91 step 232150 avg_loss=2.274
[4968.9s] epoch 91 step 232200 avg_loss=2.269
[4970.0s] epoch 91 step 232250 avg_loss=2.284
[4971.0s] epoch 91 step 232300 avg_loss=2.287
[4972.3s] epoch 91 step 232350 avg_loss=2.296
[4973.4s] epoch 91 step 232400 avg_loss=2.308
[4974.4s] epoch 91 step 232450 avg_loss=2.305
[4975.5s] epoch 91 step 232500 avg_loss=2.300
[4976.6s] epoch 91 step 232550 avg_loss=2.303
[4977.7s] epoch 91 step 232600 avg_loss=2.305
[4978.9s] epoch 91 step 232650 avg_loss=2.309
[4980.1s] epoch 91 step 232700 avg_loss=2.317
[4981.3s] epoch 91 step 232750 avg_loss=2.314
[4982.6s] epoch 91 step 232800 avg_loss=2.317
[4983.8s] epoch 91 step 232850 avg_loss=2.324
[4983.8s] === epoch 91 done: avg_loss=2.323 (n=2531 derivations) ===
[4985.2s] epoch 92 step 232900 avg_loss=1.846
[4986.5s] epoch 92 step 232950 avg_loss=2.063
[4987.8s] epoch 92 step 233000 avg_loss=2.200
[4989.1s] epoch 92 step 233050 avg_loss=2.195
[4990.3s] epoch 92 step 233100 avg_loss=2.183
[4991.5s] epoch 92 step 233150 avg_loss=2.159
[4992.7s] epoch 92 step 233200 avg_loss=2.157
[4993.8s] epoch 92 step 233250 avg_loss=2.173
[4995.0s] epoch 92 step 233300 avg_loss=2.158
[4996.1s] epoch 92 step 233350 avg_loss=2.141
[4997.3s] epoch 92 step 233400 avg_loss=2.146
[4998.3s] epoch 92 step 233450 avg_loss=2.167
[4999.6s] epoch 92 step 233500 avg_loss=2.159
[5000.9s] epoch 92 step 233550 avg_loss=2.175
[5002.2s] epoch 92 step 233600 avg_loss=2.185
[5003.3s] epoch 92 step 233650 avg_loss=2.190
[5004.4s] epoch 92 step 233700 avg_loss=2.189
[5005.5s] epoch 92 step 233750 avg_loss=2.191
[5006.7s] epoch 92 step 233800 avg_loss=2.194
[5007.9s] epoch 92 step 233850 avg_loss=2.195
[5009.0s] epoch 92 step 233900 avg_loss=2.201
[5010.0s] epoch 92 step 233950 avg_loss=2.199
[5011.1s] epoch 92 step 234000 avg_loss=2.207
[5012.1s] epoch 92 step 234050 avg_loss=2.201
[5013.3s] epoch 92 step 234100 avg_loss=2.198
[5014.6s] epoch 92 step 234150 avg_loss=2.209
[5015.7s] epoch 92 step 234200 avg_loss=2.203
[5016.7s] epoch 92 step 234250 avg_loss=2.204
[5017.7s] epoch 92 step 234300 avg_loss=2.227
[5018.8s] epoch 92 step 234350 avg_loss=2.219
[5020.0s] epoch 92 step 234400 avg_loss=2.232
[5021.3s] epoch 92 step 234450 avg_loss=2.232
[5022.4s] epoch 92 step 234500 avg_loss=2.232
[5023.5s] epoch 92 step 234550 avg_loss=2.237
[5024.5s] epoch 92 step 234600 avg_loss=2.256
[5025.5s] epoch 92 step 234650 avg_loss=2.260
[5027.0s] epoch 92 step 234700 avg_loss=2.277
[5028.1s] epoch 92 step 234750 avg_loss=2.275
[5029.2s] epoch 92 step 234800 avg_loss=2.281
[5030.4s] epoch 92 step 234850 avg_loss=2.282
[5031.4s] epoch 92 step 234900 avg_loss=2.286
[5032.5s] epoch 92 step 234950 avg_loss=2.295
[5033.7s] epoch 92 step 235000 avg_loss=2.293
[5034.9s] epoch 92 step 235050 avg_loss=2.292
[5036.1s] epoch 92 step 235100 avg_loss=2.297
[5037.3s] epoch 92 step 235150 avg_loss=2.306
[5038.5s] epoch 92 step 235200 avg_loss=2.308
[5039.5s] epoch 92 step 235250 avg_loss=2.318
[5040.8s] epoch 92 step 235300 avg_loss=2.319
[5042.0s] epoch 92 step 235350 avg_loss=2.335
[5042.7s] === epoch 92 done: avg_loss=2.333 (n=2531 derivations) ===
[5043.1s] epoch 93 step 235400 avg_loss=2.954
[5044.4s] epoch 93 step 235450 avg_loss=2.248
[5045.7s] epoch 93 step 235500 avg_loss=2.070
[5046.9s] epoch 93 step 235550 avg_loss=1.989
[5048.1s] epoch 93 step 235600 avg_loss=1.954
[5049.4s] epoch 93 step 235650 avg_loss=2.014
[5050.6s] epoch 93 step 235700 avg_loss=1.991
[5051.7s] epoch 93 step 235750 avg_loss=1.944
[5052.9s] epoch 93 step 235800 avg_loss=2.031
[5054.0s] epoch 93 step 235850 avg_loss=2.020
[5055.2s] epoch 93 step 235900 avg_loss=2.047
[5056.3s] epoch 93 step 235950 avg_loss=2.035
[5057.3s] epoch 93 step 236000 avg_loss=2.048
[5058.4s] epoch 93 step 236050 avg_loss=2.038
[5059.5s] epoch 93 step 236100 avg_loss=2.055
[5060.5s] epoch 93 step 236150 avg_loss=2.071
[5061.6s] epoch 93 step 236200 avg_loss=2.063
[5062.8s] epoch 93 step 236250 avg_loss=2.085
[5063.9s] epoch 93 step 236300 avg_loss=2.087
[5065.3s] epoch 93 step 236350 avg_loss=2.109
[5066.5s] epoch 93 step 236400 avg_loss=2.103
[5067.8s] epoch 93 step 236450 avg_loss=2.131
[5069.0s] epoch 93 step 236500 avg_loss=2.139
[5070.1s] epoch 93 step 236550 avg_loss=2.138
[5071.1s] epoch 93 step 236600 avg_loss=2.140
[5072.1s] epoch 93 step 236650 avg_loss=2.140
[5073.6s] epoch 93 step 236700 avg_loss=2.161
[5074.7s] epoch 93 step 236750 avg_loss=2.160
[5076.0s] epoch 93 step 236800 avg_loss=2.176
[5077.2s] epoch 93 step 236850 avg_loss=2.193
[5078.4s] epoch 93 step 236900 avg_loss=2.191
[5079.4s] epoch 93 step 236950 avg_loss=2.197
[5080.5s] epoch 93 step 237000 avg_loss=2.208
[5081.9s] epoch 93 step 237050 avg_loss=2.221
[5082.9s] epoch 93 step 237100 avg_loss=2.222
[5084.1s] epoch 93 step 237150 avg_loss=2.221
[5085.2s] epoch 93 step 237200 avg_loss=2.211
[5086.6s] epoch 93 step 237250 avg_loss=2.209
[5087.9s] epoch 93 step 237300 avg_loss=2.223
[5089.1s] eval step=7500 train_avg_loss=2.222 dev_rank1_f1=0.5025 dev_edge_p=0.4862 dev_edge_r=0.5198
[5090.4s] epoch 93 step 237350 avg_loss=2.234
[5091.7s] epoch 93 step 237400 avg_loss=2.238
[5093.0s] epoch 93 step 237450 avg_loss=2.250
[5094.0s] epoch 93 step 237500 avg_loss=2.256
[5095.2s] epoch 93 step 237550 avg_loss=2.260
[5096.4s] epoch 93 step 237600 avg_loss=2.268
[5097.6s] epoch 93 step 237650 avg_loss=2.285
[5098.6s] epoch 93 step 237700 avg_loss=2.291
[5099.7s] epoch 93 step 237750 avg_loss=2.301
[5100.9s] epoch 93 step 237800 avg_loss=2.307
[5102.1s] epoch 93 step 237850 avg_loss=2.310
[5103.6s] epoch 93 step 237900 avg_loss=2.313
[5104.0s] === epoch 93 done: avg_loss=2.313 (n=2531 derivations) ===
[5104.8s] epoch 94 step 237950 avg_loss=1.951
[5106.1s] epoch 94 step 238000 avg_loss=1.873
[5107.3s] epoch 94 step 238050 avg_loss=1.866
[5108.6s] epoch 94 step 238100 avg_loss=1.932
[5109.8s] epoch 94 step 238150 avg_loss=1.951
[5110.9s] epoch 94 step 238200 avg_loss=1.907
[5111.9s] epoch 94 step 238250 avg_loss=1.922
[5112.9s] epoch 94 step 238300 avg_loss=1.948
[5113.9s] epoch 94 step 238350 avg_loss=1.995
[5115.1s] epoch 94 step 238400 avg_loss=1.979
[5116.2s] epoch 94 step 238450 avg_loss=2.007
[5117.2s] epoch 94 step 238500 avg_loss=2.005
[5118.4s] epoch 94 step 238550 avg_loss=2.007
[5119.7s] epoch 94 step 238600 avg_loss=2.021
[5120.9s] epoch 94 step 238650 avg_loss=2.056
[5122.1s] epoch 94 step 238700 avg_loss=2.068
[5123.3s] epoch 94 step 238750 avg_loss=2.098
[5124.6s] epoch 94 step 238800 avg_loss=2.112
[5125.8s] epoch 94 step 238850 avg_loss=2.118
[5127.1s] epoch 94 step 238900 avg_loss=2.124
[5128.2s] epoch 94 step 238950 avg_loss=2.119
[5129.6s] epoch 94 step 239000 avg_loss=2.139
[5130.8s] epoch 94 step 239050 avg_loss=2.137
[5132.0s] epoch 94 step 239100 avg_loss=2.171
[5133.2s] epoch 94 step 239150 avg_loss=2.184
[5134.2s] epoch 94 step 239200 avg_loss=2.185
[5135.3s] epoch 94 step 239250 avg_loss=2.177
[5136.6s] epoch 94 step 239300 avg_loss=2.212
[5138.0s] epoch 94 step 239350 avg_loss=2.236
[5139.2s] epoch 94 step 239400 avg_loss=2.237
[5140.4s] epoch 94 step 239450 avg_loss=2.262
[5141.6s] epoch 94 step 239500 avg_loss=2.263
[5142.7s] epoch 94 step 239550 avg_loss=2.256
[5143.8s] epoch 94 step 239600 avg_loss=2.250
[5145.0s] epoch 94 step 239650 avg_loss=2.249
[5146.5s] epoch 94 step 239700 avg_loss=2.252
[5147.7s] epoch 94 step 239750 avg_loss=2.248
[5149.1s] epoch 94 step 239800 avg_loss=2.254
[5150.3s] epoch 94 step 239850 avg_loss=2.255
[5151.7s] epoch 94 step 239900 avg_loss=2.252
[5152.9s] epoch 94 step 239950 avg_loss=2.256
[5154.3s] epoch 94 step 240000 avg_loss=2.260
[5155.8s] epoch 94 step 240050 avg_loss=2.267
[5157.2s] epoch 94 step 240100 avg_loss=2.271
[5158.6s] epoch 94 step 240150 avg_loss=2.279
[5159.9s] epoch 94 step 240200 avg_loss=2.279
[5161.5s] epoch 94 step 240250 avg_loss=2.295
[5162.7s] epoch 94 step 240300 avg_loss=2.308
[5163.7s] epoch 94 step 240350 avg_loss=2.315
[5165.0s] epoch 94 step 240400 avg_loss=2.312
[5166.1s] === epoch 94 done: avg_loss=2.320 (n=2531 derivations) ===
[5166.2s] epoch 95 step 240450 avg_loss=2.261
[5167.4s] epoch 95 step 240500 avg_loss=1.877
[5168.6s] epoch 95 step 240550 avg_loss=1.973
[5169.7s] epoch 95 step 240600 avg_loss=2.012
[5170.9s] epoch 95 step 240650 avg_loss=1.948
[5172.0s] epoch 95 step 240700 avg_loss=1.948
[5173.0s] epoch 95 step 240750 avg_loss=1.972
[5174.0s] epoch 95 step 240800 avg_loss=1.968
[5175.3s] epoch 95 step 240850 avg_loss=1.993
[5176.6s] epoch 95 step 240900 avg_loss=2.041
[5177.7s] epoch 95 step 240950 avg_loss=2.031
[5178.8s] epoch 95 step 241000 avg_loss=2.027
[5179.9s] epoch 95 step 241050 avg_loss=2.064
[5181.0s] epoch 95 step 241100 avg_loss=2.064
[5182.4s] epoch 95 step 241150 avg_loss=2.104
[5183.6s] epoch 95 step 241200 avg_loss=2.121
[5184.9s] epoch 95 step 241250 avg_loss=2.144
[5186.2s] epoch 95 step 241300 avg_loss=2.161
[5187.3s] epoch 95 step 241350 avg_loss=2.153
[5188.5s] epoch 95 step 241400 avg_loss=2.163
[5189.8s] epoch 95 step 241450 avg_loss=2.169
[5191.3s] epoch 95 step 241500 avg_loss=2.174
[5192.5s] epoch 95 step 241550 avg_loss=2.191
[5193.8s] epoch 95 step 241600 avg_loss=2.199
[5195.1s] epoch 95 step 241650 avg_loss=2.195
[5196.3s] epoch 95 step 241700 avg_loss=2.193
[5197.4s] epoch 95 step 241750 avg_loss=2.195
[5198.5s] epoch 95 step 241800 avg_loss=2.201
[5199.7s] epoch 95 step 241850 avg_loss=2.222
[5200.8s] epoch 95 step 241900 avg_loss=2.223
[5201.9s] epoch 95 step 241950 avg_loss=2.225
[5203.0s] epoch 95 step 242000 avg_loss=2.236
[5204.2s] epoch 95 step 242050 avg_loss=2.232
[5205.2s] epoch 95 step 242100 avg_loss=2.231
[5206.3s] epoch 95 step 242150 avg_loss=2.237
[5207.4s] epoch 95 step 242200 avg_loss=2.238
[5208.7s] epoch 95 step 242250 avg_loss=2.238
[5210.0s] epoch 95 step 242300 avg_loss=2.247
[5211.0s] epoch 95 step 242350 avg_loss=2.250
[5212.2s] epoch 95 step 242400 avg_loss=2.250
[5213.4s] epoch 95 step 242450 avg_loss=2.247
[5214.7s] epoch 95 step 242500 avg_loss=2.253
[5216.1s] epoch 95 step 242550 avg_loss=2.266
[5217.3s] epoch 95 step 242600 avg_loss=2.272
[5218.4s] epoch 95 step 242650 avg_loss=2.267
[5220.0s] epoch 95 step 242700 avg_loss=2.293
[5221.3s] epoch 95 step 242750 avg_loss=2.302
[5222.5s] epoch 95 step 242800 avg_loss=2.298
[5223.8s] epoch 95 step 242850 avg_loss=2.304
[5225.1s] epoch 95 step 242900 avg_loss=2.323
[5226.4s] epoch 95 step 242950 avg_loss=2.324
[5227.3s] === epoch 95 done: avg_loss=2.325 (n=2531 derivations) ===
[5227.9s] epoch 96 step 243000 avg_loss=1.976
[5228.9s] epoch 96 step 243050 avg_loss=2.095
[5230.4s] epoch 96 step 243100 avg_loss=2.115
[5231.7s] epoch 96 step 243150 avg_loss=2.179
[5233.0s] epoch 96 step 243200 avg_loss=2.182
[5234.2s] epoch 96 step 243250 avg_loss=2.107
[5235.4s] epoch 96 step 243300 avg_loss=2.085
[5236.6s] epoch 96 step 243350 avg_loss=2.085
[5238.1s] epoch 96 step 243400 avg_loss=2.099
[5239.3s] epoch 96 step 243450 avg_loss=2.112
[5240.5s] epoch 96 step 243500 avg_loss=2.133
[5241.7s] epoch 96 step 243550 avg_loss=2.117
[5243.2s] epoch 96 step 243600 avg_loss=2.132
[5244.5s] epoch 96 step 243650 avg_loss=2.163
[5245.7s] epoch 96 step 243700 avg_loss=2.156
[5247.0s] epoch 96 step 243750 avg_loss=2.175
[5248.1s] epoch 96 step 243800 avg_loss=2.197
[5249.3s] epoch 96 step 243850 avg_loss=2.183
[5250.3s] epoch 96 step 243900 avg_loss=2.177
[5251.4s] epoch 96 step 243950 avg_loss=2.168
[5252.5s] epoch 96 step 244000 avg_loss=2.195
[5253.8s] epoch 96 step 244050 avg_loss=2.209
[5255.0s] epoch 96 step 244100 avg_loss=2.214
[5256.4s] epoch 96 step 244150 avg_loss=2.223
[5257.5s] epoch 96 step 244200 avg_loss=2.220
[5258.7s] epoch 96 step 244250 avg_loss=2.235
[5259.9s] epoch 96 step 244300 avg_loss=2.238
[5261.1s] epoch 96 step 244350 avg_loss=2.246
[5262.1s] epoch 96 step 244400 avg_loss=2.247
[5263.3s] epoch 96 step 244450 avg_loss=2.241
[5264.5s] epoch 96 step 244500 avg_loss=2.232
[5265.7s] epoch 96 step 244550 avg_loss=2.244
[5266.9s] epoch 96 step 244600 avg_loss=2.245
[5268.1s] epoch 96 step 244650 avg_loss=2.258
[5269.4s] epoch 96 step 244700 avg_loss=2.260
[5270.6s] epoch 96 step 244750 avg_loss=2.263
[5271.8s] epoch 96 step 244800 avg_loss=2.266
[5273.2s] epoch 96 step 244850 avg_loss=2.281
[5274.2s] epoch 96 step 244900 avg_loss=2.275
[5275.3s] epoch 96 step 244950 avg_loss=2.280
[5276.6s] epoch 96 step 245000 avg_loss=2.283
[5278.0s] epoch 96 step 245050 avg_loss=2.291
[5279.2s] epoch 96 step 245100 avg_loss=2.288
[5280.5s] epoch 96 step 245150 avg_loss=2.295
[5281.6s] epoch 96 step 245200 avg_loss=2.293
[5283.1s] eval step=7750 train_avg_loss=2.292 dev_rank1_f1=0.4867 dev_edge_p=0.4677 dev_edge_r=0.5072
[5283.8s] epoch 96 step 245250 avg_loss=2.292
[5285.0s] epoch 96 step 245300 avg_loss=2.307
[5286.2s] epoch 96 step 245350 avg_loss=2.309
[5287.3s] epoch 96 step 245400 avg_loss=2.319
[5288.4s] epoch 96 step 245450 avg_loss=2.323
[5289.7s] epoch 96 step 245500 avg_loss=2.327
[5289.9s] === epoch 96 done: avg_loss=2.323 (n=2531 derivations) ===
[5291.1s] epoch 97 step 245550 avg_loss=2.326
[5292.2s] epoch 97 step 245600 avg_loss=2.183
[5293.4s] epoch 97 step 245650 avg_loss=2.074
[5294.7s] epoch 97 step 245700 avg_loss=2.082
[5296.0s] epoch 97 step 245750 avg_loss=2.052
[5297.2s] epoch 97 step 245800 avg_loss=2.129
[5298.5s] epoch 97 step 245850 avg_loss=2.106
[5299.7s] epoch 97 step 245900 avg_loss=2.083
[5300.9s] epoch 97 step 245950 avg_loss=2.098
[5302.0s] epoch 97 step 246000 avg_loss=2.142
[5303.2s] epoch 97 step 246050 avg_loss=2.152
[5304.4s] epoch 97 step 246100 avg_loss=2.137
[5305.7s] epoch 97 step 246150 avg_loss=2.130
[5307.0s] epoch 97 step 246200 avg_loss=2.141
[5308.2s] epoch 97 step 246250 avg_loss=2.151
[5309.5s] epoch 97 step 246300 avg_loss=2.140
[5310.7s] epoch 97 step 246350 avg_loss=2.143
[5311.8s] epoch 97 step 246400 avg_loss=2.139
[5313.0s] epoch 97 step 246450 avg_loss=2.135
[5314.1s] epoch 97 step 246500 avg_loss=2.144
[5315.2s] epoch 97 step 246550 avg_loss=2.161
[5316.6s] epoch 97 step 246600 avg_loss=2.160
[5317.9s] epoch 97 step 246650 avg_loss=2.185
[5318.8s] epoch 97 step 246700 avg_loss=2.200
[5319.8s] epoch 97 step 246750 avg_loss=2.192
[5321.1s] epoch 97 step 246800 avg_loss=2.209
[5322.1s] epoch 97 step 246850 avg_loss=2.206
[5323.3s] epoch 97 step 246900 avg_loss=2.222
[5324.4s] epoch 97 step 246950 avg_loss=2.217
[5325.6s] epoch 97 step 247000 avg_loss=2.224
[5326.8s] epoch 97 step 247050 avg_loss=2.219
[5328.0s] epoch 97 step 247100 avg_loss=2.229
[5329.4s] epoch 97 step 247150 avg_loss=2.231
[5330.8s] epoch 97 step 247200 avg_loss=2.255
[5332.0s] epoch 97 step 247250 avg_loss=2.257
[5333.1s] epoch 97 step 247300 avg_loss=2.257
[5334.2s] epoch 97 step 247350 avg_loss=2.259
[5335.3s] epoch 97 step 247400 avg_loss=2.258
[5336.6s] epoch 97 step 247450 avg_loss=2.263
[5337.6s] epoch 97 step 247500 avg_loss=2.271
[5338.7s] epoch 97 step 247550 avg_loss=2.283
[5340.1s] epoch 97 step 247600 avg_loss=2.285
[5341.2s] epoch 97 step 247650 avg_loss=2.297
[5342.3s] epoch 97 step 247700 avg_loss=2.298
[5343.4s] epoch 97 step 247750 avg_loss=2.295
[5344.7s] epoch 97 step 247800 avg_loss=2.296
[5346.1s] epoch 97 step 247850 avg_loss=2.297
[5347.3s] epoch 97 step 247900 avg_loss=2.300
[5348.6s] epoch 97 step 247950 avg_loss=2.301
[5349.8s] epoch 97 step 248000 avg_loss=2.305
[5350.7s] === epoch 97 done: avg_loss=2.307 (n=2531 derivations) ===
[5350.9s] epoch 98 step 248050 avg_loss=1.540
[5352.1s] epoch 98 step 248100 avg_loss=1.817
[5353.4s] epoch 98 step 248150 avg_loss=1.782
[5354.5s] epoch 98 step 248200 avg_loss=1.887
[5355.7s] epoch 98 step 248250 avg_loss=1.924
[5356.9s] epoch 98 step 248300 avg_loss=1.977
[5358.1s] epoch 98 step 248350 avg_loss=2.010
[5359.5s] epoch 98 step 248400 avg_loss=2.015
[5360.8s] epoch 98 step 248450 avg_loss=2.053
[5362.0s] epoch 98 step 248500 avg_loss=2.023
[5363.2s] epoch 98 step 248550 avg_loss=2.018
[5364.4s] epoch 98 step 248600 avg_loss=2.049
[5365.6s] epoch 98 step 248650 avg_loss=2.049
[5366.7s] epoch 98 step 248700 avg_loss=2.055
[5367.9s] epoch 98 step 248750 avg_loss=2.055
[5369.2s] epoch 98 step 248800 avg_loss=2.072
[5370.3s] epoch 98 step 248850 avg_loss=2.061
[5371.5s] epoch 98 step 248900 avg_loss=2.086
[5372.6s] epoch 98 step 248950 avg_loss=2.090
[5373.8s] epoch 98 step 249000 avg_loss=2.105
[5375.1s] epoch 98 step 249050 avg_loss=2.121
[5376.4s] epoch 98 step 249100 avg_loss=2.112
[5377.5s] epoch 98 step 249150 avg_loss=2.117
[5378.5s] epoch 98 step 249200 avg_loss=2.117
[5379.6s] epoch 98 step 249250 avg_loss=2.127
[5380.6s] epoch 98 step 249300 avg_loss=2.125
[5381.7s] epoch 98 step 249350 avg_loss=2.144
[5382.9s] epoch 98 step 249400 avg_loss=2.134
[5384.0s] epoch 98 step 249450 avg_loss=2.144
[5385.1s] epoch 98 step 249500 avg_loss=2.147
[5386.3s] epoch 98 step 249550 avg_loss=2.152
[5387.4s] epoch 98 step 249600 avg_loss=2.148
[5388.5s] epoch 98 step 249650 avg_loss=2.159
[5389.8s] epoch 98 step 249700 avg_loss=2.173
[5390.9s] epoch 98 step 249750 avg_loss=2.173
[5392.1s] epoch 98 step 249800 avg_loss=2.191
[5393.5s] epoch 98 step 249850 avg_loss=2.197
[5394.8s] epoch 98 step 249900 avg_loss=2.202
[5396.1s] epoch 98 step 249950 avg_loss=2.199
[5397.4s] epoch 98 step 250000 avg_loss=2.207
[5398.6s] epoch 98 step 250050 avg_loss=2.219
[5399.8s] epoch 98 step 250100 avg_loss=2.231
[5400.8s] epoch 98 step 250150 avg_loss=2.229
[5401.9s] epoch 98 step 250200 avg_loss=2.234
[5403.3s] epoch 98 step 250250 avg_loss=2.241
[5404.7s] epoch 98 step 250300 avg_loss=2.249
[5405.8s] epoch 98 step 250350 avg_loss=2.260
[5406.9s] epoch 98 step 250400 avg_loss=2.270
[5408.0s] epoch 98 step 250450 avg_loss=2.276
[5409.0s] epoch 98 step 250500 avg_loss=2.278
[5410.0s] epoch 98 step 250550 avg_loss=2.280
[5410.5s] === epoch 98 done: avg_loss=2.285 (n=2531 derivations) ===
[5411.1s] epoch 99 step 250600 avg_loss=2.066
[5412.3s] epoch 99 step 250650 avg_loss=1.813
[5413.6s] epoch 99 step 250700 avg_loss=1.889
[5414.6s] epoch 99 step 250750 avg_loss=1.915
[5415.9s] epoch 99 step 250800 avg_loss=1.912
[5417.3s] epoch 99 step 250850 avg_loss=1.916
[5418.5s] epoch 99 step 250900 avg_loss=1.905
[5419.9s] epoch 99 step 250950 avg_loss=1.944
[5421.2s] epoch 99 step 251000 avg_loss=1.943
[5422.4s] epoch 99 step 251050 avg_loss=1.944
[5423.7s] epoch 99 step 251100 avg_loss=1.968
[5424.9s] epoch 99 step 251150 avg_loss=1.981
[5426.1s] epoch 99 step 251200 avg_loss=1.990
[5427.1s] epoch 99 step 251250 avg_loss=2.008
[5428.1s] epoch 99 step 251300 avg_loss=2.000
[5429.1s] epoch 99 step 251350 avg_loss=2.006
[5430.1s] epoch 99 step 251400 avg_loss=1.997
[5431.3s] epoch 99 step 251450 avg_loss=2.008
[5432.4s] epoch 99 step 251500 avg_loss=1.991
[5433.7s] epoch 99 step 251550 avg_loss=2.003
[5434.9s] epoch 99 step 251600 avg_loss=2.021
[5436.0s] epoch 99 step 251650 avg_loss=2.019
[5437.4s] epoch 99 step 251700 avg_loss=2.024
[5438.8s] epoch 99 step 251750 avg_loss=2.045
[5440.2s] epoch 99 step 251800 avg_loss=2.038
[5441.7s] epoch 99 step 251850 avg_loss=2.058
[5442.6s] epoch 99 step 251900 avg_loss=2.078
[5443.5s] epoch 99 step 251950 avg_loss=2.082
[5444.6s] epoch 99 step 252000 avg_loss=2.093
[5445.7s] epoch 99 step 252050 avg_loss=2.103
[5446.8s] epoch 99 step 252100 avg_loss=2.123
[5448.2s] epoch 99 step 252150 avg_loss=2.132
[5449.2s] epoch 99 step 252200 avg_loss=2.133
[5450.3s] epoch 99 step 252250 avg_loss=2.135
[5451.3s] epoch 99 step 252300 avg_loss=2.155
[5452.4s] epoch 99 step 252350 avg_loss=2.160
[5453.5s] epoch 99 step 252400 avg_loss=2.170
[5454.8s] epoch 99 step 252450 avg_loss=2.183
[5455.9s] epoch 99 step 252500 avg_loss=2.183
[5457.0s] epoch 99 step 252550 avg_loss=2.191
[5458.1s] epoch 99 step 252600 avg_loss=2.196
[5459.3s] epoch 99 step 252650 avg_loss=2.214
[5460.4s] epoch 99 step 252700 avg_loss=2.217
[5461.6s] epoch 99 step 252750 avg_loss=2.223
[5462.6s] epoch 99 step 252800 avg_loss=2.239
[5463.7s] epoch 99 step 252850 avg_loss=2.246
[5464.8s] epoch 99 step 252900 avg_loss=2.250
[5465.9s] epoch 99 step 252950 avg_loss=2.250
[5467.0s] epoch 99 step 253000 avg_loss=2.256
[5468.3s] epoch 99 step 253050 avg_loss=2.272
[5469.6s] epoch 99 step 253100 avg_loss=2.276
[5470.8s] eval step=8000 train_avg_loss=2.276 dev_rank1_f1=0.4957 dev_edge_p=0.4810 dev_edge_r=0.5115
[5470.8s] === epoch 99 done: avg_loss=2.276 (n=2531 derivations) ===
[5470.8s] training wall-clock: 5459.2s (stopped_early=True)
[5470.8s] max-steps budget: optimizer_steps=8000 (cap=8000, stop_reason=max_steps) epoch_fraction=101.146 throughput=1.4654 steps/s (0.6824 s/step)
[5470.8s] wrote 32 curve rows -> runs/arms/v2_788_0.pt.curve.tsv
[5470.8s] holdout eval targets from runs/encoder_gold_v2.jsonl: matched=98 missing=0
[5470.8s] evaluating [last] (model policy) ...
[5640.4s] [last] holdout (best-of-6 + rank1 + forest width): {'sense_recall': 0.7560137457044673, 'slot_recall': 0.7422360248447205, 'structure_recall': 0.22406639004149378, 'all_gold_recalled_rate': 0.09183673469387756, 'edge_precision': 0.7101522766276827, 'edge_recall': 0.6942677551095918, 'overgen_ratio': 1.0422345511631226, 'n_records': 98, 'rank1_edge_precision': 0.5787018017885363, 'rank1_edge_recall': 0.540083013169748, 'rank1_edge_f1': 0.5587258758930667, 'rank1_structure_recall': 0.08298755186721991, 'mean_forest_width': 5.979591836734694}
[5640.4s] evaluating [best] (model policy) ...
[5797.4s] [best] holdout (best-of-6 + rank1 + forest width): {'sense_recall': 0.7216494845360825, 'slot_recall': 0.7732919254658385, 'structure_recall': 0.2157676348547718, 'all_gold_recalled_rate': 0.10204081632653061, 'edge_precision': 0.7336882505249851, 'edge_recall': 0.6567209198586749, 'overgen_ratio': 0.9128567907904644, 'n_records': 98, 'rank1_edge_precision': 0.6629580831111441, 'rank1_edge_recall': 0.5199776130898581, 'rank1_edge_f1': 0.5828268818699774, 'rank1_structure_recall': 0.08298755186721991, 'mean_forest_width': 5.969387755102041}
[5797.4s] evaluating RANDOM baseline on holdout ...
[5801.2s] holdout (random baseline): {'sense_recall': 0.013745704467353952, 'slot_recall': 0.0, 'structure_recall': 0.0, 'all_gold_recalled_rate': 0.0, 'edge_precision': 0.0031179138321995466, 'edge_recall': 0.004676870748299319, 'overgen_ratio': 0.027210884353741496, 'n_records': 98}
[5801.2s] saved BEST checkpoint (step=750, dev_rank1_f1=0.5170) -> runs/arms/v2_788_0.pt
[5801.2s] saved LAST checkpoint -> runs/arms/v2_788_0.pt.last.pt
[5801.2s] TOTAL wall-clock: 5801.2s
