[   0.0s] loading gold from runs/encoder_gold_v2.jsonl
[   0.3s] 985 gold records
[   0.3s] holdout mode: 98 held-out sentences, pool=887, train subset=788 (subset_seed=1)
[   0.3s] loading USVS from /home/user/NAOMI/consciousness_transformer/data/usvs
[  17.0s] USVS loaded: 117679 senses, d_axes=607
[  17.0s] pos_vocab=15 role_vocab=37
[  17.0s] policy params: 343,108 (~1.372 MB fp32)
[  17.0s] building features + derivations for 788 train records
[  18.8s] 2525 teacher-forced derivations
[  22.7s] epoch 0 step 50 avg_loss=78.966
[  25.9s] epoch 0 step 100 avg_loss=80.108
[  29.0s] epoch 0 step 150 avg_loss=78.166
[  31.9s] epoch 0 step 200 avg_loss=77.182
[  34.6s] epoch 0 step 250 avg_loss=74.183
[  37.2s] epoch 0 step 300 avg_loss=72.629
[  39.9s] epoch 0 step 350 avg_loss=71.382
[  42.5s] epoch 0 step 400 avg_loss=69.740
[  44.6s] epoch 0 step 450 avg_loss=67.712
[  47.1s] epoch 0 step 500 avg_loss=66.362
[  49.6s] epoch 0 step 550 avg_loss=64.969
[  52.3s] epoch 0 step 600 avg_loss=64.110
[  54.6s] epoch 0 step 650 avg_loss=62.207
[  57.2s] epoch 0 step 700 avg_loss=61.068
[  60.1s] epoch 0 step 750 avg_loss=60.164
[  62.9s] epoch 0 step 800 avg_loss=59.530
[  65.3s] epoch 0 step 850 avg_loss=58.529
[  67.7s] epoch 0 step 900 avg_loss=57.711
[  69.8s] epoch 0 step 950 avg_loss=56.587
[  72.3s] epoch 0 step 1000 avg_loss=55.990
[  74.9s] epoch 0 step 1050 avg_loss=55.281
[  77.8s] epoch 0 step 1100 avg_loss=54.850
[  80.3s] epoch 0 step 1150 avg_loss=54.095
[  82.7s] epoch 0 step 1200 avg_loss=53.337
[  85.6s] epoch 0 step 1250 avg_loss=52.923
[  87.9s] epoch 0 step 1300 avg_loss=52.119
[  91.1s] epoch 0 step 1350 avg_loss=51.696
[  94.3s] epoch 0 step 1400 avg_loss=51.171
[  97.0s] epoch 0 step 1450 avg_loss=50.532
[ 100.2s] epoch 0 step 1500 avg_loss=50.173
[ 103.1s] epoch 0 step 1550 avg_loss=49.761
[ 106.2s] epoch 0 step 1600 avg_loss=49.305
[ 109.0s] epoch 0 step 1650 avg_loss=48.954
[ 111.7s] epoch 0 step 1700 avg_loss=48.517
[ 114.7s] epoch 0 step 1750 avg_loss=48.155
[ 117.5s] epoch 0 step 1800 avg_loss=47.667
[ 120.2s] epoch 0 step 1850 avg_loss=47.243
[ 122.6s] epoch 0 step 1900 avg_loss=46.813
[ 125.3s] epoch 0 step 1950 avg_loss=46.440
[ 128.0s] epoch 0 step 2000 avg_loss=46.030
[ 130.4s] epoch 0 step 2050 avg_loss=45.576
[ 133.2s] epoch 0 step 2100 avg_loss=45.308
[ 136.0s] epoch 0 step 2150 avg_loss=44.989
[ 138.5s] epoch 0 step 2200 avg_loss=44.671
[ 140.9s] epoch 0 step 2250 avg_loss=44.221
[ 143.7s] epoch 0 step 2300 avg_loss=43.999
[ 146.6s] epoch 0 step 2350 avg_loss=43.696
[ 149.5s] epoch 0 step 2400 avg_loss=43.478
[ 152.7s] epoch 0 step 2450 avg_loss=43.252
[ 155.2s] epoch 0 step 2500 avg_loss=42.889
[ 156.6s] === epoch 0 done: avg_loss=42.806 (n=2525 derivations) ===
[ 158.1s] epoch 1 step 2550 avg_loss=33.288
[ 160.7s] epoch 1 step 2600 avg_loss=31.307
[ 163.7s] epoch 1 step 2650 avg_loss=32.434
[ 166.3s] epoch 1 step 2700 avg_loss=29.943
[ 168.6s] epoch 1 step 2750 avg_loss=28.645
[ 171.2s] epoch 1 step 2800 avg_loss=28.344
[ 173.9s] epoch 1 step 2850 avg_loss=28.599
[ 176.3s] epoch 1 step 2900 avg_loss=28.124
[ 179.0s] epoch 1 step 2950 avg_loss=28.543
[ 181.3s] epoch 1 step 3000 avg_loss=28.250
[ 183.8s] epoch 1 step 3050 avg_loss=28.111
[ 186.2s] epoch 1 step 3100 avg_loss=27.897
[ 188.8s] epoch 1 step 3150 avg_loss=28.035
[ 191.2s] epoch 1 step 3200 avg_loss=27.873
[ 193.6s] epoch 1 step 3250 avg_loss=27.586
[ 196.3s] epoch 1 step 3300 avg_loss=27.414
[ 199.1s] epoch 1 step 3350 avg_loss=27.492
[ 202.2s] epoch 1 step 3400 avg_loss=27.422
[ 204.9s] epoch 1 step 3450 avg_loss=27.293
[ 207.2s] epoch 1 step 3500 avg_loss=26.959
[ 209.8s] epoch 1 step 3550 avg_loss=26.861
[ 212.5s] epoch 1 step 3600 avg_loss=26.609
[ 215.1s] epoch 1 step 3650 avg_loss=26.531
[ 217.8s] epoch 1 step 3700 avg_loss=26.437
[ 220.6s] epoch 1 step 3750 avg_loss=26.403
[ 223.1s] epoch 1 step 3800 avg_loss=26.188
[ 225.5s] epoch 1 step 3850 avg_loss=25.950
[ 227.8s] epoch 1 step 3900 avg_loss=25.842
[ 230.3s] epoch 1 step 3950 avg_loss=25.717
[ 233.0s] epoch 1 step 4000 avg_loss=25.660
[ 235.5s] epoch 1 step 4050 avg_loss=25.549
[ 238.3s] epoch 1 step 4100 avg_loss=25.525
[ 241.4s] epoch 1 step 4150 avg_loss=25.593
[ 244.4s] epoch 1 step 4200 avg_loss=25.615
[ 247.3s] epoch 1 step 4250 avg_loss=25.613
[ 249.7s] epoch 1 step 4300 avg_loss=25.536
[ 252.2s] epoch 1 step 4350 avg_loss=25.472
[ 254.8s] epoch 1 step 4400 avg_loss=25.370
[ 257.6s] epoch 1 step 4450 avg_loss=25.323
[ 260.4s] epoch 1 step 4500 avg_loss=25.275
[ 263.0s] epoch 1 step 4550 avg_loss=25.231
[ 265.7s] epoch 1 step 4600 avg_loss=25.293
[ 268.3s] epoch 1 step 4650 avg_loss=25.260
[ 271.1s] epoch 1 step 4700 avg_loss=25.357
[ 273.2s] epoch 1 step 4750 avg_loss=25.209
[ 275.9s] epoch 1 step 4800 avg_loss=25.204
[ 278.2s] epoch 1 step 4850 avg_loss=25.021
[ 280.9s] epoch 1 step 4900 avg_loss=24.931
[ 283.2s] epoch 1 step 4950 avg_loss=24.845
[ 286.1s] epoch 1 step 5000 avg_loss=24.830
[ 288.9s] epoch 1 step 5050 avg_loss=24.805
[ 288.9s] === epoch 1 done: avg_loss=24.805 (n=2525 derivations) ===
[ 291.5s] epoch 2 step 5100 avg_loss=21.499
[ 294.4s] epoch 2 step 5150 avg_loss=21.618
[ 297.4s] epoch 2 step 5200 avg_loss=21.828
[ 300.3s] epoch 2 step 5250 avg_loss=21.115
[ 303.5s] epoch 2 step 5300 avg_loss=21.852
[ 306.4s] epoch 2 step 5350 avg_loss=22.010
[ 309.0s] epoch 2 step 5400 avg_loss=22.025
[ 311.9s] epoch 2 step 5450 avg_loss=22.449
[ 314.5s] epoch 2 step 5500 avg_loss=22.212
[ 317.6s] epoch 2 step 5550 avg_loss=22.245
[ 320.2s] epoch 2 step 5600 avg_loss=22.019
[ 322.6s] epoch 2 step 5650 avg_loss=22.050
[ 325.2s] epoch 2 step 5700 avg_loss=21.946
[ 327.7s] epoch 2 step 5750 avg_loss=21.819
[ 330.5s] epoch 2 step 5800 avg_loss=21.690
[ 332.9s] epoch 2 step 5850 avg_loss=21.552
[ 335.7s] epoch 2 step 5900 avg_loss=21.429
[ 338.5s] epoch 2 step 5950 avg_loss=21.321
[ 341.0s] epoch 2 step 6000 avg_loss=21.318
[ 344.3s] epoch 2 step 6050 avg_loss=21.366
[ 346.9s] epoch 2 step 6100 avg_loss=21.403
[ 349.7s] epoch 2 step 6150 avg_loss=21.342
[ 352.6s] epoch 2 step 6200 avg_loss=21.316
[ 355.5s] epoch 2 step 6250 avg_loss=21.221
[ 358.3s] epoch 2 step 6300 avg_loss=21.227
[ 361.0s] epoch 2 step 6350 avg_loss=21.181
[ 363.9s] epoch 2 step 6400 avg_loss=21.244
[ 366.4s] epoch 2 step 6450 avg_loss=21.176
[ 369.0s] epoch 2 step 6500 avg_loss=21.049
[ 371.5s] epoch 2 step 6550 avg_loss=21.059
[ 373.9s] epoch 2 step 6600 avg_loss=21.003
[ 376.3s] epoch 2 step 6650 avg_loss=20.904
[ 378.8s] epoch 2 step 6700 avg_loss=20.769
[ 381.6s] epoch 2 step 6750 avg_loss=20.662
[ 384.0s] epoch 2 step 6800 avg_loss=20.580
[ 386.6s] epoch 2 step 6850 avg_loss=20.580
[ 389.2s] epoch 2 step 6900 avg_loss=20.546
[ 391.7s] epoch 2 step 6950 avg_loss=20.497
[ 393.9s] epoch 2 step 7000 avg_loss=20.441
[ 396.8s] epoch 2 step 7050 avg_loss=20.446
[ 399.6s] epoch 2 step 7100 avg_loss=20.442
[ 402.4s] epoch 2 step 7150 avg_loss=20.474
[ 405.4s] epoch 2 step 7200 avg_loss=20.473
[ 408.0s] epoch 2 step 7250 avg_loss=20.410
[ 410.5s] epoch 2 step 7300 avg_loss=20.409
[ 413.6s] epoch 2 step 7350 avg_loss=20.437
[ 416.2s] epoch 2 step 7400 avg_loss=20.400
[ 418.6s] epoch 2 step 7450 avg_loss=20.399
[ 421.7s] epoch 2 step 7500 avg_loss=20.431
[ 424.1s] epoch 2 step 7550 avg_loss=20.423
[ 425.6s] === epoch 2 done: avg_loss=20.412 (n=2525 derivations) ===
[ 426.9s] epoch 3 step 7600 avg_loss=14.684
[ 429.6s] epoch 3 step 7650 avg_loss=17.531
[ 432.8s] epoch 3 step 7700 avg_loss=18.634
[ 435.7s] epoch 3 step 7750 avg_loss=18.379
[ 438.5s] epoch 3 step 7800 avg_loss=17.619
[ 441.2s] epoch 3 step 7850 avg_loss=17.835
[ 443.8s] epoch 3 step 7900 avg_loss=17.299
[ 446.7s] epoch 3 step 7950 avg_loss=17.689
[ 449.7s] epoch 3 step 8000 avg_loss=17.791
[ 452.6s] epoch 3 step 8050 avg_loss=17.698
[ 455.5s] epoch 3 step 8100 avg_loss=18.245
[ 458.3s] epoch 3 step 8150 avg_loss=18.293
[ 460.7s] epoch 3 step 8200 avg_loss=18.030
[ 463.7s] epoch 3 step 8250 avg_loss=18.088
[ 466.5s] epoch 3 step 8300 avg_loss=18.227
[ 469.2s] epoch 3 step 8350 avg_loss=18.178
[ 471.6s] epoch 3 step 8400 avg_loss=18.070
[ 474.7s] epoch 3 step 8450 avg_loss=18.031
[ 477.4s] epoch 3 step 8500 avg_loss=17.991
[ 480.6s] epoch 3 step 8550 avg_loss=17.889
[ 483.6s] epoch 3 step 8600 avg_loss=17.913
[ 486.7s] epoch 3 step 8650 avg_loss=17.997
[ 489.6s] epoch 3 step 8700 avg_loss=18.069
[ 492.5s] epoch 3 step 8750 avg_loss=18.075
[ 495.2s] epoch 3 step 8800 avg_loss=18.095
[ 497.8s] epoch 3 step 8850 avg_loss=18.159
[ 499.9s] epoch 3 step 8900 avg_loss=18.011
[ 502.3s] epoch 3 step 8950 avg_loss=17.962
[ 504.6s] epoch 3 step 9000 avg_loss=17.838
[ 507.5s] epoch 3 step 9050 avg_loss=17.900
[ 510.7s] epoch 3 step 9100 avg_loss=17.855
[ 513.9s] epoch 3 step 9150 avg_loss=17.870
[ 516.8s] epoch 3 step 9200 avg_loss=17.944
[ 519.3s] epoch 3 step 9250 avg_loss=17.901
[ 521.8s] epoch 3 step 9300 avg_loss=17.801
[ 524.5s] epoch 3 step 9350 avg_loss=17.827
[ 527.3s] epoch 3 step 9400 avg_loss=17.770
[ 530.1s] epoch 3 step 9450 avg_loss=17.806
[ 532.8s] epoch 3 step 9500 avg_loss=17.755
[ 535.4s] epoch 3 step 9550 avg_loss=17.775
[ 538.2s] epoch 3 step 9600 avg_loss=17.741
[ 541.1s] epoch 3 step 9650 avg_loss=17.751
[ 543.9s] epoch 3 step 9700 avg_loss=17.737
[ 546.5s] epoch 3 step 9750 avg_loss=17.695
[ 549.4s] epoch 3 step 9800 avg_loss=17.694
[ 552.6s] epoch 3 step 9850 avg_loss=17.679
[ 555.2s] epoch 3 step 9900 avg_loss=17.640
[ 558.7s] epoch 3 step 9950 avg_loss=17.714
[ 561.0s] epoch 3 step 10000 avg_loss=17.660
[ 563.7s] epoch 3 step 10050 avg_loss=17.726
[ 566.0s] epoch 3 step 10100 avg_loss=17.675
[ 566.0s] === epoch 3 done: avg_loss=17.675 (n=2525 derivations) ===
[ 568.2s] epoch 4 step 10150 avg_loss=12.658
[ 570.8s] epoch 4 step 10200 avg_loss=15.274
[ 573.1s] epoch 4 step 10250 avg_loss=15.475
[ 575.9s] epoch 4 step 10300 avg_loss=15.775
[ 578.3s] epoch 4 step 10350 avg_loss=15.631
[ 580.7s] epoch 4 step 10400 avg_loss=15.284
[ 583.3s] epoch 4 step 10450 avg_loss=15.693
[ 585.7s] epoch 4 step 10500 avg_loss=15.579
[ 588.5s] epoch 4 step 10550 avg_loss=15.691
[ 591.2s] epoch 4 step 10600 avg_loss=15.537
[ 594.0s] epoch 4 step 10650 avg_loss=15.799
[ 596.6s] epoch 4 step 10700 avg_loss=15.961
[ 599.3s] epoch 4 step 10750 avg_loss=16.173
[ 601.9s] epoch 4 step 10800 avg_loss=16.273
[ 604.7s] epoch 4 step 10850 avg_loss=16.247
[ 607.4s] epoch 4 step 10900 avg_loss=16.265
[ 609.9s] epoch 4 step 10950 avg_loss=16.212
[ 612.3s] epoch 4 step 11000 avg_loss=16.086
[ 615.3s] epoch 4 step 11050 avg_loss=16.140
[ 618.5s] epoch 4 step 11100 avg_loss=16.159
[ 621.4s] epoch 4 step 11150 avg_loss=16.204
[ 623.7s] epoch 4 step 11200 avg_loss=16.105
[ 626.3s] epoch 4 step 11250 avg_loss=15.980
[ 628.8s] epoch 4 step 11300 avg_loss=15.895
[ 631.8s] epoch 4 step 11350 avg_loss=15.938
[ 634.6s] epoch 4 step 11400 avg_loss=15.874
[ 637.5s] epoch 4 step 11450 avg_loss=15.862
[ 640.5s] epoch 4 step 11500 avg_loss=15.849
[ 643.6s] epoch 4 step 11550 avg_loss=15.815
[ 646.4s] epoch 4 step 11600 avg_loss=15.720
[ 649.5s] epoch 4 step 11650 avg_loss=15.831
[ 652.1s] epoch 4 step 11700 avg_loss=15.751
[ 654.7s] epoch 4 step 11750 avg_loss=15.743
[ 657.4s] epoch 4 step 11800 avg_loss=15.751
[ 660.2s] epoch 4 step 11850 avg_loss=15.748
[ 663.3s] epoch 4 step 11900 avg_loss=15.808
[ 666.0s] epoch 4 step 11950 avg_loss=15.764
[ 668.7s] epoch 4 step 12000 avg_loss=15.735
[ 671.0s] epoch 4 step 12050 avg_loss=15.657
[ 673.8s] epoch 4 step 12100 avg_loss=15.695
[ 676.3s] epoch 4 step 12150 avg_loss=15.582
[ 679.2s] epoch 4 step 12200 avg_loss=15.554
[ 682.2s] epoch 4 step 12250 avg_loss=15.596
[ 684.9s] epoch 4 step 12300 avg_loss=15.605
[ 687.4s] epoch 4 step 12350 avg_loss=15.560
[ 690.4s] epoch 4 step 12400 avg_loss=15.537
[ 693.2s] epoch 4 step 12450 avg_loss=15.585
[ 695.9s] epoch 4 step 12500 avg_loss=15.571
[ 698.9s] epoch 4 step 12550 avg_loss=15.585
[ 701.8s] epoch 4 step 12600 avg_loss=15.545
[ 703.2s] === epoch 4 done: avg_loss=15.533 (n=2525 derivations) ===
[ 704.7s] epoch 5 step 12650 avg_loss=18.942
[ 707.6s] epoch 5 step 12700 avg_loss=16.689
[ 710.6s] epoch 5 step 12750 avg_loss=14.915
[ 713.0s] epoch 5 step 12800 avg_loss=14.190
[ 715.7s] epoch 5 step 12850 avg_loss=13.521
[ 718.8s] epoch 5 step 12900 avg_loss=13.672
[ 721.7s] epoch 5 step 12950 avg_loss=14.288
[ 724.1s] epoch 5 step 13000 avg_loss=14.056
[ 726.9s] epoch 5 step 13050 avg_loss=14.049
[ 729.4s] epoch 5 step 13100 avg_loss=13.928
[ 732.1s] epoch 5 step 13150 avg_loss=13.768
[ 734.4s] epoch 5 step 13200 avg_loss=13.720
[ 737.4s] epoch 5 step 13250 avg_loss=13.985
[ 740.5s] epoch 5 step 13300 avg_loss=14.012
[ 743.6s] epoch 5 step 13350 avg_loss=14.199
[ 746.1s] epoch 5 step 13400 avg_loss=14.202
[ 748.8s] epoch 5 step 13450 avg_loss=14.384
[ 751.2s] epoch 5 step 13500 avg_loss=14.292
[ 753.8s] epoch 5 step 13550 avg_loss=14.384
[ 756.9s] epoch 5 step 13600 avg_loss=14.347
[ 759.6s] epoch 5 step 13650 avg_loss=14.395
[ 762.0s] epoch 5 step 13700 avg_loss=14.352
[ 764.6s] epoch 5 step 13750 avg_loss=14.337
[ 767.8s] epoch 5 step 13800 avg_loss=14.375
[ 770.7s] epoch 5 step 13850 avg_loss=14.411
[ 773.2s] epoch 5 step 13900 avg_loss=14.338
[ 776.6s] epoch 5 step 13950 avg_loss=14.423
[ 779.6s] epoch 5 step 14000 avg_loss=14.393
[ 782.6s] epoch 5 step 14050 avg_loss=14.294
[ 785.7s] epoch 5 step 14100 avg_loss=14.336
[ 788.7s] epoch 5 step 14150 avg_loss=14.406
[ 791.8s] epoch 5 step 14200 avg_loss=14.366
[ 794.6s] epoch 5 step 14250 avg_loss=14.297
[ 797.7s] epoch 5 step 14300 avg_loss=14.229
[ 800.3s] epoch 5 step 14350 avg_loss=14.193
[ 803.5s] epoch 5 step 14400 avg_loss=14.190
[ 806.4s] epoch 5 step 14450 avg_loss=14.146
[ 809.1s] epoch 5 step 14500 avg_loss=14.100
[ 812.6s] epoch 5 step 14550 avg_loss=14.132
[ 816.0s] epoch 5 step 14600 avg_loss=14.141
[ 819.1s] epoch 5 step 14650 avg_loss=14.123
[ 822.1s] epoch 5 step 14700 avg_loss=14.107
[ 825.0s] epoch 5 step 14750 avg_loss=14.031
[ 828.1s] epoch 5 step 14800 avg_loss=14.096
[ 830.9s] epoch 5 step 14850 avg_loss=14.098
[ 833.3s] epoch 5 step 14900 avg_loss=14.043
[ 835.8s] epoch 5 step 14950 avg_loss=14.019
[ 838.5s] epoch 5 step 15000 avg_loss=13.998
[ 841.7s] epoch 5 step 15050 avg_loss=14.007
[ 844.4s] epoch 5 step 15100 avg_loss=13.977
[ 847.1s] epoch 5 step 15150 avg_loss=13.928
[ 847.1s] === epoch 5 done: avg_loss=13.928 (n=2525 derivations) ===
[ 849.5s] epoch 6 step 15200 avg_loss=12.187
[ 852.1s] epoch 6 step 15250 avg_loss=12.495
[ 855.3s] epoch 6 step 15300 avg_loss=12.376
[ 858.7s] epoch 6 step 15350 avg_loss=12.159
[ 861.9s] epoch 6 step 15400 avg_loss=12.661
[ 864.6s] epoch 6 step 15450 avg_loss=12.598
[ 867.4s] epoch 6 step 15500 avg_loss=12.441
[ 870.3s] epoch 6 step 15550 avg_loss=12.870
[ 872.7s] epoch 6 step 15600 avg_loss=12.884
[ 875.3s] epoch 6 step 15650 avg_loss=12.824
[ 877.9s] epoch 6 step 15700 avg_loss=12.846
[ 880.8s] epoch 6 step 15750 avg_loss=13.136
[ 884.3s] epoch 6 step 15800 avg_loss=13.362
[ 886.7s] epoch 6 step 15850 avg_loss=13.306
[ 889.1s] epoch 6 step 15900 avg_loss=13.127
[ 892.1s] epoch 6 step 15950 avg_loss=13.246
[ 895.2s] epoch 6 step 16000 avg_loss=13.382
[ 897.7s] epoch 6 step 16050 avg_loss=13.292
[ 900.2s] epoch 6 step 16100 avg_loss=13.286
[ 903.0s] epoch 6 step 16150 avg_loss=13.212
[ 905.5s] epoch 6 step 16200 avg_loss=13.163
[ 908.4s] epoch 6 step 16250 avg_loss=13.176
[ 911.0s] epoch 6 step 16300 avg_loss=13.091
[ 914.0s] epoch 6 step 16350 avg_loss=13.005
[ 917.1s] epoch 6 step 16400 avg_loss=13.048
[ 919.8s] epoch 6 step 16450 avg_loss=12.930
[ 922.7s] epoch 6 step 16500 avg_loss=12.935
[ 925.6s] epoch 6 step 16550 avg_loss=12.938
[ 928.4s] epoch 6 step 16600 avg_loss=12.967
[ 931.1s] epoch 6 step 16650 avg_loss=12.983
[ 933.9s] epoch 6 step 16700 avg_loss=12.974
[ 936.8s] epoch 6 step 16750 avg_loss=12.961
[ 939.2s] epoch 6 step 16800 avg_loss=12.897
[ 941.6s] epoch 6 step 16850 avg_loss=12.842
[ 944.0s] epoch 6 step 16900 avg_loss=12.805
[ 946.2s] epoch 6 step 16950 avg_loss=12.717
[ 948.8s] epoch 6 step 17000 avg_loss=12.695
[ 951.1s] epoch 6 step 17050 avg_loss=12.649
[ 953.4s] epoch 6 step 17100 avg_loss=12.602
[ 955.8s] epoch 6 step 17150 avg_loss=12.616
[ 958.4s] epoch 6 step 17200 avg_loss=12.646
[ 960.7s] epoch 6 step 17250 avg_loss=12.571
[ 962.9s] epoch 6 step 17300 avg_loss=12.518
[ 965.5s] epoch 6 step 17350 avg_loss=12.523
[ 968.4s] epoch 6 step 17400 avg_loss=12.540
[ 970.9s] epoch 6 step 17450 avg_loss=12.560
[ 974.0s] epoch 6 step 17500 avg_loss=12.580
[ 977.0s] epoch 6 step 17550 avg_loss=12.624
[ 979.6s] epoch 6 step 17600 avg_loss=12.562
[ 982.0s] epoch 6 step 17650 avg_loss=12.512
[ 983.3s] === epoch 6 done: avg_loss=12.508 (n=2525 derivations) ===
[ 984.8s] epoch 7 step 17700 avg_loss=15.637
[ 987.5s] epoch 7 step 17750 avg_loss=13.971
[ 990.2s] epoch 7 step 17800 avg_loss=12.792
[ 992.8s] epoch 7 step 17850 avg_loss=11.661
[ 995.6s] epoch 7 step 17900 avg_loss=11.344
[ 998.4s] epoch 7 step 17950 avg_loss=11.921
[1001.1s] epoch 7 step 18000 avg_loss=12.069
[1003.4s] epoch 7 step 18050 avg_loss=11.679
[1006.3s] epoch 7 step 18100 avg_loss=11.966
[1008.9s] epoch 7 step 18150 avg_loss=11.904
[1011.2s] epoch 7 step 18200 avg_loss=11.753
[1013.4s] epoch 7 step 18250 avg_loss=11.487
[1015.6s] epoch 7 step 18300 avg_loss=11.433
[1018.0s] epoch 7 step 18350 avg_loss=11.281
[1020.9s] epoch 7 step 18400 avg_loss=11.210
[1023.9s] epoch 7 step 18450 avg_loss=11.352
[1026.3s] epoch 7 step 18500 avg_loss=11.391
[1028.5s] epoch 7 step 18550 avg_loss=11.335
[1031.0s] epoch 7 step 18600 avg_loss=11.244
[1033.6s] epoch 7 step 18650 avg_loss=11.225
[1035.9s] epoch 7 step 18700 avg_loss=11.118
[1038.5s] epoch 7 step 18750 avg_loss=11.064
[1041.7s] epoch 7 step 18800 avg_loss=11.189
[1044.4s] epoch 7 step 18850 avg_loss=11.246
[1047.3s] epoch 7 step 18900 avg_loss=11.298
[1050.4s] epoch 7 step 18950 avg_loss=11.430
[1052.7s] epoch 7 step 19000 avg_loss=11.428
[1055.5s] epoch 7 step 19050 avg_loss=11.412
[1057.9s] epoch 7 step 19100 avg_loss=11.340
[1060.7s] epoch 7 step 19150 avg_loss=11.327
[1063.4s] epoch 7 step 19200 avg_loss=11.359
[1066.4s] epoch 7 step 19250 avg_loss=11.373
[1069.5s] epoch 7 step 19300 avg_loss=11.424
[1072.2s] epoch 7 step 19350 avg_loss=11.479
[1074.8s] epoch 7 step 19400 avg_loss=11.488
[1077.3s] epoch 7 step 19450 avg_loss=11.466
[1080.2s] epoch 7 step 19500 avg_loss=11.463
[1082.6s] epoch 7 step 19550 avg_loss=11.459
[1085.3s] epoch 7 step 19600 avg_loss=11.430
[1088.3s] epoch 7 step 19650 avg_loss=11.435
[1090.4s] epoch 7 step 19700 avg_loss=11.387
[1093.2s] epoch 7 step 19750 avg_loss=11.365
[1096.2s] epoch 7 step 19800 avg_loss=11.406
[1099.0s] epoch 7 step 19850 avg_loss=11.402
[1101.3s] epoch 7 step 19900 avg_loss=11.359
[1103.9s] epoch 7 step 19950 avg_loss=11.414
[1106.1s] epoch 7 step 20000 avg_loss=11.374
[1108.5s] epoch 7 step 20050 avg_loss=11.340
[1110.8s] epoch 7 step 20100 avg_loss=11.303
[1113.7s] epoch 7 step 20150 avg_loss=11.322
[1116.1s] epoch 7 step 20200 avg_loss=11.304
[1116.1s] === epoch 7 done: avg_loss=11.304 (n=2525 derivations) ===
[1118.8s] epoch 8 step 20250 avg_loss=12.688
[1121.1s] epoch 8 step 20300 avg_loss=11.527
[1123.2s] epoch 8 step 20350 avg_loss=10.752
[1125.5s] epoch 8 step 20400 avg_loss=10.772
[1128.2s] epoch 8 step 20450 avg_loss=10.840
[1130.9s] epoch 8 step 20500 avg_loss=10.767
[1133.7s] epoch 8 step 20550 avg_loss=11.004
[1136.6s] epoch 8 step 20600 avg_loss=10.927
[1139.5s] epoch 8 step 20650 avg_loss=10.775
[1142.0s] epoch 8 step 20700 avg_loss=10.736
[1144.6s] epoch 8 step 20750 avg_loss=10.586
[1147.3s] epoch 8 step 20800 avg_loss=10.607
[1149.9s] epoch 8 step 20850 avg_loss=10.546
[1152.6s] epoch 8 step 20900 avg_loss=10.454
[1155.0s] epoch 8 step 20950 avg_loss=10.400
[1157.4s] epoch 8 step 21000 avg_loss=10.363
[1160.2s] epoch 8 step 21050 avg_loss=10.371
[1162.7s] epoch 8 step 21100 avg_loss=10.292
[1165.3s] epoch 8 step 21150 avg_loss=10.343
[1168.1s] epoch 8 step 21200 avg_loss=10.451
[1170.7s] epoch 8 step 21250 avg_loss=10.426
[1173.8s] epoch 8 step 21300 avg_loss=10.428
[1176.7s] epoch 8 step 21350 avg_loss=10.379
[1179.8s] epoch 8 step 21400 avg_loss=10.421
[1182.6s] epoch 8 step 21450 avg_loss=10.457
[1185.6s] epoch 8 step 21500 avg_loss=10.481
[1189.2s] epoch 8 step 21550 avg_loss=10.532
[1191.9s] epoch 8 step 21600 avg_loss=10.530
[1194.7s] epoch 8 step 21650 avg_loss=10.454
[1197.2s] epoch 8 step 21700 avg_loss=10.415
[1200.0s] epoch 8 step 21750 avg_loss=10.396
[1202.5s] epoch 8 step 21800 avg_loss=10.354
[1204.7s] epoch 8 step 21850 avg_loss=10.253
[1207.6s] epoch 8 step 21900 avg_loss=10.334
[1210.6s] epoch 8 step 21950 avg_loss=10.334
[1213.7s] epoch 8 step 22000 avg_loss=10.366
[1216.2s] epoch 8 step 22050 avg_loss=10.341
[1218.5s] epoch 8 step 22100 avg_loss=10.297
[1221.1s] epoch 8 step 22150 avg_loss=10.302
[1223.8s] epoch 8 step 22200 avg_loss=10.336
[1226.3s] epoch 8 step 22250 avg_loss=10.349
[1229.2s] epoch 8 step 22300 avg_loss=10.350
[1232.2s] epoch 8 step 22350 avg_loss=10.344
[1234.7s] epoch 8 step 22400 avg_loss=10.362
[1237.3s] epoch 8 step 22450 avg_loss=10.359
[1240.0s] epoch 8 step 22500 avg_loss=10.407
[1242.9s] epoch 8 step 22550 avg_loss=10.380
[1245.4s] epoch 8 step 22600 avg_loss=10.327
[1247.8s] epoch 8 step 22650 avg_loss=10.302
[1250.3s] epoch 8 step 22700 avg_loss=10.295
[1251.5s] === epoch 8 done: avg_loss=10.271 (n=2525 derivations) ===
[1252.4s] epoch 9 step 22750 avg_loss=6.786
[1255.7s] epoch 9 step 22800 avg_loss=11.028
[1258.4s] epoch 9 step 22850 avg_loss=9.843
[1261.2s] epoch 9 step 22900 avg_loss=9.271
[1263.8s] epoch 9 step 22950 avg_loss=9.140
[1266.4s] epoch 9 step 23000 avg_loss=9.108
[1269.0s] epoch 9 step 23050 avg_loss=9.158
[1271.7s] epoch 9 step 23100 avg_loss=9.235
[1274.4s] epoch 9 step 23150 avg_loss=9.178
[1277.4s] epoch 9 step 23200 avg_loss=9.373
[1280.1s] epoch 9 step 23250 avg_loss=9.133
[1283.1s] epoch 9 step 23300 avg_loss=9.070
[1285.9s] epoch 9 step 23350 avg_loss=9.169
[1289.2s] epoch 9 step 23400 avg_loss=9.377
[1291.7s] epoch 9 step 23450 avg_loss=9.395
[1294.2s] epoch 9 step 23500 avg_loss=9.303
[1297.2s] epoch 9 step 23550 avg_loss=9.245
[1300.0s] epoch 9 step 23600 avg_loss=9.337
[1303.0s] epoch 9 step 23650 avg_loss=9.302
[1305.4s] epoch 9 step 23700 avg_loss=9.221
[1308.2s] epoch 9 step 23750 avg_loss=9.302
[1310.9s] epoch 9 step 23800 avg_loss=9.236
[1313.7s] epoch 9 step 23850 avg_loss=9.224
[1316.3s] epoch 9 step 23900 avg_loss=9.167
[1319.3s] epoch 9 step 23950 avg_loss=9.204
[1321.9s] epoch 9 step 24000 avg_loss=9.214
[1324.4s] epoch 9 step 24050 avg_loss=9.246
[1327.3s] epoch 9 step 24100 avg_loss=9.313
[1329.7s] epoch 9 step 24150 avg_loss=9.322
[1332.3s] epoch 9 step 24200 avg_loss=9.303
[1335.1s] epoch 9 step 24250 avg_loss=9.341
[1338.0s] epoch 9 step 24300 avg_loss=9.320
[1340.7s] epoch 9 step 24350 avg_loss=9.349
[1343.2s] epoch 9 step 24400 avg_loss=9.328
[1345.7s] epoch 9 step 24450 avg_loss=9.337
[1348.5s] epoch 9 step 24500 avg_loss=9.339
[1351.6s] epoch 9 step 24550 avg_loss=9.388
[1354.1s] epoch 9 step 24600 avg_loss=9.361
[1356.7s] epoch 9 step 24650 avg_loss=9.362
[1360.1s] epoch 9 step 24700 avg_loss=9.416
[1363.3s] epoch 9 step 24750 avg_loss=9.432
[1365.9s] epoch 9 step 24800 avg_loss=9.395
[1368.9s] epoch 9 step 24850 avg_loss=9.406
[1371.7s] epoch 9 step 24900 avg_loss=9.381
[1374.1s] epoch 9 step 24950 avg_loss=9.352
[1376.7s] epoch 9 step 25000 avg_loss=9.335
[1379.2s] epoch 9 step 25050 avg_loss=9.333
[1382.1s] epoch 9 step 25100 avg_loss=9.406
[1384.9s] epoch 9 step 25150 avg_loss=9.398
[1387.6s] epoch 9 step 25200 avg_loss=9.386
[1390.5s] epoch 9 step 25250 avg_loss=9.392
[1390.5s] === epoch 9 done: avg_loss=9.392 (n=2525 derivations) ===
[1392.9s] epoch 10 step 25300 avg_loss=7.950
[1395.9s] epoch 10 step 25350 avg_loss=8.546
[1398.7s] epoch 10 step 25400 avg_loss=8.290
[1401.6s] epoch 10 step 25450 avg_loss=8.633
[1404.3s] epoch 10 step 25500 avg_loss=8.268
[1407.1s] epoch 10 step 25550 avg_loss=8.378
[1410.3s] epoch 10 step 25600 avg_loss=8.309
[1413.2s] epoch 10 step 25650 avg_loss=8.560
[1415.7s] epoch 10 step 25700 avg_loss=8.475
[1418.2s] epoch 10 step 25750 avg_loss=8.411
[1420.8s] epoch 10 step 25800 avg_loss=8.477
[1423.4s] epoch 10 step 25850 avg_loss=8.436
[1425.9s] epoch 10 step 25900 avg_loss=8.489
[1428.9s] epoch 10 step 25950 avg_loss=8.738
[1431.2s] epoch 10 step 26000 avg_loss=8.707
[1433.8s] epoch 10 step 26050 avg_loss=8.696
[1436.2s] epoch 10 step 26100 avg_loss=8.718
[1438.7s] epoch 10 step 26150 avg_loss=8.694
[1441.3s] epoch 10 step 26200 avg_loss=8.634
[1444.1s] epoch 10 step 26250 avg_loss=8.688
[1446.3s] epoch 10 step 26300 avg_loss=8.641
[1448.6s] epoch 10 step 26350 avg_loss=8.597
[1450.9s] epoch 10 step 26400 avg_loss=8.604
[1453.6s] epoch 10 step 26450 avg_loss=8.639
[1455.9s] epoch 10 step 26500 avg_loss=8.589
[1458.5s] epoch 10 step 26550 avg_loss=8.663
[1460.8s] epoch 10 step 26600 avg_loss=8.609
[1463.6s] epoch 10 step 26650 avg_loss=8.662
[1466.0s] epoch 10 step 26700 avg_loss=8.653
[1468.7s] epoch 10 step 26750 avg_loss=8.674
[1471.1s] epoch 10 step 26800 avg_loss=8.673
[1474.1s] epoch 10 step 26850 avg_loss=8.665
[1476.7s] epoch 10 step 26900 avg_loss=8.659
[1479.1s] epoch 10 step 26950 avg_loss=8.653
[1481.7s] epoch 10 step 27000 avg_loss=8.649
[1484.4s] epoch 10 step 27050 avg_loss=8.657
[1486.9s] epoch 10 step 27100 avg_loss=8.625
[1489.6s] epoch 10 step 27150 avg_loss=8.640
[1492.2s] epoch 10 step 27200 avg_loss=8.670
[1495.0s] epoch 10 step 27250 avg_loss=8.653
[1497.5s] epoch 10 step 27300 avg_loss=8.631
[1500.4s] epoch 10 step 27350 avg_loss=8.638
[1503.1s] epoch 10 step 27400 avg_loss=8.642
[1505.6s] epoch 10 step 27450 avg_loss=8.650
[1508.2s] epoch 10 step 27500 avg_loss=8.616
[1510.8s] epoch 10 step 27550 avg_loss=8.586
[1513.2s] epoch 10 step 27600 avg_loss=8.610
[1515.7s] epoch 10 step 27650 avg_loss=8.575
[1518.8s] epoch 10 step 27700 avg_loss=8.617
[1521.6s] epoch 10 step 27750 avg_loss=8.627
[1523.0s] === epoch 10 done: avg_loss=8.647 (n=2525 derivations) ===
[1524.3s] epoch 11 step 27800 avg_loss=7.887
[1527.2s] epoch 11 step 27850 avg_loss=7.954
[1529.9s] epoch 11 step 27900 avg_loss=8.135
[1532.2s] epoch 11 step 27950 avg_loss=8.065
[1534.3s] epoch 11 step 28000 avg_loss=7.659
[1537.0s] epoch 11 step 28050 avg_loss=7.935
[1539.3s] epoch 11 step 28100 avg_loss=7.966
[1541.8s] epoch 11 step 28150 avg_loss=8.141
[1544.6s] epoch 11 step 28200 avg_loss=8.130
[1547.3s] epoch 11 step 28250 avg_loss=8.069
[1549.7s] epoch 11 step 28300 avg_loss=8.092
[1551.9s] epoch 11 step 28350 avg_loss=8.068
[1554.4s] epoch 11 step 28400 avg_loss=8.140
[1556.9s] epoch 11 step 28450 avg_loss=8.183
[1559.4s] epoch 11 step 28500 avg_loss=8.278
[1562.3s] epoch 11 step 28550 avg_loss=8.321
[1565.1s] epoch 11 step 28600 avg_loss=8.356
[1567.5s] epoch 11 step 28650 avg_loss=8.358
[1569.9s] epoch 11 step 28700 avg_loss=8.373
[1572.2s] epoch 11 step 28750 avg_loss=8.262
[1574.8s] epoch 11 step 28800 avg_loss=8.204
[1577.5s] epoch 11 step 28850 avg_loss=8.177
[1580.1s] epoch 11 step 28900 avg_loss=8.155
[1582.3s] epoch 11 step 28950 avg_loss=8.104
[1584.9s] epoch 11 step 29000 avg_loss=8.169
[1587.5s] epoch 11 step 29050 avg_loss=8.134
[1589.9s] epoch 11 step 29100 avg_loss=8.141
[1592.8s] epoch 11 step 29150 avg_loss=8.161
[1595.8s] epoch 11 step 29200 avg_loss=8.129
[1598.1s] epoch 11 step 29250 avg_loss=8.088
[1600.8s] epoch 11 step 29300 avg_loss=8.082
[1603.6s] epoch 11 step 29350 avg_loss=8.054
[1606.2s] epoch 11 step 29400 avg_loss=8.067
[1608.7s] epoch 11 step 29450 avg_loss=8.069
[1611.5s] epoch 11 step 29500 avg_loss=8.093
[1614.1s] epoch 11 step 29550 avg_loss=8.081
[1616.5s] epoch 11 step 29600 avg_loss=8.055
[1619.1s] epoch 11 step 29650 avg_loss=8.035
[1622.1s] epoch 11 step 29700 avg_loss=8.034
[1624.6s] epoch 11 step 29750 avg_loss=7.972
[1627.0s] epoch 11 step 29800 avg_loss=7.988
[1629.5s] epoch 11 step 29850 avg_loss=7.998
[1632.0s] epoch 11 step 29900 avg_loss=7.981
[1634.8s] epoch 11 step 29950 avg_loss=7.998
[1637.1s] epoch 11 step 30000 avg_loss=7.976
[1639.4s] epoch 11 step 30050 avg_loss=7.929
[1642.0s] epoch 11 step 30100 avg_loss=7.941
[1644.9s] epoch 11 step 30150 avg_loss=7.958
[1647.8s] epoch 11 step 30200 avg_loss=7.957
[1650.5s] epoch 11 step 30250 avg_loss=7.972
[1653.0s] epoch 11 step 30300 avg_loss=7.981
[1653.0s] === epoch 11 done: avg_loss=7.981 (n=2525 derivations) ===
[1655.9s] epoch 12 step 30350 avg_loss=7.690
[1658.5s] epoch 12 step 30400 avg_loss=7.398
[1660.8s] epoch 12 step 30450 avg_loss=7.116
[1663.9s] epoch 12 step 30500 avg_loss=7.565
[1667.1s] epoch 12 step 30550 avg_loss=7.494
[1670.2s] epoch 12 step 30600 avg_loss=7.661
[1673.0s] epoch 12 step 30650 avg_loss=7.778
[1676.0s] epoch 12 step 30700 avg_loss=7.561
[1678.5s] epoch 12 step 30750 avg_loss=7.446
[1681.1s] epoch 12 step 30800 avg_loss=7.304
[1684.6s] epoch 12 step 30850 avg_loss=7.437
[1687.5s] epoch 12 step 30900 avg_loss=7.351
[1690.5s] epoch 12 step 30950 avg_loss=7.435
[1693.0s] epoch 12 step 31000 avg_loss=7.365
[1695.8s] epoch 12 step 31050 avg_loss=7.328
[1698.7s] epoch 12 step 31100 avg_loss=7.366
[1701.2s] epoch 12 step 31150 avg_loss=7.421
[1704.1s] epoch 12 step 31200 avg_loss=7.467
[1706.8s] epoch 12 step 31250 avg_loss=7.420
[1709.4s] epoch 12 step 31300 avg_loss=7.401
[1712.0s] epoch 12 step 31350 avg_loss=7.479
[1714.9s] epoch 12 step 31400 avg_loss=7.541
[1717.4s] epoch 12 step 31450 avg_loss=7.556
[1720.0s] epoch 12 step 31500 avg_loss=7.518
[1722.6s] epoch 12 step 31550 avg_loss=7.488
[1725.3s] epoch 12 step 31600 avg_loss=7.444
[1728.4s] epoch 12 step 31650 avg_loss=7.497
[1731.1s] epoch 12 step 31700 avg_loss=7.496
[1733.9s] epoch 12 step 31750 avg_loss=7.448
[1736.8s] epoch 12 step 31800 avg_loss=7.443
[1739.7s] epoch 12 step 31850 avg_loss=7.407
[1742.3s] epoch 12 step 31900 avg_loss=7.443
[1745.1s] epoch 12 step 31950 avg_loss=7.420
[1747.9s] epoch 12 step 32000 avg_loss=7.439
[1750.6s] epoch 12 step 32050 avg_loss=7.429
[1753.3s] epoch 12 step 32100 avg_loss=7.409
[1756.2s] epoch 12 step 32150 avg_loss=7.450
[1758.9s] epoch 12 step 32200 avg_loss=7.418
[1762.2s] epoch 12 step 32250 avg_loss=7.413
[1765.1s] epoch 12 step 32300 avg_loss=7.431
[1767.9s] epoch 12 step 32350 avg_loss=7.413
[1770.6s] epoch 12 step 32400 avg_loss=7.407
[1773.4s] epoch 12 step 32450 avg_loss=7.421
[1776.0s] epoch 12 step 32500 avg_loss=7.430
[1778.9s] epoch 12 step 32550 avg_loss=7.466
[1781.4s] epoch 12 step 32600 avg_loss=7.427
[1784.1s] epoch 12 step 32650 avg_loss=7.456
[1786.6s] epoch 12 step 32700 avg_loss=7.442
[1789.3s] epoch 12 step 32750 avg_loss=7.443
[1791.9s] epoch 12 step 32800 avg_loss=7.430
[1793.4s] === epoch 12 done: avg_loss=7.447 (n=2525 derivations) ===
[1795.1s] epoch 13 step 32850 avg_loss=7.954
[1797.6s] epoch 13 step 32900 avg_loss=6.694
[1800.1s] epoch 13 step 32950 avg_loss=6.369
[1803.3s] epoch 13 step 33000 avg_loss=6.780
[1805.9s] epoch 13 step 33050 avg_loss=6.458
[1808.6s] epoch 13 step 33100 avg_loss=6.629
[1811.0s] epoch 13 step 33150 avg_loss=6.591
[1813.6s] epoch 13 step 33200 avg_loss=6.730
[1815.9s] epoch 13 step 33250 avg_loss=6.604
[1818.0s] epoch 13 step 33300 avg_loss=6.588
[1820.6s] epoch 13 step 33350 avg_loss=6.510
[1823.0s] epoch 13 step 33400 avg_loss=6.550
[1825.3s] epoch 13 step 33450 avg_loss=6.526
[1827.5s] epoch 13 step 33500 avg_loss=6.449
[1829.9s] epoch 13 step 33550 avg_loss=6.408
[1832.5s] epoch 13 step 33600 avg_loss=6.497
[1835.4s] epoch 13 step 33650 avg_loss=6.588
[1838.1s] epoch 13 step 33700 avg_loss=6.556
[1840.6s] epoch 13 step 33750 avg_loss=6.587
[1843.4s] epoch 13 step 33800 avg_loss=6.630
[1846.1s] epoch 13 step 33850 avg_loss=6.622
[1848.6s] epoch 13 step 33900 avg_loss=6.581
[1851.4s] epoch 13 step 33950 avg_loss=6.650
[1854.0s] epoch 13 step 34000 avg_loss=6.708
[1856.4s] epoch 13 step 34050 avg_loss=6.651
[1859.1s] epoch 13 step 34100 avg_loss=6.664
[1861.8s] epoch 13 step 34150 avg_loss=6.702
[1864.1s] epoch 13 step 34200 avg_loss=6.659
[1866.9s] epoch 13 step 34250 avg_loss=6.672
[1869.3s] epoch 13 step 34300 avg_loss=6.668
[1871.7s] epoch 13 step 34350 avg_loss=6.713
[1874.0s] epoch 13 step 34400 avg_loss=6.680
[1876.5s] epoch 13 step 34450 avg_loss=6.670
[1879.0s] epoch 13 step 34500 avg_loss=6.676
[1881.5s] epoch 13 step 34550 avg_loss=6.740
[1884.4s] epoch 13 step 34600 avg_loss=6.778
[1887.0s] epoch 13 step 34650 avg_loss=6.758
[1889.5s] epoch 13 step 34700 avg_loss=6.751
[1892.1s] epoch 13 step 34750 avg_loss=6.756
[1894.8s] epoch 13 step 34800 avg_loss=6.768
[1897.3s] epoch 13 step 34850 avg_loss=6.790
[1900.0s] epoch 13 step 34900 avg_loss=6.779
[1902.7s] epoch 13 step 34950 avg_loss=6.815
[1905.4s] epoch 13 step 35000 avg_loss=6.847
[1908.3s] epoch 13 step 35050 avg_loss=6.913
[1911.0s] epoch 13 step 35100 avg_loss=6.930
[1913.7s] epoch 13 step 35150 avg_loss=6.946
[1916.3s] epoch 13 step 35200 avg_loss=6.944
[1918.7s] epoch 13 step 35250 avg_loss=6.952
[1921.4s] epoch 13 step 35300 avg_loss=6.964
[1923.9s] epoch 13 step 35350 avg_loss=6.974
[1923.9s] === epoch 13 done: avg_loss=6.974 (n=2525 derivations) ===
[1926.4s] epoch 14 step 35400 avg_loss=5.316
[1928.8s] epoch 14 step 35450 avg_loss=5.235
[1931.4s] epoch 14 step 35500 avg_loss=5.521
[1934.3s] epoch 14 step 35550 avg_loss=5.860
[1937.0s] epoch 14 step 35600 avg_loss=5.806
[1940.0s] epoch 14 step 35650 avg_loss=5.936
[1942.6s] epoch 14 step 35700 avg_loss=5.943
[1945.1s] epoch 14 step 35750 avg_loss=5.896
[1947.8s] epoch 14 step 35800 avg_loss=5.981
[1949.9s] epoch 14 step 35850 avg_loss=5.953
[1952.3s] epoch 14 step 35900 avg_loss=5.928
[1954.6s] epoch 14 step 35950 avg_loss=5.899
[1957.2s] epoch 14 step 36000 avg_loss=5.938
[1960.1s] epoch 14 step 36050 avg_loss=6.014
[1963.1s] epoch 14 step 36100 avg_loss=6.022
[1965.8s] epoch 14 step 36150 avg_loss=6.043
[1968.7s] epoch 14 step 36200 avg_loss=6.113
[1971.2s] epoch 14 step 36250 avg_loss=6.092
[1973.7s] epoch 14 step 36300 avg_loss=6.124
[1976.6s] epoch 14 step 36350 avg_loss=6.137
[1978.9s] epoch 14 step 36400 avg_loss=6.102
[1981.9s] epoch 14 step 36450 avg_loss=6.163
[1984.3s] epoch 14 step 36500 avg_loss=6.207
[1986.5s] epoch 14 step 36550 avg_loss=6.216
[1988.7s] epoch 14 step 36600 avg_loss=6.176
[1991.6s] epoch 14 step 36650 avg_loss=6.183
[1994.6s] epoch 14 step 36700 avg_loss=6.185
[1997.4s] epoch 14 step 36750 avg_loss=6.252
[2000.1s] epoch 14 step 36800 avg_loss=6.258
[2003.1s] epoch 14 step 36850 avg_loss=6.268
[2005.9s] epoch 14 step 36900 avg_loss=6.335
[2008.9s] epoch 14 step 36950 avg_loss=6.341
[2011.5s] epoch 14 step 37000 avg_loss=6.334
[2014.3s] epoch 14 step 37050 avg_loss=6.334
[2017.1s] epoch 14 step 37100 avg_loss=6.337
[2020.3s] epoch 14 step 37150 avg_loss=6.388
[2023.1s] epoch 14 step 37200 avg_loss=6.392
[2026.0s] epoch 14 step 37250 avg_loss=6.404
[2029.2s] epoch 14 step 37300 avg_loss=6.389
[2032.0s] epoch 14 step 37350 avg_loss=6.400
[2034.3s] epoch 14 step 37400 avg_loss=6.397
[2037.2s] epoch 14 step 37450 avg_loss=6.423
[2040.0s] epoch 14 step 37500 avg_loss=6.422
[2043.2s] epoch 14 step 37550 avg_loss=6.454
[2046.0s] epoch 14 step 37600 avg_loss=6.450
[2049.1s] epoch 14 step 37650 avg_loss=6.485
[2052.4s] epoch 14 step 37700 avg_loss=6.561
[2055.1s] epoch 14 step 37750 avg_loss=6.565
[2058.0s] epoch 14 step 37800 avg_loss=6.575
[2060.6s] epoch 14 step 37850 avg_loss=6.597
[2061.7s] === epoch 14 done: avg_loss=6.591 (n=2525 derivations) ===
[2062.9s] epoch 15 step 37900 avg_loss=5.244
[2065.2s] epoch 15 step 37950 avg_loss=5.023
[2067.5s] epoch 15 step 38000 avg_loss=5.350
[2070.0s] epoch 15 step 38050 avg_loss=5.493
[2072.5s] epoch 15 step 38100 avg_loss=5.497
[2075.5s] epoch 15 step 38150 avg_loss=5.347
[2078.5s] epoch 15 step 38200 avg_loss=5.430
[2081.4s] epoch 15 step 38250 avg_loss=5.699
[2084.5s] epoch 15 step 38300 avg_loss=5.966
[2087.5s] epoch 15 step 38350 avg_loss=6.069
[2090.9s] epoch 15 step 38400 avg_loss=6.212
[2093.4s] epoch 15 step 38450 avg_loss=6.219
[2096.5s] epoch 15 step 38500 avg_loss=6.383
[2099.0s] epoch 15 step 38550 avg_loss=6.297
[2101.6s] epoch 15 step 38600 avg_loss=6.269
[2104.4s] epoch 15 step 38650 avg_loss=6.268
[2106.9s] epoch 15 step 38700 avg_loss=6.219
[2109.6s] epoch 15 step 38750 avg_loss=6.228
[2112.1s] epoch 15 step 38800 avg_loss=6.177
[2114.8s] epoch 15 step 38850 avg_loss=6.222
[2117.7s] epoch 15 step 38900 avg_loss=6.202
[2120.2s] epoch 15 step 38950 avg_loss=6.166
[2123.0s] epoch 15 step 39000 avg_loss=6.169
[2125.8s] epoch 15 step 39050 avg_loss=6.161
[2128.9s] epoch 15 step 39100 avg_loss=6.164
[2131.8s] epoch 15 step 39150 avg_loss=6.150
[2134.2s] epoch 15 step 39200 avg_loss=6.131
[2137.1s] epoch 15 step 39250 avg_loss=6.133
[2139.6s] epoch 15 step 39300 avg_loss=6.095
[2142.3s] epoch 15 step 39350 avg_loss=6.097
[2145.6s] epoch 15 step 39400 avg_loss=6.075
[2148.7s] epoch 15 step 39450 avg_loss=6.124
[2152.0s] epoch 15 step 39500 avg_loss=6.176
[2154.8s] epoch 15 step 39550 avg_loss=6.165
[2157.2s] epoch 15 step 39600 avg_loss=6.149
[2160.1s] epoch 15 step 39650 avg_loss=6.147
[2163.6s] epoch 15 step 39700 avg_loss=6.184
[2166.8s] epoch 15 step 39750 avg_loss=6.171
[2169.7s] epoch 15 step 39800 avg_loss=6.164
[2172.5s] epoch 15 step 39850 avg_loss=6.142
[2175.4s] epoch 15 step 39900 avg_loss=6.144
[2178.3s] epoch 15 step 39950 avg_loss=6.159
[2181.0s] epoch 15 step 40000 avg_loss=6.183
[2183.7s] epoch 15 step 40050 avg_loss=6.164
[2186.1s] epoch 15 step 40100 avg_loss=6.158
[2189.0s] epoch 15 step 40150 avg_loss=6.179
[2191.6s] epoch 15 step 40200 avg_loss=6.191
[2194.4s] epoch 15 step 40250 avg_loss=6.196
[2197.2s] epoch 15 step 40300 avg_loss=6.204
[2199.6s] epoch 15 step 40350 avg_loss=6.196
[2202.1s] epoch 15 step 40400 avg_loss=6.189
[2202.1s] === epoch 15 done: avg_loss=6.189 (n=2525 derivations) ===
[2204.7s] epoch 16 step 40450 avg_loss=5.569
[2207.5s] epoch 16 step 40500 avg_loss=5.681
[2210.2s] epoch 16 step 40550 avg_loss=5.543
[2213.2s] epoch 16 step 40600 avg_loss=5.773
[2215.9s] epoch 16 step 40650 avg_loss=5.748
[2218.5s] epoch 16 step 40700 avg_loss=5.870
[2221.6s] epoch 16 step 40750 avg_loss=5.754
[2224.0s] epoch 16 step 40800 avg_loss=5.706
[2226.8s] epoch 16 step 40850 avg_loss=5.631
[2229.4s] epoch 16 step 40900 avg_loss=5.709
[2231.7s] epoch 16 step 40950 avg_loss=5.607
[2234.2s] epoch 16 step 41000 avg_loss=5.604
[2237.0s] epoch 16 step 41050 avg_loss=5.587
[2239.9s] epoch 16 step 41100 avg_loss=5.758
[2242.5s] epoch 16 step 41150 avg_loss=5.745
[2245.1s] epoch 16 step 41200 avg_loss=5.743
[2247.7s] epoch 16 step 41250 avg_loss=5.836
[2250.4s] epoch 16 step 41300 avg_loss=5.833
[2253.1s] epoch 16 step 41350 avg_loss=5.861
[2255.4s] epoch 16 step 41400 avg_loss=5.976
[2258.1s] epoch 16 step 41450 avg_loss=5.925
[2260.7s] epoch 16 step 41500 avg_loss=5.884
[2262.9s] epoch 16 step 41550 avg_loss=5.845
[2265.7s] epoch 16 step 41600 avg_loss=5.833
[2268.1s] epoch 16 step 41650 avg_loss=5.796
[2270.4s] epoch 16 step 41700 avg_loss=5.800
[2272.7s] epoch 16 step 41750 avg_loss=5.774
[2275.4s] epoch 16 step 41800 avg_loss=5.827
[2278.0s] epoch 16 step 41850 avg_loss=5.799
[2280.5s] epoch 16 step 41900 avg_loss=5.787
[2283.2s] epoch 16 step 41950 avg_loss=5.803
[2286.0s] epoch 16 step 42000 avg_loss=5.823
[2288.2s] epoch 16 step 42050 avg_loss=5.861
[2290.6s] epoch 16 step 42100 avg_loss=5.867
[2293.2s] epoch 16 step 42150 avg_loss=5.863
[2295.9s] epoch 16 step 42200 avg_loss=5.876
[2299.0s] epoch 16 step 42250 avg_loss=5.881
[2301.8s] epoch 16 step 42300 avg_loss=5.912
[2304.5s] epoch 16 step 42350 avg_loss=5.912
[2307.1s] epoch 16 step 42400 avg_loss=5.916
[2309.9s] epoch 16 step 42450 avg_loss=5.907
[2312.3s] epoch 16 step 42500 avg_loss=5.881
[2315.0s] epoch 16 step 42550 avg_loss=5.910
[2317.5s] epoch 16 step 42600 avg_loss=5.917
[2320.0s] epoch 16 step 42650 avg_loss=5.923
[2322.6s] epoch 16 step 42700 avg_loss=5.921
[2325.4s] epoch 16 step 42750 avg_loss=5.911
[2328.1s] epoch 16 step 42800 avg_loss=5.894
[2331.1s] epoch 16 step 42850 avg_loss=5.896
[2333.9s] epoch 16 step 42900 avg_loss=5.917
[2335.3s] === epoch 16 done: avg_loss=5.921 (n=2525 derivations) ===
[2336.7s] epoch 17 step 42950 avg_loss=3.814
[2339.3s] epoch 17 step 43000 avg_loss=4.610
[2342.0s] epoch 17 step 43050 avg_loss=5.130
[2344.4s] epoch 17 step 43100 avg_loss=4.937
[2346.9s] epoch 17 step 43150 avg_loss=5.167
[2349.2s] epoch 17 step 43200 avg_loss=5.007
[2351.8s] epoch 17 step 43250 avg_loss=5.095
[2354.2s] epoch 17 step 43300 avg_loss=5.332
[2356.6s] epoch 17 step 43350 avg_loss=5.301
[2359.2s] epoch 17 step 43400 avg_loss=5.186
[2362.0s] epoch 17 step 43450 avg_loss=5.177
[2364.2s] epoch 17 step 43500 avg_loss=5.171
[2366.8s] epoch 17 step 43550 avg_loss=5.194
[2369.3s] epoch 17 step 43600 avg_loss=5.105
[2372.5s] epoch 17 step 43650 avg_loss=5.242
[2375.0s] epoch 17 step 43700 avg_loss=5.260
[2377.2s] epoch 17 step 43750 avg_loss=5.245
[2379.9s] epoch 17 step 43800 avg_loss=5.323
[2382.3s] epoch 17 step 43850 avg_loss=5.343
[2384.8s] epoch 17 step 43900 avg_loss=5.400
[2387.3s] epoch 17 step 43950 avg_loss=5.462
[2389.7s] epoch 17 step 44000 avg_loss=5.437
[2392.6s] epoch 17 step 44050 avg_loss=5.490
[2395.1s] epoch 17 step 44100 avg_loss=5.515
[2397.8s] epoch 17 step 44150 avg_loss=5.519
[2400.1s] epoch 17 step 44200 avg_loss=5.481
[2402.5s] epoch 17 step 44250 avg_loss=5.457
[2404.8s] epoch 17 step 44300 avg_loss=5.474
[2407.3s] epoch 17 step 44350 avg_loss=5.457
[2409.7s] epoch 17 step 44400 avg_loss=5.441
[2411.8s] epoch 17 step 44450 avg_loss=5.450
[2414.5s] epoch 17 step 44500 avg_loss=5.447
[2417.0s] epoch 17 step 44550 avg_loss=5.444
[2419.9s] epoch 17 step 44600 avg_loss=5.466
[2422.5s] epoch 17 step 44650 avg_loss=5.491
[2425.3s] epoch 17 step 44700 avg_loss=5.490
[2427.7s] epoch 17 step 44750 avg_loss=5.498
[2430.2s] epoch 17 step 44800 avg_loss=5.516
[2432.7s] epoch 17 step 44850 avg_loss=5.480
[2435.4s] epoch 17 step 44900 avg_loss=5.480
[2437.8s] epoch 17 step 44950 avg_loss=5.463
[2440.6s] epoch 17 step 45000 avg_loss=5.475
[2443.7s] epoch 17 step 45050 avg_loss=5.498
[2446.6s] epoch 17 step 45100 avg_loss=5.528
[2449.2s] epoch 17 step 45150 avg_loss=5.568
[2451.7s] epoch 17 step 45200 avg_loss=5.581
[2454.0s] epoch 17 step 45250 avg_loss=5.575
[2456.4s] epoch 17 step 45300 avg_loss=5.603
[2459.1s] epoch 17 step 45350 avg_loss=5.603
[2462.1s] epoch 17 step 45400 avg_loss=5.610
[2465.0s] epoch 17 step 45450 avg_loss=5.632
[2465.0s] === epoch 17 done: avg_loss=5.632 (n=2525 derivations) ===
[2467.7s] epoch 18 step 45500 avg_loss=4.851
[2470.2s] epoch 18 step 45550 avg_loss=5.247
[2472.5s] epoch 18 step 45600 avg_loss=5.009
[2475.5s] epoch 18 step 45650 avg_loss=5.346
[2478.3s] epoch 18 step 45700 avg_loss=5.310
[2481.1s] epoch 18 step 45750 avg_loss=5.160
[2483.9s] epoch 18 step 45800 avg_loss=5.048
[2486.9s] epoch 18 step 45850 avg_loss=4.992
[2489.9s] epoch 18 step 45900 avg_loss=5.234
[2492.7s] epoch 18 step 45950 avg_loss=5.222
[2495.7s] epoch 18 step 46000 avg_loss=5.275
[2498.6s] epoch 18 step 46050 avg_loss=5.356
[2501.7s] epoch 18 step 46100 avg_loss=5.366
[2504.4s] epoch 18 step 46150 avg_loss=5.321
[2507.1s] epoch 18 step 46200 avg_loss=5.303
[2509.6s] epoch 18 step 46250 avg_loss=5.304
[2512.1s] epoch 18 step 46300 avg_loss=5.288
[2514.4s] epoch 18 step 46350 avg_loss=5.229
[2517.1s] epoch 18 step 46400 avg_loss=5.238
[2520.1s] epoch 18 step 46450 avg_loss=5.278
[2522.7s] epoch 18 step 46500 avg_loss=5.280
[2525.0s] epoch 18 step 46550 avg_loss=5.227
[2527.5s] epoch 18 step 46600 avg_loss=5.206
[2529.8s] epoch 18 step 46650 avg_loss=5.224
[2532.4s] epoch 18 step 46700 avg_loss=5.239
[2535.1s] epoch 18 step 46750 avg_loss=5.255
[2537.8s] epoch 18 step 46800 avg_loss=5.261
[2540.2s] epoch 18 step 46850 avg_loss=5.278
[2543.3s] epoch 18 step 46900 avg_loss=5.331
[2546.0s] epoch 18 step 46950 avg_loss=5.334
[2548.7s] epoch 18 step 47000 avg_loss=5.344
[2551.4s] epoch 18 step 47050 avg_loss=5.326
[2554.3s] epoch 18 step 47100 avg_loss=5.338
[2557.1s] epoch 18 step 47150 avg_loss=5.365
[2559.5s] epoch 18 step 47200 avg_loss=5.358
[2562.4s] epoch 18 step 47250 avg_loss=5.342
[2565.4s] epoch 18 step 47300 avg_loss=5.319
[2568.5s] epoch 18 step 47350 avg_loss=5.336
[2571.3s] epoch 18 step 47400 avg_loss=5.322
[2573.7s] epoch 18 step 47450 avg_loss=5.301
[2576.5s] epoch 18 step 47500 avg_loss=5.286
[2580.0s] epoch 18 step 47550 avg_loss=5.295
[2582.9s] epoch 18 step 47600 avg_loss=5.280
[2585.9s] epoch 18 step 47650 avg_loss=5.279
[2588.2s] epoch 18 step 47700 avg_loss=5.271
[2590.5s] epoch 18 step 47750 avg_loss=5.292
[2593.0s] epoch 18 step 47800 avg_loss=5.297
[2595.7s] epoch 18 step 47850 avg_loss=5.293
[2598.5s] epoch 18 step 47900 avg_loss=5.316
[2601.5s] epoch 18 step 47950 avg_loss=5.320
[2603.1s] === epoch 18 done: avg_loss=5.332 (n=2525 derivations) ===
[2604.4s] epoch 19 step 48000 avg_loss=4.229
[2606.9s] epoch 19 step 48050 avg_loss=4.831
[2609.2s] epoch 19 step 48100 avg_loss=4.442
[2612.0s] epoch 19 step 48150 avg_loss=4.807
[2614.4s] epoch 19 step 48200 avg_loss=4.873
[2616.8s] epoch 19 step 48250 avg_loss=5.033
[2619.9s] epoch 19 step 48300 avg_loss=5.150
[2622.5s] epoch 19 step 48350 avg_loss=5.104
[2625.0s] epoch 19 step 48400 avg_loss=5.100
[2627.9s] epoch 19 step 48450 avg_loss=5.110
[2630.5s] epoch 19 step 48500 avg_loss=5.064
[2633.1s] epoch 19 step 48550 avg_loss=5.044
[2636.0s] epoch 19 step 48600 avg_loss=5.090
[2638.5s] epoch 19 step 48650 avg_loss=5.091
[2641.8s] epoch 19 step 48700 avg_loss=5.061
[2644.6s] epoch 19 step 48750 avg_loss=5.092
[2646.9s] epoch 19 step 48800 avg_loss=5.034
[2649.5s] epoch 19 step 48850 avg_loss=5.050
[2651.5s] epoch 19 step 48900 avg_loss=5.053
[2654.2s] epoch 19 step 48950 avg_loss=5.014
[2657.0s] epoch 19 step 49000 avg_loss=4.997
[2659.7s] epoch 19 step 49050 avg_loss=5.032
[2662.4s] epoch 19 step 49100 avg_loss=5.008
[2665.6s] epoch 19 step 49150 avg_loss=5.045
[2668.3s] epoch 19 step 49200 avg_loss=5.034
[2671.4s] epoch 19 step 49250 avg_loss=5.086
[2674.0s] epoch 19 step 49300 avg_loss=5.040
[2676.5s] epoch 19 step 49350 avg_loss=5.019
[2679.6s] epoch 19 step 49400 avg_loss=5.027
[2682.5s] epoch 19 step 49450 avg_loss=5.014
[2684.8s] epoch 19 step 49500 avg_loss=5.013
[2687.7s] epoch 19 step 49550 avg_loss=5.004
[2689.9s] epoch 19 step 49600 avg_loss=4.983
[2692.7s] epoch 19 step 49650 avg_loss=5.007
[2695.0s] epoch 19 step 49700 avg_loss=5.019
[2697.7s] epoch 19 step 49750 avg_loss=5.012
[2700.7s] epoch 19 step 49800 avg_loss=5.051
[2703.3s] epoch 19 step 49850 avg_loss=5.057
[2706.0s] epoch 19 step 49900 avg_loss=5.073
[2708.4s] epoch 19 step 49950 avg_loss=5.059
[2710.8s] epoch 19 step 50000 avg_loss=5.065
[2713.5s] epoch 19 step 50050 avg_loss=5.070
[2716.4s] epoch 19 step 50100 avg_loss=5.110
[2718.7s] epoch 19 step 50150 avg_loss=5.137
[2721.2s] epoch 19 step 50200 avg_loss=5.139
[2723.7s] epoch 19 step 50250 avg_loss=5.134
[2726.1s] epoch 19 step 50300 avg_loss=5.126
[2728.6s] epoch 19 step 50350 avg_loss=5.126
[2731.2s] epoch 19 step 50400 avg_loss=5.135
[2734.0s] epoch 19 step 50450 avg_loss=5.137
[2736.7s] epoch 19 step 50500 avg_loss=5.144
[2736.7s] === epoch 19 done: avg_loss=5.144 (n=2525 derivations) ===
[2738.9s] epoch 20 step 50550 avg_loss=3.515
[2741.3s] epoch 20 step 50600 avg_loss=4.102
[2743.6s] epoch 20 step 50650 avg_loss=4.208
[2746.5s] epoch 20 step 50700 avg_loss=4.525
[2749.0s] epoch 20 step 50750 avg_loss=4.436
[2751.3s] epoch 20 step 50800 avg_loss=4.256
[2753.6s] epoch 20 step 50850 avg_loss=4.288
[2756.5s] epoch 20 step 50900 avg_loss=4.395
[2758.9s] epoch 20 step 50950 avg_loss=4.342
[2761.8s] epoch 20 step 51000 avg_loss=4.431
[2764.5s] epoch 20 step 51050 avg_loss=4.460
[2767.3s] epoch 20 step 51100 avg_loss=4.485
[2770.3s] epoch 20 step 51150 avg_loss=4.568
[2772.7s] epoch 20 step 51200 avg_loss=4.532
[2775.7s] epoch 20 step 51250 avg_loss=4.559
[2778.0s] epoch 20 step 51300 avg_loss=4.546
[2780.7s] epoch 20 step 51350 avg_loss=4.574
[2783.1s] epoch 20 step 51400 avg_loss=4.638
[2785.4s] epoch 20 step 51450 avg_loss=4.682
[2788.0s] epoch 20 step 51500 avg_loss=4.701
[2790.9s] epoch 20 step 51550 avg_loss=4.778
[2793.5s] epoch 20 step 51600 avg_loss=4.746
[2795.9s] epoch 20 step 51650 avg_loss=4.718
[2798.6s] epoch 20 step 51700 avg_loss=4.712
[2801.5s] epoch 20 step 51750 avg_loss=4.747
[2804.1s] epoch 20 step 51800 avg_loss=4.711
[2806.5s] epoch 20 step 51850 avg_loss=4.682
[2809.2s] epoch 20 step 51900 avg_loss=4.670
[2812.0s] epoch 20 step 51950 avg_loss=4.675
[2814.3s] epoch 20 step 52000 avg_loss=4.700
[2817.1s] epoch 20 step 52050 avg_loss=4.736
[2819.8s] epoch 20 step 52100 avg_loss=4.747
[2822.3s] epoch 20 step 52150 avg_loss=4.771
[2825.2s] epoch 20 step 52200 avg_loss=4.823
[2827.9s] epoch 20 step 52250 avg_loss=4.828
[2830.2s] epoch 20 step 52300 avg_loss=4.823
[2833.2s] epoch 20 step 52350 avg_loss=4.827
[2835.8s] epoch 20 step 52400 avg_loss=4.841
[2838.2s] epoch 20 step 52450 avg_loss=4.839
[2841.0s] epoch 20 step 52500 avg_loss=4.847
[2843.7s] epoch 20 step 52550 avg_loss=4.880
[2846.2s] epoch 20 step 52600 avg_loss=4.873
[2849.0s] epoch 20 step 52650 avg_loss=4.879
[2851.8s] epoch 20 step 52700 avg_loss=4.890
[2854.2s] epoch 20 step 52750 avg_loss=4.889
[2856.4s] epoch 20 step 52800 avg_loss=4.904
[2859.1s] epoch 20 step 52850 avg_loss=4.921
[2861.6s] epoch 20 step 52900 avg_loss=4.922
[2864.2s] epoch 20 step 52950 avg_loss=4.924
[2866.5s] epoch 20 step 53000 avg_loss=4.925
[2868.0s] === epoch 20 done: avg_loss=4.935 (n=2525 derivations) ===
[2869.5s] epoch 21 step 53050 avg_loss=4.291
[2872.2s] epoch 21 step 53100 avg_loss=4.317
[2874.7s] epoch 21 step 53150 avg_loss=4.074
[2877.3s] epoch 21 step 53200 avg_loss=4.110
[2880.0s] epoch 21 step 53250 avg_loss=4.353
[2882.5s] epoch 21 step 53300 avg_loss=4.343
[2884.9s] epoch 21 step 53350 avg_loss=4.337
[2887.4s] epoch 21 step 53400 avg_loss=4.349
[2890.1s] epoch 21 step 53450 avg_loss=4.395
[2893.4s] epoch 21 step 53500 avg_loss=4.498
[2896.1s] epoch 21 step 53550 avg_loss=4.506
[2898.9s] epoch 21 step 53600 avg_loss=4.510
[2901.7s] epoch 21 step 53650 avg_loss=4.529
[2904.4s] epoch 21 step 53700 avg_loss=4.550
[2906.9s] epoch 21 step 53750 avg_loss=4.554
[2909.7s] epoch 21 step 53800 avg_loss=4.560
[2912.6s] epoch 21 step 53850 avg_loss=4.584
[2915.4s] epoch 21 step 53900 avg_loss=4.519
[2918.0s] epoch 21 step 53950 avg_loss=4.500
[2920.4s] epoch 21 step 54000 avg_loss=4.496
[2923.0s] epoch 21 step 54050 avg_loss=4.551
[2925.6s] epoch 21 step 54100 avg_loss=4.572
[2928.6s] epoch 21 step 54150 avg_loss=4.616
[2930.8s] epoch 21 step 54200 avg_loss=4.624
[2933.5s] epoch 21 step 54250 avg_loss=4.655
[2936.4s] epoch 21 step 54300 avg_loss=4.712
[2938.7s] epoch 21 step 54350 avg_loss=4.708
[2941.4s] epoch 21 step 54400 avg_loss=4.730
[2944.1s] epoch 21 step 54450 avg_loss=4.778
[2946.7s] epoch 21 step 54500 avg_loss=4.774
[2949.2s] epoch 21 step 54550 avg_loss=4.762
[2952.1s] epoch 21 step 54600 avg_loss=4.755
[2955.2s] epoch 21 step 54650 avg_loss=4.738
[2957.9s] epoch 21 step 54700 avg_loss=4.735
[2960.7s] epoch 21 step 54750 avg_loss=4.761
[2963.6s] epoch 21 step 54800 avg_loss=4.754
[2966.1s] epoch 21 step 54850 avg_loss=4.746
[2968.8s] epoch 21 step 54900 avg_loss=4.757
[2971.5s] epoch 21 step 54950 avg_loss=4.768
[2974.2s] epoch 21 step 55000 avg_loss=4.760
[2976.4s] epoch 21 step 55050 avg_loss=4.738
[2978.9s] epoch 21 step 55100 avg_loss=4.750
[2981.3s] epoch 21 step 55150 avg_loss=4.731
[2984.5s] epoch 21 step 55200 avg_loss=4.748
[2987.5s] epoch 21 step 55250 avg_loss=4.789
[2990.1s] epoch 21 step 55300 avg_loss=4.784
[2992.4s] epoch 21 step 55350 avg_loss=4.788
[2995.3s] epoch 21 step 55400 avg_loss=4.777
[2997.8s] epoch 21 step 55450 avg_loss=4.760
[3000.5s] epoch 21 step 55500 avg_loss=4.756
[3002.9s] epoch 21 step 55550 avg_loss=4.755
[3002.9s] === epoch 21 done: avg_loss=4.755 (n=2525 derivations) ===
[3006.0s] epoch 22 step 55600 avg_loss=3.764
[3008.4s] epoch 22 step 55650 avg_loss=3.972
[3011.8s] epoch 22 step 55700 avg_loss=3.910
[3014.9s] epoch 22 step 55750 avg_loss=4.057
[3017.7s] epoch 22 step 55800 avg_loss=4.127
[3020.4s] epoch 22 step 55850 avg_loss=4.313
[3023.5s] epoch 22 step 55900 avg_loss=4.375
[3025.9s] epoch 22 step 55950 avg_loss=4.259
[3029.3s] epoch 22 step 56000 avg_loss=4.341
[3032.1s] epoch 22 step 56050 avg_loss=4.299
[3034.7s] epoch 22 step 56100 avg_loss=4.271
[3037.6s] epoch 22 step 56150 avg_loss=4.275
[3040.6s] epoch 22 step 56200 avg_loss=4.290
[3043.0s] epoch 22 step 56250 avg_loss=4.262
[3045.9s] epoch 22 step 56300 avg_loss=4.334
[3048.6s] epoch 22 step 56350 avg_loss=4.342
[3051.3s] epoch 22 step 56400 avg_loss=4.328
[3054.3s] epoch 22 step 56450 avg_loss=4.350
[3057.1s] epoch 22 step 56500 avg_loss=4.336
[3059.9s] epoch 22 step 56550 avg_loss=4.324
[3062.5s] epoch 22 step 56600 avg_loss=4.332
[3065.2s] epoch 22 step 56650 avg_loss=4.349
[3068.1s] epoch 22 step 56700 avg_loss=4.345
[3070.8s] epoch 22 step 56750 avg_loss=4.390
[3073.4s] epoch 22 step 56800 avg_loss=4.426
[3076.3s] epoch 22 step 56850 avg_loss=4.429
[3079.2s] epoch 22 step 56900 avg_loss=4.423
[3081.5s] epoch 22 step 56950 avg_loss=4.414
[3084.6s] epoch 22 step 57000 avg_loss=4.445
[3087.6s] epoch 22 step 57050 avg_loss=4.458
[3090.5s] epoch 22 step 57100 avg_loss=4.507
[3092.8s] epoch 22 step 57150 avg_loss=4.497
[3095.1s] epoch 22 step 57200 avg_loss=4.474
[3098.1s] epoch 22 step 57250 avg_loss=4.488
[3100.7s] epoch 22 step 57300 avg_loss=4.467
[3103.2s] epoch 22 step 57350 avg_loss=4.466
[3105.6s] epoch 22 step 57400 avg_loss=4.468
[3108.5s] epoch 22 step 57450 avg_loss=4.468
[3111.0s] epoch 22 step 57500 avg_loss=4.456
[3113.4s] epoch 22 step 57550 avg_loss=4.481
[3116.0s] epoch 22 step 57600 avg_loss=4.498
[3118.7s] epoch 22 step 57650 avg_loss=4.518
[3121.4s] epoch 22 step 57700 avg_loss=4.514
[3123.8s] epoch 22 step 57750 avg_loss=4.507
[3126.2s] epoch 22 step 57800 avg_loss=4.517
[3128.7s] epoch 22 step 57850 avg_loss=4.519
[3131.4s] epoch 22 step 57900 avg_loss=4.539
[3134.0s] epoch 22 step 57950 avg_loss=4.541
[3137.3s] epoch 22 step 58000 avg_loss=4.575
[3139.8s] epoch 22 step 58050 avg_loss=4.570
[3141.2s] === epoch 22 done: avg_loss=4.576 (n=2525 derivations) ===
[3142.8s] epoch 23 step 58100 avg_loss=4.264
[3145.8s] epoch 23 step 58150 avg_loss=4.140
[3148.7s] epoch 23 step 58200 avg_loss=3.988
[3151.8s] epoch 23 step 58250 avg_loss=4.022
[3154.7s] epoch 23 step 58300 avg_loss=4.163
[3157.3s] epoch 23 step 58350 avg_loss=4.148
[3159.5s] epoch 23 step 58400 avg_loss=4.064
[3162.0s] epoch 23 step 58450 avg_loss=4.094
[3164.2s] epoch 23 step 58500 avg_loss=4.025
[3167.1s] epoch 23 step 58550 avg_loss=4.145
[3169.7s] epoch 23 step 58600 avg_loss=4.127
[3172.2s] epoch 23 step 58650 avg_loss=4.119
[3174.6s] epoch 23 step 58700 avg_loss=4.124
[3177.2s] epoch 23 step 58750 avg_loss=4.185
[3179.6s] epoch 23 step 58800 avg_loss=4.205
[3182.1s] epoch 23 step 58850 avg_loss=4.257
[3184.7s] epoch 23 step 58900 avg_loss=4.224
[3187.1s] epoch 23 step 58950 avg_loss=4.223
[3189.4s] epoch 23 step 59000 avg_loss=4.193
[3191.7s] epoch 23 step 59050 avg_loss=4.174
[3194.8s] epoch 23 step 59100 avg_loss=4.146
[3197.7s] epoch 23 step 59150 avg_loss=4.189
[3200.3s] epoch 23 step 59200 avg_loss=4.208
[3202.9s] epoch 23 step 59250 avg_loss=4.215
[3205.4s] epoch 23 step 59300 avg_loss=4.204
[3207.9s] epoch 23 step 59350 avg_loss=4.219
[3210.9s] epoch 23 step 59400 avg_loss=4.256
[3213.9s] epoch 23 step 59450 avg_loss=4.251
[3216.9s] epoch 23 step 59500 avg_loss=4.281
[3219.7s] epoch 23 step 59550 avg_loss=4.308
[3222.5s] epoch 23 step 59600 avg_loss=4.307
[3225.0s] epoch 23 step 59650 avg_loss=4.305
[3227.6s] epoch 23 step 59700 avg_loss=4.313
[3230.0s] epoch 23 step 59750 avg_loss=4.307
[3232.6s] epoch 23 step 59800 avg_loss=4.322
[3235.2s] epoch 23 step 59850 avg_loss=4.322
[3237.9s] epoch 23 step 59900 avg_loss=4.337
[3240.8s] epoch 23 step 59950 avg_loss=4.374
[3243.6s] epoch 23 step 60000 avg_loss=4.412
[3246.5s] epoch 23 step 60050 avg_loss=4.423
[3249.0s] epoch 23 step 60100 avg_loss=4.437
[3252.0s] epoch 23 step 60150 avg_loss=4.439
[3255.2s] epoch 23 step 60200 avg_loss=4.427
[3258.1s] epoch 23 step 60250 avg_loss=4.414
[3261.1s] epoch 23 step 60300 avg_loss=4.421
[3264.1s] epoch 23 step 60350 avg_loss=4.433
[3266.6s] epoch 23 step 60400 avg_loss=4.414
[3269.5s] epoch 23 step 60450 avg_loss=4.414
[3272.0s] epoch 23 step 60500 avg_loss=4.434
[3274.5s] epoch 23 step 60550 avg_loss=4.429
[3277.3s] epoch 23 step 60600 avg_loss=4.453
[3277.3s] === epoch 23 done: avg_loss=4.453 (n=2525 derivations) ===
[3280.0s] epoch 24 step 60650 avg_loss=4.181
[3282.8s] epoch 24 step 60700 avg_loss=4.056
[3285.5s] epoch 24 step 60750 avg_loss=4.545
[3288.1s] epoch 24 step 60800 avg_loss=4.266
[3291.0s] epoch 24 step 60850 avg_loss=4.186
[3293.7s] epoch 24 step 60900 avg_loss=4.260
[3296.5s] epoch 24 step 60950 avg_loss=4.454
[3299.0s] epoch 24 step 61000 avg_loss=4.396
[3301.9s] epoch 24 step 61050 avg_loss=4.433
[3305.2s] epoch 24 step 61100 avg_loss=4.496
[3308.0s] epoch 24 step 61150 avg_loss=4.451
[3310.9s] epoch 24 step 61200 avg_loss=4.429
[3313.9s] epoch 24 step 61250 avg_loss=4.427
[3316.5s] epoch 24 step 61300 avg_loss=4.375
[3319.2s] epoch 24 step 61350 avg_loss=4.299
[3321.8s] epoch 24 step 61400 avg_loss=4.276
[3324.0s] epoch 24 step 61450 avg_loss=4.252
[3326.3s] epoch 24 step 61500 avg_loss=4.249
[3329.0s] epoch 24 step 61550 avg_loss=4.238
[3331.8s] epoch 24 step 61600 avg_loss=4.282
[3334.4s] epoch 24 step 61650 avg_loss=4.328
[3336.9s] epoch 24 step 61700 avg_loss=4.315
[3339.6s] epoch 24 step 61750 avg_loss=4.333
[3342.6s] epoch 24 step 61800 avg_loss=4.329
[3345.7s] epoch 24 step 61850 avg_loss=4.293
[3348.0s] epoch 24 step 61900 avg_loss=4.291
[3350.7s] epoch 24 step 61950 avg_loss=4.279
[3353.9s] epoch 24 step 62000 avg_loss=4.309
[3356.6s] epoch 24 step 62050 avg_loss=4.301
[3359.0s] epoch 24 step 62100 avg_loss=4.343
[3361.7s] epoch 24 step 62150 avg_loss=4.323
[3364.4s] epoch 24 step 62200 avg_loss=4.345
[3367.1s] epoch 24 step 62250 avg_loss=4.339
[3369.9s] epoch 24 step 62300 avg_loss=4.366
[3372.2s] epoch 24 step 62350 avg_loss=4.352
[3375.0s] epoch 24 step 62400 avg_loss=4.374
[3377.3s] epoch 24 step 62450 avg_loss=4.364
[3380.0s] epoch 24 step 62500 avg_loss=4.364
[3382.6s] epoch 24 step 62550 avg_loss=4.345
[3385.0s] epoch 24 step 62600 avg_loss=4.336
[3387.4s] epoch 24 step 62650 avg_loss=4.335
[3389.6s] epoch 24 step 62700 avg_loss=4.308
[3392.1s] epoch 24 step 62750 avg_loss=4.287
[3394.7s] epoch 24 step 62800 avg_loss=4.290
[3397.2s] epoch 24 step 62850 avg_loss=4.287
[3400.1s] epoch 24 step 62900 avg_loss=4.288
[3402.5s] epoch 24 step 62950 avg_loss=4.293
[3405.5s] epoch 24 step 63000 avg_loss=4.283
[3408.5s] epoch 24 step 63050 avg_loss=4.297
[3411.2s] epoch 24 step 63100 avg_loss=4.291
[3412.5s] === epoch 24 done: avg_loss=4.289 (n=2525 derivations) ===
[3414.0s] epoch 25 step 63150 avg_loss=5.345
[3417.0s] epoch 25 step 63200 avg_loss=4.263
[3419.9s] epoch 25 step 63250 avg_loss=4.176
[3422.5s] epoch 25 step 63300 avg_loss=3.898
[3424.9s] epoch 25 step 63350 avg_loss=3.872
[3427.6s] epoch 25 step 63400 avg_loss=3.848
[3430.4s] epoch 25 step 63450 avg_loss=4.067
[3432.9s] epoch 25 step 63500 avg_loss=3.979
[3436.2s] epoch 25 step 63550 avg_loss=3.971
[3439.4s] epoch 25 step 63600 avg_loss=3.989
[3442.5s] epoch 25 step 63650 avg_loss=4.045
[3445.6s] epoch 25 step 63700 avg_loss=4.037
[3447.9s] epoch 25 step 63750 avg_loss=4.004
[3450.6s] epoch 25 step 63800 avg_loss=3.976
[3453.0s] epoch 25 step 63850 avg_loss=3.955
[3455.6s] epoch 25 step 63900 avg_loss=3.946
[3458.3s] epoch 25 step 63950 avg_loss=3.979
[3461.0s] epoch 25 step 64000 avg_loss=3.994
[3464.2s] epoch 25 step 64050 avg_loss=4.052
[3467.4s] epoch 25 step 64100 avg_loss=4.053
[3470.1s] epoch 25 step 64150 avg_loss=4.043
[3472.7s] epoch 25 step 64200 avg_loss=4.025
[3475.9s] epoch 25 step 64250 avg_loss=4.030
[3479.1s] epoch 25 step 64300 avg_loss=4.071
[3481.9s] epoch 25 step 64350 avg_loss=4.063
[3484.2s] epoch 25 step 64400 avg_loss=4.054
[3487.4s] epoch 25 step 64450 avg_loss=4.072
[3489.7s] epoch 25 step 64500 avg_loss=4.055
[3492.5s] epoch 25 step 64550 avg_loss=4.084
[3494.8s] epoch 25 step 64600 avg_loss=4.086
[3497.8s] epoch 25 step 64650 avg_loss=4.089
[3500.3s] epoch 25 step 64700 avg_loss=4.095
[3503.0s] epoch 25 step 64750 avg_loss=4.104
[3506.0s] epoch 25 step 64800 avg_loss=4.113
[3509.0s] epoch 25 step 64850 avg_loss=4.129
[3511.7s] epoch 25 step 64900 avg_loss=4.126
[3514.7s] epoch 25 step 64950 avg_loss=4.129
[3517.4s] epoch 25 step 65000 avg_loss=4.116
[3520.1s] epoch 25 step 65050 avg_loss=4.123
[3522.8s] epoch 25 step 65100 avg_loss=4.122
[3525.6s] epoch 25 step 65150 avg_loss=4.116
[3528.0s] epoch 25 step 65200 avg_loss=4.094
[3530.8s] epoch 25 step 65250 avg_loss=4.108
[3534.0s] epoch 25 step 65300 avg_loss=4.144
[3536.8s] epoch 25 step 65350 avg_loss=4.150
[3539.6s] epoch 25 step 65400 avg_loss=4.151
[3542.5s] epoch 25 step 65450 avg_loss=4.162
[3545.6s] epoch 25 step 65500 avg_loss=4.184
[3548.5s] epoch 25 step 65550 avg_loss=4.189
[3551.3s] epoch 25 step 65600 avg_loss=4.187
[3553.9s] epoch 25 step 65650 avg_loss=4.168
[3553.9s] === epoch 25 done: avg_loss=4.168 (n=2525 derivations) ===
[3556.7s] epoch 26 step 65700 avg_loss=3.455
[3559.3s] epoch 26 step 65750 avg_loss=3.744
[3562.1s] epoch 26 step 65800 avg_loss=3.950
[3564.7s] epoch 26 step 65850 avg_loss=3.840
[3567.2s] epoch 26 step 65900 avg_loss=3.743
[3569.9s] epoch 26 step 65950 avg_loss=3.647
[3572.7s] epoch 26 step 66000 avg_loss=3.814
[3575.8s] epoch 26 step 66050 avg_loss=3.888
[3578.5s] epoch 26 step 66100 avg_loss=3.788
[3581.5s] epoch 26 step 66150 avg_loss=3.804
[3584.2s] epoch 26 step 66200 avg_loss=3.749
[3587.0s] epoch 26 step 66250 avg_loss=3.718
[3589.5s] epoch 26 step 66300 avg_loss=3.678
[3592.0s] epoch 26 step 66350 avg_loss=3.688
[3595.2s] epoch 26 step 66400 avg_loss=3.755
[3598.3s] epoch 26 step 66450 avg_loss=3.773
[3601.1s] epoch 26 step 66500 avg_loss=3.848
[3603.7s] epoch 26 step 66550 avg_loss=3.807
[3606.6s] epoch 26 step 66600 avg_loss=3.788
[3609.3s] epoch 26 step 66650 avg_loss=3.799
[3612.3s] epoch 26 step 66700 avg_loss=3.825
[3614.9s] epoch 26 step 66750 avg_loss=3.831
[3617.6s] epoch 26 step 66800 avg_loss=3.831
[3620.4s] epoch 26 step 66850 avg_loss=3.813
[3623.1s] epoch 26 step 66900 avg_loss=3.842
[3625.4s] epoch 26 step 66950 avg_loss=3.812
[3627.9s] epoch 26 step 67000 avg_loss=3.785
[3630.8s] epoch 26 step 67050 avg_loss=3.845
[3633.6s] epoch 26 step 67100 avg_loss=3.867
[3636.0s] epoch 26 step 67150 avg_loss=3.890
[3638.4s] epoch 26 step 67200 avg_loss=3.877
[3641.1s] epoch 26 step 67250 avg_loss=3.914
[3643.8s] epoch 26 step 67300 avg_loss=3.931
[3646.5s] epoch 26 step 67350 avg_loss=3.932
[3649.2s] epoch 26 step 67400 avg_loss=3.938
[3651.4s] epoch 26 step 67450 avg_loss=3.933
[3653.9s] epoch 26 step 67500 avg_loss=3.929
[3656.4s] epoch 26 step 67550 avg_loss=3.942
[3658.9s] epoch 26 step 67600 avg_loss=3.966
[3661.2s] epoch 26 step 67650 avg_loss=3.978
[3663.6s] epoch 26 step 67700 avg_loss=3.988
[3666.5s] epoch 26 step 67750 avg_loss=4.002
[3669.0s] epoch 26 step 67800 avg_loss=3.994
[3672.1s] epoch 26 step 67850 avg_loss=4.006
[3674.8s] epoch 26 step 67900 avg_loss=4.024
[3677.8s] epoch 26 step 67950 avg_loss=4.032
[3680.8s] epoch 26 step 68000 avg_loss=4.041
[3683.4s] epoch 26 step 68050 avg_loss=4.030
[3686.2s] epoch 26 step 68100 avg_loss=4.028
[3688.8s] epoch 26 step 68150 avg_loss=4.031
[3690.2s] === epoch 26 done: avg_loss=4.049 (n=2525 derivations) ===
[3691.3s] epoch 27 step 68200 avg_loss=4.145
[3693.7s] epoch 27 step 68250 avg_loss=3.841
[3696.5s] epoch 27 step 68300 avg_loss=3.462
[3699.5s] epoch 27 step 68350 avg_loss=3.415
[3702.2s] epoch 27 step 68400 avg_loss=3.392
[3705.5s] epoch 27 step 68450 avg_loss=3.385
[3708.5s] epoch 27 step 68500 avg_loss=3.471
[3711.0s] epoch 27 step 68550 avg_loss=3.527
[3713.9s] epoch 27 step 68600 avg_loss=3.530
[3716.9s] epoch 27 step 68650 avg_loss=3.559
[3719.8s] epoch 27 step 68700 avg_loss=3.517
[3722.5s] epoch 27 step 68750 avg_loss=3.501
[3724.9s] epoch 27 step 68800 avg_loss=3.474
[3727.7s] epoch 27 step 68850 avg_loss=3.512
[3730.2s] epoch 27 step 68900 avg_loss=3.584
[3733.0s] epoch 27 step 68950 avg_loss=3.593
[3735.8s] epoch 27 step 69000 avg_loss=3.659
[3738.7s] epoch 27 step 69050 avg_loss=3.713
[3740.9s] epoch 27 step 69100 avg_loss=3.684
[3743.5s] epoch 27 step 69150 avg_loss=3.698
[3746.0s] epoch 27 step 69200 avg_loss=3.744
[3748.5s] epoch 27 step 69250 avg_loss=3.725
[3751.1s] epoch 27 step 69300 avg_loss=3.711
[3753.5s] epoch 27 step 69350 avg_loss=3.727
[3756.0s] epoch 27 step 69400 avg_loss=3.743
[3758.7s] epoch 27 step 69450 avg_loss=3.734
[3761.5s] epoch 27 step 69500 avg_loss=3.744
[3764.5s] epoch 27 step 69550 avg_loss=3.738
[3767.1s] epoch 27 step 69600 avg_loss=3.751
[3769.7s] epoch 27 step 69650 avg_loss=3.763
[3771.9s] epoch 27 step 69700 avg_loss=3.748
[3774.6s] epoch 27 step 69750 avg_loss=3.766
[3777.7s] epoch 27 step 69800 avg_loss=3.793
[3780.7s] epoch 27 step 69850 avg_loss=3.826
[3784.0s] epoch 27 step 69900 avg_loss=3.872
[3787.1s] epoch 27 step 69950 avg_loss=3.905
[3789.7s] epoch 27 step 70000 avg_loss=3.905
[3792.3s] epoch 27 step 70050 avg_loss=3.898
[3794.9s] epoch 27 step 70100 avg_loss=3.891
[3797.1s] epoch 27 step 70150 avg_loss=3.898
[3799.7s] epoch 27 step 70200 avg_loss=3.893
[3802.6s] epoch 27 step 70250 avg_loss=3.894
[3805.4s] epoch 27 step 70300 avg_loss=3.913
[3807.9s] epoch 27 step 70350 avg_loss=3.915
[3810.8s] epoch 27 step 70400 avg_loss=3.918
[3813.8s] epoch 27 step 70450 avg_loss=3.935
[3816.7s] epoch 27 step 70500 avg_loss=3.959
[3819.5s] epoch 27 step 70550 avg_loss=3.954
[3822.4s] epoch 27 step 70600 avg_loss=3.958
[3824.9s] epoch 27 step 70650 avg_loss=3.983
[3827.3s] epoch 27 step 70700 avg_loss=4.010
[3827.3s] === epoch 27 done: avg_loss=4.010 (n=2525 derivations) ===
[3830.0s] epoch 28 step 70750 avg_loss=2.915
[3833.1s] epoch 28 step 70800 avg_loss=3.253
[3835.7s] epoch 28 step 70850 avg_loss=3.326
[3838.4s] epoch 28 step 70900 avg_loss=3.265
[3840.9s] epoch 28 step 70950 avg_loss=3.318
[3843.2s] epoch 28 step 71000 avg_loss=3.348
[3845.7s] epoch 28 step 71050 avg_loss=3.327
[3848.4s] epoch 28 step 71100 avg_loss=3.373
[3851.0s] epoch 28 step 71150 avg_loss=3.319
[3853.7s] epoch 28 step 71200 avg_loss=3.351
[3856.3s] epoch 28 step 71250 avg_loss=3.383
[3859.1s] epoch 28 step 71300 avg_loss=3.419
[3861.7s] epoch 28 step 71350 avg_loss=3.380
[3863.8s] epoch 28 step 71400 avg_loss=3.391
[3866.6s] epoch 28 step 71450 avg_loss=3.431
[3869.5s] epoch 28 step 71500 avg_loss=3.489
[3871.8s] epoch 28 step 71550 avg_loss=3.530
[3874.2s] epoch 28 step 71600 avg_loss=3.558
[3876.4s] epoch 28 step 71650 avg_loss=3.571
[3878.8s] epoch 28 step 71700 avg_loss=3.633
[3881.4s] epoch 28 step 71750 avg_loss=3.659
[3884.2s] epoch 28 step 71800 avg_loss=3.655
[3886.9s] epoch 28 step 71850 avg_loss=3.696
[3889.4s] epoch 28 step 71900 avg_loss=3.704
[3891.6s] epoch 28 step 71950 avg_loss=3.694
[3894.0s] epoch 28 step 72000 avg_loss=3.718
[3896.3s] epoch 28 step 72050 avg_loss=3.725
[3899.1s] epoch 28 step 72100 avg_loss=3.747
[3901.8s] epoch 28 step 72150 avg_loss=3.733
[3904.6s] epoch 28 step 72200 avg_loss=3.702
[3907.4s] epoch 28 step 72250 avg_loss=3.697
[3910.2s] epoch 28 step 72300 avg_loss=3.698
[3912.8s] epoch 28 step 72350 avg_loss=3.712
[3915.7s] epoch 28 step 72400 avg_loss=3.725
[3918.4s] epoch 28 step 72450 avg_loss=3.730
[3921.5s] epoch 28 step 72500 avg_loss=3.726
[3924.9s] epoch 28 step 72550 avg_loss=3.756
[3927.7s] epoch 28 step 72600 avg_loss=3.749
[3930.4s] epoch 28 step 72650 avg_loss=3.735
[3933.1s] epoch 28 step 72700 avg_loss=3.757
[3935.9s] epoch 28 step 72750 avg_loss=3.784
[3938.9s] epoch 28 step 72800 avg_loss=3.793
[3941.5s] epoch 28 step 72850 avg_loss=3.815
[3944.1s] epoch 28 step 72900 avg_loss=3.834
[3946.6s] epoch 28 step 72950 avg_loss=3.841
[3948.8s] epoch 28 step 73000 avg_loss=3.838
[3951.3s] epoch 28 step 73050 avg_loss=3.846
[3953.6s] epoch 28 step 73100 avg_loss=3.856
[3956.7s] epoch 28 step 73150 avg_loss=3.869
[3959.4s] epoch 28 step 73200 avg_loss=3.869
[3960.8s] === epoch 28 done: avg_loss=3.869 (n=2525 derivations) ===
[3962.3s] epoch 29 step 73250 avg_loss=4.300
[3965.2s] epoch 29 step 73300 avg_loss=3.580
[3967.9s] epoch 29 step 73350 avg_loss=3.393
[3970.6s] epoch 29 step 73400 avg_loss=3.356
[3973.3s] epoch 29 step 73450 avg_loss=3.286
[3975.4s] epoch 29 step 73500 avg_loss=3.272
[3977.8s] epoch 29 step 73550 avg_loss=3.366
[3980.0s] epoch 29 step 73600 avg_loss=3.328
[3982.5s] epoch 29 step 73650 avg_loss=3.264
[3985.2s] epoch 29 step 73700 avg_loss=3.328
[3987.4s] epoch 29 step 73750 avg_loss=3.328
[3990.1s] epoch 29 step 73800 avg_loss=3.367
[3992.9s] epoch 29 step 73850 avg_loss=3.464
[3995.7s] epoch 29 step 73900 avg_loss=3.514
[3998.1s] epoch 29 step 73950 avg_loss=3.483
[4000.7s] epoch 29 step 74000 avg_loss=3.497
[4003.5s] epoch 29 step 74050 avg_loss=3.494
[4006.5s] epoch 29 step 74100 avg_loss=3.561
[4008.9s] epoch 29 step 74150 avg_loss=3.534
[4011.7s] epoch 29 step 74200 avg_loss=3.594
[4014.4s] epoch 29 step 74250 avg_loss=3.624
[4016.9s] epoch 29 step 74300 avg_loss=3.623
[4019.6s] epoch 29 step 74350 avg_loss=3.619
[4022.6s] epoch 29 step 74400 avg_loss=3.625
[4025.4s] epoch 29 step 74450 avg_loss=3.629
[4028.2s] epoch 29 step 74500 avg_loss=3.670
[4031.3s] epoch 29 step 74550 avg_loss=3.698
[4034.0s] epoch 29 step 74600 avg_loss=3.670
[4036.9s] epoch 29 step 74650 avg_loss=3.688
[4039.8s] epoch 29 step 74700 avg_loss=3.713
[4042.3s] epoch 29 step 74750 avg_loss=3.695
[4045.0s] epoch 29 step 74800 avg_loss=3.686
[4047.5s] epoch 29 step 74850 avg_loss=3.688
[4050.3s] epoch 29 step 74900 avg_loss=3.685
[4053.1s] epoch 29 step 74950 avg_loss=3.688
[4055.8s] epoch 29 step 75000 avg_loss=3.704
[4058.5s] epoch 29 step 75050 avg_loss=3.708
[4061.1s] epoch 29 step 75100 avg_loss=3.727
[4063.7s] epoch 29 step 75150 avg_loss=3.724
[4066.5s] epoch 29 step 75200 avg_loss=3.741
[4069.1s] epoch 29 step 75250 avg_loss=3.737
[4071.5s] epoch 29 step 75300 avg_loss=3.714
[4074.0s] epoch 29 step 75350 avg_loss=3.709
[4076.4s] epoch 29 step 75400 avg_loss=3.702
[4079.1s] epoch 29 step 75450 avg_loss=3.715
[4082.0s] epoch 29 step 75500 avg_loss=3.739
[4084.7s] epoch 29 step 75550 avg_loss=3.760
[4087.4s] epoch 29 step 75600 avg_loss=3.773
[4089.7s] epoch 29 step 75650 avg_loss=3.780
[4091.9s] epoch 29 step 75700 avg_loss=3.803
[4094.2s] epoch 29 step 75750 avg_loss=3.815
[4094.2s] === epoch 29 done: avg_loss=3.815 (n=2525 derivations) ===
[4096.4s] epoch 30 step 75800 avg_loss=2.769
[4098.7s] epoch 30 step 75850 avg_loss=3.044
[4101.2s] epoch 30 step 75900 avg_loss=3.244
[4103.4s] epoch 30 step 75950 avg_loss=3.109
[4106.3s] epoch 30 step 76000 avg_loss=3.149
[4109.1s] epoch 30 step 76050 avg_loss=3.149
[4111.8s] epoch 30 step 76100 avg_loss=3.137
[4114.5s] epoch 30 step 76150 avg_loss=3.218
[4117.6s] epoch 30 step 76200 avg_loss=3.219
[4120.3s] epoch 30 step 76250 avg_loss=3.255
[4123.1s] epoch 30 step 76300 avg_loss=3.261
[4125.8s] epoch 30 step 76350 avg_loss=3.323
[4128.3s] epoch 30 step 76400 avg_loss=3.342
[4131.1s] epoch 30 step 76450 avg_loss=3.321
[4133.5s] epoch 30 step 76500 avg_loss=3.360
[4136.1s] epoch 30 step 76550 avg_loss=3.399
[4138.8s] epoch 30 step 76600 avg_loss=3.397
[4141.7s] epoch 30 step 76650 avg_loss=3.406
[4144.5s] epoch 30 step 76700 avg_loss=3.449
[4147.0s] epoch 30 step 76750 avg_loss=3.451
[4149.5s] epoch 30 step 76800 avg_loss=3.435
[4152.1s] epoch 30 step 76850 avg_loss=3.440
[4154.4s] epoch 30 step 76900 avg_loss=3.443
[4156.8s] epoch 30 step 76950 avg_loss=3.438
[4159.4s] epoch 30 step 77000 avg_loss=3.445
[4162.0s] epoch 30 step 77050 avg_loss=3.464
[4165.1s] epoch 30 step 77100 avg_loss=3.478
[4168.2s] epoch 30 step 77150 avg_loss=3.470
[4171.1s] epoch 30 step 77200 avg_loss=3.483
[4173.5s] epoch 30 step 77250 avg_loss=3.478
[4176.1s] epoch 30 step 77300 avg_loss=3.486
[4179.4s] epoch 30 step 77350 avg_loss=3.513
[4181.9s] epoch 30 step 77400 avg_loss=3.520
[4184.5s] epoch 30 step 77450 avg_loss=3.520
[4187.0s] epoch 30 step 77500 avg_loss=3.523
[4189.8s] epoch 30 step 77550 avg_loss=3.527
[4192.3s] epoch 30 step 77600 avg_loss=3.541
[4194.7s] epoch 30 step 77650 avg_loss=3.563
[4197.4s] epoch 30 step 77700 avg_loss=3.575
[4200.5s] epoch 30 step 77750 avg_loss=3.608
[4202.9s] epoch 30 step 77800 avg_loss=3.608
[4205.5s] epoch 30 step 77850 avg_loss=3.603
[4208.1s] epoch 30 step 77900 avg_loss=3.618
[4210.4s] epoch 30 step 77950 avg_loss=3.610
[4213.0s] epoch 30 step 78000 avg_loss=3.627
[4215.8s] epoch 30 step 78050 avg_loss=3.637
[4218.7s] epoch 30 step 78100 avg_loss=3.647
[4221.8s] epoch 30 step 78150 avg_loss=3.662
[4224.5s] epoch 30 step 78200 avg_loss=3.667
[4227.7s] epoch 30 step 78250 avg_loss=3.686
[4229.3s] === epoch 30 done: avg_loss=3.688 (n=2525 derivations) ===
[4230.7s] epoch 31 step 78300 avg_loss=3.475
[4233.3s] epoch 31 step 78350 avg_loss=3.698
[4236.4s] epoch 31 step 78400 avg_loss=3.408
[4239.1s] epoch 31 step 78450 avg_loss=3.268
[4242.2s] epoch 31 step 78500 avg_loss=3.182
[4245.1s] epoch 31 step 78550 avg_loss=3.210
[4248.2s] epoch 31 step 78600 avg_loss=3.317
[4251.2s] epoch 31 step 78650 avg_loss=3.266
[4254.3s] epoch 31 step 78700 avg_loss=3.294
[4257.5s] epoch 31 step 78750 avg_loss=3.271
[4260.8s] epoch 31 step 78800 avg_loss=3.251
[4263.7s] epoch 31 step 78850 avg_loss=3.298
[4266.1s] epoch 31 step 78900 avg_loss=3.252
[4268.8s] epoch 31 step 78950 avg_loss=3.232
[4271.4s] epoch 31 step 79000 avg_loss=3.198
[4274.0s] epoch 31 step 79050 avg_loss=3.181
[4277.2s] epoch 31 step 79100 avg_loss=3.183
[4279.9s] epoch 31 step 79150 avg_loss=3.181
[4282.9s] epoch 31 step 79200 avg_loss=3.213
[4285.5s] epoch 31 step 79250 avg_loss=3.220
[4288.0s] epoch 31 step 79300 avg_loss=3.223
[4290.6s] epoch 31 step 79350 avg_loss=3.237
[4293.6s] epoch 31 step 79400 avg_loss=3.283
[4296.6s] epoch 31 step 79450 avg_loss=3.309
[4299.4s] epoch 31 step 79500 avg_loss=3.341
[4301.8s] epoch 31 step 79550 avg_loss=3.340
[4304.2s] epoch 31 step 79600 avg_loss=3.330
[4306.8s] epoch 31 step 79650 avg_loss=3.320
[4309.5s] epoch 31 step 79700 avg_loss=3.359
[4312.0s] epoch 31 step 79750 avg_loss=3.361
[4315.0s] epoch 31 step 79800 avg_loss=3.396
[4317.6s] epoch 31 step 79850 avg_loss=3.406
[4320.2s] epoch 31 step 79900 avg_loss=3.404
[4322.6s] epoch 31 step 79950 avg_loss=3.389
[4325.6s] epoch 31 step 80000 avg_loss=3.429
[4328.8s] epoch 31 step 80050 avg_loss=3.480
[4331.6s] epoch 31 step 80100 avg_loss=3.489
[4334.3s] epoch 31 step 80150 avg_loss=3.480
[4337.1s] epoch 31 step 80200 avg_loss=3.507
[4339.5s] epoch 31 step 80250 avg_loss=3.524
[4342.0s] epoch 31 step 80300 avg_loss=3.531
[4344.9s] epoch 31 step 80350 avg_loss=3.561
[4347.2s] epoch 31 step 80400 avg_loss=3.566
[4350.1s] epoch 31 step 80450 avg_loss=3.578
[4352.7s] epoch 31 step 80500 avg_loss=3.598
[4355.1s] epoch 31 step 80550 avg_loss=3.616
[4357.6s] epoch 31 step 80600 avg_loss=3.619
[4360.2s] epoch 31 step 80650 avg_loss=3.616
[4363.5s] epoch 31 step 80700 avg_loss=3.629
[4366.2s] epoch 31 step 80750 avg_loss=3.633
[4369.1s] epoch 31 step 80800 avg_loss=3.646
[4369.1s] === epoch 31 done: avg_loss=3.646 (n=2525 derivations) ===
[4371.7s] epoch 32 step 80850 avg_loss=3.257
[4374.4s] epoch 32 step 80900 avg_loss=2.973
[4377.3s] epoch 32 step 80950 avg_loss=3.320
[4380.2s] epoch 32 step 81000 avg_loss=3.353
[4382.6s] epoch 32 step 81050 avg_loss=3.247
[4385.1s] epoch 32 step 81100 avg_loss=3.403
[4387.5s] epoch 32 step 81150 avg_loss=3.389
[4390.2s] epoch 32 step 81200 avg_loss=3.395
[4393.3s] epoch 32 step 81250 avg_loss=3.392
[4395.9s] epoch 32 step 81300 avg_loss=3.410
[4398.6s] epoch 32 step 81350 avg_loss=3.408
[4401.3s] epoch 32 step 81400 avg_loss=3.443
[4403.8s] epoch 32 step 81450 avg_loss=3.405
[4406.1s] epoch 32 step 81500 avg_loss=3.427
[4408.7s] epoch 32 step 81550 avg_loss=3.408
[4410.9s] epoch 32 step 81600 avg_loss=3.357
[4413.6s] epoch 32 step 81650 avg_loss=3.346
[4416.2s] epoch 32 step 81700 avg_loss=3.344
[4418.7s] epoch 32 step 81750 avg_loss=3.332
[4421.2s] epoch 32 step 81800 avg_loss=3.344
[4423.8s] epoch 32 step 81850 avg_loss=3.318
[4426.3s] epoch 32 step 81900 avg_loss=3.329
[4428.5s] epoch 32 step 81950 avg_loss=3.306
[4431.1s] epoch 32 step 82000 avg_loss=3.304
[4433.6s] epoch 32 step 82050 avg_loss=3.304
[4436.4s] epoch 32 step 82100 avg_loss=3.319
[4439.0s] epoch 32 step 82150 avg_loss=3.316
[4441.8s] epoch 32 step 82200 avg_loss=3.324
[4444.9s] epoch 32 step 82250 avg_loss=3.348
[4447.6s] epoch 32 step 82300 avg_loss=3.360
[4450.3s] epoch 32 step 82350 avg_loss=3.378
[4453.0s] epoch 32 step 82400 avg_loss=3.395
[4456.0s] epoch 32 step 82450 avg_loss=3.386
[4458.8s] epoch 32 step 82500 avg_loss=3.372
[4461.5s] epoch 32 step 82550 avg_loss=3.382
[4464.5s] epoch 32 step 82600 avg_loss=3.402
[4467.0s] epoch 32 step 82650 avg_loss=3.425
[4469.8s] epoch 32 step 82700 avg_loss=3.444
[4472.7s] epoch 32 step 82750 avg_loss=3.449
[4475.1s] epoch 32 step 82800 avg_loss=3.459
[4477.8s] epoch 32 step 82850 avg_loss=3.477
[4480.8s] epoch 32 step 82900 avg_loss=3.494
[4483.3s] epoch 32 step 82950 avg_loss=3.503
[4486.0s] epoch 32 step 83000 avg_loss=3.511
[4488.7s] epoch 32 step 83050 avg_loss=3.507
[4491.5s] epoch 32 step 83100 avg_loss=3.519
[4494.1s] epoch 32 step 83150 avg_loss=3.534
[4496.5s] epoch 32 step 83200 avg_loss=3.547
[4499.6s] epoch 32 step 83250 avg_loss=3.559
[4502.3s] epoch 32 step 83300 avg_loss=3.566
[4503.4s] === epoch 32 done: avg_loss=3.564 (n=2525 derivations) ===
[4504.7s] epoch 33 step 83350 avg_loss=2.818
[4507.3s] epoch 33 step 83400 avg_loss=2.987
[4509.9s] epoch 33 step 83450 avg_loss=3.084
[4512.8s] epoch 33 step 83500 avg_loss=3.270
[4515.2s] epoch 33 step 83550 avg_loss=3.279
[4517.9s] epoch 33 step 83600 avg_loss=3.287
[4520.4s] epoch 33 step 83650 avg_loss=3.302
[4523.5s] epoch 33 step 83700 avg_loss=3.354
[4525.6s] epoch 33 step 83750 avg_loss=3.317
[4528.1s] epoch 33 step 83800 avg_loss=3.333
[4530.8s] epoch 33 step 83850 avg_loss=3.274
[4533.6s] epoch 33 step 83900 avg_loss=3.252
[4536.0s] epoch 33 step 83950 avg_loss=3.225
[4538.4s] epoch 33 step 84000 avg_loss=3.209
[4541.3s] epoch 33 step 84050 avg_loss=3.227
[4543.8s] epoch 33 step 84100 avg_loss=3.196
[4546.8s] epoch 33 step 84150 avg_loss=3.235
[4549.5s] epoch 33 step 84200 avg_loss=3.239
[4552.4s] epoch 33 step 84250 avg_loss=3.215
[4555.5s] epoch 33 step 84300 avg_loss=3.237
[4558.2s] epoch 33 step 84350 avg_loss=3.254
[4561.5s] epoch 33 step 84400 avg_loss=3.268
[4564.2s] epoch 33 step 84450 avg_loss=3.253
[4566.7s] epoch 33 step 84500 avg_loss=3.270
[4569.5s] epoch 33 step 84550 avg_loss=3.295
[4572.3s] epoch 33 step 84600 avg_loss=3.314
[4575.0s] epoch 33 step 84650 avg_loss=3.313
[4577.2s] epoch 33 step 84700 avg_loss=3.320
[4579.9s] epoch 33 step 84750 avg_loss=3.340
[4582.6s] epoch 33 step 84800 avg_loss=3.357
[4585.3s] epoch 33 step 84850 avg_loss=3.381
[4587.5s] epoch 33 step 84900 avg_loss=3.378
[4590.2s] epoch 33 step 84950 avg_loss=3.378
[4592.8s] epoch 33 step 85000 avg_loss=3.386
[4595.4s] epoch 33 step 85050 avg_loss=3.393
[4597.5s] epoch 33 step 85100 avg_loss=3.387
[4599.8s] epoch 33 step 85150 avg_loss=3.417
[4602.4s] epoch 33 step 85200 avg_loss=3.450
[4604.7s] epoch 33 step 85250 avg_loss=3.430
[4607.1s] epoch 33 step 85300 avg_loss=3.438
[4609.6s] epoch 33 step 85350 avg_loss=3.447
[4612.1s] epoch 33 step 85400 avg_loss=3.449
[4614.5s] epoch 33 step 85450 avg_loss=3.461
[4617.2s] epoch 33 step 85500 avg_loss=3.481
[4619.9s] epoch 33 step 85550 avg_loss=3.491
[4622.2s] epoch 33 step 85600 avg_loss=3.488
[4624.6s] epoch 33 step 85650 avg_loss=3.483
[4627.1s] epoch 33 step 85700 avg_loss=3.494
[4629.6s] epoch 33 step 85750 avg_loss=3.497
[4632.1s] epoch 33 step 85800 avg_loss=3.505
[4634.8s] epoch 33 step 85850 avg_loss=3.506
[4634.8s] === epoch 33 done: avg_loss=3.506 (n=2525 derivations) ===
[4637.5s] epoch 34 step 85900 avg_loss=3.198
[4640.2s] epoch 34 step 85950 avg_loss=2.847
[4643.0s] epoch 34 step 86000 avg_loss=3.046
[4645.7s] epoch 34 step 86050 avg_loss=2.970
[4648.3s] epoch 34 step 86100 avg_loss=2.953
[4651.5s] epoch 34 step 86150 avg_loss=2.953
[4653.8s] epoch 34 step 86200 avg_loss=2.932
[4656.5s] epoch 34 step 86250 avg_loss=2.998
[4658.9s] epoch 34 step 86300 avg_loss=2.972
[4661.6s] epoch 34 step 86350 avg_loss=2.995
[4664.1s] epoch 34 step 86400 avg_loss=2.995
[4666.8s] epoch 34 step 86450 avg_loss=3.034
[4669.7s] epoch 34 step 86500 avg_loss=3.117
[4672.6s] epoch 34 step 86550 avg_loss=3.191
[4674.9s] epoch 34 step 86600 avg_loss=3.221
[4677.5s] epoch 34 step 86650 avg_loss=3.220
[4680.2s] epoch 34 step 86700 avg_loss=3.221
[4682.8s] epoch 34 step 86750 avg_loss=3.224
[4685.2s] epoch 34 step 86800 avg_loss=3.189
[4687.7s] epoch 34 step 86850 avg_loss=3.179
[4690.7s] epoch 34 step 86900 avg_loss=3.209
[4693.3s] epoch 34 step 86950 avg_loss=3.216
[4696.1s] epoch 34 step 87000 avg_loss=3.251
[4698.7s] epoch 34 step 87050 avg_loss=3.233
[4701.3s] epoch 34 step 87100 avg_loss=3.266
[4703.9s] epoch 34 step 87150 avg_loss=3.260
[4706.4s] epoch 34 step 87200 avg_loss=3.275
[4709.5s] epoch 34 step 87250 avg_loss=3.285
[4712.0s] epoch 34 step 87300 avg_loss=3.292
[4714.8s] epoch 34 step 87350 avg_loss=3.319
[4717.5s] epoch 34 step 87400 avg_loss=3.330
[4720.2s] epoch 34 step 87450 avg_loss=3.333
[4722.9s] epoch 34 step 87500 avg_loss=3.333
[4725.6s] epoch 34 step 87550 avg_loss=3.352
[4728.1s] epoch 34 step 87600 avg_loss=3.351
[4730.7s] epoch 34 step 87650 avg_loss=3.357
[4733.5s] epoch 34 step 87700 avg_loss=3.355
[4736.0s] epoch 34 step 87750 avg_loss=3.373
[4738.6s] epoch 34 step 87800 avg_loss=3.375
[4741.1s] epoch 34 step 87850 avg_loss=3.386
[4743.6s] epoch 34 step 87900 avg_loss=3.397
[4746.5s] epoch 34 step 87950 avg_loss=3.404
[4749.2s] epoch 34 step 88000 avg_loss=3.410
[4751.7s] epoch 34 step 88050 avg_loss=3.409
[4754.6s] epoch 34 step 88100 avg_loss=3.411
[4758.0s] epoch 34 step 88150 avg_loss=3.427
[4761.0s] epoch 34 step 88200 avg_loss=3.431
[4764.1s] epoch 34 step 88250 avg_loss=3.448
[4766.6s] epoch 34 step 88300 avg_loss=3.464
[4769.0s] epoch 34 step 88350 avg_loss=3.469
[4770.2s] === epoch 34 done: avg_loss=3.467 (n=2525 derivations) ===
[4771.6s] epoch 35 step 88400 avg_loss=3.302
[4774.5s] epoch 35 step 88450 avg_loss=3.427
[4777.4s] epoch 35 step 88500 avg_loss=3.280
[4780.0s] epoch 35 step 88550 avg_loss=3.102
[4782.7s] epoch 35 step 88600 avg_loss=3.056
[4785.1s] epoch 35 step 88650 avg_loss=3.320
[4787.9s] epoch 35 step 88700 avg_loss=3.335
[4790.2s] epoch 35 step 88750 avg_loss=3.215
[4793.1s] epoch 35 step 88800 avg_loss=3.147
[4795.7s] epoch 35 step 88850 avg_loss=3.189
[4798.3s] epoch 35 step 88900 avg_loss=3.149
[4801.2s] epoch 35 step 88950 avg_loss=3.214
[4803.5s] epoch 35 step 89000 avg_loss=3.174
[4806.1s] epoch 35 step 89050 avg_loss=3.203
[4809.0s] epoch 35 step 89100 avg_loss=3.262
[4811.1s] epoch 35 step 89150 avg_loss=3.256
[4813.9s] epoch 35 step 89200 avg_loss=3.280
[4815.9s] epoch 35 step 89250 avg_loss=3.301
[4818.4s] epoch 35 step 89300 avg_loss=3.270
[4821.2s] epoch 35 step 89350 avg_loss=3.281
[4823.6s] epoch 35 step 89400 avg_loss=3.277
[4826.0s] epoch 35 step 89450 avg_loss=3.261
[4828.7s] epoch 35 step 89500 avg_loss=3.284
[4831.3s] epoch 35 step 89550 avg_loss=3.302
[4833.9s] epoch 35 step 89600 avg_loss=3.304
[4836.2s] epoch 35 step 89650 avg_loss=3.291
[4838.8s] epoch 35 step 89700 avg_loss=3.295
[4841.3s] epoch 35 step 89750 avg_loss=3.294
[4843.6s] epoch 35 step 89800 avg_loss=3.299
[4845.8s] epoch 35 step 89850 avg_loss=3.295
[4848.3s] epoch 35 step 89900 avg_loss=3.298
[4851.2s] epoch 35 step 89950 avg_loss=3.300
[4853.8s] epoch 35 step 90000 avg_loss=3.295
[4856.3s] epoch 35 step 90050 avg_loss=3.290
[4858.6s] epoch 35 step 90100 avg_loss=3.303
[4861.6s] epoch 35 step 90150 avg_loss=3.304
[4864.3s] epoch 35 step 90200 avg_loss=3.312
[4866.8s] epoch 35 step 90250 avg_loss=3.321
[4869.8s] epoch 35 step 90300 avg_loss=3.320
[4872.6s] epoch 35 step 90350 avg_loss=3.327
[4875.5s] epoch 35 step 90400 avg_loss=3.353
[4878.0s] epoch 35 step 90450 avg_loss=3.359
[4880.9s] epoch 35 step 90500 avg_loss=3.366
[4883.8s] epoch 35 step 90550 avg_loss=3.370
[4887.0s] epoch 35 step 90600 avg_loss=3.381
[4890.2s] epoch 35 step 90650 avg_loss=3.378
[4893.3s] epoch 35 step 90700 avg_loss=3.386
[4895.8s] epoch 35 step 90750 avg_loss=3.380
[4898.3s] epoch 35 step 90800 avg_loss=3.378
[4900.8s] epoch 35 step 90850 avg_loss=3.393
[4903.3s] epoch 35 step 90900 avg_loss=3.391
[4903.3s] === epoch 35 done: avg_loss=3.391 (n=2525 derivations) ===
[4905.9s] epoch 36 step 90950 avg_loss=3.182
[4908.8s] epoch 36 step 91000 avg_loss=2.999
[4911.9s] epoch 36 step 91050 avg_loss=3.068
[4914.5s] epoch 36 step 91100 avg_loss=3.112
[4917.1s] epoch 36 step 91150 avg_loss=3.077
[4919.9s] epoch 36 step 91200 avg_loss=3.153
[4922.5s] epoch 36 step 91250 avg_loss=3.186
[4925.0s] epoch 36 step 91300 avg_loss=3.161
[4927.6s] epoch 36 step 91350 avg_loss=3.158
[4930.1s] epoch 36 step 91400 avg_loss=3.160
[4932.9s] epoch 36 step 91450 avg_loss=3.131
[4935.2s] epoch 36 step 91500 avg_loss=3.140
[4937.8s] epoch 36 step 91550 avg_loss=3.180
[4939.9s] epoch 36 step 91600 avg_loss=3.157
[4942.6s] epoch 36 step 91650 avg_loss=3.180
[4945.3s] epoch 36 step 91700 avg_loss=3.202
[4947.8s] epoch 36 step 91750 avg_loss=3.204
[4950.7s] epoch 36 step 91800 avg_loss=3.211
[4953.5s] epoch 36 step 91850 avg_loss=3.197
[4955.9s] epoch 36 step 91900 avg_loss=3.162
[4958.4s] epoch 36 step 91950 avg_loss=3.162
[4961.0s] epoch 36 step 92000 avg_loss=3.227
[4963.9s] epoch 36 step 92050 avg_loss=3.227
[4966.5s] epoch 36 step 92100 avg_loss=3.207
[4969.2s] epoch 36 step 92150 avg_loss=3.193
[4971.7s] epoch 36 step 92200 avg_loss=3.218
[4974.4s] epoch 36 step 92250 avg_loss=3.235
[4976.7s] epoch 36 step 92300 avg_loss=3.257
[4979.0s] epoch 36 step 92350 avg_loss=3.269
[4981.6s] epoch 36 step 92400 avg_loss=3.261
[4984.7s] epoch 36 step 92450 avg_loss=3.270
[4987.7s] epoch 36 step 92500 avg_loss=3.287
[4990.8s] epoch 36 step 92550 avg_loss=3.303
[4993.9s] epoch 36 step 92600 avg_loss=3.301
[4996.6s] epoch 36 step 92650 avg_loss=3.300
[4999.5s] epoch 36 step 92700 avg_loss=3.343
[5001.9s] epoch 36 step 92750 avg_loss=3.332
[5004.7s] epoch 36 step 92800 avg_loss=3.339
[5007.3s] epoch 36 step 92850 avg_loss=3.334
[5009.7s] epoch 36 step 92900 avg_loss=3.340
[5012.1s] epoch 36 step 92950 avg_loss=3.349
[5014.8s] epoch 36 step 93000 avg_loss=3.345
[5017.3s] epoch 36 step 93050 avg_loss=3.354
[5019.6s] epoch 36 step 93100 avg_loss=3.373
[5022.6s] epoch 36 step 93150 avg_loss=3.387
[5025.1s] epoch 36 step 93200 avg_loss=3.394
[5027.5s] epoch 36 step 93250 avg_loss=3.384
[5030.2s] epoch 36 step 93300 avg_loss=3.391
[5032.7s] epoch 36 step 93350 avg_loss=3.411
[5035.2s] epoch 36 step 93400 avg_loss=3.395
[5036.4s] === epoch 36 done: avg_loss=3.389 (n=2525 derivations) ===
[5037.8s] epoch 37 step 93450 avg_loss=3.171
[5040.5s] epoch 37 step 93500 avg_loss=2.854
[5043.0s] epoch 37 step 93550 avg_loss=2.714
[5045.5s] epoch 37 step 93600 avg_loss=2.873
[5047.8s] epoch 37 step 93650 avg_loss=2.880
[5050.3s] epoch 37 step 93700 avg_loss=2.850
[5052.8s] epoch 37 step 93750 avg_loss=2.781
[5055.1s] epoch 37 step 93800 avg_loss=2.809
[5058.0s] epoch 37 step 93850 avg_loss=2.804
[5060.3s] epoch 37 step 93900 avg_loss=2.786
[5062.6s] epoch 37 step 93950 avg_loss=2.808
[5065.0s] epoch 37 step 94000 avg_loss=2.816
[5067.8s] epoch 37 step 94050 avg_loss=2.828
[5070.5s] epoch 37 step 94100 avg_loss=2.863
[5073.2s] epoch 37 step 94150 avg_loss=2.853
[5076.3s] epoch 37 step 94200 avg_loss=2.891
[5078.9s] epoch 37 step 94250 avg_loss=2.909
[5081.7s] epoch 37 step 94300 avg_loss=2.909
[5084.4s] epoch 37 step 94350 avg_loss=2.942
[5087.2s] epoch 37 step 94400 avg_loss=2.969
[5089.9s] epoch 37 step 94450 avg_loss=2.954
[5092.8s] epoch 37 step 94500 avg_loss=2.972
[5095.8s] epoch 37 step 94550 avg_loss=2.994
[5098.5s] epoch 37 step 94600 avg_loss=3.005
[5101.6s] epoch 37 step 94650 avg_loss=3.029
[5104.6s] epoch 37 step 94700 avg_loss=3.053
[5107.1s] epoch 37 step 94750 avg_loss=3.051
[5109.5s] epoch 37 step 94800 avg_loss=3.070
[5112.3s] epoch 37 step 94850 avg_loss=3.085
[5114.3s] epoch 37 step 94900 avg_loss=3.095
[5116.4s] epoch 37 step 94950 avg_loss=3.099
[5119.4s] epoch 37 step 95000 avg_loss=3.155
[5121.5s] epoch 37 step 95050 avg_loss=3.155
[5124.0s] epoch 37 step 95100 avg_loss=3.159
[5126.5s] epoch 37 step 95150 avg_loss=3.162
[5128.7s] epoch 37 step 95200 avg_loss=3.179
[5131.2s] epoch 37 step 95250 avg_loss=3.189
[5133.7s] epoch 37 step 95300 avg_loss=3.197
[5136.3s] epoch 37 step 95350 avg_loss=3.211
[5139.5s] epoch 37 step 95400 avg_loss=3.221
[5142.0s] epoch 37 step 95450 avg_loss=3.226
[5144.3s] epoch 37 step 95500 avg_loss=3.239
[5146.9s] epoch 37 step 95550 avg_loss=3.247
[5149.4s] epoch 37 step 95600 avg_loss=3.252
[5152.4s] epoch 37 step 95650 avg_loss=3.273
[5155.2s] epoch 37 step 95700 avg_loss=3.285
[5157.8s] epoch 37 step 95750 avg_loss=3.285
[5160.2s] epoch 37 step 95800 avg_loss=3.292
[5162.5s] epoch 37 step 95850 avg_loss=3.293
[5165.2s] epoch 37 step 95900 avg_loss=3.292
[5167.2s] epoch 37 step 95950 avg_loss=3.297
[5167.2s] === epoch 37 done: avg_loss=3.297 (n=2525 derivations) ===
[5169.4s] epoch 38 step 96000 avg_loss=2.450
[5171.7s] epoch 38 step 96050 avg_loss=2.483
[5174.4s] epoch 38 step 96100 avg_loss=2.830
[5177.0s] epoch 38 step 96150 avg_loss=2.799
[5179.9s] epoch 38 step 96200 avg_loss=2.864
[5182.3s] epoch 38 step 96250 avg_loss=2.818
[5185.1s] epoch 38 step 96300 avg_loss=2.800
[5187.6s] epoch 38 step 96350 avg_loss=2.794
[5189.9s] epoch 38 step 96400 avg_loss=2.780
[5192.5s] epoch 38 step 96450 avg_loss=2.812
[5194.8s] epoch 38 step 96500 avg_loss=2.789
[5197.4s] epoch 38 step 96550 avg_loss=2.784
[5200.2s] epoch 38 step 96600 avg_loss=2.853
[5202.9s] epoch 38 step 96650 avg_loss=2.844
[5205.3s] epoch 38 step 96700 avg_loss=2.863
[5207.8s] epoch 38 step 96750 avg_loss=2.919
[5210.1s] epoch 38 step 96800 avg_loss=2.896
[5212.5s] epoch 38 step 96850 avg_loss=2.925
[5215.3s] epoch 38 step 96900 avg_loss=2.963
[5217.9s] epoch 38 step 96950 avg_loss=2.961
[5220.5s] epoch 38 step 97000 avg_loss=2.974
[5223.1s] epoch 38 step 97050 avg_loss=2.965
[5225.8s] epoch 38 step 97100 avg_loss=2.953
[5228.1s] epoch 38 step 97150 avg_loss=2.959
[5230.2s] epoch 38 step 97200 avg_loss=2.955
[5233.1s] epoch 38 step 97250 avg_loss=2.995
[5235.8s] epoch 38 step 97300 avg_loss=3.013
[5238.3s] epoch 38 step 97350 avg_loss=3.016
[5240.9s] epoch 38 step 97400 avg_loss=3.033
[5243.4s] epoch 38 step 97450 avg_loss=3.041
[5246.0s] epoch 38 step 97500 avg_loss=3.049
[5249.2s] epoch 38 step 97550 avg_loss=3.089
[5252.0s] epoch 38 step 97600 avg_loss=3.090
[5254.4s] epoch 38 step 97650 avg_loss=3.080
[5257.4s] epoch 38 step 97700 avg_loss=3.092
[5259.8s] epoch 38 step 97750 avg_loss=3.112
[5262.3s] epoch 38 step 97800 avg_loss=3.121
[5264.7s] epoch 38 step 97850 avg_loss=3.131
[5267.4s] epoch 38 step 97900 avg_loss=3.136
[5269.6s] epoch 38 step 97950 avg_loss=3.143
[5272.7s] epoch 38 step 98000 avg_loss=3.154
[5275.5s] epoch 38 step 98050 avg_loss=3.176
[5278.1s] epoch 38 step 98100 avg_loss=3.206
[5280.7s] epoch 38 step 98150 avg_loss=3.208
[5283.7s] epoch 38 step 98200 avg_loss=3.213
[5286.5s] epoch 38 step 98250 avg_loss=3.229
[5288.9s] epoch 38 step 98300 avg_loss=3.242
[5291.3s] epoch 38 step 98350 avg_loss=3.256
[5294.2s] epoch 38 step 98400 avg_loss=3.261
[5297.1s] epoch 38 step 98450 avg_loss=3.269
[5298.7s] === epoch 38 done: avg_loss=3.276 (n=2525 derivations) ===
[5300.1s] epoch 39 step 98500 avg_loss=2.700
[5302.8s] epoch 39 step 98550 avg_loss=2.747
[5305.2s] epoch 39 step 98600 avg_loss=2.623
[5307.9s] epoch 39 step 98650 avg_loss=2.751
[5310.9s] epoch 39 step 98700 avg_loss=2.996
[5313.5s] epoch 39 step 98750 avg_loss=2.985
[5316.1s] epoch 39 step 98800 avg_loss=3.026
[5318.5s] epoch 39 step 98850 avg_loss=2.952
[5321.2s] epoch 39 step 98900 avg_loss=2.971
[5323.7s] epoch 39 step 98950 avg_loss=3.035
[5326.6s] epoch 39 step 99000 avg_loss=3.062
[5329.4s] epoch 39 step 99050 avg_loss=3.017
[5332.2s] epoch 39 step 99100 avg_loss=3.014
[5334.4s] epoch 39 step 99150 avg_loss=2.952
[5337.0s] epoch 39 step 99200 avg_loss=2.962
[5339.5s] epoch 39 step 99250 avg_loss=2.939
[5342.1s] epoch 39 step 99300 avg_loss=2.980
[5344.6s] epoch 39 step 99350 avg_loss=2.966
[5347.6s] epoch 39 step 99400 avg_loss=3.002
[5350.1s] epoch 39 step 99450 avg_loss=2.994
[5352.7s] epoch 39 step 99500 avg_loss=3.012
[5355.1s] epoch 39 step 99550 avg_loss=3.019
[5358.0s] epoch 39 step 99600 avg_loss=3.055
[5360.8s] epoch 39 step 99650 avg_loss=3.061
[5363.7s] epoch 39 step 99700 avg_loss=3.068
[5366.5s] epoch 39 step 99750 avg_loss=3.063
[5369.7s] epoch 39 step 99800 avg_loss=3.078
[5372.6s] epoch 39 step 99850 avg_loss=3.079
[5375.2s] epoch 39 step 99900 avg_loss=3.082
[5377.8s] epoch 39 step 99950 avg_loss=3.103
[5380.3s] epoch 39 step 100000 avg_loss=3.101
[5382.7s] epoch 39 step 100050 avg_loss=3.117
[5385.3s] epoch 39 step 100100 avg_loss=3.131
[5387.6s] epoch 39 step 100150 avg_loss=3.130
[5390.1s] epoch 39 step 100200 avg_loss=3.144
[5392.4s] epoch 39 step 100250 avg_loss=3.159
[5394.8s] epoch 39 step 100300 avg_loss=3.162
[5397.3s] epoch 39 step 100350 avg_loss=3.181
[5400.0s] epoch 39 step 100400 avg_loss=3.176
[5402.7s] epoch 39 step 100450 avg_loss=3.186
[5405.0s] epoch 39 step 100500 avg_loss=3.176
[5407.6s] epoch 39 step 100550 avg_loss=3.180
[5410.3s] epoch 39 step 100600 avg_loss=3.188
[5412.5s] epoch 39 step 100650 avg_loss=3.188
[5415.0s] epoch 39 step 100700 avg_loss=3.208
[5417.5s] epoch 39 step 100750 avg_loss=3.209
[5420.5s] epoch 39 step 100800 avg_loss=3.214
[5423.2s] epoch 39 step 100850 avg_loss=3.215
[5425.7s] epoch 39 step 100900 avg_loss=3.214
[5428.4s] epoch 39 step 100950 avg_loss=3.216
[5431.7s] epoch 39 step 101000 avg_loss=3.230
[5431.7s] === epoch 39 done: avg_loss=3.230 (n=2525 derivations) ===
[5434.6s] epoch 40 step 101050 avg_loss=2.873
[5437.5s] epoch 40 step 101100 avg_loss=2.826
[5440.2s] epoch 40 step 101150 avg_loss=2.873
[5442.7s] epoch 40 step 101200 avg_loss=2.789
[5444.9s] epoch 40 step 101250 avg_loss=2.695
[5447.7s] epoch 40 step 101300 avg_loss=2.702
[5450.6s] epoch 40 step 101350 avg_loss=2.685
[5453.9s] epoch 40 step 101400 avg_loss=2.734
[5456.7s] epoch 40 step 101450 avg_loss=2.764
[5459.4s] epoch 40 step 101500 avg_loss=2.786
[5462.5s] epoch 40 step 101550 avg_loss=2.793
[5465.7s] epoch 40 step 101600 avg_loss=2.863
[5468.6s] epoch 40 step 101650 avg_loss=2.903
[5472.0s] epoch 40 step 101700 avg_loss=2.897
[5475.1s] epoch 40 step 101750 avg_loss=2.923
[5477.8s] epoch 40 step 101800 avg_loss=2.926
[5480.7s] epoch 40 step 101850 avg_loss=2.914
[5483.7s] epoch 40 step 101900 avg_loss=2.943
[5486.6s] epoch 40 step 101950 avg_loss=2.953
[5489.4s] epoch 40 step 102000 avg_loss=2.961
[5492.4s] epoch 40 step 102050 avg_loss=2.986
[5495.5s] epoch 40 step 102100 avg_loss=3.022
[5498.1s] epoch 40 step 102150 avg_loss=3.007
[5500.6s] epoch 40 step 102200 avg_loss=2.995
[5503.1s] epoch 40 step 102250 avg_loss=3.003
[5505.8s] epoch 40 step 102300 avg_loss=2.996
[5508.6s] epoch 40 step 102350 avg_loss=2.999
[5511.2s] epoch 40 step 102400 avg_loss=2.995
[5514.5s] epoch 40 step 102450 avg_loss=3.019
[5517.9s] epoch 40 step 102500 avg_loss=3.046
[5520.7s] epoch 40 step 102550 avg_loss=3.045
[5523.3s] epoch 40 step 102600 avg_loss=3.052
[5526.4s] epoch 40 step 102650 avg_loss=3.055
[5529.0s] epoch 40 step 102700 avg_loss=3.062
[5531.6s] epoch 40 step 102750 avg_loss=3.073
[5534.3s] epoch 40 step 102800 avg_loss=3.095
[5537.2s] epoch 40 step 102850 avg_loss=3.102
[5539.8s] epoch 40 step 102900 avg_loss=3.115
[5542.5s] epoch 40 step 102950 avg_loss=3.123
[5545.2s] epoch 40 step 103000 avg_loss=3.113
[5547.7s] epoch 40 step 103050 avg_loss=3.123
[5550.0s] epoch 40 step 103100 avg_loss=3.130
[5552.5s] epoch 40 step 103150 avg_loss=3.139
[5555.4s] epoch 40 step 103200 avg_loss=3.141
[5558.2s] epoch 40 step 103250 avg_loss=3.152
[5560.9s] epoch 40 step 103300 avg_loss=3.158
[5564.0s] epoch 40 step 103350 avg_loss=3.157
[5566.7s] epoch 40 step 103400 avg_loss=3.157
[5569.3s] epoch 40 step 103450 avg_loss=3.165
[5571.8s] epoch 40 step 103500 avg_loss=3.166
[5573.3s] === epoch 40 done: avg_loss=3.175 (n=2525 derivations) ===
[5574.8s] epoch 41 step 103550 avg_loss=2.912
[5577.6s] epoch 41 step 103600 avg_loss=2.536
[5580.3s] epoch 41 step 103650 avg_loss=2.673
[5582.9s] epoch 41 step 103700 avg_loss=2.806
[5585.6s] epoch 41 step 103750 avg_loss=2.870
[5588.3s] epoch 41 step 103800 avg_loss=2.932
[5591.4s] epoch 41 step 103850 avg_loss=2.886
[5594.1s] epoch 41 step 103900 avg_loss=2.848
[5597.0s] epoch 41 step 103950 avg_loss=2.811
[5599.6s] epoch 41 step 104000 avg_loss=2.815
[5602.1s] epoch 41 step 104050 avg_loss=2.805
[5605.3s] epoch 41 step 104100 avg_loss=2.846
[5608.0s] epoch 41 step 104150 avg_loss=2.864
[5610.5s] epoch 41 step 104200 avg_loss=2.845
[5613.0s] epoch 41 step 104250 avg_loss=2.889
[5615.6s] epoch 41 step 104300 avg_loss=2.891
[5618.3s] epoch 41 step 104350 avg_loss=2.906
[5621.4s] epoch 41 step 104400 avg_loss=2.943
[5624.3s] epoch 41 step 104450 avg_loss=2.982
[5627.1s] epoch 41 step 104500 avg_loss=3.002
[5630.4s] epoch 41 step 104550 avg_loss=3.033
[5633.6s] epoch 41 step 104600 avg_loss=3.038
[5636.2s] epoch 41 step 104650 avg_loss=3.039
[5639.0s] epoch 41 step 104700 avg_loss=3.049
[5641.3s] epoch 41 step 104750 avg_loss=3.041
[5644.4s] epoch 41 step 104800 avg_loss=3.038
[5647.4s] epoch 41 step 104850 avg_loss=3.049
[5650.4s] epoch 41 step 104900 avg_loss=3.076
[5652.9s] epoch 41 step 104950 avg_loss=3.063
[5654.8s] epoch 41 step 105000 avg_loss=3.054
[5657.5s] epoch 41 step 105050 avg_loss=3.044
[5660.5s] epoch 41 step 105100 avg_loss=3.058
[5663.3s] epoch 41 step 105150 avg_loss=3.081
[5666.0s] epoch 41 step 105200 avg_loss=3.095
[5668.4s] epoch 41 step 105250 avg_loss=3.095
[5670.9s] epoch 41 step 105300 avg_loss=3.089
[5673.5s] epoch 41 step 105350 avg_loss=3.088
[5676.7s] epoch 41 step 105400 avg_loss=3.098
[5679.6s] epoch 41 step 105450 avg_loss=3.122
[5682.3s] epoch 41 step 105500 avg_loss=3.135
[5684.4s] epoch 41 step 105550 avg_loss=3.129
[5686.8s] epoch 41 step 105600 avg_loss=3.123
[5689.2s] epoch 41 step 105650 avg_loss=3.136
[5691.4s] epoch 41 step 105700 avg_loss=3.129
[5694.0s] epoch 41 step 105750 avg_loss=3.127
[5696.8s] epoch 41 step 105800 avg_loss=3.129
[5699.5s] epoch 41 step 105850 avg_loss=3.143
[5701.8s] epoch 41 step 105900 avg_loss=3.146
[5704.1s] epoch 41 step 105950 avg_loss=3.140
[5706.6s] epoch 41 step 106000 avg_loss=3.146
[5709.2s] epoch 41 step 106050 avg_loss=3.152
[5709.2s] === epoch 41 done: avg_loss=3.152 (n=2525 derivations) ===
[5712.1s] epoch 42 step 106100 avg_loss=3.024
[5714.7s] epoch 42 step 106150 avg_loss=2.679
[5717.4s] epoch 42 step 106200 avg_loss=2.717
[5720.1s] epoch 42 step 106250 avg_loss=2.656
[5722.7s] epoch 42 step 106300 avg_loss=2.578
[5725.2s] epoch 42 step 106350 avg_loss=2.617
[5728.1s] epoch 42 step 106400 avg_loss=2.724
[5730.7s] epoch 42 step 106450 avg_loss=2.766
[5733.0s] epoch 42 step 106500 avg_loss=2.841
[5735.4s] epoch 42 step 106550 avg_loss=2.853
[5737.8s] epoch 42 step 106600 avg_loss=2.843
[5740.4s] epoch 42 step 106650 avg_loss=2.815
[5743.1s] epoch 42 step 106700 avg_loss=2.824
[5745.8s] epoch 42 step 106750 avg_loss=2.860
[5748.5s] epoch 42 step 106800 avg_loss=2.893
[5751.1s] epoch 42 step 106850 avg_loss=2.878
[5754.3s] epoch 42 step 106900 avg_loss=2.905
[5756.8s] epoch 42 step 106950 avg_loss=2.906
[5759.6s] epoch 42 step 107000 avg_loss=2.900
[5762.1s] epoch 42 step 107050 avg_loss=2.917
[5765.0s] epoch 42 step 107100 avg_loss=2.938
[5768.1s] epoch 42 step 107150 avg_loss=2.968
[5770.8s] epoch 42 step 107200 avg_loss=3.015
[5773.7s] epoch 42 step 107250 avg_loss=3.004
[5776.2s] epoch 42 step 107300 avg_loss=3.015
[5779.3s] epoch 42 step 107350 avg_loss=3.024
[5782.3s] epoch 42 step 107400 avg_loss=3.017
[5785.1s] epoch 42 step 107450 avg_loss=3.049
[5788.2s] epoch 42 step 107500 avg_loss=3.045
[5791.3s] epoch 42 step 107550 avg_loss=3.044
[5794.2s] epoch 42 step 107600 avg_loss=3.049
[5797.2s] epoch 42 step 107650 avg_loss=3.072
[5799.7s] epoch 42 step 107700 avg_loss=3.080
[5802.0s] epoch 42 step 107750 avg_loss=3.093
[5804.4s] epoch 42 step 107800 avg_loss=3.106
[5807.0s] epoch 42 step 107850 avg_loss=3.113
[5809.8s] epoch 42 step 107900 avg_loss=3.115
[5812.3s] epoch 42 step 107950 avg_loss=3.111
[5815.4s] epoch 42 step 108000 avg_loss=3.130
[5818.0s] epoch 42 step 108050 avg_loss=3.123
[5820.6s] epoch 42 step 108100 avg_loss=3.124
[5823.1s] epoch 42 step 108150 avg_loss=3.141
[5826.0s] epoch 42 step 108200 avg_loss=3.141
[5828.3s] epoch 42 step 108250 avg_loss=3.124
[5830.9s] epoch 42 step 108300 avg_loss=3.125
[5832.9s] epoch 42 step 108350 avg_loss=3.120
[5835.1s] epoch 42 step 108400 avg_loss=3.109
[5837.7s] epoch 42 step 108450 avg_loss=3.112
[5840.2s] epoch 42 step 108500 avg_loss=3.118
[5842.7s] epoch 42 step 108550 avg_loss=3.116
[5844.0s] === epoch 42 done: avg_loss=3.122 (n=2525 derivations) ===
[5845.4s] epoch 43 step 108600 avg_loss=2.123
[5847.7s] epoch 43 step 108650 avg_loss=2.458
[5850.5s] epoch 43 step 108700 avg_loss=2.706
[5853.1s] epoch 43 step 108750 avg_loss=2.651
[5855.9s] epoch 43 step 108800 avg_loss=2.740
[5859.0s] epoch 43 step 108850 avg_loss=2.628
[5861.8s] epoch 43 step 108900 avg_loss=2.672
[5864.2s] epoch 43 step 108950 avg_loss=2.664
[5866.8s] epoch 43 step 109000 avg_loss=2.736
[5869.8s] epoch 43 step 109050 avg_loss=2.722
[5873.4s] epoch 43 step 109100 avg_loss=2.794
[5876.4s] epoch 43 step 109150 avg_loss=2.780
[5879.0s] epoch 43 step 109200 avg_loss=2.770
[5881.5s] epoch 43 step 109250 avg_loss=2.749
[5884.3s] epoch 43 step 109300 avg_loss=2.759
[5886.7s] epoch 43 step 109350 avg_loss=2.772
[5889.6s] epoch 43 step 109400 avg_loss=2.824
[5892.1s] epoch 43 step 109450 avg_loss=2.803
[5894.5s] epoch 43 step 109500 avg_loss=2.847
[5897.0s] epoch 43 step 109550 avg_loss=2.866
[5899.7s] epoch 43 step 109600 avg_loss=2.886
[5902.1s] epoch 43 step 109650 avg_loss=2.888
[5904.7s] epoch 43 step 109700 avg_loss=2.901
[5906.9s] epoch 43 step 109750 avg_loss=2.879
[5909.3s] epoch 43 step 109800 avg_loss=2.907
[5911.8s] epoch 43 step 109850 avg_loss=2.940
[5914.1s] epoch 43 step 109900 avg_loss=2.933
[5916.7s] epoch 43 step 109950 avg_loss=2.952
[5919.3s] epoch 43 step 110000 avg_loss=2.970
[5921.7s] epoch 43 step 110050 avg_loss=2.970
[5924.0s] epoch 43 step 110100 avg_loss=2.974
[5926.5s] epoch 43 step 110150 avg_loss=2.977
[5929.3s] epoch 43 step 110200 avg_loss=3.003
[5932.1s] epoch 43 step 110250 avg_loss=3.013
[5935.3s] epoch 43 step 110300 avg_loss=3.011
[5938.8s] epoch 43 step 110350 avg_loss=3.019
[5941.7s] epoch 43 step 110400 avg_loss=3.028
[5944.4s] epoch 43 step 110450 avg_loss=3.027
[5947.1s] epoch 43 step 110500 avg_loss=3.026
[5950.1s] epoch 43 step 110550 avg_loss=3.048
[5952.9s] epoch 43 step 110600 avg_loss=3.045
[5956.1s] epoch 43 step 110650 avg_loss=3.053
[5959.1s] epoch 43 step 110700 avg_loss=3.053
[5961.8s] epoch 43 step 110750 avg_loss=3.050
[5964.6s] epoch 43 step 110800 avg_loss=3.051
[5967.2s] epoch 43 step 110850 avg_loss=3.057
[5970.1s] epoch 43 step 110900 avg_loss=3.061
[5973.0s] epoch 43 step 110950 avg_loss=3.067
[5976.0s] epoch 43 step 111000 avg_loss=3.085
[5978.6s] epoch 43 step 111050 avg_loss=3.089
[5981.6s] epoch 43 step 111100 avg_loss=3.099
[5981.7s] === epoch 43 done: avg_loss=3.099 (n=2525 derivations) ===
[5984.6s] epoch 44 step 111150 avg_loss=2.705
[5987.4s] epoch 44 step 111200 avg_loss=2.653
[5989.9s] epoch 44 step 111250 avg_loss=2.594
[5992.9s] epoch 44 step 111300 avg_loss=2.510
[5995.6s] epoch 44 step 111350 avg_loss=2.515
[5998.2s] epoch 44 step 111400 avg_loss=2.529
[6001.1s] epoch 44 step 111450 avg_loss=2.557
[6004.1s] epoch 44 step 111500 avg_loss=2.592
[6006.8s] epoch 44 step 111550 avg_loss=2.707
[6009.4s] epoch 44 step 111600 avg_loss=2.684
[6011.8s] epoch 44 step 111650 avg_loss=2.721
[6014.9s] epoch 44 step 111700 avg_loss=2.714
[6017.8s] epoch 44 step 111750 avg_loss=2.708
[6020.5s] epoch 44 step 111800 avg_loss=2.703
[6022.9s] epoch 44 step 111850 avg_loss=2.695
[6025.8s] epoch 44 step 111900 avg_loss=2.686
[6028.5s] epoch 44 step 111950 avg_loss=2.718
[6031.0s] epoch 44 step 112000 avg_loss=2.716
[6033.7s] epoch 44 step 112050 avg_loss=2.719
[6036.5s] epoch 44 step 112100 avg_loss=2.731
[6039.4s] epoch 44 step 112150 avg_loss=2.724
[6042.2s] epoch 44 step 112200 avg_loss=2.730
[6045.0s] epoch 44 step 112250 avg_loss=2.763
[6047.6s] epoch 44 step 112300 avg_loss=2.773
[6050.0s] epoch 44 step 112350 avg_loss=2.801
[6052.4s] epoch 44 step 112400 avg_loss=2.810
[6054.6s] epoch 44 step 112450 avg_loss=2.833
[6057.2s] epoch 44 step 112500 avg_loss=2.864
[6060.0s] epoch 44 step 112550 avg_loss=2.891
[6062.7s] epoch 44 step 112600 avg_loss=2.889
[6065.2s] epoch 44 step 112650 avg_loss=2.904
[6067.9s] epoch 44 step 112700 avg_loss=2.921
[6070.9s] epoch 44 step 112750 avg_loss=2.935
[6074.0s] epoch 44 step 112800 avg_loss=2.939
[6077.0s] epoch 44 step 112850 avg_loss=2.959
[6079.9s] epoch 44 step 112900 avg_loss=2.948
[6082.5s] epoch 44 step 112950 avg_loss=2.951
[6085.5s] epoch 44 step 113000 avg_loss=2.955
[6088.2s] epoch 44 step 113050 avg_loss=2.971
[6091.1s] epoch 44 step 113100 avg_loss=2.975
[6093.9s] epoch 44 step 113150 avg_loss=2.982
[6096.8s] epoch 44 step 113200 avg_loss=2.988
[6099.9s] epoch 44 step 113250 avg_loss=2.992
[6102.5s] epoch 44 step 113300 avg_loss=2.989
[6105.4s] epoch 44 step 113350 avg_loss=2.993
[6107.9s] epoch 44 step 113400 avg_loss=3.010
[6110.3s] epoch 44 step 113450 avg_loss=3.015
[6112.9s] epoch 44 step 113500 avg_loss=3.043
[6115.3s] epoch 44 step 113550 avg_loss=3.063
[6117.9s] epoch 44 step 113600 avg_loss=3.064
[6119.2s] === epoch 44 done: avg_loss=3.060 (n=2525 derivations) ===
[6120.5s] epoch 45 step 113650 avg_loss=2.419
[6123.4s] epoch 45 step 113700 avg_loss=2.708
[6126.0s] epoch 45 step 113750 avg_loss=2.523
[6128.4s] epoch 45 step 113800 avg_loss=2.493
[6130.7s] epoch 45 step 113850 avg_loss=2.584
[6133.6s] epoch 45 step 113900 avg_loss=2.563
[6136.1s] epoch 45 step 113950 avg_loss=2.631
[6138.4s] epoch 45 step 114000 avg_loss=2.674
[6140.9s] epoch 45 step 114050 avg_loss=2.670
[6143.7s] epoch 45 step 114100 avg_loss=2.727
[6146.7s] epoch 45 step 114150 avg_loss=2.725
[6149.4s] epoch 45 step 114200 avg_loss=2.730
[6152.2s] epoch 45 step 114250 avg_loss=2.720
[6154.8s] epoch 45 step 114300 avg_loss=2.802
[6157.6s] epoch 45 step 114350 avg_loss=2.811
[6160.0s] epoch 45 step 114400 avg_loss=2.797
[6162.6s] epoch 45 step 114450 avg_loss=2.782
[6164.8s] epoch 45 step 114500 avg_loss=2.755
[6167.3s] epoch 45 step 114550 avg_loss=2.766
[6170.0s] epoch 45 step 114600 avg_loss=2.800
[6172.4s] epoch 45 step 114650 avg_loss=2.805
[6174.8s] epoch 45 step 114700 avg_loss=2.825
[6177.2s] epoch 45 step 114750 avg_loss=2.818
[6179.9s] epoch 45 step 114800 avg_loss=2.839
[6182.1s] epoch 45 step 114850 avg_loss=2.825
[6184.7s] epoch 45 step 114900 avg_loss=2.812
[6187.6s] epoch 45 step 114950 avg_loss=2.848
[6189.5s] epoch 45 step 115000 avg_loss=2.835
[6192.0s] epoch 45 step 115050 avg_loss=2.844
[6194.3s] epoch 45 step 115100 avg_loss=2.842
[6197.2s] epoch 45 step 115150 avg_loss=2.842
[6200.0s] epoch 45 step 115200 avg_loss=2.846
[6202.6s] epoch 45 step 115250 avg_loss=2.845
[6205.7s] epoch 45 step 115300 avg_loss=2.867
[6208.5s] epoch 45 step 115350 avg_loss=2.881
[6211.1s] epoch 45 step 115400 avg_loss=2.887
[6214.0s] epoch 45 step 115450 avg_loss=2.905
[6216.9s] epoch 45 step 115500 avg_loss=2.900
[6219.9s] epoch 45 step 115550 avg_loss=2.902
[6222.4s] epoch 45 step 115600 avg_loss=2.924
[6225.1s] epoch 45 step 115650 avg_loss=2.927
[6227.5s] epoch 45 step 115700 avg_loss=2.916
[6231.0s] epoch 45 step 115750 avg_loss=2.930
[6233.9s] epoch 45 step 115800 avg_loss=2.949
[6236.8s] epoch 45 step 115850 avg_loss=2.955
[6239.2s] epoch 45 step 115900 avg_loss=2.965
[6242.0s] epoch 45 step 115950 avg_loss=2.976
[6244.4s] epoch 45 step 116000 avg_loss=2.989
[6246.9s] epoch 45 step 116050 avg_loss=3.011
[6249.4s] epoch 45 step 116100 avg_loss=3.029
[6252.4s] epoch 45 step 116150 avg_loss=3.039
[6252.4s] === epoch 45 done: avg_loss=3.039 (n=2525 derivations) ===
[6255.4s] epoch 46 step 116200 avg_loss=2.549
[6258.3s] epoch 46 step 116250 avg_loss=2.626
[6261.1s] epoch 46 step 116300 avg_loss=2.550
[6263.8s] epoch 46 step 116350 avg_loss=2.583
[6266.3s] epoch 46 step 116400 avg_loss=2.591
[6269.2s] epoch 46 step 116450 avg_loss=2.690
[6271.9s] epoch 46 step 116500 avg_loss=2.642
[6274.9s] epoch 46 step 116550 avg_loss=2.674
[6277.4s] epoch 46 step 116600 avg_loss=2.657
[6280.3s] epoch 46 step 116650 avg_loss=2.691
[6283.3s] epoch 46 step 116700 avg_loss=2.698
[6286.1s] epoch 46 step 116750 avg_loss=2.682
[6289.1s] epoch 46 step 116800 avg_loss=2.741
[6292.0s] epoch 46 step 116850 avg_loss=2.789
[6294.4s] epoch 46 step 116900 avg_loss=2.815
[6297.1s] epoch 46 step 116950 avg_loss=2.818
[6300.0s] epoch 46 step 117000 avg_loss=2.823
[6303.3s] epoch 46 step 117050 avg_loss=2.816
[6306.2s] epoch 46 step 117100 avg_loss=2.810
[6308.9s] epoch 46 step 117150 avg_loss=2.789
[6311.8s] epoch 46 step 117200 avg_loss=2.807
[6314.3s] epoch 46 step 117250 avg_loss=2.799
[6317.1s] epoch 46 step 117300 avg_loss=2.803
[6320.1s] epoch 46 step 117350 avg_loss=2.808
[6323.2s] epoch 46 step 117400 avg_loss=2.804
[6326.2s] epoch 46 step 117450 avg_loss=2.813
[6328.7s] epoch 46 step 117500 avg_loss=2.811
[6331.6s] epoch 46 step 117550 avg_loss=2.812
[6334.2s] epoch 46 step 117600 avg_loss=2.837
[6337.2s] epoch 46 step 117650 avg_loss=2.863
[6339.7s] epoch 46 step 117700 avg_loss=2.867
[6342.2s] epoch 46 step 117750 avg_loss=2.867
[6344.7s] epoch 46 step 117800 avg_loss=2.851
[6347.6s] epoch 46 step 117850 avg_loss=2.855
[6350.0s] epoch 46 step 117900 avg_loss=2.865
[6352.8s] epoch 46 step 117950 avg_loss=2.883
[6355.3s] epoch 46 step 118000 avg_loss=2.887
[6357.8s] epoch 46 step 118050 avg_loss=2.886
[6360.6s] epoch 46 step 118100 avg_loss=2.897
[6363.3s] epoch 46 step 118150 avg_loss=2.916
[6366.4s] epoch 46 step 118200 avg_loss=2.924
[6368.9s] epoch 46 step 118250 avg_loss=2.931
[6371.6s] epoch 46 step 118300 avg_loss=2.934
[6374.2s] epoch 46 step 118350 avg_loss=2.953
[6377.1s] epoch 46 step 118400 avg_loss=2.967
[6379.6s] epoch 46 step 118450 avg_loss=2.978
[6382.1s] epoch 46 step 118500 avg_loss=2.984
[6384.3s] epoch 46 step 118550 avg_loss=2.981
[6387.3s] epoch 46 step 118600 avg_loss=2.981
[6389.6s] epoch 46 step 118650 avg_loss=2.988
[6391.0s] === epoch 46 done: avg_loss=2.997 (n=2525 derivations) ===
[6392.3s] epoch 47 step 118700 avg_loss=2.549
[6394.7s] epoch 47 step 118750 avg_loss=2.516
[6397.0s] epoch 47 step 118800 avg_loss=2.369
[6399.7s] epoch 47 step 118850 avg_loss=2.509
[6402.4s] epoch 47 step 118900 avg_loss=2.643
[6404.9s] epoch 47 step 118950 avg_loss=2.668
[6407.3s] epoch 47 step 119000 avg_loss=2.626
[6409.7s] epoch 47 step 119050 avg_loss=2.603
[6412.1s] epoch 47 step 119100 avg_loss=2.578
[6414.8s] epoch 47 step 119150 avg_loss=2.604
[6417.6s] epoch 47 step 119200 avg_loss=2.623
[6420.2s] epoch 47 step 119250 avg_loss=2.610
[6422.9s] epoch 47 step 119300 avg_loss=2.632
[6426.1s] epoch 47 step 119350 avg_loss=2.646
[6428.8s] epoch 47 step 119400 avg_loss=2.643
[6431.3s] epoch 47 step 119450 avg_loss=2.645
[6434.0s] epoch 47 step 119500 avg_loss=2.650
[6436.6s] epoch 47 step 119550 avg_loss=2.659
[6439.6s] epoch 47 step 119600 avg_loss=2.681
[6442.3s] epoch 47 step 119650 avg_loss=2.676
[6444.5s] epoch 47 step 119700 avg_loss=2.643
[6447.1s] epoch 47 step 119750 avg_loss=2.663
[6449.6s] epoch 47 step 119800 avg_loss=2.700
[6452.3s] epoch 47 step 119850 avg_loss=2.689
[6454.5s] epoch 47 step 119900 avg_loss=2.695
[6457.1s] epoch 47 step 119950 avg_loss=2.690
[6459.8s] epoch 47 step 120000 avg_loss=2.709
[6462.3s] epoch 47 step 120050 avg_loss=2.729
[6464.6s] epoch 47 step 120100 avg_loss=2.755
[6467.3s] epoch 47 step 120150 avg_loss=2.775
[6470.2s] epoch 47 step 120200 avg_loss=2.793
[6472.9s] epoch 47 step 120250 avg_loss=2.807
[6475.5s] epoch 47 step 120300 avg_loss=2.808
[6478.5s] epoch 47 step 120350 avg_loss=2.842
[6481.3s] epoch 47 step 120400 avg_loss=2.844
[6483.9s] epoch 47 step 120450 avg_loss=2.860
[6486.5s] epoch 47 step 120500 avg_loss=2.863
[6489.4s] epoch 47 step 120550 avg_loss=2.866
[6492.0s] epoch 47 step 120600 avg_loss=2.876
[6495.1s] epoch 47 step 120650 avg_loss=2.893
[6498.1s] epoch 47 step 120700 avg_loss=2.899
[6500.9s] epoch 47 step 120750 avg_loss=2.911
[6503.3s] epoch 47 step 120800 avg_loss=2.929
[6505.7s] epoch 47 step 120850 avg_loss=2.928
[6508.5s] epoch 47 step 120900 avg_loss=2.946
[6511.2s] epoch 47 step 120950 avg_loss=2.958
[6513.5s] epoch 47 step 121000 avg_loss=2.968
[6516.3s] epoch 47 step 121050 avg_loss=2.974
[6518.8s] epoch 47 step 121100 avg_loss=2.975
[6521.1s] epoch 47 step 121150 avg_loss=2.972
[6523.4s] epoch 47 step 121200 avg_loss=2.964
[6523.4s] === epoch 47 done: avg_loss=2.964 (n=2525 derivations) ===
[6526.3s] epoch 48 step 121250 avg_loss=2.595
[6528.8s] epoch 48 step 121300 avg_loss=2.528
[6531.0s] epoch 48 step 121350 avg_loss=2.434
[6533.6s] epoch 48 step 121400 avg_loss=2.446
[6536.2s] epoch 48 step 121450 avg_loss=2.469
[6538.5s] epoch 48 step 121500 avg_loss=2.544
[6541.3s] epoch 48 step 121550 avg_loss=2.561
[6543.9s] epoch 48 step 121600 avg_loss=2.641
[6546.9s] epoch 48 step 121650 avg_loss=2.653
[6550.0s] epoch 48 step 121700 avg_loss=2.686
[6552.2s] epoch 48 step 121750 avg_loss=2.714
[6554.6s] epoch 48 step 121800 avg_loss=2.731
[6557.7s] epoch 48 step 121850 avg_loss=2.762
[6560.5s] epoch 48 step 121900 avg_loss=2.753
[6563.3s] epoch 48 step 121950 avg_loss=2.759
[6566.4s] epoch 48 step 122000 avg_loss=2.778
[6569.3s] epoch 48 step 122050 avg_loss=2.752
[6571.9s] epoch 48 step 122100 avg_loss=2.738
[6574.7s] epoch 48 step 122150 avg_loss=2.744
[6577.4s] epoch 48 step 122200 avg_loss=2.734
[6580.0s] epoch 48 step 122250 avg_loss=2.754
[6582.3s] epoch 48 step 122300 avg_loss=2.769
[6585.1s] epoch 48 step 122350 avg_loss=2.787
[6587.5s] epoch 48 step 122400 avg_loss=2.779
[6590.1s] epoch 48 step 122450 avg_loss=2.812
[6592.7s] epoch 48 step 122500 avg_loss=2.822
[6595.2s] epoch 48 step 122550 avg_loss=2.831
[6597.8s] epoch 48 step 122600 avg_loss=2.840
[6600.6s] epoch 48 step 122650 avg_loss=2.835
[6603.3s] epoch 48 step 122700 avg_loss=2.827
[6606.0s] epoch 48 step 122750 avg_loss=2.831
[6608.4s] epoch 48 step 122800 avg_loss=2.838
[6610.6s] epoch 48 step 122850 avg_loss=2.843
[6613.2s] epoch 48 step 122900 avg_loss=2.848
[6615.6s] epoch 48 step 122950 avg_loss=2.842
[6618.0s] epoch 48 step 123000 avg_loss=2.847
[6620.6s] epoch 48 step 123050 avg_loss=2.838
[6623.3s] epoch 48 step 123100 avg_loss=2.838
[6625.8s] epoch 48 step 123150 avg_loss=2.855
[6628.5s] epoch 48 step 123200 avg_loss=2.872
[6631.2s] epoch 48 step 123250 avg_loss=2.872
[6633.9s] epoch 48 step 123300 avg_loss=2.885
[6636.4s] epoch 48 step 123350 avg_loss=2.894
[6639.3s] epoch 48 step 123400 avg_loss=2.919
[6642.2s] epoch 48 step 123450 avg_loss=2.916
[6645.2s] epoch 48 step 123500 avg_loss=2.919
[6647.8s] epoch 48 step 123550 avg_loss=2.928
[6649.9s] epoch 48 step 123600 avg_loss=2.927
[6652.3s] epoch 48 step 123650 avg_loss=2.927
[6654.5s] epoch 48 step 123700 avg_loss=2.933
[6655.8s] === epoch 48 done: avg_loss=2.944 (n=2525 derivations) ===
[6657.0s] epoch 49 step 123750 avg_loss=2.221
[6659.5s] epoch 49 step 123800 avg_loss=2.252
[6662.2s] epoch 49 step 123850 avg_loss=2.434
[6664.7s] epoch 49 step 123900 avg_loss=2.553
[6667.4s] epoch 49 step 123950 avg_loss=2.527
[6669.9s] epoch 49 step 124000 avg_loss=2.501
[6672.3s] epoch 49 step 124050 avg_loss=2.465
[6674.9s] epoch 49 step 124100 avg_loss=2.447
[6677.6s] epoch 49 step 124150 avg_loss=2.506
[6680.2s] epoch 49 step 124200 avg_loss=2.548
[6683.3s] epoch 49 step 124250 avg_loss=2.572
[6686.1s] epoch 49 step 124300 avg_loss=2.572
[6688.7s] epoch 49 step 124350 avg_loss=2.585
[6691.2s] epoch 49 step 124400 avg_loss=2.614
[6693.9s] epoch 49 step 124450 avg_loss=2.605
[6696.3s] epoch 49 step 124500 avg_loss=2.620
[6698.7s] epoch 49 step 124550 avg_loss=2.628
[6701.3s] epoch 49 step 124600 avg_loss=2.620
[6704.0s] epoch 49 step 124650 avg_loss=2.642
[6706.5s] epoch 49 step 124700 avg_loss=2.646
[6709.3s] epoch 49 step 124750 avg_loss=2.669
[6711.8s] epoch 49 step 124800 avg_loss=2.665
[6714.3s] epoch 49 step 124850 avg_loss=2.678
[6716.8s] epoch 49 step 124900 avg_loss=2.706
[6719.6s] epoch 49 step 124950 avg_loss=2.713
[6722.4s] epoch 49 step 125000 avg_loss=2.701
[6725.1s] epoch 49 step 125050 avg_loss=2.734
[6727.4s] epoch 49 step 125100 avg_loss=2.754
[6730.4s] epoch 49 step 125150 avg_loss=2.748
[6733.0s] epoch 49 step 125200 avg_loss=2.760
[6735.3s] epoch 49 step 125250 avg_loss=2.756
[6737.8s] epoch 49 step 125300 avg_loss=2.763
[6740.3s] epoch 49 step 125350 avg_loss=2.779
[6742.8s] epoch 49 step 125400 avg_loss=2.804
[6745.3s] epoch 49 step 125450 avg_loss=2.805
[6747.9s] epoch 49 step 125500 avg_loss=2.819
[6750.3s] epoch 49 step 125550 avg_loss=2.824
[6753.1s] epoch 49 step 125600 avg_loss=2.851
[6756.1s] epoch 49 step 125650 avg_loss=2.865
[6758.5s] epoch 49 step 125700 avg_loss=2.874
[6761.1s] epoch 49 step 125750 avg_loss=2.882
[6763.6s] epoch 49 step 125800 avg_loss=2.888
[6766.2s] epoch 49 step 125850 avg_loss=2.885
[6768.7s] epoch 49 step 125900 avg_loss=2.880
[6771.4s] epoch 49 step 125950 avg_loss=2.899
[6773.7s] epoch 49 step 126000 avg_loss=2.898
[6776.5s] epoch 49 step 126050 avg_loss=2.909
[6779.1s] epoch 49 step 126100 avg_loss=2.906
[6782.0s] epoch 49 step 126150 avg_loss=2.914
[6784.8s] epoch 49 step 126200 avg_loss=2.917
[6787.6s] epoch 49 step 126250 avg_loss=2.918
[6787.6s] === epoch 49 done: avg_loss=2.918 (n=2525 derivations) ===
[6791.4s] epoch 50 step 126300 avg_loss=2.622
[6794.5s] epoch 50 step 126350 avg_loss=2.528
[6797.4s] epoch 50 step 126400 avg_loss=2.522
[6800.6s] epoch 50 step 126450 avg_loss=2.610
[6803.6s] epoch 50 step 126500 avg_loss=2.711
[6806.2s] epoch 50 step 126550 avg_loss=2.726
[6809.2s] epoch 50 step 126600 avg_loss=2.722
[6811.8s] epoch 50 step 126650 avg_loss=2.680
[6815.0s] epoch 50 step 126700 avg_loss=2.675
[6818.1s] epoch 50 step 126750 avg_loss=2.677
[6820.7s] epoch 50 step 126800 avg_loss=2.683
[6823.1s] epoch 50 step 126850 avg_loss=2.639
[6825.6s] epoch 50 step 126900 avg_loss=2.665
[6827.8s] epoch 50 step 126950 avg_loss=2.645
[6830.4s] epoch 50 step 127000 avg_loss=2.665
[6833.4s] epoch 50 step 127050 avg_loss=2.682
[6836.1s] epoch 50 step 127100 avg_loss=2.670
[6838.3s] epoch 50 step 127150 avg_loss=2.675
[6840.8s] epoch 50 step 127200 avg_loss=2.689
[6843.3s] epoch 50 step 127250 avg_loss=2.707
[6846.0s] epoch 50 step 127300 avg_loss=2.716
[6848.7s] epoch 50 step 127350 avg_loss=2.721
[6851.3s] epoch 50 step 127400 avg_loss=2.721
[6853.6s] epoch 50 step 127450 avg_loss=2.744
[6856.2s] epoch 50 step 127500 avg_loss=2.753
[6858.6s] epoch 50 step 127550 avg_loss=2.772
[6860.7s] epoch 50 step 127600 avg_loss=2.764
[6863.3s] epoch 50 step 127650 avg_loss=2.783
[6866.0s] epoch 50 step 127700 avg_loss=2.786
[6868.9s] epoch 50 step 127750 avg_loss=2.782
[6872.1s] epoch 50 step 127800 avg_loss=2.786
[6875.0s] epoch 50 step 127850 avg_loss=2.785
[6877.7s] epoch 50 step 127900 avg_loss=2.798
[6881.1s] epoch 50 step 127950 avg_loss=2.800
[6883.9s] epoch 50 step 128000 avg_loss=2.822
[6886.8s] epoch 50 step 128050 avg_loss=2.816
[6889.8s] epoch 50 step 128100 avg_loss=2.820
[6892.4s] epoch 50 step 128150 avg_loss=2.827
[6895.0s] epoch 50 step 128200 avg_loss=2.847
[6897.7s] epoch 50 step 128250 avg_loss=2.862
[6901.1s] epoch 50 step 128300 avg_loss=2.875
[6904.0s] epoch 50 step 128350 avg_loss=2.897
[6906.3s] epoch 50 step 128400 avg_loss=2.891
[6908.9s] epoch 50 step 128450 avg_loss=2.901
[6911.0s] epoch 50 step 128500 avg_loss=2.890
[6913.5s] epoch 50 step 128550 avg_loss=2.888
[6916.1s] epoch 50 step 128600 avg_loss=2.903
[6918.5s] epoch 50 step 128650 avg_loss=2.904
[6921.0s] epoch 50 step 128700 avg_loss=2.902
[6923.6s] epoch 50 step 128750 avg_loss=2.906
[6924.9s] === epoch 50 done: avg_loss=2.908 (n=2525 derivations) ===
[6925.9s] epoch 51 step 128800 avg_loss=1.937
[6928.6s] epoch 51 step 128850 avg_loss=2.220
[6931.2s] epoch 51 step 128900 avg_loss=2.429
[6933.8s] epoch 51 step 128950 avg_loss=2.537
[6936.6s] epoch 51 step 129000 avg_loss=2.623
[6939.4s] epoch 51 step 129050 avg_loss=2.700
[6941.6s] epoch 51 step 129100 avg_loss=2.638
[6944.0s] epoch 51 step 129150 avg_loss=2.599
[6946.2s] epoch 51 step 129200 avg_loss=2.624
[6948.8s] epoch 51 step 129250 avg_loss=2.595
[6951.5s] epoch 51 step 129300 avg_loss=2.577
[6954.2s] epoch 51 step 129350 avg_loss=2.617
[6956.9s] epoch 51 step 129400 avg_loss=2.591
[6959.2s] epoch 51 step 129450 avg_loss=2.583
[6962.1s] epoch 51 step 129500 avg_loss=2.566
[6964.9s] epoch 51 step 129550 avg_loss=2.570
[6967.7s] epoch 51 step 129600 avg_loss=2.600
[6970.2s] epoch 51 step 129650 avg_loss=2.609
[6972.7s] epoch 51 step 129700 avg_loss=2.630
[6975.6s] epoch 51 step 129750 avg_loss=2.668
[6978.2s] epoch 51 step 129800 avg_loss=2.655
[6980.8s] epoch 51 step 129850 avg_loss=2.670
[6983.7s] epoch 51 step 129900 avg_loss=2.681
[6986.6s] epoch 51 step 129950 avg_loss=2.676
[6989.6s] epoch 51 step 130000 avg_loss=2.681
[6992.8s] epoch 51 step 130050 avg_loss=2.690
[6996.0s] epoch 51 step 130100 avg_loss=2.693
[6998.8s] epoch 51 step 130150 avg_loss=2.718
[7001.5s] epoch 51 step 130200 avg_loss=2.744
[7004.2s] epoch 51 step 130250 avg_loss=2.755
[7007.0s] epoch 51 step 130300 avg_loss=2.758
[7009.6s] epoch 51 step 130350 avg_loss=2.771
[7011.9s] epoch 51 step 130400 avg_loss=2.777
[7014.3s] epoch 51 step 130450 avg_loss=2.777
[7016.9s] epoch 51 step 130500 avg_loss=2.767
[7019.8s] epoch 51 step 130550 avg_loss=2.778
[7022.5s] epoch 51 step 130600 avg_loss=2.792
[7024.9s] epoch 51 step 130650 avg_loss=2.792
[7027.3s] epoch 51 step 130700 avg_loss=2.796
[7030.1s] epoch 51 step 130750 avg_loss=2.800
[7032.7s] epoch 51 step 130800 avg_loss=2.802
[7035.5s] epoch 51 step 130850 avg_loss=2.813
[7038.0s] epoch 51 step 130900 avg_loss=2.812
[7040.2s] epoch 51 step 130950 avg_loss=2.809
[7042.8s] epoch 51 step 131000 avg_loss=2.818
[7045.9s] epoch 51 step 131050 avg_loss=2.843
[7048.5s] epoch 51 step 131100 avg_loss=2.842
[7051.4s] epoch 51 step 131150 avg_loss=2.853
[7054.4s] epoch 51 step 131200 avg_loss=2.871
[7056.6s] epoch 51 step 131250 avg_loss=2.872
[7059.1s] epoch 51 step 131300 avg_loss=2.881
[7059.1s] === epoch 51 done: avg_loss=2.881 (n=2525 derivations) ===
[7061.1s] epoch 52 step 131350 avg_loss=2.661
[7063.7s] epoch 52 step 131400 avg_loss=2.485
[7066.2s] epoch 52 step 131450 avg_loss=2.277
[7069.1s] epoch 52 step 131500 avg_loss=2.336
[7071.6s] epoch 52 step 131550 avg_loss=2.535
[7074.4s] epoch 52 step 131600 avg_loss=2.527
[7077.2s] epoch 52 step 131650 avg_loss=2.513
[7079.6s] epoch 52 step 131700 avg_loss=2.438
[7082.3s] epoch 52 step 131750 avg_loss=2.431
[7084.8s] epoch 52 step 131800 avg_loss=2.441
[7087.3s] epoch 52 step 131850 avg_loss=2.483
[7089.9s] epoch 52 step 131900 avg_loss=2.481
[7092.8s] epoch 52 step 131950 avg_loss=2.503
[7095.5s] epoch 52 step 132000 avg_loss=2.495
[7098.0s] epoch 52 step 132050 avg_loss=2.563
[7100.8s] epoch 52 step 132100 avg_loss=2.577
[7103.3s] epoch 52 step 132150 avg_loss=2.590
[7105.8s] epoch 52 step 132200 avg_loss=2.606
[7108.3s] epoch 52 step 132250 avg_loss=2.585
[7110.8s] epoch 52 step 132300 avg_loss=2.591
[7113.5s] epoch 52 step 132350 avg_loss=2.607
[7115.8s] epoch 52 step 132400 avg_loss=2.602
[7118.6s] epoch 52 step 132450 avg_loss=2.620
[7120.6s] epoch 52 step 132500 avg_loss=2.610
[7122.8s] epoch 52 step 132550 avg_loss=2.634
[7125.6s] epoch 52 step 132600 avg_loss=2.650
[7128.4s] epoch 52 step 132650 avg_loss=2.656
[7130.8s] epoch 52 step 132700 avg_loss=2.667
[7133.6s] epoch 52 step 132750 avg_loss=2.689
[7136.4s] epoch 52 step 132800 avg_loss=2.695
[7139.4s] epoch 52 step 132850 avg_loss=2.702
[7142.2s] epoch 52 step 132900 avg_loss=2.708
[7144.5s] epoch 52 step 132950 avg_loss=2.714
[7147.3s] epoch 52 step 133000 avg_loss=2.717
[7150.4s] epoch 52 step 133050 avg_loss=2.736
[7153.0s] epoch 52 step 133100 avg_loss=2.745
[7155.9s] epoch 52 step 133150 avg_loss=2.755
[7159.1s] epoch 52 step 133200 avg_loss=2.763
[7161.7s] epoch 52 step 133250 avg_loss=2.773
[7164.8s] epoch 52 step 133300 avg_loss=2.786
[7167.5s] epoch 52 step 133350 avg_loss=2.799
[7170.3s] epoch 52 step 133400 avg_loss=2.799
[7172.8s] epoch 52 step 133450 avg_loss=2.799
[7175.6s] epoch 52 step 133500 avg_loss=2.814
[7178.1s] epoch 52 step 133550 avg_loss=2.804
[7180.6s] epoch 52 step 133600 avg_loss=2.820
[7183.3s] epoch 52 step 133650 avg_loss=2.829
[7185.8s] epoch 52 step 133700 avg_loss=2.846
[7188.9s] epoch 52 step 133750 avg_loss=2.847
[7191.6s] epoch 52 step 133800 avg_loss=2.847
[7192.9s] === epoch 52 done: avg_loss=2.853 (n=2525 derivations) ===
[7194.3s] epoch 53 step 133850 avg_loss=2.584
[7196.9s] epoch 53 step 133900 avg_loss=2.452
[7199.7s] epoch 53 step 133950 avg_loss=2.330
[7202.6s] epoch 53 step 134000 avg_loss=2.368
[7205.3s] epoch 53 step 134050 avg_loss=2.300
[7208.1s] epoch 53 step 134100 avg_loss=2.254
[7211.1s] epoch 53 step 134150 avg_loss=2.323
[7214.0s] epoch 53 step 134200 avg_loss=2.389
[7216.9s] epoch 53 step 134250 avg_loss=2.437
[7219.9s] epoch 53 step 134300 avg_loss=2.436
[7222.4s] epoch 53 step 134350 avg_loss=2.432
[7225.1s] epoch 53 step 134400 avg_loss=2.466
[7227.9s] epoch 53 step 134450 avg_loss=2.469
[7230.7s] epoch 53 step 134500 avg_loss=2.504
[7233.3s] epoch 53 step 134550 avg_loss=2.503
[7236.2s] epoch 53 step 134600 avg_loss=2.532
[7238.7s] epoch 53 step 134650 avg_loss=2.551
[7241.0s] epoch 53 step 134700 avg_loss=2.541
[7243.2s] epoch 53 step 134750 avg_loss=2.528
[7246.2s] epoch 53 step 134800 avg_loss=2.531
[7248.9s] epoch 53 step 134850 avg_loss=2.549
[7251.6s] epoch 53 step 134900 avg_loss=2.567
[7254.3s] epoch 53 step 134950 avg_loss=2.609
[7257.0s] epoch 53 step 135000 avg_loss=2.616
[7259.7s] epoch 53 step 135050 avg_loss=2.633
[7262.2s] epoch 53 step 135100 avg_loss=2.635
[7264.5s] epoch 53 step 135150 avg_loss=2.635
[7267.0s] epoch 53 step 135200 avg_loss=2.635
[7269.8s] epoch 53 step 135250 avg_loss=2.668
[7272.4s] epoch 53 step 135300 avg_loss=2.672
[7274.7s] epoch 53 step 135350 avg_loss=2.682
[7277.5s] epoch 53 step 135400 avg_loss=2.680
[7280.2s] epoch 53 step 135450 avg_loss=2.671
[7282.9s] epoch 53 step 135500 avg_loss=2.679
[7285.3s] epoch 53 step 135550 avg_loss=2.694
[7288.2s] epoch 53 step 135600 avg_loss=2.711
[7290.9s] epoch 53 step 135650 avg_loss=2.708
[7294.1s] epoch 53 step 135700 avg_loss=2.711
[7296.6s] epoch 53 step 135750 avg_loss=2.721
[7298.9s] epoch 53 step 135800 avg_loss=2.730
[7301.6s] epoch 53 step 135850 avg_loss=2.750
[7304.3s] epoch 53 step 135900 avg_loss=2.761
[7306.9s] epoch 53 step 135950 avg_loss=2.768
[7309.6s] epoch 53 step 136000 avg_loss=2.775
[7312.0s] epoch 53 step 136050 avg_loss=2.788
[7314.7s] epoch 53 step 136100 avg_loss=2.801
[7317.4s] epoch 53 step 136150 avg_loss=2.812
[7320.4s] epoch 53 step 136200 avg_loss=2.821
[7323.3s] epoch 53 step 136250 avg_loss=2.820
[7325.4s] epoch 53 step 136300 avg_loss=2.821
[7328.3s] epoch 53 step 136350 avg_loss=2.831
[7328.3s] === epoch 53 done: avg_loss=2.831 (n=2525 derivations) ===
[7331.0s] epoch 54 step 136400 avg_loss=2.122
[7333.8s] epoch 54 step 136450 avg_loss=2.188
[7336.3s] epoch 54 step 136500 avg_loss=2.433
[7339.6s] epoch 54 step 136550 avg_loss=2.511
[7342.4s] epoch 54 step 136600 avg_loss=2.558
[7345.0s] epoch 54 step 136650 avg_loss=2.514
[7347.4s] epoch 54 step 136700 avg_loss=2.482
[7349.8s] epoch 54 step 136750 avg_loss=2.488
[7352.4s] epoch 54 step 136800 avg_loss=2.514
[7355.2s] epoch 54 step 136850 avg_loss=2.544
[7357.7s] epoch 54 step 136900 avg_loss=2.545
[7360.4s] epoch 54 step 136950 avg_loss=2.559
[7362.9s] epoch 54 step 137000 avg_loss=2.561
[7365.2s] epoch 54 step 137050 avg_loss=2.542
[7367.7s] epoch 54 step 137100 avg_loss=2.532
[7370.3s] epoch 54 step 137150 avg_loss=2.559
[7372.6s] epoch 54 step 137200 avg_loss=2.561
[7375.1s] epoch 54 step 137250 avg_loss=2.561
[7377.8s] epoch 54 step 137300 avg_loss=2.567
[7380.1s] epoch 54 step 137350 avg_loss=2.577
[7382.7s] epoch 54 step 137400 avg_loss=2.592
[7385.7s] epoch 54 step 137450 avg_loss=2.620
[7388.3s] epoch 54 step 137500 avg_loss=2.619
[7390.6s] epoch 54 step 137550 avg_loss=2.609
[7393.5s] epoch 54 step 137600 avg_loss=2.594
[7396.2s] epoch 54 step 137650 avg_loss=2.631
[7398.9s] epoch 54 step 137700 avg_loss=2.628
[7401.7s] epoch 54 step 137750 avg_loss=2.638
[7404.5s] epoch 54 step 137800 avg_loss=2.642
[7407.2s] epoch 54 step 137850 avg_loss=2.656
[7409.9s] epoch 54 step 137900 avg_loss=2.654
[7412.7s] epoch 54 step 137950 avg_loss=2.671
[7415.9s] epoch 54 step 138000 avg_loss=2.683
[7418.5s] epoch 54 step 138050 avg_loss=2.682
[7420.7s] epoch 54 step 138100 avg_loss=2.688
[7423.1s] epoch 54 step 138150 avg_loss=2.678
[7426.2s] epoch 54 step 138200 avg_loss=2.702
[7428.4s] epoch 54 step 138250 avg_loss=2.710
[7430.8s] epoch 54 step 138300 avg_loss=2.729
[7433.5s] epoch 54 step 138350 avg_loss=2.749
[7436.1s] epoch 54 step 138400 avg_loss=2.763
[7438.3s] epoch 54 step 138450 avg_loss=2.756
[7440.7s] epoch 54 step 138500 avg_loss=2.770
[7443.1s] epoch 54 step 138550 avg_loss=2.767
[7445.7s] epoch 54 step 138600 avg_loss=2.774
[7448.6s] epoch 54 step 138650 avg_loss=2.780
[7451.4s] epoch 54 step 138700 avg_loss=2.786
[7454.1s] epoch 54 step 138750 avg_loss=2.789
[7457.1s] epoch 54 step 138800 avg_loss=2.801
[7459.5s] epoch 54 step 138850 avg_loss=2.801
[7461.0s] === epoch 54 done: avg_loss=2.806 (n=2525 derivations) ===
[7462.1s] epoch 55 step 138900 avg_loss=2.630
[7464.7s] epoch 55 step 138950 avg_loss=2.449
[7467.4s] epoch 55 step 139000 avg_loss=2.317
[7470.3s] epoch 55 step 139050 avg_loss=2.440
[7473.0s] epoch 55 step 139100 avg_loss=2.420
[7475.7s] epoch 55 step 139150 avg_loss=2.464
[7478.5s] epoch 55 step 139200 avg_loss=2.456
[7480.7s] epoch 55 step 139250 avg_loss=2.402
[7483.4s] epoch 55 step 139300 avg_loss=2.363
[7485.9s] epoch 55 step 139350 avg_loss=2.386
[7488.2s] epoch 55 step 139400 avg_loss=2.369
[7490.8s] epoch 55 step 139450 avg_loss=2.377
[7493.4s] epoch 55 step 139500 avg_loss=2.422
[7495.8s] epoch 55 step 139550 avg_loss=2.419
[7498.5s] epoch 55 step 139600 avg_loss=2.422
[7501.3s] epoch 55 step 139650 avg_loss=2.442
[7503.9s] epoch 55 step 139700 avg_loss=2.433
[7506.5s] epoch 55 step 139750 avg_loss=2.448
[7509.1s] epoch 55 step 139800 avg_loss=2.464
[7511.3s] epoch 55 step 139850 avg_loss=2.481
[7513.9s] epoch 55 step 139900 avg_loss=2.500
[7517.4s] epoch 55 step 139950 avg_loss=2.539
[7520.3s] epoch 55 step 140000 avg_loss=2.572
[7523.2s] epoch 55 step 140050 avg_loss=2.579
[7526.0s] epoch 55 step 140100 avg_loss=2.581
[7528.5s] epoch 55 step 140150 avg_loss=2.566
[7530.9s] epoch 55 step 140200 avg_loss=2.592
[7533.9s] epoch 55 step 140250 avg_loss=2.613
[7536.6s] epoch 55 step 140300 avg_loss=2.621
[7539.1s] epoch 55 step 140350 avg_loss=2.637
[7541.8s] epoch 55 step 140400 avg_loss=2.650
[7544.6s] epoch 55 step 140450 avg_loss=2.655
[7547.1s] epoch 55 step 140500 avg_loss=2.655
[7549.6s] epoch 55 step 140550 avg_loss=2.677
[7552.4s] epoch 55 step 140600 avg_loss=2.672
[7555.1s] epoch 55 step 140650 avg_loss=2.681
[7557.7s] epoch 55 step 140700 avg_loss=2.701
[7560.1s] epoch 55 step 140750 avg_loss=2.703
[7562.5s] epoch 55 step 140800 avg_loss=2.724
[7565.8s] epoch 55 step 140850 avg_loss=2.736
[7568.8s] epoch 55 step 140900 avg_loss=2.738
[7571.2s] epoch 55 step 140950 avg_loss=2.740
[7574.0s] epoch 55 step 141000 avg_loss=2.753
[7576.5s] epoch 55 step 141050 avg_loss=2.766
[7579.0s] epoch 55 step 141100 avg_loss=2.756
[7581.4s] epoch 55 step 141150 avg_loss=2.752
[7584.0s] epoch 55 step 141200 avg_loss=2.754
[7586.8s] epoch 55 step 141250 avg_loss=2.767
[7589.6s] epoch 55 step 141300 avg_loss=2.779
[7592.2s] epoch 55 step 141350 avg_loss=2.773
[7594.7s] epoch 55 step 141400 avg_loss=2.782
[7594.7s] === epoch 55 done: avg_loss=2.782 (n=2525 derivations) ===
[7597.4s] epoch 56 step 141450 avg_loss=2.078
[7600.3s] epoch 56 step 141500 avg_loss=2.314
[7602.9s] epoch 56 step 141550 avg_loss=2.317
[7605.5s] epoch 56 step 141600 avg_loss=2.337
[7608.3s] epoch 56 step 141650 avg_loss=2.362
[7611.2s] epoch 56 step 141700 avg_loss=2.399
[7613.7s] epoch 56 step 141750 avg_loss=2.406
[7616.6s] epoch 56 step 141800 avg_loss=2.580
[7619.6s] epoch 56 step 141850 avg_loss=2.615
[7622.1s] epoch 56 step 141900 avg_loss=2.607
[7624.6s] epoch 56 step 141950 avg_loss=2.598
[7627.0s] epoch 56 step 142000 avg_loss=2.611
[7629.7s] epoch 56 step 142050 avg_loss=2.635
[7632.3s] epoch 56 step 142100 avg_loss=2.616
[7634.6s] epoch 56 step 142150 avg_loss=2.577
[7637.2s] epoch 56 step 142200 avg_loss=2.589
[7639.7s] epoch 56 step 142250 avg_loss=2.594
[7641.9s] epoch 56 step 142300 avg_loss=2.589
[7644.3s] epoch 56 step 142350 avg_loss=2.577
[7647.1s] epoch 56 step 142400 avg_loss=2.584
[7650.1s] epoch 56 step 142450 avg_loss=2.583
[7653.0s] epoch 56 step 142500 avg_loss=2.587
[7655.2s] epoch 56 step 142550 avg_loss=2.588
[7657.8s] epoch 56 step 142600 avg_loss=2.582
[7660.2s] epoch 56 step 142650 avg_loss=2.612
[7662.9s] epoch 56 step 142700 avg_loss=2.612
[7665.4s] epoch 56 step 142750 avg_loss=2.628
[7668.2s] epoch 56 step 142800 avg_loss=2.640
[7670.6s] epoch 56 step 142850 avg_loss=2.645
[7673.3s] epoch 56 step 142900 avg_loss=2.656
[7675.6s] epoch 56 step 142950 avg_loss=2.648
[7678.0s] epoch 56 step 143000 avg_loss=2.664
[7680.8s] epoch 56 step 143050 avg_loss=2.694
[7683.4s] epoch 56 step 143100 avg_loss=2.707
[7685.9s] epoch 56 step 143150 avg_loss=2.710
[7688.4s] epoch 56 step 143200 avg_loss=2.720
[7691.3s] epoch 56 step 143250 avg_loss=2.731
[7693.9s] epoch 56 step 143300 avg_loss=2.739
[7696.6s] epoch 56 step 143350 avg_loss=2.742
[7699.1s] epoch 56 step 143400 avg_loss=2.759
[7702.0s] epoch 56 step 143450 avg_loss=2.779
[7704.4s] epoch 56 step 143500 avg_loss=2.774
[7707.0s] epoch 56 step 143550 avg_loss=2.767
[7710.0s] epoch 56 step 143600 avg_loss=2.773
[7712.9s] epoch 56 step 143650 avg_loss=2.769
[7715.9s] epoch 56 step 143700 avg_loss=2.776
[7718.4s] epoch 56 step 143750 avg_loss=2.781
[7721.0s] epoch 56 step 143800 avg_loss=2.790
[7723.4s] epoch 56 step 143850 avg_loss=2.800
[7726.1s] epoch 56 step 143900 avg_loss=2.789
[7727.4s] === epoch 56 done: avg_loss=2.788 (n=2525 derivations) ===
[7728.7s] epoch 57 step 143950 avg_loss=2.618
[7731.4s] epoch 57 step 144000 avg_loss=2.643
[7734.4s] epoch 57 step 144050 avg_loss=2.810
[7736.8s] epoch 57 step 144100 avg_loss=2.706
[7739.4s] epoch 57 step 144150 avg_loss=2.658
[7742.6s] epoch 57 step 144200 avg_loss=2.668
[7745.8s] epoch 57 step 144250 avg_loss=2.710
[7748.6s] epoch 57 step 144300 avg_loss=2.643
[7751.4s] epoch 57 step 144350 avg_loss=2.596
[7754.4s] epoch 57 step 144400 avg_loss=2.601
[7756.8s] epoch 57 step 144450 avg_loss=2.576
[7759.1s] epoch 57 step 144500 avg_loss=2.587
[7761.8s] epoch 57 step 144550 avg_loss=2.607
[7764.7s] epoch 57 step 144600 avg_loss=2.653
[7767.7s] epoch 57 step 144650 avg_loss=2.647
[7770.8s] epoch 57 step 144700 avg_loss=2.613
[7773.5s] epoch 57 step 144750 avg_loss=2.595
[7776.9s] epoch 57 step 144800 avg_loss=2.598
[7779.7s] epoch 57 step 144850 avg_loss=2.590
[7782.4s] epoch 57 step 144900 avg_loss=2.576
[7785.0s] epoch 57 step 144950 avg_loss=2.582
[7787.8s] epoch 57 step 145000 avg_loss=2.599
[7790.8s] epoch 57 step 145050 avg_loss=2.610
[7793.5s] epoch 57 step 145100 avg_loss=2.601
[7796.1s] epoch 57 step 145150 avg_loss=2.605
[7798.9s] epoch 57 step 145200 avg_loss=2.630
[7801.4s] epoch 57 step 145250 avg_loss=2.634
[7804.0s] epoch 57 step 145300 avg_loss=2.647
[7806.7s] epoch 57 step 145350 avg_loss=2.649
[7809.2s] epoch 57 step 145400 avg_loss=2.658
[7812.0s] epoch 57 step 145450 avg_loss=2.658
[7814.4s] epoch 57 step 145500 avg_loss=2.661
[7816.7s] epoch 57 step 145550 avg_loss=2.673
[7819.4s] epoch 57 step 145600 avg_loss=2.685
[7822.0s] epoch 57 step 145650 avg_loss=2.679
[7824.6s] epoch 57 step 145700 avg_loss=2.691
[7827.0s] epoch 57 step 145750 avg_loss=2.692
[7829.9s] epoch 57 step 145800 avg_loss=2.701
[7832.6s] epoch 57 step 145850 avg_loss=2.704
[7835.3s] epoch 57 step 145900 avg_loss=2.707
[7838.1s] epoch 57 step 145950 avg_loss=2.720
[7840.6s] epoch 57 step 146000 avg_loss=2.724
[7843.2s] epoch 57 step 146050 avg_loss=2.724
[7845.9s] epoch 57 step 146100 avg_loss=2.733
[7848.7s] epoch 57 step 146150 avg_loss=2.728
[7851.1s] epoch 57 step 146200 avg_loss=2.731
[7853.8s] epoch 57 step 146250 avg_loss=2.736
[7856.1s] epoch 57 step 146300 avg_loss=2.734
[7859.1s] epoch 57 step 146350 avg_loss=2.748
[7862.1s] epoch 57 step 146400 avg_loss=2.759
[7865.0s] epoch 57 step 146450 avg_loss=2.760
[7865.0s] === epoch 57 done: avg_loss=2.760 (n=2525 derivations) ===
[7867.8s] epoch 58 step 146500 avg_loss=2.564
[7870.9s] epoch 58 step 146550 avg_loss=2.470
[7873.7s] epoch 58 step 146600 avg_loss=2.369
[7876.4s] epoch 58 step 146650 avg_loss=2.464
[7878.9s] epoch 58 step 146700 avg_loss=2.486
[7881.2s] epoch 58 step 146750 avg_loss=2.455
[7884.2s] epoch 58 step 146800 avg_loss=2.435
[7887.2s] epoch 58 step 146850 avg_loss=2.414
[7889.9s] epoch 58 step 146900 avg_loss=2.406
[7892.3s] epoch 58 step 146950 avg_loss=2.374
[7894.8s] epoch 58 step 147000 avg_loss=2.366
[7897.4s] epoch 58 step 147050 avg_loss=2.385
[7900.1s] epoch 58 step 147100 avg_loss=2.383
[7902.6s] epoch 58 step 147150 avg_loss=2.363
[7904.9s] epoch 58 step 147200 avg_loss=2.374
[7907.2s] epoch 58 step 147250 avg_loss=2.370
[7909.6s] epoch 58 step 147300 avg_loss=2.391
[7911.7s] epoch 58 step 147350 avg_loss=2.404
[7914.0s] epoch 58 step 147400 avg_loss=2.410
[7916.4s] epoch 58 step 147450 avg_loss=2.422
[7918.8s] epoch 58 step 147500 avg_loss=2.415
[7921.4s] epoch 58 step 147550 avg_loss=2.424
[7924.0s] epoch 58 step 147600 avg_loss=2.437
[7926.7s] epoch 58 step 147650 avg_loss=2.458
[7929.7s] epoch 58 step 147700 avg_loss=2.496
[7931.9s] epoch 58 step 147750 avg_loss=2.489
[7934.4s] epoch 58 step 147800 avg_loss=2.495
[7936.9s] epoch 58 step 147850 avg_loss=2.501
[7939.3s] epoch 58 step 147900 avg_loss=2.503
[7942.1s] epoch 58 step 147950 avg_loss=2.530
[7945.2s] epoch 58 step 148000 avg_loss=2.542
[7947.5s] epoch 58 step 148050 avg_loss=2.561
[7950.9s] epoch 58 step 148100 avg_loss=2.584
[7953.8s] epoch 58 step 148150 avg_loss=2.598
[7956.7s] epoch 58 step 148200 avg_loss=2.613
[7959.5s] epoch 58 step 148250 avg_loss=2.621
[7961.8s] epoch 58 step 148300 avg_loss=2.629
[7964.6s] epoch 58 step 148350 avg_loss=2.655
[7967.2s] epoch 58 step 148400 avg_loss=2.662
[7970.1s] epoch 58 step 148450 avg_loss=2.668
[7973.0s] epoch 58 step 148500 avg_loss=2.677
[7976.2s] epoch 58 step 148550 avg_loss=2.689
[7978.8s] epoch 58 step 148600 avg_loss=2.699
[7981.3s] epoch 58 step 148650 avg_loss=2.711
[7983.9s] epoch 58 step 148700 avg_loss=2.731
[7986.0s] epoch 58 step 148750 avg_loss=2.732
[7988.8s] epoch 58 step 148800 avg_loss=2.754
[7991.2s] epoch 58 step 148850 avg_loss=2.764
[7993.6s] epoch 58 step 148900 avg_loss=2.776
[7996.6s] epoch 58 step 148950 avg_loss=2.781
[7997.9s] === epoch 58 done: avg_loss=2.781 (n=2525 derivations) ===
[7999.5s] epoch 59 step 149000 avg_loss=2.101
[8002.4s] epoch 59 step 149050 avg_loss=2.312
[8005.1s] epoch 59 step 149100 avg_loss=2.333
[8008.0s] epoch 59 step 149150 avg_loss=2.463
[8010.7s] epoch 59 step 149200 avg_loss=2.504
[8013.4s] epoch 59 step 149250 avg_loss=2.509
[8016.3s] epoch 59 step 149300 avg_loss=2.541
[8019.5s] epoch 59 step 149350 avg_loss=2.620
[8022.1s] epoch 59 step 149400 avg_loss=2.598
[8025.1s] epoch 59 step 149450 avg_loss=2.604
[8027.8s] epoch 59 step 149500 avg_loss=2.575
[8030.7s] epoch 59 step 149550 avg_loss=2.576
[8033.7s] epoch 59 step 149600 avg_loss=2.561
[8036.6s] epoch 59 step 149650 avg_loss=2.545
[8039.6s] epoch 59 step 149700 avg_loss=2.572
[8042.3s] epoch 59 step 149750 avg_loss=2.614
[8044.6s] epoch 59 step 149800 avg_loss=2.618
[8046.9s] epoch 59 step 149850 avg_loss=2.611
[8049.1s] epoch 59 step 149900 avg_loss=2.582
[8051.5s] epoch 59 step 149950 avg_loss=2.570
[8053.9s] epoch 59 step 150000 avg_loss=2.570
[8056.9s] epoch 59 step 150050 avg_loss=2.564
[8059.6s] epoch 59 step 150100 avg_loss=2.574
[8062.4s] epoch 59 step 150150 avg_loss=2.578
[8065.0s] epoch 59 step 150200 avg_loss=2.580
[8067.4s] epoch 59 step 150250 avg_loss=2.575
[8069.9s] epoch 59 step 150300 avg_loss=2.579
[8072.8s] epoch 59 step 150350 avg_loss=2.592
[8075.1s] epoch 59 step 150400 avg_loss=2.581
[8077.9s] epoch 59 step 150450 avg_loss=2.601
[8080.7s] epoch 59 step 150500 avg_loss=2.619
[8083.3s] epoch 59 step 150550 avg_loss=2.633
[8086.1s] epoch 59 step 150600 avg_loss=2.638
[8088.7s] epoch 59 step 150650 avg_loss=2.632
[8091.3s] epoch 59 step 150700 avg_loss=2.637
[8094.2s] epoch 59 step 150750 avg_loss=2.649
[8097.2s] epoch 59 step 150800 avg_loss=2.655
[8100.0s] epoch 59 step 150850 avg_loss=2.673
[8102.7s] epoch 59 step 150900 avg_loss=2.683
[8105.1s] epoch 59 step 150950 avg_loss=2.697
[8107.8s] epoch 59 step 151000 avg_loss=2.708
[8110.4s] epoch 59 step 151050 avg_loss=2.707
[8113.2s] epoch 59 step 151100 avg_loss=2.709
[8116.0s] epoch 59 step 151150 avg_loss=2.711
[8119.0s] epoch 59 step 151200 avg_loss=2.712
[8121.4s] epoch 59 step 151250 avg_loss=2.713
[8123.6s] epoch 59 step 151300 avg_loss=2.713
[8126.8s] epoch 59 step 151350 avg_loss=2.720
[8130.1s] epoch 59 step 151400 avg_loss=2.726
[8133.3s] epoch 59 step 151450 avg_loss=2.734
[8136.2s] epoch 59 step 151500 avg_loss=2.738
[8136.2s] === epoch 59 done: avg_loss=2.738 (n=2525 derivations) ===
[8138.8s] epoch 60 step 151550 avg_loss=2.526
[8141.8s] epoch 60 step 151600 avg_loss=2.375
[8144.4s] epoch 60 step 151650 avg_loss=2.380
[8147.5s] epoch 60 step 151700 avg_loss=2.439
[8150.4s] epoch 60 step 151750 avg_loss=2.482
[8153.0s] epoch 60 step 151800 avg_loss=2.426
[8155.7s] epoch 60 step 151850 avg_loss=2.385
[8158.0s] epoch 60 step 151900 avg_loss=2.354
[8160.3s] epoch 60 step 151950 avg_loss=2.324
[8163.1s] epoch 60 step 152000 avg_loss=2.341
[8165.8s] epoch 60 step 152050 avg_loss=2.353
[8168.5s] epoch 60 step 152100 avg_loss=2.352
[8171.2s] epoch 60 step 152150 avg_loss=2.352
[8174.0s] epoch 60 step 152200 avg_loss=2.346
[8177.1s] epoch 60 step 152250 avg_loss=2.393
[8179.8s] epoch 60 step 152300 avg_loss=2.398
[8182.2s] epoch 60 step 152350 avg_loss=2.397
[8184.6s] epoch 60 step 152400 avg_loss=2.398
[8187.5s] epoch 60 step 152450 avg_loss=2.413
[8190.3s] epoch 60 step 152500 avg_loss=2.416
[8193.0s] epoch 60 step 152550 avg_loss=2.432
[8196.0s] epoch 60 step 152600 avg_loss=2.450
[8198.7s] epoch 60 step 152650 avg_loss=2.449
[8201.4s] epoch 60 step 152700 avg_loss=2.466
[8204.2s] epoch 60 step 152750 avg_loss=2.492
[8207.3s] epoch 60 step 152800 avg_loss=2.488
[8209.9s] epoch 60 step 152850 avg_loss=2.508
[8213.3s] epoch 60 step 152900 avg_loss=2.515
[8216.9s] epoch 60 step 152950 avg_loss=2.555
[8220.0s] epoch 60 step 153000 avg_loss=2.561
[8223.3s] epoch 60 step 153050 avg_loss=2.567
[8226.9s] epoch 60 step 153100 avg_loss=2.574
[8230.1s] epoch 60 step 153150 avg_loss=2.595
[8233.3s] epoch 60 step 153200 avg_loss=2.615
[8236.1s] epoch 60 step 153250 avg_loss=2.610
[8238.6s] epoch 60 step 153300 avg_loss=2.606
[8241.4s] epoch 60 step 153350 avg_loss=2.606
[8244.2s] epoch 60 step 153400 avg_loss=2.614
[8247.1s] epoch 60 step 153450 avg_loss=2.626
[8249.8s] epoch 60 step 153500 avg_loss=2.645
[8252.7s] epoch 60 step 153550 avg_loss=2.654
[8255.7s] epoch 60 step 153600 avg_loss=2.668
[8258.2s] epoch 60 step 153650 avg_loss=2.666
[8260.9s] epoch 60 step 153700 avg_loss=2.671
[8263.9s] epoch 60 step 153750 avg_loss=2.676
[8266.9s] epoch 60 step 153800 avg_loss=2.698
[8270.4s] epoch 60 step 153850 avg_loss=2.714
[8273.2s] epoch 60 step 153900 avg_loss=2.719
[8275.7s] epoch 60 step 153950 avg_loss=2.724
[8278.2s] epoch 60 step 154000 avg_loss=2.727
[8279.6s] === epoch 60 done: avg_loss=2.734 (n=2525 derivations) ===
[8280.8s] epoch 61 step 154050 avg_loss=2.401
[8283.5s] epoch 61 step 154100 avg_loss=2.610
[8286.0s] epoch 61 step 154150 avg_loss=2.598
[8288.9s] epoch 61 step 154200 avg_loss=2.569
[8291.8s] epoch 61 step 154250 avg_loss=2.477
[8294.7s] epoch 61 step 154300 avg_loss=2.439
[8297.8s] epoch 61 step 154350 avg_loss=2.378
[8300.6s] epoch 61 step 154400 avg_loss=2.474
[8303.0s] epoch 61 step 154450 avg_loss=2.427
[8305.7s] epoch 61 step 154500 avg_loss=2.433
[8308.3s] epoch 61 step 154550 avg_loss=2.426
[8310.8s] epoch 61 step 154600 avg_loss=2.412
[8313.4s] epoch 61 step 154650 avg_loss=2.398
[8315.9s] epoch 61 step 154700 avg_loss=2.390
[8318.4s] epoch 61 step 154750 avg_loss=2.387
[8321.0s] epoch 61 step 154800 avg_loss=2.402
[8323.7s] epoch 61 step 154850 avg_loss=2.402
[8326.4s] epoch 61 step 154900 avg_loss=2.440
[8328.8s] epoch 61 step 154950 avg_loss=2.438
[8331.7s] epoch 61 step 155000 avg_loss=2.464
[8334.2s] epoch 61 step 155050 avg_loss=2.468
[8337.0s] epoch 61 step 155100 avg_loss=2.461
[8340.1s] epoch 61 step 155150 avg_loss=2.490
[8342.8s] epoch 61 step 155200 avg_loss=2.508
[8345.8s] epoch 61 step 155250 avg_loss=2.524
[8348.1s] epoch 61 step 155300 avg_loss=2.516
[8350.3s] epoch 61 step 155350 avg_loss=2.522
[8353.0s] epoch 61 step 155400 avg_loss=2.532
[8355.6s] epoch 61 step 155450 avg_loss=2.553
[8358.4s] epoch 61 step 155500 avg_loss=2.583
[8361.2s] epoch 61 step 155550 avg_loss=2.583
[8363.9s] epoch 61 step 155600 avg_loss=2.594
[8366.7s] epoch 61 step 155650 avg_loss=2.627
[8369.7s] epoch 61 step 155700 avg_loss=2.643
[8372.3s] epoch 61 step 155750 avg_loss=2.637
[8374.8s] epoch 61 step 155800 avg_loss=2.637
[8377.5s] epoch 61 step 155850 avg_loss=2.631
[8379.9s] epoch 61 step 155900 avg_loss=2.642
[8382.8s] epoch 61 step 155950 avg_loss=2.652
[8385.6s] epoch 61 step 156000 avg_loss=2.658
[8388.5s] epoch 61 step 156050 avg_loss=2.662
[8390.8s] epoch 61 step 156100 avg_loss=2.672
[8393.7s] epoch 61 step 156150 avg_loss=2.675
[8396.3s] epoch 61 step 156200 avg_loss=2.670
[8398.9s] epoch 61 step 156250 avg_loss=2.673
[8401.6s] epoch 61 step 156300 avg_loss=2.679
[8403.9s] epoch 61 step 156350 avg_loss=2.686
[8406.5s] epoch 61 step 156400 avg_loss=2.679
[8409.2s] epoch 61 step 156450 avg_loss=2.690
[8411.6s] epoch 61 step 156500 avg_loss=2.702
[8414.1s] epoch 61 step 156550 avg_loss=2.703
[8414.1s] === epoch 61 done: avg_loss=2.703 (n=2525 derivations) ===
[8417.1s] epoch 62 step 156600 avg_loss=2.440
[8419.7s] epoch 62 step 156650 avg_loss=2.214
[8422.3s] epoch 62 step 156700 avg_loss=2.160
[8425.1s] epoch 62 step 156750 avg_loss=2.304
[8427.6s] epoch 62 step 156800 avg_loss=2.309
[8430.4s] epoch 62 step 156850 avg_loss=2.319
[8433.3s] epoch 62 step 156900 avg_loss=2.338
[8436.1s] epoch 62 step 156950 avg_loss=2.366
[8438.9s] epoch 62 step 157000 avg_loss=2.377
[8441.7s] epoch 62 step 157050 avg_loss=2.388
[8444.3s] epoch 62 step 157100 avg_loss=2.413
[8446.7s] epoch 62 step 157150 avg_loss=2.398
[8449.7s] epoch 62 step 157200 avg_loss=2.469
[8452.1s] epoch 62 step 157250 avg_loss=2.444
[8454.6s] epoch 62 step 157300 avg_loss=2.444
[8457.6s] epoch 62 step 157350 avg_loss=2.457
[8460.1s] epoch 62 step 157400 avg_loss=2.449
[8463.1s] epoch 62 step 157450 avg_loss=2.443
[8465.6s] epoch 62 step 157500 avg_loss=2.449
[8468.1s] epoch 62 step 157550 avg_loss=2.435
[8470.8s] epoch 62 step 157600 avg_loss=2.455
[8473.5s] epoch 62 step 157650 avg_loss=2.474
[8476.0s] epoch 62 step 157700 avg_loss=2.483
[8478.5s] epoch 62 step 157750 avg_loss=2.476
[8481.4s] epoch 62 step 157800 avg_loss=2.479
[8484.1s] epoch 62 step 157850 avg_loss=2.491
[8486.6s] epoch 62 step 157900 avg_loss=2.509
[8489.3s] epoch 62 step 157950 avg_loss=2.520
[8492.0s] epoch 62 step 158000 avg_loss=2.517
[8494.3s] epoch 62 step 158050 avg_loss=2.526
[8497.0s] epoch 62 step 158100 avg_loss=2.537
[8499.8s] epoch 62 step 158150 avg_loss=2.552
[8502.9s] epoch 62 step 158200 avg_loss=2.571
[8505.6s] epoch 62 step 158250 avg_loss=2.572
[8508.2s] epoch 62 step 158300 avg_loss=2.572
[8510.7s] epoch 62 step 158350 avg_loss=2.575
[8513.1s] epoch 62 step 158400 avg_loss=2.562
[8515.7s] epoch 62 step 158450 avg_loss=2.574
[8518.0s] epoch 62 step 158500 avg_loss=2.573
[8520.6s] epoch 62 step 158550 avg_loss=2.575
[8523.4s] epoch 62 step 158600 avg_loss=2.591
[8526.4s] epoch 62 step 158650 avg_loss=2.601
[8529.0s] epoch 62 step 158700 avg_loss=2.611
[8531.8s] epoch 62 step 158750 avg_loss=2.610
[8535.0s] epoch 62 step 158800 avg_loss=2.631
[8537.5s] epoch 62 step 158850 avg_loss=2.632
[8540.6s] epoch 62 step 158900 avg_loss=2.647
[8543.5s] epoch 62 step 158950 avg_loss=2.657
[8546.0s] epoch 62 step 159000 avg_loss=2.656
[8548.5s] epoch 62 step 159050 avg_loss=2.663
[8549.8s] === epoch 62 done: avg_loss=2.672 (n=2525 derivations) ===
[8551.3s] epoch 63 step 159100 avg_loss=3.013
[8554.0s] epoch 63 step 159150 avg_loss=2.567
[8556.7s] epoch 63 step 159200 avg_loss=2.339
[8559.5s] epoch 63 step 159250 avg_loss=2.470
[8561.9s] epoch 63 step 159300 avg_loss=2.400
[8564.2s] epoch 63 step 159350 avg_loss=2.380
[8566.7s] epoch 63 step 159400 avg_loss=2.412
[8569.4s] epoch 63 step 159450 avg_loss=2.385
[8571.9s] epoch 63 step 159500 avg_loss=2.321
[8574.1s] epoch 63 step 159550 avg_loss=2.288
[8576.9s] epoch 63 step 159600 avg_loss=2.331
[8579.2s] epoch 63 step 159650 avg_loss=2.327
[8581.5s] epoch 63 step 159700 avg_loss=2.296
[8583.9s] epoch 63 step 159750 avg_loss=2.306
[8586.4s] epoch 63 step 159800 avg_loss=2.324
[8588.9s] epoch 63 step 159850 avg_loss=2.333
[8591.5s] epoch 63 step 159900 avg_loss=2.368
[8594.7s] epoch 63 step 159950 avg_loss=2.399
[8597.7s] epoch 63 step 160000 avg_loss=2.420
[8600.3s] epoch 63 step 160050 avg_loss=2.446
[8602.7s] epoch 63 step 160100 avg_loss=2.454
[8605.4s] epoch 63 step 160150 avg_loss=2.453
[8607.9s] epoch 63 step 160200 avg_loss=2.468
[8610.4s] epoch 63 step 160250 avg_loss=2.481
[8612.7s] epoch 63 step 160300 avg_loss=2.476
[8615.0s] epoch 63 step 160350 avg_loss=2.473
[8617.9s] epoch 63 step 160400 avg_loss=2.472
[8620.2s] epoch 63 step 160450 avg_loss=2.493
[8622.9s] epoch 63 step 160500 avg_loss=2.505
[8625.3s] epoch 63 step 160550 avg_loss=2.502
[8628.1s] epoch 63 step 160600 avg_loss=2.527
[8630.8s] epoch 63 step 160650 avg_loss=2.536
[8633.8s] epoch 63 step 160700 avg_loss=2.541
[8636.7s] epoch 63 step 160750 avg_loss=2.557
[8639.7s] epoch 63 step 160800 avg_loss=2.550
[8642.5s] epoch 63 step 160850 avg_loss=2.550
[8645.0s] epoch 63 step 160900 avg_loss=2.551
[8647.7s] epoch 63 step 160950 avg_loss=2.571
[8650.2s] epoch 63 step 161000 avg_loss=2.580
[8653.0s] epoch 63 step 161050 avg_loss=2.585
[8655.6s] epoch 63 step 161100 avg_loss=2.593
[8658.0s] epoch 63 step 161150 avg_loss=2.595
[8661.0s] epoch 63 step 161200 avg_loss=2.614
[8663.8s] epoch 63 step 161250 avg_loss=2.629
[8666.4s] epoch 63 step 161300 avg_loss=2.638
[8669.0s] epoch 63 step 161350 avg_loss=2.642
[8671.3s] epoch 63 step 161400 avg_loss=2.643
[8674.4s] epoch 63 step 161450 avg_loss=2.636
[8677.1s] epoch 63 step 161500 avg_loss=2.645
[8679.9s] epoch 63 step 161550 avg_loss=2.653
[8682.5s] epoch 63 step 161600 avg_loss=2.650
[8682.5s] === epoch 63 done: avg_loss=2.650 (n=2525 derivations) ===
[8685.0s] epoch 64 step 161650 avg_loss=2.403
[8687.2s] epoch 64 step 161700 avg_loss=2.327
[8690.0s] epoch 64 step 161750 avg_loss=2.389
[8692.8s] epoch 64 step 161800 avg_loss=2.414
[8695.9s] epoch 64 step 161850 avg_loss=2.392
[8698.2s] epoch 64 step 161900 avg_loss=2.369
[8701.1s] epoch 64 step 161950 avg_loss=2.453
[8704.0s] epoch 64 step 162000 avg_loss=2.476
[8706.9s] epoch 64 step 162050 avg_loss=2.439
[8709.5s] epoch 64 step 162100 avg_loss=2.446
[8711.8s] epoch 64 step 162150 avg_loss=2.448
[8714.5s] epoch 64 step 162200 avg_loss=2.458
[8717.3s] epoch 64 step 162250 avg_loss=2.453
[8720.1s] epoch 64 step 162300 avg_loss=2.480
[8722.7s] epoch 64 step 162350 avg_loss=2.490
[8725.6s] epoch 64 step 162400 avg_loss=2.480
[8728.3s] epoch 64 step 162450 avg_loss=2.481
[8731.4s] epoch 64 step 162500 avg_loss=2.522
[8733.9s] epoch 64 step 162550 avg_loss=2.551
[8736.3s] epoch 64 step 162600 avg_loss=2.530
[8738.5s] epoch 64 step 162650 avg_loss=2.511
[8740.7s] epoch 64 step 162700 avg_loss=2.502
[8743.4s] epoch 64 step 162750 avg_loss=2.514
[8745.9s] epoch 64 step 162800 avg_loss=2.525
[8748.3s] epoch 64 step 162850 avg_loss=2.530
[8750.8s] epoch 64 step 162900 avg_loss=2.516
[8753.6s] epoch 64 step 162950 avg_loss=2.533
[8756.2s] epoch 64 step 163000 avg_loss=2.536
[8759.3s] epoch 64 step 163050 avg_loss=2.554
[8761.8s] epoch 64 step 163100 avg_loss=2.572
[8764.1s] epoch 64 step 163150 avg_loss=2.580
[8766.5s] epoch 64 step 163200 avg_loss=2.576
[8769.4s] epoch 64 step 163250 avg_loss=2.579
[8772.1s] epoch 64 step 163300 avg_loss=2.579
[8774.7s] epoch 64 step 163350 avg_loss=2.595
[8777.2s] epoch 64 step 163400 avg_loss=2.612
[8779.4s] epoch 64 step 163450 avg_loss=2.610
[8782.1s] epoch 64 step 163500 avg_loss=2.609
[8785.2s] epoch 64 step 163550 avg_loss=2.619
[8788.0s] epoch 64 step 163600 avg_loss=2.626
[8790.6s] epoch 64 step 163650 avg_loss=2.625
[8793.5s] epoch 64 step 163700 avg_loss=2.621
[8796.0s] epoch 64 step 163750 avg_loss=2.617
[8798.4s] epoch 64 step 163800 avg_loss=2.629
[8801.4s] epoch 64 step 163850 avg_loss=2.632
[8804.2s] epoch 64 step 163900 avg_loss=2.630
[8806.7s] epoch 64 step 163950 avg_loss=2.647
[8809.5s] epoch 64 step 164000 avg_loss=2.662
[8812.4s] epoch 64 step 164050 avg_loss=2.672
[8815.2s] epoch 64 step 164100 avg_loss=2.679
[8816.6s] === epoch 64 done: avg_loss=2.682 (n=2525 derivations) ===
[8818.2s] epoch 65 step 164150 avg_loss=2.962
[8821.2s] epoch 65 step 164200 avg_loss=2.616
[8823.8s] epoch 65 step 164250 avg_loss=2.561
[8826.2s] epoch 65 step 164300 avg_loss=2.494
[8828.6s] epoch 65 step 164350 avg_loss=2.537
[8831.2s] epoch 65 step 164400 avg_loss=2.517
[8833.8s] epoch 65 step 164450 avg_loss=2.439
[8836.9s] epoch 65 step 164500 avg_loss=2.459
[8839.5s] epoch 65 step 164550 avg_loss=2.471
[8842.6s] epoch 65 step 164600 avg_loss=2.475
[8845.4s] epoch 65 step 164650 avg_loss=2.434
[8848.2s] epoch 65 step 164700 avg_loss=2.388
[8851.1s] epoch 65 step 164750 avg_loss=2.387
[8853.7s] epoch 65 step 164800 avg_loss=2.368
[8856.5s] epoch 65 step 164850 avg_loss=2.359
[8859.3s] epoch 65 step 164900 avg_loss=2.378
[8861.9s] epoch 65 step 164950 avg_loss=2.408
[8864.9s] epoch 65 step 165000 avg_loss=2.398
[8868.2s] epoch 65 step 165050 avg_loss=2.418
[8871.1s] epoch 65 step 165100 avg_loss=2.430
[8874.7s] epoch 65 step 165150 avg_loss=2.428
[8877.7s] epoch 65 step 165200 avg_loss=2.438
[8880.9s] epoch 65 step 165250 avg_loss=2.455
[8883.9s] epoch 65 step 165300 avg_loss=2.448
[8887.3s] epoch 65 step 165350 avg_loss=2.452
[8890.3s] epoch 65 step 165400 avg_loss=2.467
[8893.1s] epoch 65 step 165450 avg_loss=2.479
[8896.0s] epoch 65 step 165500 avg_loss=2.507
[8898.8s] epoch 65 step 165550 avg_loss=2.514
[8901.3s] epoch 65 step 165600 avg_loss=2.529
[8904.3s] epoch 65 step 165650 avg_loss=2.529
[8907.0s] epoch 65 step 165700 avg_loss=2.530
[8909.4s] epoch 65 step 165750 avg_loss=2.528
[8912.3s] epoch 65 step 165800 avg_loss=2.541
[8915.1s] epoch 65 step 165850 avg_loss=2.548
[8917.4s] epoch 65 step 165900 avg_loss=2.539
[8920.1s] epoch 65 step 165950 avg_loss=2.542
[8922.7s] epoch 65 step 166000 avg_loss=2.554
[8925.1s] epoch 65 step 166050 avg_loss=2.562
[8928.3s] epoch 65 step 166100 avg_loss=2.574
[8931.1s] epoch 65 step 166150 avg_loss=2.578
[8933.6s] epoch 65 step 166200 avg_loss=2.581
[8937.0s] epoch 65 step 166250 avg_loss=2.577
[8940.5s] epoch 65 step 166300 avg_loss=2.586
[8943.6s] epoch 65 step 166350 avg_loss=2.594
[8946.2s] epoch 65 step 166400 avg_loss=2.602
[8949.3s] epoch 65 step 166450 avg_loss=2.612
[8952.4s] epoch 65 step 166500 avg_loss=2.629
[8955.2s] epoch 65 step 166550 avg_loss=2.632
[8957.7s] epoch 65 step 166600 avg_loss=2.633
[8960.2s] epoch 65 step 166650 avg_loss=2.646
[8960.2s] === epoch 65 done: avg_loss=2.646 (n=2525 derivations) ===
[8963.0s] epoch 66 step 166700 avg_loss=2.537
[8965.6s] epoch 66 step 166750 avg_loss=2.361
[8968.6s] epoch 66 step 166800 avg_loss=2.347
[8971.2s] epoch 66 step 166850 avg_loss=2.325
[8973.9s] epoch 66 step 166900 avg_loss=2.309
[8976.2s] epoch 66 step 166950 avg_loss=2.348
[8979.1s] epoch 66 step 167000 avg_loss=2.384
[8981.5s] epoch 66 step 167050 avg_loss=2.378
[8984.0s] epoch 66 step 167100 avg_loss=2.438
[8986.8s] epoch 66 step 167150 avg_loss=2.446
[8989.5s] epoch 66 step 167200 avg_loss=2.464
[8992.1s] epoch 66 step 167250 avg_loss=2.493
[8994.7s] epoch 66 step 167300 avg_loss=2.482
[8997.3s] epoch 66 step 167350 avg_loss=2.483
[9000.2s] epoch 66 step 167400 avg_loss=2.473
[9002.9s] epoch 66 step 167450 avg_loss=2.479
[9005.9s] epoch 66 step 167500 avg_loss=2.469
[9008.9s] epoch 66 step 167550 avg_loss=2.487
[9011.9s] epoch 66 step 167600 avg_loss=2.494
[9014.9s] epoch 66 step 167650 avg_loss=2.492
[9018.3s] epoch 66 step 167700 avg_loss=2.511
[9021.2s] epoch 66 step 167750 avg_loss=2.543
[9024.1s] epoch 66 step 167800 avg_loss=2.523
[9027.0s] epoch 66 step 167850 avg_loss=2.519
[9029.9s] epoch 66 step 167900 avg_loss=2.523
[9032.7s] epoch 66 step 167950 avg_loss=2.515
[9035.3s] epoch 66 step 168000 avg_loss=2.519
[9038.3s] epoch 66 step 168050 avg_loss=2.536
[9041.4s] epoch 66 step 168100 avg_loss=2.541
[9044.2s] epoch 66 step 168150 avg_loss=2.536
[9047.3s] epoch 66 step 168200 avg_loss=2.528
[9050.1s] epoch 66 step 168250 avg_loss=2.530
[9053.3s] epoch 66 step 168300 avg_loss=2.534
[9056.1s] epoch 66 step 168350 avg_loss=2.528
[9058.8s] epoch 66 step 168400 avg_loss=2.541
[9061.3s] epoch 66 step 168450 avg_loss=2.548
[9063.8s] epoch 66 step 168500 avg_loss=2.540
[9066.7s] epoch 66 step 168550 avg_loss=2.561
[9069.0s] epoch 66 step 168600 avg_loss=2.556
[9072.3s] epoch 66 step 168650 avg_loss=2.566
[9074.9s] epoch 66 step 168700 avg_loss=2.561
[9077.6s] epoch 66 step 168750 avg_loss=2.557
[9079.8s] epoch 66 step 168800 avg_loss=2.552
[9082.7s] epoch 66 step 168850 avg_loss=2.563
[9085.5s] epoch 66 step 168900 avg_loss=2.571
[9088.1s] epoch 66 step 168950 avg_loss=2.586
[9090.6s] epoch 66 step 169000 avg_loss=2.591
[9093.0s] epoch 66 step 169050 avg_loss=2.602
[9095.9s] epoch 66 step 169100 avg_loss=2.613
[9098.9s] epoch 66 step 169150 avg_loss=2.619
[9100.4s] === epoch 66 done: avg_loss=2.628 (n=2525 derivations) ===
[9102.0s] epoch 67 step 169200 avg_loss=2.705
[9104.7s] epoch 67 step 169250 avg_loss=2.199
[9107.2s] epoch 67 step 169300 avg_loss=2.256
[9109.8s] epoch 67 step 169350 avg_loss=2.267
[9112.3s] epoch 67 step 169400 avg_loss=2.226
[9114.6s] epoch 67 step 169450 avg_loss=2.298
[9117.0s] epoch 67 step 169500 avg_loss=2.299
[9119.6s] epoch 67 step 169550 avg_loss=2.299
[9121.9s] epoch 67 step 169600 avg_loss=2.312
[9124.9s] epoch 67 step 169650 avg_loss=2.393
[9127.9s] epoch 67 step 169700 avg_loss=2.410
[9130.4s] epoch 67 step 169750 avg_loss=2.414
[9132.8s] epoch 67 step 169800 avg_loss=2.400
[9135.1s] epoch 67 step 169850 avg_loss=2.421
[9137.8s] epoch 67 step 169900 avg_loss=2.429
[9140.1s] epoch 67 step 169950 avg_loss=2.399
[9143.0s] epoch 67 step 170000 avg_loss=2.386
[9145.9s] epoch 67 step 170050 avg_loss=2.394
[9148.9s] epoch 67 step 170100 avg_loss=2.395
[9151.6s] epoch 67 step 170150 avg_loss=2.380
[9153.8s] epoch 67 step 170200 avg_loss=2.373
[9156.8s] epoch 67 step 170250 avg_loss=2.398
[9159.6s] epoch 67 step 170300 avg_loss=2.404
[9161.9s] epoch 67 step 170350 avg_loss=2.401
[9164.6s] epoch 67 step 170400 avg_loss=2.407
[9167.4s] epoch 67 step 170450 avg_loss=2.422
[9170.0s] epoch 67 step 170500 avg_loss=2.445
[9172.8s] epoch 67 step 170550 avg_loss=2.443
[9175.3s] epoch 67 step 170600 avg_loss=2.452
[9178.0s] epoch 67 step 170650 avg_loss=2.460
[9181.0s] epoch 67 step 170700 avg_loss=2.475
[9183.5s] epoch 67 step 170750 avg_loss=2.477
[9186.2s] epoch 67 step 170800 avg_loss=2.489
[9188.7s] epoch 67 step 170850 avg_loss=2.499
[9191.0s] epoch 67 step 170900 avg_loss=2.504
[9194.1s] epoch 67 step 170950 avg_loss=2.509
[9197.0s] epoch 67 step 171000 avg_loss=2.526
[9199.7s] epoch 67 step 171050 avg_loss=2.532
[9202.4s] epoch 67 step 171100 avg_loss=2.542
[9204.8s] epoch 67 step 171150 avg_loss=2.557
[9207.5s] epoch 67 step 171200 avg_loss=2.556
[9210.2s] epoch 67 step 171250 avg_loss=2.562
[9213.2s] epoch 67 step 171300 avg_loss=2.565
[9215.9s] epoch 67 step 171350 avg_loss=2.557
[9218.2s] epoch 67 step 171400 avg_loss=2.560
[9220.8s] epoch 67 step 171450 avg_loss=2.569
[9223.5s] epoch 67 step 171500 avg_loss=2.578
[9226.2s] epoch 67 step 171550 avg_loss=2.587
[9228.7s] epoch 67 step 171600 avg_loss=2.589
[9231.4s] epoch 67 step 171650 avg_loss=2.588
[9234.2s] epoch 67 step 171700 avg_loss=2.598
[9234.2s] === epoch 67 done: avg_loss=2.598 (n=2525 derivations) ===
[9236.7s] epoch 68 step 171750 avg_loss=1.924
[9239.3s] epoch 68 step 171800 avg_loss=2.150
[9242.0s] epoch 68 step 171850 avg_loss=2.244
[9244.9s] epoch 68 step 171900 avg_loss=2.252
[9247.6s] epoch 68 step 171950 avg_loss=2.257
[9250.1s] epoch 68 step 172000 avg_loss=2.280
[9252.7s] epoch 68 step 172050 avg_loss=2.279
[9255.3s] epoch 68 step 172100 avg_loss=2.280
[9257.9s] epoch 68 step 172150 avg_loss=2.266
[9260.2s] epoch 68 step 172200 avg_loss=2.308
[9263.0s] epoch 68 step 172250 avg_loss=2.318
[9265.5s] epoch 68 step 172300 avg_loss=2.316
[9267.9s] epoch 68 step 172350 avg_loss=2.307
[9271.0s] epoch 68 step 172400 avg_loss=2.323
[9273.8s] epoch 68 step 172450 avg_loss=2.339
[9276.8s] epoch 68 step 172500 avg_loss=2.352
[9279.3s] epoch 68 step 172550 avg_loss=2.380
[9281.9s] epoch 68 step 172600 avg_loss=2.387
[9284.4s] epoch 68 step 172650 avg_loss=2.403
[9286.9s] epoch 68 step 172700 avg_loss=2.408
[9289.6s] epoch 68 step 172750 avg_loss=2.423
[9292.3s] epoch 68 step 172800 avg_loss=2.427
[9295.0s] epoch 68 step 172850 avg_loss=2.439
[9297.6s] epoch 68 step 172900 avg_loss=2.445
[9299.9s] epoch 68 step 172950 avg_loss=2.448
[9302.8s] epoch 68 step 173000 avg_loss=2.469
[9305.5s] epoch 68 step 173050 avg_loss=2.459
[9308.3s] epoch 68 step 173100 avg_loss=2.477
[9311.0s] epoch 68 step 173150 avg_loss=2.482
[9313.8s] epoch 68 step 173200 avg_loss=2.501
[9316.3s] epoch 68 step 173250 avg_loss=2.516
[9319.1s] epoch 68 step 173300 avg_loss=2.520
[9322.0s] epoch 68 step 173350 avg_loss=2.512
[9324.3s] epoch 68 step 173400 avg_loss=2.511
[9327.0s] epoch 68 step 173450 avg_loss=2.524
[9329.4s] epoch 68 step 173500 avg_loss=2.520
[9331.8s] epoch 68 step 173550 avg_loss=2.530
[9334.2s] epoch 68 step 173600 avg_loss=2.538
[9336.8s] epoch 68 step 173650 avg_loss=2.541
[9339.4s] epoch 68 step 173700 avg_loss=2.547
[9342.1s] epoch 68 step 173750 avg_loss=2.544
[9344.9s] epoch 68 step 173800 avg_loss=2.550
[9347.7s] epoch 68 step 173850 avg_loss=2.548
[9350.0s] epoch 68 step 173900 avg_loss=2.550
[9352.6s] epoch 68 step 173950 avg_loss=2.553
[9355.2s] epoch 68 step 174000 avg_loss=2.553
[9358.0s] epoch 68 step 174050 avg_loss=2.565
[9360.7s] epoch 68 step 174100 avg_loss=2.571
[9363.8s] epoch 68 step 174150 avg_loss=2.584
[9366.6s] epoch 68 step 174200 avg_loss=2.606
[9368.2s] === epoch 68 done: avg_loss=2.610 (n=2525 derivations) ===
[9369.7s] epoch 69 step 174250 avg_loss=2.095
[9372.6s] epoch 69 step 174300 avg_loss=2.131
[9375.4s] epoch 69 step 174350 avg_loss=2.045
[9378.1s] epoch 69 step 174400 avg_loss=2.013
[9381.0s] epoch 69 step 174450 avg_loss=2.043
[9383.6s] epoch 69 step 174500 avg_loss=2.121
[9386.1s] epoch 69 step 174550 avg_loss=2.155
[9388.7s] epoch 69 step 174600 avg_loss=2.177
[9391.3s] epoch 69 step 174650 avg_loss=2.250
[9393.9s] epoch 69 step 174700 avg_loss=2.275
[9396.5s] epoch 69 step 174750 avg_loss=2.279
[9399.1s] epoch 69 step 174800 avg_loss=2.250
[9401.8s] epoch 69 step 174850 avg_loss=2.270
[9404.6s] epoch 69 step 174900 avg_loss=2.273
[9407.5s] epoch 69 step 174950 avg_loss=2.261
[9410.4s] epoch 69 step 175000 avg_loss=2.271
[9413.6s] epoch 69 step 175050 avg_loss=2.279
[9416.3s] epoch 69 step 175100 avg_loss=2.291
[9419.1s] epoch 69 step 175150 avg_loss=2.279
[9421.7s] epoch 69 step 175200 avg_loss=2.298
[9424.3s] epoch 69 step 175250 avg_loss=2.304
[9426.7s] epoch 69 step 175300 avg_loss=2.313
[9429.5s] epoch 69 step 175350 avg_loss=2.318
[9431.8s] epoch 69 step 175400 avg_loss=2.311
[9434.4s] epoch 69 step 175450 avg_loss=2.319
[9437.2s] epoch 69 step 175500 avg_loss=2.331
[9439.7s] epoch 69 step 175550 avg_loss=2.330
[9442.8s] epoch 69 step 175600 avg_loss=2.366
[9446.0s] epoch 69 step 175650 avg_loss=2.378
[9448.8s] epoch 69 step 175700 avg_loss=2.382
[9451.1s] epoch 69 step 175750 avg_loss=2.396
[9453.6s] epoch 69 step 175800 avg_loss=2.409
[9456.0s] epoch 69 step 175850 avg_loss=2.419
[9459.0s] epoch 69 step 175900 avg_loss=2.439
[9461.4s] epoch 69 step 175950 avg_loss=2.456
[9464.0s] epoch 69 step 176000 avg_loss=2.481
[9466.4s] epoch 69 step 176050 avg_loss=2.498
[9469.3s] epoch 69 step 176100 avg_loss=2.506
[9472.2s] epoch 69 step 176150 avg_loss=2.519
[9474.7s] epoch 69 step 176200 avg_loss=2.517
[9477.2s] epoch 69 step 176250 avg_loss=2.517
[9480.0s] epoch 69 step 176300 avg_loss=2.515
[9482.8s] epoch 69 step 176350 avg_loss=2.532
[9485.2s] epoch 69 step 176400 avg_loss=2.539
[9487.6s] epoch 69 step 176450 avg_loss=2.558
[9490.2s] epoch 69 step 176500 avg_loss=2.567
[9492.8s] epoch 69 step 176550 avg_loss=2.567
[9495.4s] epoch 69 step 176600 avg_loss=2.561
[9497.8s] epoch 69 step 176650 avg_loss=2.569
[9500.4s] epoch 69 step 176700 avg_loss=2.572
[9502.8s] epoch 69 step 176750 avg_loss=2.585
[9502.8s] === epoch 69 done: avg_loss=2.585 (n=2525 derivations) ===
[9505.4s] epoch 70 step 176800 avg_loss=2.163
[9508.2s] epoch 70 step 176850 avg_loss=2.239
[9510.5s] epoch 70 step 176900 avg_loss=2.238
[9513.4s] epoch 70 step 176950 avg_loss=2.240
[9516.1s] epoch 70 step 177000 avg_loss=2.349
[9518.8s] epoch 70 step 177050 avg_loss=2.364
[9521.3s] epoch 70 step 177100 avg_loss=2.375
[9523.8s] epoch 70 step 177150 avg_loss=2.387
[9526.6s] epoch 70 step 177200 avg_loss=2.407
[9529.3s] epoch 70 step 177250 avg_loss=2.437
[9532.1s] epoch 70 step 177300 avg_loss=2.462
[9534.7s] epoch 70 step 177350 avg_loss=2.429
[9537.0s] epoch 70 step 177400 avg_loss=2.394
[9539.8s] epoch 70 step 177450 avg_loss=2.368
[9542.5s] epoch 70 step 177500 avg_loss=2.403
[9545.3s] epoch 70 step 177550 avg_loss=2.410
[9548.2s] epoch 70 step 177600 avg_loss=2.414
[9551.2s] epoch 70 step 177650 avg_loss=2.430
[9553.6s] epoch 70 step 177700 avg_loss=2.447
[9556.3s] epoch 70 step 177750 avg_loss=2.457
[9558.8s] epoch 70 step 177800 avg_loss=2.449
[9561.5s] epoch 70 step 177850 avg_loss=2.464
[9564.2s] epoch 70 step 177900 avg_loss=2.455
[9566.8s] epoch 70 step 177950 avg_loss=2.441
[9569.7s] epoch 70 step 178000 avg_loss=2.449
[9572.8s] epoch 70 step 178050 avg_loss=2.450
[9575.4s] epoch 70 step 178100 avg_loss=2.470
[9578.1s] epoch 70 step 178150 avg_loss=2.482
[9580.7s] epoch 70 step 178200 avg_loss=2.472
[9583.4s] epoch 70 step 178250 avg_loss=2.480
[9585.9s] epoch 70 step 178300 avg_loss=2.510
[9588.7s] epoch 70 step 178350 avg_loss=2.500
[9591.6s] epoch 70 step 178400 avg_loss=2.507
[9593.9s] epoch 70 step 178450 avg_loss=2.499
[9597.1s] epoch 70 step 178500 avg_loss=2.516
[9599.5s] epoch 70 step 178550 avg_loss=2.507
[9602.3s] epoch 70 step 178600 avg_loss=2.513
[9605.2s] epoch 70 step 178650 avg_loss=2.508
[9607.5s] epoch 70 step 178700 avg_loss=2.515
[9610.2s] epoch 70 step 178750 avg_loss=2.515
[9612.9s] epoch 70 step 178800 avg_loss=2.527
[9615.4s] epoch 70 step 178850 avg_loss=2.526
[9617.9s] epoch 70 step 178900 avg_loss=2.531
[9620.2s] epoch 70 step 178950 avg_loss=2.533
[9622.7s] epoch 70 step 179000 avg_loss=2.538
[9625.3s] epoch 70 step 179050 avg_loss=2.551
[9627.6s] epoch 70 step 179100 avg_loss=2.548
[9629.8s] epoch 70 step 179150 avg_loss=2.548
[9632.7s] epoch 70 step 179200 avg_loss=2.556
[9635.1s] epoch 70 step 179250 avg_loss=2.564
[9636.3s] === epoch 70 done: avg_loss=2.562 (n=2525 derivations) ===
[9637.6s] epoch 71 step 179300 avg_loss=1.972
[9640.3s] epoch 71 step 179350 avg_loss=2.474
[9642.6s] epoch 71 step 179400 avg_loss=2.358
[9644.8s] epoch 71 step 179450 avg_loss=2.202
[9647.3s] epoch 71 step 179500 avg_loss=2.342
[9649.7s] epoch 71 step 179550 avg_loss=2.304
[9652.1s] epoch 71 step 179600 avg_loss=2.358
[9654.2s] epoch 71 step 179650 avg_loss=2.356
[9657.2s] epoch 71 step 179700 avg_loss=2.406
[9660.3s] epoch 71 step 179750 avg_loss=2.418
[9663.0s] epoch 71 step 179800 avg_loss=2.414
[9665.6s] epoch 71 step 179850 avg_loss=2.426
[9667.8s] epoch 71 step 179900 avg_loss=2.386
[9670.2s] epoch 71 step 179950 avg_loss=2.410
[9672.4s] epoch 71 step 180000 avg_loss=2.408
[9675.2s] epoch 71 step 180050 avg_loss=2.405
[9678.3s] epoch 71 step 180100 avg_loss=2.417
[9680.8s] epoch 71 step 180150 avg_loss=2.405
[9683.5s] epoch 71 step 180200 avg_loss=2.404
[9686.3s] epoch 71 step 180250 avg_loss=2.415
[9689.4s] epoch 71 step 180300 avg_loss=2.420
[9692.0s] epoch 71 step 180350 avg_loss=2.413
[9694.7s] epoch 71 step 180400 avg_loss=2.415
[9697.4s] epoch 71 step 180450 avg_loss=2.435
[9700.0s] epoch 71 step 180500 avg_loss=2.457
[9702.2s] epoch 71 step 180550 avg_loss=2.469
[9704.6s] epoch 71 step 180600 avg_loss=2.459
[9707.3s] epoch 71 step 180650 avg_loss=2.478
[9709.9s] epoch 71 step 180700 avg_loss=2.464
[9712.2s] epoch 71 step 180750 avg_loss=2.461
[9715.2s] epoch 71 step 180800 avg_loss=2.479
[9717.7s] epoch 71 step 180850 avg_loss=2.477
[9720.4s] epoch 71 step 180900 avg_loss=2.485
[9723.0s] epoch 71 step 180950 avg_loss=2.500
[9725.4s] epoch 71 step 181000 avg_loss=2.510
[9728.0s] epoch 71 step 181050 avg_loss=2.522
[9730.3s] epoch 71 step 181100 avg_loss=2.523
[9733.1s] epoch 71 step 181150 avg_loss=2.530
[9735.8s] epoch 71 step 181200 avg_loss=2.528
[9738.4s] epoch 71 step 181250 avg_loss=2.527
[9741.0s] epoch 71 step 181300 avg_loss=2.533
[9743.7s] epoch 71 step 181350 avg_loss=2.553
[9746.6s] epoch 71 step 181400 avg_loss=2.550
[9749.4s] epoch 71 step 181450 avg_loss=2.559
[9752.4s] epoch 71 step 181500 avg_loss=2.573
[9754.8s] epoch 71 step 181550 avg_loss=2.568
[9757.4s] epoch 71 step 181600 avg_loss=2.566
[9760.2s] epoch 71 step 181650 avg_loss=2.574
[9762.8s] epoch 71 step 181700 avg_loss=2.579
[9765.2s] epoch 71 step 181750 avg_loss=2.578
[9768.1s] epoch 71 step 181800 avg_loss=2.580
[9768.1s] === epoch 71 done: avg_loss=2.580 (n=2525 derivations) ===
[9770.6s] epoch 72 step 181850 avg_loss=2.020
[9773.1s] epoch 72 step 181900 avg_loss=2.170
[9775.6s] epoch 72 step 181950 avg_loss=2.114
[9778.2s] epoch 72 step 182000 avg_loss=2.090
[9780.9s] epoch 72 step 182050 avg_loss=2.150
[9783.8s] epoch 72 step 182100 avg_loss=2.232
[9786.5s] epoch 72 step 182150 avg_loss=2.252
[9789.1s] epoch 72 step 182200 avg_loss=2.260
[9791.8s] epoch 72 step 182250 avg_loss=2.268
[9794.5s] epoch 72 step 182300 avg_loss=2.318
[9797.1s] epoch 72 step 182350 avg_loss=2.304
[9799.5s] epoch 72 step 182400 avg_loss=2.297
[9802.3s] epoch 72 step 182450 avg_loss=2.289
[9804.8s] epoch 72 step 182500 avg_loss=2.288
[9807.7s] epoch 72 step 182550 avg_loss=2.281
[9810.2s] epoch 72 step 182600 avg_loss=2.310
[9812.3s] epoch 72 step 182650 avg_loss=2.306
[9815.1s] epoch 72 step 182700 avg_loss=2.323
[9817.6s] epoch 72 step 182750 avg_loss=2.316
[9820.5s] epoch 72 step 182800 avg_loss=2.324
[9823.0s] epoch 72 step 182850 avg_loss=2.333
[9825.8s] epoch 72 step 182900 avg_loss=2.354
[9828.3s] epoch 72 step 182950 avg_loss=2.389
[9830.6s] epoch 72 step 183000 avg_loss=2.398
[9833.3s] epoch 72 step 183050 avg_loss=2.400
[9835.5s] epoch 72 step 183100 avg_loss=2.413
[9838.0s] epoch 72 step 183150 avg_loss=2.428
[9840.4s] epoch 72 step 183200 avg_loss=2.427
[9843.3s] epoch 72 step 183250 avg_loss=2.436
[9845.7s] epoch 72 step 183300 avg_loss=2.439
[9848.2s] epoch 72 step 183350 avg_loss=2.430
[9850.9s] epoch 72 step 183400 avg_loss=2.436
[9853.4s] epoch 72 step 183450 avg_loss=2.444
[9855.5s] epoch 72 step 183500 avg_loss=2.449
[9858.3s] epoch 72 step 183550 avg_loss=2.467
[9860.9s] epoch 72 step 183600 avg_loss=2.464
[9863.7s] epoch 72 step 183650 avg_loss=2.463
[9866.2s] epoch 72 step 183700 avg_loss=2.467
[9868.5s] epoch 72 step 183750 avg_loss=2.485
[9871.5s] epoch 72 step 183800 avg_loss=2.501
[9874.5s] epoch 72 step 183850 avg_loss=2.509
[9877.2s] epoch 72 step 183900 avg_loss=2.520
[9879.9s] epoch 72 step 183950 avg_loss=2.527
[9882.7s] epoch 72 step 184000 avg_loss=2.534
[9885.3s] epoch 72 step 184050 avg_loss=2.533
[9888.0s] epoch 72 step 184100 avg_loss=2.532
[9890.4s] epoch 72 step 184150 avg_loss=2.537
[9893.0s] epoch 72 step 184200 avg_loss=2.548
[9896.0s] epoch 72 step 184250 avg_loss=2.552
[9898.7s] epoch 72 step 184300 avg_loss=2.558
[9900.1s] === epoch 72 done: avg_loss=2.567 (n=2525 derivations) ===
[9901.5s] epoch 73 step 184350 avg_loss=2.196
[9904.3s] epoch 73 step 184400 avg_loss=2.253
[9906.9s] epoch 73 step 184450 avg_loss=2.221
[9909.2s] epoch 73 step 184500 avg_loss=2.082
[9912.0s] epoch 73 step 184550 avg_loss=2.158
[9915.0s] epoch 73 step 184600 avg_loss=2.242
[9918.3s] epoch 73 step 184650 avg_loss=2.299
[9921.5s] epoch 73 step 184700 avg_loss=2.296
[9924.3s] epoch 73 step 184750 avg_loss=2.325
[9926.9s] epoch 73 step 184800 avg_loss=2.308
[9929.4s] epoch 73 step 184850 avg_loss=2.271
[9932.2s] epoch 73 step 184900 avg_loss=2.281
[9934.8s] epoch 73 step 184950 avg_loss=2.294
[9937.2s] epoch 73 step 185000 avg_loss=2.287
[9939.7s] epoch 73 step 185050 avg_loss=2.294
[9942.4s] epoch 73 step 185100 avg_loss=2.304
[9945.1s] epoch 73 step 185150 avg_loss=2.306
[9947.7s] epoch 73 step 185200 avg_loss=2.303
[9950.4s] epoch 73 step 185250 avg_loss=2.307
[9953.2s] epoch 73 step 185300 avg_loss=2.320
[9956.0s] epoch 73 step 185350 avg_loss=2.325
[9958.8s] epoch 73 step 185400 avg_loss=2.339
[9961.5s] epoch 73 step 185450 avg_loss=2.341
[9964.0s] epoch 73 step 185500 avg_loss=2.355
[9966.5s] epoch 73 step 185550 avg_loss=2.364
[9969.1s] epoch 73 step 185600 avg_loss=2.353
[9971.5s] epoch 73 step 185650 avg_loss=2.348
[9974.1s] epoch 73 step 185700 avg_loss=2.360
[9976.5s] epoch 73 step 185750 avg_loss=2.403
[9978.6s] epoch 73 step 185800 avg_loss=2.403
[9981.1s] epoch 73 step 185850 avg_loss=2.400
[9983.8s] epoch 73 step 185900 avg_loss=2.430
[9986.6s] epoch 73 step 185950 avg_loss=2.451
[9989.2s] epoch 73 step 186000 avg_loss=2.457
[9991.6s] epoch 73 step 186050 avg_loss=2.469
[9994.8s] epoch 73 step 186100 avg_loss=2.488
[9997.4s] epoch 73 step 186150 avg_loss=2.488
[9999.9s] epoch 73 step 186200 avg_loss=2.485
[10002.3s] epoch 73 step 186250 avg_loss=2.490
[10004.9s] epoch 73 step 186300 avg_loss=2.484
[10007.6s] epoch 73 step 186350 avg_loss=2.495
[10010.8s] epoch 73 step 186400 avg_loss=2.497
[10013.3s] epoch 73 step 186450 avg_loss=2.496
[10016.5s] epoch 73 step 186500 avg_loss=2.501
[10019.8s] epoch 73 step 186550 avg_loss=2.520
[10022.3s] epoch 73 step 186600 avg_loss=2.523
[10024.8s] epoch 73 step 186650 avg_loss=2.530
[10027.7s] epoch 73 step 186700 avg_loss=2.537
[10030.1s] epoch 73 step 186750 avg_loss=2.537
[10033.2s] epoch 73 step 186800 avg_loss=2.542
[10036.0s] epoch 73 step 186850 avg_loss=2.544
[10036.0s] === epoch 73 done: avg_loss=2.544 (n=2525 derivations) ===
[10038.7s] epoch 74 step 186900 avg_loss=2.033
[10042.0s] epoch 74 step 186950 avg_loss=2.096
[10044.7s] epoch 74 step 187000 avg_loss=2.075
[10048.2s] epoch 74 step 187050 avg_loss=2.117
[10050.6s] epoch 74 step 187100 avg_loss=2.077
[10053.5s] epoch 74 step 187150 avg_loss=2.105
[10056.3s] epoch 74 step 187200 avg_loss=2.119
[10059.0s] epoch 74 step 187250 avg_loss=2.172
[10061.4s] epoch 74 step 187300 avg_loss=2.161
[10063.8s] epoch 74 step 187350 avg_loss=2.182
[10066.3s] epoch 74 step 187400 avg_loss=2.190
[10069.1s] epoch 74 step 187450 avg_loss=2.252
[10071.8s] epoch 74 step 187500 avg_loss=2.257
[10074.5s] epoch 74 step 187550 avg_loss=2.262
[10077.3s] epoch 74 step 187600 avg_loss=2.264
[10080.0s] epoch 74 step 187650 avg_loss=2.264
[10082.7s] epoch 74 step 187700 avg_loss=2.286
[10085.2s] epoch 74 step 187750 avg_loss=2.299
[10087.9s] epoch 74 step 187800 avg_loss=2.305
[10090.3s] epoch 74 step 187850 avg_loss=2.319
[10092.8s] epoch 74 step 187900 avg_loss=2.335
[10095.4s] epoch 74 step 187950 avg_loss=2.361
[10098.0s] epoch 74 step 188000 avg_loss=2.352
[10100.4s] epoch 74 step 188050 avg_loss=2.350
[10102.7s] epoch 74 step 188100 avg_loss=2.348
[10105.3s] epoch 74 step 188150 avg_loss=2.344
[10108.4s] epoch 74 step 188200 avg_loss=2.364
[10111.1s] epoch 74 step 188250 avg_loss=2.382
[10113.7s] epoch 74 step 188300 avg_loss=2.375
[10116.0s] epoch 74 step 188350 avg_loss=2.380
[10118.7s] epoch 74 step 188400 avg_loss=2.382
[10121.6s] epoch 74 step 188450 avg_loss=2.398
[10124.5s] epoch 74 step 188500 avg_loss=2.412
[10127.3s] epoch 74 step 188550 avg_loss=2.411
[10130.3s] epoch 74 step 188600 avg_loss=2.418
[10132.6s] epoch 74 step 188650 avg_loss=2.409
[10135.2s] epoch 74 step 188700 avg_loss=2.409
[10137.6s] epoch 74 step 188750 avg_loss=2.419
[10140.0s] epoch 74 step 188800 avg_loss=2.427
[10142.8s] epoch 74 step 188850 avg_loss=2.440
[10145.4s] epoch 74 step 188900 avg_loss=2.451
[10148.1s] epoch 74 step 188950 avg_loss=2.459
[10151.0s] epoch 74 step 189000 avg_loss=2.473
[10153.8s] epoch 74 step 189050 avg_loss=2.477
[10156.8s] epoch 74 step 189100 avg_loss=2.489
[10159.5s] epoch 74 step 189150 avg_loss=2.503
[10162.1s] epoch 74 step 189200 avg_loss=2.507
[10164.6s] epoch 74 step 189250 avg_loss=2.528
[10167.4s] epoch 74 step 189300 avg_loss=2.527
[10169.9s] epoch 74 step 189350 avg_loss=2.523
[10171.1s] === epoch 74 done: avg_loss=2.525 (n=2525 derivations) ===
[10172.3s] epoch 75 step 189400 avg_loss=2.237
[10175.0s] epoch 75 step 189450 avg_loss=1.835
[10177.4s] epoch 75 step 189500 avg_loss=1.901
[10180.0s] epoch 75 step 189550 avg_loss=2.011
[10182.6s] epoch 75 step 189600 avg_loss=1.999
[10185.5s] epoch 75 step 189650 avg_loss=2.008
[10188.3s] epoch 75 step 189700 avg_loss=2.072
[10190.7s] epoch 75 step 189750 avg_loss=2.119
[10193.1s] epoch 75 step 189800 avg_loss=2.092
[10195.7s] epoch 75 step 189850 avg_loss=2.102
[10198.4s] epoch 75 step 189900 avg_loss=2.117
[10201.3s] epoch 75 step 189950 avg_loss=2.166
[10203.8s] epoch 75 step 190000 avg_loss=2.163
[10206.4s] epoch 75 step 190050 avg_loss=2.178
[10209.3s] epoch 75 step 190100 avg_loss=2.181
[10211.7s] epoch 75 step 190150 avg_loss=2.197
[10214.7s] epoch 75 step 190200 avg_loss=2.218
[10217.7s] epoch 75 step 190250 avg_loss=2.223
[10220.7s] epoch 75 step 190300 avg_loss=2.224
[10223.7s] epoch 75 step 190350 avg_loss=2.227
[10226.3s] epoch 75 step 190400 avg_loss=2.248
[10229.2s] epoch 75 step 190450 avg_loss=2.263
[10232.6s] epoch 75 step 190500 avg_loss=2.276
[10235.5s] epoch 75 step 190550 avg_loss=2.305
[10238.8s] epoch 75 step 190600 avg_loss=2.352
[10241.7s] epoch 75 step 190650 avg_loss=2.388
[10245.0s] epoch 75 step 190700 avg_loss=2.385
[10247.9s] epoch 75 step 190750 avg_loss=2.384
[10250.6s] epoch 75 step 190800 avg_loss=2.394
[10253.5s] epoch 75 step 190850 avg_loss=2.413
[10256.4s] epoch 75 step 190900 avg_loss=2.423
[10258.6s] epoch 75 step 190950 avg_loss=2.425
[10261.1s] epoch 75 step 191000 avg_loss=2.425
[10263.6s] epoch 75 step 191050 avg_loss=2.429
[10265.9s] epoch 75 step 191100 avg_loss=2.418
[10268.5s] epoch 75 step 191150 avg_loss=2.424
[10271.1s] epoch 75 step 191200 avg_loss=2.433
[10273.5s] epoch 75 step 191250 avg_loss=2.442
[10275.8s] epoch 75 step 191300 avg_loss=2.439
[10278.5s] epoch 75 step 191350 avg_loss=2.446
[10281.3s] epoch 75 step 191400 avg_loss=2.462
[10283.8s] epoch 75 step 191450 avg_loss=2.455
[10286.4s] epoch 75 step 191500 avg_loss=2.471
[10288.8s] epoch 75 step 191550 avg_loss=2.470
[10291.6s] epoch 75 step 191600 avg_loss=2.486
[10294.7s] epoch 75 step 191650 avg_loss=2.498
[10297.8s] epoch 75 step 191700 avg_loss=2.509
[10300.4s] epoch 75 step 191750 avg_loss=2.504
[10303.2s] epoch 75 step 191800 avg_loss=2.503
[10306.3s] epoch 75 step 191850 avg_loss=2.509
[10309.4s] epoch 75 step 191900 avg_loss=2.516
[10309.4s] === epoch 75 done: avg_loss=2.516 (n=2525 derivations) ===
[10311.8s] epoch 76 step 191950 avg_loss=2.007
[10314.4s] epoch 76 step 192000 avg_loss=1.936
[10317.1s] epoch 76 step 192050 avg_loss=2.058
[10319.8s] epoch 76 step 192100 avg_loss=2.081
[10322.7s] epoch 76 step 192150 avg_loss=2.087
[10325.0s] epoch 76 step 192200 avg_loss=2.080
[10327.6s] epoch 76 step 192250 avg_loss=2.093
[10330.6s] epoch 76 step 192300 avg_loss=2.069
[10333.1s] epoch 76 step 192350 avg_loss=2.109
[10335.5s] epoch 76 step 192400 avg_loss=2.101
[10338.2s] epoch 76 step 192450 avg_loss=2.105
[10340.4s] epoch 76 step 192500 avg_loss=2.120
[10343.1s] epoch 76 step 192550 avg_loss=2.129
[10345.8s] epoch 76 step 192600 avg_loss=2.139
[10348.3s] epoch 76 step 192650 avg_loss=2.161
[10350.5s] epoch 76 step 192700 avg_loss=2.155
[10353.0s] epoch 76 step 192750 avg_loss=2.179
[10355.9s] epoch 76 step 192800 avg_loss=2.201
[10358.7s] epoch 76 step 192850 avg_loss=2.257
[10360.9s] epoch 76 step 192900 avg_loss=2.260
[10363.2s] epoch 76 step 192950 avg_loss=2.275
[10366.0s] epoch 76 step 193000 avg_loss=2.288
[10368.7s] epoch 76 step 193050 avg_loss=2.318
[10371.9s] epoch 76 step 193100 avg_loss=2.347
[10374.6s] epoch 76 step 193150 avg_loss=2.344
[10377.0s] epoch 76 step 193200 avg_loss=2.354
[10379.9s] epoch 76 step 193250 avg_loss=2.387
[10382.8s] epoch 76 step 193300 avg_loss=2.398
[10385.5s] epoch 76 step 193350 avg_loss=2.427
[10388.1s] epoch 76 step 193400 avg_loss=2.429
[10390.4s] epoch 76 step 193450 avg_loss=2.427
[10393.0s] epoch 76 step 193500 avg_loss=2.418
[10395.5s] epoch 76 step 193550 avg_loss=2.420
[10398.2s] epoch 76 step 193600 avg_loss=2.430
[10400.6s] epoch 76 step 193650 avg_loss=2.430
[10403.1s] epoch 76 step 193700 avg_loss=2.436
[10405.7s] epoch 76 step 193750 avg_loss=2.440
[10408.3s] epoch 76 step 193800 avg_loss=2.431
[10411.1s] epoch 76 step 193850 avg_loss=2.434
[10413.7s] epoch 76 step 193900 avg_loss=2.430
[10416.8s] epoch 76 step 193950 avg_loss=2.450
[10419.1s] epoch 76 step 194000 avg_loss=2.449
[10421.6s] epoch 76 step 194050 avg_loss=2.457
[10424.4s] epoch 76 step 194100 avg_loss=2.471
[10427.2s] epoch 76 step 194150 avg_loss=2.476
[10429.8s] epoch 76 step 194200 avg_loss=2.497
[10432.4s] epoch 76 step 194250 avg_loss=2.510
[10435.0s] epoch 76 step 194300 avg_loss=2.511
[10438.1s] epoch 76 step 194350 avg_loss=2.515
[10440.9s] epoch 76 step 194400 avg_loss=2.515
[10442.3s] === epoch 76 done: avg_loss=2.516 (n=2525 derivations) ===
[10443.6s] epoch 77 step 194450 avg_loss=2.018
[10446.5s] epoch 77 step 194500 avg_loss=2.221
[10448.9s] epoch 77 step 194550 avg_loss=2.270
[10451.5s] epoch 77 step 194600 avg_loss=2.270
[10453.7s] epoch 77 step 194650 avg_loss=2.300
[10456.3s] epoch 77 step 194700 avg_loss=2.271
[10458.8s] epoch 77 step 194750 avg_loss=2.202
[10461.5s] epoch 77 step 194800 avg_loss=2.230
[10464.3s] epoch 77 step 194850 avg_loss=2.243
[10467.0s] epoch 77 step 194900 avg_loss=2.259
[10469.9s] epoch 77 step 194950 avg_loss=2.267
[10472.2s] epoch 77 step 195000 avg_loss=2.274
[10474.7s] epoch 77 step 195050 avg_loss=2.302
[10477.2s] epoch 77 step 195100 avg_loss=2.272
[10479.9s] epoch 77 step 195150 avg_loss=2.327
[10482.6s] epoch 77 step 195200 avg_loss=2.323
[10485.2s] epoch 77 step 195250 avg_loss=2.340
[10487.6s] epoch 77 step 195300 avg_loss=2.340
[10489.9s] epoch 77 step 195350 avg_loss=2.339
[10492.2s] epoch 77 step 195400 avg_loss=2.353
[10494.6s] epoch 77 step 195450 avg_loss=2.359
[10496.9s] epoch 77 step 195500 avg_loss=2.362
[10499.9s] epoch 77 step 195550 avg_loss=2.388
[10502.1s] epoch 77 step 195600 avg_loss=2.387
[10504.5s] epoch 77 step 195650 avg_loss=2.395
[10506.7s] epoch 77 step 195700 avg_loss=2.416
[10508.8s] epoch 77 step 195750 avg_loss=2.414
[10511.3s] epoch 77 step 195800 avg_loss=2.404
[10513.8s] epoch 77 step 195850 avg_loss=2.417
[10516.0s] epoch 77 step 195900 avg_loss=2.419
[10518.7s] epoch 77 step 195950 avg_loss=2.427
[10521.0s] epoch 77 step 196000 avg_loss=2.430
[10524.0s] epoch 77 step 196050 avg_loss=2.444
[10526.7s] epoch 77 step 196100 avg_loss=2.441
[10529.5s] epoch 77 step 196150 avg_loss=2.448
[10532.2s] epoch 77 step 196200 avg_loss=2.447
[10534.6s] epoch 77 step 196250 avg_loss=2.445
[10537.4s] epoch 77 step 196300 avg_loss=2.439
[10540.2s] epoch 77 step 196350 avg_loss=2.449
[10543.2s] epoch 77 step 196400 avg_loss=2.444
[10546.1s] epoch 77 step 196450 avg_loss=2.448
[10548.6s] epoch 77 step 196500 avg_loss=2.463
[10551.1s] epoch 77 step 196550 avg_loss=2.464
[10553.6s] epoch 77 step 196600 avg_loss=2.459
[10556.6s] epoch 77 step 196650 avg_loss=2.462
[10559.2s] epoch 77 step 196700 avg_loss=2.468
[10561.7s] epoch 77 step 196750 avg_loss=2.475
[10564.5s] epoch 77 step 196800 avg_loss=2.473
[10567.4s] epoch 77 step 196850 avg_loss=2.489
[10569.9s] epoch 77 step 196900 avg_loss=2.498
[10572.7s] epoch 77 step 196950 avg_loss=2.515
[10572.7s] === epoch 77 done: avg_loss=2.515 (n=2525 derivations) ===
[10575.0s] epoch 78 step 197000 avg_loss=1.862
[10578.0s] epoch 78 step 197050 avg_loss=1.956
[10580.7s] epoch 78 step 197100 avg_loss=2.149
[10583.3s] epoch 78 step 197150 avg_loss=2.240
[10586.0s] epoch 78 step 197200 avg_loss=2.288
[10588.6s] epoch 78 step 197250 avg_loss=2.232
[10591.2s] epoch 78 step 197300 avg_loss=2.252
[10593.7s] epoch 78 step 197350 avg_loss=2.258
[10596.4s] epoch 78 step 197400 avg_loss=2.232
[10598.7s] epoch 78 step 197450 avg_loss=2.239
[10601.0s] epoch 78 step 197500 avg_loss=2.254
[10603.7s] epoch 78 step 197550 avg_loss=2.268
[10606.3s] epoch 78 step 197600 avg_loss=2.289
[10609.1s] epoch 78 step 197650 avg_loss=2.301
[10611.4s] epoch 78 step 197700 avg_loss=2.284
[10614.3s] epoch 78 step 197750 avg_loss=2.286
[10616.9s] epoch 78 step 197800 avg_loss=2.275
[10619.4s] epoch 78 step 197850 avg_loss=2.282
[10622.5s] epoch 78 step 197900 avg_loss=2.294
[10625.2s] epoch 78 step 197950 avg_loss=2.299
[10627.6s] epoch 78 step 198000 avg_loss=2.298
[10630.2s] epoch 78 step 198050 avg_loss=2.288
[10633.0s] epoch 78 step 198100 avg_loss=2.288
[10635.7s] epoch 78 step 198150 avg_loss=2.280
[10638.5s] epoch 78 step 198200 avg_loss=2.280
[10640.9s] epoch 78 step 198250 avg_loss=2.289
[10643.4s] epoch 78 step 198300 avg_loss=2.295
[10646.4s] epoch 78 step 198350 avg_loss=2.305
[10649.4s] epoch 78 step 198400 avg_loss=2.312
[10651.9s] epoch 78 step 198450 avg_loss=2.329
[10654.7s] epoch 78 step 198500 avg_loss=2.347
[10657.0s] epoch 78 step 198550 avg_loss=2.357
[10659.6s] epoch 78 step 198600 avg_loss=2.386
[10662.3s] epoch 78 step 198650 avg_loss=2.388
[10665.0s] epoch 78 step 198700 avg_loss=2.399
[10667.8s] epoch 78 step 198750 avg_loss=2.402
[10670.8s] epoch 78 step 198800 avg_loss=2.415
[10673.4s] epoch 78 step 198850 avg_loss=2.431
[10676.4s] epoch 78 step 198900 avg_loss=2.436
[10679.3s] epoch 78 step 198950 avg_loss=2.438
[10681.9s] epoch 78 step 199000 avg_loss=2.444
[10684.5s] epoch 78 step 199050 avg_loss=2.449
[10686.8s] epoch 78 step 199100 avg_loss=2.450
[10689.5s] epoch 78 step 199150 avg_loss=2.457
[10692.3s] epoch 78 step 199200 avg_loss=2.463
[10694.8s] epoch 78 step 199250 avg_loss=2.470
[10697.0s] epoch 78 step 199300 avg_loss=2.475
[10699.2s] epoch 78 step 199350 avg_loss=2.469
[10701.2s] epoch 78 step 199400 avg_loss=2.470
[10703.6s] epoch 78 step 199450 avg_loss=2.475
[10704.7s] === epoch 78 done: avg_loss=2.475 (n=2525 derivations) ===
[10705.9s] epoch 79 step 199500 avg_loss=1.729
[10708.7s] epoch 79 step 199550 avg_loss=1.749
[10711.3s] epoch 79 step 199600 avg_loss=1.876
[10713.8s] epoch 79 step 199650 avg_loss=1.966
[10716.4s] epoch 79 step 199700 avg_loss=1.934
[10719.2s] epoch 79 step 199750 avg_loss=1.982
[10721.5s] epoch 79 step 199800 avg_loss=2.011
[10724.0s] epoch 79 step 199850 avg_loss=2.018
[10726.5s] epoch 79 step 199900 avg_loss=2.063
[10729.3s] epoch 79 step 199950 avg_loss=2.101
[10731.9s] epoch 79 step 200000 avg_loss=2.141
[10734.3s] epoch 79 step 200050 avg_loss=2.173
[10737.5s] epoch 79 step 200100 avg_loss=2.207
[10740.5s] epoch 79 step 200150 avg_loss=2.214
[10743.5s] epoch 79 step 200200 avg_loss=2.199
[10746.4s] epoch 79 step 200250 avg_loss=2.232
[10749.4s] epoch 79 step 200300 avg_loss=2.230
[10752.5s] epoch 79 step 200350 avg_loss=2.242
[10755.3s] epoch 79 step 200400 avg_loss=2.251
[10758.8s] epoch 79 step 200450 avg_loss=2.274
[10761.5s] epoch 79 step 200500 avg_loss=2.258
[10764.1s] epoch 79 step 200550 avg_loss=2.270
[10767.0s] epoch 79 step 200600 avg_loss=2.298
[10769.7s] epoch 79 step 200650 avg_loss=2.307
[10772.1s] epoch 79 step 200700 avg_loss=2.310
[10774.6s] epoch 79 step 200750 avg_loss=2.321
[10777.6s] epoch 79 step 200800 avg_loss=2.346
[10780.4s] epoch 79 step 200850 avg_loss=2.362
[10783.2s] epoch 79 step 200900 avg_loss=2.374
[10785.9s] epoch 79 step 200950 avg_loss=2.388
[10788.3s] epoch 79 step 201000 avg_loss=2.374
[10791.1s] epoch 79 step 201050 avg_loss=2.374
[10793.9s] epoch 79 step 201100 avg_loss=2.393
[10796.5s] epoch 79 step 201150 avg_loss=2.402
[10798.9s] epoch 79 step 201200 avg_loss=2.396
[10801.3s] epoch 79 step 201250 avg_loss=2.391
[10803.9s] epoch 79 step 201300 avg_loss=2.400
[10806.6s] epoch 79 step 201350 avg_loss=2.403
[10809.7s] epoch 79 step 201400 avg_loss=2.410
[10812.6s] epoch 79 step 201450 avg_loss=2.414
[10815.2s] epoch 79 step 201500 avg_loss=2.415
[10817.8s] epoch 79 step 201550 avg_loss=2.433
[10820.1s] epoch 79 step 201600 avg_loss=2.434
[10822.9s] epoch 79 step 201650 avg_loss=2.445
[10825.2s] epoch 79 step 201700 avg_loss=2.448
[10827.7s] epoch 79 step 201750 avg_loss=2.457
[10830.1s] epoch 79 step 201800 avg_loss=2.465
[10832.5s] epoch 79 step 201850 avg_loss=2.465
[10834.8s] epoch 79 step 201900 avg_loss=2.467
[10837.8s] epoch 79 step 201950 avg_loss=2.485
[10840.4s] epoch 79 step 202000 avg_loss=2.491
[10840.4s] === epoch 79 done: avg_loss=2.491 (n=2525 derivations) ===
[10843.7s] epoch 80 step 202050 avg_loss=2.208
[10846.5s] epoch 80 step 202100 avg_loss=2.294
[10849.3s] epoch 80 step 202150 avg_loss=2.102
[10851.7s] epoch 80 step 202200 avg_loss=2.032
[10854.2s] epoch 80 step 202250 avg_loss=2.046
[10856.7s] epoch 80 step 202300 avg_loss=2.072
[10859.3s] epoch 80 step 202350 avg_loss=2.151
[10862.2s] epoch 80 step 202400 avg_loss=2.197
[10864.7s] epoch 80 step 202450 avg_loss=2.136
[10867.3s] epoch 80 step 202500 avg_loss=2.158
[10870.0s] epoch 80 step 202550 avg_loss=2.133
[10873.2s] epoch 80 step 202600 avg_loss=2.132
[10876.0s] epoch 80 step 202650 avg_loss=2.178
[10878.8s] epoch 80 step 202700 avg_loss=2.174
[10881.4s] epoch 80 step 202750 avg_loss=2.191
[10884.1s] epoch 80 step 202800 avg_loss=2.213
[10886.7s] epoch 80 step 202850 avg_loss=2.224
[10889.7s] epoch 80 step 202900 avg_loss=2.256
[10892.5s] epoch 80 step 202950 avg_loss=2.265
[10895.4s] epoch 80 step 203000 avg_loss=2.270
[10898.0s] epoch 80 step 203050 avg_loss=2.285
[10901.1s] epoch 80 step 203100 avg_loss=2.298
[10903.8s] epoch 80 step 203150 avg_loss=2.307
[10906.6s] epoch 80 step 203200 avg_loss=2.312
[10909.1s] epoch 80 step 203250 avg_loss=2.321
[10911.8s] epoch 80 step 203300 avg_loss=2.347
[10914.3s] epoch 80 step 203350 avg_loss=2.340
[10916.9s] epoch 80 step 203400 avg_loss=2.351
[10919.8s] epoch 80 step 203450 avg_loss=2.374
[10922.3s] epoch 80 step 203500 avg_loss=2.371
[10924.8s] epoch 80 step 203550 avg_loss=2.366
[10927.5s] epoch 80 step 203600 avg_loss=2.373
[10930.4s] epoch 80 step 203650 avg_loss=2.376
[10933.5s] epoch 80 step 203700 avg_loss=2.385
[10936.2s] epoch 80 step 203750 avg_loss=2.386
[10939.0s] epoch 80 step 203800 avg_loss=2.370
[10941.7s] epoch 80 step 203850 avg_loss=2.398
[10944.7s] epoch 80 step 203900 avg_loss=2.418
[10947.3s] epoch 80 step 203950 avg_loss=2.415
[10950.4s] epoch 80 step 204000 avg_loss=2.432
[10953.2s] epoch 80 step 204050 avg_loss=2.444
[10955.8s] epoch 80 step 204100 avg_loss=2.448
[10958.3s] epoch 80 step 204150 avg_loss=2.454
[10961.2s] epoch 80 step 204200 avg_loss=2.464
[10963.9s] epoch 80 step 204250 avg_loss=2.468
[10967.0s] epoch 80 step 204300 avg_loss=2.479
[10969.7s] epoch 80 step 204350 avg_loss=2.489
[10972.6s] epoch 80 step 204400 avg_loss=2.491
[10975.1s] epoch 80 step 204450 avg_loss=2.499
[10977.9s] epoch 80 step 204500 avg_loss=2.503
[10979.1s] === epoch 80 done: avg_loss=2.500 (n=2525 derivations) ===
[10980.4s] epoch 81 step 204550 avg_loss=1.966
[10982.9s] epoch 81 step 204600 avg_loss=2.044
[10985.6s] epoch 81 step 204650 avg_loss=2.312
[10987.8s] epoch 81 step 204700 avg_loss=2.262
[10990.0s] epoch 81 step 204750 avg_loss=2.222
[10992.6s] epoch 81 step 204800 avg_loss=2.247
[10995.3s] epoch 81 step 204850 avg_loss=2.278
[10997.8s] epoch 81 step 204900 avg_loss=2.242
[11000.5s] epoch 81 step 204950 avg_loss=2.229
[11003.2s] epoch 81 step 205000 avg_loss=2.232
[11005.8s] epoch 81 step 205050 avg_loss=2.250
[11008.6s] epoch 81 step 205100 avg_loss=2.264
[11011.5s] epoch 81 step 205150 avg_loss=2.243
[11014.6s] epoch 81 step 205200 avg_loss=2.212
[11017.4s] epoch 81 step 205250 avg_loss=2.188
[11020.5s] epoch 81 step 205300 avg_loss=2.195
[11023.2s] epoch 81 step 205350 avg_loss=2.185
[11025.8s] epoch 81 step 205400 avg_loss=2.212
[11028.8s] epoch 81 step 205450 avg_loss=2.216
[11031.3s] epoch 81 step 205500 avg_loss=2.230
[11034.0s] epoch 81 step 205550 avg_loss=2.244
[11037.1s] epoch 81 step 205600 avg_loss=2.261
[11040.1s] epoch 81 step 205650 avg_loss=2.272
[11042.7s] epoch 81 step 205700 avg_loss=2.270
[11045.6s] epoch 81 step 205750 avg_loss=2.281
[11048.8s] epoch 81 step 205800 avg_loss=2.311
[11051.3s] epoch 81 step 205850 avg_loss=2.309
[11054.2s] epoch 81 step 205900 avg_loss=2.321
[11057.1s] epoch 81 step 205950 avg_loss=2.322
[11059.5s] epoch 81 step 206000 avg_loss=2.319
[11062.2s] epoch 81 step 206050 avg_loss=2.333
[11064.8s] epoch 81 step 206100 avg_loss=2.335
[11067.2s] epoch 81 step 206150 avg_loss=2.339
[11070.3s] epoch 81 step 206200 avg_loss=2.360
[11072.5s] epoch 81 step 206250 avg_loss=2.350
[11075.8s] epoch 81 step 206300 avg_loss=2.359
[11078.5s] epoch 81 step 206350 avg_loss=2.361
[11081.3s] epoch 81 step 206400 avg_loss=2.369
[11083.6s] epoch 81 step 206450 avg_loss=2.375
[11086.2s] epoch 81 step 206500 avg_loss=2.392
[11088.6s] epoch 81 step 206550 avg_loss=2.398
[11091.1s] epoch 81 step 206600 avg_loss=2.409
[11094.0s] epoch 81 step 206650 avg_loss=2.427
[11096.4s] epoch 81 step 206700 avg_loss=2.434
[11098.7s] epoch 81 step 206750 avg_loss=2.436
[11101.2s] epoch 81 step 206800 avg_loss=2.438
[11103.7s] epoch 81 step 206850 avg_loss=2.443
[11106.2s] epoch 81 step 206900 avg_loss=2.443
[11108.5s] epoch 81 step 206950 avg_loss=2.449
[11111.4s] epoch 81 step 207000 avg_loss=2.462
[11114.1s] epoch 81 step 207050 avg_loss=2.462
[11114.1s] === epoch 81 done: avg_loss=2.462 (n=2525 derivations) ===
[11116.5s] epoch 82 step 207100 avg_loss=2.027
[11118.9s] epoch 82 step 207150 avg_loss=2.151
[11121.4s] epoch 82 step 207200 avg_loss=2.085
[11124.0s] epoch 82 step 207250 avg_loss=2.121
[11126.6s] epoch 82 step 207300 avg_loss=2.179
[11129.1s] epoch 82 step 207350 avg_loss=2.249
[11132.2s] epoch 82 step 207400 avg_loss=2.228
[11135.2s] epoch 82 step 207450 avg_loss=2.228
[11137.6s] epoch 82 step 207500 avg_loss=2.223
[11140.3s] epoch 82 step 207550 avg_loss=2.180
[11142.9s] epoch 82 step 207600 avg_loss=2.198
[11145.5s] epoch 82 step 207650 avg_loss=2.214
[11148.1s] epoch 82 step 207700 avg_loss=2.210
[11150.8s] epoch 82 step 207750 avg_loss=2.219
[11153.3s] epoch 82 step 207800 avg_loss=2.246
[11155.9s] epoch 82 step 207850 avg_loss=2.245
[11158.7s] epoch 82 step 207900 avg_loss=2.243
[11161.8s] epoch 82 step 207950 avg_loss=2.244
[11164.1s] epoch 82 step 208000 avg_loss=2.253
[11166.8s] epoch 82 step 208050 avg_loss=2.264
[11169.2s] epoch 82 step 208100 avg_loss=2.258
[11171.8s] epoch 82 step 208150 avg_loss=2.275
[11174.7s] epoch 82 step 208200 avg_loss=2.271
[11177.7s] epoch 82 step 208250 avg_loss=2.277
[11180.3s] epoch 82 step 208300 avg_loss=2.275
[11183.1s] epoch 82 step 208350 avg_loss=2.281
[11185.8s] epoch 82 step 208400 avg_loss=2.285
[11188.1s] epoch 82 step 208450 avg_loss=2.291
[11190.7s] epoch 82 step 208500 avg_loss=2.298
[11193.4s] epoch 82 step 208550 avg_loss=2.310
[11195.8s] epoch 82 step 208600 avg_loss=2.322
[11198.0s] epoch 82 step 208650 avg_loss=2.320
[11200.6s] epoch 82 step 208700 avg_loss=2.324
[11203.4s] epoch 82 step 208750 avg_loss=2.334
[11206.3s] epoch 82 step 208800 avg_loss=2.345
[11209.0s] epoch 82 step 208850 avg_loss=2.351
[11211.3s] epoch 82 step 208900 avg_loss=2.364
[11213.8s] epoch 82 step 208950 avg_loss=2.377
[11216.6s] epoch 82 step 209000 avg_loss=2.389
[11219.3s] epoch 82 step 209050 avg_loss=2.393
[11222.1s] epoch 82 step 209100 avg_loss=2.389
[11225.1s] epoch 82 step 209150 avg_loss=2.398
[11227.7s] epoch 82 step 209200 avg_loss=2.407
[11230.1s] epoch 82 step 209250 avg_loss=2.416
[11233.0s] epoch 82 step 209300 avg_loss=2.433
[11235.8s] epoch 82 step 209350 avg_loss=2.442
[11238.5s] epoch 82 step 209400 avg_loss=2.437
[11241.8s] epoch 82 step 209450 avg_loss=2.453
[11244.4s] epoch 82 step 209500 avg_loss=2.463
[11246.8s] epoch 82 step 209550 avg_loss=2.457
[11248.0s] === epoch 82 done: avg_loss=2.457 (n=2525 derivations) ===
[11249.5s] epoch 83 step 209600 avg_loss=2.477
[11252.1s] epoch 83 step 209650 avg_loss=2.165
[11255.0s] epoch 83 step 209700 avg_loss=2.117
[11258.1s] epoch 83 step 209750 avg_loss=2.112
[11260.7s] epoch 83 step 209800 avg_loss=2.170
[11263.6s] epoch 83 step 209850 avg_loss=2.120
[11266.0s] epoch 83 step 209900 avg_loss=2.148
[11268.7s] epoch 83 step 209950 avg_loss=2.170
[11271.2s] epoch 83 step 210000 avg_loss=2.218
[11274.0s] epoch 83 step 210050 avg_loss=2.199
[11276.6s] epoch 83 step 210100 avg_loss=2.211
[11279.2s] epoch 83 step 210150 avg_loss=2.214
[11282.0s] epoch 83 step 210200 avg_loss=2.233
[11284.3s] epoch 83 step 210250 avg_loss=2.238
[11286.6s] epoch 83 step 210300 avg_loss=2.246
[11289.5s] epoch 83 step 210350 avg_loss=2.255
[11291.9s] epoch 83 step 210400 avg_loss=2.255
[11294.8s] epoch 83 step 210450 avg_loss=2.249
[11297.0s] epoch 83 step 210500 avg_loss=2.232
[11299.5s] epoch 83 step 210550 avg_loss=2.226
[11301.9s] epoch 83 step 210600 avg_loss=2.214
[11304.6s] epoch 83 step 210650 avg_loss=2.253
[11307.4s] epoch 83 step 210700 avg_loss=2.273
[11310.0s] epoch 83 step 210750 avg_loss=2.287
[11312.8s] epoch 83 step 210800 avg_loss=2.275
[11315.5s] epoch 83 step 210850 avg_loss=2.290
[11318.0s] epoch 83 step 210900 avg_loss=2.292
[11320.9s] epoch 83 step 210950 avg_loss=2.309
[11323.5s] epoch 83 step 211000 avg_loss=2.312
[11326.5s] epoch 83 step 211050 avg_loss=2.315
[11329.6s] epoch 83 step 211100 avg_loss=2.334
[11332.3s] epoch 83 step 211150 avg_loss=2.350
[11334.5s] epoch 83 step 211200 avg_loss=2.362
[11336.7s] epoch 83 step 211250 avg_loss=2.354
[11339.1s] epoch 83 step 211300 avg_loss=2.356
[11341.7s] epoch 83 step 211350 avg_loss=2.368
[11344.2s] epoch 83 step 211400 avg_loss=2.365
[11346.6s] epoch 83 step 211450 avg_loss=2.366
[11349.6s] epoch 83 step 211500 avg_loss=2.380
[11352.5s] epoch 83 step 211550 avg_loss=2.393
[11355.5s] epoch 83 step 211600 avg_loss=2.414
[11358.4s] epoch 83 step 211650 avg_loss=2.423
[11361.1s] epoch 83 step 211700 avg_loss=2.444
[11363.6s] epoch 83 step 211750 avg_loss=2.459
[11366.5s] epoch 83 step 211800 avg_loss=2.463
[11368.9s] epoch 83 step 211850 avg_loss=2.458
[11371.2s] epoch 83 step 211900 avg_loss=2.456
[11373.9s] epoch 83 step 211950 avg_loss=2.454
[11376.4s] epoch 83 step 212000 avg_loss=2.458
[11379.0s] epoch 83 step 212050 avg_loss=2.459
[11382.1s] epoch 83 step 212100 avg_loss=2.461
[11382.1s] === epoch 83 done: avg_loss=2.461 (n=2525 derivations) ===
[11385.3s] epoch 84 step 212150 avg_loss=2.267
[11388.7s] epoch 84 step 212200 avg_loss=2.134
[11391.6s] epoch 84 step 212250 avg_loss=2.144
[11394.5s] epoch 84 step 212300 avg_loss=2.135
[11397.5s] epoch 84 step 212350 avg_loss=2.094
[11400.4s] epoch 84 step 212400 avg_loss=2.149
[11403.2s] epoch 84 step 212450 avg_loss=2.208
[11405.6s] epoch 84 step 212500 avg_loss=2.196
[11408.6s] epoch 84 step 212550 avg_loss=2.193
[11411.0s] epoch 84 step 212600 avg_loss=2.193
[11413.9s] epoch 84 step 212650 avg_loss=2.200
[11416.6s] epoch 84 step 212700 avg_loss=2.218
[11419.2s] epoch 84 step 212750 avg_loss=2.226
[11422.2s] epoch 84 step 212800 avg_loss=2.236
[11425.2s] epoch 84 step 212850 avg_loss=2.238
[11427.7s] epoch 84 step 212900 avg_loss=2.241
[11430.0s] epoch 84 step 212950 avg_loss=2.223
[11432.7s] epoch 84 step 213000 avg_loss=2.215
[11436.0s] epoch 84 step 213050 avg_loss=2.235
[11439.5s] epoch 84 step 213100 avg_loss=2.250
[11442.1s] epoch 84 step 213150 avg_loss=2.259
[11445.2s] epoch 84 step 213200 avg_loss=2.287
[11448.2s] epoch 84 step 213250 avg_loss=2.309
[11451.0s] epoch 84 step 213300 avg_loss=2.311
[11454.4s] epoch 84 step 213350 avg_loss=2.313
[11457.0s] epoch 84 step 213400 avg_loss=2.319
[11459.4s] epoch 84 step 213450 avg_loss=2.320
[11461.9s] epoch 84 step 213500 avg_loss=2.316
[11464.4s] epoch 84 step 213550 avg_loss=2.323
[11467.2s] epoch 84 step 213600 avg_loss=2.353
[11469.8s] epoch 84 step 213650 avg_loss=2.353
[11472.7s] epoch 84 step 213700 avg_loss=2.354
[11475.6s] epoch 84 step 213750 avg_loss=2.364
[11478.3s] epoch 84 step 213800 avg_loss=2.365
[11481.3s] epoch 84 step 213850 avg_loss=2.379
[11483.9s] epoch 84 step 213900 avg_loss=2.390
[11486.2s] epoch 84 step 213950 avg_loss=2.388
[11489.1s] epoch 84 step 214000 avg_loss=2.388
[11491.5s] epoch 84 step 214050 avg_loss=2.389
[11494.3s] epoch 84 step 214100 avg_loss=2.392
[11497.0s] epoch 84 step 214150 avg_loss=2.400
[11499.5s] epoch 84 step 214200 avg_loss=2.404
[11502.1s] epoch 84 step 214250 avg_loss=2.406
[11504.9s] epoch 84 step 214300 avg_loss=2.414
[11507.8s] epoch 84 step 214350 avg_loss=2.428
[11510.5s] epoch 84 step 214400 avg_loss=2.427
[11513.0s] epoch 84 step 214450 avg_loss=2.438
[11515.5s] epoch 84 step 214500 avg_loss=2.440
[11518.1s] epoch 84 step 214550 avg_loss=2.440
[11520.8s] epoch 84 step 214600 avg_loss=2.447
[11522.2s] === epoch 84 done: avg_loss=2.446 (n=2525 derivations) ===
[11523.9s] epoch 85 step 214650 avg_loss=2.247
[11527.3s] epoch 85 step 214700 avg_loss=2.061
[11530.4s] epoch 85 step 214750 avg_loss=2.092
[11533.4s] epoch 85 step 214800 avg_loss=2.033
[11536.2s] epoch 85 step 214850 avg_loss=2.103
[11539.1s] epoch 85 step 214900 avg_loss=2.157
[11542.2s] epoch 85 step 214950 avg_loss=2.147
[11545.0s] epoch 85 step 215000 avg_loss=2.147
[11547.5s] epoch 85 step 215050 avg_loss=2.136
[11550.5s] epoch 85 step 215100 avg_loss=2.154
[11553.3s] epoch 85 step 215150 avg_loss=2.178
[11556.1s] epoch 85 step 215200 avg_loss=2.184
[11559.2s] epoch 85 step 215250 avg_loss=2.190
[11562.0s] epoch 85 step 215300 avg_loss=2.174
[11565.2s] epoch 85 step 215350 avg_loss=2.194
[11568.6s] epoch 85 step 215400 avg_loss=2.205
[11571.7s] epoch 85 step 215450 avg_loss=2.239
[11574.1s] epoch 85 step 215500 avg_loss=2.229
[11576.8s] epoch 85 step 215550 avg_loss=2.245
[11579.5s] epoch 85 step 215600 avg_loss=2.281
[11582.3s] epoch 85 step 215650 avg_loss=2.288
[11585.0s] epoch 85 step 215700 avg_loss=2.295
[11587.9s] epoch 85 step 215750 avg_loss=2.282
[11590.8s] epoch 85 step 215800 avg_loss=2.309
[11593.9s] epoch 85 step 215850 avg_loss=2.304
[11596.5s] epoch 85 step 215900 avg_loss=2.300
[11599.4s] epoch 85 step 215950 avg_loss=2.297
[11602.5s] epoch 85 step 216000 avg_loss=2.313
[11605.2s] epoch 85 step 216050 avg_loss=2.319
[11607.7s] epoch 85 step 216100 avg_loss=2.307
[11610.5s] epoch 85 step 216150 avg_loss=2.305
[11613.2s] epoch 85 step 216200 avg_loss=2.306
[11615.8s] epoch 85 step 216250 avg_loss=2.308
[11618.6s] epoch 85 step 216300 avg_loss=2.321
[11621.1s] epoch 85 step 216350 avg_loss=2.335
[11623.9s] epoch 85 step 216400 avg_loss=2.333
[11626.6s] epoch 85 step 216450 avg_loss=2.348
[11629.5s] epoch 85 step 216500 avg_loss=2.340
[11632.4s] epoch 85 step 216550 avg_loss=2.342
[11634.9s] epoch 85 step 216600 avg_loss=2.345
[11637.2s] epoch 85 step 216650 avg_loss=2.358
[11640.1s] epoch 85 step 216700 avg_loss=2.365
[11643.0s] epoch 85 step 216750 avg_loss=2.383
[11645.8s] epoch 85 step 216800 avg_loss=2.387
[11648.5s] epoch 85 step 216850 avg_loss=2.395
[11651.1s] epoch 85 step 216900 avg_loss=2.403
[11653.4s] epoch 85 step 216950 avg_loss=2.410
[11656.3s] epoch 85 step 217000 avg_loss=2.415
[11659.0s] epoch 85 step 217050 avg_loss=2.415
[11661.8s] epoch 85 step 217100 avg_loss=2.416
[11664.7s] epoch 85 step 217150 avg_loss=2.422
[11664.7s] === epoch 85 done: avg_loss=2.422 (n=2525 derivations) ===
[11667.4s] epoch 86 step 217200 avg_loss=2.163
[11669.7s] epoch 86 step 217250 avg_loss=2.096
[11672.6s] epoch 86 step 217300 avg_loss=2.140
[11675.6s] epoch 86 step 217350 avg_loss=2.211
[11678.1s] epoch 86 step 217400 avg_loss=2.198
[11681.1s] epoch 86 step 217450 avg_loss=2.226
[11684.1s] epoch 86 step 217500 avg_loss=2.219
[11686.7s] epoch 86 step 217550 avg_loss=2.165
[11689.1s] epoch 86 step 217600 avg_loss=2.156
[11691.9s] epoch 86 step 217650 avg_loss=2.173
[11694.7s] epoch 86 step 217700 avg_loss=2.197
[11697.6s] epoch 86 step 217750 avg_loss=2.198
[11700.3s] epoch 86 step 217800 avg_loss=2.221
[11703.7s] epoch 86 step 217850 avg_loss=2.248
[11706.4s] epoch 86 step 217900 avg_loss=2.243
[11709.3s] epoch 86 step 217950 avg_loss=2.250
[11712.1s] epoch 86 step 218000 avg_loss=2.245
[11714.7s] epoch 86 step 218050 avg_loss=2.250
[11717.1s] epoch 86 step 218100 avg_loss=2.247
[11719.3s] epoch 86 step 218150 avg_loss=2.238
[11722.0s] epoch 86 step 218200 avg_loss=2.250
[11724.5s] epoch 86 step 218250 avg_loss=2.268
[11727.2s] epoch 86 step 218300 avg_loss=2.289
[11729.8s] epoch 86 step 218350 avg_loss=2.288
[11732.9s] epoch 86 step 218400 avg_loss=2.294
[11735.8s] epoch 86 step 218450 avg_loss=2.288
[11738.4s] epoch 86 step 218500 avg_loss=2.295
[11740.6s] epoch 86 step 218550 avg_loss=2.290
[11743.7s] epoch 86 step 218600 avg_loss=2.303
[11746.7s] epoch 86 step 218650 avg_loss=2.316
[11749.7s] epoch 86 step 218700 avg_loss=2.328
[11752.2s] epoch 86 step 218750 avg_loss=2.320
[11754.5s] epoch 86 step 218800 avg_loss=2.323
[11756.9s] epoch 86 step 218850 avg_loss=2.321
[11759.5s] epoch 86 step 218900 avg_loss=2.322
[11762.1s] epoch 86 step 218950 avg_loss=2.340
[11764.3s] epoch 86 step 219000 avg_loss=2.346
[11767.1s] epoch 86 step 219050 avg_loss=2.349
[11769.5s] epoch 86 step 219100 avg_loss=2.347
[11771.9s] epoch 86 step 219150 avg_loss=2.350
[11774.4s] epoch 86 step 219200 avg_loss=2.366
[11776.8s] epoch 86 step 219250 avg_loss=2.376
[11779.2s] epoch 86 step 219300 avg_loss=2.376
[11782.0s] epoch 86 step 219350 avg_loss=2.376
[11784.8s] epoch 86 step 219400 avg_loss=2.387
[11787.7s] epoch 86 step 219450 avg_loss=2.393
[11790.4s] epoch 86 step 219500 avg_loss=2.398
[11793.4s] epoch 86 step 219550 avg_loss=2.406
[11796.0s] epoch 86 step 219600 avg_loss=2.418
[11798.6s] epoch 86 step 219650 avg_loss=2.420
[11799.9s] === epoch 86 done: avg_loss=2.425 (n=2525 derivations) ===
[11801.4s] epoch 87 step 219700 avg_loss=1.983
[11804.3s] epoch 87 step 219750 avg_loss=2.018
[11807.5s] epoch 87 step 219800 avg_loss=2.156
[11810.7s] epoch 87 step 219850 avg_loss=2.256
[11813.7s] epoch 87 step 219900 avg_loss=2.289
[11816.6s] epoch 87 step 219950 avg_loss=2.210
[11819.1s] epoch 87 step 220000 avg_loss=2.189
[11821.7s] epoch 87 step 220050 avg_loss=2.180
[11824.4s] epoch 87 step 220100 avg_loss=2.210
[11827.0s] epoch 87 step 220150 avg_loss=2.204
[11829.4s] epoch 87 step 220200 avg_loss=2.178
[11832.0s] epoch 87 step 220250 avg_loss=2.159
[11835.2s] epoch 87 step 220300 avg_loss=2.181
[11838.2s] epoch 87 step 220350 avg_loss=2.195
[11840.7s] epoch 87 step 220400 avg_loss=2.177
[11843.6s] epoch 87 step 220450 avg_loss=2.191
[11846.6s] epoch 87 step 220500 avg_loss=2.187
[11849.6s] epoch 87 step 220550 avg_loss=2.183
[11852.4s] epoch 87 step 220600 avg_loss=2.175
[11855.6s] epoch 87 step 220650 avg_loss=2.200
[11858.4s] epoch 87 step 220700 avg_loss=2.223
[11861.1s] epoch 87 step 220750 avg_loss=2.248
[11863.8s] epoch 87 step 220800 avg_loss=2.258
[11866.5s] epoch 87 step 220850 avg_loss=2.265
[11869.4s] epoch 87 step 220900 avg_loss=2.280
[11872.7s] epoch 87 step 220950 avg_loss=2.298
[11875.5s] epoch 87 step 221000 avg_loss=2.307
[11878.6s] epoch 87 step 221050 avg_loss=2.310
[11881.3s] epoch 87 step 221100 avg_loss=2.310
[11883.8s] epoch 87 step 221150 avg_loss=2.312
[11886.5s] epoch 87 step 221200 avg_loss=2.316
[11888.9s] epoch 87 step 221250 avg_loss=2.325
[11892.0s] epoch 87 step 221300 avg_loss=2.342
[11894.9s] epoch 87 step 221350 avg_loss=2.340
[11897.5s] epoch 87 step 221400 avg_loss=2.350
[11900.2s] epoch 87 step 221450 avg_loss=2.360
[11903.0s] epoch 87 step 221500 avg_loss=2.384
[11906.2s] epoch 87 step 221550 avg_loss=2.390
[11909.3s] epoch 87 step 221600 avg_loss=2.409
[11912.3s] epoch 87 step 221650 avg_loss=2.404
[11915.0s] epoch 87 step 221700 avg_loss=2.404
[11917.9s] epoch 87 step 221750 avg_loss=2.403
[11920.5s] epoch 87 step 221800 avg_loss=2.410
[11923.0s] epoch 87 step 221850 avg_loss=2.409
[11925.8s] epoch 87 step 221900 avg_loss=2.410
[11929.1s] epoch 87 step 221950 avg_loss=2.418
[11931.8s] epoch 87 step 222000 avg_loss=2.415
[11934.7s] epoch 87 step 222050 avg_loss=2.422
[11937.7s] epoch 87 step 222100 avg_loss=2.429
[11940.7s] epoch 87 step 222150 avg_loss=2.433
[11943.4s] epoch 87 step 222200 avg_loss=2.430
[11943.4s] === epoch 87 done: avg_loss=2.430 (n=2525 derivations) ===
[11946.0s] epoch 88 step 222250 avg_loss=1.854
[11949.3s] epoch 88 step 222300 avg_loss=1.936
[11952.3s] epoch 88 step 222350 avg_loss=1.933
[11954.9s] epoch 88 step 222400 avg_loss=1.950
[11958.0s] epoch 88 step 222450 avg_loss=2.002
[11960.4s] epoch 88 step 222500 avg_loss=2.038
[11963.5s] epoch 88 step 222550 avg_loss=2.081
[11966.4s] epoch 88 step 222600 avg_loss=2.069
[11969.1s] epoch 88 step 222650 avg_loss=2.092
[11971.9s] epoch 88 step 222700 avg_loss=2.113
[11975.2s] epoch 88 step 222750 avg_loss=2.144
[11978.3s] epoch 88 step 222800 avg_loss=2.140
[11980.8s] epoch 88 step 222850 avg_loss=2.153
[11983.3s] epoch 88 step 222900 avg_loss=2.158
[11986.0s] epoch 88 step 222950 avg_loss=2.183
[11988.5s] epoch 88 step 223000 avg_loss=2.188
[11991.0s] epoch 88 step 223050 avg_loss=2.178
[11993.6s] epoch 88 step 223100 avg_loss=2.195
[11995.9s] epoch 88 step 223150 avg_loss=2.180
[11998.4s] epoch 88 step 223200 avg_loss=2.183
[12001.1s] epoch 88 step 223250 avg_loss=2.203
[12004.3s] epoch 88 step 223300 avg_loss=2.216
[12006.8s] epoch 88 step 223350 avg_loss=2.222
[12009.1s] epoch 88 step 223400 avg_loss=2.220
[12011.9s] epoch 88 step 223450 avg_loss=2.220
[12014.3s] epoch 88 step 223500 avg_loss=2.241
[12016.8s] epoch 88 step 223550 avg_loss=2.252
[12019.6s] epoch 88 step 223600 avg_loss=2.255
[12022.7s] epoch 88 step 223650 avg_loss=2.253
[12025.5s] epoch 88 step 223700 avg_loss=2.257
[12028.5s] epoch 88 step 223750 avg_loss=2.261
[12031.2s] epoch 88 step 223800 avg_loss=2.275
[12034.0s] epoch 88 step 223850 avg_loss=2.305
[12036.5s] epoch 88 step 223900 avg_loss=2.306
[12039.6s] epoch 88 step 223950 avg_loss=2.332
[12042.7s] epoch 88 step 224000 avg_loss=2.346
[12045.5s] epoch 88 step 224050 avg_loss=2.348
[12048.1s] epoch 88 step 224100 avg_loss=2.358
[12050.5s] epoch 88 step 224150 avg_loss=2.356
[12053.3s] epoch 88 step 224200 avg_loss=2.378
[12055.7s] epoch 88 step 224250 avg_loss=2.379
[12058.5s] epoch 88 step 224300 avg_loss=2.386
[12060.9s] epoch 88 step 224350 avg_loss=2.387
[12063.5s] epoch 88 step 224400 avg_loss=2.393
[12065.8s] epoch 88 step 224450 avg_loss=2.393
[12068.1s] epoch 88 step 224500 avg_loss=2.401
[12071.0s] epoch 88 step 224550 avg_loss=2.409
[12073.6s] epoch 88 step 224600 avg_loss=2.412
[12076.2s] epoch 88 step 224650 avg_loss=2.425
[12079.0s] epoch 88 step 224700 avg_loss=2.431
[12080.2s] === epoch 88 done: avg_loss=2.432 (n=2525 derivations) ===
[12081.4s] epoch 89 step 224750 avg_loss=2.204
[12083.8s] epoch 89 step 224800 avg_loss=1.981
[12086.6s] epoch 89 step 224850 avg_loss=2.109
[12088.8s] epoch 89 step 224900 avg_loss=2.043
[12091.4s] epoch 89 step 224950 avg_loss=1.973
[12094.4s] epoch 89 step 225000 avg_loss=1.984
[12097.1s] epoch 89 step 225050 avg_loss=2.047
[12100.1s] epoch 89 step 225100 avg_loss=2.118
[12103.0s] epoch 89 step 225150 avg_loss=2.101
[12105.6s] epoch 89 step 225200 avg_loss=2.081
[12108.5s] epoch 89 step 225250 avg_loss=2.135
[12111.1s] epoch 89 step 225300 avg_loss=2.129
[12113.8s] epoch 89 step 225350 avg_loss=2.165
[12116.7s] epoch 89 step 225400 avg_loss=2.187
[12119.7s] epoch 89 step 225450 avg_loss=2.219
[12122.5s] epoch 89 step 225500 avg_loss=2.216
[12125.3s] epoch 89 step 225550 avg_loss=2.199
[12128.1s] epoch 89 step 225600 avg_loss=2.206
[12130.7s] epoch 89 step 225650 avg_loss=2.201
[12133.6s] epoch 89 step 225700 avg_loss=2.190
[12136.6s] epoch 89 step 225750 avg_loss=2.224
[12139.9s] epoch 89 step 225800 avg_loss=2.234
[12143.3s] epoch 89 step 225850 avg_loss=2.243
[12146.5s] epoch 89 step 225900 avg_loss=2.237
[12149.9s] epoch 89 step 225950 avg_loss=2.259
[12152.9s] epoch 89 step 226000 avg_loss=2.303
[12155.8s] epoch 89 step 226050 avg_loss=2.303
[12158.7s] epoch 89 step 226100 avg_loss=2.294
[12162.0s] epoch 89 step 226150 avg_loss=2.305
[12164.9s] epoch 89 step 226200 avg_loss=2.327
[12167.8s] epoch 89 step 226250 avg_loss=2.338
[12171.1s] epoch 89 step 226300 avg_loss=2.347
[12173.6s] epoch 89 step 226350 avg_loss=2.351
[12176.1s] epoch 89 step 226400 avg_loss=2.362
[12178.4s] epoch 89 step 226450 avg_loss=2.363
[12181.0s] epoch 89 step 226500 avg_loss=2.371
[12183.5s] epoch 89 step 226550 avg_loss=2.361
[12185.8s] epoch 89 step 226600 avg_loss=2.365
[12188.4s] epoch 89 step 226650 avg_loss=2.370
[12190.9s] epoch 89 step 226700 avg_loss=2.372
[12193.5s] epoch 89 step 226750 avg_loss=2.376
[12196.2s] epoch 89 step 226800 avg_loss=2.383
[12198.9s] epoch 89 step 226850 avg_loss=2.389
[12201.5s] epoch 89 step 226900 avg_loss=2.391
[12204.2s] epoch 89 step 226950 avg_loss=2.400
[12206.6s] epoch 89 step 227000 avg_loss=2.411
[12208.9s] epoch 89 step 227050 avg_loss=2.410
[12211.7s] epoch 89 step 227100 avg_loss=2.406
[12214.4s] epoch 89 step 227150 avg_loss=2.403
[12216.8s] epoch 89 step 227200 avg_loss=2.407
[12219.3s] epoch 89 step 227250 avg_loss=2.413
[12219.4s] === epoch 89 done: avg_loss=2.413 (n=2525 derivations) ===
[12221.8s] epoch 90 step 227300 avg_loss=2.180
[12224.1s] epoch 90 step 227350 avg_loss=2.088
[12226.7s] epoch 90 step 227400 avg_loss=2.139
[12229.4s] epoch 90 step 227450 avg_loss=2.152
[12231.9s] epoch 90 step 227500 avg_loss=2.128
[12234.4s] epoch 90 step 227550 avg_loss=2.118
[12237.3s] epoch 90 step 227600 avg_loss=2.146
[12239.9s] epoch 90 step 227650 avg_loss=2.127
[12242.7s] epoch 90 step 227700 avg_loss=2.178
[12245.2s] epoch 90 step 227750 avg_loss=2.172
[12248.0s] epoch 90 step 227800 avg_loss=2.160
[12250.6s] epoch 90 step 227850 avg_loss=2.162
[12253.5s] epoch 90 step 227900 avg_loss=2.176
[12256.3s] epoch 90 step 227950 avg_loss=2.188
[12258.7s] epoch 90 step 228000 avg_loss=2.190
[12261.1s] epoch 90 step 228050 avg_loss=2.173
[12263.4s] epoch 90 step 228100 avg_loss=2.165
[12266.0s] epoch 90 step 228150 avg_loss=2.163
[12268.8s] epoch 90 step 228200 avg_loss=2.185
[12271.5s] epoch 90 step 228250 avg_loss=2.210
[12274.3s] epoch 90 step 228300 avg_loss=2.225
[12277.2s] epoch 90 step 228350 avg_loss=2.223
[12280.4s] epoch 90 step 228400 avg_loss=2.233
[12283.5s] epoch 90 step 228450 avg_loss=2.232
[12286.4s] epoch 90 step 228500 avg_loss=2.225
[12289.2s] epoch 90 step 228550 avg_loss=2.231
[12292.1s] epoch 90 step 228600 avg_loss=2.235
[12294.8s] epoch 90 step 228650 avg_loss=2.243
[12297.9s] epoch 90 step 228700 avg_loss=2.245
[12301.0s] epoch 90 step 228750 avg_loss=2.245
[12304.3s] epoch 90 step 228800 avg_loss=2.246
[12306.7s] epoch 90 step 228850 avg_loss=2.252
[12309.2s] epoch 90 step 228900 avg_loss=2.253
[12311.6s] epoch 90 step 228950 avg_loss=2.267
[12314.1s] epoch 90 step 229000 avg_loss=2.275
[12316.4s] epoch 90 step 229050 avg_loss=2.288
[12319.0s] epoch 90 step 229100 avg_loss=2.296
[12321.6s] epoch 90 step 229150 avg_loss=2.325
[12323.9s] epoch 90 step 229200 avg_loss=2.330
[12326.4s] epoch 90 step 229250 avg_loss=2.343
[12329.1s] epoch 90 step 229300 avg_loss=2.356
[12331.8s] epoch 90 step 229350 avg_loss=2.351
[12335.1s] epoch 90 step 229400 avg_loss=2.362
[12338.2s] epoch 90 step 229450 avg_loss=2.372
[12340.9s] epoch 90 step 229500 avg_loss=2.382
[12343.9s] epoch 90 step 229550 avg_loss=2.395
[12346.3s] epoch 90 step 229600 avg_loss=2.401
[12348.8s] epoch 90 step 229650 avg_loss=2.397
[12351.6s] epoch 90 step 229700 avg_loss=2.406
[12354.8s] epoch 90 step 229750 avg_loss=2.410
[12356.2s] === epoch 90 done: avg_loss=2.407 (n=2525 derivations) ===
[12357.7s] epoch 91 step 229800 avg_loss=1.979
[12360.5s] epoch 91 step 229850 avg_loss=2.491
[12363.5s] epoch 91 step 229900 avg_loss=2.269
[12366.3s] epoch 91 step 229950 avg_loss=2.314
[12368.9s] epoch 91 step 230000 avg_loss=2.208
[12371.5s] epoch 91 step 230050 avg_loss=2.163
[12374.3s] epoch 91 step 230100 avg_loss=2.110
[12377.2s] epoch 91 step 230150 avg_loss=2.189
[12380.0s] epoch 91 step 230200 avg_loss=2.194
[12382.6s] epoch 91 step 230250 avg_loss=2.151
[12385.4s] epoch 91 step 230300 avg_loss=2.155
[12387.9s] epoch 91 step 230350 avg_loss=2.161
[12391.0s] epoch 91 step 230400 avg_loss=2.166
[12393.4s] epoch 91 step 230450 avg_loss=2.164
[12396.3s] epoch 91 step 230500 avg_loss=2.166
[12399.4s] epoch 91 step 230550 avg_loss=2.180
[12402.2s] epoch 91 step 230600 avg_loss=2.214
[12405.4s] epoch 91 step 230650 avg_loss=2.217
[12408.1s] epoch 91 step 230700 avg_loss=2.216
[12410.9s] epoch 91 step 230750 avg_loss=2.244
[12413.7s] epoch 91 step 230800 avg_loss=2.229
[12416.5s] epoch 91 step 230850 avg_loss=2.249
[12419.5s] epoch 91 step 230900 avg_loss=2.267
[12422.3s] epoch 91 step 230950 avg_loss=2.299
[12425.0s] epoch 91 step 231000 avg_loss=2.310
[12427.6s] epoch 91 step 231050 avg_loss=2.318
[12429.8s] epoch 91 step 231100 avg_loss=2.304
[12432.3s] epoch 91 step 231150 avg_loss=2.296
[12435.0s] epoch 91 step 231200 avg_loss=2.308
[12437.6s] epoch 91 step 231250 avg_loss=2.307
[12440.9s] epoch 91 step 231300 avg_loss=2.321
[12443.5s] epoch 91 step 231350 avg_loss=2.319
[12446.1s] epoch 91 step 231400 avg_loss=2.325
[12448.5s] epoch 91 step 231450 avg_loss=2.322
[12451.7s] epoch 91 step 231500 avg_loss=2.334
[12454.3s] epoch 91 step 231550 avg_loss=2.345
[12457.1s] epoch 91 step 231600 avg_loss=2.353
[12459.4s] epoch 91 step 231650 avg_loss=2.352
[12462.4s] epoch 91 step 231700 avg_loss=2.378
[12465.0s] epoch 91 step 231750 avg_loss=2.378
[12467.7s] epoch 91 step 231800 avg_loss=2.372
[12470.0s] epoch 91 step 231850 avg_loss=2.370
[12472.7s] epoch 91 step 231900 avg_loss=2.371
[12475.4s] epoch 91 step 231950 avg_loss=2.376
[12478.0s] epoch 91 step 232000 avg_loss=2.375
[12480.4s] epoch 91 step 232050 avg_loss=2.382
[12482.8s] epoch 91 step 232100 avg_loss=2.388
[12485.6s] epoch 91 step 232150 avg_loss=2.396
[12488.5s] epoch 91 step 232200 avg_loss=2.398
[12491.0s] epoch 91 step 232250 avg_loss=2.398
[12493.4s] epoch 91 step 232300 avg_loss=2.400
[12493.4s] === epoch 91 done: avg_loss=2.400 (n=2525 derivations) ===
[12496.0s] epoch 92 step 232350 avg_loss=2.314
[12499.2s] epoch 92 step 232400 avg_loss=2.171
[12501.7s] epoch 92 step 232450 avg_loss=2.198
[12504.3s] epoch 92 step 232500 avg_loss=2.141
[12507.0s] epoch 92 step 232550 avg_loss=2.168
[12509.7s] epoch 92 step 232600 avg_loss=2.173
[12512.4s] epoch 92 step 232650 avg_loss=2.172
[12515.3s] epoch 92 step 232700 avg_loss=2.183
[12518.1s] epoch 92 step 232750 avg_loss=2.172
[12520.5s] epoch 92 step 232800 avg_loss=2.167
[12523.2s] epoch 92 step 232850 avg_loss=2.137
[12525.9s] epoch 92 step 232900 avg_loss=2.131
[12529.1s] epoch 92 step 232950 avg_loss=2.134
[12532.4s] epoch 92 step 233000 avg_loss=2.151
[12535.5s] epoch 92 step 233050 avg_loss=2.184
[12538.6s] epoch 92 step 233100 avg_loss=2.173
[12541.5s] epoch 92 step 233150 avg_loss=2.180
[12544.4s] epoch 92 step 233200 avg_loss=2.180
[12547.3s] epoch 92 step 233250 avg_loss=2.184
[12550.2s] epoch 92 step 233300 avg_loss=2.188
[12553.0s] epoch 92 step 233350 avg_loss=2.190
[12555.6s] epoch 92 step 233400 avg_loss=2.190
[12558.0s] epoch 92 step 233450 avg_loss=2.180
[12560.4s] epoch 92 step 233500 avg_loss=2.183
[12562.9s] epoch 92 step 233550 avg_loss=2.191
[12565.5s] epoch 92 step 233600 avg_loss=2.200
[12568.3s] epoch 92 step 233650 avg_loss=2.199
[12571.0s] epoch 92 step 233700 avg_loss=2.219
[12573.6s] epoch 92 step 233750 avg_loss=2.222
[12577.2s] epoch 92 step 233800 avg_loss=2.253
[12580.2s] epoch 92 step 233850 avg_loss=2.251
[12583.0s] epoch 92 step 233900 avg_loss=2.264
[12586.0s] epoch 92 step 233950 avg_loss=2.280
[12588.6s] epoch 92 step 234000 avg_loss=2.293
[12591.3s] epoch 92 step 234050 avg_loss=2.301
[12594.0s] epoch 92 step 234100 avg_loss=2.311
[12596.5s] epoch 92 step 234150 avg_loss=2.313
[12599.0s] epoch 92 step 234200 avg_loss=2.312
[12601.6s] epoch 92 step 234250 avg_loss=2.324
[12604.3s] epoch 92 step 234300 avg_loss=2.335
[12606.8s] epoch 92 step 234350 avg_loss=2.334
[12609.4s] epoch 92 step 234400 avg_loss=2.339
[12611.7s] epoch 92 step 234450 avg_loss=2.343
[12614.2s] epoch 92 step 234500 avg_loss=2.347
[12616.6s] epoch 92 step 234550 avg_loss=2.349
[12619.2s] epoch 92 step 234600 avg_loss=2.357
[12622.0s] epoch 92 step 234650 avg_loss=2.367
[12624.1s] epoch 92 step 234700 avg_loss=2.371
[12627.1s] epoch 92 step 234750 avg_loss=2.380
[12629.5s] epoch 92 step 234800 avg_loss=2.378
[12630.7s] === epoch 92 done: avg_loss=2.381 (n=2525 derivations) ===
[12632.3s] epoch 93 step 234850 avg_loss=2.142
[12635.0s] epoch 93 step 234900 avg_loss=2.146
[12638.1s] epoch 93 step 234950 avg_loss=2.134
[12641.0s] epoch 93 step 235000 avg_loss=2.057
[12643.8s] epoch 93 step 235050 avg_loss=2.049
[12646.8s] epoch 93 step 235100 avg_loss=2.014
[12649.8s] epoch 93 step 235150 avg_loss=2.035
[12652.1s] epoch 93 step 235200 avg_loss=2.038
[12654.9s] epoch 93 step 235250 avg_loss=2.093
[12657.5s] epoch 93 step 235300 avg_loss=2.122
[12660.0s] epoch 93 step 235350 avg_loss=2.120
[12662.8s] epoch 93 step 235400 avg_loss=2.111
[12665.6s] epoch 93 step 235450 avg_loss=2.123
[12668.4s] epoch 93 step 235500 avg_loss=2.145
[12671.5s] epoch 93 step 235550 avg_loss=2.159
[12674.4s] epoch 93 step 235600 avg_loss=2.178
[12677.0s] epoch 93 step 235650 avg_loss=2.186
[12679.6s] epoch 93 step 235700 avg_loss=2.188
[12682.7s] epoch 93 step 235750 avg_loss=2.189
[12685.4s] epoch 93 step 235800 avg_loss=2.204
[12688.0s] epoch 93 step 235850 avg_loss=2.199
[12690.3s] epoch 93 step 235900 avg_loss=2.185
[12692.9s] epoch 93 step 235950 avg_loss=2.182
[12695.3s] epoch 93 step 236000 avg_loss=2.184
[12697.8s] epoch 93 step 236050 avg_loss=2.186
[12700.2s] epoch 93 step 236100 avg_loss=2.204
[12703.0s] epoch 93 step 236150 avg_loss=2.216
[12705.5s] epoch 93 step 236200 avg_loss=2.214
[12708.2s] epoch 93 step 236250 avg_loss=2.217
[12710.9s] epoch 93 step 236300 avg_loss=2.214
[12713.8s] epoch 93 step 236350 avg_loss=2.225
[12716.3s] epoch 93 step 236400 avg_loss=2.240
[12719.2s] epoch 93 step 236450 avg_loss=2.239
[12721.8s] epoch 93 step 236500 avg_loss=2.273
[12724.3s] epoch 93 step 236550 avg_loss=2.277
[12726.9s] epoch 93 step 236600 avg_loss=2.293
[12729.6s] epoch 93 step 236650 avg_loss=2.292
[12732.5s] epoch 93 step 236700 avg_loss=2.299
[12734.9s] epoch 93 step 236750 avg_loss=2.299
[12737.6s] epoch 93 step 236800 avg_loss=2.302
[12740.4s] epoch 93 step 236850 avg_loss=2.309
[12743.7s] epoch 93 step 236900 avg_loss=2.318
[12746.1s] epoch 93 step 236950 avg_loss=2.333
[12748.7s] epoch 93 step 237000 avg_loss=2.331
[12751.6s] epoch 93 step 237050 avg_loss=2.341
[12754.6s] epoch 93 step 237100 avg_loss=2.351
[12757.4s] epoch 93 step 237150 avg_loss=2.356
[12760.0s] epoch 93 step 237200 avg_loss=2.358
[12762.6s] epoch 93 step 237250 avg_loss=2.354
[12765.0s] epoch 93 step 237300 avg_loss=2.367
[12767.5s] epoch 93 step 237350 avg_loss=2.369
[12767.5s] === epoch 93 done: avg_loss=2.369 (n=2525 derivations) ===
[12769.9s] epoch 94 step 237400 avg_loss=2.135
[12772.7s] epoch 94 step 237450 avg_loss=2.134
[12775.9s] epoch 94 step 237500 avg_loss=2.305
[12778.7s] epoch 94 step 237550 avg_loss=2.219
[12781.6s] epoch 94 step 237600 avg_loss=2.228
[12784.2s] epoch 94 step 237650 avg_loss=2.190
[12787.1s] epoch 94 step 237700 avg_loss=2.177
[12790.0s] epoch 94 step 237750 avg_loss=2.144
[12792.7s] epoch 94 step 237800 avg_loss=2.165
[12795.9s] epoch 94 step 237850 avg_loss=2.169
[12798.7s] epoch 94 step 237900 avg_loss=2.145
[12801.3s] epoch 94 step 237950 avg_loss=2.132
[12804.4s] epoch 94 step 238000 avg_loss=2.143
[12807.2s] epoch 94 step 238050 avg_loss=2.146
[12810.5s] epoch 94 step 238100 avg_loss=2.169
[12813.4s] epoch 94 step 238150 avg_loss=2.170
[12816.9s] epoch 94 step 238200 avg_loss=2.184
[12819.9s] epoch 94 step 238250 avg_loss=2.201
[12822.7s] epoch 94 step 238300 avg_loss=2.196
[12825.2s] epoch 94 step 238350 avg_loss=2.200
[12828.0s] epoch 94 step 238400 avg_loss=2.237
[12830.7s] epoch 94 step 238450 avg_loss=2.249
[12833.7s] epoch 94 step 238500 avg_loss=2.259
[12836.9s] epoch 94 step 238550 avg_loss=2.270
[12839.9s] epoch 94 step 238600 avg_loss=2.262
[12843.1s] epoch 94 step 238650 avg_loss=2.276
[12846.2s] epoch 94 step 238700 avg_loss=2.271
[12848.8s] epoch 94 step 238750 avg_loss=2.262
[12852.2s] epoch 94 step 238800 avg_loss=2.265
[12855.4s] epoch 94 step 238850 avg_loss=2.279
[12858.1s] epoch 94 step 238900 avg_loss=2.292
[12860.8s] epoch 94 step 238950 avg_loss=2.298
[12863.8s] epoch 94 step 239000 avg_loss=2.304
[12867.1s] epoch 94 step 239050 avg_loss=2.308
[12870.0s] epoch 94 step 239100 avg_loss=2.304
[12872.7s] epoch 94 step 239150 avg_loss=2.312
[12875.5s] epoch 94 step 239200 avg_loss=2.316
[12878.5s] epoch 94 step 239250 avg_loss=2.319
[12880.9s] epoch 94 step 239300 avg_loss=2.322
[12883.2s] epoch 94 step 239350 avg_loss=2.323
[12885.9s] epoch 94 step 239400 avg_loss=2.324
[12889.0s] epoch 94 step 239450 avg_loss=2.333
[12891.6s] epoch 94 step 239500 avg_loss=2.339
[12894.2s] epoch 94 step 239550 avg_loss=2.345
[12896.8s] epoch 94 step 239600 avg_loss=2.345
[12900.1s] epoch 94 step 239650 avg_loss=2.359
[12902.8s] epoch 94 step 239700 avg_loss=2.365
[12905.6s] epoch 94 step 239750 avg_loss=2.367
[12908.7s] epoch 94 step 239800 avg_loss=2.370
[12911.4s] epoch 94 step 239850 avg_loss=2.376
[12912.5s] === epoch 94 done: avg_loss=2.373 (n=2525 derivations) ===
[12913.8s] epoch 95 step 239900 avg_loss=2.205
[12916.5s] epoch 95 step 239950 avg_loss=2.295
[12919.7s] epoch 95 step 240000 avg_loss=2.098
[12922.9s] epoch 95 step 240050 avg_loss=2.103
[12925.8s] epoch 95 step 240100 avg_loss=2.100
[12928.4s] epoch 95 step 240150 avg_loss=2.051
[12931.5s] epoch 95 step 240200 avg_loss=2.124
[12934.1s] epoch 95 step 240250 avg_loss=2.101
[12937.0s] epoch 95 step 240300 avg_loss=2.102
[12939.4s] epoch 95 step 240350 avg_loss=2.085
[12942.0s] epoch 95 step 240400 avg_loss=2.100
[12944.5s] epoch 95 step 240450 avg_loss=2.086
[12947.3s] epoch 95 step 240500 avg_loss=2.108
[12950.2s] epoch 95 step 240550 avg_loss=2.160
[12952.8s] epoch 95 step 240600 avg_loss=2.184
[12955.5s] epoch 95 step 240650 avg_loss=2.201
[12958.2s] epoch 95 step 240700 avg_loss=2.194
[12961.2s] epoch 95 step 240750 avg_loss=2.208
[12964.1s] epoch 95 step 240800 avg_loss=2.220
[12967.0s] epoch 95 step 240850 avg_loss=2.231
[12969.7s] epoch 95 step 240900 avg_loss=2.237
[12972.5s] epoch 95 step 240950 avg_loss=2.228
[12975.4s] epoch 95 step 241000 avg_loss=2.222
[12978.4s] epoch 95 step 241050 avg_loss=2.232
[12980.9s] epoch 95 step 241100 avg_loss=2.247
[12983.6s] epoch 95 step 241150 avg_loss=2.261
[12986.5s] epoch 95 step 241200 avg_loss=2.267
[12988.9s] epoch 95 step 241250 avg_loss=2.278
[12991.7s] epoch 95 step 241300 avg_loss=2.287
[12994.3s] epoch 95 step 241350 avg_loss=2.287
[12997.2s] epoch 95 step 241400 avg_loss=2.311
[12999.9s] epoch 95 step 241450 avg_loss=2.323
[13002.5s] epoch 95 step 241500 avg_loss=2.325
[13004.8s] epoch 95 step 241550 avg_loss=2.327
[13007.7s] epoch 95 step 241600 avg_loss=2.327
[13010.8s] epoch 95 step 241650 avg_loss=2.332
[13013.5s] epoch 95 step 241700 avg_loss=2.352
[13016.2s] epoch 95 step 241750 avg_loss=2.350
[13019.3s] epoch 95 step 241800 avg_loss=2.357
[13021.7s] epoch 95 step 241850 avg_loss=2.359
[13024.8s] epoch 95 step 241900 avg_loss=2.355
[13028.0s] epoch 95 step 241950 avg_loss=2.367
[13030.6s] epoch 95 step 242000 avg_loss=2.364
[13033.3s] epoch 95 step 242050 avg_loss=2.365
[13035.9s] epoch 95 step 242100 avg_loss=2.376
[13038.5s] epoch 95 step 242150 avg_loss=2.371
[13041.3s] epoch 95 step 242200 avg_loss=2.367
[13044.1s] epoch 95 step 242250 avg_loss=2.361
[13046.7s] epoch 95 step 242300 avg_loss=2.365
[13049.7s] epoch 95 step 242350 avg_loss=2.362
[13052.9s] epoch 95 step 242400 avg_loss=2.363
[13052.9s] === epoch 95 done: avg_loss=2.363 (n=2525 derivations) ===
[13055.9s] epoch 96 step 242450 avg_loss=2.293
[13059.0s] epoch 96 step 242500 avg_loss=2.068
[13061.7s] epoch 96 step 242550 avg_loss=1.942
[13064.8s] epoch 96 step 242600 avg_loss=1.929
[13067.7s] epoch 96 step 242650 avg_loss=1.946
[13070.3s] epoch 96 step 242700 avg_loss=1.991
[13072.8s] epoch 96 step 242750 avg_loss=2.047
[13075.7s] epoch 96 step 242800 avg_loss=2.037
[13078.4s] epoch 96 step 242850 avg_loss=2.007
[13081.2s] epoch 96 step 242900 avg_loss=1.996
[13084.0s] epoch 96 step 242950 avg_loss=2.018
[13086.6s] epoch 96 step 243000 avg_loss=2.044
[13089.7s] epoch 96 step 243050 avg_loss=2.085
[13092.7s] epoch 96 step 243100 avg_loss=2.087
[13095.9s] epoch 96 step 243150 avg_loss=2.120
[13099.4s] epoch 96 step 243200 avg_loss=2.119
[13101.9s] epoch 96 step 243250 avg_loss=2.125
[13105.3s] epoch 96 step 243300 avg_loss=2.134
[13108.4s] epoch 96 step 243350 avg_loss=2.145
[13111.0s] epoch 96 step 243400 avg_loss=2.164
[13113.4s] epoch 96 step 243450 avg_loss=2.148
[13116.1s] epoch 96 step 243500 avg_loss=2.152
[13118.7s] epoch 96 step 243550 avg_loss=2.142
[13121.0s] epoch 96 step 243600 avg_loss=2.145
[13124.0s] epoch 96 step 243650 avg_loss=2.163
[13126.8s] epoch 96 step 243700 avg_loss=2.167
[13129.4s] epoch 96 step 243750 avg_loss=2.183
[13132.1s] epoch 96 step 243800 avg_loss=2.195
[13134.8s] epoch 96 step 243850 avg_loss=2.211
[13137.3s] epoch 96 step 243900 avg_loss=2.224
[13139.8s] epoch 96 step 243950 avg_loss=2.232
[13142.7s] epoch 96 step 244000 avg_loss=2.235
[13145.3s] epoch 96 step 244050 avg_loss=2.234
[13148.0s] epoch 96 step 244100 avg_loss=2.244
[13150.4s] epoch 96 step 244150 avg_loss=2.246
[13153.1s] epoch 96 step 244200 avg_loss=2.258
[13155.7s] epoch 96 step 244250 avg_loss=2.263
[13158.7s] epoch 96 step 244300 avg_loss=2.278
[13161.5s] epoch 96 step 244350 avg_loss=2.283
[13164.1s] epoch 96 step 244400 avg_loss=2.282
[13166.8s] epoch 96 step 244450 avg_loss=2.283
[13169.3s] epoch 96 step 244500 avg_loss=2.291
[13171.9s] epoch 96 step 244550 avg_loss=2.292
[13175.0s] epoch 96 step 244600 avg_loss=2.306
[13177.8s] epoch 96 step 244650 avg_loss=2.316
[13180.6s] epoch 96 step 244700 avg_loss=2.330
[13183.5s] epoch 96 step 244750 avg_loss=2.334
[13186.5s] epoch 96 step 244800 avg_loss=2.346
[13189.5s] epoch 96 step 244850 avg_loss=2.348
[13192.0s] epoch 96 step 244900 avg_loss=2.346
[13193.3s] === epoch 96 done: avg_loss=2.345 (n=2525 derivations) ===
[13194.7s] epoch 97 step 244950 avg_loss=1.857
[13197.3s] epoch 97 step 245000 avg_loss=1.927
[13200.1s] epoch 97 step 245050 avg_loss=1.916
[13202.6s] epoch 97 step 245100 avg_loss=1.956
[13205.2s] epoch 97 step 245150 avg_loss=1.930
[13208.0s] epoch 97 step 245200 avg_loss=1.918
[13210.9s] epoch 97 step 245250 avg_loss=1.914
[13213.4s] epoch 97 step 245300 avg_loss=1.929
[13216.2s] epoch 97 step 245350 avg_loss=1.964
[13219.0s] epoch 97 step 245400 avg_loss=1.967
[13221.6s] epoch 97 step 245450 avg_loss=1.985
[13224.6s] epoch 97 step 245500 avg_loss=1.962
[13227.2s] epoch 97 step 245550 avg_loss=1.988
[13230.0s] epoch 97 step 245600 avg_loss=1.982
[13232.7s] epoch 97 step 245650 avg_loss=1.978
[13235.4s] epoch 97 step 245700 avg_loss=1.986
[13237.6s] epoch 97 step 245750 avg_loss=1.995
[13240.6s] epoch 97 step 245800 avg_loss=2.037
[13243.2s] epoch 97 step 245850 avg_loss=2.059
[13246.0s] epoch 97 step 245900 avg_loss=2.063
[13248.7s] epoch 97 step 245950 avg_loss=2.080
[13251.4s] epoch 97 step 246000 avg_loss=2.098
[13254.4s] epoch 97 step 246050 avg_loss=2.127
[13257.1s] epoch 97 step 246100 avg_loss=2.120
[13260.2s] epoch 97 step 246150 avg_loss=2.134
[13263.0s] epoch 97 step 246200 avg_loss=2.138
[13266.1s] epoch 97 step 246250 avg_loss=2.145
[13268.9s] epoch 97 step 246300 avg_loss=2.153
[13271.7s] epoch 97 step 246350 avg_loss=2.160
[13274.2s] epoch 97 step 246400 avg_loss=2.163
[13276.8s] epoch 97 step 246450 avg_loss=2.167
[13280.0s] epoch 97 step 246500 avg_loss=2.180
[13282.6s] epoch 97 step 246550 avg_loss=2.198
[13284.8s] epoch 97 step 246600 avg_loss=2.201
[13287.2s] epoch 97 step 246650 avg_loss=2.208
[13290.1s] epoch 97 step 246700 avg_loss=2.215
[13292.9s] epoch 97 step 246750 avg_loss=2.226
[13295.5s] epoch 97 step 246800 avg_loss=2.229
[13298.2s] epoch 97 step 246850 avg_loss=2.232
[13300.9s] epoch 97 step 246900 avg_loss=2.235
[13303.9s] epoch 97 step 246950 avg_loss=2.255
[13306.5s] epoch 97 step 247000 avg_loss=2.262
[13309.0s] epoch 97 step 247050 avg_loss=2.263
[13311.9s] epoch 97 step 247100 avg_loss=2.271
[13314.9s] epoch 97 step 247150 avg_loss=2.273
[13317.9s] epoch 97 step 247200 avg_loss=2.281
[13320.4s] epoch 97 step 247250 avg_loss=2.294
[13323.3s] epoch 97 step 247300 avg_loss=2.303
[13326.0s] epoch 97 step 247350 avg_loss=2.308
[13328.7s] epoch 97 step 247400 avg_loss=2.320
[13331.6s] epoch 97 step 247450 avg_loss=2.331
[13331.6s] === epoch 97 done: avg_loss=2.331 (n=2525 derivations) ===
[13334.3s] epoch 98 step 247500 avg_loss=1.915
[13337.1s] epoch 98 step 247550 avg_loss=1.975
[13339.6s] epoch 98 step 247600 avg_loss=2.086
[13342.1s] epoch 98 step 247650 avg_loss=2.054
[13344.2s] epoch 98 step 247700 avg_loss=2.066
[13346.9s] epoch 98 step 247750 avg_loss=2.115
[13349.6s] epoch 98 step 247800 avg_loss=2.224
[13352.0s] epoch 98 step 247850 avg_loss=2.192
[13354.9s] epoch 98 step 247900 avg_loss=2.174
[13357.3s] epoch 98 step 247950 avg_loss=2.164
[13359.7s] epoch 98 step 248000 avg_loss=2.154
[13362.0s] epoch 98 step 248050 avg_loss=2.159
[13364.9s] epoch 98 step 248100 avg_loss=2.135
[13368.1s] epoch 98 step 248150 avg_loss=2.136
[13370.7s] epoch 98 step 248200 avg_loss=2.145
[13373.3s] epoch 98 step 248250 avg_loss=2.163
[13376.2s] epoch 98 step 248300 avg_loss=2.170
[13378.7s] epoch 98 step 248350 avg_loss=2.171
[13381.4s] epoch 98 step 248400 avg_loss=2.184
[13384.5s] epoch 98 step 248450 avg_loss=2.191
[13387.3s] epoch 98 step 248500 avg_loss=2.211
[13390.0s] epoch 98 step 248550 avg_loss=2.207
[13392.7s] epoch 98 step 248600 avg_loss=2.212
[13395.9s] epoch 98 step 248650 avg_loss=2.218
[13399.0s] epoch 98 step 248700 avg_loss=2.213
[13401.8s] epoch 98 step 248750 avg_loss=2.230
[13404.3s] epoch 98 step 248800 avg_loss=2.235
[13407.0s] epoch 98 step 248850 avg_loss=2.229
[13409.5s] epoch 98 step 248900 avg_loss=2.231
[13411.8s] epoch 98 step 248950 avg_loss=2.233
[13414.3s] epoch 98 step 249000 avg_loss=2.228
[13417.1s] epoch 98 step 249050 avg_loss=2.230
[13419.7s] epoch 98 step 249100 avg_loss=2.246
[13422.7s] epoch 98 step 249150 avg_loss=2.255
[13425.5s] epoch 98 step 249200 avg_loss=2.257
[13428.6s] epoch 98 step 249250 avg_loss=2.261
[13431.2s] epoch 98 step 249300 avg_loss=2.272
[13434.0s] epoch 98 step 249350 avg_loss=2.270
[13437.1s] epoch 98 step 249400 avg_loss=2.277
[13439.1s] epoch 98 step 249450 avg_loss=2.275
[13441.6s] epoch 98 step 249500 avg_loss=2.284
[13444.2s] epoch 98 step 249550 avg_loss=2.280
[13447.3s] epoch 98 step 249600 avg_loss=2.286
[13450.2s] epoch 98 step 249650 avg_loss=2.295
[13453.3s] epoch 98 step 249700 avg_loss=2.308
[13456.0s] epoch 98 step 249750 avg_loss=2.310
[13458.9s] epoch 98 step 249800 avg_loss=2.313
[13461.3s] epoch 98 step 249850 avg_loss=2.322
[13464.0s] epoch 98 step 249900 avg_loss=2.329
[13466.9s] epoch 98 step 249950 avg_loss=2.328
[13468.4s] === epoch 98 done: avg_loss=2.332 (n=2525 derivations) ===
[13469.9s] epoch 99 step 250000 avg_loss=1.495
[13472.8s] epoch 99 step 250050 avg_loss=1.917
[13475.3s] epoch 99 step 250100 avg_loss=1.939
[13477.7s] epoch 99 step 250150 avg_loss=1.869
[13480.6s] epoch 99 step 250200 avg_loss=1.865
[13483.1s] epoch 99 step 250250 avg_loss=1.900
[13485.8s] epoch 99 step 250300 avg_loss=1.909
[13488.7s] epoch 99 step 250350 avg_loss=1.937
[13491.2s] epoch 99 step 250400 avg_loss=1.939
[13493.9s] epoch 99 step 250450 avg_loss=1.927
[13496.3s] epoch 99 step 250500 avg_loss=1.931
[13499.2s] epoch 99 step 250550 avg_loss=1.974
[13501.6s] epoch 99 step 250600 avg_loss=2.022
[13504.5s] epoch 99 step 250650 avg_loss=2.059
[13507.0s] epoch 99 step 250700 avg_loss=2.082
[13509.6s] epoch 99 step 250750 avg_loss=2.082
[13512.7s] epoch 99 step 250800 avg_loss=2.100
[13515.5s] epoch 99 step 250850 avg_loss=2.119
[13518.6s] epoch 99 step 250900 avg_loss=2.129
[13521.6s] epoch 99 step 250950 avg_loss=2.150
[13523.9s] epoch 99 step 251000 avg_loss=2.144
[13526.3s] epoch 99 step 251050 avg_loss=2.155
[13529.3s] epoch 99 step 251100 avg_loss=2.169
[13532.2s] epoch 99 step 251150 avg_loss=2.181
[13535.3s] epoch 99 step 251200 avg_loss=2.183
[13537.9s] epoch 99 step 251250 avg_loss=2.181
[13540.6s] epoch 99 step 251300 avg_loss=2.191
[13543.2s] epoch 99 step 251350 avg_loss=2.197
[13546.5s] epoch 99 step 251400 avg_loss=2.202
[13549.4s] epoch 99 step 251450 avg_loss=2.207
[13553.0s] epoch 99 step 251500 avg_loss=2.215
[13556.0s] epoch 99 step 251550 avg_loss=2.213
[13559.1s] epoch 99 step 251600 avg_loss=2.239
[13562.2s] epoch 99 step 251650 avg_loss=2.246
[13565.3s] epoch 99 step 251700 avg_loss=2.258
[13568.2s] epoch 99 step 251750 avg_loss=2.257
[13571.0s] epoch 99 step 251800 avg_loss=2.259
[13573.7s] epoch 99 step 251850 avg_loss=2.268
[13576.9s] epoch 99 step 251900 avg_loss=2.281
[13579.8s] epoch 99 step 251950 avg_loss=2.276
[13582.6s] epoch 99 step 252000 avg_loss=2.286
[13585.3s] epoch 99 step 252050 avg_loss=2.292
[13588.2s] epoch 99 step 252100 avg_loss=2.300
[13590.9s] epoch 99 step 252150 avg_loss=2.301
[13593.9s] epoch 99 step 252200 avg_loss=2.311
[13596.4s] epoch 99 step 252250 avg_loss=2.313
[13599.4s] epoch 99 step 252300 avg_loss=2.316
[13602.0s] epoch 99 step 252350 avg_loss=2.318
[13604.4s] epoch 99 step 252400 avg_loss=2.315
[13607.0s] epoch 99 step 252450 avg_loss=2.328
[13609.9s] epoch 99 step 252500 avg_loss=2.336
[13609.9s] === epoch 99 done: avg_loss=2.336 (n=2525 derivations) ===
[13612.3s] epoch 100 step 252550 avg_loss=1.857
[13615.2s] epoch 100 step 252600 avg_loss=1.935
[13618.1s] epoch 100 step 252650 avg_loss=1.967
[13621.2s] epoch 100 step 252700 avg_loss=2.019
[13624.0s] epoch 100 step 252750 avg_loss=2.060
[13626.6s] epoch 100 step 252800 avg_loss=2.010
[13629.0s] epoch 100 step 252850 avg_loss=2.025
[13631.6s] epoch 100 step 252900 avg_loss=2.014
[13634.2s] epoch 100 step 252950 avg_loss=2.035
[13637.0s] epoch 100 step 253000 avg_loss=2.029
[13639.9s] epoch 100 step 253050 avg_loss=2.058
[13643.2s] epoch 100 step 253100 avg_loss=2.096
[13645.8s] epoch 100 step 253150 avg_loss=2.148
[13648.4s] epoch 100 step 253200 avg_loss=2.144
[13651.7s] epoch 100 step 253250 avg_loss=2.147
[13654.2s] epoch 100 step 253300 avg_loss=2.152
[13656.6s] epoch 100 step 253350 avg_loss=2.144
[13659.0s] epoch 100 step 253400 avg_loss=2.142
[13662.2s] epoch 100 step 253450 avg_loss=2.147
[13664.7s] epoch 100 step 253500 avg_loss=2.159
[13667.4s] epoch 100 step 253550 avg_loss=2.160
[13670.5s] epoch 100 step 253600 avg_loss=2.148
[13673.8s] epoch 100 step 253650 avg_loss=2.154
[13677.0s] epoch 100 step 253700 avg_loss=2.175
[13679.7s] epoch 100 step 253750 avg_loss=2.180
[13682.5s] epoch 100 step 253800 avg_loss=2.181
[13685.4s] epoch 100 step 253850 avg_loss=2.183
[13688.0s] epoch 100 step 253900 avg_loss=2.194
[13690.7s] epoch 100 step 253950 avg_loss=2.196
[13693.4s] epoch 100 step 254000 avg_loss=2.200
[13696.0s] epoch 100 step 254050 avg_loss=2.212
[13699.1s] epoch 100 step 254100 avg_loss=2.217
[13702.0s] epoch 100 step 254150 avg_loss=2.221
[13704.5s] epoch 100 step 254200 avg_loss=2.223
[13707.5s] epoch 100 step 254250 avg_loss=2.223
[13709.9s] epoch 100 step 254300 avg_loss=2.225
[13712.5s] epoch 100 step 254350 avg_loss=2.242
[13715.3s] epoch 100 step 254400 avg_loss=2.239
[13717.6s] epoch 100 step 254450 avg_loss=2.243
[13720.3s] epoch 100 step 254500 avg_loss=2.254
[13723.2s] epoch 100 step 254550 avg_loss=2.257
[13726.0s] epoch 100 step 254600 avg_loss=2.271
[13728.9s] epoch 100 step 254650 avg_loss=2.274
[13731.8s] epoch 100 step 254700 avg_loss=2.279
[13734.3s] epoch 100 step 254750 avg_loss=2.284
[13737.2s] epoch 100 step 254800 avg_loss=2.292
[13739.7s] epoch 100 step 254850 avg_loss=2.303
[13741.9s] epoch 100 step 254900 avg_loss=2.304
[13744.3s] epoch 100 step 254950 avg_loss=2.312
[13746.8s] epoch 100 step 255000 avg_loss=2.312
[13748.0s] === epoch 100 done: avg_loss=2.315 (n=2525 derivations) ===
[13749.1s] epoch 101 step 255050 avg_loss=1.891
[13751.6s] epoch 101 step 255100 avg_loss=1.929
[13754.1s] epoch 101 step 255150 avg_loss=2.018
[13756.6s] epoch 101 step 255200 avg_loss=1.985
[13759.7s] epoch 101 step 255250 avg_loss=2.075
[13762.4s] epoch 101 step 255300 avg_loss=2.075
[13765.3s] epoch 101 step 255350 avg_loss=2.049
[13768.2s] epoch 101 step 255400 avg_loss=2.084
[13770.7s] epoch 101 step 255450 avg_loss=2.091
[13773.6s] epoch 101 step 255500 avg_loss=2.093
[13776.4s] epoch 101 step 255550 avg_loss=2.115
[13779.1s] epoch 101 step 255600 avg_loss=2.070
[13781.5s] epoch 101 step 255650 avg_loss=2.064
[13783.9s] === epoch 101 done: avg_loss=2.085 (n=672 derivations) ===
[13783.9s] training wall-clock: 13763.8s (stopped_early=True)
[13783.9s] max-steps budget: optimizer_steps=8000 (cap=8000, stop_reason=max_steps) epoch_fraction=101.386 throughput=0.5812 steps/s (1.7205 s/step)
[13783.9s] evaluating (model policy) ...
[13783.9s] holdout eval targets from runs/encoder_gold_v2.jsonl: matched=98 missing=0
[14011.5s] holdout (best-of-6 + rank1 + forest width): {'sense_recall': 0.6597938144329897, 'slot_recall': 0.7732919254658385, 'structure_recall': 0.17012448132780084, 'all_gold_recalled_rate': 0.09183673469387756, 'edge_precision': 0.7133429684450094, 'edge_recall': 0.6574834698559191, 'overgen_ratio': 0.9789672628958341, 'n_records': 98, 'rank1_edge_precision': 0.5801164679991209, 'rank1_edge_recall': 0.5364720313699909, 'rank1_edge_f1': 0.5574412779542585, 'rank1_structure_recall': 0.06639004149377593, 'mean_forest_width': 5.989795918367347}
[14011.5s] holdout eval targets (alt) from runs/encoder_gold_v3.jsonl: matched=94 missing=4
[14252.6s] holdout_alt (best-of-6 + rank1 + forest width): {'sense_recall': 0.5366568914956011, 'slot_recall': 0.7868852459016393, 'structure_recall': 0.06382978723404255, 'all_gold_recalled_rate': 0.06382978723404255, 'edge_precision': 0.7123495594240272, 'edge_recall': 0.48905096085947164, 'overgen_ratio': 0.7392561634582913, 'n_records': 94, 'rank1_edge_precision': 0.559310783778869, 'rank1_edge_recall': 0.37125731833178655, 'rank1_edge_f1': 0.4462826981256247, 'rank1_structure_recall': 0.031914893617021274, 'mean_forest_width': 5.98936170212766}
[14252.6s] evaluating RANDOM baseline on holdout ...
[14257.3s] holdout (random baseline): {'sense_recall': 0.030927835051546393, 'slot_recall': 0.0, 'structure_recall': 0.0, 'all_gold_recalled_rate': 0.0, 'edge_precision': 0.008446712018140588, 'edge_recall': 0.004666662702376988, 'overgen_ratio': 0.020468321361178505, 'n_records': 98}
[14257.3s] saved checkpoint -> runs/arms/v2_788_1.pt
[14257.3s] TOTAL wall-clock: 14257.3s
