[   0.0s] loading gold from runs/encoder_gold_v3.jsonl
[   0.1s] 959 gold records
[   0.1s] holdout mode: 98 held-out sentences, pool=865, train subset=788 (subset_seed=0)
[   0.1s] loading USVS from /home/user/NAOMI/consciousness_transformer/data/usvs
[  15.2s] USVS loaded: 117679 senses, d_axes=607
[  15.2s] pos_vocab=15 role_vocab=38
[  15.2s] policy params: 343,237 (~1.373 MB fp32)
[  15.2s] building features + derivations for 788 train records
[  16.0s] 788 teacher-forced derivations
[  20.3s] epoch 0 step 50 avg_loss=96.165
[  22.7s] epoch 0 step 100 avg_loss=94.192
[  24.9s] epoch 0 step 150 avg_loss=87.376
[  27.8s] epoch 0 step 200 avg_loss=86.731
[  30.5s] epoch 0 step 250 avg_loss=83.903
[  33.5s] epoch 0 step 300 avg_loss=82.810
[  36.0s] epoch 0 step 350 avg_loss=80.426
[  38.5s] epoch 0 step 400 avg_loss=77.704
[  41.4s] epoch 0 step 450 avg_loss=75.905
[  44.1s] epoch 0 step 500 avg_loss=74.117
[  47.2s] epoch 0 step 550 avg_loss=72.920
[  49.9s] epoch 0 step 600 avg_loss=71.384
[  52.8s] epoch 0 step 650 avg_loss=70.408
[  55.8s] epoch 0 step 700 avg_loss=69.481
[  58.5s] epoch 0 step 750 avg_loss=68.128
[  60.7s] === epoch 0 done: avg_loss=67.552 (n=788 derivations) ===
[  61.7s] epoch 1 step 800 avg_loss=66.439
[  64.5s] epoch 1 step 850 avg_loss=54.618
[  67.2s] epoch 1 step 900 avg_loss=50.735
[  70.0s] epoch 1 step 950 avg_loss=49.383
[  72.6s] epoch 1 step 1000 avg_loss=48.709
[  75.2s] epoch 1 step 1050 avg_loss=47.606
[  77.9s] epoch 1 step 1100 avg_loss=46.926
[  81.3s] epoch 1 step 1150 avg_loss=48.349
[  84.4s] epoch 1 step 1200 avg_loss=47.916
[  87.2s] epoch 1 step 1250 avg_loss=47.656
[  90.2s] epoch 1 step 1300 avg_loss=47.462
[  92.9s] epoch 1 step 1350 avg_loss=47.251
[  95.5s] epoch 1 step 1400 avg_loss=46.661
[  98.1s] epoch 1 step 1450 avg_loss=45.990
[ 100.9s] epoch 1 step 1500 avg_loss=46.141
[ 103.7s] epoch 1 step 1550 avg_loss=46.433
[ 105.2s] === epoch 1 done: avg_loss=46.393 (n=788 derivations) ===
[ 106.4s] epoch 2 step 1600 avg_loss=36.956
[ 109.2s] epoch 2 step 1650 avg_loss=43.070
[ 112.1s] epoch 2 step 1700 avg_loss=41.520
[ 114.4s] epoch 2 step 1750 avg_loss=39.812
[ 117.1s] epoch 2 step 1800 avg_loss=39.707
[ 119.5s] epoch 2 step 1850 avg_loss=40.292
[ 122.2s] epoch 2 step 1900 avg_loss=40.298
[ 124.6s] epoch 2 step 1950 avg_loss=39.964
[ 127.0s] epoch 2 step 2000 avg_loss=39.383
[ 129.5s] epoch 2 step 2050 avg_loss=39.313
[ 132.1s] epoch 2 step 2100 avg_loss=39.694
[ 134.5s] epoch 2 step 2150 avg_loss=39.447
[ 137.1s] epoch 2 step 2200 avg_loss=39.010
[ 140.2s] epoch 2 step 2250 avg_loss=38.930
[ 142.8s] epoch 2 step 2300 avg_loss=38.892
[ 145.2s] epoch 2 step 2350 avg_loss=38.605
[ 146.0s] === epoch 2 done: avg_loss=38.642 (n=788 derivations) ===
[ 147.8s] epoch 3 step 2400 avg_loss=34.731
[ 150.2s] epoch 3 step 2450 avg_loss=36.399
[ 152.6s] epoch 3 step 2500 avg_loss=36.822
[ 155.3s] epoch 3 step 2550 avg_loss=36.414
[ 157.4s] epoch 3 step 2600 avg_loss=34.659
[ 159.7s] epoch 3 step 2650 avg_loss=34.713
[ 162.0s] epoch 3 step 2700 avg_loss=34.266
[ 164.6s] epoch 3 step 2750 avg_loss=34.477
[ 167.1s] epoch 3 step 2800 avg_loss=34.375
[ 169.5s] epoch 3 step 2850 avg_loss=33.929
[ 172.2s] epoch 3 step 2900 avg_loss=34.276
[ 174.8s] epoch 3 step 2950 avg_loss=34.546
[ 177.3s] epoch 3 step 3000 avg_loss=34.164
[ 179.8s] epoch 3 step 3050 avg_loss=33.915
[ 182.1s] epoch 3 step 3100 avg_loss=33.858
[ 184.6s] epoch 3 step 3150 avg_loss=33.822
[ 184.7s] === epoch 3 done: avg_loss=33.814 (n=788 derivations) ===
[ 187.0s] epoch 4 step 3200 avg_loss=30.802
[ 189.7s] epoch 4 step 3250 avg_loss=32.974
[ 191.9s] epoch 4 step 3300 avg_loss=31.327
[ 194.3s] epoch 4 step 3350 avg_loss=31.919
[ 196.9s] epoch 4 step 3400 avg_loss=31.097
[ 199.4s] epoch 4 step 3450 avg_loss=31.718
[ 201.6s] epoch 4 step 3500 avg_loss=30.812
[ 204.0s] epoch 4 step 3550 avg_loss=31.018
[ 206.4s] epoch 4 step 3600 avg_loss=30.976
[ 208.8s] epoch 4 step 3650 avg_loss=30.999
[ 211.2s] epoch 4 step 3700 avg_loss=30.946
[ 213.4s] epoch 4 step 3750 avg_loss=30.665
[ 215.8s] epoch 4 step 3800 avg_loss=30.615
[ 218.7s] epoch 4 step 3850 avg_loss=30.386
[ 221.5s] epoch 4 step 3900 avg_loss=30.738
[ 223.6s] === epoch 4 done: avg_loss=30.557 (n=788 derivations) ===
[ 224.2s] epoch 5 step 3950 avg_loss=34.769
[ 226.7s] epoch 5 step 4000 avg_loss=32.284
[ 229.1s] epoch 5 step 4050 avg_loss=29.841
[ 231.9s] epoch 5 step 4100 avg_loss=29.323
[ 234.8s] epoch 5 step 4150 avg_loss=30.100
[ 237.4s] epoch 5 step 4200 avg_loss=29.167
[ 240.6s] epoch 5 step 4250 avg_loss=30.137
[ 243.5s] epoch 5 step 4300 avg_loss=29.869
[ 246.2s] epoch 5 step 4350 avg_loss=29.156
[ 248.7s] epoch 5 step 4400 avg_loss=29.089
[ 251.2s] epoch 5 step 4450 avg_loss=28.829
[ 253.8s] epoch 5 step 4500 avg_loss=29.075
[ 256.3s] epoch 5 step 4550 avg_loss=29.099
[ 258.8s] epoch 5 step 4600 avg_loss=29.011
[ 261.3s] epoch 5 step 4650 avg_loss=28.805
[ 263.6s] epoch 5 step 4700 avg_loss=28.514
[ 264.9s] === epoch 5 done: avg_loss=28.240 (n=788 derivations) ===
[ 266.0s] epoch 6 step 4750 avg_loss=22.243
[ 268.6s] epoch 6 step 4800 avg_loss=25.638
[ 271.3s] epoch 6 step 4850 avg_loss=25.562
[ 274.5s] epoch 6 step 4900 avg_loss=28.498
[ 277.3s] epoch 6 step 4950 avg_loss=26.629
[ 279.9s] epoch 6 step 5000 avg_loss=26.719
[ 282.3s] epoch 6 step 5050 avg_loss=26.549
[ 284.5s] epoch 6 step 5100 avg_loss=26.711
[ 287.0s] epoch 6 step 5150 avg_loss=26.659
[ 289.4s] epoch 6 step 5200 avg_loss=26.535
[ 292.2s] epoch 6 step 5250 avg_loss=26.321
[ 294.9s] epoch 6 step 5300 avg_loss=26.434
[ 297.9s] epoch 6 step 5350 avg_loss=26.577
[ 300.5s] epoch 6 step 5400 avg_loss=26.479
[ 302.9s] epoch 6 step 5450 avg_loss=26.309
[ 306.1s] epoch 6 step 5500 avg_loss=26.579
[ 307.1s] === epoch 6 done: avg_loss=26.441 (n=788 derivations) ===
[ 309.0s] epoch 7 step 5550 avg_loss=26.120
[ 311.6s] epoch 7 step 5600 avg_loss=24.599
[ 314.5s] epoch 7 step 5650 avg_loss=25.554
[ 317.3s] epoch 7 step 5700 avg_loss=26.048
[ 320.0s] epoch 7 step 5750 avg_loss=25.376
[ 322.8s] epoch 7 step 5800 avg_loss=25.329
[ 325.6s] epoch 7 step 5850 avg_loss=25.366
[ 328.5s] epoch 7 step 5900 avg_loss=25.278
[ 331.4s] epoch 7 step 5950 avg_loss=25.207
[ 334.3s] epoch 7 step 6000 avg_loss=25.043
[ 337.6s] epoch 7 step 6050 avg_loss=25.506
[ 340.6s] epoch 7 step 6100 avg_loss=25.104
[ 343.3s] epoch 7 step 6150 avg_loss=25.144
[ 345.9s] epoch 7 step 6200 avg_loss=24.898
[ 348.9s] epoch 7 step 6250 avg_loss=25.142
[ 351.2s] epoch 7 step 6300 avg_loss=24.932
[ 351.4s] === epoch 7 done: avg_loss=24.898 (n=788 derivations) ===
[ 353.9s] epoch 8 step 6350 avg_loss=20.777
[ 356.7s] epoch 8 step 6400 avg_loss=23.326
[ 359.8s] epoch 8 step 6450 avg_loss=23.379
[ 362.5s] epoch 8 step 6500 avg_loss=22.595
[ 365.6s] epoch 8 step 6550 avg_loss=22.848
[ 368.6s] epoch 8 step 6600 avg_loss=23.465
[ 371.6s] epoch 8 step 6650 avg_loss=23.563
[ 374.3s] epoch 8 step 6700 avg_loss=23.280
[ 377.1s] epoch 8 step 6750 avg_loss=23.111
[ 379.7s] epoch 8 step 6800 avg_loss=23.382
[ 382.6s] epoch 8 step 6850 avg_loss=23.324
[ 385.5s] epoch 8 step 6900 avg_loss=23.561
[ 388.0s] epoch 8 step 6950 avg_loss=23.544
[ 390.7s] epoch 8 step 7000 avg_loss=23.761
[ 393.3s] epoch 8 step 7050 avg_loss=23.811
[ 395.4s] === epoch 8 done: avg_loss=23.681 (n=788 derivations) ===
[ 395.8s] epoch 9 step 7100 avg_loss=22.053
[ 398.3s] epoch 9 step 7150 avg_loss=22.405
[ 400.7s] epoch 9 step 7200 avg_loss=20.567
[ 403.2s] epoch 9 step 7250 avg_loss=20.514
[ 405.8s] epoch 9 step 7300 avg_loss=21.375
[ 408.3s] epoch 9 step 7350 avg_loss=21.231
[ 411.1s] epoch 9 step 7400 avg_loss=21.618
[ 413.8s] epoch 9 step 7450 avg_loss=21.682
[ 416.4s] epoch 9 step 7500 avg_loss=22.065
[ 419.3s] epoch 9 step 7550 avg_loss=22.437
[ 422.0s] epoch 9 step 7600 avg_loss=22.426
[ 424.6s] epoch 9 step 7650 avg_loss=22.218
[ 427.4s] epoch 9 step 7700 avg_loss=22.584
[ 430.0s] epoch 9 step 7750 avg_loss=22.624
[ 432.8s] epoch 9 step 7800 avg_loss=22.676
[ 435.1s] epoch 9 step 7850 avg_loss=22.444
[ 436.7s] === epoch 9 done: avg_loss=22.529 (n=788 derivations) ===
[ 437.6s] epoch 10 step 7900 avg_loss=22.156
[ 440.0s] epoch 10 step 7950 avg_loss=19.200
[ 442.8s] epoch 10 step 8000 avg_loss=21.184
[ 445.3s] epoch 10 step 8050 avg_loss=21.354
[ 447.9s] epoch 10 step 8100 avg_loss=21.392
[ 450.7s] epoch 10 step 8150 avg_loss=22.481
[ 453.1s] epoch 10 step 8200 avg_loss=22.117
[ 455.5s] epoch 10 step 8250 avg_loss=21.599
[ 458.4s] epoch 10 step 8300 avg_loss=22.261
[ 461.3s] epoch 10 step 8350 avg_loss=22.443
[ 463.7s] epoch 10 step 8400 avg_loss=22.179
[ 466.2s] epoch 10 step 8450 avg_loss=21.853
[ 469.8s] epoch 10 step 8500 avg_loss=21.959
[ 473.0s] epoch 10 step 8550 avg_loss=21.629
[ 476.3s] epoch 10 step 8600 avg_loss=21.498
[ 479.3s] epoch 10 step 8650 avg_loss=21.597
[ 480.1s] === epoch 10 done: avg_loss=21.511 (n=788 derivations) ===
[ 481.9s] epoch 11 step 8700 avg_loss=20.768
[ 485.4s] epoch 11 step 8750 avg_loss=20.265
[ 488.3s] epoch 11 step 8800 avg_loss=19.374
[ 491.4s] epoch 11 step 8850 avg_loss=20.129
[ 494.4s] epoch 11 step 8900 avg_loss=20.130
[ 496.9s] epoch 11 step 8950 avg_loss=19.802
[ 499.5s] epoch 11 step 9000 avg_loss=20.084
[ 502.2s] epoch 11 step 9050 avg_loss=20.306
[ 504.7s] epoch 11 step 9100 avg_loss=20.139
[ 507.2s] epoch 11 step 9150 avg_loss=20.212
[ 509.9s] epoch 11 step 9200 avg_loss=20.494
[ 513.0s] epoch 11 step 9250 avg_loss=20.471
[ 515.5s] epoch 11 step 9300 avg_loss=20.274
[ 518.1s] epoch 11 step 9350 avg_loss=20.176
[ 520.9s] epoch 11 step 9400 avg_loss=20.377
[ 523.7s] epoch 11 step 9450 avg_loss=20.662
[ 524.0s] === epoch 11 done: avg_loss=20.624 (n=788 derivations) ===
[ 526.5s] epoch 12 step 9500 avg_loss=19.277
[ 529.3s] epoch 12 step 9550 avg_loss=21.101
[ 531.9s] epoch 12 step 9600 avg_loss=21.661
[ 534.5s] epoch 12 step 9650 avg_loss=21.450
[ 536.9s] epoch 12 step 9700 avg_loss=19.923
[ 539.3s] epoch 12 step 9750 avg_loss=20.537
[ 541.5s] epoch 12 step 9800 avg_loss=20.050
[ 543.8s] epoch 12 step 9850 avg_loss=19.554
[ 546.4s] epoch 12 step 9900 avg_loss=19.705
[ 548.9s] epoch 12 step 9950 avg_loss=19.647
[ 551.3s] epoch 12 step 10000 avg_loss=19.586
[ 553.8s] epoch 12 step 10050 avg_loss=19.956
[ 556.1s] epoch 12 step 10100 avg_loss=19.864
[ 559.0s] epoch 12 step 10150 avg_loss=19.789
[ 561.7s] epoch 12 step 10200 avg_loss=19.724
[ 564.1s] === epoch 12 done: avg_loss=19.713 (n=788 derivations) ===
[ 564.3s] epoch 13 step 10250 avg_loss=10.501
[ 566.8s] epoch 13 step 10300 avg_loss=19.128
[ 569.4s] epoch 13 step 10350 avg_loss=19.698
[ 571.7s] epoch 13 step 10400 avg_loss=19.157
[ 574.5s] epoch 13 step 10450 avg_loss=18.642
[ 577.2s] epoch 13 step 10500 avg_loss=18.749
[ 579.9s] epoch 13 step 10550 avg_loss=18.664
[ 582.6s] epoch 13 step 10600 avg_loss=19.253
[ 585.1s] epoch 13 step 10650 avg_loss=19.465
[ 587.5s] epoch 13 step 10700 avg_loss=19.392
[ 590.1s] epoch 13 step 10750 avg_loss=19.027
[ 592.4s] epoch 13 step 10800 avg_loss=18.648
[ 594.8s] epoch 13 step 10850 avg_loss=18.597
[ 597.3s] epoch 13 step 10900 avg_loss=18.822
[ 600.2s] epoch 13 step 10950 avg_loss=18.704
[ 603.0s] epoch 13 step 11000 avg_loss=18.841
[ 604.7s] === epoch 13 done: avg_loss=18.867 (n=788 derivations) ===
[ 605.7s] epoch 14 step 11050 avg_loss=24.214
[ 608.6s] epoch 14 step 11100 avg_loss=19.505
[ 612.0s] epoch 14 step 11150 avg_loss=20.218
[ 614.7s] epoch 14 step 11200 avg_loss=19.339
[ 617.1s] epoch 14 step 11250 avg_loss=19.007
[ 619.7s] epoch 14 step 11300 avg_loss=18.747
[ 622.4s] epoch 14 step 11350 avg_loss=18.302
[ 625.0s] epoch 14 step 11400 avg_loss=17.972
[ 627.6s] epoch 14 step 11450 avg_loss=17.680
[ 630.4s] epoch 14 step 11500 avg_loss=17.660
[ 633.6s] epoch 14 step 11550 avg_loss=17.737
[ 636.5s] epoch 14 step 11600 avg_loss=17.777
[ 639.1s] epoch 14 step 11650 avg_loss=17.618
[ 641.9s] epoch 14 step 11700 avg_loss=17.820
[ 644.7s] epoch 14 step 11750 avg_loss=17.924
[ 647.8s] epoch 14 step 11800 avg_loss=17.956
[ 648.9s] === epoch 14 done: avg_loss=18.046 (n=788 derivations) ===
[ 650.6s] epoch 15 step 11850 avg_loss=15.918
[ 653.3s] epoch 15 step 11900 avg_loss=17.514
[ 656.2s] epoch 15 step 11950 avg_loss=17.463
[ 658.7s] epoch 15 step 12000 avg_loss=17.542
[ 661.6s] epoch 15 step 12050 avg_loss=17.327
[ 664.6s] epoch 15 step 12100 avg_loss=17.484
[ 667.8s] epoch 15 step 12150 avg_loss=17.885
[ 670.4s] epoch 15 step 12200 avg_loss=17.641
[ 673.0s] epoch 15 step 12250 avg_loss=17.611
[ 675.8s] epoch 15 step 12300 avg_loss=17.459
[ 678.7s] epoch 15 step 12350 avg_loss=17.317
[ 681.5s] epoch 15 step 12400 avg_loss=17.332
[ 684.2s] epoch 15 step 12450 avg_loss=17.369
[ 687.2s] epoch 15 step 12500 avg_loss=17.474
[ 689.7s] epoch 15 step 12550 avg_loss=17.214
[ 692.4s] epoch 15 step 12600 avg_loss=17.167
[ 692.8s] === epoch 15 done: avg_loss=17.110 (n=788 derivations) ===
[ 695.6s] epoch 16 step 12650 avg_loss=21.200
[ 698.3s] epoch 16 step 12700 avg_loss=17.751
[ 700.8s] epoch 16 step 12750 avg_loss=16.257
[ 703.8s] epoch 16 step 12800 avg_loss=16.436
[ 707.0s] epoch 16 step 12850 avg_loss=16.351
[ 709.8s] epoch 16 step 12900 avg_loss=16.133
[ 712.5s] epoch 16 step 12950 avg_loss=16.204
[ 715.0s] epoch 16 step 13000 avg_loss=16.220
[ 717.5s] epoch 16 step 13050 avg_loss=15.988
[ 720.2s] epoch 16 step 13100 avg_loss=16.226
[ 722.9s] epoch 16 step 13150 avg_loss=16.319
[ 725.6s] epoch 16 step 13200 avg_loss=16.280
[ 728.4s] epoch 16 step 13250 avg_loss=16.166
[ 731.1s] epoch 16 step 13300 avg_loss=16.272
[ 733.7s] epoch 16 step 13350 avg_loss=16.255
[ 736.3s] === epoch 16 done: avg_loss=16.243 (n=788 derivations) ===
[ 736.6s] epoch 17 step 13400 avg_loss=23.246
[ 739.0s] epoch 17 step 13450 avg_loss=13.959
[ 741.1s] epoch 17 step 13500 avg_loss=12.929
[ 743.7s] epoch 17 step 13550 avg_loss=14.168
[ 746.7s] epoch 17 step 13600 avg_loss=14.679
[ 749.7s] epoch 17 step 13650 avg_loss=15.115
[ 753.1s] epoch 17 step 13700 avg_loss=15.282
[ 756.0s] epoch 17 step 13750 avg_loss=15.403
[ 759.1s] epoch 17 step 13800 avg_loss=15.365
[ 762.1s] epoch 17 step 13850 avg_loss=15.176
[ 764.8s] epoch 17 step 13900 avg_loss=14.887
[ 767.1s] epoch 17 step 13950 avg_loss=14.814
[ 769.9s] epoch 17 step 14000 avg_loss=14.980
[ 772.7s] epoch 17 step 14050 avg_loss=15.206
[ 775.8s] epoch 17 step 14100 avg_loss=15.094
[ 778.4s] epoch 17 step 14150 avg_loss=15.314
[ 780.3s] === epoch 17 done: avg_loss=15.439 (n=788 derivations) ===
[ 781.4s] epoch 18 step 14200 avg_loss=11.841
[ 784.5s] epoch 18 step 14250 avg_loss=12.786
[ 787.1s] epoch 18 step 14300 avg_loss=12.861
[ 789.6s] epoch 18 step 14350 avg_loss=13.328
[ 791.8s] epoch 18 step 14400 avg_loss=13.381
[ 794.5s] epoch 18 step 14450 avg_loss=14.022
[ 796.9s] epoch 18 step 14500 avg_loss=14.329
[ 799.4s] epoch 18 step 14550 avg_loss=13.954
[ 802.1s] epoch 18 step 14600 avg_loss=14.486
[ 804.6s] epoch 18 step 14650 avg_loss=14.445
[ 807.3s] epoch 18 step 14700 avg_loss=14.521
[ 809.4s] epoch 18 step 14750 avg_loss=14.384
[ 811.8s] epoch 18 step 14800 avg_loss=14.290
[ 814.1s] epoch 18 step 14850 avg_loss=14.336
[ 816.4s] epoch 18 step 14900 avg_loss=14.312
[ 819.0s] epoch 18 step 14950 avg_loss=14.477
[ 820.1s] === epoch 18 done: avg_loss=14.609 (n=788 derivations) ===
[ 821.7s] epoch 19 step 15000 avg_loss=18.090
[ 824.5s] epoch 19 step 15050 avg_loss=15.744
[ 827.2s] epoch 19 step 15100 avg_loss=14.592
[ 829.6s] epoch 19 step 15150 avg_loss=14.338
[ 832.0s] epoch 19 step 15200 avg_loss=13.183
[ 834.8s] epoch 19 step 15250 avg_loss=12.886
[ 837.4s] epoch 19 step 15300 avg_loss=12.944
[ 840.6s] epoch 19 step 15350 avg_loss=12.931
[ 842.9s] epoch 19 step 15400 avg_loss=12.619
[ 845.3s] epoch 19 step 15450 avg_loss=12.642
[ 848.3s] epoch 19 step 15500 avg_loss=13.204
[ 851.1s] epoch 19 step 15550 avg_loss=13.206
[ 853.7s] epoch 19 step 15600 avg_loss=13.316
[ 856.3s] epoch 19 step 15650 avg_loss=13.332
[ 859.1s] epoch 19 step 15700 avg_loss=13.529
[ 862.0s] epoch 19 step 15750 avg_loss=13.827
[ 862.4s] === epoch 19 done: avg_loss=13.783 (n=788 derivations) ===
[ 864.7s] epoch 20 step 15800 avg_loss=15.156
[ 867.3s] epoch 20 step 15850 avg_loss=13.038
[ 870.0s] epoch 20 step 15900 avg_loss=14.421
[ 873.1s] epoch 20 step 15950 avg_loss=13.748
[ 876.1s] epoch 20 step 16000 avg_loss=14.025
[ 878.9s] epoch 20 step 16050 avg_loss=13.530
[ 881.6s] epoch 20 step 16100 avg_loss=13.467
[ 884.9s] epoch 20 step 16150 avg_loss=13.212
[ 887.9s] epoch 20 step 16200 avg_loss=13.323
[ 891.1s] epoch 20 step 16250 avg_loss=13.918
[ 893.9s] epoch 20 step 16300 avg_loss=13.755
[ 896.4s] epoch 20 step 16350 avg_loss=13.634
[ 898.8s] epoch 20 step 16400 avg_loss=13.508
[ 901.3s] epoch 20 step 16450 avg_loss=13.379
[ 903.7s] epoch 20 step 16500 avg_loss=13.242
[ 905.7s] === epoch 20 done: avg_loss=12.951 (n=788 derivations) ===
[ 905.9s] epoch 21 step 16550 avg_loss=25.307
[ 908.6s] epoch 21 step 16600 avg_loss=15.087
[ 911.2s] epoch 21 step 16650 avg_loss=15.010
[ 913.6s] epoch 21 step 16700 avg_loss=13.947
[ 915.9s] epoch 21 step 16750 avg_loss=13.098
[ 918.2s] epoch 21 step 16800 avg_loss=12.588
[ 920.6s] epoch 21 step 16850 avg_loss=12.428
[ 923.0s] epoch 21 step 16900 avg_loss=12.040
[ 925.9s] epoch 21 step 16950 avg_loss=11.772
[ 928.7s] epoch 21 step 17000 avg_loss=11.901
[ 931.4s] epoch 21 step 17050 avg_loss=11.888
[ 934.1s] epoch 21 step 17100 avg_loss=12.162
[ 937.1s] epoch 21 step 17150 avg_loss=12.192
[ 940.3s] epoch 21 step 17200 avg_loss=12.360
[ 943.3s] epoch 21 step 17250 avg_loss=12.290
[ 946.5s] epoch 21 step 17300 avg_loss=12.309
[ 948.9s] === epoch 21 done: avg_loss=12.229 (n=788 derivations) ===
[ 949.7s] epoch 22 step 17350 avg_loss=18.150
[ 952.1s] epoch 22 step 17400 avg_loss=11.819
[ 954.5s] epoch 22 step 17450 avg_loss=11.379
[ 957.4s] epoch 22 step 17500 avg_loss=11.204
[ 960.0s] epoch 22 step 17550 avg_loss=10.916
[ 963.0s] epoch 22 step 17600 avg_loss=11.262
[ 965.7s] epoch 22 step 17650 avg_loss=11.591
[ 968.6s] epoch 22 step 17700 avg_loss=11.612
[ 971.1s] epoch 22 step 17750 avg_loss=11.243
[ 973.9s] epoch 22 step 17800 avg_loss=11.046
[ 976.8s] epoch 22 step 17850 avg_loss=11.163
[ 980.2s] epoch 22 step 17900 avg_loss=11.305
[ 983.2s] epoch 22 step 17950 avg_loss=11.276
[ 986.0s] epoch 22 step 18000 avg_loss=11.328
[ 989.1s] epoch 22 step 18050 avg_loss=11.584
[ 991.8s] epoch 22 step 18100 avg_loss=11.522
[ 993.0s] === epoch 22 done: avg_loss=11.439 (n=788 derivations) ===
[ 994.2s] epoch 23 step 18150 avg_loss=9.637
[ 996.9s] epoch 23 step 18200 avg_loss=10.568
[ 999.6s] epoch 23 step 18250 avg_loss=10.400
[1001.9s] epoch 23 step 18300 avg_loss=9.983
[1004.3s] epoch 23 step 18350 avg_loss=9.830
[1006.8s] epoch 23 step 18400 avg_loss=10.048
[1009.4s] epoch 23 step 18450 avg_loss=10.403
[1012.1s] epoch 23 step 18500 avg_loss=10.529
[1014.5s] epoch 23 step 18550 avg_loss=10.574
[1017.0s] epoch 23 step 18600 avg_loss=10.517
[1019.3s] epoch 23 step 18650 avg_loss=10.686
[1021.8s] epoch 23 step 18700 avg_loss=10.833
[1023.9s] epoch 23 step 18750 avg_loss=10.764
[1026.3s] epoch 23 step 18800 avg_loss=10.732
[1029.2s] epoch 23 step 18850 avg_loss=10.925
[1031.5s] epoch 23 step 18900 avg_loss=10.894
[1032.0s] === epoch 23 done: avg_loss=10.784 (n=788 derivations) ===
[1033.7s] epoch 24 step 18950 avg_loss=8.572
[1036.4s] epoch 24 step 19000 avg_loss=8.381
[1039.2s] epoch 24 step 19050 avg_loss=8.788
[1041.7s] epoch 24 step 19100 avg_loss=8.584
[1044.5s] epoch 24 step 19150 avg_loss=9.111
[1047.0s] epoch 24 step 19200 avg_loss=8.950
[1049.2s] epoch 24 step 19250 avg_loss=9.198
[1051.6s] epoch 24 step 19300 avg_loss=9.272
[1054.1s] epoch 24 step 19350 avg_loss=9.448
[1057.0s] epoch 24 step 19400 avg_loss=10.094
[1059.2s] epoch 24 step 19450 avg_loss=9.905
[1061.9s] epoch 24 step 19500 avg_loss=10.066
[1064.5s] epoch 24 step 19550 avg_loss=10.072
[1067.1s] epoch 24 step 19600 avg_loss=10.164
[1069.5s] epoch 24 step 19650 avg_loss=10.265
[1071.9s] epoch 24 step 19700 avg_loss=10.138
[1071.9s] === epoch 24 done: avg_loss=10.138 (n=788 derivations) ===
[1074.2s] epoch 25 step 19750 avg_loss=9.652
[1077.0s] epoch 25 step 19800 avg_loss=8.421
[1079.7s] epoch 25 step 19850 avg_loss=9.627
[1082.2s] epoch 25 step 19900 avg_loss=10.153
[1084.8s] epoch 25 step 19950 avg_loss=10.212
[1087.2s] epoch 25 step 20000 avg_loss=10.080
[1089.7s] epoch 25 step 20050 avg_loss=9.975
[1092.1s] epoch 25 step 20100 avg_loss=9.701
[1094.3s] epoch 25 step 20150 avg_loss=9.515
[1097.1s] epoch 25 step 20200 avg_loss=9.803
[1099.6s] epoch 25 step 20250 avg_loss=9.912
[1102.1s] epoch 25 step 20300 avg_loss=9.801
[1104.8s] epoch 25 step 20350 avg_loss=9.779
[1107.3s] epoch 25 step 20400 avg_loss=9.531
[1110.4s] epoch 25 step 20450 avg_loss=9.570
[1113.0s] === epoch 25 done: avg_loss=9.525 (n=788 derivations) ===
[1113.7s] epoch 26 step 20500 avg_loss=6.550
[1116.4s] epoch 26 step 20550 avg_loss=9.577
[1119.3s] epoch 26 step 20600 avg_loss=9.520
[1121.7s] epoch 26 step 20650 avg_loss=9.005
[1124.9s] epoch 26 step 20700 avg_loss=9.312
[1127.2s] epoch 26 step 20750 avg_loss=9.119
[1129.8s] epoch 26 step 20800 avg_loss=8.938
[1132.7s] epoch 26 step 20850 avg_loss=8.883
[1135.3s] epoch 26 step 20900 avg_loss=8.783
[1138.2s] epoch 26 step 20950 avg_loss=8.985
[1140.9s] epoch 26 step 21000 avg_loss=9.123
[1143.5s] epoch 26 step 21050 avg_loss=8.917
[1146.2s] epoch 26 step 21100 avg_loss=8.967
[1148.9s] epoch 26 step 21150 avg_loss=8.826
[1151.9s] epoch 26 step 21200 avg_loss=8.999
[1155.0s] epoch 26 step 21250 avg_loss=8.968
[1156.3s] === epoch 26 done: avg_loss=8.950 (n=788 derivations) ===
[1157.5s] epoch 27 step 21300 avg_loss=4.410
[1160.6s] epoch 27 step 21350 avg_loss=7.333
[1163.5s] epoch 27 step 21400 avg_loss=7.448
[1166.1s] epoch 27 step 21450 avg_loss=7.917
[1168.9s] epoch 27 step 21500 avg_loss=7.743
[1171.5s] epoch 27 step 21550 avg_loss=8.126
[1174.1s] epoch 27 step 21600 avg_loss=8.134
[1176.6s] epoch 27 step 21650 avg_loss=8.297
[1179.8s] epoch 27 step 21700 avg_loss=8.566
[1183.0s] epoch 27 step 21750 avg_loss=8.570
[1185.7s] epoch 27 step 21800 avg_loss=8.456
[1188.0s] epoch 27 step 21850 avg_loss=8.348
[1190.5s] epoch 27 step 21900 avg_loss=8.460
[1192.8s] epoch 27 step 21950 avg_loss=8.305
[1195.8s] epoch 27 step 22000 avg_loss=8.342
[1198.5s] epoch 27 step 22050 avg_loss=8.436
[1199.3s] === epoch 27 done: avg_loss=8.421 (n=788 derivations) ===
[1201.2s] epoch 28 step 22100 avg_loss=8.451
[1203.7s] epoch 28 step 22150 avg_loss=7.417
[1206.2s] epoch 28 step 22200 avg_loss=7.335
[1209.1s] epoch 28 step 22250 avg_loss=7.903
[1211.5s] epoch 28 step 22300 avg_loss=7.489
[1214.1s] epoch 28 step 22350 avg_loss=7.754
[1216.7s] epoch 28 step 22400 avg_loss=7.628
[1219.3s] epoch 28 step 22450 avg_loss=7.755
[1221.8s] epoch 28 step 22500 avg_loss=8.083
[1224.4s] epoch 28 step 22550 avg_loss=7.942
[1227.2s] epoch 28 step 22600 avg_loss=8.066
[1230.3s] epoch 28 step 22650 avg_loss=7.982
[1233.2s] epoch 28 step 22700 avg_loss=8.032
[1235.6s] epoch 28 step 22750 avg_loss=7.789
[1238.4s] epoch 28 step 22800 avg_loss=7.831
[1241.3s] epoch 28 step 22850 avg_loss=7.908
[1241.4s] === epoch 28 done: avg_loss=7.903 (n=788 derivations) ===
[1244.4s] epoch 29 step 22900 avg_loss=9.989
[1247.5s] epoch 29 step 22950 avg_loss=8.492
[1250.3s] epoch 29 step 23000 avg_loss=8.761
[1253.2s] epoch 29 step 23050 avg_loss=8.690
[1255.9s] epoch 29 step 23100 avg_loss=8.073
[1258.6s] epoch 29 step 23150 avg_loss=7.800
[1261.2s] epoch 29 step 23200 avg_loss=7.739
[1263.9s] epoch 29 step 23250 avg_loss=7.555
[1266.5s] epoch 29 step 23300 avg_loss=7.560
[1269.4s] epoch 29 step 23350 avg_loss=7.549
[1272.2s] epoch 29 step 23400 avg_loss=7.469
[1274.9s] epoch 29 step 23450 avg_loss=7.309
[1277.5s] epoch 29 step 23500 avg_loss=7.276
[1279.9s] epoch 29 step 23550 avg_loss=7.295
[1282.9s] epoch 29 step 23600 avg_loss=7.439
[1285.0s] === epoch 29 done: avg_loss=7.445 (n=788 derivations) ===
[1285.7s] epoch 30 step 23650 avg_loss=8.501
[1288.6s] epoch 30 step 23700 avg_loss=6.915
[1291.5s] epoch 30 step 23750 avg_loss=7.244
[1294.1s] epoch 30 step 23800 avg_loss=7.128
[1296.8s] epoch 30 step 23850 avg_loss=6.721
[1299.3s] epoch 30 step 23900 avg_loss=6.963
[1302.0s] epoch 30 step 23950 avg_loss=6.968
[1304.8s] epoch 30 step 24000 avg_loss=6.923
[1307.7s] epoch 30 step 24050 avg_loss=7.094
[1310.7s] epoch 30 step 24100 avg_loss=7.421
[1313.7s] epoch 30 step 24150 avg_loss=7.367
[1316.5s] epoch 30 step 24200 avg_loss=7.361
[1318.9s] epoch 30 step 24250 avg_loss=7.287
[1321.7s] epoch 30 step 24300 avg_loss=7.244
[1324.5s] epoch 30 step 24350 avg_loss=7.255
[1327.2s] epoch 30 step 24400 avg_loss=7.146
[1329.0s] === epoch 30 done: avg_loss=7.102 (n=788 derivations) ===
[1330.1s] epoch 31 step 24450 avg_loss=7.746
[1333.1s] epoch 31 step 24500 avg_loss=6.975
[1335.8s] epoch 31 step 24550 avg_loss=6.695
[1338.2s] epoch 31 step 24600 avg_loss=6.377
[1340.8s] epoch 31 step 24650 avg_loss=6.469
[1343.5s] epoch 31 step 24700 avg_loss=7.364
[1346.2s] epoch 31 step 24750 avg_loss=7.114
[1348.6s] epoch 31 step 24800 avg_loss=7.078
[1351.6s] epoch 31 step 24850 avg_loss=7.068
[1354.4s] epoch 31 step 24900 avg_loss=6.976
[1356.9s] epoch 31 step 24950 avg_loss=6.689
[1359.2s] epoch 31 step 25000 avg_loss=6.528
[1362.2s] epoch 31 step 25050 avg_loss=6.564
[1364.6s] epoch 31 step 25100 avg_loss=6.582
[1367.3s] epoch 31 step 25150 avg_loss=6.659
[1370.5s] epoch 31 step 25200 avg_loss=6.630
[1371.5s] === epoch 31 done: avg_loss=6.675 (n=788 derivations) ===
[1373.4s] epoch 32 step 25250 avg_loss=8.172
[1376.0s] epoch 32 step 25300 avg_loss=7.255
[1378.7s] epoch 32 step 25350 avg_loss=7.883
[1381.2s] epoch 32 step 25400 avg_loss=7.185
[1383.8s] epoch 32 step 25450 avg_loss=6.785
[1386.4s] epoch 32 step 25500 avg_loss=6.721
[1389.0s] epoch 32 step 25550 avg_loss=6.720
[1391.7s] epoch 32 step 25600 avg_loss=6.628
[1394.4s] epoch 32 step 25650 avg_loss=6.691
[1397.3s] epoch 32 step 25700 avg_loss=6.729
[1399.5s] epoch 32 step 25750 avg_loss=6.482
[1402.7s] epoch 32 step 25800 avg_loss=6.748
[1405.0s] epoch 32 step 25850 avg_loss=6.543
[1407.9s] epoch 32 step 25900 avg_loss=6.478
[1410.0s] epoch 32 step 25950 avg_loss=6.362
[1412.5s] epoch 32 step 26000 avg_loss=6.298
[1412.6s] === epoch 32 done: avg_loss=6.300 (n=788 derivations) ===
[1415.0s] epoch 33 step 26050 avg_loss=4.324
[1417.7s] epoch 33 step 26100 avg_loss=4.347
[1420.4s] epoch 33 step 26150 avg_loss=4.714
[1423.0s] epoch 33 step 26200 avg_loss=4.973
[1425.2s] epoch 33 step 26250 avg_loss=5.003
[1427.9s] epoch 33 step 26300 avg_loss=5.006
[1430.8s] epoch 33 step 26350 avg_loss=5.037
[1433.5s] epoch 33 step 26400 avg_loss=5.056
[1436.2s] epoch 33 step 26450 avg_loss=5.279
[1438.8s] epoch 33 step 26500 avg_loss=5.330
[1441.7s] epoch 33 step 26550 avg_loss=5.481
[1444.0s] epoch 33 step 26600 avg_loss=5.458
[1447.0s] epoch 33 step 26650 avg_loss=5.856
[1449.8s] epoch 33 step 26700 avg_loss=5.945
[1452.6s] epoch 33 step 26750 avg_loss=6.077
[1454.4s] === epoch 33 done: avg_loss=5.952 (n=788 derivations) ===
[1454.8s] epoch 34 step 26800 avg_loss=2.337
[1457.2s] epoch 34 step 26850 avg_loss=4.890
[1459.6s] epoch 34 step 26900 avg_loss=5.443
[1462.0s] epoch 34 step 26950 avg_loss=5.075
[1464.8s] epoch 34 step 27000 avg_loss=5.191
[1467.2s] epoch 34 step 27050 avg_loss=5.118
[1469.5s] epoch 34 step 27100 avg_loss=5.334
[1472.4s] epoch 34 step 27150 avg_loss=5.283
[1475.2s] epoch 34 step 27200 avg_loss=5.502
[1477.9s] epoch 34 step 27250 avg_loss=5.513
[1480.9s] epoch 34 step 27300 avg_loss=5.564
[1483.8s] epoch 34 step 27350 avg_loss=5.533
[1486.9s] epoch 34 step 27400 avg_loss=5.553
[1489.6s] epoch 34 step 27450 avg_loss=5.449
[1492.7s] epoch 34 step 27500 avg_loss=5.475
[1495.9s] epoch 34 step 27550 avg_loss=5.484
[1497.5s] === epoch 34 done: avg_loss=5.537 (n=788 derivations) ===
[1498.7s] epoch 35 step 27600 avg_loss=4.737
[1501.7s] epoch 35 step 27650 avg_loss=5.037
[1504.8s] epoch 35 step 27700 avg_loss=5.271
[1507.9s] epoch 35 step 27750 avg_loss=5.499
[1511.8s] epoch 35 step 27800 avg_loss=5.816
[1514.8s] epoch 35 step 27850 avg_loss=5.883
[1518.1s] epoch 35 step 27900 avg_loss=5.705
[1520.8s] epoch 35 step 27950 avg_loss=5.427
[1524.1s] epoch 35 step 28000 avg_loss=5.346
[1527.2s] epoch 35 step 28050 avg_loss=5.546
[1530.3s] epoch 35 step 28100 avg_loss=5.539
[1533.4s] epoch 35 step 28150 avg_loss=5.443
[1536.0s] epoch 35 step 28200 avg_loss=5.312
[1539.6s] epoch 35 step 28250 avg_loss=5.439
[1542.1s] epoch 35 step 28300 avg_loss=5.303
[1545.0s] epoch 35 step 28350 avg_loss=5.268
[1545.9s] === epoch 35 done: avg_loss=5.228 (n=788 derivations) ===
[1547.5s] epoch 36 step 28400 avg_loss=3.158
[1550.8s] epoch 36 step 28450 avg_loss=4.951
[1553.5s] epoch 36 step 28500 avg_loss=4.513
[1556.0s] epoch 36 step 28550 avg_loss=4.510
[1558.4s] epoch 36 step 28600 avg_loss=4.428
[1560.9s] epoch 36 step 28650 avg_loss=4.295
[1563.7s] epoch 36 step 28700 avg_loss=4.530
[1566.6s] epoch 36 step 28750 avg_loss=4.612
[1569.3s] epoch 36 step 28800 avg_loss=4.760
[1571.7s] epoch 36 step 28850 avg_loss=4.757
[1574.2s] epoch 36 step 28900 avg_loss=4.780
[1576.4s] epoch 36 step 28950 avg_loss=4.706
[1579.0s] epoch 36 step 29000 avg_loss=4.758
[1581.8s] epoch 36 step 29050 avg_loss=4.851
[1584.7s] epoch 36 step 29100 avg_loss=4.873
[1587.3s] epoch 36 step 29150 avg_loss=5.017
[1587.6s] === epoch 36 done: avg_loss=5.012 (n=788 derivations) ===
[1589.7s] epoch 37 step 29200 avg_loss=5.415
[1592.2s] epoch 37 step 29250 avg_loss=5.096
[1594.8s] epoch 37 step 29300 avg_loss=4.926
[1597.4s] epoch 37 step 29350 avg_loss=4.740
[1600.3s] epoch 37 step 29400 avg_loss=4.659
[1603.5s] epoch 37 step 29450 avg_loss=4.369
[1606.2s] epoch 37 step 29500 avg_loss=4.186
[1609.0s] epoch 37 step 29550 avg_loss=4.484
[1611.3s] epoch 37 step 29600 avg_loss=4.533
[1613.7s] epoch 37 step 29650 avg_loss=4.412
[1616.3s] epoch 37 step 29700 avg_loss=4.374
[1618.6s] epoch 37 step 29750 avg_loss=4.373
[1621.5s] epoch 37 step 29800 avg_loss=4.553
[1623.8s] epoch 37 step 29850 avg_loss=4.682
[1626.8s] epoch 37 step 29900 avg_loss=4.713
[1629.5s] === epoch 37 done: avg_loss=4.791 (n=788 derivations) ===
[1630.0s] epoch 38 step 29950 avg_loss=18.734
[1632.4s] epoch 38 step 30000 avg_loss=5.094
[1634.8s] epoch 38 step 30050 avg_loss=4.220
[1637.3s] epoch 38 step 30100 avg_loss=4.211
[1640.2s] epoch 38 step 30150 avg_loss=4.353
[1642.6s] epoch 38 step 30200 avg_loss=4.161
[1645.3s] epoch 38 step 30250 avg_loss=4.340
[1648.1s] epoch 38 step 30300 avg_loss=4.382
[1651.0s] epoch 38 step 30350 avg_loss=4.418
[1654.2s] epoch 38 step 30400 avg_loss=4.430
[1656.7s] epoch 38 step 30450 avg_loss=4.369
[1659.3s] epoch 38 step 30500 avg_loss=4.319
[1661.6s] epoch 38 step 30550 avg_loss=4.318
[1664.1s] epoch 38 step 30600 avg_loss=4.353
[1666.5s] epoch 38 step 30650 avg_loss=4.352
[1669.2s] epoch 38 step 30700 avg_loss=4.391
[1670.9s] === epoch 38 done: avg_loss=4.438 (n=788 derivations) ===
[1671.8s] epoch 39 step 30750 avg_loss=3.669
[1674.3s] epoch 39 step 30800 avg_loss=5.009
[1677.0s] epoch 39 step 30850 avg_loss=4.474
[1679.8s] epoch 39 step 30900 avg_loss=4.423
[1682.6s] epoch 39 step 30950 avg_loss=4.302
[1685.3s] epoch 39 step 31000 avg_loss=4.503
[1688.2s] epoch 39 step 31050 avg_loss=4.378
[1690.7s] epoch 39 step 31100 avg_loss=4.341
[1693.2s] epoch 39 step 31150 avg_loss=4.172
[1695.8s] epoch 39 step 31200 avg_loss=4.272
[1698.3s] epoch 39 step 31250 avg_loss=4.282
[1700.7s] epoch 39 step 31300 avg_loss=4.276
[1703.2s] epoch 39 step 31350 avg_loss=4.303
[1705.9s] epoch 39 step 31400 avg_loss=4.356
[1708.3s] epoch 39 step 31450 avg_loss=4.251
[1710.6s] epoch 39 step 31500 avg_loss=4.210
[1711.5s] === epoch 39 done: avg_loss=4.178 (n=788 derivations) ===
[1712.9s] epoch 40 step 31550 avg_loss=3.192
[1715.2s] epoch 40 step 31600 avg_loss=3.242
[1717.7s] epoch 40 step 31650 avg_loss=3.246
[1720.2s] epoch 40 step 31700 avg_loss=3.502
[1722.7s] epoch 40 step 31750 avg_loss=3.453
[1724.8s] epoch 40 step 31800 avg_loss=3.631
[1727.4s] epoch 40 step 31850 avg_loss=3.709
[1729.8s] epoch 40 step 31900 avg_loss=3.716
[1731.9s] epoch 40 step 31950 avg_loss=3.656
[1734.1s] epoch 40 step 32000 avg_loss=3.786
[1736.4s] epoch 40 step 32050 avg_loss=3.779
[1738.8s] epoch 40 step 32100 avg_loss=3.789
[1741.6s] epoch 40 step 32150 avg_loss=4.045
[1744.4s] epoch 40 step 32200 avg_loss=4.113
[1746.9s] epoch 40 step 32250 avg_loss=4.109
[1749.3s] epoch 40 step 32300 avg_loss=4.074
[1749.9s] === epoch 40 done: avg_loss=4.081 (n=788 derivations) ===
[1752.1s] epoch 41 step 32350 avg_loss=2.384
[1754.7s] epoch 41 step 32400 avg_loss=2.863
[1757.2s] epoch 41 step 32450 avg_loss=3.443
[1759.7s] epoch 41 step 32500 avg_loss=3.520
[1762.3s] epoch 41 step 32550 avg_loss=3.497
[1764.8s] epoch 41 step 32600 avg_loss=3.603
[1767.4s] epoch 41 step 32650 avg_loss=3.757
[1769.8s] epoch 41 step 32700 avg_loss=3.825
[1772.3s] epoch 41 step 32750 avg_loss=3.889
[1774.5s] epoch 41 step 32800 avg_loss=4.030
[1776.8s] epoch 41 step 32850 avg_loss=4.027
[1779.1s] epoch 41 step 32900 avg_loss=3.951
[1781.3s] epoch 41 step 32950 avg_loss=3.964
[1784.0s] epoch 41 step 33000 avg_loss=3.983
[1786.3s] epoch 41 step 33050 avg_loss=3.887
[1788.1s] === epoch 41 done: avg_loss=3.783 (n=788 derivations) ===
[1788.3s] epoch 42 step 33100 avg_loss=2.182
[1790.2s] epoch 42 step 33150 avg_loss=2.975
[1792.7s] epoch 42 step 33200 avg_loss=3.385
[1794.9s] epoch 42 step 33250 avg_loss=3.202
[1797.4s] epoch 42 step 33300 avg_loss=3.859
[1799.8s] epoch 42 step 33350 avg_loss=3.808
[1802.2s] epoch 42 step 33400 avg_loss=3.651
[1804.5s] epoch 42 step 33450 avg_loss=3.473
[1806.8s] epoch 42 step 33500 avg_loss=3.398
[1809.9s] epoch 42 step 33550 avg_loss=3.515
[1812.5s] epoch 42 step 33600 avg_loss=3.637
[1815.3s] epoch 42 step 33650 avg_loss=3.861
[1817.6s] epoch 42 step 33700 avg_loss=3.740
[1819.9s] epoch 42 step 33750 avg_loss=3.686
[1822.3s] epoch 42 step 33800 avg_loss=3.715
[1824.8s] epoch 42 step 33850 avg_loss=3.662
[1826.4s] === epoch 42 done: avg_loss=3.650 (n=788 derivations) ===
[1827.1s] epoch 43 step 33900 avg_loss=1.908
[1829.6s] epoch 43 step 33950 avg_loss=4.653
[1831.8s] epoch 43 step 34000 avg_loss=3.765
[1834.3s] epoch 43 step 34050 avg_loss=3.381
[1837.0s] epoch 43 step 34100 avg_loss=3.365
[1839.5s] epoch 43 step 34150 avg_loss=3.385
[1842.1s] epoch 43 step 34200 avg_loss=3.374
[1844.4s] epoch 43 step 34250 avg_loss=3.388
[1846.9s] epoch 43 step 34300 avg_loss=3.204
[1849.6s] epoch 43 step 34350 avg_loss=3.254
[1852.2s] epoch 43 step 34400 avg_loss=3.263
[1854.9s] epoch 43 step 34450 avg_loss=3.210
[1857.7s] epoch 43 step 34500 avg_loss=3.220
[1860.4s] epoch 43 step 34550 avg_loss=3.349
[1862.9s] epoch 43 step 34600 avg_loss=3.328
[1865.7s] epoch 43 step 34650 avg_loss=3.427
[1866.7s] === epoch 43 done: avg_loss=3.373 (n=788 derivations) ===
[1868.3s] epoch 44 step 34700 avg_loss=5.006
[1871.2s] epoch 44 step 34750 avg_loss=3.893
[1873.7s] epoch 44 step 34800 avg_loss=3.333
[1876.6s] epoch 44 step 34850 avg_loss=3.600
[1878.8s] epoch 44 step 34900 avg_loss=3.504
[1880.9s] epoch 44 step 34950 avg_loss=3.285
[1883.5s] epoch 44 step 35000 avg_loss=3.285
[1885.9s] epoch 44 step 35050 avg_loss=3.332
[1888.2s] epoch 44 step 35100 avg_loss=3.403
[1890.4s] epoch 44 step 35150 avg_loss=3.292
[1892.9s] epoch 44 step 35200 avg_loss=3.300
[1895.4s] epoch 44 step 35250 avg_loss=3.316
[1898.1s] epoch 44 step 35300 avg_loss=3.253
[1900.8s] epoch 44 step 35350 avg_loss=3.243
[1903.3s] epoch 44 step 35400 avg_loss=3.265
[1905.7s] epoch 44 step 35450 avg_loss=3.256
[1906.1s] === epoch 44 done: avg_loss=3.236 (n=788 derivations) ===
[1908.2s] epoch 45 step 35500 avg_loss=4.283
[1910.4s] epoch 45 step 35550 avg_loss=3.457
[1912.8s] epoch 45 step 35600 avg_loss=3.196
[1915.2s] epoch 45 step 35650 avg_loss=3.017
[1917.7s] epoch 45 step 35700 avg_loss=3.113
[1920.2s] epoch 45 step 35750 avg_loss=3.303
[1922.6s] epoch 45 step 35800 avg_loss=3.533
[1925.3s] epoch 45 step 35850 avg_loss=3.460
[1927.5s] epoch 45 step 35900 avg_loss=3.381
[1929.8s] epoch 45 step 35950 avg_loss=3.236
[1932.0s] epoch 45 step 36000 avg_loss=3.239
[1934.3s] epoch 45 step 36050 avg_loss=3.144
[1937.3s] epoch 45 step 36100 avg_loss=3.125
[1939.6s] epoch 45 step 36150 avg_loss=3.058
[1942.1s] epoch 45 step 36200 avg_loss=3.063
[1944.6s] === epoch 45 done: avg_loss=3.030 (n=788 derivations) ===
[1944.7s] epoch 46 step 36250 avg_loss=7.593
[1947.4s] epoch 46 step 36300 avg_loss=3.507
[1950.1s] epoch 46 step 36350 avg_loss=3.665
[1952.4s] epoch 46 step 36400 avg_loss=3.336
[1955.0s] epoch 46 step 36450 avg_loss=2.985
[1957.7s] epoch 46 step 36500 avg_loss=3.141
[1960.4s] epoch 46 step 36550 avg_loss=3.037
[1962.8s] epoch 46 step 36600 avg_loss=2.898
[1965.0s] epoch 46 step 36650 avg_loss=2.821
[1967.2s] epoch 46 step 36700 avg_loss=2.746
[1970.0s] epoch 46 step 36750 avg_loss=3.036
[1972.3s] epoch 46 step 36800 avg_loss=2.948
[1974.4s] epoch 46 step 36850 avg_loss=2.931
[1976.7s] epoch 46 step 36900 avg_loss=3.002
[1979.2s] epoch 46 step 36950 avg_loss=2.997
[1981.8s] epoch 46 step 37000 avg_loss=3.013
[1983.9s] === epoch 46 done: avg_loss=2.974 (n=788 derivations) ===
[1984.5s] epoch 47 step 37050 avg_loss=2.466
[1987.1s] epoch 47 step 37100 avg_loss=2.936
[1989.7s] epoch 47 step 37150 avg_loss=3.061
[1992.0s] epoch 47 step 37200 avg_loss=3.000
[1994.4s] epoch 47 step 37250 avg_loss=3.156
[1997.0s] epoch 47 step 37300 avg_loss=3.140
[1999.7s] epoch 47 step 37350 avg_loss=3.110
[2002.5s] epoch 47 step 37400 avg_loss=3.045
[2004.9s] epoch 47 step 37450 avg_loss=2.949
[2007.1s] epoch 47 step 37500 avg_loss=2.845
[2009.8s] epoch 47 step 37550 avg_loss=2.943
[2012.1s] epoch 47 step 37600 avg_loss=2.920
[2014.6s] epoch 47 step 37650 avg_loss=2.901
[2017.1s] epoch 47 step 37700 avg_loss=2.854
[2019.6s] epoch 47 step 37750 avg_loss=2.841
[2022.0s] epoch 47 step 37800 avg_loss=2.779
[2023.2s] === epoch 47 done: avg_loss=2.727 (n=788 derivations) ===
[2024.4s] epoch 48 step 37850 avg_loss=1.273
[2026.9s] epoch 48 step 37900 avg_loss=2.163
[2029.2s] epoch 48 step 37950 avg_loss=1.934
[2031.5s] epoch 48 step 38000 avg_loss=2.404
[2034.2s] epoch 48 step 38050 avg_loss=2.605
[2036.7s] epoch 48 step 38100 avg_loss=2.613
[2038.8s] epoch 48 step 38150 avg_loss=2.481
[2041.3s] epoch 48 step 38200 avg_loss=2.360
[2043.7s] epoch 48 step 38250 avg_loss=2.508
[2046.0s] epoch 48 step 38300 avg_loss=2.449
[2048.7s] epoch 48 step 38350 avg_loss=2.447
[2051.6s] epoch 48 step 38400 avg_loss=2.514
[2054.2s] epoch 48 step 38450 avg_loss=2.484
[2056.3s] epoch 48 step 38500 avg_loss=2.480
[2058.5s] epoch 48 step 38550 avg_loss=2.471
[2061.2s] epoch 48 step 38600 avg_loss=2.471
[2061.8s] === epoch 48 done: avg_loss=2.486 (n=788 derivations) ===
[2063.9s] epoch 49 step 38650 avg_loss=4.046
[2066.1s] epoch 49 step 38700 avg_loss=3.019
[2068.7s] epoch 49 step 38750 avg_loss=2.659
[2071.2s] epoch 49 step 38800 avg_loss=2.313
[2073.9s] epoch 49 step 38850 avg_loss=2.349
[2076.3s] epoch 49 step 38900 avg_loss=2.191
[2079.3s] epoch 49 step 38950 avg_loss=2.276
[2081.8s] epoch 49 step 39000 avg_loss=2.226
[2084.8s] epoch 49 step 39050 avg_loss=2.361
[2087.7s] epoch 49 step 39100 avg_loss=2.456
[2090.5s] epoch 49 step 39150 avg_loss=2.411
[2092.9s] epoch 49 step 39200 avg_loss=2.358
[2095.8s] epoch 49 step 39250 avg_loss=2.287
[2098.2s] epoch 49 step 39300 avg_loss=2.298
[2101.0s] epoch 49 step 39350 avg_loss=2.271
[2104.1s] epoch 49 step 39400 avg_loss=2.381
[2104.1s] === epoch 49 done: avg_loss=2.381 (n=788 derivations) ===
[2107.1s] epoch 50 step 39450 avg_loss=1.722
[2109.9s] epoch 50 step 39500 avg_loss=1.913
[2112.9s] epoch 50 step 39550 avg_loss=2.445
[2115.8s] epoch 50 step 39600 avg_loss=2.595
[2118.5s] epoch 50 step 39650 avg_loss=2.499
[2121.2s] epoch 50 step 39700 avg_loss=2.461
[2123.9s] epoch 50 step 39750 avg_loss=2.318
[2126.9s] epoch 50 step 39800 avg_loss=2.370
[2129.7s] epoch 50 step 39850 avg_loss=2.324
[2132.1s] epoch 50 step 39900 avg_loss=2.215
[2134.8s] epoch 50 step 39950 avg_loss=2.266
[2137.3s] epoch 50 step 40000 avg_loss=2.276
[2139.8s] epoch 50 step 40050 avg_loss=2.219
[2142.2s] epoch 50 step 40100 avg_loss=2.180
[2144.6s] epoch 50 step 40150 avg_loss=2.259
[2146.5s] === epoch 50 done: avg_loss=2.230 (n=788 derivations) ===
[2147.0s] epoch 51 step 40200 avg_loss=1.422
[2149.4s] epoch 51 step 40250 avg_loss=2.242
[2151.9s] epoch 51 step 40300 avg_loss=1.941
[2155.2s] epoch 51 step 40350 avg_loss=2.304
[2158.2s] epoch 51 step 40400 avg_loss=2.483
[2160.8s] epoch 51 step 40450 avg_loss=2.368
[2163.1s] epoch 51 step 40500 avg_loss=2.274
[2165.4s] epoch 51 step 40550 avg_loss=2.114
[2168.0s] epoch 51 step 40600 avg_loss=2.141
[2170.6s] epoch 51 step 40650 avg_loss=2.158
[2173.4s] epoch 51 step 40700 avg_loss=2.242
[2176.0s] epoch 51 step 40750 avg_loss=2.185
[2178.4s] epoch 51 step 40800 avg_loss=2.190
[2180.7s] epoch 51 step 40850 avg_loss=2.170
[2183.0s] epoch 51 step 40900 avg_loss=2.121
[2185.9s] epoch 51 step 40950 avg_loss=2.130
[2187.4s] === epoch 51 done: avg_loss=2.121 (n=788 derivations) ===
[2188.5s] epoch 52 step 41000 avg_loss=0.888
[2191.2s] epoch 52 step 41050 avg_loss=1.528
[2194.0s] epoch 52 step 41100 avg_loss=1.978
[2196.7s] epoch 52 step 41150 avg_loss=1.995
[2199.1s] epoch 52 step 41200 avg_loss=1.848
[2201.8s] epoch 52 step 41250 avg_loss=1.818
[2204.6s] epoch 52 step 41300 avg_loss=1.983
[2207.2s] epoch 52 step 41350 avg_loss=1.992
[2209.6s] epoch 52 step 41400 avg_loss=1.982
[2212.1s] epoch 52 step 41450 avg_loss=2.009
[2214.3s] epoch 52 step 41500 avg_loss=2.011
[2216.9s] epoch 52 step 41550 avg_loss=2.068
[2219.5s] epoch 52 step 41600 avg_loss=2.025
[2221.7s] epoch 52 step 41650 avg_loss=2.003
[2224.1s] epoch 52 step 41700 avg_loss=1.989
[2226.4s] epoch 52 step 41750 avg_loss=1.929
[2227.1s] === epoch 52 done: avg_loss=1.965 (n=788 derivations) ===
[2228.9s] epoch 53 step 41800 avg_loss=2.177
[2231.4s] epoch 53 step 41850 avg_loss=1.904
[2233.7s] epoch 53 step 41900 avg_loss=2.091
[2235.8s] epoch 53 step 41950 avg_loss=1.827
[2238.4s] epoch 53 step 42000 avg_loss=1.791
[2240.4s] epoch 53 step 42050 avg_loss=1.738
[2242.7s] epoch 53 step 42100 avg_loss=1.780
[2244.9s] epoch 53 step 42150 avg_loss=1.759
[2247.4s] epoch 53 step 42200 avg_loss=1.806
[2249.9s] epoch 53 step 42250 avg_loss=1.831
[2252.1s] epoch 53 step 42300 avg_loss=1.797
[2254.5s] epoch 53 step 42350 avg_loss=1.848
[2256.5s] epoch 53 step 42400 avg_loss=1.787
[2259.2s] epoch 53 step 42450 avg_loss=1.781
[2261.8s] epoch 53 step 42500 avg_loss=1.846
[2264.8s] epoch 53 step 42550 avg_loss=1.901
[2264.9s] === epoch 53 done: avg_loss=1.897 (n=788 derivations) ===
[2267.6s] epoch 54 step 42600 avg_loss=1.422
[2270.1s] epoch 54 step 42650 avg_loss=1.167
[2272.9s] epoch 54 step 42700 avg_loss=1.968
[2275.9s] epoch 54 step 42750 avg_loss=2.242
[2278.7s] epoch 54 step 42800 avg_loss=2.155
[2281.2s] epoch 54 step 42850 avg_loss=2.033
[2283.8s] epoch 54 step 42900 avg_loss=1.931
[2286.1s] epoch 54 step 42950 avg_loss=1.960
[2288.4s] epoch 54 step 43000 avg_loss=1.861
[2291.1s] epoch 54 step 43050 avg_loss=1.811
[2293.6s] epoch 54 step 43100 avg_loss=1.786
[2296.3s] epoch 54 step 43150 avg_loss=1.832
[2298.9s] epoch 54 step 43200 avg_loss=1.794
[2301.4s] epoch 54 step 43250 avg_loss=1.815
[2303.9s] epoch 54 step 43300 avg_loss=1.834
[2306.1s] === epoch 54 done: avg_loss=1.840 (n=788 derivations) ===
[2306.6s] epoch 55 step 43350 avg_loss=3.151
[2309.4s] epoch 55 step 43400 avg_loss=2.177
[2312.0s] epoch 55 step 43450 avg_loss=1.738
[2314.4s] epoch 55 step 43500 avg_loss=1.673
[2317.3s] epoch 55 step 43550 avg_loss=1.935
[2320.1s] epoch 55 step 43600 avg_loss=1.873
[2322.9s] epoch 55 step 43650 avg_loss=1.923
[2325.7s] epoch 55 step 43700 avg_loss=1.963
[2328.3s] epoch 55 step 43750 avg_loss=1.927
[2331.0s] epoch 55 step 43800 avg_loss=1.921
[2334.1s] epoch 55 step 43850 avg_loss=1.882
[2336.5s] epoch 55 step 43900 avg_loss=1.845
[2339.3s] epoch 55 step 43950 avg_loss=1.822
[2342.0s] epoch 55 step 44000 avg_loss=1.804
[2345.1s] epoch 55 step 44050 avg_loss=1.860
[2347.8s] epoch 55 step 44100 avg_loss=1.794
[2349.5s] === epoch 55 done: avg_loss=1.775 (n=788 derivations) ===
[2350.8s] epoch 56 step 44150 avg_loss=2.651
[2353.4s] epoch 56 step 44200 avg_loss=1.413
[2355.8s] epoch 56 step 44250 avg_loss=1.498
[2358.2s] epoch 56 step 44300 avg_loss=1.404
[2360.7s] epoch 56 step 44350 avg_loss=1.321
[2363.3s] epoch 56 step 44400 avg_loss=1.366
[2366.3s] epoch 56 step 44450 avg_loss=1.459
[2369.0s] epoch 56 step 44500 avg_loss=1.505
[2371.4s] epoch 56 step 44550 avg_loss=1.516
[2373.9s] epoch 56 step 44600 avg_loss=1.606
[2377.0s] epoch 56 step 44650 avg_loss=1.622
[2379.8s] epoch 56 step 44700 avg_loss=1.652
[2382.2s] epoch 56 step 44750 avg_loss=1.621
[2384.8s] epoch 56 step 44800 avg_loss=1.621
[2387.3s] epoch 56 step 44850 avg_loss=1.664
[2390.1s] epoch 56 step 44900 avg_loss=1.621
[2390.8s] === epoch 56 done: avg_loss=1.606 (n=788 derivations) ===
[2392.4s] epoch 57 step 44950 avg_loss=0.876
[2395.0s] epoch 57 step 45000 avg_loss=1.106
[2397.7s] epoch 57 step 45050 avg_loss=1.610
[2400.8s] epoch 57 step 45100 avg_loss=1.660
[2403.4s] epoch 57 step 45150 avg_loss=1.566
[2406.1s] epoch 57 step 45200 avg_loss=1.522
[2408.8s] epoch 57 step 45250 avg_loss=1.460
[2411.6s] epoch 57 step 45300 avg_loss=1.366
[2414.5s] epoch 57 step 45350 avg_loss=1.404
[2416.8s] epoch 57 step 45400 avg_loss=1.393
[2419.4s] epoch 57 step 45450 avg_loss=1.438
[2421.9s] epoch 57 step 45500 avg_loss=1.534
[2424.3s] epoch 57 step 45550 avg_loss=1.502
[2426.9s] epoch 57 step 45600 avg_loss=1.516
[2429.4s] epoch 57 step 45650 avg_loss=1.509
[2432.5s] epoch 57 step 45700 avg_loss=1.471
[2432.8s] === epoch 57 done: avg_loss=1.470 (n=788 derivations) ===
[2435.3s] epoch 58 step 45750 avg_loss=2.023
[2438.2s] epoch 58 step 45800 avg_loss=1.545
[2440.7s] epoch 58 step 45850 avg_loss=1.346
[2443.4s] epoch 58 step 45900 avg_loss=1.394
[2446.0s] epoch 58 step 45950 avg_loss=1.340
[2449.0s] epoch 58 step 46000 avg_loss=1.307
[2451.8s] epoch 58 step 46050 avg_loss=1.261
[2455.2s] epoch 58 step 46100 avg_loss=1.400
[2457.9s] epoch 58 step 46150 avg_loss=1.385
[2460.4s] epoch 58 step 46200 avg_loss=1.342
[2463.1s] epoch 58 step 46250 avg_loss=1.314
[2466.2s] epoch 58 step 46300 avg_loss=1.312
[2468.9s] epoch 58 step 46350 avg_loss=1.361
[2471.5s] epoch 58 step 46400 avg_loss=1.414
[2474.3s] epoch 58 step 46450 avg_loss=1.437
[2476.3s] === epoch 58 done: avg_loss=1.439 (n=788 derivations) ===
[2476.7s] epoch 59 step 46500 avg_loss=0.526
[2479.3s] epoch 59 step 46550 avg_loss=1.058
[2481.8s] epoch 59 step 46600 avg_loss=1.430
[2484.5s] epoch 59 step 46650 avg_loss=1.352
[2487.3s] epoch 59 step 46700 avg_loss=1.275
[2490.2s] epoch 59 step 46750 avg_loss=1.467
[2493.1s] epoch 59 step 46800 avg_loss=1.499
[2495.6s] epoch 59 step 46850 avg_loss=1.432
[2498.1s] epoch 59 step 46900 avg_loss=1.452
[2500.5s] epoch 59 step 46950 avg_loss=1.450
[2502.8s] epoch 59 step 47000 avg_loss=1.430
[2505.4s] epoch 59 step 47050 avg_loss=1.380
[2507.9s] epoch 59 step 47100 avg_loss=1.395
[2510.5s] epoch 59 step 47150 avg_loss=1.457
[2512.9s] epoch 59 step 47200 avg_loss=1.426
[2515.8s] epoch 59 step 47250 avg_loss=1.445
[2517.4s] === epoch 59 done: avg_loss=1.453 (n=788 derivations) ===
[2518.5s] epoch 60 step 47300 avg_loss=0.591
[2521.0s] epoch 60 step 47350 avg_loss=1.210
[2523.7s] epoch 60 step 47400 avg_loss=1.132
[2526.1s] epoch 60 step 47450 avg_loss=1.333
[2529.1s] epoch 60 step 47500 avg_loss=1.251
[2532.1s] epoch 60 step 47550 avg_loss=1.387
[2534.8s] epoch 60 step 47600 avg_loss=1.466
[2537.3s] epoch 60 step 47650 avg_loss=1.470
[2540.1s] epoch 60 step 47700 avg_loss=1.403
[2542.3s] epoch 60 step 47750 avg_loss=1.349
[2544.9s] epoch 60 step 47800 avg_loss=1.368
[2547.6s] epoch 60 step 47850 avg_loss=1.355
[2550.1s] epoch 60 step 47900 avg_loss=1.323
[2553.3s] epoch 60 step 47950 avg_loss=1.322
[2556.5s] epoch 60 step 48000 avg_loss=1.344
[2559.1s] epoch 60 step 48050 avg_loss=1.320
[2560.1s] === epoch 60 done: avg_loss=1.315 (n=788 derivations) ===
[2562.0s] epoch 61 step 48100 avg_loss=0.692
[2564.6s] epoch 61 step 48150 avg_loss=1.114
[2567.5s] epoch 61 step 48200 avg_loss=1.041
[2570.3s] epoch 61 step 48250 avg_loss=1.219
[2573.5s] epoch 61 step 48300 avg_loss=1.436
[2576.5s] epoch 61 step 48350 avg_loss=1.349
[2579.8s] epoch 61 step 48400 avg_loss=1.367
[2582.5s] epoch 61 step 48450 avg_loss=1.482
[2585.0s] epoch 61 step 48500 avg_loss=1.412
[2587.4s] epoch 61 step 48550 avg_loss=1.329
[2589.6s] epoch 61 step 48600 avg_loss=1.266
[2592.4s] epoch 61 step 48650 avg_loss=1.253
[2595.3s] epoch 61 step 48700 avg_loss=1.221
[2597.7s] epoch 61 step 48750 avg_loss=1.211
[2600.2s] epoch 61 step 48800 avg_loss=1.218
[2603.1s] epoch 61 step 48850 avg_loss=1.232
[2603.4s] === epoch 61 done: avg_loss=1.244 (n=788 derivations) ===
[2606.0s] epoch 62 step 48900 avg_loss=1.144
[2608.7s] epoch 62 step 48950 avg_loss=0.953
[2612.3s] epoch 62 step 49000 avg_loss=1.225
[2615.1s] epoch 62 step 49050 avg_loss=1.128
[2617.8s] epoch 62 step 49100 avg_loss=1.122
[2620.8s] epoch 62 step 49150 avg_loss=1.285
[2623.5s] epoch 62 step 49200 avg_loss=1.265
[2626.4s] epoch 62 step 49250 avg_loss=1.340
[2629.5s] epoch 62 step 49300 avg_loss=1.329
[2632.2s] epoch 62 step 49350 avg_loss=1.273
[2635.1s] epoch 62 step 49400 avg_loss=1.270
[2638.1s] epoch 62 step 49450 avg_loss=1.260
[2641.0s] epoch 62 step 49500 avg_loss=1.280
[2643.9s] epoch 62 step 49550 avg_loss=1.303
[2647.1s] epoch 62 step 49600 avg_loss=1.296
[2649.3s] === epoch 62 done: avg_loss=1.281 (n=788 derivations) ===
[2649.7s] epoch 63 step 49650 avg_loss=1.794
[2652.1s] epoch 63 step 49700 avg_loss=0.772
[2654.7s] epoch 63 step 49750 avg_loss=0.793
[2657.1s] epoch 63 step 49800 avg_loss=0.776
[2659.4s] epoch 63 step 49850 avg_loss=1.018
[2661.8s] epoch 63 step 49900 avg_loss=1.105
[2664.7s] epoch 63 step 49950 avg_loss=1.185
[2667.5s] epoch 63 step 50000 avg_loss=1.220
[2670.0s] epoch 63 step 50050 avg_loss=1.181
[2672.6s] epoch 63 step 50100 avg_loss=1.167
[2675.1s] epoch 63 step 50150 avg_loss=1.154
[2677.5s] epoch 63 step 50200 avg_loss=1.107
[2680.2s] epoch 63 step 50250 avg_loss=1.126
[2682.8s] epoch 63 step 50300 avg_loss=1.213
[2685.8s] epoch 63 step 50350 avg_loss=1.281
[2688.4s] epoch 63 step 50400 avg_loss=1.263
[2689.8s] === epoch 63 done: avg_loss=1.256 (n=788 derivations) ===
[2690.6s] epoch 64 step 50450 avg_loss=0.768
[2693.2s] epoch 64 step 50500 avg_loss=1.034
[2696.0s] epoch 64 step 50550 avg_loss=1.303
[2698.8s] epoch 64 step 50600 avg_loss=1.181
[2701.6s] epoch 64 step 50650 avg_loss=1.164
[2705.0s] epoch 64 step 50700 avg_loss=1.117
[2707.9s] epoch 64 step 50750 avg_loss=1.189
[2710.1s] epoch 64 step 50800 avg_loss=1.123
[2712.8s] epoch 64 step 50850 avg_loss=1.148
[2715.5s] epoch 64 step 50900 avg_loss=1.115
[2718.4s] epoch 64 step 50950 avg_loss=1.085
[2720.9s] epoch 64 step 51000 avg_loss=1.082
[2723.9s] epoch 64 step 51050 avg_loss=1.062
[2726.2s] epoch 64 step 51100 avg_loss=1.019
[2729.0s] epoch 64 step 51150 avg_loss=1.115
[2732.0s] epoch 64 step 51200 avg_loss=1.098
[2733.0s] === epoch 64 done: avg_loss=1.085 (n=788 derivations) ===
[2734.6s] epoch 65 step 51250 avg_loss=0.954
[2737.2s] epoch 65 step 51300 avg_loss=1.049
[2740.0s] epoch 65 step 51350 avg_loss=0.970
[2742.8s] epoch 65 step 51400 avg_loss=0.942
[2745.5s] epoch 65 step 51450 avg_loss=0.932
[2748.5s] epoch 65 step 51500 avg_loss=0.957
[2751.3s] epoch 65 step 51550 avg_loss=1.026
[2754.0s] epoch 65 step 51600 avg_loss=1.005
[2756.2s] epoch 65 step 51650 avg_loss=0.948
[2759.0s] epoch 65 step 51700 avg_loss=0.967
[2761.5s] epoch 65 step 51750 avg_loss=1.000
[2764.2s] epoch 65 step 51800 avg_loss=0.975
[2766.6s] epoch 65 step 51850 avg_loss=0.960
[2769.1s] epoch 65 step 51900 avg_loss=0.952
[2771.4s] epoch 65 step 51950 avg_loss=0.928
[2774.0s] epoch 65 step 52000 avg_loss=0.983
[2774.4s] === epoch 65 done: avg_loss=0.980 (n=788 derivations) ===
[2776.6s] epoch 66 step 52050 avg_loss=0.572
[2778.9s] epoch 66 step 52100 avg_loss=0.476
[2781.4s] epoch 66 step 52150 avg_loss=0.739
[2784.1s] epoch 66 step 52200 avg_loss=0.772
[2786.4s] epoch 66 step 52250 avg_loss=0.763
[2789.1s] epoch 66 step 52300 avg_loss=0.746
[2792.0s] epoch 66 step 52350 avg_loss=0.815
[2794.6s] epoch 66 step 52400 avg_loss=0.779
[2797.3s] epoch 66 step 52450 avg_loss=0.819
[2800.1s] epoch 66 step 52500 avg_loss=0.871
[2803.1s] epoch 66 step 52550 avg_loss=0.850
[2805.5s] epoch 66 step 52600 avg_loss=0.854
[2807.8s] epoch 66 step 52650 avg_loss=0.866
[2810.3s] epoch 66 step 52700 avg_loss=0.921
[2812.9s] epoch 66 step 52750 avg_loss=0.932
[2815.3s] === epoch 66 done: avg_loss=0.938 (n=788 derivations) ===
[2815.5s] epoch 67 step 52800 avg_loss=0.435
[2818.1s] epoch 67 step 52850 avg_loss=0.769
[2820.9s] epoch 67 step 52900 avg_loss=0.813
[2823.2s] epoch 67 step 52950 avg_loss=0.771
[2825.6s] epoch 67 step 53000 avg_loss=0.726
[2828.2s] epoch 67 step 53050 avg_loss=0.856
[2830.2s] epoch 67 step 53100 avg_loss=0.871
[2833.2s] epoch 67 step 53150 avg_loss=0.896
[2836.0s] epoch 67 step 53200 avg_loss=0.824
[2838.5s] epoch 67 step 53250 avg_loss=0.840
[2841.2s] epoch 67 step 53300 avg_loss=0.907
[2843.8s] epoch 67 step 53350 avg_loss=0.903
[2846.6s] epoch 67 step 53400 avg_loss=0.899
[2849.4s] epoch 67 step 53450 avg_loss=0.912
[2851.8s] epoch 67 step 53500 avg_loss=0.925
[2854.2s] epoch 67 step 53550 avg_loss=0.920
[2856.0s] === epoch 67 done: avg_loss=0.954 (n=788 derivations) ===
[2857.2s] epoch 68 step 53600 avg_loss=1.621
[2859.8s] epoch 68 step 53650 avg_loss=1.016
[2862.6s] epoch 68 step 53700 avg_loss=1.202
[2865.2s] epoch 68 step 53750 avg_loss=1.186
[2867.7s] epoch 68 step 53800 avg_loss=1.050
[2870.3s] epoch 68 step 53850 avg_loss=0.950
[2873.0s] epoch 68 step 53900 avg_loss=0.940
[2876.2s] epoch 68 step 53950 avg_loss=1.072
[2878.8s] epoch 68 step 54000 avg_loss=0.979
[2881.7s] epoch 68 step 54050 avg_loss=0.957
[2883.9s] epoch 68 step 54100 avg_loss=0.914
[2886.7s] epoch 68 step 54150 avg_loss=0.921
[2889.4s] epoch 68 step 54200 avg_loss=0.906
[2892.3s] epoch 68 step 54250 avg_loss=0.918
[2895.1s] epoch 68 step 54300 avg_loss=0.886
[2898.1s] epoch 68 step 54350 avg_loss=0.864
[2899.3s] === epoch 68 done: avg_loss=0.857 (n=788 derivations) ===
[2901.5s] epoch 69 step 54400 avg_loss=1.659
[2904.3s] epoch 69 step 54450 avg_loss=0.990
[2907.3s] epoch 69 step 54500 avg_loss=0.935
[2910.3s] epoch 69 step 54550 avg_loss=0.880
[2913.3s] epoch 69 step 54600 avg_loss=0.816
[2916.0s] epoch 69 step 54650 avg_loss=0.846
[2918.4s] epoch 69 step 54700 avg_loss=0.776
[2920.9s] epoch 69 step 54750 avg_loss=0.742
[2923.3s] epoch 69 step 54800 avg_loss=0.723
[2925.8s] epoch 69 step 54850 avg_loss=0.695
[2928.4s] epoch 69 step 54900 avg_loss=0.700
[2931.2s] epoch 69 step 54950 avg_loss=0.750
[2933.7s] epoch 69 step 55000 avg_loss=0.763
[2936.6s] epoch 69 step 55050 avg_loss=0.770
[2939.4s] epoch 69 step 55100 avg_loss=0.796
[2941.7s] epoch 69 step 55150 avg_loss=0.778
[2942.2s] === epoch 69 done: avg_loss=0.777 (n=788 derivations) ===
[2943.9s] epoch 70 step 55200 avg_loss=0.410
[2946.2s] epoch 70 step 55250 avg_loss=0.519
[2948.8s] epoch 70 step 55300 avg_loss=0.530
[2951.4s] epoch 70 step 55350 avg_loss=0.639
[2954.2s] epoch 70 step 55400 avg_loss=0.822
[2957.1s] epoch 70 step 55450 avg_loss=0.761
[2960.0s] epoch 70 step 55500 avg_loss=0.817
[2963.2s] epoch 70 step 55550 avg_loss=0.835
[2966.2s] epoch 70 step 55600 avg_loss=0.805
[2969.0s] epoch 70 step 55650 avg_loss=0.779
[2971.5s] epoch 70 step 55700 avg_loss=0.779
[2973.5s] epoch 70 step 55750 avg_loss=0.765
[2976.1s] epoch 70 step 55800 avg_loss=0.743
[2978.7s] epoch 70 step 55850 avg_loss=0.721
[2981.5s] epoch 70 step 55900 avg_loss=0.725
[2984.1s] === epoch 70 done: avg_loss=0.718 (n=788 derivations) ===
[2984.2s] epoch 71 step 55950 avg_loss=0.557
[2987.4s] epoch 71 step 56000 avg_loss=0.731
[2989.8s] epoch 71 step 56050 avg_loss=0.627
[2992.5s] epoch 71 step 56100 avg_loss=0.632
[2994.9s] epoch 71 step 56150 avg_loss=0.557
[2996.9s] epoch 71 step 56200 avg_loss=0.511
[2999.3s] epoch 71 step 56250 avg_loss=0.483
[3001.9s] epoch 71 step 56300 avg_loss=0.623
[3005.0s] epoch 71 step 56350 avg_loss=0.668
[3007.6s] epoch 71 step 56400 avg_loss=0.650
[3010.5s] epoch 71 step 56450 avg_loss=0.707
[3013.6s] epoch 71 step 56500 avg_loss=0.691
[3015.9s] epoch 71 step 56550 avg_loss=0.682
[3018.4s] epoch 71 step 56600 avg_loss=0.677
[3021.2s] epoch 71 step 56650 avg_loss=0.689
[3024.4s] epoch 71 step 56700 avg_loss=0.678
[3026.3s] === epoch 71 done: avg_loss=0.656 (n=788 derivations) ===
[3027.2s] epoch 72 step 56750 avg_loss=0.944
[3030.2s] epoch 72 step 56800 avg_loss=1.115
[3032.8s] epoch 72 step 56850 avg_loss=0.874
[3035.6s] epoch 72 step 56900 avg_loss=0.827
[3038.5s] epoch 72 step 56950 avg_loss=0.762
[3041.3s] epoch 72 step 57000 avg_loss=0.792
[3044.2s] epoch 72 step 57050 avg_loss=0.938
[3047.0s] epoch 72 step 57100 avg_loss=0.859
[3049.9s] epoch 72 step 57150 avg_loss=0.852
[3052.6s] epoch 72 step 57200 avg_loss=0.816
[3055.0s] epoch 72 step 57250 avg_loss=0.774
[3057.6s] epoch 72 step 57300 avg_loss=0.727
[3060.5s] epoch 72 step 57350 avg_loss=0.715
[3062.9s] epoch 72 step 57400 avg_loss=0.683
[3065.5s] epoch 72 step 57450 avg_loss=0.666
[3067.9s] epoch 72 step 57500 avg_loss=0.658
[3069.2s] === epoch 72 done: avg_loss=0.651 (n=788 derivations) ===
[3070.8s] epoch 73 step 57550 avg_loss=0.296
[3073.6s] epoch 73 step 57600 avg_loss=0.371
[3076.5s] epoch 73 step 57650 avg_loss=0.659
[3078.9s] epoch 73 step 57700 avg_loss=0.551
[3081.5s] epoch 73 step 57750 avg_loss=0.530
[3083.9s] epoch 73 step 57800 avg_loss=0.494
[3086.8s] epoch 73 step 57850 avg_loss=0.512
[3089.4s] epoch 73 step 57900 avg_loss=0.503
[3092.2s] epoch 73 step 57950 avg_loss=0.619
[3094.8s] epoch 73 step 58000 avg_loss=0.623
[3097.3s] epoch 73 step 58050 avg_loss=0.638
[3100.1s] epoch 73 step 58100 avg_loss=0.642
[3102.2s] epoch 73 step 58150 avg_loss=0.637
[3104.9s] epoch 73 step 58200 avg_loss=0.621
[3107.4s] epoch 73 step 58250 avg_loss=0.632
[3109.8s] epoch 73 step 58300 avg_loss=0.621
[3110.4s] === epoch 73 done: avg_loss=0.618 (n=788 derivations) ===
[3112.2s] epoch 74 step 58350 avg_loss=0.486
[3114.6s] epoch 74 step 58400 avg_loss=0.829
[3117.2s] epoch 74 step 58450 avg_loss=0.667
[3120.0s] epoch 74 step 58500 avg_loss=0.641
[3122.4s] epoch 74 step 58550 avg_loss=0.598
[3125.0s] epoch 74 step 58600 avg_loss=0.567
[3127.3s] epoch 74 step 58650 avg_loss=0.536
[3129.7s] epoch 74 step 58700 avg_loss=0.533
[3132.4s] epoch 74 step 58750 avg_loss=0.576
[3135.1s] epoch 74 step 58800 avg_loss=0.590
[3137.8s] epoch 74 step 58850 avg_loss=0.577
[3140.1s] epoch 74 step 58900 avg_loss=0.578
[3142.8s] epoch 74 step 58950 avg_loss=0.597
[3145.5s] epoch 74 step 59000 avg_loss=0.576
[3148.0s] epoch 74 step 59050 avg_loss=0.605
[3150.7s] epoch 74 step 59100 avg_loss=0.600
[3150.7s] === epoch 74 done: avg_loss=0.600 (n=788 derivations) ===
[3152.9s] epoch 75 step 59150 avg_loss=0.272
[3155.5s] epoch 75 step 59200 avg_loss=0.753
[3157.9s] epoch 75 step 59250 avg_loss=0.665
[3160.5s] epoch 75 step 59300 avg_loss=0.638
[3163.4s] epoch 75 step 59350 avg_loss=0.625
[3166.2s] epoch 75 step 59400 avg_loss=0.619
[3169.4s] epoch 75 step 59450 avg_loss=0.591
[3172.3s] epoch 75 step 59500 avg_loss=0.581
[3175.2s] epoch 75 step 59550 avg_loss=0.582
[3178.2s] epoch 75 step 59600 avg_loss=0.610
[3181.2s] epoch 75 step 59650 avg_loss=0.600
[3183.8s] epoch 75 step 59700 avg_loss=0.598
[3185.9s] epoch 75 step 59750 avg_loss=0.634
[3188.6s] epoch 75 step 59800 avg_loss=0.624
[3191.5s] epoch 75 step 59850 avg_loss=0.637
[3193.5s] === epoch 75 done: avg_loss=0.632 (n=788 derivations) ===
[3194.1s] epoch 76 step 59900 avg_loss=0.279
[3196.6s] epoch 76 step 59950 avg_loss=0.416
[3199.0s] epoch 76 step 60000 avg_loss=0.478
[3201.5s] epoch 76 step 60050 avg_loss=0.635
[3204.8s] epoch 76 step 60100 avg_loss=0.627
[3207.7s] epoch 76 step 60150 avg_loss=0.560
[3210.3s] epoch 76 step 60200 avg_loss=0.598
[3213.1s] epoch 76 step 60250 avg_loss=0.643
[3215.1s] epoch 76 step 60300 avg_loss=0.634
[3217.8s] epoch 76 step 60350 avg_loss=0.617
[3220.5s] epoch 76 step 60400 avg_loss=0.615
[3222.7s] epoch 76 step 60450 avg_loss=0.608
[3225.6s] epoch 76 step 60500 avg_loss=0.621
[3228.2s] epoch 76 step 60550 avg_loss=0.610
[3230.7s] epoch 76 step 60600 avg_loss=0.600
[3233.2s] epoch 76 step 60650 avg_loss=0.608
[3234.4s] === epoch 76 done: avg_loss=0.601 (n=788 derivations) ===
[3235.5s] epoch 77 step 60700 avg_loss=0.267
[3237.9s] epoch 77 step 60750 avg_loss=0.677
[3240.4s] epoch 77 step 60800 avg_loss=0.621
[3242.9s] epoch 77 step 60850 avg_loss=0.642
[3245.4s] epoch 77 step 60900 avg_loss=0.573
[3247.9s] epoch 77 step 60950 avg_loss=0.562
[3250.6s] epoch 77 step 61000 avg_loss=0.547
[3253.1s] epoch 77 step 61050 avg_loss=0.559
[3255.8s] epoch 77 step 61100 avg_loss=0.611
[3258.1s] epoch 77 step 61150 avg_loss=0.621
[3260.5s] epoch 77 step 61200 avg_loss=0.588
[3263.1s] epoch 77 step 61250 avg_loss=0.622
[3265.7s] epoch 77 step 61300 avg_loss=0.640
[3268.0s] epoch 77 step 61350 avg_loss=0.609
[3270.3s] epoch 77 step 61400 avg_loss=0.592
[3272.9s] epoch 77 step 61450 avg_loss=0.578
[3273.6s] === epoch 77 done: avg_loss=0.573 (n=788 derivations) ===
[3275.4s] epoch 78 step 61500 avg_loss=0.307
[3277.7s] epoch 78 step 61550 avg_loss=0.287
[3280.3s] epoch 78 step 61600 avg_loss=0.342
[3283.0s] epoch 78 step 61650 avg_loss=0.389
[3285.5s] epoch 78 step 61700 avg_loss=0.409
[3287.6s] epoch 78 step 61750 avg_loss=0.402
[3290.1s] epoch 78 step 61800 avg_loss=0.444
[3292.4s] epoch 78 step 61850 avg_loss=0.470
[3295.2s] epoch 78 step 61900 avg_loss=0.470
[3297.8s] epoch 78 step 61950 avg_loss=0.468
[3300.9s] epoch 78 step 62000 avg_loss=0.467
[3303.9s] epoch 78 step 62050 avg_loss=0.476
[3306.7s] epoch 78 step 62100 avg_loss=0.473
[3309.2s] epoch 78 step 62150 avg_loss=0.462
[3312.0s] epoch 78 step 62200 avg_loss=0.462
[3314.6s] epoch 78 step 62250 avg_loss=0.465
[3314.7s] === epoch 78 done: avg_loss=0.467 (n=788 derivations) ===
[3316.9s] epoch 79 step 62300 avg_loss=0.219
[3319.3s] epoch 79 step 62350 avg_loss=0.236
[3322.0s] epoch 79 step 62400 avg_loss=0.287
[3325.0s] epoch 79 step 62450 avg_loss=0.356
[3327.8s] epoch 79 step 62500 avg_loss=0.341
[3330.4s] epoch 79 step 62550 avg_loss=0.345
[3333.2s] epoch 79 step 62600 avg_loss=0.334
[3335.8s] epoch 79 step 62650 avg_loss=0.326
[3338.5s] epoch 79 step 62700 avg_loss=0.323
[3341.5s] epoch 79 step 62750 avg_loss=0.353
[3344.4s] epoch 79 step 62800 avg_loss=0.386
[3347.1s] epoch 79 step 62850 avg_loss=0.402
[3349.9s] epoch 79 step 62900 avg_loss=0.424
[3352.4s] epoch 79 step 62950 avg_loss=0.410
[3355.3s] epoch 79 step 63000 avg_loss=0.420
[3357.4s] === epoch 79 done: avg_loss=0.434 (n=788 derivations) ===
[3358.0s] epoch 80 step 63050 avg_loss=0.258
[3360.7s] epoch 80 step 63100 avg_loss=0.441
[3363.6s] epoch 80 step 63150 avg_loss=0.334
[3366.2s] epoch 80 step 63200 avg_loss=0.398
[3369.3s] epoch 80 step 63250 avg_loss=0.475
[3372.0s] epoch 80 step 63300 avg_loss=0.467
[3375.0s] epoch 80 step 63350 avg_loss=0.440
[3377.8s] epoch 80 step 63400 avg_loss=0.399
[3380.0s] epoch 80 step 63450 avg_loss=0.377
[3382.8s] epoch 80 step 63500 avg_loss=0.388
[3385.6s] epoch 80 step 63550 avg_loss=0.410
[3388.2s] epoch 80 step 63600 avg_loss=0.425
[3390.7s] epoch 80 step 63650 avg_loss=0.427
[3393.5s] epoch 80 step 63700 avg_loss=0.424
[3396.2s] epoch 80 step 63750 avg_loss=0.427
[3399.2s] epoch 80 step 63800 avg_loss=0.426
[3400.6s] === epoch 80 done: avg_loss=0.423 (n=788 derivations) ===
[3402.0s] epoch 81 step 63850 avg_loss=0.321
[3404.4s] epoch 81 step 63900 avg_loss=0.453
[3407.0s] epoch 81 step 63950 avg_loss=0.362
[3410.0s] epoch 81 step 64000 avg_loss=0.359
[3413.2s] epoch 81 step 64050 avg_loss=0.398
[3416.6s] epoch 81 step 64100 avg_loss=0.431
[3419.2s] epoch 81 step 64150 avg_loss=0.404
[3421.8s] epoch 81 step 64200 avg_loss=0.380
[3424.1s] epoch 81 step 64250 avg_loss=0.424
[3426.9s] epoch 81 step 64300 avg_loss=0.427
[3429.5s] epoch 81 step 64350 avg_loss=0.418
[3432.3s] epoch 81 step 64400 avg_loss=0.425
[3434.9s] epoch 81 step 64450 avg_loss=0.457
[3437.7s] epoch 81 step 64500 avg_loss=0.457
[3440.8s] epoch 81 step 64550 avg_loss=0.464
[3443.4s] epoch 81 step 64600 avg_loss=0.448
[3444.2s] === epoch 81 done: avg_loss=0.446 (n=788 derivations) ===
[3445.9s] epoch 82 step 64650 avg_loss=0.323
[3449.1s] epoch 82 step 64700 avg_loss=0.433
[3451.6s] epoch 82 step 64750 avg_loss=0.408
[3454.4s] epoch 82 step 64800 avg_loss=0.379
[3456.7s] epoch 82 step 64850 avg_loss=0.378
[3459.3s] epoch 82 step 64900 avg_loss=0.356
[3462.5s] epoch 82 step 64950 avg_loss=0.377
[3465.0s] epoch 82 step 65000 avg_loss=0.417
[3467.8s] epoch 82 step 65050 avg_loss=0.434
[3470.7s] epoch 82 step 65100 avg_loss=0.431
[3473.2s] epoch 82 step 65150 avg_loss=0.416
[3476.3s] epoch 82 step 65200 avg_loss=0.414
[3479.2s] epoch 82 step 65250 avg_loss=0.434
[3481.6s] epoch 82 step 65300 avg_loss=0.414
[3484.6s] epoch 82 step 65350 avg_loss=0.411
[3487.1s] epoch 82 step 65400 avg_loss=0.422
[3487.3s] === epoch 82 done: avg_loss=0.420 (n=788 derivations) ===
[3490.0s] epoch 83 step 65450 avg_loss=0.365
[3492.7s] epoch 83 step 65500 avg_loss=0.524
[3495.6s] epoch 83 step 65550 avg_loss=0.460
[3498.2s] epoch 83 step 65600 avg_loss=0.503
[3500.5s] epoch 83 step 65650 avg_loss=0.443
[3503.1s] epoch 83 step 65700 avg_loss=0.432
[3505.4s] epoch 83 step 65750 avg_loss=0.398
[3508.1s] epoch 83 step 65800 avg_loss=0.421
[3511.2s] epoch 83 step 65850 avg_loss=0.411
[3514.5s] epoch 83 step 65900 avg_loss=0.401
[3517.5s] epoch 83 step 65950 avg_loss=0.425
[3520.6s] epoch 83 step 66000 avg_loss=0.405
[3523.5s] epoch 83 step 66050 avg_loss=0.388
[3526.4s] epoch 83 step 66100 avg_loss=0.378
[3529.0s] epoch 83 step 66150 avg_loss=0.374
[3531.1s] === epoch 83 done: avg_loss=0.370 (n=788 derivations) ===
[3531.5s] epoch 84 step 66200 avg_loss=0.108
[3534.5s] epoch 84 step 66250 avg_loss=0.625
[3537.0s] epoch 84 step 66300 avg_loss=0.477
[3539.6s] epoch 84 step 66350 avg_loss=0.409
[3542.2s] epoch 84 step 66400 avg_loss=0.406
[3544.8s] epoch 84 step 66450 avg_loss=0.371
[3547.4s] epoch 84 step 66500 avg_loss=0.356
[3550.2s] epoch 84 step 66550 avg_loss=0.353
[3553.2s] epoch 84 step 66600 avg_loss=0.342
[3555.9s] epoch 84 step 66650 avg_loss=0.358
[3558.7s] epoch 84 step 66700 avg_loss=0.350
[3561.2s] epoch 84 step 66750 avg_loss=0.360
[3563.9s] epoch 84 step 66800 avg_loss=0.361
[3566.6s] epoch 84 step 66850 avg_loss=0.359
[3569.1s] epoch 84 step 66900 avg_loss=0.356
[3571.8s] epoch 84 step 66950 avg_loss=0.372
[3573.2s] === epoch 84 done: avg_loss=0.374 (n=788 derivations) ===
[3574.1s] epoch 85 step 67000 avg_loss=0.160
[3576.7s] epoch 85 step 67050 avg_loss=0.342
[3578.9s] epoch 85 step 67100 avg_loss=0.274
[3581.4s] epoch 85 step 67150 avg_loss=0.314
[3584.1s] epoch 85 step 67200 avg_loss=0.358
[3586.7s] epoch 85 step 67250 avg_loss=0.344
[3589.3s] epoch 85 step 67300 avg_loss=0.364
[3591.8s] epoch 85 step 67350 avg_loss=0.353
[3594.4s] epoch 85 step 67400 avg_loss=0.378
[3596.8s] epoch 85 step 67450 avg_loss=0.428
[3599.3s] epoch 85 step 67500 avg_loss=0.420
[3602.1s] epoch 85 step 67550 avg_loss=0.429
[3604.3s] epoch 85 step 67600 avg_loss=0.410
[3606.9s] epoch 85 step 67650 avg_loss=0.397
[3609.7s] epoch 85 step 67700 avg_loss=0.384
[3613.0s] epoch 85 step 67750 avg_loss=0.385
[3614.2s] === epoch 85 done: avg_loss=0.384 (n=788 derivations) ===
[3616.1s] epoch 86 step 67800 avg_loss=0.239
[3618.7s] epoch 86 step 67850 avg_loss=0.271
[3621.2s] epoch 86 step 67900 avg_loss=0.252
[3623.7s] epoch 86 step 67950 avg_loss=0.290
[3626.2s] epoch 86 step 68000 avg_loss=0.341
[3628.8s] epoch 86 step 68050 avg_loss=0.307
[3631.6s] epoch 86 step 68100 avg_loss=0.298
[3633.9s] epoch 86 step 68150 avg_loss=0.295
[3636.5s] epoch 86 step 68200 avg_loss=0.321
[3639.0s] epoch 86 step 68250 avg_loss=0.339
[3641.4s] epoch 86 step 68300 avg_loss=0.335
[3644.0s] epoch 86 step 68350 avg_loss=0.327
[3646.7s] epoch 86 step 68400 avg_loss=0.330
[3649.7s] epoch 86 step 68450 avg_loss=0.332
[3652.1s] epoch 86 step 68500 avg_loss=0.321
[3655.4s] epoch 86 step 68550 avg_loss=0.322
[3655.8s] === epoch 86 done: avg_loss=0.321 (n=788 derivations) ===
[3658.3s] epoch 87 step 68600 avg_loss=0.333
[3661.1s] epoch 87 step 68650 avg_loss=0.285
[3663.4s] epoch 87 step 68700 avg_loss=0.260
[3666.0s] epoch 87 step 68750 avg_loss=0.263
[3668.8s] epoch 87 step 68800 avg_loss=0.263
[3671.6s] epoch 87 step 68850 avg_loss=0.295
[3674.4s] epoch 87 step 68900 avg_loss=0.315
[3677.2s] epoch 87 step 68950 avg_loss=0.329
[3680.1s] epoch 87 step 69000 avg_loss=0.340
[3682.7s] epoch 87 step 69050 avg_loss=0.347
[3685.5s] epoch 87 step 69100 avg_loss=0.350
[3688.2s] epoch 87 step 69150 avg_loss=0.357
[3690.9s] epoch 87 step 69200 avg_loss=0.353
[3693.3s] epoch 87 step 69250 avg_loss=0.351
[3696.0s] epoch 87 step 69300 avg_loss=0.341
[3698.3s] === epoch 87 done: avg_loss=0.350 (n=788 derivations) ===
[3698.6s] epoch 88 step 69350 avg_loss=0.094
[3701.4s] epoch 88 step 69400 avg_loss=0.458
[3703.9s] epoch 88 step 69450 avg_loss=0.370
[3706.7s] epoch 88 step 69500 avg_loss=0.360
[3709.3s] epoch 88 step 69550 avg_loss=0.367
[3711.6s] epoch 88 step 69600 avg_loss=0.341
[3714.5s] epoch 88 step 69650 avg_loss=0.337
[3716.9s] epoch 88 step 69700 avg_loss=0.354
[3719.6s] epoch 88 step 69750 avg_loss=0.366
[3722.2s] epoch 88 step 69800 avg_loss=0.365
[3725.1s] epoch 88 step 69850 avg_loss=0.367
[3727.6s] epoch 88 step 69900 avg_loss=0.352
[3729.9s] epoch 88 step 69950 avg_loss=0.362
[3732.6s] epoch 88 step 70000 avg_loss=0.354
[3735.3s] epoch 88 step 70050 avg_loss=0.353
[3737.9s] epoch 88 step 70100 avg_loss=0.344
[3739.7s] === epoch 88 done: avg_loss=0.349 (n=788 derivations) ===
[3740.8s] epoch 89 step 70150 avg_loss=0.182
[3743.1s] epoch 89 step 70200 avg_loss=0.231
[3745.6s] epoch 89 step 70250 avg_loss=0.245
[3748.4s] epoch 89 step 70300 avg_loss=0.319
[3751.2s] epoch 89 step 70350 avg_loss=0.329
[3753.5s] epoch 89 step 70400 avg_loss=0.323
[3755.7s] epoch 89 step 70450 avg_loss=0.319
[3758.3s] epoch 89 step 70500 avg_loss=0.325
[3761.0s] epoch 89 step 70550 avg_loss=0.321
[3763.4s] epoch 89 step 70600 avg_loss=0.311
[3765.5s] epoch 89 step 70650 avg_loss=0.304
[3767.9s] epoch 89 step 70700 avg_loss=0.307
[3770.4s] epoch 89 step 70750 avg_loss=0.315
[3772.6s] epoch 89 step 70800 avg_loss=0.330
[3775.0s] epoch 89 step 70850 avg_loss=0.330
[3777.9s] epoch 89 step 70900 avg_loss=0.339
[3779.0s] === epoch 89 done: avg_loss=0.336 (n=788 derivations) ===
[3780.3s] epoch 90 step 70950 avg_loss=0.232
[3782.8s] epoch 90 step 71000 avg_loss=0.371
[3785.7s] epoch 90 step 71050 avg_loss=0.307
[3788.4s] epoch 90 step 71100 avg_loss=0.289
[3791.3s] epoch 90 step 71150 avg_loss=0.301
[3793.5s] epoch 90 step 71200 avg_loss=0.334
[3796.3s] epoch 90 step 71250 avg_loss=0.335
[3798.8s] epoch 90 step 71300 avg_loss=0.330
[3801.1s] epoch 90 step 71350 avg_loss=0.326
[3803.8s] epoch 90 step 71400 avg_loss=0.333
[3806.9s] epoch 90 step 71450 avg_loss=0.332
[3809.6s] epoch 90 step 71500 avg_loss=0.322
[3812.1s] epoch 90 step 71550 avg_loss=0.329
[3814.7s] epoch 90 step 71600 avg_loss=0.326
[3817.2s] epoch 90 step 71650 avg_loss=0.337
[3820.2s] epoch 90 step 71700 avg_loss=0.344
[3820.7s] === epoch 90 done: avg_loss=0.347 (n=788 derivations) ===
[3822.8s] epoch 91 step 71750 avg_loss=0.219
[3826.1s] epoch 91 step 71800 avg_loss=0.247
[3828.8s] epoch 91 step 71850 avg_loss=0.233
[3831.4s] epoch 91 step 71900 avg_loss=0.278
[3833.9s] epoch 91 step 71950 avg_loss=0.267
[3836.9s] epoch 91 step 72000 avg_loss=0.268
[3839.7s] epoch 91 step 72050 avg_loss=0.275
[3842.2s] epoch 91 step 72100 avg_loss=0.269
[3845.1s] epoch 91 step 72150 avg_loss=0.296
[3847.6s] epoch 91 step 72200 avg_loss=0.298
[3850.0s] epoch 91 step 72250 avg_loss=0.300
[3852.5s] epoch 91 step 72300 avg_loss=0.324
[3855.0s] epoch 91 step 72350 avg_loss=0.324
[3857.5s] epoch 91 step 72400 avg_loss=0.317
[3860.3s] epoch 91 step 72450 avg_loss=0.312
[3863.0s] === epoch 91 done: avg_loss=0.317 (n=788 derivations) ===
[3863.2s] epoch 92 step 72500 avg_loss=0.143
[3865.8s] epoch 92 step 72550 avg_loss=0.159
[3868.2s] epoch 92 step 72600 avg_loss=0.170
[3871.1s] epoch 92 step 72650 avg_loss=0.192
[3873.7s] epoch 92 step 72700 avg_loss=0.249
[3876.4s] epoch 92 step 72750 avg_loss=0.252
[3879.8s] epoch 92 step 72800 avg_loss=0.285
[3882.3s] epoch 92 step 72850 avg_loss=0.276
[3885.1s] epoch 92 step 72900 avg_loss=0.273
[3887.8s] epoch 92 step 72950 avg_loss=0.277
[3890.7s] epoch 92 step 73000 avg_loss=0.273
[3893.5s] epoch 92 step 73050 avg_loss=0.273
[3896.0s] epoch 92 step 73100 avg_loss=0.269
[3898.9s] epoch 92 step 73150 avg_loss=0.285
[3901.7s] epoch 92 step 73200 avg_loss=0.285
[3904.2s] epoch 92 step 73250 avg_loss=0.276
[3906.0s] === epoch 92 done: avg_loss=0.274 (n=788 derivations) ===
[3907.0s] epoch 93 step 73300 avg_loss=0.300
[3909.6s] epoch 93 step 73350 avg_loss=0.170
[3912.3s] epoch 93 step 73400 avg_loss=0.175
[3915.7s] epoch 93 step 73450 avg_loss=0.205
[3918.7s] epoch 93 step 73500 avg_loss=0.255
[3921.4s] epoch 93 step 73550 avg_loss=0.241
[3924.5s] epoch 93 step 73600 avg_loss=0.237
[3927.5s] epoch 93 step 73650 avg_loss=0.255
[3930.2s] epoch 93 step 73700 avg_loss=0.243
[3933.3s] epoch 93 step 73750 avg_loss=0.243
[3936.2s] epoch 93 step 73800 avg_loss=0.266
[3938.9s] epoch 93 step 73850 avg_loss=0.262
[3942.1s] epoch 93 step 73900 avg_loss=0.258
[3944.6s] epoch 93 step 73950 avg_loss=0.252
[3947.1s] epoch 93 step 74000 avg_loss=0.253
[3949.5s] epoch 93 step 74050 avg_loss=0.245
[3950.9s] === epoch 93 done: avg_loss=0.244 (n=788 derivations) ===
[3952.5s] epoch 94 step 74100 avg_loss=0.207
[3955.2s] epoch 94 step 74150 avg_loss=0.188
[3957.8s] epoch 94 step 74200 avg_loss=0.179
[3960.6s] epoch 94 step 74250 avg_loss=0.186
[3963.5s] epoch 94 step 74300 avg_loss=0.255
[3966.1s] epoch 94 step 74350 avg_loss=0.246
[3968.8s] epoch 94 step 74400 avg_loss=0.234
[3971.5s] epoch 94 step 74450 avg_loss=0.232
[3974.4s] epoch 94 step 74500 avg_loss=0.214
[3976.8s] epoch 94 step 74550 avg_loss=0.212
[3979.6s] epoch 94 step 74600 avg_loss=0.224
[3982.3s] epoch 94 step 74650 avg_loss=0.220
[3985.0s] epoch 94 step 74700 avg_loss=0.218
[3987.3s] epoch 94 step 74750 avg_loss=0.215
[3990.1s] epoch 94 step 74800 avg_loss=0.214
[3993.0s] epoch 94 step 74850 avg_loss=0.211
[3993.6s] === epoch 94 done: avg_loss=0.210 (n=788 derivations) ===
[3995.7s] epoch 95 step 74900 avg_loss=0.148
[3998.1s] epoch 95 step 74950 avg_loss=0.133
[4000.6s] epoch 95 step 75000 avg_loss=0.125
[4003.2s] epoch 95 step 75050 avg_loss=0.169
[4005.6s] epoch 95 step 75100 avg_loss=0.216
[4008.4s] epoch 95 step 75150 avg_loss=0.220
[4011.2s] epoch 95 step 75200 avg_loss=0.207
[4013.7s] epoch 95 step 75250 avg_loss=0.195
[4016.2s] epoch 95 step 75300 avg_loss=0.210
[4018.8s] epoch 95 step 75350 avg_loss=0.200
[4021.4s] epoch 95 step 75400 avg_loss=0.216
[4024.1s] epoch 95 step 75450 avg_loss=0.212
[4026.5s] epoch 95 step 75500 avg_loss=0.212
[4029.3s] epoch 95 step 75550 avg_loss=0.204
[4031.7s] epoch 95 step 75600 avg_loss=0.206
[4033.7s] === epoch 95 done: avg_loss=0.200 (n=788 derivations) ===
[4033.9s] epoch 96 step 75650 avg_loss=0.045
[4036.2s] epoch 96 step 75700 avg_loss=0.201
[4038.7s] epoch 96 step 75750 avg_loss=0.306
[4041.1s] epoch 96 step 75800 avg_loss=0.254
[4043.5s] epoch 96 step 75850 avg_loss=0.225
[4046.1s] epoch 96 step 75900 avg_loss=0.210
[4048.4s] epoch 96 step 75950 avg_loss=0.194
[4050.9s] epoch 96 step 76000 avg_loss=0.182
[4053.1s] epoch 96 step 76050 avg_loss=0.175
[4055.6s] epoch 96 step 76100 avg_loss=0.201
[4058.2s] epoch 96 step 76150 avg_loss=0.195
[4060.5s] epoch 96 step 76200 avg_loss=0.189
[4062.8s] epoch 96 step 76250 avg_loss=0.185
[4065.0s] epoch 96 step 76300 avg_loss=0.180
[4067.2s] epoch 96 step 76350 avg_loss=0.175
[4069.4s] epoch 96 step 76400 avg_loss=0.177
[4071.3s] === epoch 96 done: avg_loss=0.180 (n=788 derivations) ===
[4071.9s] epoch 97 step 76450 avg_loss=0.237
[4074.4s] epoch 97 step 76500 avg_loss=0.206
[4076.7s] epoch 97 step 76550 avg_loss=0.170
[4079.3s] epoch 97 step 76600 avg_loss=0.186
[4082.0s] epoch 97 step 76650 avg_loss=0.183
[4084.2s] epoch 97 step 76700 avg_loss=0.166
[4086.8s] epoch 97 step 76750 avg_loss=0.165
[4089.2s] epoch 97 step 76800 avg_loss=0.163
[4091.1s] epoch 97 step 76850 avg_loss=0.160
[4093.6s] epoch 97 step 76900 avg_loss=0.172
[4096.4s] epoch 97 step 76950 avg_loss=0.182
[4098.8s] epoch 97 step 77000 avg_loss=0.175
[4101.5s] epoch 97 step 77050 avg_loss=0.172
[4103.8s] epoch 97 step 77100 avg_loss=0.170
[4106.4s] epoch 97 step 77150 avg_loss=0.179
[4108.8s] epoch 97 step 77200 avg_loss=0.174
[4110.0s] === epoch 97 done: avg_loss=0.174 (n=788 derivations) ===
[4111.1s] epoch 98 step 77250 avg_loss=0.068
[4113.7s] epoch 98 step 77300 avg_loss=0.142
[4116.0s] epoch 98 step 77350 avg_loss=0.132
[4118.4s] epoch 98 step 77400 avg_loss=0.175
[4120.9s] epoch 98 step 77450 avg_loss=0.218
[4123.6s] epoch 98 step 77500 avg_loss=0.220
[4126.2s] epoch 98 step 77550 avg_loss=0.210
[4128.7s] epoch 98 step 77600 avg_loss=0.227
[4131.0s] epoch 98 step 77650 avg_loss=0.225
[4133.5s] epoch 98 step 77700 avg_loss=0.215
[4136.2s] epoch 98 step 77750 avg_loss=0.206
[4138.6s] epoch 98 step 77800 avg_loss=0.199
[4141.0s] epoch 98 step 77850 avg_loss=0.193
[4143.2s] epoch 98 step 77900 avg_loss=0.192
[4145.4s] epoch 98 step 77950 avg_loss=0.185
[4148.6s] epoch 98 step 78000 avg_loss=0.185
[4149.3s] === epoch 98 done: avg_loss=0.184 (n=788 derivations) ===
[4151.1s] epoch 99 step 78050 avg_loss=0.100
[4153.5s] epoch 99 step 78100 avg_loss=0.086
[4156.4s] epoch 99 step 78150 avg_loss=0.099
[4159.0s] epoch 99 step 78200 avg_loss=0.135
[4162.1s] epoch 99 step 78250 avg_loss=0.151
[4164.8s] epoch 99 step 78300 avg_loss=0.168
[4168.0s] epoch 99 step 78350 avg_loss=0.187
[4170.6s] epoch 99 step 78400 avg_loss=0.178
[4173.6s] epoch 99 step 78450 avg_loss=0.169
[4176.3s] epoch 99 step 78500 avg_loss=0.160
[4179.1s] epoch 99 step 78550 avg_loss=0.154
[4182.1s] epoch 99 step 78600 avg_loss=0.153
[4185.1s] epoch 99 step 78650 avg_loss=0.154
[4187.5s] epoch 99 step 78700 avg_loss=0.168
[4190.0s] epoch 99 step 78750 avg_loss=0.166
[4192.3s] epoch 99 step 78800 avg_loss=0.161
[4192.3s] === epoch 99 done: avg_loss=0.161 (n=788 derivations) ===
[4194.9s] epoch 100 step 78850 avg_loss=0.235
[4197.4s] epoch 100 step 78900 avg_loss=0.187
[4199.7s] epoch 100 step 78950 avg_loss=0.166
[4202.0s] epoch 100 step 79000 avg_loss=0.163
[4204.7s] epoch 100 step 79050 avg_loss=0.148
[4207.2s] epoch 100 step 79100 avg_loss=0.158
[4209.8s] epoch 100 step 79150 avg_loss=0.159
[4212.4s] epoch 100 step 79200 avg_loss=0.154
[4214.8s] epoch 100 step 79250 avg_loss=0.146
[4217.3s] epoch 100 step 79300 avg_loss=0.143
[4220.0s] epoch 100 step 79350 avg_loss=0.138
[4222.9s] epoch 100 step 79400 avg_loss=0.136
[4225.8s] epoch 100 step 79450 avg_loss=0.138
[4228.2s] epoch 100 step 79500 avg_loss=0.134
[4230.9s] epoch 100 step 79550 avg_loss=0.133
[4232.8s] === epoch 100 done: avg_loss=0.130 (n=788 derivations) ===
[4233.4s] epoch 101 step 79600 avg_loss=0.117
[4235.8s] epoch 101 step 79650 avg_loss=0.103
[4238.7s] epoch 101 step 79700 avg_loss=0.095
[4241.7s] epoch 101 step 79750 avg_loss=0.123
[4244.2s] epoch 101 step 79800 avg_loss=0.105
[4246.6s] epoch 101 step 79850 avg_loss=0.097
[4249.0s] epoch 101 step 79900 avg_loss=0.096
[4251.6s] epoch 101 step 79950 avg_loss=0.096
[4254.2s] epoch 101 step 80000 avg_loss=0.112
[4256.9s] epoch 101 step 80050 avg_loss=0.109
[4259.6s] epoch 101 step 80100 avg_loss=0.110
[4262.3s] epoch 101 step 80150 avg_loss=0.119
[4264.8s] epoch 101 step 80200 avg_loss=0.131
[4267.7s] epoch 101 step 80250 avg_loss=0.129
[4271.1s] epoch 101 step 80300 avg_loss=0.125
[4274.2s] epoch 101 step 80350 avg_loss=0.123
[4275.7s] === epoch 101 done: avg_loss=0.123 (n=788 derivations) ===
[4276.9s] epoch 102 step 80400 avg_loss=0.217
[4279.4s] epoch 102 step 80450 avg_loss=0.134
[4281.8s] epoch 102 step 80500 avg_loss=0.124
[4284.6s] epoch 102 step 80550 avg_loss=0.125
[4287.2s] epoch 102 step 80600 avg_loss=0.117
[4289.8s] epoch 102 step 80650 avg_loss=0.110
[4292.1s] epoch 102 step 80700 avg_loss=0.107
[4294.8s] epoch 102 step 80750 avg_loss=0.119
[4297.3s] epoch 102 step 80800 avg_loss=0.113
[4300.6s] epoch 102 step 80850 avg_loss=0.120
[4303.3s] epoch 102 step 80900 avg_loss=0.117
[4306.2s] epoch 102 step 80950 avg_loss=0.121
[4308.6s] epoch 102 step 81000 avg_loss=0.125
[4311.4s] epoch 102 step 81050 avg_loss=0.124
[4313.7s] epoch 102 step 81100 avg_loss=0.122
[4316.4s] epoch 102 step 81150 avg_loss=0.120
[4317.0s] === epoch 102 done: avg_loss=0.119 (n=788 derivations) ===
[4318.9s] epoch 103 step 81200 avg_loss=0.055
[4321.0s] epoch 103 step 81250 avg_loss=0.057
[4323.1s] epoch 103 step 81300 avg_loss=0.076
[4325.7s] epoch 103 step 81350 avg_loss=0.099
[4328.3s] epoch 103 step 81400 avg_loss=0.108
[4330.9s] epoch 103 step 81450 avg_loss=0.105
[4333.4s] epoch 103 step 81500 avg_loss=0.105
[4336.3s] epoch 103 step 81550 avg_loss=0.105
[4338.8s] epoch 103 step 81600 avg_loss=0.113
[4341.3s] epoch 103 step 81650 avg_loss=0.108
[4343.9s] epoch 103 step 81700 avg_loss=0.107
[4346.7s] epoch 103 step 81750 avg_loss=0.107
[4349.5s] epoch 103 step 81800 avg_loss=0.106
[4352.6s] epoch 103 step 81850 avg_loss=0.111
[4355.6s] epoch 103 step 81900 avg_loss=0.108
[4358.1s] epoch 103 step 81950 avg_loss=0.107
[4358.3s] === epoch 103 done: avg_loss=0.107 (n=788 derivations) ===
[4360.8s] epoch 104 step 82000 avg_loss=0.068
[4363.4s] epoch 104 step 82050 avg_loss=0.082
[4366.1s] epoch 104 step 82100 avg_loss=0.093
[4368.9s] epoch 104 step 82150 avg_loss=0.090
[4372.1s] epoch 104 step 82200 avg_loss=0.090
[4374.8s] epoch 104 step 82250 avg_loss=0.084
[4377.5s] epoch 104 step 82300 avg_loss=0.090
[4380.4s] epoch 104 step 82350 avg_loss=0.087
[4383.5s] epoch 104 step 82400 avg_loss=0.096
[4386.2s] epoch 104 step 82450 avg_loss=0.097
[4388.7s] epoch 104 step 82500 avg_loss=0.099
[4391.4s] epoch 104 step 82550 avg_loss=0.096
[4394.0s] epoch 104 step 82600 avg_loss=0.100
[4396.3s] epoch 104 step 82650 avg_loss=0.097
[4398.8s] epoch 104 step 82700 avg_loss=0.098
[4400.9s] === epoch 104 done: avg_loss=0.099 (n=788 derivations) ===
[4401.3s] epoch 105 step 82750 avg_loss=0.036
[4404.0s] epoch 105 step 82800 avg_loss=0.124
[4406.6s] epoch 105 step 82850 avg_loss=0.136
[4409.2s] epoch 105 step 82900 avg_loss=0.124
[4411.6s] epoch 105 step 82950 avg_loss=0.109
[4414.4s] epoch 105 step 83000 avg_loss=0.103
[4416.5s] epoch 105 step 83050 avg_loss=0.099
[4419.2s] epoch 105 step 83100 avg_loss=0.103
[4421.3s] epoch 105 step 83150 avg_loss=0.097
[4423.6s] epoch 105 step 83200 avg_loss=0.095
[4425.9s] epoch 105 step 83250 avg_loss=0.094
[4428.5s] epoch 105 step 83300 avg_loss=0.092
[4431.0s] epoch 105 step 83350 avg_loss=0.092
[4433.5s] epoch 105 step 83400 avg_loss=0.091
[4436.2s] epoch 105 step 83450 avg_loss=0.096
[4438.5s] epoch 105 step 83500 avg_loss=0.095
[4439.9s] === epoch 105 done: avg_loss=0.098 (n=788 derivations) ===
[4440.7s] epoch 106 step 83550 avg_loss=0.043
[4443.3s] epoch 106 step 83600 avg_loss=0.111
[4445.4s] epoch 106 step 83650 avg_loss=0.089
[4447.5s] epoch 106 step 83700 avg_loss=0.093
[4449.7s] epoch 106 step 83750 avg_loss=0.096
[4451.7s] epoch 106 step 83800 avg_loss=0.088
[4454.4s] epoch 106 step 83850 avg_loss=0.089
[4456.6s] epoch 106 step 83900 avg_loss=0.088
[4458.9s] epoch 106 step 83950 avg_loss=0.083
[4461.1s] epoch 106 step 84000 avg_loss=0.080
[4463.4s] epoch 106 step 84050 avg_loss=0.080
[4465.8s] epoch 106 step 84100 avg_loss=0.082
[4468.2s] epoch 106 step 84150 avg_loss=0.084
[4470.7s] epoch 106 step 84200 avg_loss=0.084
[4473.2s] epoch 106 step 84250 avg_loss=0.086
[4475.7s] epoch 106 step 84300 avg_loss=0.085
[4476.5s] === epoch 106 done: avg_loss=0.084 (n=788 derivations) ===
[4478.2s] epoch 107 step 84350 avg_loss=0.062
[4480.6s] epoch 107 step 84400 avg_loss=0.084
[4483.0s] epoch 107 step 84450 avg_loss=0.095
[4485.8s] epoch 107 step 84500 avg_loss=0.107
[4488.2s] epoch 107 step 84550 avg_loss=0.093
[4490.7s] epoch 107 step 84600 avg_loss=0.088
[4493.3s] epoch 107 step 84650 avg_loss=0.092
[4495.6s] epoch 107 step 84700 avg_loss=0.091
[4498.0s] epoch 107 step 84750 avg_loss=0.092
[4500.6s] epoch 107 step 84800 avg_loss=0.089
[4502.9s] epoch 107 step 84850 avg_loss=0.088
[4505.3s] epoch 107 step 84900 avg_loss=0.085
[4507.9s] epoch 107 step 84950 avg_loss=0.084
[4510.4s] epoch 107 step 85000 avg_loss=0.082
[4513.3s] epoch 107 step 85050 avg_loss=0.080
[4516.4s] epoch 107 step 85100 avg_loss=0.078
[4516.7s] === epoch 107 done: avg_loss=0.078 (n=788 derivations) ===
[4519.4s] epoch 108 step 85150 avg_loss=0.087
[4522.1s] epoch 108 step 85200 avg_loss=0.086
[4524.3s] epoch 108 step 85250 avg_loss=0.086
[4526.6s] epoch 108 step 85300 avg_loss=0.080
[4528.9s] epoch 108 step 85350 avg_loss=0.072
[4531.4s] epoch 108 step 85400 avg_loss=0.077
[4533.7s] epoch 108 step 85450 avg_loss=0.072
[4536.4s] epoch 108 step 85500 avg_loss=0.080
[4539.4s] epoch 108 step 85550 avg_loss=0.078
[4542.0s] epoch 108 step 85600 avg_loss=0.078
[4544.5s] epoch 108 step 85650 avg_loss=0.076
[4547.2s] epoch 108 step 85700 avg_loss=0.074
[4549.8s] epoch 108 step 85750 avg_loss=0.075
[4552.3s] epoch 108 step 85800 avg_loss=0.076
[4555.0s] epoch 108 step 85850 avg_loss=0.074
[4557.6s] === epoch 108 done: avg_loss=0.073 (n=788 derivations) ===
[4558.1s] epoch 109 step 85900 avg_loss=0.074
[4560.4s] epoch 109 step 85950 avg_loss=0.091
[4563.1s] epoch 109 step 86000 avg_loss=0.101
[4565.9s] epoch 109 step 86050 avg_loss=0.086
[4568.2s] epoch 109 step 86100 avg_loss=0.077
[4571.0s] epoch 109 step 86150 avg_loss=0.077
[4573.8s] epoch 109 step 86200 avg_loss=0.071
[4576.5s] epoch 109 step 86250 avg_loss=0.073
[4579.1s] epoch 109 step 86300 avg_loss=0.070
[4581.6s] epoch 109 step 86350 avg_loss=0.068
[4584.1s] epoch 109 step 86400 avg_loss=0.068
[4586.6s] epoch 109 step 86450 avg_loss=0.067
[4589.5s] epoch 109 step 86500 avg_loss=0.065
[4592.2s] epoch 109 step 86550 avg_loss=0.066
[4595.0s] epoch 109 step 86600 avg_loss=0.066
[4597.6s] epoch 109 step 86650 avg_loss=0.065
[4599.2s] === epoch 109 done: avg_loss=0.070 (n=788 derivations) ===
[4600.2s] epoch 110 step 86700 avg_loss=0.090
[4603.2s] epoch 110 step 86750 avg_loss=0.099
[4605.6s] epoch 110 step 86800 avg_loss=0.080
[4608.4s] epoch 110 step 86850 avg_loss=0.077
[4611.0s] epoch 110 step 86900 avg_loss=0.073
[4613.4s] epoch 110 step 86950 avg_loss=0.073
[4616.2s] epoch 110 step 87000 avg_loss=0.074
[4619.3s] epoch 110 step 87050 avg_loss=0.073
[4622.2s] epoch 110 step 87100 avg_loss=0.076
[4624.7s] epoch 110 step 87150 avg_loss=0.074
[4626.9s] epoch 110 step 87200 avg_loss=0.072
[4629.4s] epoch 110 step 87250 avg_loss=0.073
[4631.8s] epoch 110 step 87300 avg_loss=0.073
[4633.9s] epoch 110 step 87350 avg_loss=0.071
[4636.3s] epoch 110 step 87400 avg_loss=0.069
[4638.6s] epoch 110 step 87450 avg_loss=0.068
[4639.7s] === epoch 110 done: avg_loss=0.068 (n=788 derivations) ===
[4641.4s] epoch 111 step 87500 avg_loss=0.082
[4644.1s] epoch 111 step 87550 avg_loss=0.058
[4646.9s] epoch 111 step 87600 avg_loss=0.059
[4649.6s] epoch 111 step 87650 avg_loss=0.058
[4652.2s] epoch 111 step 87700 avg_loss=0.059
[4654.8s] epoch 111 step 87750 avg_loss=0.059
[4657.1s] epoch 111 step 87800 avg_loss=0.060
[4659.7s] epoch 111 step 87850 avg_loss=0.061
[4662.1s] epoch 111 step 87900 avg_loss=0.059
[4664.7s] epoch 111 step 87950 avg_loss=0.063
[4667.6s] epoch 111 step 88000 avg_loss=0.064
[4670.1s] epoch 111 step 88050 avg_loss=0.065
[4672.6s] epoch 111 step 88100 avg_loss=0.063
[4674.8s] epoch 111 step 88150 avg_loss=0.062
[4677.5s] epoch 111 step 88200 avg_loss=0.062
[4679.9s] epoch 111 step 88250 avg_loss=0.065
[4680.2s] === epoch 111 done: avg_loss=0.065 (n=788 derivations) ===
[4682.9s] epoch 112 step 88300 avg_loss=0.041
[4685.5s] epoch 112 step 88350 avg_loss=0.052
[4688.8s] epoch 112 step 88400 avg_loss=0.065
[4691.4s] epoch 112 step 88450 avg_loss=0.062
[4694.2s] epoch 112 step 88500 avg_loss=0.056
[4697.0s] epoch 112 step 88550 avg_loss=0.062
[4699.4s] epoch 112 step 88600 avg_loss=0.061
[4701.9s] epoch 112 step 88650 avg_loss=0.061
[4704.4s] epoch 112 step 88700 avg_loss=0.060
[4707.7s] epoch 112 step 88750 avg_loss=0.065
[4710.2s] epoch 112 step 88800 avg_loss=0.063
[4712.6s] epoch 112 step 88850 avg_loss=0.061
[4715.3s] epoch 112 step 88900 avg_loss=0.062
[4717.7s] epoch 112 step 88950 avg_loss=0.063
[4720.1s] epoch 112 step 89000 avg_loss=0.063
[4722.3s] === epoch 112 done: avg_loss=0.063 (n=788 derivations) ===
[4722.5s] epoch 113 step 89050 avg_loss=0.022
[4725.3s] epoch 113 step 89100 avg_loss=0.047
[4727.8s] epoch 113 step 89150 avg_loss=0.043
[4730.6s] epoch 113 step 89200 avg_loss=0.057
[4733.2s] epoch 113 step 89250 avg_loss=0.058
[4736.0s] epoch 113 step 89300 avg_loss=0.059
[4738.6s] epoch 113 step 89350 avg_loss=0.061
[4741.1s] epoch 113 step 89400 avg_loss=0.059
[4743.7s] epoch 113 step 89450 avg_loss=0.060
[4746.2s] epoch 113 step 89500 avg_loss=0.060
[4748.3s] epoch 113 step 89550 avg_loss=0.059
[4750.7s] epoch 113 step 89600 avg_loss=0.060
[4753.0s] epoch 113 step 89650 avg_loss=0.060
[4755.4s] epoch 113 step 89700 avg_loss=0.058
[4757.8s] epoch 113 step 89750 avg_loss=0.059
[4760.2s] epoch 113 step 89800 avg_loss=0.060
[4761.8s] === epoch 113 done: avg_loss=0.061 (n=788 derivations) ===
[4762.5s] epoch 114 step 89850 avg_loss=0.053
[4764.9s] epoch 114 step 89900 avg_loss=0.072
[4767.1s] epoch 114 step 89950 avg_loss=0.068
[4769.5s] epoch 114 step 90000 avg_loss=0.074
[4772.0s] epoch 114 step 90050 avg_loss=0.069
[4774.2s] epoch 114 step 90100 avg_loss=0.063
[4776.4s] epoch 114 step 90150 avg_loss=0.061
[4779.0s] epoch 114 step 90200 avg_loss=0.064
[4781.6s] epoch 114 step 90250 avg_loss=0.062
[4783.9s] epoch 114 step 90300 avg_loss=0.060
[4786.3s] epoch 114 step 90350 avg_loss=0.063
[4788.6s] epoch 114 step 90400 avg_loss=0.062
[4790.8s] epoch 114 step 90450 avg_loss=0.060
[4793.3s] epoch 114 step 90500 avg_loss=0.059
[4795.7s] epoch 114 step 90550 avg_loss=0.059
[4798.1s] epoch 114 step 90600 avg_loss=0.058
[4799.0s] === epoch 114 done: avg_loss=0.059 (n=788 derivations) ===
[4800.4s] epoch 115 step 90650 avg_loss=0.067
[4802.7s] epoch 115 step 90700 avg_loss=0.049
[4805.2s] epoch 115 step 90750 avg_loss=0.059
[4807.5s] epoch 115 step 90800 avg_loss=0.052
[4809.7s] epoch 115 step 90850 avg_loss=0.048
[4812.2s] epoch 115 step 90900 avg_loss=0.053
[4814.7s] epoch 115 step 90950 avg_loss=0.054
[4816.8s] epoch 115 step 91000 avg_loss=0.055
[4819.2s] epoch 115 step 91050 avg_loss=0.055
[4821.7s] epoch 115 step 91100 avg_loss=0.055
[4824.1s] epoch 115 step 91150 avg_loss=0.055
[4826.3s] epoch 115 step 91200 avg_loss=0.054
[4828.5s] epoch 115 step 91250 avg_loss=0.055
[4831.1s] epoch 115 step 91300 avg_loss=0.055
[4833.8s] epoch 115 step 91350 avg_loss=0.056
[4836.6s] epoch 115 step 91400 avg_loss=0.056
[4836.9s] === epoch 115 done: avg_loss=0.057 (n=788 derivations) ===
[4839.3s] epoch 116 step 91450 avg_loss=0.041
[4842.0s] epoch 116 step 91500 avg_loss=0.037
[4844.6s] epoch 116 step 91550 avg_loss=0.053
[4846.8s] epoch 116 step 91600 avg_loss=0.051
[4849.3s] epoch 116 step 91650 avg_loss=0.052
[4851.7s] epoch 116 step 91700 avg_loss=0.057
[4854.5s] epoch 116 step 91750 avg_loss=0.063
[4856.9s] epoch 116 step 91800 avg_loss=0.059
[4859.4s] epoch 116 step 91850 avg_loss=0.058
[4862.1s] epoch 116 step 91900 avg_loss=0.059
[4864.6s] epoch 116 step 91950 avg_loss=0.060
[4867.4s] epoch 116 step 92000 avg_loss=0.060
[4870.1s] epoch 116 step 92050 avg_loss=0.059
[4872.5s] epoch 116 step 92100 avg_loss=0.057
[4875.1s] epoch 116 step 92150 avg_loss=0.056
[4877.5s] === epoch 116 done: avg_loss=0.055 (n=788 derivations) ===
[4877.7s] epoch 117 step 92200 avg_loss=0.013
[4880.3s] epoch 117 step 92250 avg_loss=0.062
[4883.3s] epoch 117 step 92300 avg_loss=0.065
[4885.9s] epoch 117 step 92350 avg_loss=0.058
[4888.5s] epoch 117 step 92400 avg_loss=0.059
[4891.0s] epoch 117 step 92450 avg_loss=0.061
[4893.4s] epoch 117 step 92500 avg_loss=0.057
[4895.9s] epoch 117 step 92550 avg_loss=0.056
[4898.9s] epoch 117 step 92600 avg_loss=0.059
[4901.8s] epoch 117 step 92650 avg_loss=0.058
[4904.4s] epoch 117 step 92700 avg_loss=0.057
[4907.7s] epoch 117 step 92750 avg_loss=0.055
[4910.8s] epoch 117 step 92800 avg_loss=0.054
[4913.2s] epoch 117 step 92850 avg_loss=0.054
[4916.6s] epoch 117 step 92900 avg_loss=0.054
[4919.3s] epoch 117 step 92950 avg_loss=0.054
[4921.0s] === epoch 117 done: avg_loss=0.054 (n=788 derivations) ===
[4922.0s] epoch 118 step 93000 avg_loss=0.066
[4924.5s] epoch 118 step 93050 avg_loss=0.041
[4927.3s] epoch 118 step 93100 avg_loss=0.045
[4930.0s] epoch 118 step 93150 avg_loss=0.046
[4932.8s] epoch 118 step 93200 avg_loss=0.051
[4935.4s] epoch 118 step 93250 avg_loss=0.053
[4938.1s] epoch 118 step 93300 avg_loss=0.051
[4940.9s] epoch 118 step 93350 avg_loss=0.050
[4943.7s] epoch 118 step 93400 avg_loss=0.051
[4946.2s] epoch 118 step 93450 avg_loss=0.052
[4948.8s] epoch 118 step 93500 avg_loss=0.051
[4951.2s] epoch 118 step 93550 avg_loss=0.049
[4953.9s] epoch 118 step 93600 avg_loss=0.049
[4956.3s] epoch 118 step 93650 avg_loss=0.049
[4958.8s] epoch 118 step 93700 avg_loss=0.052
[4961.8s] epoch 118 step 93750 avg_loss=0.052
[4963.0s] === epoch 118 done: avg_loss=0.052 (n=788 derivations) ===
[4964.4s] epoch 119 step 93800 avg_loss=0.045
[4967.2s] epoch 119 step 93850 avg_loss=0.049
[4970.2s] epoch 119 step 93900 avg_loss=0.051
[4972.9s] epoch 119 step 93950 avg_loss=0.053
[4975.5s] epoch 119 step 94000 avg_loss=0.057
[4977.8s] epoch 119 step 94050 avg_loss=0.055
[4980.6s] epoch 119 step 94100 avg_loss=0.054
[4983.2s] epoch 119 step 94150 avg_loss=0.054
[4985.6s] epoch 119 step 94200 avg_loss=0.052
[4988.2s] epoch 119 step 94250 avg_loss=0.052
[4990.8s] epoch 119 step 94300 avg_loss=0.051
[4993.1s] epoch 119 step 94350 avg_loss=0.050
[4995.6s] epoch 119 step 94400 avg_loss=0.050
[4998.0s] epoch 119 step 94450 avg_loss=0.050
[5000.9s] epoch 119 step 94500 avg_loss=0.051
[5003.7s] epoch 119 step 94550 avg_loss=0.051
[5004.2s] === epoch 119 done: avg_loss=0.051 (n=788 derivations) ===
[5006.2s] epoch 120 step 94600 avg_loss=0.073
[5008.9s] epoch 120 step 94650 avg_loss=0.060
[5011.9s] epoch 120 step 94700 avg_loss=0.054
[5014.9s] epoch 120 step 94750 avg_loss=0.051
[5018.1s] epoch 120 step 94800 avg_loss=0.051
[5020.5s] epoch 120 step 94850 avg_loss=0.048
[5023.3s] epoch 120 step 94900 avg_loss=0.049
[5025.7s] epoch 120 step 94950 avg_loss=0.045
[5028.0s] epoch 120 step 95000 avg_loss=0.045
[5030.5s] epoch 120 step 95050 avg_loss=0.044
[5033.0s] epoch 120 step 95100 avg_loss=0.044
[5035.5s] epoch 120 step 95150 avg_loss=0.043
[5038.4s] epoch 120 step 95200 avg_loss=0.048
[5041.1s] epoch 120 step 95250 avg_loss=0.048
[5043.9s] epoch 120 step 95300 avg_loss=0.048
[5047.1s] === epoch 120 done: avg_loss=0.049 (n=788 derivations) ===
[5047.2s] epoch 121 step 95350 avg_loss=0.018
[5050.4s] epoch 121 step 95400 avg_loss=0.071
[5053.1s] epoch 121 step 95450 avg_loss=0.050
[5055.4s] epoch 121 step 95500 avg_loss=0.050
[5057.6s] epoch 121 step 95550 avg_loss=0.046
[5059.9s] epoch 121 step 95600 avg_loss=0.046
[5063.2s] epoch 121 step 95650 avg_loss=0.051
[5066.1s] epoch 121 step 95700 avg_loss=0.049
[5068.4s] epoch 121 step 95750 avg_loss=0.048
[5071.1s] epoch 121 step 95800 avg_loss=0.048
[5073.5s] epoch 121 step 95850 avg_loss=0.047
[5075.9s] epoch 121 step 95900 avg_loss=0.049
[5078.2s] epoch 121 step 95950 avg_loss=0.048
[5080.6s] epoch 121 step 96000 avg_loss=0.048
[5083.3s] epoch 121 step 96050 avg_loss=0.047
[5086.1s] epoch 121 step 96100 avg_loss=0.048
[5087.9s] === epoch 121 done: avg_loss=0.048 (n=788 derivations) ===
[5088.8s] epoch 122 step 96150 avg_loss=0.032
[5090.8s] epoch 122 step 96200 avg_loss=0.033
[5093.4s] epoch 122 step 96250 avg_loss=0.033
[5095.6s] epoch 122 step 96300 avg_loss=0.033
[5097.9s] epoch 122 step 96350 avg_loss=0.037
[5100.7s] epoch 122 step 96400 avg_loss=0.043
[5103.3s] epoch 122 step 96450 avg_loss=0.047
[5105.9s] epoch 122 step 96500 avg_loss=0.050
[5108.5s] epoch 122 step 96550 avg_loss=0.048
[5110.7s] epoch 122 step 96600 avg_loss=0.047
[5113.3s] epoch 122 step 96650 avg_loss=0.045
[5115.6s] epoch 122 step 96700 avg_loss=0.045
[5118.2s] epoch 122 step 96750 avg_loss=0.048
[5120.7s] epoch 122 step 96800 avg_loss=0.048
[5123.1s] epoch 122 step 96850 avg_loss=0.048
[5125.3s] epoch 122 step 96900 avg_loss=0.046
[5126.7s] === epoch 122 done: avg_loss=0.047 (n=788 derivations) ===
[5127.8s] epoch 123 step 96950 avg_loss=0.021
[5130.1s] epoch 123 step 97000 avg_loss=0.029
[5132.6s] epoch 123 step 97050 avg_loss=0.045
[5135.0s] epoch 123 step 97100 avg_loss=0.050
[5137.5s] epoch 123 step 97150 avg_loss=0.051
[5140.0s] epoch 123 step 97200 avg_loss=0.051
[5142.6s] epoch 123 step 97250 avg_loss=0.049
[5145.2s] epoch 123 step 97300 avg_loss=0.052
[5148.1s] epoch 123 step 97350 avg_loss=0.051
[5150.3s] epoch 123 step 97400 avg_loss=0.049
[5153.4s] epoch 123 step 97450 avg_loss=0.049
[5156.2s] epoch 123 step 97500 avg_loss=0.048
[5159.1s] epoch 123 step 97550 avg_loss=0.047
[5161.8s] epoch 123 step 97600 avg_loss=0.046
[5164.6s] epoch 123 step 97650 avg_loss=0.046
[5167.4s] epoch 123 step 97700 avg_loss=0.046
[5167.9s] === epoch 123 done: avg_loss=0.046 (n=788 derivations) ===
[5170.1s] epoch 124 step 97750 avg_loss=0.056
[5173.1s] epoch 124 step 97800 avg_loss=0.051
[5175.4s] epoch 124 step 97850 avg_loss=0.044
[5178.1s] epoch 124 step 97900 avg_loss=0.041
[5180.5s] epoch 124 step 97950 avg_loss=0.043
[5183.2s] epoch 124 step 98000 avg_loss=0.041
[5186.0s] epoch 124 step 98050 avg_loss=0.040
[5188.3s] epoch 124 step 98100 avg_loss=0.040
[5190.7s] epoch 124 step 98150 avg_loss=0.042
[5193.1s] epoch 124 step 98200 avg_loss=0.041
[5195.6s] epoch 124 step 98250 avg_loss=0.043
[5198.1s] epoch 124 step 98300 avg_loss=0.043
[5201.1s] epoch 124 step 98350 avg_loss=0.042
[5203.7s] epoch 124 step 98400 avg_loss=0.045
[5205.8s] epoch 124 step 98450 avg_loss=0.045
[5207.9s] epoch 124 step 98500 avg_loss=0.044
[5207.9s] === epoch 124 done: avg_loss=0.044 (n=788 derivations) ===
[5210.8s] epoch 125 step 98550 avg_loss=0.064
[5213.1s] epoch 125 step 98600 avg_loss=0.048
[5215.3s] epoch 125 step 98650 avg_loss=0.052
[5217.4s] epoch 125 step 98700 avg_loss=0.048
[5219.7s] epoch 125 step 98750 avg_loss=0.046
[5222.0s] epoch 125 step 98800 avg_loss=0.044
[5224.5s] epoch 125 step 98850 avg_loss=0.042
[5226.7s] epoch 125 step 98900 avg_loss=0.041
[5229.1s] epoch 125 step 98950 avg_loss=0.042
[5231.4s] epoch 125 step 99000 avg_loss=0.042
[5234.0s] epoch 125 step 99050 avg_loss=0.042
[5236.2s] epoch 125 step 99100 avg_loss=0.042
[5238.4s] epoch 125 step 99150 avg_loss=0.042
[5240.9s] epoch 125 step 99200 avg_loss=0.043
[5243.2s] epoch 125 step 99250 avg_loss=0.044
[5245.1s] === epoch 125 done: avg_loss=0.043 (n=788 derivations) ===
[5245.9s] epoch 126 step 99300 avg_loss=0.036
[5248.3s] epoch 126 step 99350 avg_loss=0.032
[5250.9s] epoch 126 step 99400 avg_loss=0.033
[5253.5s] epoch 126 step 99450 avg_loss=0.037
[5256.0s] epoch 126 step 99500 avg_loss=0.039
[5258.5s] epoch 126 step 99550 avg_loss=0.043
[5261.0s] epoch 126 step 99600 avg_loss=0.043
[5263.6s] epoch 126 step 99650 avg_loss=0.042
[5266.0s] epoch 126 step 99700 avg_loss=0.042
[5268.4s] epoch 126 step 99750 avg_loss=0.041
[5270.9s] epoch 126 step 99800 avg_loss=0.041
[5273.4s] epoch 126 step 99850 avg_loss=0.042
[5275.8s] epoch 126 step 99900 avg_loss=0.042
[5278.2s] epoch 126 step 99950 avg_loss=0.042
[5280.6s] epoch 126 step 100000 avg_loss=0.042
[5282.7s] epoch 126 step 100050 avg_loss=0.042
[5283.9s] === epoch 126 done: avg_loss=0.042 (n=788 derivations) ===
[5285.0s] epoch 127 step 100100 avg_loss=0.033
[5287.5s] epoch 127 step 100150 avg_loss=0.056
[5290.0s] epoch 127 step 100200 avg_loss=0.052
[5292.1s] epoch 127 step 100250 avg_loss=0.045
[5294.3s] epoch 127 step 100300 avg_loss=0.042
[5296.5s] epoch 127 step 100350 avg_loss=0.045
[5298.7s] epoch 127 step 100400 avg_loss=0.048
[5300.8s] epoch 127 step 100450 avg_loss=0.046
[5303.2s] epoch 127 step 100500 avg_loss=0.045
[5305.3s] epoch 127 step 100550 avg_loss=0.043
[5308.0s] epoch 127 step 100600 avg_loss=0.045
[5310.3s] epoch 127 step 100650 avg_loss=0.043
[5312.8s] epoch 127 step 100700 avg_loss=0.042
[5315.1s] epoch 127 step 100750 avg_loss=0.041
[5318.0s] epoch 127 step 100800 avg_loss=0.042
[5320.3s] epoch 127 step 100850 avg_loss=0.041
[5321.0s] === epoch 127 done: avg_loss=0.041 (n=788 derivations) ===
[5322.9s] epoch 128 step 100900 avg_loss=0.070
[5325.4s] epoch 128 step 100950 avg_loss=0.063
[5327.9s] epoch 128 step 101000 avg_loss=0.056
[5330.0s] epoch 128 step 101050 avg_loss=0.050
[5332.4s] epoch 128 step 101100 avg_loss=0.049
[5334.8s] epoch 128 step 101150 avg_loss=0.044
[5336.8s] epoch 128 step 101200 avg_loss=0.043
[5339.2s] epoch 128 step 101250 avg_loss=0.042
[5341.5s] epoch 128 step 101300 avg_loss=0.044
[5343.8s] epoch 128 step 101350 avg_loss=0.045
[5346.2s] epoch 128 step 101400 avg_loss=0.043
[5348.3s] epoch 128 step 101450 avg_loss=0.041
[5350.9s] epoch 128 step 101500 avg_loss=0.040
[5352.9s] epoch 128 step 101550 avg_loss=0.039
[5355.6s] epoch 128 step 101600 avg_loss=0.039
[5358.3s] epoch 128 step 101650 avg_loss=0.040
[5358.4s] === epoch 128 done: avg_loss=0.040 (n=788 derivations) ===
[5360.8s] epoch 129 step 101700 avg_loss=0.058
[5363.4s] epoch 129 step 101750 avg_loss=0.051
[5365.8s] epoch 129 step 101800 avg_loss=0.041
[5368.5s] epoch 129 step 101850 avg_loss=0.040
[5370.9s] epoch 129 step 101900 avg_loss=0.039
[5373.2s] epoch 129 step 101950 avg_loss=0.035
[5375.5s] epoch 129 step 102000 avg_loss=0.035
[5377.8s] epoch 129 step 102050 avg_loss=0.034
[5380.4s] epoch 129 step 102100 avg_loss=0.036
[5382.6s] epoch 129 step 102150 avg_loss=0.035
[5384.9s] epoch 129 step 102200 avg_loss=0.035
[5387.4s] epoch 129 step 102250 avg_loss=0.038
[5390.3s] epoch 129 step 102300 avg_loss=0.040
[5392.9s] epoch 129 step 102350 avg_loss=0.039
[5395.8s] epoch 129 step 102400 avg_loss=0.039
[5398.2s] === epoch 129 done: avg_loss=0.039 (n=788 derivations) ===
[5398.8s] epoch 130 step 102450 avg_loss=0.014
[5401.2s] epoch 130 step 102500 avg_loss=0.034
[5403.6s] epoch 130 step 102550 avg_loss=0.031
[5406.3s] epoch 130 step 102600 avg_loss=0.030
[5408.7s] epoch 130 step 102650 avg_loss=0.032
[5410.8s] epoch 130 step 102700 avg_loss=0.030
[5413.2s] epoch 130 step 102750 avg_loss=0.032
[5415.4s] epoch 130 step 102800 avg_loss=0.032
[5418.0s] epoch 130 step 102850 avg_loss=0.033
[5420.6s] epoch 130 step 102900 avg_loss=0.035
[5423.0s] epoch 130 step 102950 avg_loss=0.035
[5425.9s] epoch 130 step 103000 avg_loss=0.039
[5428.5s] epoch 130 step 103050 avg_loss=0.038
[5431.1s] epoch 130 step 103100 avg_loss=0.037
[5433.8s] epoch 130 step 103150 avg_loss=0.037
[5436.4s] epoch 130 step 103200 avg_loss=0.038
[5437.9s] === epoch 130 done: avg_loss=0.038 (n=788 derivations) ===
[5439.2s] epoch 131 step 103250 avg_loss=0.021
[5441.8s] epoch 131 step 103300 avg_loss=0.025
[5444.2s] epoch 131 step 103350 avg_loss=0.027
[5446.7s] epoch 131 step 103400 avg_loss=0.031
[5448.9s] epoch 131 step 103450 avg_loss=0.030
[5451.2s] epoch 131 step 103500 avg_loss=0.029
[5453.6s] epoch 131 step 103550 avg_loss=0.030
[5456.3s] epoch 131 step 103600 avg_loss=0.033
[5458.8s] epoch 131 step 103650 avg_loss=0.034
[5461.5s] epoch 131 step 103700 avg_loss=0.035
[5464.1s] epoch 131 step 103750 avg_loss=0.035
[5466.5s] epoch 131 step 103800 avg_loss=0.034
[5469.1s] epoch 131 step 103850 avg_loss=0.035
[5471.7s] epoch 131 step 103900 avg_loss=0.035
[5474.2s] epoch 131 step 103950 avg_loss=0.037
[5476.5s] epoch 131 step 104000 avg_loss=0.037
[5477.2s] === epoch 131 done: avg_loss=0.037 (n=788 derivations) ===
[5478.6s] epoch 132 step 104050 avg_loss=0.032
[5481.0s] epoch 132 step 104100 avg_loss=0.028
[5483.1s] epoch 132 step 104150 avg_loss=0.036
[5485.9s] epoch 132 step 104200 avg_loss=0.038
[5488.4s] epoch 132 step 104250 avg_loss=0.035
[5490.9s] epoch 132 step 104300 avg_loss=0.035
[5493.8s] epoch 132 step 104350 avg_loss=0.035
[5496.2s] epoch 132 step 104400 avg_loss=0.036
[5498.8s] epoch 132 step 104450 avg_loss=0.037
[5501.4s] epoch 132 step 104500 avg_loss=0.038
[5503.7s] epoch 132 step 104550 avg_loss=0.038
[5506.4s] epoch 132 step 104600 avg_loss=0.038
[5509.0s] epoch 132 step 104650 avg_loss=0.037
[5511.8s] epoch 132 step 104700 avg_loss=0.037
[5514.4s] epoch 132 step 104750 avg_loss=0.037
[5517.2s] epoch 132 step 104800 avg_loss=0.036
[5517.4s] === epoch 132 done: avg_loss=0.036 (n=788 derivations) ===
[5519.8s] epoch 133 step 104850 avg_loss=0.024
[5522.5s] epoch 133 step 104900 avg_loss=0.025
[5525.0s] epoch 133 step 104950 avg_loss=0.026
[5528.1s] epoch 133 step 105000 avg_loss=0.030
[5530.6s] epoch 133 step 105050 avg_loss=0.030
[5533.7s] epoch 133 step 105100 avg_loss=0.032
[5536.5s] epoch 133 step 105150 avg_loss=0.032
[5539.2s] epoch 133 step 105200 avg_loss=0.032
[5542.1s] epoch 133 step 105250 avg_loss=0.034
[5544.6s] epoch 133 step 105300 avg_loss=0.036
[5547.0s] epoch 133 step 105350 avg_loss=0.036
[5549.3s] epoch 133 step 105400 avg_loss=0.034
[5551.7s] epoch 133 step 105450 avg_loss=0.035
[5554.0s] epoch 133 step 105500 avg_loss=0.035
[5556.7s] epoch 133 step 105550 avg_loss=0.035
[5558.9s] === epoch 133 done: avg_loss=0.035 (n=788 derivations) ===
[5559.3s] epoch 134 step 105600 avg_loss=0.072
[5561.9s] epoch 134 step 105650 avg_loss=0.036
[5564.4s] epoch 134 step 105700 avg_loss=0.034
[5566.8s] epoch 134 step 105750 avg_loss=0.035
[5569.6s] epoch 134 step 105800 avg_loss=0.034
[5572.1s] epoch 134 step 105850 avg_loss=0.032
[5575.0s] epoch 134 step 105900 avg_loss=0.033
[5577.3s] epoch 134 step 105950 avg_loss=0.033
[5579.8s] epoch 134 step 106000 avg_loss=0.033
[5582.4s] epoch 134 step 106050 avg_loss=0.033
[5585.1s] epoch 134 step 106100 avg_loss=0.032
[5587.5s] epoch 134 step 106150 avg_loss=0.032
[5590.8s] epoch 134 step 106200 avg_loss=0.034
[5594.0s] epoch 134 step 106250 avg_loss=0.034
[5596.7s] epoch 134 step 106300 avg_loss=0.034
[5599.7s] epoch 134 step 106350 avg_loss=0.035
[5601.2s] === epoch 134 done: avg_loss=0.034 (n=788 derivations) ===
[5602.3s] epoch 135 step 106400 avg_loss=0.044
[5605.1s] epoch 135 step 106450 avg_loss=0.035
[5607.9s] epoch 135 step 106500 avg_loss=0.039
[5610.9s] epoch 135 step 106550 avg_loss=0.041
[5613.5s] epoch 135 step 106600 avg_loss=0.039
[5616.2s] epoch 135 step 106650 avg_loss=0.037
[5618.5s] epoch 135 step 106700 avg_loss=0.036
[5621.4s] epoch 135 step 106750 avg_loss=0.035
[5624.0s] epoch 135 step 106800 avg_loss=0.035
[5626.3s] epoch 135 step 106850 avg_loss=0.034
[5628.9s] epoch 135 step 106900 avg_loss=0.033
[5631.6s] epoch 135 step 106950 avg_loss=0.034
[5634.1s] epoch 135 step 107000 avg_loss=0.033
[5636.5s] epoch 135 step 107050 avg_loss=0.033
[5639.0s] epoch 135 step 107100 avg_loss=0.032
[5641.9s] epoch 135 step 107150 avg_loss=0.034
[5643.0s] === epoch 135 done: avg_loss=0.034 (n=788 derivations) ===
[5644.7s] epoch 136 step 107200 avg_loss=0.044
[5647.3s] epoch 136 step 107250 avg_loss=0.033
[5650.3s] epoch 136 step 107300 avg_loss=0.038
[5652.9s] epoch 136 step 107350 avg_loss=0.035
[5655.7s] epoch 136 step 107400 avg_loss=0.033
[5658.8s] epoch 136 step 107450 avg_loss=0.032
[5661.7s] epoch 136 step 107500 avg_loss=0.032
[5664.5s] epoch 136 step 107550 avg_loss=0.033
[5667.5s] epoch 136 step 107600 avg_loss=0.035
[5670.3s] epoch 136 step 107650 avg_loss=0.034
[5673.3s] epoch 136 step 107700 avg_loss=0.034
[5676.0s] epoch 136 step 107750 avg_loss=0.033
[5678.8s] epoch 136 step 107800 avg_loss=0.033
[5681.5s] epoch 136 step 107850 avg_loss=0.032
[5684.0s] epoch 136 step 107900 avg_loss=0.033
[5686.3s] epoch 136 step 107950 avg_loss=0.033
[5686.6s] === epoch 136 done: avg_loss=0.033 (n=788 derivations) ===
[5689.1s] epoch 137 step 108000 avg_loss=0.029
[5692.0s] epoch 137 step 108050 avg_loss=0.023
[5694.4s] epoch 137 step 108100 avg_loss=0.026
[5697.4s] epoch 137 step 108150 avg_loss=0.035
[5700.0s] epoch 137 step 108200 avg_loss=0.036
[5702.7s] epoch 137 step 108250 avg_loss=0.034
[5705.3s] epoch 137 step 108300 avg_loss=0.034
[5708.4s] epoch 137 step 108350 avg_loss=0.035
[5710.8s] epoch 137 step 108400 avg_loss=0.035
[5713.5s] epoch 137 step 108450 avg_loss=0.033
[5716.3s] epoch 137 step 108500 avg_loss=0.034
[5718.6s] epoch 137 step 108550 avg_loss=0.033
[5721.1s] epoch 137 step 108600 avg_loss=0.032
[5723.3s] epoch 137 step 108650 avg_loss=0.032
[5725.8s] epoch 137 step 108700 avg_loss=0.032
[5727.9s] === epoch 137 done: avg_loss=0.032 (n=788 derivations) ===
[5728.1s] epoch 138 step 108750 avg_loss=0.018
[5730.6s] epoch 138 step 108800 avg_loss=0.025
[5733.2s] epoch 138 step 108850 avg_loss=0.034
[5735.7s] epoch 138 step 108900 avg_loss=0.033
[5738.5s] epoch 138 step 108950 avg_loss=0.036
[5741.6s] epoch 138 step 109000 avg_loss=0.036
[5744.3s] epoch 138 step 109050 avg_loss=0.035
[5747.4s] epoch 138 step 109100 avg_loss=0.035
[5750.5s] epoch 138 step 109150 avg_loss=0.037
[5752.9s] epoch 138 step 109200 avg_loss=0.035
[5755.7s] epoch 138 step 109250 avg_loss=0.036
[5758.0s] epoch 138 step 109300 avg_loss=0.034
[5760.6s] epoch 138 step 109350 avg_loss=0.034
[5763.3s] epoch 138 step 109400 avg_loss=0.033
[5766.1s] epoch 138 step 109450 avg_loss=0.032
[5769.1s] epoch 138 step 109500 avg_loss=0.032
[5771.2s] === epoch 138 done: avg_loss=0.031 (n=788 derivations) ===
[5772.4s] epoch 139 step 109550 avg_loss=0.032
[5775.3s] epoch 139 step 109600 avg_loss=0.039
[5778.6s] epoch 139 step 109650 avg_loss=0.038
[5781.3s] epoch 139 step 109700 avg_loss=0.032
[5783.7s] epoch 139 step 109750 avg_loss=0.029
[5786.4s] epoch 139 step 109800 avg_loss=0.028
[5789.0s] epoch 139 step 109850 avg_loss=0.028
[5791.7s] epoch 139 step 109900 avg_loss=0.028
[5794.3s] epoch 139 step 109950 avg_loss=0.027
[5797.5s] epoch 139 step 110000 avg_loss=0.028
[5800.5s] epoch 139 step 110050 avg_loss=0.030
[5803.0s] epoch 139 step 110100 avg_loss=0.029
[5805.8s] epoch 139 step 110150 avg_loss=0.031
[5808.3s] epoch 139 step 110200 avg_loss=0.032
[5810.7s] epoch 139 step 110250 avg_loss=0.031
[5813.0s] epoch 139 step 110300 avg_loss=0.031
[5813.8s] === epoch 139 done: avg_loss=0.031 (n=788 derivations) ===
[5815.0s] epoch 140 step 110350 avg_loss=0.027
[5817.4s] epoch 140 step 110400 avg_loss=0.032
[5820.1s] epoch 140 step 110450 avg_loss=0.034
[5822.6s] epoch 140 step 110500 avg_loss=0.038
[5824.7s] epoch 140 step 110550 avg_loss=0.034
[5827.1s] epoch 140 step 110600 avg_loss=0.034
[5829.7s] epoch 140 step 110650 avg_loss=0.034
[5831.9s] epoch 140 step 110700 avg_loss=0.032
[5834.1s] epoch 140 step 110750 avg_loss=0.031
[5837.0s] epoch 140 step 110800 avg_loss=0.031
[5839.2s] epoch 140 step 110850 avg_loss=0.031
[5842.2s] epoch 140 step 110900 avg_loss=0.032
[5844.6s] epoch 140 step 110950 avg_loss=0.031
[5847.1s] epoch 140 step 111000 avg_loss=0.030
[5849.3s] epoch 140 step 111050 avg_loss=0.030
[5851.7s] epoch 140 step 111100 avg_loss=0.030
[5852.0s] === epoch 140 done: avg_loss=0.030 (n=788 derivations) ===
[5854.2s] epoch 141 step 111150 avg_loss=0.043
[5856.8s] epoch 141 step 111200 avg_loss=0.035
[5859.3s] epoch 141 step 111250 avg_loss=0.034
[5861.6s] epoch 141 step 111300 avg_loss=0.031
[5863.7s] epoch 141 step 111350 avg_loss=0.029
[5866.1s] epoch 141 step 111400 avg_loss=0.029
[5868.3s] epoch 141 step 111450 avg_loss=0.028
[5871.1s] epoch 141 step 111500 avg_loss=0.028
[5874.4s] epoch 141 step 111550 avg_loss=0.028
[5877.1s] epoch 141 step 111600 avg_loss=0.028
[5880.0s] epoch 141 step 111650 avg_loss=0.028
[5883.0s] epoch 141 step 111700 avg_loss=0.029
[5885.9s] epoch 141 step 111750 avg_loss=0.028
[5888.5s] epoch 141 step 111800 avg_loss=0.028
[5891.2s] epoch 141 step 111850 avg_loss=0.029
[5894.1s] === epoch 141 done: avg_loss=0.029 (n=788 derivations) ===
[5894.3s] epoch 142 step 111900 avg_loss=0.037
[5896.8s] epoch 142 step 111950 avg_loss=0.040
[5899.1s] epoch 142 step 112000 avg_loss=0.029
[5901.8s] epoch 142 step 112050 avg_loss=0.027
[5904.9s] epoch 142 step 112100 avg_loss=0.025
[5907.3s] epoch 142 step 112150 avg_loss=0.025
[5909.9s] epoch 142 step 112200 avg_loss=0.025
[5912.1s] epoch 142 step 112250 avg_loss=0.027
[5914.7s] epoch 142 step 112300 avg_loss=0.027
[5917.3s] epoch 142 step 112350 avg_loss=0.029
[5919.6s] epoch 142 step 112400 avg_loss=0.029
[5921.9s] epoch 142 step 112450 avg_loss=0.029
[5924.3s] epoch 142 step 112500 avg_loss=0.029
[5926.7s] epoch 142 step 112550 avg_loss=0.030
[5929.1s] epoch 142 step 112600 avg_loss=0.029
[5931.4s] epoch 142 step 112650 avg_loss=0.028
[5933.1s] === epoch 142 done: avg_loss=0.029 (n=788 derivations) ===
[5933.9s] epoch 143 step 112700 avg_loss=0.017
[5936.3s] epoch 143 step 112750 avg_loss=0.017
[5938.3s] epoch 143 step 112800 avg_loss=0.020
[5941.0s] epoch 143 step 112850 avg_loss=0.023
[5943.1s] epoch 143 step 112900 avg_loss=0.022
[5945.4s] epoch 143 step 112950 avg_loss=0.021
[5948.2s] epoch 143 step 113000 avg_loss=0.026
[5950.4s] epoch 143 step 113050 avg_loss=0.025
[5952.8s] epoch 143 step 113100 avg_loss=0.026
[5955.6s] epoch 143 step 113150 avg_loss=0.027
[5958.4s] epoch 143 step 113200 avg_loss=0.026
[5961.0s] epoch 143 step 113250 avg_loss=0.027
[5964.1s] epoch 143 step 113300 avg_loss=0.026
[5966.6s] epoch 143 step 113350 avg_loss=0.026
[5969.2s] epoch 143 step 113400 avg_loss=0.026
[5972.2s] epoch 143 step 113450 avg_loss=0.028
[5973.6s] === epoch 143 done: avg_loss=0.028 (n=788 derivations) ===
[5975.1s] epoch 144 step 113500 avg_loss=0.022
[5978.0s] epoch 144 step 113550 avg_loss=0.023
[5980.6s] epoch 144 step 113600 avg_loss=0.028
[5982.7s] epoch 144 step 113650 avg_loss=0.026
[5985.0s] epoch 144 step 113700 avg_loss=0.026
[5988.3s] epoch 144 step 113750 avg_loss=0.027
[5991.3s] epoch 144 step 113800 avg_loss=0.026
[5994.1s] epoch 144 step 113850 avg_loss=0.026
[5996.9s] epoch 144 step 113900 avg_loss=0.027
[5999.5s] epoch 144 step 113950 avg_loss=0.026
[6002.3s] epoch 144 step 114000 avg_loss=0.026
[6005.0s] epoch 144 step 114050 avg_loss=0.028
[6007.6s] epoch 144 step 114100 avg_loss=0.028
[6010.2s] epoch 144 step 114150 avg_loss=0.028
[6012.8s] epoch 144 step 114200 avg_loss=0.028
[6015.4s] epoch 144 step 114250 avg_loss=0.027
[6015.8s] === epoch 144 done: avg_loss=0.027 (n=788 derivations) ===
[6017.9s] epoch 145 step 114300 avg_loss=0.045
[6020.7s] epoch 145 step 114350 avg_loss=0.033
[6023.4s] epoch 145 step 114400 avg_loss=0.032
[6026.0s] epoch 145 step 114450 avg_loss=0.033
[6028.6s] epoch 145 step 114500 avg_loss=0.030
[6030.6s] epoch 145 step 114550 avg_loss=0.028
[6032.8s] epoch 145 step 114600 avg_loss=0.026
[6035.1s] epoch 145 step 114650 avg_loss=0.025
[6037.7s] epoch 145 step 114700 avg_loss=0.027
[6040.5s] epoch 145 step 114750 avg_loss=0.027
[6042.7s] epoch 145 step 114800 avg_loss=0.027
[6044.8s] epoch 145 step 114850 avg_loss=0.026
[6047.1s] epoch 145 step 114900 avg_loss=0.026
[6049.5s] epoch 145 step 114950 avg_loss=0.026
[6051.7s] epoch 145 step 115000 avg_loss=0.026
[6053.9s] === epoch 145 done: avg_loss=0.027 (n=788 derivations) ===
[6054.0s] epoch 146 step 115050 avg_loss=0.008
[6056.6s] epoch 146 step 115100 avg_loss=0.027
[6059.7s] epoch 146 step 115150 avg_loss=0.034
[6062.9s] epoch 146 step 115200 avg_loss=0.037
[6066.0s] epoch 146 step 115250 avg_loss=0.033
[6068.9s] epoch 146 step 115300 avg_loss=0.032
[6071.4s] epoch 146 step 115350 avg_loss=0.029
[6073.9s] epoch 146 step 115400 avg_loss=0.028
[6076.4s] epoch 146 step 115450 avg_loss=0.028
[6079.1s] epoch 146 step 115500 avg_loss=0.028
[6081.9s] epoch 146 step 115550 avg_loss=0.027
[6084.4s] epoch 146 step 115600 avg_loss=0.026
[6086.8s] epoch 146 step 115650 avg_loss=0.026
[6089.1s] epoch 146 step 115700 avg_loss=0.026
[6091.9s] epoch 146 step 115750 avg_loss=0.027
[6094.6s] epoch 146 step 115800 avg_loss=0.026
[6096.3s] === epoch 146 done: avg_loss=0.026 (n=788 derivations) ===
[6097.0s] epoch 147 step 115850 avg_loss=0.021
[6099.9s] epoch 147 step 115900 avg_loss=0.033
[6102.5s] epoch 147 step 115950 avg_loss=0.033
[6105.2s] epoch 147 step 116000 avg_loss=0.029
[6107.6s] epoch 147 step 116050 avg_loss=0.028
[6110.6s] epoch 147 step 116100 avg_loss=0.026
[6113.3s] epoch 147 step 116150 avg_loss=0.025
[6116.3s] epoch 147 step 116200 avg_loss=0.026
[6118.7s] epoch 147 step 116250 avg_loss=0.027
[6121.1s] epoch 147 step 116300 avg_loss=0.026
[6123.5s] epoch 147 step 116350 avg_loss=0.025
[6125.7s] epoch 147 step 116400 avg_loss=0.025
[6128.2s] epoch 147 step 116450 avg_loss=0.025
[6130.4s] epoch 147 step 116500 avg_loss=0.025
[6132.8s] epoch 147 step 116550 avg_loss=0.025
[6135.4s] epoch 147 step 116600 avg_loss=0.025
[6136.6s] === epoch 147 done: avg_loss=0.026 (n=788 derivations) ===
[6137.7s] epoch 148 step 116650 avg_loss=0.021
[6140.1s] epoch 148 step 116700 avg_loss=0.019
[6142.9s] epoch 148 step 116750 avg_loss=0.021
[6145.5s] epoch 148 step 116800 avg_loss=0.022
[6148.1s] epoch 148 step 116850 avg_loss=0.025
[6150.9s] epoch 148 step 116900 avg_loss=0.024
[6153.9s] epoch 148 step 116950 avg_loss=0.025
[6156.6s] epoch 148 step 117000 avg_loss=0.025
[6159.3s] epoch 148 step 117050 avg_loss=0.025
[6162.2s] epoch 148 step 117100 avg_loss=0.026
[6164.5s] epoch 148 step 117150 avg_loss=0.026
[6167.0s] epoch 148 step 117200 avg_loss=0.026
[6169.4s] epoch 148 step 117250 avg_loss=0.026
[6171.8s] epoch 148 step 117300 avg_loss=0.026
[6174.3s] epoch 148 step 117350 avg_loss=0.025
[6177.3s] epoch 148 step 117400 avg_loss=0.025
[6177.8s] === epoch 148 done: avg_loss=0.025 (n=788 derivations) ===
[6179.8s] epoch 149 step 117450 avg_loss=0.021
[6182.6s] epoch 149 step 117500 avg_loss=0.028
[6185.5s] epoch 149 step 117550 avg_loss=0.024
[6188.1s] epoch 149 step 117600 avg_loss=0.024
[6190.9s] epoch 149 step 117650 avg_loss=0.023
[6194.1s] epoch 149 step 117700 avg_loss=0.025
[6196.7s] epoch 149 step 117750 avg_loss=0.025
[6199.2s] epoch 149 step 117800 avg_loss=0.024
[6201.7s] epoch 149 step 117850 avg_loss=0.025
[6204.3s] epoch 149 step 117900 avg_loss=0.025
[6206.4s] epoch 149 step 117950 avg_loss=0.025
[6208.8s] epoch 149 step 118000 avg_loss=0.025
[6210.9s] epoch 149 step 118050 avg_loss=0.025
[6213.3s] epoch 149 step 118100 avg_loss=0.025
[6215.5s] epoch 149 step 118150 avg_loss=0.025
[6217.7s] epoch 149 step 118200 avg_loss=0.024
[6217.7s] === epoch 149 done: avg_loss=0.024 (n=788 derivations) ===
[6220.1s] epoch 150 step 118250 avg_loss=0.015
[6222.5s] epoch 150 step 118300 avg_loss=0.025
[6224.7s] epoch 150 step 118350 avg_loss=0.023
[6227.1s] epoch 150 step 118400 avg_loss=0.023
[6229.4s] epoch 150 step 118450 avg_loss=0.024
[6231.8s] epoch 150 step 118500 avg_loss=0.024
[6234.4s] epoch 150 step 118550 avg_loss=0.023
[6236.7s] epoch 150 step 118600 avg_loss=0.025
[6238.9s] epoch 150 step 118650 avg_loss=0.024
[6241.2s] epoch 150 step 118700 avg_loss=0.024
[6243.3s] epoch 150 step 118750 avg_loss=0.024
[6245.6s] epoch 150 step 118800 avg_loss=0.024
[6248.1s] epoch 150 step 118850 avg_loss=0.024
[6250.5s] epoch 150 step 118900 avg_loss=0.024
[6252.8s] epoch 150 step 118950 avg_loss=0.024
[6254.8s] === epoch 150 done: avg_loss=0.024 (n=788 derivations) ===
[6255.4s] epoch 151 step 119000 avg_loss=0.023
[6258.1s] epoch 151 step 119050 avg_loss=0.021
[6260.7s] epoch 151 step 119100 avg_loss=0.023
[6263.4s] epoch 151 step 119150 avg_loss=0.023
[6266.0s] epoch 151 step 119200 avg_loss=0.023
[6268.5s] epoch 151 step 119250 avg_loss=0.024
[6270.9s] epoch 151 step 119300 avg_loss=0.023
[6273.8s] epoch 151 step 119350 avg_loss=0.023
[6276.3s] epoch 151 step 119400 avg_loss=0.022
[6278.8s] epoch 151 step 119450 avg_loss=0.024
[6281.5s] epoch 151 step 119500 avg_loss=0.024
[6284.2s] epoch 151 step 119550 avg_loss=0.024
[6286.9s] epoch 151 step 119600 avg_loss=0.024
[6289.6s] epoch 151 step 119650 avg_loss=0.024
[6292.1s] epoch 151 step 119700 avg_loss=0.023
[6294.7s] epoch 151 step 119750 avg_loss=0.023
[6296.0s] === epoch 151 done: avg_loss=0.023 (n=788 derivations) ===
[6297.3s] epoch 152 step 119800 avg_loss=0.028
[6300.0s] epoch 152 step 119850 avg_loss=0.020
[6302.7s] epoch 152 step 119900 avg_loss=0.024
[6305.4s] epoch 152 step 119950 avg_loss=0.027
[6307.6s] epoch 152 step 120000 avg_loss=0.026
[6309.9s] epoch 152 step 120050 avg_loss=0.026
[6312.6s] epoch 152 step 120100 avg_loss=0.025
[6314.9s] epoch 152 step 120150 avg_loss=0.024
[6317.6s] epoch 152 step 120200 avg_loss=0.024
[6320.1s] epoch 152 step 120250 avg_loss=0.023
[6322.7s] epoch 152 step 120300 avg_loss=0.024
[6325.1s] epoch 152 step 120350 avg_loss=0.023
[6327.3s] epoch 152 step 120400 avg_loss=0.023
[6329.8s] epoch 152 step 120450 avg_loss=0.024
[6332.2s] epoch 152 step 120500 avg_loss=0.024
[6334.5s] epoch 152 step 120550 avg_loss=0.023
[6335.2s] === epoch 152 done: avg_loss=0.023 (n=788 derivations) ===
[6336.7s] epoch 153 step 120600 avg_loss=0.026
[6338.9s] epoch 153 step 120650 avg_loss=0.023
[6341.4s] epoch 153 step 120700 avg_loss=0.020
[6343.9s] epoch 153 step 120750 avg_loss=0.027
[6346.5s] epoch 153 step 120800 avg_loss=0.027
[6349.2s] epoch 153 step 120850 avg_loss=0.026
[6351.6s] epoch 153 step 120900 avg_loss=0.025
[6354.2s] epoch 153 step 120950 avg_loss=0.024
[6357.2s] epoch 153 step 121000 avg_loss=0.023
[6359.6s] epoch 153 step 121050 avg_loss=0.023
[6362.2s] epoch 153 step 121100 avg_loss=0.023
[6364.7s] epoch 153 step 121150 avg_loss=0.023
[6367.2s] epoch 153 step 121200 avg_loss=0.024
[6369.5s] epoch 153 step 121250 avg_loss=0.023
[6372.3s] epoch 153 step 121300 avg_loss=0.023
[6374.7s] epoch 153 step 121350 avg_loss=0.022
[6374.8s] === epoch 153 done: avg_loss=0.022 (n=788 derivations) ===
[6377.6s] epoch 154 step 121400 avg_loss=0.021
[6380.8s] epoch 154 step 121450 avg_loss=0.024
[6383.8s] epoch 154 step 121500 avg_loss=0.023
[6386.5s] epoch 154 step 121550 avg_loss=0.025
[6388.8s] epoch 154 step 121600 avg_loss=0.025
[6391.6s] epoch 154 step 121650 avg_loss=0.026
[6394.4s] epoch 154 step 121700 avg_loss=0.026
[6396.7s] epoch 154 step 121750 avg_loss=0.024
[6399.2s] epoch 154 step 121800 avg_loss=0.025
[6401.6s] epoch 154 step 121850 avg_loss=0.025
[6404.2s] epoch 154 step 121900 avg_loss=0.024
[6406.4s] epoch 154 step 121950 avg_loss=0.023
[6408.7s] epoch 154 step 122000 avg_loss=0.023
[6411.0s] epoch 154 step 122050 avg_loss=0.023
[6413.2s] epoch 154 step 122100 avg_loss=0.022
[6415.1s] === epoch 154 done: avg_loss=0.022 (n=788 derivations) ===
[6415.5s] epoch 155 step 122150 avg_loss=0.023
[6417.8s] epoch 155 step 122200 avg_loss=0.025
[6420.1s] epoch 155 step 122250 avg_loss=0.020
[6422.5s] epoch 155 step 122300 avg_loss=0.023
[6425.2s] epoch 155 step 122350 avg_loss=0.024
[6427.3s] epoch 155 step 122400 avg_loss=0.022
[6429.6s] epoch 155 step 122450 avg_loss=0.021
[6432.2s] epoch 155 step 122500 avg_loss=0.022
[6434.9s] epoch 155 step 122550 avg_loss=0.022
[6437.5s] epoch 155 step 122600 avg_loss=0.021
[6440.1s] epoch 155 step 122650 avg_loss=0.022
[6442.8s] epoch 155 step 122700 avg_loss=0.022
[6445.0s] epoch 155 step 122750 avg_loss=0.022
[6447.2s] epoch 155 step 122800 avg_loss=0.021
[6449.2s] epoch 155 step 122850 avg_loss=0.022
[6451.6s] epoch 155 step 122900 avg_loss=0.022
[6453.1s] === epoch 155 done: avg_loss=0.022 (n=788 derivations) ===
[6454.2s] epoch 156 step 122950 avg_loss=0.010
[6456.9s] epoch 156 step 123000 avg_loss=0.021
[6459.6s] epoch 156 step 123050 avg_loss=0.022
[6462.2s] epoch 156 step 123100 avg_loss=0.023
[6465.1s] epoch 156 step 123150 avg_loss=0.022
[6467.5s] epoch 156 step 123200 avg_loss=0.022
[6469.7s] epoch 156 step 123250 avg_loss=0.021
[6471.9s] epoch 156 step 123300 avg_loss=0.020
[6474.4s] epoch 156 step 123350 avg_loss=0.021
[6477.2s] epoch 156 step 123400 avg_loss=0.021
[6479.6s] epoch 156 step 123450 avg_loss=0.021
[6481.8s] epoch 156 step 123500 avg_loss=0.020
[6484.5s] epoch 156 step 123550 avg_loss=0.020
[6486.8s] epoch 156 step 123600 avg_loss=0.020
[6489.0s] epoch 156 step 123650 avg_loss=0.020
[6491.6s] epoch 156 step 123700 avg_loss=0.021
[6492.3s] === epoch 156 done: avg_loss=0.021 (n=788 derivations) ===
[6494.1s] epoch 157 step 123750 avg_loss=0.023
[6496.5s] epoch 157 step 123800 avg_loss=0.016
[6499.0s] epoch 157 step 123850 avg_loss=0.015
[6501.3s] epoch 157 step 123900 avg_loss=0.017
[6503.8s] epoch 157 step 123950 avg_loss=0.019
[6506.6s] epoch 157 step 124000 avg_loss=0.022
[6508.7s] epoch 157 step 124050 avg_loss=0.022
[6511.1s] epoch 157 step 124100 avg_loss=0.021
[6513.5s] epoch 157 step 124150 avg_loss=0.022
[6515.7s] epoch 157 step 124200 avg_loss=0.022
[6518.3s] epoch 157 step 124250 avg_loss=0.023
[6521.0s] epoch 157 step 124300 avg_loss=0.022
[6523.6s] epoch 157 step 124350 avg_loss=0.022
[6526.5s] epoch 157 step 124400 avg_loss=0.021
[6529.4s] epoch 157 step 124450 avg_loss=0.021
[6531.8s] epoch 157 step 124500 avg_loss=0.021
[6531.9s] === epoch 157 done: avg_loss=0.021 (n=788 derivations) ===
[6534.3s] epoch 158 step 124550 avg_loss=0.019
[6537.1s] epoch 158 step 124600 avg_loss=0.021
[6539.4s] epoch 158 step 124650 avg_loss=0.019
[6541.9s] epoch 158 step 124700 avg_loss=0.022
[6544.0s] epoch 158 step 124750 avg_loss=0.020
[6546.5s] epoch 158 step 124800 avg_loss=0.020
[6548.9s] epoch 158 step 124850 avg_loss=0.020
[6551.5s] epoch 158 step 124900 avg_loss=0.020
[6554.3s] epoch 158 step 124950 avg_loss=0.021
[6556.6s] epoch 158 step 125000 avg_loss=0.020
[6559.0s] epoch 158 step 125050 avg_loss=0.020
[6561.2s] epoch 158 step 125100 avg_loss=0.020
[6563.6s] epoch 158 step 125150 avg_loss=0.020
[6566.0s] epoch 158 step 125200 avg_loss=0.020
[6568.6s] epoch 158 step 125250 avg_loss=0.020
[6570.6s] === epoch 158 done: avg_loss=0.020 (n=788 derivations) ===
[6570.9s] epoch 159 step 125300 avg_loss=0.007
[6573.5s] epoch 159 step 125350 avg_loss=0.015
[6575.7s] epoch 159 step 125400 avg_loss=0.015
[6578.4s] epoch 159 step 125450 avg_loss=0.014
[6581.3s] epoch 159 step 125500 avg_loss=0.017
[6583.9s] epoch 159 step 125550 avg_loss=0.017
[6586.5s] epoch 159 step 125600 avg_loss=0.017
[6589.6s] epoch 159 step 125650 avg_loss=0.018
[6592.7s] epoch 159 step 125700 avg_loss=0.018
[6595.2s] epoch 159 step 125750 avg_loss=0.018
[6597.8s] epoch 159 step 125800 avg_loss=0.019
[6599.9s] epoch 159 step 125850 avg_loss=0.018
[6602.8s] epoch 159 step 125900 avg_loss=0.019
[6605.4s] epoch 159 step 125950 avg_loss=0.020
[6608.0s] epoch 159 step 126000 avg_loss=0.020
[6610.4s] epoch 159 step 126050 avg_loss=0.020
[6612.0s] === epoch 159 done: avg_loss=0.020 (n=788 derivations) ===
[6613.4s] epoch 160 step 126100 avg_loss=0.017
[6616.2s] epoch 160 step 126150 avg_loss=0.018
[6619.2s] epoch 160 step 126200 avg_loss=0.018
[6621.9s] epoch 160 step 126250 avg_loss=0.019
[6624.4s] epoch 160 step 126300 avg_loss=0.018
[6627.1s] epoch 160 step 126350 avg_loss=0.020
[6629.5s] epoch 160 step 126400 avg_loss=0.020
[6632.0s] epoch 160 step 126450 avg_loss=0.020
[6634.6s] epoch 160 step 126500 avg_loss=0.020
[6637.2s] epoch 160 step 126550 avg_loss=0.020
[6639.6s] epoch 160 step 126600 avg_loss=0.020
[6642.1s] epoch 160 step 126650 avg_loss=0.019
[6644.9s] epoch 160 step 126700 avg_loss=0.020
[6647.6s] epoch 160 step 126750 avg_loss=0.020
[6650.2s] epoch 160 step 126800 avg_loss=0.019
[6653.1s] epoch 160 step 126850 avg_loss=0.019
[6654.1s] === epoch 160 done: avg_loss=0.019 (n=788 derivations) ===
[6656.2s] epoch 161 step 126900 avg_loss=0.028
[6658.9s] epoch 161 step 126950 avg_loss=0.019
[6661.4s] epoch 161 step 127000 avg_loss=0.018
[6663.8s] epoch 161 step 127050 avg_loss=0.016
[6666.7s] epoch 161 step 127100 avg_loss=0.018
[6669.4s] epoch 161 step 127150 avg_loss=0.018
[6672.2s] epoch 161 step 127200 avg_loss=0.019
[6675.2s] epoch 161 step 127250 avg_loss=0.020
[6677.9s] epoch 161 step 127300 avg_loss=0.020
[6680.9s] epoch 161 step 127350 avg_loss=0.021
[6683.7s] epoch 161 step 127400 avg_loss=0.021
[6686.6s] epoch 161 step 127450 avg_loss=0.020
[6689.6s] epoch 161 step 127500 avg_loss=0.020
[6692.3s] epoch 161 step 127550 avg_loss=0.019
[6694.5s] epoch 161 step 127600 avg_loss=0.019
[6697.2s] epoch 161 step 127650 avg_loss=0.019
[6697.5s] === epoch 161 done: avg_loss=0.019 (n=788 derivations) ===
[6699.8s] epoch 162 step 127700 avg_loss=0.023
[6702.7s] epoch 162 step 127750 avg_loss=0.022
[6705.2s] epoch 162 step 127800 avg_loss=0.019
[6708.0s] epoch 162 step 127850 avg_loss=0.021
[6710.7s] epoch 162 step 127900 avg_loss=0.020
[6713.0s] epoch 162 step 127950 avg_loss=0.021
[6715.3s] epoch 162 step 128000 avg_loss=0.020
[6717.5s] epoch 162 step 128050 avg_loss=0.020
[6719.5s] epoch 162 step 128100 avg_loss=0.020
[6721.9s] epoch 162 step 128150 avg_loss=0.019
[6724.2s] epoch 162 step 128200 avg_loss=0.019
[6726.5s] epoch 162 step 128250 avg_loss=0.018
[6729.0s] epoch 162 step 128300 avg_loss=0.018
[6731.5s] epoch 162 step 128350 avg_loss=0.018
[6733.7s] epoch 162 step 128400 avg_loss=0.018
[6735.9s] === epoch 162 done: avg_loss=0.019 (n=788 derivations) ===
[6736.2s] epoch 163 step 128450 avg_loss=0.013
[6738.6s] epoch 163 step 128500 avg_loss=0.029
[6741.1s] epoch 163 step 128550 avg_loss=0.024
[6743.4s] epoch 163 step 128600 avg_loss=0.021
[6745.6s] epoch 163 step 128650 avg_loss=0.020
[6748.2s] epoch 163 step 128700 avg_loss=0.020
[6750.6s] epoch 163 step 128750 avg_loss=0.020
[6752.8s] epoch 163 step 128800 avg_loss=0.019
[6755.2s] epoch 163 step 128850 avg_loss=0.019
[6757.4s] epoch 163 step 128900 avg_loss=0.018
[6759.9s] epoch 163 step 128950 avg_loss=0.018
[6762.2s] epoch 163 step 129000 avg_loss=0.018
[6764.6s] epoch 163 step 129050 avg_loss=0.018
[6766.8s] epoch 163 step 129100 avg_loss=0.018
[6769.0s] epoch 163 step 129150 avg_loss=0.018
[6771.7s] epoch 163 step 129200 avg_loss=0.018
[6773.4s] === epoch 163 done: avg_loss=0.018 (n=788 derivations) ===
[6774.3s] epoch 164 step 129250 avg_loss=0.018
[6776.3s] epoch 164 step 129300 avg_loss=0.015
[6778.6s] epoch 164 step 129350 avg_loss=0.016
[6780.9s] epoch 164 step 129400 avg_loss=0.014
[6783.2s] epoch 164 step 129450 avg_loss=0.015
[6785.6s] epoch 164 step 129500 avg_loss=0.015
[6788.1s] epoch 164 step 129550 avg_loss=0.015
[6790.5s] epoch 164 step 129600 avg_loss=0.015
[6792.8s] epoch 164 step 129650 avg_loss=0.016
[6795.3s] epoch 164 step 129700 avg_loss=0.016
[6798.0s] epoch 164 step 129750 avg_loss=0.017
[6800.9s] epoch 164 step 129800 avg_loss=0.017
[6803.7s] epoch 164 step 129850 avg_loss=0.017
[6807.1s] epoch 164 step 129900 avg_loss=0.018
[6809.9s] epoch 164 step 129950 avg_loss=0.017
[6813.0s] epoch 164 step 130000 avg_loss=0.018
[6814.5s] === epoch 164 done: avg_loss=0.018 (n=788 derivations) ===
[6816.5s] epoch 165 step 130050 avg_loss=0.025
[6819.5s] epoch 165 step 130100 avg_loss=0.019
[6822.3s] epoch 165 step 130150 avg_loss=0.016
[6825.1s] epoch 165 step 130200 avg_loss=0.018
[6828.1s] epoch 165 step 130250 avg_loss=0.018
[6831.9s] epoch 165 step 130300 avg_loss=0.018
[6834.9s] epoch 165 step 130350 avg_loss=0.018
[6837.6s] epoch 165 step 130400 avg_loss=0.017
[6840.5s] epoch 165 step 130450 avg_loss=0.017
[6843.6s] epoch 165 step 130500 avg_loss=0.018
[6846.7s] epoch 165 step 130550 avg_loss=0.018
[6849.3s] epoch 165 step 130600 avg_loss=0.018
[6852.1s] epoch 165 step 130650 avg_loss=0.018
[6854.4s] epoch 165 step 130700 avg_loss=0.018
[6856.8s] epoch 165 step 130750 avg_loss=0.018
[6859.3s] epoch 165 step 130800 avg_loss=0.018
[6859.7s] === epoch 165 done: avg_loss=0.018 (n=788 derivations) ===
[6862.1s] epoch 166 step 130850 avg_loss=0.023
[6864.8s] epoch 166 step 130900 avg_loss=0.019
[6867.5s] epoch 166 step 130950 avg_loss=0.020
[6869.9s] epoch 166 step 131000 avg_loss=0.019
[6872.3s] epoch 166 step 131050 avg_loss=0.018
[6874.8s] epoch 166 step 131100 avg_loss=0.018
[6877.8s] epoch 166 step 131150 avg_loss=0.018
[6880.8s] epoch 166 step 131200 avg_loss=0.018
[6883.2s] epoch 166 step 131250 avg_loss=0.017
[6885.5s] epoch 166 step 131300 avg_loss=0.017
[6887.8s] epoch 166 step 131350 avg_loss=0.016
[6890.5s] epoch 166 step 131400 avg_loss=0.017
[6892.8s] epoch 166 step 131450 avg_loss=0.017
[6895.7s] epoch 166 step 131500 avg_loss=0.017
[6898.5s] epoch 166 step 131550 avg_loss=0.018
[6901.3s] === epoch 166 done: avg_loss=0.017 (n=788 derivations) ===
[6901.5s] epoch 167 step 131600 avg_loss=0.017
[6904.3s] epoch 167 step 131650 avg_loss=0.014
[6906.9s] epoch 167 step 131700 avg_loss=0.015
[6910.0s] epoch 167 step 131750 avg_loss=0.021
[6912.1s] epoch 167 step 131800 avg_loss=0.018
[6914.8s] epoch 167 step 131850 avg_loss=0.019
[6917.1s] epoch 167 step 131900 avg_loss=0.018
[6920.0s] epoch 167 step 131950 avg_loss=0.017
[6922.9s] epoch 167 step 132000 avg_loss=0.017
[6925.6s] epoch 167 step 132050 avg_loss=0.018
[6928.3s] epoch 167 step 132100 avg_loss=0.018
[6931.0s] epoch 167 step 132150 avg_loss=0.017
[6933.8s] epoch 167 step 132200 avg_loss=0.018
[6936.3s] epoch 167 step 132250 avg_loss=0.017
[6938.9s] epoch 167 step 132300 avg_loss=0.017
[6941.6s] epoch 167 step 132350 avg_loss=0.017
[6943.1s] === epoch 167 done: avg_loss=0.017 (n=788 derivations) ===
[6943.9s] epoch 168 step 132400 avg_loss=0.015
[6946.5s] epoch 168 step 132450 avg_loss=0.015
[6949.0s] epoch 168 step 132500 avg_loss=0.015
[6951.7s] epoch 168 step 132550 avg_loss=0.015
[6954.2s] epoch 168 step 132600 avg_loss=0.016
[6957.3s] epoch 168 step 132650 avg_loss=0.020
[6960.0s] epoch 168 step 132700 avg_loss=0.018
[6962.8s] epoch 168 step 132750 avg_loss=0.019
[6964.9s] epoch 168 step 132800 avg_loss=0.018
[6967.5s] epoch 168 step 132850 avg_loss=0.018
[6969.8s] epoch 168 step 132900 avg_loss=0.018
[6972.7s] epoch 168 step 132950 avg_loss=0.018
[6975.4s] epoch 168 step 133000 avg_loss=0.017
[6977.6s] epoch 168 step 133050 avg_loss=0.017
[6980.1s] epoch 168 step 133100 avg_loss=0.017
[6983.0s] epoch 168 step 133150 avg_loss=0.017
[6984.0s] === epoch 168 done: avg_loss=0.017 (n=788 derivations) ===
[6985.5s] epoch 169 step 133200 avg_loss=0.011
[6988.0s] epoch 169 step 133250 avg_loss=0.011
[6990.6s] epoch 169 step 133300 avg_loss=0.014
[6993.2s] epoch 169 step 133350 avg_loss=0.014
[6996.2s] epoch 169 step 133400 avg_loss=0.016
[6998.6s] epoch 169 step 133450 avg_loss=0.015
[7001.4s] epoch 169 step 133500 avg_loss=0.015
[7004.1s] epoch 169 step 133550 avg_loss=0.016
[7006.3s] epoch 169 step 133600 avg_loss=0.017
[7008.9s] epoch 169 step 133650 avg_loss=0.016
[7011.7s] epoch 169 step 133700 avg_loss=0.016
[7014.8s] epoch 169 step 133750 avg_loss=0.017
[7017.7s] epoch 169 step 133800 avg_loss=0.017
[7020.8s] epoch 169 step 133850 avg_loss=0.016
[7023.5s] epoch 169 step 133900 avg_loss=0.017
[7026.2s] epoch 169 step 133950 avg_loss=0.016
[7026.9s] === epoch 169 done: avg_loss=0.016 (n=788 derivations) ===
[7029.1s] epoch 170 step 134000 avg_loss=0.014
[7032.4s] epoch 170 step 134050 avg_loss=0.012
[7034.9s] epoch 170 step 134100 avg_loss=0.015
[7037.7s] epoch 170 step 134150 avg_loss=0.016
[7040.4s] epoch 170 step 134200 avg_loss=0.016
[7043.1s] epoch 170 step 134250 avg_loss=0.017
[7045.6s] epoch 170 step 134300 avg_loss=0.016
[7048.3s] epoch 170 step 134350 avg_loss=0.016
[7051.1s] epoch 170 step 134400 avg_loss=0.016
[7053.9s] epoch 170 step 134450 avg_loss=0.016
[7056.6s] epoch 170 step 134500 avg_loss=0.017
[7059.4s] epoch 170 step 134550 avg_loss=0.016
[7061.6s] epoch 170 step 134600 avg_loss=0.016
[7064.7s] epoch 170 step 134650 avg_loss=0.016
[7067.3s] epoch 170 step 134700 avg_loss=0.016
[7069.8s] === epoch 170 done: avg_loss=0.016 (n=788 derivations) ===
[7070.0s] epoch 171 step 134750 avg_loss=0.002
[7072.6s] epoch 171 step 134800 avg_loss=0.017
[7074.9s] epoch 171 step 134850 avg_loss=0.012
[7077.2s] epoch 171 step 134900 avg_loss=0.014
[7079.9s] epoch 171 step 134950 avg_loss=0.015
[7082.9s] epoch 171 step 135000 avg_loss=0.017
[7085.4s] epoch 171 step 135050 avg_loss=0.016
[7087.8s] epoch 171 step 135100 avg_loss=0.017
[7090.7s] epoch 171 step 135150 avg_loss=0.016
[7093.3s] epoch 171 step 135200 avg_loss=0.016
[7096.2s] epoch 171 step 135250 avg_loss=0.016
[7099.5s] epoch 171 step 135300 avg_loss=0.016
[7101.8s] epoch 171 step 135350 avg_loss=0.016
[7104.6s] epoch 171 step 135400 avg_loss=0.016
[7106.7s] epoch 171 step 135450 avg_loss=0.015
[7109.3s] epoch 171 step 135500 avg_loss=0.016
[7111.1s] === epoch 171 done: avg_loss=0.016 (n=788 derivations) ===
[7112.0s] epoch 172 step 135550 avg_loss=0.010
[7114.6s] epoch 172 step 135600 avg_loss=0.014
[7117.4s] epoch 172 step 135650 avg_loss=0.014
[7120.1s] epoch 172 step 135700 avg_loss=0.014
[7123.0s] epoch 172 step 135750 avg_loss=0.016
[7125.4s] epoch 172 step 135800 avg_loss=0.015
[7127.5s] epoch 172 step 135850 avg_loss=0.014
[7130.1s] epoch 172 step 135900 avg_loss=0.014
[7132.5s] epoch 172 step 135950 avg_loss=0.014
[7135.0s] epoch 172 step 136000 avg_loss=0.014
[7138.0s] epoch 172 step 136050 avg_loss=0.015
[7140.7s] epoch 172 step 136100 avg_loss=0.015
[7143.6s] epoch 172 step 136150 avg_loss=0.015
[7146.4s] epoch 172 step 136200 avg_loss=0.016
[7149.3s] epoch 172 step 136250 avg_loss=0.016
[7152.1s] epoch 172 step 136300 avg_loss=0.015
[7153.4s] === epoch 172 done: avg_loss=0.015 (n=788 derivations) ===
[7155.0s] epoch 173 step 136350 avg_loss=0.011
[7157.7s] epoch 173 step 136400 avg_loss=0.012
[7160.9s] epoch 173 step 136450 avg_loss=0.015
[7163.8s] epoch 173 step 136500 avg_loss=0.015
[7166.6s] epoch 173 step 136550 avg_loss=0.014
[7169.8s] epoch 173 step 136600 avg_loss=0.015
[7172.3s] epoch 173 step 136650 avg_loss=0.014
[7175.0s] epoch 173 step 136700 avg_loss=0.015
[7178.1s] epoch 173 step 136750 avg_loss=0.015
[7181.0s] epoch 173 step 136800 avg_loss=0.015
[7183.4s] epoch 173 step 136850 avg_loss=0.016
[7185.8s] epoch 173 step 136900 avg_loss=0.016
[7188.2s] epoch 173 step 136950 avg_loss=0.016
[7191.0s] epoch 173 step 137000 avg_loss=0.016
[7193.8s] epoch 173 step 137050 avg_loss=0.015
[7197.1s] epoch 173 step 137100 avg_loss=0.015
[7197.7s] === epoch 173 done: avg_loss=0.015 (n=788 derivations) ===
[7200.1s] epoch 174 step 137150 avg_loss=0.023
[7202.4s] epoch 174 step 137200 avg_loss=0.014
[7204.9s] epoch 174 step 137250 avg_loss=0.012
[7207.3s] epoch 174 step 137300 avg_loss=0.013
[7209.6s] epoch 174 step 137350 avg_loss=0.013
[7212.1s] epoch 174 step 137400 avg_loss=0.015
[7214.8s] epoch 174 step 137450 avg_loss=0.015
[7217.3s] epoch 174 step 137500 avg_loss=0.015
[7219.9s] epoch 174 step 137550 avg_loss=0.016
[7222.5s] epoch 174 step 137600 avg_loss=0.015
[7225.1s] epoch 174 step 137650 avg_loss=0.016
[7227.7s] epoch 174 step 137700 avg_loss=0.015
[7230.4s] epoch 174 step 137750 avg_loss=0.015
[7233.5s] epoch 174 step 137800 avg_loss=0.015
[7236.1s] epoch 174 step 137850 avg_loss=0.015
[7238.5s] epoch 174 step 137900 avg_loss=0.015
[7238.5s] === epoch 174 done: avg_loss=0.015 (n=788 derivations) ===
[7240.7s] epoch 175 step 137950 avg_loss=0.016
[7243.3s] epoch 175 step 138000 avg_loss=0.017
[7246.0s] epoch 175 step 138050 avg_loss=0.017
[7249.0s] epoch 175 step 138100 avg_loss=0.018
[7251.5s] epoch 175 step 138150 avg_loss=0.016
[7254.0s] epoch 175 step 138200 avg_loss=0.016
[7256.5s] epoch 175 step 138250 avg_loss=0.016
[7259.0s] epoch 175 step 138300 avg_loss=0.015
[7261.4s] epoch 175 step 138350 avg_loss=0.016
[7263.7s] epoch 175 step 138400 avg_loss=0.015
[7266.0s] epoch 175 step 138450 avg_loss=0.015
[7268.1s] epoch 175 step 138500 avg_loss=0.015
[7270.4s] epoch 175 step 138550 avg_loss=0.014
[7272.9s] epoch 175 step 138600 avg_loss=0.014
[7275.6s] epoch 175 step 138650 avg_loss=0.014
[7277.5s] === epoch 175 done: avg_loss=0.015 (n=788 derivations) ===
[7278.2s] epoch 176 step 138700 avg_loss=0.026
[7280.7s] epoch 176 step 138750 avg_loss=0.015
[7283.0s] epoch 176 step 138800 avg_loss=0.014
[7285.8s] epoch 176 step 138850 avg_loss=0.016
[7288.4s] epoch 176 step 138900 avg_loss=0.016
[7290.8s] epoch 176 step 138950 avg_loss=0.015
[7293.3s] epoch 176 step 139000 avg_loss=0.014
[7295.8s] epoch 176 step 139050 avg_loss=0.014
[7298.4s] epoch 176 step 139100 avg_loss=0.014
[7301.0s] epoch 176 step 139150 avg_loss=0.014
[7303.4s] epoch 176 step 139200 avg_loss=0.014
[7305.8s] epoch 176 step 139250 avg_loss=0.014
[7308.3s] epoch 176 step 139300 avg_loss=0.014
[7311.0s] epoch 176 step 139350 avg_loss=0.014
[7313.6s] epoch 176 step 139400 avg_loss=0.014
[7316.7s] epoch 176 step 139450 avg_loss=0.014
[7318.1s] === epoch 176 done: avg_loss=0.014 (n=788 derivations) ===
[7319.4s] epoch 177 step 139500 avg_loss=0.023
[7321.7s] epoch 177 step 139550 avg_loss=0.014
[7324.1s] epoch 177 step 139600 avg_loss=0.014
[7326.7s] epoch 177 step 139650 avg_loss=0.013
[7329.2s] epoch 177 step 139700 avg_loss=0.014
[7331.7s] epoch 177 step 139750 avg_loss=0.014
[7333.8s] epoch 177 step 139800 avg_loss=0.013
[7336.3s] epoch 177 step 139850 avg_loss=0.014
[7338.8s] epoch 177 step 139900 avg_loss=0.014
[7341.6s] epoch 177 step 139950 avg_loss=0.014
[7343.9s] epoch 177 step 140000 avg_loss=0.015
[7346.3s] epoch 177 step 140050 avg_loss=0.015
[7349.2s] epoch 177 step 140100 avg_loss=0.015
[7351.9s] epoch 177 step 140150 avg_loss=0.015
[7354.3s] epoch 177 step 140200 avg_loss=0.014
[7356.8s] epoch 177 step 140250 avg_loss=0.014
[7357.5s] === epoch 177 done: avg_loss=0.014 (n=788 derivations) ===
[7359.4s] epoch 178 step 140300 avg_loss=0.017
[7362.1s] epoch 178 step 140350 avg_loss=0.015
[7364.4s] epoch 178 step 140400 avg_loss=0.014
[7366.8s] epoch 178 step 140450 avg_loss=0.014
[7369.7s] epoch 178 step 140500 avg_loss=0.014
[7372.2s] epoch 178 step 140550 avg_loss=0.013
[7374.9s] epoch 178 step 140600 avg_loss=0.012
[7377.4s] epoch 178 step 140650 avg_loss=0.013
[7379.8s] epoch 178 step 140700 avg_loss=0.013
[7382.4s] epoch 178 step 140750 avg_loss=0.014
[7384.7s] epoch 178 step 140800 avg_loss=0.014
[7387.3s] epoch 178 step 140850 avg_loss=0.014
[7389.7s] epoch 178 step 140900 avg_loss=0.014
[7392.2s] epoch 178 step 140950 avg_loss=0.014
[7394.6s] epoch 178 step 141000 avg_loss=0.014
[7396.8s] epoch 178 step 141050 avg_loss=0.014
[7396.8s] === epoch 178 done: avg_loss=0.014 (n=788 derivations) ===
[7399.2s] epoch 179 step 141100 avg_loss=0.016
[7401.8s] epoch 179 step 141150 avg_loss=0.013
[7404.4s] epoch 179 step 141200 avg_loss=0.014
[7407.3s] epoch 179 step 141250 avg_loss=0.014
[7409.7s] epoch 179 step 141300 avg_loss=0.014
[7412.4s] epoch 179 step 141350 avg_loss=0.014
[7414.9s] epoch 179 step 141400 avg_loss=0.014
[7417.8s] epoch 179 step 141450 avg_loss=0.014
[7420.8s] epoch 179 step 141500 avg_loss=0.014
[7423.2s] epoch 179 step 141550 avg_loss=0.014
[7425.8s] epoch 179 step 141600 avg_loss=0.014
[7427.9s] epoch 179 step 141650 avg_loss=0.014
[7430.7s] epoch 179 step 141700 avg_loss=0.014
[7433.2s] epoch 179 step 141750 avg_loss=0.014
[7435.8s] epoch 179 step 141800 avg_loss=0.014
[7437.9s] === epoch 179 done: avg_loss=0.014 (n=788 derivations) ===
[7438.3s] epoch 180 step 141850 avg_loss=0.004
[7441.1s] epoch 180 step 141900 avg_loss=0.020
[7443.7s] epoch 180 step 141950 avg_loss=0.017
[7446.3s] epoch 180 step 142000 avg_loss=0.019
[7449.3s] epoch 180 step 142050 avg_loss=0.017
[7452.6s] epoch 180 step 142100 avg_loss=0.017
[7455.8s] epoch 180 step 142150 avg_loss=0.016
[7458.8s] epoch 180 step 142200 avg_loss=0.016
[7461.4s] epoch 180 step 142250 avg_loss=0.015
[7463.8s] epoch 180 step 142300 avg_loss=0.015
[7466.7s] epoch 180 step 142350 avg_loss=0.015
[7469.3s] epoch 180 step 142400 avg_loss=0.015
[7472.0s] epoch 180 step 142450 avg_loss=0.014
[7474.9s] epoch 180 step 142500 avg_loss=0.014
[7477.3s] epoch 180 step 142550 avg_loss=0.014
[7479.9s] epoch 180 step 142600 avg_loss=0.013
[7481.4s] === epoch 180 done: avg_loss=0.013 (n=788 derivations) ===
[7482.6s] epoch 181 step 142650 avg_loss=0.013
[7485.0s] epoch 181 step 142700 avg_loss=0.010
[7487.9s] epoch 181 step 142750 avg_loss=0.013
[7490.6s] epoch 181 step 142800 avg_loss=0.012
[7493.2s] epoch 181 step 142850 avg_loss=0.012
[7495.9s] epoch 181 step 142900 avg_loss=0.012
[7498.7s] epoch 181 step 142950 avg_loss=0.013
[7501.4s] epoch 181 step 143000 avg_loss=0.013
[7504.2s] epoch 181 step 143050 avg_loss=0.013
[7506.6s] epoch 181 step 143100 avg_loss=0.012
[7509.1s] epoch 181 step 143150 avg_loss=0.013
[7511.6s] epoch 181 step 143200 avg_loss=0.013
[7514.1s] epoch 181 step 143250 avg_loss=0.013
[7517.1s] epoch 181 step 143300 avg_loss=0.013
[7519.8s] epoch 181 step 143350 avg_loss=0.014
[7522.2s] epoch 181 step 143400 avg_loss=0.013
[7523.4s] === epoch 181 done: avg_loss=0.013 (n=788 derivations) ===
[7525.1s] epoch 182 step 143450 avg_loss=0.013
[7528.3s] epoch 182 step 143500 avg_loss=0.014
[7531.3s] epoch 182 step 143550 avg_loss=0.012
[7534.4s] epoch 182 step 143600 avg_loss=0.014
[7537.0s] epoch 182 step 143650 avg_loss=0.014
[7539.7s] epoch 182 step 143700 avg_loss=0.013
[7542.4s] epoch 182 step 143750 avg_loss=0.013
[7545.7s] epoch 182 step 143800 avg_loss=0.013
[7548.9s] epoch 182 step 143850 avg_loss=0.013
[7551.5s] epoch 182 step 143900 avg_loss=0.013
[7554.2s] epoch 182 step 143950 avg_loss=0.013
[7557.1s] epoch 182 step 144000 avg_loss=0.013
[7559.8s] epoch 182 step 144050 avg_loss=0.013
[7562.9s] epoch 182 step 144100 avg_loss=0.013
[7565.5s] epoch 182 step 144150 avg_loss=0.013
[7567.8s] epoch 182 step 144200 avg_loss=0.013
[7567.9s] === epoch 182 done: avg_loss=0.013 (n=788 derivations) ===
[7570.6s] epoch 183 step 144250 avg_loss=0.014
[7573.3s] epoch 183 step 144300 avg_loss=0.013
[7575.7s] epoch 183 step 144350 avg_loss=0.011
[7578.4s] epoch 183 step 144400 avg_loss=0.011
[7581.0s] epoch 183 step 144450 avg_loss=0.013
[7583.8s] epoch 183 step 144500 avg_loss=0.014
[7586.7s] epoch 183 step 144550 avg_loss=0.014
[7589.4s] epoch 183 step 144600 avg_loss=0.014
[7592.2s] epoch 183 step 144650 avg_loss=0.013
[7595.0s] epoch 183 step 144700 avg_loss=0.014
[7597.8s] epoch 183 step 144750 avg_loss=0.014
[7600.4s] epoch 183 step 144800 avg_loss=0.013
[7602.8s] epoch 183 step 144850 avg_loss=0.013
[7605.4s] epoch 183 step 144900 avg_loss=0.013
[7608.2s] epoch 183 step 144950 avg_loss=0.013
[7610.6s] === epoch 183 done: avg_loss=0.013 (n=788 derivations) ===
[7610.9s] epoch 184 step 145000 avg_loss=0.005
[7613.1s] epoch 184 step 145050 avg_loss=0.010
[7615.8s] epoch 184 step 145100 avg_loss=0.011
[7618.3s] epoch 184 step 145150 avg_loss=0.010
[7620.9s] epoch 184 step 145200 avg_loss=0.010
[7624.1s] epoch 184 step 145250 avg_loss=0.011
[7626.9s] epoch 184 step 145300 avg_loss=0.011
[7629.5s] epoch 184 step 145350 avg_loss=0.011
[7632.4s] epoch 184 step 145400 avg_loss=0.013
[7635.5s] epoch 184 step 145450 avg_loss=0.014
[7638.0s] epoch 184 step 145500 avg_loss=0.014
[7640.5s] epoch 184 step 145550 avg_loss=0.014
[7643.2s] epoch 184 step 145600 avg_loss=0.016
[7645.9s] epoch 184 step 145650 avg_loss=0.018
[7649.0s] epoch 184 step 145700 avg_loss=0.020
[7651.8s] epoch 184 step 145750 avg_loss=0.022
[7653.5s] === epoch 184 done: avg_loss=0.022 (n=788 derivations) ===
[7654.6s] epoch 185 step 145800 avg_loss=0.024
[7657.3s] epoch 185 step 145850 avg_loss=0.183
[7659.7s] epoch 185 step 145900 avg_loss=0.167
[7662.0s] epoch 185 step 145950 avg_loss=0.140
[7664.3s] epoch 185 step 146000 avg_loss=0.284
[7666.7s] epoch 185 step 146050 avg_loss=0.279
[7669.3s] epoch 185 step 146100 avg_loss=0.558
[7671.9s] epoch 185 step 146150 avg_loss=0.602
[7674.4s] epoch 185 step 146200 avg_loss=0.565
[7676.8s] epoch 185 step 146250 avg_loss=0.719
[7679.2s] epoch 185 step 146300 avg_loss=0.748
[7681.4s] epoch 185 step 146350 avg_loss=0.778
[7683.7s] epoch 185 step 146400 avg_loss=0.827
[7686.4s] epoch 185 step 146450 avg_loss=1.038
[7689.4s] epoch 185 step 146500 avg_loss=1.131
[7692.0s] epoch 185 step 146550 avg_loss=1.192
[7693.0s] === epoch 185 done: avg_loss=1.218 (n=788 derivations) ===
[7694.5s] epoch 186 step 146600 avg_loss=2.118
[7697.2s] epoch 186 step 146650 avg_loss=3.277
[7699.8s] epoch 186 step 146700 avg_loss=3.544
[7702.0s] epoch 186 step 146750 avg_loss=3.352
[7704.5s] epoch 186 step 146800 avg_loss=3.200
[7707.4s] epoch 186 step 146850 avg_loss=3.382
[7710.3s] epoch 186 step 146900 avg_loss=3.618
[7712.7s] epoch 186 step 146950 avg_loss=3.612
[7715.2s] epoch 186 step 147000 avg_loss=3.511
[7718.0s] epoch 186 step 147050 avg_loss=3.568
[7721.1s] epoch 186 step 147100 avg_loss=3.863
[7723.8s] epoch 186 step 147150 avg_loss=3.765
[7726.3s] epoch 186 step 147200 avg_loss=3.765
[7728.9s] epoch 186 step 147250 avg_loss=3.930
[7731.6s] epoch 186 step 147300 avg_loss=4.240
[7734.3s] epoch 186 step 147350 avg_loss=4.268
[7734.6s] === epoch 186 done: avg_loss=4.262 (n=788 derivations) ===
[7736.8s] epoch 187 step 147400 avg_loss=4.272
[7739.7s] epoch 187 step 147450 avg_loss=3.396
[7742.6s] epoch 187 step 147500 avg_loss=3.521
[7745.2s] epoch 187 step 147550 avg_loss=3.516
[7748.0s] epoch 187 step 147600 avg_loss=3.584
[7750.8s] epoch 187 step 147650 avg_loss=3.447
[7753.1s] epoch 187 step 147700 avg_loss=3.315
[7755.5s] epoch 187 step 147750 avg_loss=3.210
[7757.9s] epoch 187 step 147800 avg_loss=3.288
[7760.5s] epoch 187 step 147850 avg_loss=3.355
[7763.1s] epoch 187 step 147900 avg_loss=3.264
[7765.6s] epoch 187 step 147950 avg_loss=3.216
[7768.3s] epoch 187 step 148000 avg_loss=3.288
[7770.8s] epoch 187 step 148050 avg_loss=3.178
[7773.4s] epoch 187 step 148100 avg_loss=3.118
[7775.7s] === epoch 187 done: avg_loss=3.097 (n=788 derivations) ===
[7776.1s] epoch 188 step 148150 avg_loss=1.629
[7778.6s] epoch 188 step 148200 avg_loss=1.803
[7781.5s] epoch 188 step 148250 avg_loss=2.216
[7784.0s] epoch 188 step 148300 avg_loss=2.408
[7786.6s] epoch 188 step 148350 avg_loss=2.528
[7789.0s] epoch 188 step 148400 avg_loss=2.422
[7791.2s] epoch 188 step 148450 avg_loss=2.333
[7793.9s] epoch 188 step 148500 avg_loss=2.395
[7796.4s] epoch 188 step 148550 avg_loss=2.413
[7799.0s] epoch 188 step 148600 avg_loss=2.519
[7801.9s] epoch 188 step 148650 avg_loss=2.545
[7804.8s] epoch 188 step 148700 avg_loss=2.558
[7807.2s] epoch 188 step 148750 avg_loss=2.489
[7810.1s] epoch 188 step 148800 avg_loss=2.533
[7812.7s] epoch 188 step 148850 avg_loss=2.475
[7815.2s] epoch 188 step 148900 avg_loss=2.470
[7816.9s] === epoch 188 done: avg_loss=2.437 (n=788 derivations) ===
[7817.9s] epoch 189 step 148950 avg_loss=2.453
[7820.6s] epoch 189 step 149000 avg_loss=1.851
[7823.7s] epoch 189 step 149050 avg_loss=2.265
[7826.3s] epoch 189 step 149100 avg_loss=1.970
[7829.0s] epoch 189 step 149150 avg_loss=1.960
[7831.7s] epoch 189 step 149200 avg_loss=1.753
[7834.4s] epoch 189 step 149250 avg_loss=1.728
[7837.3s] epoch 189 step 149300 avg_loss=1.788
[7839.7s] epoch 189 step 149350 avg_loss=1.840
[7842.4s] epoch 189 step 149400 avg_loss=1.877
[7844.7s] epoch 189 step 149450 avg_loss=1.858
[7847.1s] epoch 189 step 149500 avg_loss=1.823
[7849.8s] epoch 189 step 149550 avg_loss=1.891
[7852.2s] epoch 189 step 149600 avg_loss=1.832
[7854.9s] epoch 189 step 149650 avg_loss=1.790
[7857.3s] epoch 189 step 149700 avg_loss=1.783
[7858.2s] === epoch 189 done: avg_loss=1.807 (n=788 derivations) ===
[7859.6s] epoch 190 step 149750 avg_loss=0.862
[7862.5s] epoch 190 step 149800 avg_loss=1.052
[7865.4s] epoch 190 step 149850 avg_loss=1.003
[7868.0s] epoch 190 step 149900 avg_loss=1.268
[7871.6s] epoch 190 step 149950 avg_loss=1.331
[7874.2s] epoch 190 step 150000 avg_loss=1.301
[7876.7s] epoch 190 step 150050 avg_loss=1.250
[7879.3s] epoch 190 step 150100 avg_loss=1.231
[7881.9s] epoch 190 step 150150 avg_loss=1.286
[7884.9s] epoch 190 step 150200 avg_loss=1.404
[7887.4s] epoch 190 step 150250 avg_loss=1.421
[7890.0s] epoch 190 step 150300 avg_loss=1.382
[7892.7s] epoch 190 step 150350 avg_loss=1.394
[7895.8s] epoch 190 step 150400 avg_loss=1.427
[7899.1s] epoch 190 step 150450 avg_loss=1.454
[7902.4s] epoch 190 step 150500 avg_loss=1.468
[7902.8s] === epoch 190 done: avg_loss=1.464 (n=788 derivations) ===
[7905.3s] epoch 191 step 150550 avg_loss=1.304
[7908.1s] epoch 191 step 150600 avg_loss=1.233
[7910.5s] epoch 191 step 150650 avg_loss=1.102
[7913.7s] epoch 191 step 150700 avg_loss=1.183
[7916.3s] epoch 191 step 150750 avg_loss=1.215
[7919.3s] epoch 191 step 150800 avg_loss=1.253
[7922.0s] epoch 191 step 150850 avg_loss=1.220
[7924.3s] epoch 191 step 150900 avg_loss=1.240
[7926.6s] epoch 191 step 150950 avg_loss=1.257
[7928.9s] epoch 191 step 151000 avg_loss=1.215
[7931.6s] epoch 191 step 151050 avg_loss=1.201
[7933.9s] epoch 191 step 151100 avg_loss=1.156
[7936.2s] epoch 191 step 151150 avg_loss=1.125
[7938.8s] epoch 191 step 151200 avg_loss=1.141
[7941.2s] epoch 191 step 151250 avg_loss=1.107
[7943.6s] === epoch 191 done: avg_loss=1.134 (n=788 derivations) ===
[7943.8s] epoch 192 step 151300 avg_loss=0.231
[7946.0s] epoch 192 step 151350 avg_loss=0.402
[7948.3s] epoch 192 step 151400 avg_loss=0.978
[7950.7s] epoch 192 step 151450 avg_loss=0.879
[7953.1s] epoch 192 step 151500 avg_loss=0.934
[7955.8s] epoch 192 step 151550 avg_loss=0.889
[7958.2s] epoch 192 step 151600 avg_loss=0.856
[7961.1s] epoch 192 step 151650 avg_loss=0.910
[7963.6s] epoch 192 step 151700 avg_loss=0.920
[7966.1s] epoch 192 step 151750 avg_loss=0.942
[7968.5s] epoch 192 step 151800 avg_loss=0.964
[7970.9s] epoch 192 step 151850 avg_loss=0.948
[7973.1s] epoch 192 step 151900 avg_loss=0.963
[7975.7s] epoch 192 step 151950 avg_loss=0.983
[7978.0s] epoch 192 step 152000 avg_loss=1.005
[7980.2s] epoch 192 step 152050 avg_loss=0.983
[7981.8s] === epoch 192 done: avg_loss=0.965 (n=788 derivations) ===
[7982.5s] epoch 193 step 152100 avg_loss=0.821
[7985.0s] epoch 193 step 152150 avg_loss=0.671
[7987.5s] epoch 193 step 152200 avg_loss=0.911
[7990.3s] epoch 193 step 152250 avg_loss=0.943
[7992.7s] epoch 193 step 152300 avg_loss=0.868
[7995.3s] epoch 193 step 152350 avg_loss=0.805
[7998.0s] epoch 193 step 152400 avg_loss=0.747
[8000.7s] epoch 193 step 152450 avg_loss=0.725
[8003.0s] epoch 193 step 152500 avg_loss=0.733
[8005.6s] epoch 193 step 152550 avg_loss=0.710
[8008.5s] epoch 193 step 152600 avg_loss=0.749
[8011.4s] epoch 193 step 152650 avg_loss=0.729
[8014.0s] epoch 193 step 152700 avg_loss=0.747
[8017.2s] epoch 193 step 152750 avg_loss=0.759
[8020.1s] epoch 193 step 152800 avg_loss=0.756
[8022.4s] epoch 193 step 152850 avg_loss=0.760
[8023.4s] === epoch 193 done: avg_loss=0.767 (n=788 derivations) ===
[8025.1s] epoch 194 step 152900 avg_loss=0.743
[8027.6s] epoch 194 step 152950 avg_loss=0.496
[8030.2s] epoch 194 step 153000 avg_loss=0.591
[8032.9s] epoch 194 step 153050 avg_loss=0.632
[8035.7s] epoch 194 step 153100 avg_loss=0.600
[8038.4s] epoch 194 step 153150 avg_loss=0.573
[8041.0s] epoch 194 step 153200 avg_loss=0.563
[8043.7s] epoch 194 step 153250 avg_loss=0.533
[8046.4s] epoch 194 step 153300 avg_loss=0.515
[8048.9s] epoch 194 step 153350 avg_loss=0.524
[8051.6s] epoch 194 step 153400 avg_loss=0.543
[8054.1s] epoch 194 step 153450 avg_loss=0.551
[8056.4s] epoch 194 step 153500 avg_loss=0.555
[8058.9s] epoch 194 step 153550 avg_loss=0.572
[8061.4s] epoch 194 step 153600 avg_loss=0.604
[8064.2s] epoch 194 step 153650 avg_loss=0.605
[8064.8s] === epoch 194 done: avg_loss=0.604 (n=788 derivations) ===
[8066.8s] epoch 195 step 153700 avg_loss=0.518
[8069.1s] epoch 195 step 153750 avg_loss=0.405
[8071.2s] epoch 195 step 153800 avg_loss=0.399
[8073.6s] epoch 195 step 153850 avg_loss=0.425
[8076.0s] epoch 195 step 153900 avg_loss=0.468
[8078.4s] epoch 195 step 153950 avg_loss=0.568
[8080.7s] epoch 195 step 154000 avg_loss=0.538
[8083.3s] epoch 195 step 154050 avg_loss=0.539
[8085.7s] epoch 195 step 154100 avg_loss=0.576
[8088.1s] epoch 195 step 154150 avg_loss=0.603
[8090.5s] epoch 195 step 154200 avg_loss=0.622
[8093.1s] epoch 195 step 154250 avg_loss=0.621
[8095.8s] epoch 195 step 154300 avg_loss=0.635
[8098.4s] epoch 195 step 154350 avg_loss=0.625
[8100.8s] epoch 195 step 154400 avg_loss=0.621
[8103.0s] === epoch 195 done: avg_loss=0.610 (n=788 derivations) ===
[8103.1s] epoch 196 step 154450 avg_loss=0.243
[8105.7s] epoch 196 step 154500 avg_loss=0.232
[8108.6s] epoch 196 step 154550 avg_loss=0.298
[8111.4s] epoch 196 step 154600 avg_loss=0.416
[8113.7s] epoch 196 step 154650 avg_loss=0.444
[8116.3s] epoch 196 step 154700 avg_loss=0.460
[8118.8s] epoch 196 step 154750 avg_loss=0.460
[8121.6s] epoch 196 step 154800 avg_loss=0.469
[8124.3s] epoch 196 step 154850 avg_loss=0.460
[8127.5s] epoch 196 step 154900 avg_loss=0.530
[8130.6s] epoch 196 step 154950 avg_loss=0.557
[8133.3s] epoch 196 step 155000 avg_loss=0.558
[8135.9s] epoch 196 step 155050 avg_loss=0.576
[8138.6s] epoch 196 step 155100 avg_loss=0.576
[8141.1s] epoch 196 step 155150 avg_loss=0.572
[8143.5s] epoch 196 step 155200 avg_loss=0.567
[8145.3s] === epoch 196 done: avg_loss=0.557 (n=788 derivations) ===
[8146.2s] epoch 197 step 155250 avg_loss=0.613
[8148.4s] epoch 197 step 155300 avg_loss=0.492
[8150.8s] epoch 197 step 155350 avg_loss=0.438
[8153.9s] epoch 197 step 155400 avg_loss=0.560
[8156.4s] epoch 197 step 155450 avg_loss=0.504
[8159.2s] epoch 197 step 155500 avg_loss=0.562
[8162.1s] epoch 197 step 155550 avg_loss=0.602
[8164.6s] epoch 197 step 155600 avg_loss=0.593
[8167.0s] epoch 197 step 155650 avg_loss=0.583
[8169.6s] epoch 197 step 155700 avg_loss=0.590
[8172.0s] epoch 197 step 155750 avg_loss=0.568
[8174.4s] epoch 197 step 155800 avg_loss=0.572
[8177.4s] epoch 197 step 155850 avg_loss=0.577
[8179.9s] epoch 197 step 155900 avg_loss=0.575
[8182.7s] epoch 197 step 155950 avg_loss=0.563
[8185.1s] epoch 197 step 156000 avg_loss=0.563
[8186.3s] === epoch 197 done: avg_loss=0.583 (n=788 derivations) ===
[8188.0s] epoch 198 step 156050 avg_loss=0.317
[8191.2s] epoch 198 step 156100 avg_loss=0.716
[8193.7s] epoch 198 step 156150 avg_loss=0.544
[8196.1s] epoch 198 step 156200 avg_loss=0.682
[8198.6s] epoch 198 step 156250 avg_loss=0.590
[8201.0s] epoch 198 step 156300 avg_loss=0.543
[8203.6s] epoch 198 step 156350 avg_loss=0.524
[8206.4s] epoch 198 step 156400 avg_loss=0.525
[8209.3s] epoch 198 step 156450 avg_loss=0.570
[8213.3s] epoch 198 step 156500 avg_loss=0.583
[8216.2s] epoch 198 step 156550 avg_loss=0.567
[8219.5s] epoch 198 step 156600 avg_loss=0.550
[8222.1s] epoch 198 step 156650 avg_loss=0.532
[8224.5s] epoch 198 step 156700 avg_loss=0.533
[8227.0s] epoch 198 step 156750 avg_loss=0.525
[8229.6s] epoch 198 step 156800 avg_loss=0.511
[8230.2s] === epoch 198 done: avg_loss=0.509 (n=788 derivations) ===
[8232.0s] epoch 199 step 156850 avg_loss=0.556
[8234.1s] epoch 199 step 156900 avg_loss=0.324
[8236.5s] epoch 199 step 156950 avg_loss=0.277
[8238.9s] epoch 199 step 157000 avg_loss=0.294
[8241.1s] epoch 199 step 157050 avg_loss=0.264
[8243.9s] epoch 199 step 157100 avg_loss=0.305
[8246.4s] epoch 199 step 157150 avg_loss=0.315
[8249.1s] epoch 199 step 157200 avg_loss=0.313
[8252.1s] epoch 199 step 157250 avg_loss=0.347
[8255.0s] epoch 199 step 157300 avg_loss=0.398
[8257.7s] epoch 199 step 157350 avg_loss=0.387
[8260.6s] epoch 199 step 157400 avg_loss=0.384
[8263.9s] epoch 199 step 157450 avg_loss=0.385
[8266.4s] epoch 199 step 157500 avg_loss=0.397
[8268.7s] epoch 199 step 157550 avg_loss=0.413
[8271.2s] epoch 199 step 157600 avg_loss=0.397
[8271.2s] === epoch 199 done: avg_loss=0.397 (n=788 derivations) ===
[8273.7s] epoch 200 step 157650 avg_loss=0.452
[8276.1s] epoch 200 step 157700 avg_loss=0.318
[8278.3s] epoch 200 step 157750 avg_loss=0.273
[8281.3s] epoch 200 step 157800 avg_loss=0.259
[8283.9s] epoch 200 step 157850 avg_loss=0.301
[8286.4s] epoch 200 step 157900 avg_loss=0.311
[8288.7s] epoch 200 step 157950 avg_loss=0.298
[8291.5s] epoch 200 step 158000 avg_loss=0.295
[8293.9s] epoch 200 step 158050 avg_loss=0.298
[8296.0s] epoch 200 step 158100 avg_loss=0.288
[8298.9s] epoch 200 step 158150 avg_loss=0.312
[8302.1s] epoch 200 step 158200 avg_loss=0.312
[8304.8s] epoch 200 step 158250 avg_loss=0.309
[8307.3s] epoch 200 step 158300 avg_loss=0.334
[8309.7s] epoch 200 step 158350 avg_loss=0.339
[8312.1s] === epoch 200 done: avg_loss=0.341 (n=788 derivations) ===
[8312.8s] epoch 201 step 158400 avg_loss=0.071
[8315.4s] epoch 201 step 158450 avg_loss=0.115
[8318.1s] epoch 201 step 158500 avg_loss=0.140
[8320.6s] epoch 201 step 158550 avg_loss=0.164
[8323.2s] epoch 201 step 158600 avg_loss=0.177
[8325.8s] epoch 201 step 158650 avg_loss=0.268
[8328.4s] epoch 201 step 158700 avg_loss=0.288
[8330.9s] epoch 201 step 158750 avg_loss=0.324
[8333.5s] epoch 201 step 158800 avg_loss=0.310
[8336.0s] epoch 201 step 158850 avg_loss=0.320
[8338.6s] epoch 201 step 158900 avg_loss=0.322
[8341.1s] epoch 201 step 158950 avg_loss=0.308
[8343.4s] epoch 201 step 159000 avg_loss=0.302
[8345.6s] epoch 201 step 159050 avg_loss=0.299
[8348.5s] epoch 201 step 159100 avg_loss=0.306
[8351.1s] epoch 201 step 159150 avg_loss=0.301
[8352.3s] === epoch 201 done: avg_loss=0.307 (n=788 derivations) ===
[8353.4s] epoch 202 step 159200 avg_loss=0.126
[8355.7s] epoch 202 step 159250 avg_loss=0.198
[8358.4s] epoch 202 step 159300 avg_loss=0.230
[8360.7s] epoch 202 step 159350 avg_loss=0.250
[8363.9s] epoch 202 step 159400 avg_loss=0.294
[8366.4s] epoch 202 step 159450 avg_loss=0.276
[8369.1s] epoch 202 step 159500 avg_loss=0.289
[8371.4s] epoch 202 step 159550 avg_loss=0.271
[8374.0s] epoch 202 step 159600 avg_loss=0.271
[8376.5s] epoch 202 step 159650 avg_loss=0.285
[8378.9s] epoch 202 step 159700 avg_loss=0.280
[8381.5s] epoch 202 step 159750 avg_loss=0.275
[8384.1s] epoch 202 step 159800 avg_loss=0.285
[8386.5s] epoch 202 step 159850 avg_loss=0.288
[8389.0s] epoch 202 step 159900 avg_loss=0.287
[8391.5s] epoch 202 step 159950 avg_loss=0.285
[8392.2s] === epoch 202 done: avg_loss=0.289 (n=788 derivations) ===
[8394.3s] epoch 203 step 160000 avg_loss=0.480
[8396.6s] epoch 203 step 160050 avg_loss=0.285
[8398.8s] epoch 203 step 160100 avg_loss=0.220
[8401.2s] epoch 203 step 160150 avg_loss=0.308
[8403.5s] epoch 203 step 160200 avg_loss=0.282
[8406.6s] epoch 203 step 160250 avg_loss=0.271
[8409.8s] epoch 203 step 160300 avg_loss=0.253
[8412.3s] epoch 203 step 160350 avg_loss=0.237
[8414.4s] epoch 203 step 160400 avg_loss=0.276
[8417.5s] epoch 203 step 160450 avg_loss=0.290
[8420.3s] epoch 203 step 160500 avg_loss=0.315
[8423.1s] epoch 203 step 160550 avg_loss=0.302
[8426.0s] epoch 203 step 160600 avg_loss=0.296
[8429.1s] epoch 203 step 160650 avg_loss=0.295
[8432.3s] epoch 203 step 160700 avg_loss=0.286
[8435.4s] epoch 203 step 160750 avg_loss=0.282
[8435.7s] === epoch 203 done: avg_loss=0.282 (n=788 derivations) ===
[8438.6s] epoch 204 step 160800 avg_loss=0.124
[8441.4s] epoch 204 step 160850 avg_loss=0.114
[8444.3s] epoch 204 step 160900 avg_loss=0.129
[8447.3s] epoch 204 step 160950 avg_loss=0.174
[8450.5s] epoch 204 step 161000 avg_loss=0.196
[8454.2s] epoch 204 step 161050 avg_loss=0.194
[8456.6s] epoch 204 step 161100 avg_loss=0.195
[8459.3s] epoch 204 step 161150 avg_loss=0.205
[8461.7s] epoch 204 step 161200 avg_loss=0.203
[8464.3s] epoch 204 step 161250 avg_loss=0.232
[8466.9s] epoch 204 step 161300 avg_loss=0.219
[8469.9s] epoch 204 step 161350 avg_loss=0.220
[8472.5s] epoch 204 step 161400 avg_loss=0.234
[8475.4s] epoch 204 step 161450 avg_loss=0.230
[8478.0s] epoch 204 step 161500 avg_loss=0.222
[8480.6s] === epoch 204 done: avg_loss=0.218 (n=788 derivations) ===
[8481.0s] epoch 205 step 161550 avg_loss=0.212
[8483.4s] epoch 205 step 161600 avg_loss=0.136
[8486.1s] epoch 205 step 161650 avg_loss=0.138
[8489.6s] epoch 205 step 161700 avg_loss=0.146
[8492.6s] epoch 205 step 161750 avg_loss=0.135
[8495.7s] epoch 205 step 161800 avg_loss=0.148
[8498.2s] epoch 205 step 161850 avg_loss=0.167
[8500.7s] epoch 205 step 161900 avg_loss=0.173
[8503.1s] epoch 205 step 161950 avg_loss=0.166
[8505.2s] epoch 205 step 162000 avg_loss=0.158
[8507.9s] epoch 205 step 162050 avg_loss=0.172
[8510.3s] epoch 205 step 162100 avg_loss=0.198
[8512.6s] epoch 205 step 162150 avg_loss=0.195
[8514.8s] epoch 205 step 162200 avg_loss=0.190
[8517.0s] epoch 205 step 162250 avg_loss=0.196
[8519.4s] epoch 205 step 162300 avg_loss=0.191
[8520.7s] === epoch 205 done: avg_loss=0.190 (n=788 derivations) ===
[8521.7s] epoch 206 step 162350 avg_loss=0.170
[8524.1s] epoch 206 step 162400 avg_loss=0.122
[8526.4s] epoch 206 step 162450 avg_loss=0.134
[8529.0s] epoch 206 step 162500 avg_loss=0.163
[8531.8s] epoch 206 step 162550 avg_loss=0.198
[8534.4s] epoch 206 step 162600 avg_loss=0.185
[8536.9s] epoch 206 step 162650 avg_loss=0.173
[8539.2s] epoch 206 step 162700 avg_loss=0.170
[8541.7s] epoch 206 step 162750 avg_loss=0.194
[8544.2s] epoch 206 step 162800 avg_loss=0.195
[8546.6s] epoch 206 step 162850 avg_loss=0.186
[8549.0s] epoch 206 step 162900 avg_loss=0.213
[8551.3s] epoch 206 step 162950 avg_loss=0.212
[8554.3s] epoch 206 step 163000 avg_loss=0.214
[8556.6s] epoch 206 step 163050 avg_loss=0.220
[8558.9s] epoch 206 step 163100 avg_loss=0.219
[8559.5s] === epoch 206 done: avg_loss=0.218 (n=788 derivations) ===
[8561.1s] epoch 207 step 163150 avg_loss=0.149
[8563.5s] epoch 207 step 163200 avg_loss=0.123
[8565.9s] epoch 207 step 163250 avg_loss=0.103
[8568.1s] epoch 207 step 163300 avg_loss=0.090
[8570.5s] epoch 207 step 163350 avg_loss=0.101
[8573.4s] epoch 207 step 163400 avg_loss=0.109
[8576.6s] epoch 207 step 163450 avg_loss=0.120
[8579.2s] epoch 207 step 163500 avg_loss=0.128
[8581.6s] epoch 207 step 163550 avg_loss=0.125
[8584.0s] epoch 207 step 163600 avg_loss=0.139
[8586.4s] epoch 207 step 163650 avg_loss=0.143
[8589.2s] epoch 207 step 163700 avg_loss=0.154
[8591.9s] epoch 207 step 163750 avg_loss=0.150
[8594.5s] epoch 207 step 163800 avg_loss=0.152
[8596.8s] epoch 207 step 163850 avg_loss=0.154
[8599.2s] epoch 207 step 163900 avg_loss=0.152
[8599.4s] === epoch 207 done: avg_loss=0.152 (n=788 derivations) ===
[8601.4s] epoch 208 step 163950 avg_loss=0.126
[8604.1s] epoch 208 step 164000 avg_loss=0.085
[8606.5s] epoch 208 step 164050 avg_loss=0.095
[8609.0s] epoch 208 step 164100 avg_loss=0.090
[8611.8s] epoch 208 step 164150 avg_loss=0.108
[8614.2s] epoch 208 step 164200 avg_loss=0.097
[8616.9s] epoch 208 step 164250 avg_loss=0.107
[8619.3s] epoch 208 step 164300 avg_loss=0.102
[8621.6s] epoch 208 step 164350 avg_loss=0.100
[8624.2s] epoch 208 step 164400 avg_loss=0.100
[8626.8s] epoch 208 step 164450 avg_loss=0.150
[8629.1s] epoch 208 step 164500 avg_loss=0.153
[8631.6s] epoch 208 step 164550 avg_loss=0.158
[8634.1s] epoch 208 step 164600 avg_loss=0.154
[8636.3s] epoch 208 step 164650 avg_loss=0.161
[8638.3s] === epoch 208 done: avg_loss=0.157 (n=788 derivations) ===
[8638.7s] epoch 209 step 164700 avg_loss=0.065
[8641.3s] epoch 209 step 164750 avg_loss=0.078
[8643.8s] epoch 209 step 164800 avg_loss=0.096
[8646.3s] epoch 209 step 164850 avg_loss=0.098
[8648.8s] epoch 209 step 164900 avg_loss=0.092
[8651.3s] epoch 209 step 164950 avg_loss=0.147
[8653.8s] epoch 209 step 165000 avg_loss=0.277
[8656.5s] epoch 209 step 165050 avg_loss=0.258
[8658.6s] epoch 209 step 165100 avg_loss=0.239
[8660.9s] epoch 209 step 165150 avg_loss=0.227
[8663.2s] epoch 209 step 165200 avg_loss=0.214
[8665.4s] epoch 209 step 165250 avg_loss=0.207
[8667.8s] epoch 209 step 165300 avg_loss=0.209
[8670.2s] epoch 209 step 165350 avg_loss=0.200
[8672.8s] epoch 209 step 165400 avg_loss=0.193
[8675.4s] epoch 209 step 165450 avg_loss=0.185
[8677.0s] === epoch 209 done: avg_loss=0.184 (n=788 derivations) ===
[8678.1s] epoch 210 step 165500 avg_loss=0.072
[8680.3s] epoch 210 step 165550 avg_loss=0.060
[8683.0s] epoch 210 step 165600 avg_loss=0.083
[8685.4s] epoch 210 step 165650 avg_loss=0.089
[8687.7s] epoch 210 step 165700 avg_loss=0.132
[8690.6s] epoch 210 step 165750 avg_loss=0.159
[8693.0s] epoch 210 step 165800 avg_loss=0.153
[8695.5s] epoch 210 step 165850 avg_loss=0.144
[8698.1s] epoch 210 step 165900 avg_loss=0.133
[8700.4s] epoch 210 step 165950 avg_loss=0.138
[8702.9s] epoch 210 step 166000 avg_loss=0.140
[8705.5s] epoch 210 step 166050 avg_loss=0.135
[8708.0s] epoch 210 step 166100 avg_loss=0.150
[8710.1s] epoch 210 step 166150 avg_loss=0.145
[8712.8s] epoch 210 step 166200 avg_loss=0.147
[8715.2s] epoch 210 step 166250 avg_loss=0.151
[8716.1s] === epoch 210 done: avg_loss=0.154 (n=788 derivations) ===
[8717.8s] epoch 211 step 166300 avg_loss=0.136
[8720.8s] epoch 211 step 166350 avg_loss=0.230
[8723.4s] epoch 211 step 166400 avg_loss=0.229
[8725.6s] epoch 211 step 166450 avg_loss=0.187
[8728.3s] epoch 211 step 166500 avg_loss=0.177
[8730.7s] epoch 211 step 166550 avg_loss=0.173
[8733.0s] epoch 211 step 166600 avg_loss=0.173
[8735.3s] epoch 211 step 166650 avg_loss=0.164
[8737.8s] epoch 211 step 166700 avg_loss=0.199
[8740.1s] epoch 211 step 166750 avg_loss=0.192
[8742.6s] epoch 211 step 166800 avg_loss=0.181
[8745.2s] epoch 211 step 166850 avg_loss=0.177
[8747.2s] epoch 211 step 166900 avg_loss=0.172
[8749.6s] epoch 211 step 166950 avg_loss=0.169
[8752.3s] epoch 211 step 167000 avg_loss=0.164
[8754.8s] epoch 211 step 167050 avg_loss=0.162
[8755.1s] === epoch 211 done: avg_loss=0.162 (n=788 derivations) ===
[8757.4s] epoch 212 step 167100 avg_loss=0.086
[8759.7s] epoch 212 step 167150 avg_loss=0.085
[8761.9s] epoch 212 step 167200 avg_loss=0.088
[8764.0s] epoch 212 step 167250 avg_loss=0.075
[8766.3s] epoch 212 step 167300 avg_loss=0.106
[8768.6s] epoch 212 step 167350 avg_loss=0.108
[8771.1s] epoch 212 step 167400 avg_loss=0.150
[8773.7s] epoch 212 step 167450 avg_loss=0.144
[8776.1s] epoch 212 step 167500 avg_loss=0.163
[8778.5s] epoch 212 step 167550 avg_loss=0.167
[8780.9s] epoch 212 step 167600 avg_loss=0.169
[8783.2s] epoch 212 step 167650 avg_loss=0.165
[8785.9s] epoch 212 step 167700 avg_loss=0.193
[8788.8s] epoch 212 step 167750 avg_loss=0.233
[8791.4s] epoch 212 step 167800 avg_loss=0.224
[8793.9s] === epoch 212 done: avg_loss=0.217 (n=788 derivations) ===
[8794.3s] epoch 213 step 167850 avg_loss=0.145
[8796.4s] epoch 213 step 167900 avg_loss=0.057
[8799.2s] epoch 213 step 167950 avg_loss=0.148
[8801.9s] epoch 213 step 168000 avg_loss=0.138
[8804.0s] epoch 213 step 168050 avg_loss=0.121
[8806.6s] epoch 213 step 168100 avg_loss=0.121
[8809.2s] epoch 213 step 168150 avg_loss=0.118
[8811.9s] epoch 213 step 168200 avg_loss=0.121
[8814.6s] epoch 213 step 168250 avg_loss=0.132
[8816.9s] epoch 213 step 168300 avg_loss=0.164
[8819.2s] epoch 213 step 168350 avg_loss=0.171
[8821.9s] epoch 213 step 168400 avg_loss=0.164
[8824.4s] epoch 213 step 168450 avg_loss=0.164
[8826.8s] epoch 213 step 168500 avg_loss=0.157
[8829.2s] epoch 213 step 168550 avg_loss=0.155
[8831.6s] epoch 213 step 168600 avg_loss=0.155
[8833.1s] === epoch 213 done: avg_loss=0.151 (n=788 derivations) ===
[8834.0s] epoch 214 step 168650 avg_loss=0.453
[8836.4s] epoch 214 step 168700 avg_loss=0.168
[8838.6s] epoch 214 step 168750 avg_loss=0.136
[8841.2s] epoch 214 step 168800 avg_loss=0.117
[8844.0s] epoch 214 step 168850 avg_loss=0.108
[8846.6s] epoch 214 step 168900 avg_loss=0.099
[8848.9s] epoch 214 step 168950 avg_loss=0.109
[8850.8s] epoch 214 step 169000 avg_loss=0.105
[8853.2s] epoch 214 step 169050 avg_loss=0.104
[8855.6s] epoch 214 step 169100 avg_loss=0.099
[8858.2s] epoch 214 step 169150 avg_loss=0.106
[8861.0s] epoch 214 step 169200 avg_loss=0.105
[8863.7s] epoch 214 step 169250 avg_loss=0.102
[8865.9s] epoch 214 step 169300 avg_loss=0.101
[8868.3s] epoch 214 step 169350 avg_loss=0.097
[8871.0s] epoch 214 step 169400 avg_loss=0.101
[8871.9s] === epoch 214 done: avg_loss=0.100 (n=788 derivations) ===
[8873.0s] epoch 215 step 169450 avg_loss=0.047
[8875.4s] epoch 215 step 169500 avg_loss=0.056
[8877.6s] epoch 215 step 169550 avg_loss=0.051
[8880.1s] epoch 215 step 169600 avg_loss=0.049
[8882.3s] epoch 215 step 169650 avg_loss=0.048
[8884.5s] epoch 215 step 169700 avg_loss=0.049
[8886.8s] epoch 215 step 169750 avg_loss=0.049
[8889.4s] epoch 215 step 169800 avg_loss=0.061
[8891.9s] epoch 215 step 169850 avg_loss=0.060
[8894.2s] epoch 215 step 169900 avg_loss=0.067
[8896.6s] epoch 215 step 169950 avg_loss=0.067
[8898.7s] epoch 215 step 170000 avg_loss=0.065
[8900.9s] epoch 215 step 170050 avg_loss=0.067
[8903.1s] epoch 215 step 170100 avg_loss=0.075
[8905.4s] epoch 215 step 170150 avg_loss=0.081
[8908.1s] epoch 215 step 170200 avg_loss=0.082
[8908.6s] === epoch 215 done: avg_loss=0.082 (n=788 derivations) ===
[8910.4s] epoch 216 step 170250 avg_loss=0.037
[8912.5s] epoch 216 step 170300 avg_loss=0.048
[8914.7s] epoch 216 step 170350 avg_loss=0.053
[8917.1s] epoch 216 step 170400 avg_loss=0.048
[8919.6s] epoch 216 step 170450 avg_loss=0.053
[8922.4s] epoch 216 step 170500 avg_loss=0.054
[8925.2s] epoch 216 step 170550 avg_loss=0.053
[8928.2s] epoch 216 step 170600 avg_loss=0.063
[8931.2s] epoch 216 step 170650 avg_loss=0.064
[8933.8s] epoch 216 step 170700 avg_loss=0.065
[8936.4s] epoch 216 step 170750 avg_loss=0.062
[8939.3s] epoch 216 step 170800 avg_loss=0.062
[8942.4s] epoch 216 step 170850 avg_loss=0.064
[8945.0s] epoch 216 step 170900 avg_loss=0.065
[8947.6s] epoch 216 step 170950 avg_loss=0.072
[8950.1s] === epoch 216 done: avg_loss=0.070 (n=788 derivations) ===
[8950.4s] epoch 217 step 171000 avg_loss=0.034
[8952.9s] epoch 217 step 171050 avg_loss=0.039
[8955.6s] epoch 217 step 171100 avg_loss=0.098
[8958.6s] epoch 217 step 171150 avg_loss=0.097
[8961.2s] epoch 217 step 171200 avg_loss=0.083
[8963.8s] epoch 217 step 171250 avg_loss=0.075
[8966.5s] epoch 217 step 171300 avg_loss=0.068
[8969.3s] epoch 217 step 171350 avg_loss=0.066
[8971.8s] epoch 217 step 171400 avg_loss=0.061
[8974.3s] epoch 217 step 171450 avg_loss=0.069
[8976.7s] epoch 217 step 171500 avg_loss=0.065
[8979.1s] epoch 217 step 171550 avg_loss=0.062
[8982.2s] epoch 217 step 171600 avg_loss=0.063
[8984.7s] epoch 217 step 171650 avg_loss=0.060
[8987.2s] epoch 217 step 171700 avg_loss=0.059
[8990.0s] epoch 217 step 171750 avg_loss=0.059
[8992.3s] === epoch 217 done: avg_loss=0.057 (n=788 derivations) ===
[8993.5s] epoch 218 step 171800 avg_loss=0.035
[8996.5s] epoch 218 step 171850 avg_loss=0.046
[8999.4s] epoch 218 step 171900 avg_loss=0.036
[9002.5s] epoch 218 step 171950 avg_loss=0.035
[9005.2s] epoch 218 step 172000 avg_loss=0.032
[9007.7s] epoch 218 step 172050 avg_loss=0.031
[9010.5s] epoch 218 step 172100 avg_loss=0.039
[9013.5s] epoch 218 step 172150 avg_loss=0.039
[9016.2s] epoch 218 step 172200 avg_loss=0.037
[9018.6s] epoch 218 step 172250 avg_loss=0.035
[9021.0s] epoch 218 step 172300 avg_loss=0.035
[9023.8s] epoch 218 step 172350 avg_loss=0.038
[9026.3s] epoch 218 step 172400 avg_loss=0.038
[9028.6s] epoch 218 step 172450 avg_loss=0.038
[9031.2s] epoch 218 step 172500 avg_loss=0.038
[9034.0s] epoch 218 step 172550 avg_loss=0.037
[9035.2s] === epoch 218 done: avg_loss=0.036 (n=788 derivations) ===
[9037.0s] epoch 219 step 172600 avg_loss=0.031
[9039.5s] epoch 219 step 172650 avg_loss=0.023
[9042.1s] epoch 219 step 172700 avg_loss=0.023
[9044.4s] epoch 219 step 172750 avg_loss=0.020
[9046.9s] epoch 219 step 172800 avg_loss=0.021
[9049.5s] epoch 219 step 172850 avg_loss=0.021
[9051.9s] epoch 219 step 172900 avg_loss=0.021
[9054.7s] epoch 219 step 172950 avg_loss=0.022
[9057.5s] epoch 219 step 173000 avg_loss=0.022
[9060.0s] epoch 219 step 173050 avg_loss=0.024
[9062.4s] epoch 219 step 173100 avg_loss=0.024
[9065.5s] epoch 219 step 173150 avg_loss=0.025
[9068.3s] epoch 219 step 173200 avg_loss=0.025
[9071.4s] epoch 219 step 173250 avg_loss=0.025
[9073.8s] epoch 219 step 173300 avg_loss=0.025
[9076.0s] epoch 219 step 173350 avg_loss=0.024
[9076.7s] === epoch 219 done: avg_loss=0.025 (n=788 derivations) ===
[9078.8s] epoch 220 step 173400 avg_loss=0.014
[9081.5s] epoch 220 step 173450 avg_loss=0.017
[9084.0s] epoch 220 step 173500 avg_loss=0.016
[9086.2s] epoch 220 step 173550 avg_loss=0.015
[9088.6s] epoch 220 step 173600 avg_loss=0.015
[9091.1s] epoch 220 step 173650 avg_loss=0.017
[9093.8s] epoch 220 step 173700 avg_loss=0.019
[9096.3s] epoch 220 step 173750 avg_loss=0.020
[9099.1s] epoch 220 step 173800 avg_loss=0.020
[9102.1s] epoch 220 step 173850 avg_loss=0.029
[9104.6s] epoch 220 step 173900 avg_loss=0.028
[9107.4s] epoch 220 step 173950 avg_loss=0.027
[9110.0s] epoch 220 step 174000 avg_loss=0.026
[9113.0s] epoch 220 step 174050 avg_loss=0.026
[9115.5s] epoch 220 step 174100 avg_loss=0.026
[9117.8s] === epoch 220 done: avg_loss=0.026 (n=788 derivations) ===
[9117.9s] epoch 221 step 174150 avg_loss=0.013
[9120.2s] epoch 221 step 174200 avg_loss=0.015
[9123.1s] epoch 221 step 174250 avg_loss=0.020
[9125.6s] epoch 221 step 174300 avg_loss=0.019
[9127.8s] epoch 221 step 174350 avg_loss=0.022
[9129.9s] epoch 221 step 174400 avg_loss=0.034
[9132.2s] epoch 221 step 174450 avg_loss=0.031
[9134.7s] epoch 221 step 174500 avg_loss=0.029
[9137.3s] epoch 221 step 174550 avg_loss=0.029
[9139.6s] epoch 221 step 174600 avg_loss=0.028
[9142.2s] epoch 221 step 174650 avg_loss=0.027
[9144.3s] epoch 221 step 174700 avg_loss=0.025
[9147.1s] epoch 221 step 174750 avg_loss=0.025
[9149.7s] epoch 221 step 174800 avg_loss=0.024
[9152.3s] epoch 221 step 174850 avg_loss=0.023
[9154.4s] epoch 221 step 174900 avg_loss=0.023
[9156.2s] === epoch 221 done: avg_loss=0.022 (n=788 derivations) ===
[9157.0s] epoch 222 step 174950 avg_loss=0.026
[9159.5s] epoch 222 step 175000 avg_loss=0.018
[9161.9s] epoch 222 step 175050 avg_loss=0.017
[9164.2s] epoch 222 step 175100 avg_loss=0.017
[9166.5s] epoch 222 step 175150 avg_loss=0.017
[9169.2s] epoch 222 step 175200 avg_loss=0.018
[9171.8s] epoch 222 step 175250 avg_loss=0.018
[9174.1s] epoch 222 step 175300 avg_loss=0.017
[9176.6s] epoch 222 step 175350 avg_loss=0.017
[9179.1s] epoch 222 step 175400 avg_loss=0.016
[9181.7s] epoch 222 step 175450 avg_loss=0.017
[9184.3s] epoch 222 step 175500 avg_loss=0.018
[9187.0s] epoch 222 step 175550 avg_loss=0.017
[9189.5s] epoch 222 step 175600 avg_loss=0.017
[9191.8s] epoch 222 step 175650 avg_loss=0.018
[9193.7s] epoch 222 step 175700 avg_loss=0.017
[9194.8s] === epoch 222 done: avg_loss=0.017 (n=788 derivations) ===
[9195.9s] epoch 223 step 175750 avg_loss=0.009
[9198.3s] epoch 223 step 175800 avg_loss=0.014
[9200.6s] epoch 223 step 175850 avg_loss=0.015
[9203.1s] epoch 223 step 175900 avg_loss=0.017
[9205.5s] epoch 223 step 175950 avg_loss=0.016
[9207.9s] epoch 223 step 176000 avg_loss=0.015
[9210.5s] epoch 223 step 176050 avg_loss=0.016
[9212.8s] epoch 223 step 176100 avg_loss=0.015
[9215.1s] epoch 223 step 176150 avg_loss=0.015
[9217.4s] epoch 223 step 176200 avg_loss=0.016
[9219.9s] epoch 223 step 176250 avg_loss=0.015
[9222.3s] epoch 223 step 176300 avg_loss=0.015
[9224.7s] epoch 223 step 176350 avg_loss=0.015
[9227.4s] epoch 223 step 176400 avg_loss=0.016
[9230.0s] epoch 223 step 176450 avg_loss=0.016
[9232.4s] epoch 223 step 176500 avg_loss=0.016
[9232.9s] === epoch 223 done: avg_loss=0.016 (n=788 derivations) ===
[9234.9s] epoch 224 step 176550 avg_loss=0.013
[9237.7s] epoch 224 step 176600 avg_loss=0.015
[9240.3s] epoch 224 step 176650 avg_loss=0.016
[9242.8s] epoch 224 step 176700 avg_loss=0.017
[9245.0s] epoch 224 step 176750 avg_loss=0.016
[9247.3s] epoch 224 step 176800 avg_loss=0.015
[9249.6s] epoch 224 step 176850 avg_loss=0.015
[9252.1s] epoch 224 step 176900 avg_loss=0.016
[9254.5s] epoch 224 step 176950 avg_loss=0.016
[9256.7s] epoch 224 step 177000 avg_loss=0.016
[9259.0s] epoch 224 step 177050 avg_loss=0.015
[9261.0s] epoch 224 step 177100 avg_loss=0.015
[9263.2s] epoch 224 step 177150 avg_loss=0.015
[9265.7s] epoch 224 step 177200 avg_loss=0.015
[9268.4s] epoch 224 step 177250 avg_loss=0.015
[9271.0s] epoch 224 step 177300 avg_loss=0.015
[9271.0s] === epoch 224 done: avg_loss=0.015 (n=788 derivations) ===
[9273.6s] epoch 225 step 177350 avg_loss=0.017
[9276.2s] epoch 225 step 177400 avg_loss=0.015
[9278.5s] epoch 225 step 177450 avg_loss=0.015
[9281.0s] epoch 225 step 177500 avg_loss=0.015
[9283.7s] epoch 225 step 177550 avg_loss=0.015
[9286.3s] epoch 225 step 177600 avg_loss=0.015
[9289.0s] epoch 225 step 177650 avg_loss=0.016
[9291.5s] epoch 225 step 177700 avg_loss=0.016
[9294.0s] epoch 225 step 177750 avg_loss=0.015
[9296.7s] epoch 225 step 177800 avg_loss=0.015
[9299.5s] epoch 225 step 177850 avg_loss=0.015
[9302.5s] epoch 225 step 177900 avg_loss=0.015
[9304.9s] epoch 225 step 177950 avg_loss=0.015
[9307.7s] epoch 225 step 178000 avg_loss=0.014
[9310.2s] epoch 225 step 178050 avg_loss=0.014
[9312.4s] === epoch 225 done: avg_loss=0.014 (n=788 derivations) ===
[9312.9s] epoch 226 step 178100 avg_loss=0.010
[9315.4s] epoch 226 step 178150 avg_loss=0.009
[9317.6s] epoch 226 step 178200 avg_loss=0.011
[9320.0s] epoch 226 step 178250 avg_loss=0.012
[9322.7s] epoch 226 step 178300 avg_loss=0.013
[9325.0s] epoch 226 step 178350 avg_loss=0.014
[9327.6s] epoch 226 step 178400 avg_loss=0.014
[9329.9s] epoch 226 step 178450 avg_loss=0.014
[9332.5s] epoch 226 step 178500 avg_loss=0.014
[9335.0s] epoch 226 step 178550 avg_loss=0.014
[9337.8s] epoch 226 step 178600 avg_loss=0.013
[9340.6s] epoch 226 step 178650 avg_loss=0.014
[9343.5s] epoch 226 step 178700 avg_loss=0.014
[9345.9s] epoch 226 step 178750 avg_loss=0.013
[9348.5s] epoch 226 step 178800 avg_loss=0.013
[9351.3s] epoch 226 step 178850 avg_loss=0.014
[9352.5s] === epoch 226 done: avg_loss=0.014 (n=788 derivations) ===
[9353.8s] epoch 227 step 178900 avg_loss=0.010
[9356.4s] epoch 227 step 178950 avg_loss=0.009
[9359.3s] epoch 227 step 179000 avg_loss=0.010
[9362.0s] epoch 227 step 179050 avg_loss=0.010
[9364.7s] epoch 227 step 179100 avg_loss=0.012
[9367.5s] epoch 227 step 179150 avg_loss=0.013
[9370.0s] epoch 227 step 179200 avg_loss=0.012
[9372.3s] epoch 227 step 179250 avg_loss=0.012
[9374.8s] epoch 227 step 179300 avg_loss=0.011
[9377.9s] epoch 227 step 179350 avg_loss=0.011
[9380.6s] epoch 227 step 179400 avg_loss=0.012
[9383.6s] epoch 227 step 179450 avg_loss=0.013
[9386.4s] epoch 227 step 179500 avg_loss=0.012
[9389.2s] epoch 227 step 179550 avg_loss=0.013
[9392.2s] epoch 227 step 179600 avg_loss=0.013
[9395.0s] epoch 227 step 179650 avg_loss=0.013
[9395.7s] === epoch 227 done: avg_loss=0.013 (n=788 derivations) ===
[9398.0s] epoch 228 step 179700 avg_loss=0.015
[9400.8s] epoch 228 step 179750 avg_loss=0.015
[9403.1s] epoch 228 step 179800 avg_loss=0.014
[9405.8s] epoch 228 step 179850 avg_loss=0.015
[9408.3s] epoch 228 step 179900 avg_loss=0.014
[9410.7s] epoch 228 step 179950 avg_loss=0.014
[9413.5s] epoch 228 step 180000 avg_loss=0.014
[9415.9s] epoch 228 step 180050 avg_loss=0.013
[9419.2s] epoch 228 step 180100 avg_loss=0.013
[9421.9s] epoch 228 step 180150 avg_loss=0.013
[9425.0s] epoch 228 step 180200 avg_loss=0.013
[9427.7s] epoch 228 step 180250 avg_loss=0.013
[9430.6s] epoch 228 step 180300 avg_loss=0.013
[9433.1s] epoch 228 step 180350 avg_loss=0.013
[9435.7s] epoch 228 step 180400 avg_loss=0.013
[9438.2s] epoch 228 step 180450 avg_loss=0.013
[9438.3s] === epoch 228 done: avg_loss=0.013 (n=788 derivations) ===
[9440.5s] epoch 229 step 180500 avg_loss=0.010
[9442.8s] epoch 229 step 180550 avg_loss=0.013
[9445.2s] epoch 229 step 180600 avg_loss=0.012
[9447.6s] epoch 229 step 180650 avg_loss=0.012
[9450.4s] epoch 229 step 180700 avg_loss=0.012
[9453.2s] epoch 229 step 180750 avg_loss=0.012
[9456.0s] epoch 229 step 180800 avg_loss=0.012
[9458.9s] epoch 229 step 180850 avg_loss=0.013
[9461.6s] epoch 229 step 180900 avg_loss=0.012
[9465.1s] epoch 229 step 180950 avg_loss=0.013
[9467.4s] epoch 229 step 181000 avg_loss=0.013
[9470.0s] epoch 229 step 181050 avg_loss=0.013
[9472.4s] epoch 229 step 181100 avg_loss=0.013
[9474.6s] epoch 229 step 181150 avg_loss=0.013
[9477.3s] epoch 229 step 181200 avg_loss=0.012
[9479.4s] === epoch 229 done: avg_loss=0.012 (n=788 derivations) ===
[9479.9s] epoch 230 step 181250 avg_loss=0.011
[9482.6s] epoch 230 step 181300 avg_loss=0.016
[9485.2s] epoch 230 step 181350 avg_loss=0.013
[9488.0s] epoch 230 step 181400 avg_loss=0.012
[9490.8s] epoch 230 step 181450 avg_loss=0.013
[9493.2s] epoch 230 step 181500 avg_loss=0.012
[9496.2s] epoch 230 step 181550 avg_loss=0.013
[9498.6s] epoch 230 step 181600 avg_loss=0.013
[9501.2s] epoch 230 step 181650 avg_loss=0.013
[9504.0s] epoch 230 step 181700 avg_loss=0.013
[9506.8s] epoch 230 step 181750 avg_loss=0.013
[9509.4s] epoch 230 step 181800 avg_loss=0.013
[9511.9s] epoch 230 step 181850 avg_loss=0.012
[9514.4s] epoch 230 step 181900 avg_loss=0.012
[9516.7s] epoch 230 step 181950 avg_loss=0.012
[9518.8s] epoch 230 step 182000 avg_loss=0.012
[9520.0s] === epoch 230 done: avg_loss=0.012 (n=788 derivations) ===
[9521.0s] epoch 231 step 182050 avg_loss=0.008
[9523.6s] epoch 231 step 182100 avg_loss=0.011
[9525.9s] epoch 231 step 182150 avg_loss=0.011
[9528.3s] epoch 231 step 182200 avg_loss=0.012
[9530.8s] epoch 231 step 182250 avg_loss=0.011
[9533.6s] epoch 231 step 182300 avg_loss=0.011
[9536.5s] epoch 231 step 182350 avg_loss=0.011
[9539.3s] epoch 231 step 182400 avg_loss=0.011
[9541.9s] epoch 231 step 182450 avg_loss=0.012
[9544.4s] epoch 231 step 182500 avg_loss=0.011
[9547.1s] epoch 231 step 182550 avg_loss=0.011
[9549.7s] epoch 231 step 182600 avg_loss=0.011
[9552.2s] epoch 231 step 182650 avg_loss=0.011
[9555.1s] epoch 231 step 182700 avg_loss=0.012
[9557.6s] epoch 231 step 182750 avg_loss=0.011
[9560.1s] epoch 231 step 182800 avg_loss=0.012
[9561.0s] === epoch 231 done: avg_loss=0.012 (n=788 derivations) ===
[9562.6s] epoch 232 step 182850 avg_loss=0.013
[9565.2s] epoch 232 step 182900 avg_loss=0.010
[9567.9s] epoch 232 step 182950 avg_loss=0.011
[9570.5s] epoch 232 step 183000 avg_loss=0.011
[9573.1s] epoch 232 step 183050 avg_loss=0.011
[9575.8s] epoch 232 step 183100 avg_loss=0.010
[9579.0s] epoch 232 step 183150 avg_loss=0.011
[9581.4s] epoch 232 step 183200 avg_loss=0.011
[9583.7s] epoch 232 step 183250 avg_loss=0.010
[9586.3s] epoch 232 step 183300 avg_loss=0.011
[9589.2s] epoch 232 step 183350 avg_loss=0.011
[9592.1s] epoch 232 step 183400 avg_loss=0.011
[9594.7s] epoch 232 step 183450 avg_loss=0.011
[9597.6s] epoch 232 step 183500 avg_loss=0.011
[9600.6s] epoch 232 step 183550 avg_loss=0.011
[9603.1s] epoch 232 step 183600 avg_loss=0.011
[9603.2s] === epoch 232 done: avg_loss=0.011 (n=788 derivations) ===
[9605.6s] epoch 233 step 183650 avg_loss=0.013
[9608.4s] epoch 233 step 183700 avg_loss=0.013
[9610.9s] epoch 233 step 183750 avg_loss=0.011
[9614.0s] epoch 233 step 183800 avg_loss=0.011
[9616.8s] epoch 233 step 183850 avg_loss=0.011
[9619.4s] epoch 233 step 183900 avg_loss=0.011
[9621.9s] epoch 233 step 183950 avg_loss=0.010
[9624.4s] epoch 233 step 184000 avg_loss=0.010
[9626.8s] epoch 233 step 184050 avg_loss=0.010
[9629.6s] epoch 233 step 184100 avg_loss=0.011
[9632.4s] epoch 233 step 184150 avg_loss=0.011
[9635.2s] epoch 233 step 184200 avg_loss=0.011
[9637.9s] epoch 233 step 184250 avg_loss=0.011
[9640.4s] epoch 233 step 184300 avg_loss=0.011
[9643.3s] epoch 233 step 184350 avg_loss=0.011
[9645.4s] === epoch 233 done: avg_loss=0.011 (n=788 derivations) ===
[9646.1s] epoch 234 step 184400 avg_loss=0.008
[9648.3s] epoch 234 step 184450 avg_loss=0.006
[9650.8s] epoch 234 step 184500 avg_loss=0.007
[9653.8s] epoch 234 step 184550 avg_loss=0.009
[9656.6s] epoch 234 step 184600 avg_loss=0.010
[9659.2s] epoch 234 step 184650 avg_loss=0.010
[9661.7s] epoch 234 step 184700 avg_loss=0.010
[9664.4s] epoch 234 step 184750 avg_loss=0.011
[9667.1s] epoch 234 step 184800 avg_loss=0.011
[9669.8s] epoch 234 step 184850 avg_loss=0.011
[9672.1s] epoch 234 step 184900 avg_loss=0.011
[9675.1s] epoch 234 step 184950 avg_loss=0.011
[9677.4s] epoch 234 step 185000 avg_loss=0.011
[9679.9s] epoch 234 step 185050 avg_loss=0.011
[9682.5s] epoch 234 step 185100 avg_loss=0.011
[9685.3s] epoch 234 step 185150 avg_loss=0.011
[9687.0s] === epoch 234 done: avg_loss=0.011 (n=788 derivations) ===
[9688.1s] epoch 235 step 185200 avg_loss=0.005
[9691.1s] epoch 235 step 185250 avg_loss=0.010
[9694.0s] epoch 235 step 185300 avg_loss=0.010
[9696.7s] epoch 235 step 185350 avg_loss=0.012
[9699.5s] epoch 235 step 185400 avg_loss=0.011
[9702.5s] epoch 235 step 185450 avg_loss=0.011
[9705.3s] epoch 235 step 185500 avg_loss=0.011
[9708.2s] epoch 235 step 185550 avg_loss=0.011
[9711.3s] epoch 235 step 185600 avg_loss=0.011
[9713.8s] epoch 235 step 185650 avg_loss=0.010
[9716.8s] epoch 235 step 185700 avg_loss=0.010
[9719.4s] epoch 235 step 185750 avg_loss=0.010
[9721.8s] epoch 235 step 185800 avg_loss=0.010
[9724.6s] epoch 235 step 185850 avg_loss=0.010
[9727.2s] epoch 235 step 185900 avg_loss=0.010
[9730.0s] epoch 235 step 185950 avg_loss=0.010
[9730.9s] === epoch 235 done: avg_loss=0.010 (n=788 derivations) ===
[9732.3s] epoch 236 step 186000 avg_loss=0.008
[9734.8s] epoch 236 step 186050 avg_loss=0.009
[9737.4s] epoch 236 step 186100 avg_loss=0.011
[9740.5s] epoch 236 step 186150 avg_loss=0.011
[9743.6s] epoch 236 step 186200 avg_loss=0.011
[9746.4s] epoch 236 step 186250 avg_loss=0.011
[9748.9s] epoch 236 step 186300 avg_loss=0.011
[9751.7s] epoch 236 step 186350 avg_loss=0.011
[9754.7s] epoch 236 step 186400 avg_loss=0.010
[9757.5s] epoch 236 step 186450 avg_loss=0.010
[9760.3s] epoch 236 step 186500 avg_loss=0.010
[9762.9s] epoch 236 step 186550 avg_loss=0.010
[9765.4s] epoch 236 step 186600 avg_loss=0.010
[9768.3s] epoch 236 step 186650 avg_loss=0.010
[9771.4s] epoch 236 step 186700 avg_loss=0.010
[9774.0s] epoch 236 step 186750 avg_loss=0.010
[9774.5s] === epoch 236 done: avg_loss=0.010 (n=788 derivations) ===
[9776.7s] epoch 237 step 186800 avg_loss=0.009
[9779.4s] epoch 237 step 186850 avg_loss=0.008
[9781.5s] epoch 237 step 186900 avg_loss=0.008
[9784.0s] epoch 237 step 186950 avg_loss=0.009
[9786.6s] epoch 237 step 187000 avg_loss=0.010
[9789.7s] epoch 237 step 187050 avg_loss=0.010
[9792.4s] epoch 237 step 187100 avg_loss=0.010
[9794.5s] epoch 237 step 187150 avg_loss=0.010
[9797.0s] epoch 237 step 187200 avg_loss=0.010
[9799.5s] epoch 237 step 187250 avg_loss=0.010
[9801.8s] epoch 237 step 187300 avg_loss=0.010
[9804.2s] epoch 237 step 187350 avg_loss=0.010
[9806.7s] epoch 237 step 187400 avg_loss=0.010
[9809.1s] epoch 237 step 187450 avg_loss=0.010
[9811.7s] epoch 237 step 187500 avg_loss=0.010
[9814.0s] === epoch 237 done: avg_loss=0.010 (n=788 derivations) ===
[9814.3s] epoch 238 step 187550 avg_loss=0.008
[9816.7s] epoch 238 step 187600 avg_loss=0.013
[9819.1s] epoch 238 step 187650 avg_loss=0.012
[9821.6s] epoch 238 step 187700 avg_loss=0.011
[9824.1s] epoch 238 step 187750 avg_loss=0.010
[9826.2s] epoch 238 step 187800 avg_loss=0.010
[9828.7s] epoch 238 step 187850 avg_loss=0.010
[9831.2s] epoch 238 step 187900 avg_loss=0.009
[9833.6s] epoch 238 step 187950 avg_loss=0.009
[9835.9s] epoch 238 step 188000 avg_loss=0.009
[9838.6s] epoch 238 step 188050 avg_loss=0.009
[9841.1s] epoch 238 step 188100 avg_loss=0.009
[9843.3s] epoch 238 step 188150 avg_loss=0.009
[9846.2s] epoch 238 step 188200 avg_loss=0.009
[9849.0s] epoch 238 step 188250 avg_loss=0.009
[9851.9s] epoch 238 step 188300 avg_loss=0.009
[9853.6s] === epoch 238 done: avg_loss=0.010 (n=788 derivations) ===
[9854.4s] epoch 239 step 188350 avg_loss=0.012
[9856.6s] epoch 239 step 188400 avg_loss=0.009
[9859.0s] epoch 239 step 188450 avg_loss=0.008
[9861.8s] epoch 239 step 188500 avg_loss=0.009
[9864.6s] epoch 239 step 188550 avg_loss=0.008
[9866.9s] epoch 239 step 188600 avg_loss=0.008
[9869.5s] epoch 239 step 188650 avg_loss=0.008
[9872.3s] epoch 239 step 188700 avg_loss=0.008
[9875.1s] epoch 239 step 188750 avg_loss=0.008
[9877.6s] epoch 239 step 188800 avg_loss=0.008
[9880.4s] epoch 239 step 188850 avg_loss=0.009
[9882.9s] epoch 239 step 188900 avg_loss=0.009
[9885.8s] epoch 239 step 188950 avg_loss=0.009
[9888.5s] epoch 239 step 189000 avg_loss=0.010
[9891.1s] epoch 239 step 189050 avg_loss=0.009
[9894.3s] epoch 239 step 189100 avg_loss=0.010
[9895.4s] === epoch 239 done: avg_loss=0.009 (n=788 derivations) ===
[9896.9s] epoch 240 step 189150 avg_loss=0.010
[9899.3s] epoch 240 step 189200 avg_loss=0.010
[9901.6s] epoch 240 step 189250 avg_loss=0.009
[9904.0s] epoch 240 step 189300 avg_loss=0.009
[9906.4s] epoch 240 step 189350 avg_loss=0.009
[9908.7s] epoch 240 step 189400 avg_loss=0.010
[9911.4s] epoch 240 step 189450 avg_loss=0.010
[9914.0s] epoch 240 step 189500 avg_loss=0.010
[9916.4s] epoch 240 step 189550 avg_loss=0.009
[9918.9s] epoch 240 step 189600 avg_loss=0.009
[9921.5s] epoch 240 step 189650 avg_loss=0.009
[9924.1s] epoch 240 step 189700 avg_loss=0.009
[9926.7s] epoch 240 step 189750 avg_loss=0.009
[9929.3s] epoch 240 step 189800 avg_loss=0.009
[9931.9s] epoch 240 step 189850 avg_loss=0.009
[9934.8s] epoch 240 step 189900 avg_loss=0.009
[9935.2s] === epoch 240 done: avg_loss=0.009 (n=788 derivations) ===
[9937.9s] epoch 241 step 189950 avg_loss=0.007
[9940.7s] epoch 241 step 190000 avg_loss=0.010
[9943.3s] epoch 241 step 190050 avg_loss=0.009
[9946.1s] epoch 241 step 190100 avg_loss=0.009
[9948.3s] epoch 241 step 190150 avg_loss=0.009
[9950.8s] epoch 241 step 190200 avg_loss=0.009
[9953.7s] epoch 241 step 190250 avg_loss=0.009
[9957.4s] epoch 241 step 190300 avg_loss=0.009
[9960.2s] epoch 241 step 190350 avg_loss=0.009
[9963.1s] epoch 241 step 190400 avg_loss=0.009
[9965.9s] epoch 241 step 190450 avg_loss=0.008
[9969.2s] epoch 241 step 190500 avg_loss=0.009
[9972.6s] epoch 241 step 190550 avg_loss=0.009
[9975.5s] epoch 241 step 190600 avg_loss=0.009
[9978.1s] epoch 241 step 190650 avg_loss=0.009
[9980.6s] === epoch 241 done: avg_loss=0.009 (n=788 derivations) ===
[9980.7s] epoch 242 step 190700 avg_loss=0.009
[9983.6s] epoch 242 step 190750 avg_loss=0.010
[9986.7s] epoch 242 step 190800 avg_loss=0.010
[9989.9s] epoch 242 step 190850 avg_loss=0.010
[9993.0s] epoch 242 step 190900 avg_loss=0.009
[9995.9s] epoch 242 step 190950 avg_loss=0.009
[9998.7s] epoch 242 step 191000 avg_loss=0.009
[10002.0s] epoch 242 step 191050 avg_loss=0.009
[10004.6s] epoch 242 step 191100 avg_loss=0.009
[10007.2s] epoch 242 step 191150 avg_loss=0.009
[10009.5s] epoch 242 step 191200 avg_loss=0.009
[10012.0s] epoch 242 step 191250 avg_loss=0.009
[10014.4s] epoch 242 step 191300 avg_loss=0.009
[10017.0s] epoch 242 step 191350 avg_loss=0.009
[10019.7s] epoch 242 step 191400 avg_loss=0.009
[10022.3s] epoch 242 step 191450 avg_loss=0.009
[10024.0s] === epoch 242 done: avg_loss=0.009 (n=788 derivations) ===
[10024.6s] epoch 243 step 191500 avg_loss=0.004
[10027.2s] epoch 243 step 191550 avg_loss=0.008
[10030.0s] epoch 243 step 191600 avg_loss=0.010
[10032.9s] epoch 243 step 191650 avg_loss=0.010
[10035.4s] epoch 243 step 191700 avg_loss=0.010
[10037.9s] epoch 243 step 191750 avg_loss=0.010
[10040.3s] epoch 243 step 191800 avg_loss=0.009
[10042.8s] epoch 243 step 191850 avg_loss=0.009
[10045.8s] epoch 243 step 191900 avg_loss=0.009
[10048.2s] epoch 243 step 191950 avg_loss=0.009
[10050.9s] epoch 243 step 192000 avg_loss=0.009
[10053.5s] epoch 243 step 192050 avg_loss=0.009
[10056.3s] epoch 243 step 192100 avg_loss=0.009
[10059.0s] epoch 243 step 192150 avg_loss=0.009
[10061.7s] epoch 243 step 192200 avg_loss=0.009
[10064.6s] epoch 243 step 192250 avg_loss=0.009
[10066.1s] === epoch 243 done: avg_loss=0.009 (n=788 derivations) ===
[10067.7s] epoch 244 step 192300 avg_loss=0.008
[10070.6s] epoch 244 step 192350 avg_loss=0.006
[10073.4s] epoch 244 step 192400 avg_loss=0.006
[10076.7s] epoch 244 step 192450 avg_loss=0.008
[10079.6s] epoch 244 step 192500 avg_loss=0.008
[10082.9s] epoch 244 step 192550 avg_loss=0.008
[10085.9s] epoch 244 step 192600 avg_loss=0.008
[10088.8s] epoch 244 step 192650 avg_loss=0.008
[10091.8s] epoch 244 step 192700 avg_loss=0.009
[10094.4s] epoch 244 step 192750 avg_loss=0.009
[10096.8s] epoch 244 step 192800 avg_loss=0.008
[10099.5s] epoch 244 step 192850 avg_loss=0.008
[10102.3s] epoch 244 step 192900 avg_loss=0.009
[10104.8s] epoch 244 step 192950 avg_loss=0.008
[10107.5s] epoch 244 step 193000 avg_loss=0.008
[10109.9s] epoch 244 step 193050 avg_loss=0.008
[10110.7s] === epoch 244 done: avg_loss=0.008 (n=788 derivations) ===
[10112.7s] epoch 245 step 193100 avg_loss=0.004
[10115.1s] epoch 245 step 193150 avg_loss=0.005
[10118.2s] epoch 245 step 193200 avg_loss=0.007
[10121.1s] epoch 245 step 193250 avg_loss=0.007
[10124.2s] epoch 245 step 193300 avg_loss=0.008
[10126.7s] epoch 245 step 193350 avg_loss=0.007
[10129.4s] epoch 245 step 193400 avg_loss=0.007
[10131.9s] epoch 245 step 193450 avg_loss=0.007
[10134.7s] epoch 245 step 193500 avg_loss=0.007
[10137.5s] epoch 245 step 193550 avg_loss=0.007
[10140.0s] epoch 245 step 193600 avg_loss=0.007
[10142.9s] epoch 245 step 193650 avg_loss=0.008
[10145.3s] epoch 245 step 193700 avg_loss=0.008
[10147.7s] epoch 245 step 193750 avg_loss=0.008
[10150.6s] epoch 245 step 193800 avg_loss=0.008
[10152.8s] === epoch 245 done: avg_loss=0.008 (n=788 derivations) ===
[10153.0s] epoch 246 step 193850 avg_loss=0.003
[10155.4s] epoch 246 step 193900 avg_loss=0.009
[10158.0s] epoch 246 step 193950 avg_loss=0.008
[10161.1s] epoch 246 step 194000 avg_loss=0.008
[10164.0s] epoch 246 step 194050 avg_loss=0.009
[10166.9s] epoch 246 step 194100 avg_loss=0.009
[10169.6s] epoch 246 step 194150 avg_loss=0.009
[10172.4s] epoch 246 step 194200 avg_loss=0.009
[10175.0s] epoch 246 step 194250 avg_loss=0.009
[10177.6s] epoch 246 step 194300 avg_loss=0.009
[10180.1s] epoch 246 step 194350 avg_loss=0.009
[10182.6s] epoch 246 step 194400 avg_loss=0.009
[10184.7s] epoch 246 step 194450 avg_loss=0.009
[10187.5s] epoch 246 step 194500 avg_loss=0.008
[10190.1s] epoch 246 step 194550 avg_loss=0.008
[10192.8s] epoch 246 step 194600 avg_loss=0.008
[10194.5s] === epoch 246 done: avg_loss=0.008 (n=788 derivations) ===
[10195.2s] epoch 247 step 194650 avg_loss=0.006
[10198.2s] epoch 247 step 194700 avg_loss=0.007
[10201.0s] epoch 247 step 194750 avg_loss=0.007
[10203.8s] epoch 247 step 194800 avg_loss=0.008
[10206.6s] epoch 247 step 194850 avg_loss=0.008
[10209.2s] epoch 247 step 194900 avg_loss=0.008
[10211.9s] epoch 247 step 194950 avg_loss=0.008
[10214.0s] epoch 247 step 195000 avg_loss=0.008
[10216.7s] epoch 247 step 195050 avg_loss=0.008
[10219.1s] epoch 247 step 195100 avg_loss=0.008
[10221.5s] epoch 247 step 195150 avg_loss=0.008
[10223.9s] epoch 247 step 195200 avg_loss=0.008
[10226.0s] epoch 247 step 195250 avg_loss=0.008
[10228.6s] epoch 247 step 195300 avg_loss=0.008
[10231.3s] epoch 247 step 195350 avg_loss=0.008
[10233.9s] epoch 247 step 195400 avg_loss=0.008
[10235.0s] === epoch 247 done: avg_loss=0.008 (n=788 derivations) ===
[10236.4s] epoch 248 step 195450 avg_loss=0.007
[10238.9s] epoch 248 step 195500 avg_loss=0.009
[10241.5s] epoch 248 step 195550 avg_loss=0.008
[10243.9s] epoch 248 step 195600 avg_loss=0.007
[10246.2s] epoch 248 step 195650 avg_loss=0.008
[10248.8s] epoch 248 step 195700 avg_loss=0.008
[10251.6s] epoch 248 step 195750 avg_loss=0.008
[10254.2s] epoch 248 step 195800 avg_loss=0.008
[10257.0s] epoch 248 step 195850 avg_loss=0.008
[10259.3s] epoch 248 step 195900 avg_loss=0.008
[10261.7s] epoch 248 step 195950 avg_loss=0.007
[10264.3s] epoch 248 step 196000 avg_loss=0.007
[10266.8s] epoch 248 step 196050 avg_loss=0.007
[10269.5s] epoch 248 step 196100 avg_loss=0.007
[10272.3s] epoch 248 step 196150 avg_loss=0.007
[10275.1s] epoch 248 step 196200 avg_loss=0.008
[10276.1s] === epoch 248 done: avg_loss=0.008 (n=788 derivations) ===
[10278.0s] epoch 249 step 196250 avg_loss=0.005
[10280.6s] epoch 249 step 196300 avg_loss=0.006
[10283.2s] epoch 249 step 196350 avg_loss=0.006
[10285.9s] epoch 249 step 196400 avg_loss=0.007
[10288.6s] epoch 249 step 196450 avg_loss=0.008
[10291.2s] epoch 249 step 196500 avg_loss=0.008
[10293.8s] epoch 249 step 196550 avg_loss=0.008
[10296.6s] epoch 249 step 196600 avg_loss=0.008
[10299.3s] epoch 249 step 196650 avg_loss=0.008
[10301.7s] epoch 249 step 196700 avg_loss=0.008
[10304.3s] epoch 249 step 196750 avg_loss=0.008
[10307.0s] epoch 249 step 196800 avg_loss=0.008
[10309.3s] epoch 249 step 196850 avg_loss=0.008
[10311.5s] epoch 249 step 196900 avg_loss=0.008
[10314.0s] epoch 249 step 196950 avg_loss=0.008
[10316.4s] epoch 249 step 197000 avg_loss=0.008
[10316.4s] === epoch 249 done: avg_loss=0.008 (n=788 derivations) ===
[10318.8s] epoch 250 step 197050 avg_loss=0.008
[10321.4s] epoch 250 step 197100 avg_loss=0.010
[10323.8s] epoch 250 step 197150 avg_loss=0.009
[10326.8s] epoch 250 step 197200 avg_loss=0.009
[10329.4s] epoch 250 step 197250 avg_loss=0.008
[10331.9s] epoch 250 step 197300 avg_loss=0.008
[10334.9s] epoch 250 step 197350 avg_loss=0.008
[10337.4s] epoch 250 step 197400 avg_loss=0.008
[10340.1s] epoch 250 step 197450 avg_loss=0.008
[10343.2s] epoch 250 step 197500 avg_loss=0.008
[10346.0s] epoch 250 step 197550 avg_loss=0.008
[10348.9s] epoch 250 step 197600 avg_loss=0.008
[10351.6s] epoch 250 step 197650 avg_loss=0.008
[10354.2s] epoch 250 step 197700 avg_loss=0.008
[10356.7s] epoch 250 step 197750 avg_loss=0.008
[10358.8s] === epoch 250 done: avg_loss=0.008 (n=788 derivations) ===
[10359.6s] epoch 251 step 197800 avg_loss=0.012
[10362.1s] epoch 251 step 197850 avg_loss=0.008
[10365.2s] epoch 251 step 197900 avg_loss=0.008
[10367.9s] epoch 251 step 197950 avg_loss=0.007
[10370.7s] epoch 251 step 198000 avg_loss=0.007
[10372.9s] epoch 251 step 198050 avg_loss=0.007
[10375.6s] epoch 251 step 198100 avg_loss=0.007
[10378.3s] epoch 251 step 198150 avg_loss=0.007
[10381.0s] epoch 251 step 198200 avg_loss=0.007
[10383.5s] epoch 251 step 198250 avg_loss=0.007
[10386.3s] epoch 251 step 198300 avg_loss=0.007
[10389.2s] epoch 251 step 198350 avg_loss=0.007
[10392.2s] epoch 251 step 198400 avg_loss=0.007
[10394.9s] epoch 251 step 198450 avg_loss=0.007
[10397.7s] epoch 251 step 198500 avg_loss=0.007
[10400.7s] epoch 251 step 198550 avg_loss=0.007
[10402.2s] === epoch 251 done: avg_loss=0.007 (n=788 derivations) ===
[10403.7s] epoch 252 step 198600 avg_loss=0.007
[10406.6s] epoch 252 step 198650 avg_loss=0.006
[10409.5s] epoch 252 step 198700 avg_loss=0.006
[10412.4s] epoch 252 step 198750 avg_loss=0.006
[10415.1s] epoch 252 step 198800 avg_loss=0.006
[10418.1s] epoch 252 step 198850 avg_loss=0.007
[10420.4s] epoch 252 step 198900 avg_loss=0.007
[10423.6s] epoch 252 step 198950 avg_loss=0.007
[10426.4s] epoch 252 step 199000 avg_loss=0.008
[10429.1s] epoch 252 step 199050 avg_loss=0.008
[10431.7s] epoch 252 step 199100 avg_loss=0.008
[10434.2s] epoch 252 step 199150 avg_loss=0.008
[10436.8s] epoch 252 step 199200 avg_loss=0.007
[10439.4s] epoch 252 step 199250 avg_loss=0.007
[10442.5s] epoch 252 step 199300 avg_loss=0.007
[10445.2s] epoch 252 step 199350 avg_loss=0.007
[10446.0s] === epoch 252 done: avg_loss=0.007 (n=788 derivations) ===
[10448.3s] epoch 253 step 199400 avg_loss=0.008
[10451.3s] epoch 253 step 199450 avg_loss=0.009
[10454.0s] epoch 253 step 199500 avg_loss=0.008
[10456.4s] epoch 253 step 199550 avg_loss=0.007
[10458.9s] epoch 253 step 199600 avg_loss=0.007
[10461.7s] epoch 253 step 199650 avg_loss=0.007
[10464.3s] epoch 253 step 199700 avg_loss=0.007
[10466.6s] epoch 253 step 199750 avg_loss=0.007
[10468.9s] epoch 253 step 199800 avg_loss=0.007
[10471.3s] epoch 253 step 199850 avg_loss=0.007
[10473.9s] epoch 253 step 199900 avg_loss=0.007
[10476.6s] epoch 253 step 199950 avg_loss=0.007
[10479.0s] epoch 253 step 200000 avg_loss=0.007
[10481.5s] epoch 253 step 200050 avg_loss=0.007
[10484.0s] epoch 253 step 200100 avg_loss=0.007
[10486.6s] epoch 253 step 200150 avg_loss=0.007
[10486.6s] === epoch 253 done: avg_loss=0.007 (n=788 derivations) ===
[10489.1s] epoch 254 step 200200 avg_loss=0.003
[10491.6s] epoch 254 step 200250 avg_loss=0.005
[10494.0s] epoch 254 step 200300 avg_loss=0.005
[10496.5s] epoch 254 step 200350 avg_loss=0.006
[10499.2s] epoch 254 step 200400 avg_loss=0.006
[10501.3s] epoch 254 step 200450 avg_loss=0.006
[10503.9s] epoch 254 step 200500 avg_loss=0.006
[10506.3s] epoch 254 step 200550 avg_loss=0.007
[10508.5s] epoch 254 step 200600 avg_loss=0.007
[10510.8s] epoch 254 step 200650 avg_loss=0.007
[10513.2s] epoch 254 step 200700 avg_loss=0.007
[10515.5s] epoch 254 step 200750 avg_loss=0.007
[10518.1s] epoch 254 step 200800 avg_loss=0.007
[10520.9s] epoch 254 step 200850 avg_loss=0.007
[10523.4s] epoch 254 step 200900 avg_loss=0.007
[10525.4s] === epoch 254 done: avg_loss=0.007 (n=788 derivations) ===
[10526.0s] epoch 255 step 200950 avg_loss=0.019
[10529.0s] epoch 255 step 201000 avg_loss=0.008
[10531.4s] epoch 255 step 201050 avg_loss=0.006
[10533.7s] epoch 255 step 201100 avg_loss=0.006
[10536.2s] epoch 255 step 201150 avg_loss=0.006
[10538.7s] epoch 255 step 201200 avg_loss=0.006
[10541.2s] epoch 255 step 201250 avg_loss=0.006
[10543.9s] epoch 255 step 201300 avg_loss=0.007
[10546.0s] epoch 255 step 201350 avg_loss=0.007
[10548.4s] epoch 255 step 201400 avg_loss=0.007
[10550.6s] epoch 255 step 201450 avg_loss=0.007
[10553.3s] epoch 255 step 201500 avg_loss=0.007
[10555.8s] epoch 255 step 201550 avg_loss=0.007
[10558.3s] epoch 255 step 201600 avg_loss=0.007
[10560.7s] epoch 255 step 201650 avg_loss=0.007
[10563.1s] epoch 255 step 201700 avg_loss=0.007
[10564.3s] === epoch 255 done: avg_loss=0.007 (n=788 derivations) ===
[10565.7s] epoch 256 step 201750 avg_loss=0.012
[10567.9s] epoch 256 step 201800 avg_loss=0.007
[10570.6s] epoch 256 step 201850 avg_loss=0.007
[10573.4s] epoch 256 step 201900 avg_loss=0.007
[10575.6s] epoch 256 step 201950 avg_loss=0.007
[10578.1s] epoch 256 step 202000 avg_loss=0.006
[10580.6s] epoch 256 step 202050 avg_loss=0.006
[10582.9s] epoch 256 step 202100 avg_loss=0.006
[10585.2s] epoch 256 step 202150 avg_loss=0.006
[10587.8s] epoch 256 step 202200 avg_loss=0.007
[10590.2s] epoch 256 step 202250 avg_loss=0.007
[10592.1s] epoch 256 step 202300 avg_loss=0.007
[10594.5s] epoch 256 step 202350 avg_loss=0.007
[10596.7s] epoch 256 step 202400 avg_loss=0.007
[10599.1s] epoch 256 step 202450 avg_loss=0.007
[10601.4s] epoch 256 step 202500 avg_loss=0.007
[10602.3s] === epoch 256 done: avg_loss=0.007 (n=788 derivations) ===
[10604.2s] epoch 257 step 202550 avg_loss=0.011
[10606.4s] epoch 257 step 202600 avg_loss=0.007
[10608.9s] epoch 257 step 202650 avg_loss=0.007
[10612.0s] epoch 257 step 202700 avg_loss=0.007
[10614.4s] epoch 257 step 202750 avg_loss=0.006
[10616.9s] epoch 257 step 202800 avg_loss=0.006
[10619.6s] epoch 257 step 202850 avg_loss=0.006
[10622.1s] epoch 257 step 202900 avg_loss=0.006
[10624.8s] epoch 257 step 202950 avg_loss=0.006
[10627.3s] epoch 257 step 203000 avg_loss=0.007
[10629.4s] epoch 257 step 203050 avg_loss=0.007
[10631.9s] epoch 257 step 203100 avg_loss=0.007
[10634.1s] epoch 257 step 203150 avg_loss=0.006
[10636.4s] epoch 257 step 203200 avg_loss=0.006
[10639.5s] epoch 257 step 203250 avg_loss=0.007
[10642.2s] epoch 257 step 203300 avg_loss=0.007
[10642.5s] === epoch 257 done: avg_loss=0.007 (n=788 derivations) ===
[10645.3s] epoch 258 step 203350 avg_loss=0.007
[10647.9s] epoch 258 step 203400 avg_loss=0.007
[10651.3s] epoch 258 step 203450 avg_loss=0.007
[10654.2s] epoch 258 step 203500 avg_loss=0.007
[10657.2s] epoch 258 step 203550 avg_loss=0.007
[10659.7s] epoch 258 step 203600 avg_loss=0.007
[10662.6s] epoch 258 step 203650 avg_loss=0.007
[10665.8s] epoch 258 step 203700 avg_loss=0.007
[10668.7s] epoch 258 step 203750 avg_loss=0.007
[10671.7s] epoch 258 step 203800 avg_loss=0.007
[10674.6s] epoch 258 step 203850 avg_loss=0.007
[10677.3s] epoch 258 step 203900 avg_loss=0.007
[10680.0s] epoch 258 step 203950 avg_loss=0.007
[10682.7s] epoch 258 step 204000 avg_loss=0.007
[10685.6s] epoch 258 step 204050 avg_loss=0.007
[10688.0s] === epoch 258 done: avg_loss=0.007 (n=788 derivations) ===
[10688.6s] epoch 259 step 204100 avg_loss=0.007
[10691.7s] epoch 259 step 204150 avg_loss=0.007
[10694.8s] epoch 259 step 204200 avg_loss=0.008
[10697.2s] epoch 259 step 204250 avg_loss=0.006
[10699.9s] epoch 259 step 204300 avg_loss=0.006
[10702.5s] epoch 259 step 204350 avg_loss=0.006
[10705.0s] epoch 259 step 204400 avg_loss=0.006
[10707.2s] epoch 259 step 204450 avg_loss=0.006
[10709.7s] epoch 259 step 204500 avg_loss=0.006
[10711.9s] epoch 259 step 204550 avg_loss=0.006
[10714.2s] epoch 259 step 204600 avg_loss=0.006
[10716.7s] epoch 259 step 204650 avg_loss=0.006
[10719.4s] epoch 259 step 204700 avg_loss=0.006
[10722.1s] epoch 259 step 204750 avg_loss=0.006
[10724.3s] epoch 259 step 204800 avg_loss=0.006
[10727.0s] epoch 259 step 204850 avg_loss=0.006
[10728.6s] === epoch 259 done: avg_loss=0.006 (n=788 derivations) ===
[10729.5s] epoch 260 step 204900 avg_loss=0.006
[10731.9s] epoch 260 step 204950 avg_loss=0.006
[10734.3s] epoch 260 step 205000 avg_loss=0.006
[10736.7s] epoch 260 step 205050 avg_loss=0.006
[10739.2s] epoch 260 step 205100 avg_loss=0.006
[10742.1s] epoch 260 step 205150 avg_loss=0.006
[10744.9s] epoch 260 step 205200 avg_loss=0.006
[10747.7s] epoch 260 step 205250 avg_loss=0.006
[10750.9s] epoch 260 step 205300 avg_loss=0.006
[10753.8s] epoch 260 step 205350 avg_loss=0.007
[10756.0s] epoch 260 step 205400 avg_loss=0.006
[10758.2s] epoch 260 step 205450 avg_loss=0.006
[10760.8s] epoch 260 step 205500 avg_loss=0.006
[10763.8s] epoch 260 step 205550 avg_loss=0.006
[10766.5s] epoch 260 step 205600 avg_loss=0.006
[10769.3s] epoch 260 step 205650 avg_loss=0.006
[10770.5s] === epoch 260 done: avg_loss=0.006 (n=788 derivations) ===
[10772.0s] epoch 261 step 205700 avg_loss=0.006
[10774.8s] epoch 261 step 205750 avg_loss=0.006
[10777.2s] epoch 261 step 205800 avg_loss=0.006
[10779.6s] epoch 261 step 205850 avg_loss=0.006
[10782.4s] epoch 261 step 205900 avg_loss=0.006
[10785.1s] epoch 261 step 205950 avg_loss=0.006
[10787.4s] epoch 261 step 206000 avg_loss=0.006
[10790.2s] epoch 261 step 206050 avg_loss=0.007
[10792.6s] epoch 261 step 206100 avg_loss=0.007
[10795.2s] epoch 261 step 206150 avg_loss=0.006
[10797.8s] epoch 261 step 206200 avg_loss=0.006
[10800.2s] epoch 261 step 206250 avg_loss=0.006
[10802.8s] epoch 261 step 206300 avg_loss=0.006
[10805.4s] epoch 261 step 206350 avg_loss=0.006
[10807.9s] epoch 261 step 206400 avg_loss=0.006
[10811.0s] epoch 261 step 206450 avg_loss=0.006
[10811.3s] === epoch 261 done: avg_loss=0.006 (n=788 derivations) ===
[10813.9s] epoch 262 step 206500 avg_loss=0.007
[10816.5s] epoch 262 step 206550 avg_loss=0.007
[10819.3s] epoch 262 step 206600 avg_loss=0.007
[10821.9s] epoch 262 step 206650 avg_loss=0.007
[10824.4s] epoch 262 step 206700 avg_loss=0.007
[10826.8s] epoch 262 step 206750 avg_loss=0.006
[10829.1s] epoch 262 step 206800 avg_loss=0.006
[10831.7s] epoch 262 step 206850 avg_loss=0.006
[10834.5s] epoch 262 step 206900 avg_loss=0.006
[10837.3s] epoch 262 step 206950 avg_loss=0.006
[10840.2s] epoch 262 step 207000 avg_loss=0.006
[10843.1s] epoch 262 step 207050 avg_loss=0.006
[10845.9s] epoch 262 step 207100 avg_loss=0.006
[10848.5s] epoch 262 step 207150 avg_loss=0.006
[10851.0s] epoch 262 step 207200 avg_loss=0.006
[10853.6s] === epoch 262 done: avg_loss=0.006 (n=788 derivations) ===
[10853.8s] epoch 263 step 207250 avg_loss=0.001
[10856.3s] epoch 263 step 207300 avg_loss=0.005
[10858.9s] epoch 263 step 207350 avg_loss=0.006
[10861.4s] epoch 263 step 207400 avg_loss=0.005
[10864.5s] epoch 263 step 207450 avg_loss=0.006
[10867.2s] epoch 263 step 207500 avg_loss=0.005
[10870.1s] epoch 263 step 207550 avg_loss=0.006
[10873.0s] epoch 263 step 207600 avg_loss=0.006
[10875.4s] epoch 263 step 207650 avg_loss=0.006
[10878.2s] epoch 263 step 207700 avg_loss=0.006
[10880.8s] epoch 263 step 207750 avg_loss=0.006
[10883.1s] epoch 263 step 207800 avg_loss=0.007
[10886.1s] epoch 263 step 207850 avg_loss=0.006
[10888.5s] epoch 263 step 207900 avg_loss=0.006
[10890.9s] epoch 263 step 207950 avg_loss=0.006
[10893.4s] epoch 263 step 208000 avg_loss=0.006
[10894.9s] === epoch 263 done: avg_loss=0.006 (n=788 derivations) ===
[10895.8s] epoch 264 step 208050 avg_loss=0.007
[10898.7s] epoch 264 step 208100 avg_loss=0.006
[10901.5s] epoch 264 step 208150 avg_loss=0.006
[10904.6s] epoch 264 step 208200 avg_loss=0.006
[10906.9s] epoch 264 step 208250 avg_loss=0.006
[10909.6s] epoch 264 step 208300 avg_loss=0.006
[10912.7s] epoch 264 step 208350 avg_loss=0.006
[10915.2s] epoch 264 step 208400 avg_loss=0.006
[10917.7s] epoch 264 step 208450 avg_loss=0.006
[10920.3s] epoch 264 step 208500 avg_loss=0.006
[10923.2s] epoch 264 step 208550 avg_loss=0.006
[10925.8s] epoch 264 step 208600 avg_loss=0.006
[10928.3s] epoch 264 step 208650 avg_loss=0.006
[10930.9s] epoch 264 step 208700 avg_loss=0.006
[10933.5s] epoch 264 step 208750 avg_loss=0.006
[10936.0s] epoch 264 step 208800 avg_loss=0.006
[10937.0s] === epoch 264 done: avg_loss=0.006 (n=788 derivations) ===
[10938.8s] epoch 265 step 208850 avg_loss=0.006
[10941.5s] epoch 265 step 208900 avg_loss=0.006
[10944.6s] epoch 265 step 208950 avg_loss=0.006
[10947.0s] epoch 265 step 209000 avg_loss=0.005
[10949.7s] epoch 265 step 209050 avg_loss=0.005
[10952.5s] epoch 265 step 209100 avg_loss=0.005
[10956.0s] epoch 265 step 209150 avg_loss=0.006
[10958.9s] epoch 265 step 209200 avg_loss=0.006
[10961.3s] epoch 265 step 209250 avg_loss=0.006
[10963.8s] epoch 265 step 209300 avg_loss=0.006
[10966.4s] epoch 265 step 209350 avg_loss=0.006
[10969.7s] epoch 265 step 209400 avg_loss=0.006
[10972.2s] epoch 265 step 209450 avg_loss=0.006
[10975.1s] epoch 265 step 209500 avg_loss=0.006
[10977.6s] epoch 265 step 209550 avg_loss=0.006
[10980.5s] epoch 265 step 209600 avg_loss=0.006
[10980.9s] === epoch 265 done: avg_loss=0.006 (n=788 derivations) ===
[10983.0s] epoch 266 step 209650 avg_loss=0.005
[10985.8s] epoch 266 step 209700 avg_loss=0.005
[10988.6s] epoch 266 step 209750 avg_loss=0.005
[10991.5s] epoch 266 step 209800 avg_loss=0.006
[10993.9s] epoch 266 step 209850 avg_loss=0.006
[10996.4s] epoch 266 step 209900 avg_loss=0.006
[10998.9s] epoch 266 step 209950 avg_loss=0.006
[11001.3s] epoch 266 step 210000 avg_loss=0.005
[11004.0s] epoch 266 step 210050 avg_loss=0.006
[11006.9s] epoch 266 step 210100 avg_loss=0.006
[11009.8s] epoch 266 step 210150 avg_loss=0.006
[11012.6s] epoch 266 step 210200 avg_loss=0.005
[11015.3s] epoch 266 step 210250 avg_loss=0.006
[11018.2s] epoch 266 step 210300 avg_loss=0.006
[11020.9s] epoch 266 step 210350 avg_loss=0.006
[11023.3s] === epoch 266 done: avg_loss=0.006 (n=788 derivations) ===
[11023.5s] epoch 267 step 210400 avg_loss=0.004
[11025.8s] epoch 267 step 210450 avg_loss=0.004
[11028.8s] epoch 267 step 210500 avg_loss=0.005
[11031.5s] epoch 267 step 210550 avg_loss=0.005
[11034.5s] epoch 267 step 210600 avg_loss=0.005
[11037.4s] epoch 267 step 210650 avg_loss=0.005
[11040.2s] epoch 267 step 210700 avg_loss=0.005
[11042.7s] epoch 267 step 210750 avg_loss=0.005
[11045.3s] epoch 267 step 210800 avg_loss=0.005
[11047.7s] epoch 267 step 210850 avg_loss=0.005
[11050.4s] epoch 267 step 210900 avg_loss=0.005
[11052.9s] epoch 267 step 210950 avg_loss=0.005
[11055.4s] epoch 267 step 211000 avg_loss=0.005
[11058.0s] epoch 267 step 211050 avg_loss=0.005
[11060.6s] epoch 267 step 211100 avg_loss=0.005
[11063.5s] epoch 267 step 211150 avg_loss=0.005
[11065.4s] === epoch 267 done: avg_loss=0.006 (n=788 derivations) ===
[11066.2s] epoch 268 step 211200 avg_loss=0.006
[11068.7s] epoch 268 step 211250 avg_loss=0.005
[11071.2s] epoch 268 step 211300 avg_loss=0.005
[11073.5s] epoch 268 step 211350 avg_loss=0.005
[11076.5s] epoch 268 step 211400 avg_loss=0.005
[11079.4s] epoch 268 step 211450 avg_loss=0.005
[11082.7s] epoch 268 step 211500 avg_loss=0.005
[11085.3s] epoch 268 step 211550 avg_loss=0.006
[11087.6s] epoch 268 step 211600 avg_loss=0.006
[11089.9s] epoch 268 step 211650 avg_loss=0.005
[11093.1s] epoch 268 step 211700 avg_loss=0.006
[11095.2s] epoch 268 step 211750 avg_loss=0.006
[11097.7s] epoch 268 step 211800 avg_loss=0.006
[11100.3s] epoch 268 step 211850 avg_loss=0.006
[11102.8s] epoch 268 step 211900 avg_loss=0.006
[11105.3s] epoch 268 step 211950 avg_loss=0.006
[11106.3s] === epoch 268 done: avg_loss=0.006 (n=788 derivations) ===
[11107.7s] epoch 269 step 212000 avg_loss=0.006
[11110.7s] epoch 269 step 212050 avg_loss=0.007
[11113.0s] epoch 269 step 212100 avg_loss=0.006
[11115.3s] epoch 269 step 212150 avg_loss=0.006
[11117.7s] epoch 269 step 212200 avg_loss=0.006
[11120.4s] epoch 269 step 212250 avg_loss=0.006
[11123.0s] epoch 269 step 212300 avg_loss=0.006
[11125.8s] epoch 269 step 212350 avg_loss=0.005
[11128.3s] epoch 269 step 212400 avg_loss=0.005
[11131.3s] epoch 269 step 212450 avg_loss=0.005
[11133.8s] epoch 269 step 212500 avg_loss=0.005
[11137.0s] epoch 269 step 212550 avg_loss=0.005
[11140.2s] epoch 269 step 212600 avg_loss=0.005
[11143.0s] epoch 269 step 212650 avg_loss=0.005
[11145.7s] epoch 269 step 212700 avg_loss=0.005
[11148.1s] epoch 269 step 212750 avg_loss=0.006
[11148.5s] === epoch 269 done: avg_loss=0.005 (n=788 derivations) ===
[11150.6s] epoch 270 step 212800 avg_loss=0.006
[11153.6s] epoch 270 step 212850 avg_loss=0.006
[11156.3s] epoch 270 step 212900 avg_loss=0.005
[11159.2s] epoch 270 step 212950 avg_loss=0.006
[11161.9s] epoch 270 step 213000 avg_loss=0.006
[11164.8s] epoch 270 step 213050 avg_loss=0.006
[11167.4s] epoch 270 step 213100 avg_loss=0.006
[11170.1s] epoch 270 step 213150 avg_loss=0.006
[11172.7s] epoch 270 step 213200 avg_loss=0.005
[11175.2s] epoch 270 step 213250 avg_loss=0.005
[11178.0s] epoch 270 step 213300 avg_loss=0.005
[11180.5s] epoch 270 step 213350 avg_loss=0.005
[11183.3s] epoch 270 step 213400 avg_loss=0.006
[11185.9s] epoch 270 step 213450 avg_loss=0.006
[11188.2s] epoch 270 step 213500 avg_loss=0.005
[11190.9s] === epoch 270 done: avg_loss=0.005 (n=788 derivations) ===
[11190.9s] epoch 271 step 213550 avg_loss=0.001
[11193.7s] epoch 271 step 213600 avg_loss=0.006
[11196.8s] epoch 271 step 213650 avg_loss=0.007
[11199.4s] epoch 271 step 213700 avg_loss=0.006
[11202.2s] epoch 271 step 213750 avg_loss=0.006
[11204.8s] epoch 271 step 213800 avg_loss=0.006
[11208.1s] epoch 271 step 213850 avg_loss=0.006
[11211.0s] epoch 271 step 213900 avg_loss=0.006
[11214.0s] epoch 271 step 213950 avg_loss=0.006
[11216.3s] epoch 271 step 214000 avg_loss=0.006
[11218.9s] epoch 271 step 214050 avg_loss=0.005
[11221.2s] epoch 271 step 214100 avg_loss=0.005
[11223.7s] epoch 271 step 214150 avg_loss=0.005
[11226.6s] epoch 271 step 214200 avg_loss=0.005
[11229.6s] epoch 271 step 214250 avg_loss=0.005
[11232.3s] epoch 271 step 214300 avg_loss=0.005
[11234.2s] === epoch 271 done: avg_loss=0.005 (n=788 derivations) ===
[11234.9s] epoch 272 step 214350 avg_loss=0.004
[11238.4s] epoch 272 step 214400 avg_loss=0.005
[11241.4s] epoch 272 step 214450 avg_loss=0.005
[11244.3s] epoch 272 step 214500 avg_loss=0.005
[11247.0s] epoch 272 step 214550 avg_loss=0.005
[11250.0s] epoch 272 step 214600 avg_loss=0.005
[11253.2s] epoch 272 step 214650 avg_loss=0.005
[11255.9s] epoch 272 step 214700 avg_loss=0.005
[11258.7s] epoch 272 step 214750 avg_loss=0.005
[11261.5s] epoch 272 step 214800 avg_loss=0.005
[11264.3s] epoch 272 step 214850 avg_loss=0.005
[11266.7s] epoch 272 step 214900 avg_loss=0.005
[11269.3s] epoch 272 step 214950 avg_loss=0.005
[11271.9s] epoch 272 step 215000 avg_loss=0.005
[11274.7s] epoch 272 step 215050 avg_loss=0.005
[11276.9s] epoch 272 step 215100 avg_loss=0.005
[11278.2s] === epoch 272 done: avg_loss=0.005 (n=788 derivations) ===
[11279.5s] epoch 273 step 215150 avg_loss=0.005
[11282.1s] epoch 273 step 215200 avg_loss=0.004
[11284.9s] epoch 273 step 215250 avg_loss=0.005
[11287.5s] epoch 273 step 215300 avg_loss=0.005
[11290.1s] epoch 273 step 215350 avg_loss=0.005
[11292.2s] epoch 273 step 215400 avg_loss=0.005
[11294.7s] epoch 273 step 215450 avg_loss=0.005
[11297.2s] epoch 273 step 215500 avg_loss=0.005
[11299.7s] epoch 273 step 215550 avg_loss=0.005
[11302.3s] epoch 273 step 215600 avg_loss=0.005
[11305.6s] epoch 273 step 215650 avg_loss=0.005
[11308.3s] epoch 273 step 215700 avg_loss=0.005
[11311.5s] epoch 273 step 215750 avg_loss=0.005
[11314.3s] epoch 273 step 215800 avg_loss=0.005
[11317.0s] epoch 273 step 215850 avg_loss=0.005
[11319.5s] epoch 273 step 215900 avg_loss=0.005
[11320.3s] === epoch 273 done: avg_loss=0.005 (n=788 derivations) ===
[11322.5s] epoch 274 step 215950 avg_loss=0.007
[11325.2s] epoch 274 step 216000 avg_loss=0.006
[11328.0s] epoch 274 step 216050 avg_loss=0.006
[11330.4s] epoch 274 step 216100 avg_loss=0.006
[11333.1s] epoch 274 step 216150 avg_loss=0.006
[11336.2s] epoch 274 step 216200 avg_loss=0.006
[11338.5s] epoch 274 step 216250 avg_loss=0.005
[11341.0s] epoch 274 step 216300 avg_loss=0.005
[11344.0s] epoch 274 step 216350 avg_loss=0.005
[11346.8s] epoch 274 step 216400 avg_loss=0.005
[11349.3s] epoch 274 step 216450 avg_loss=0.005
[11352.3s] epoch 274 step 216500 avg_loss=0.005
[11354.8s] epoch 274 step 216550 avg_loss=0.005
[11357.2s] epoch 274 step 216600 avg_loss=0.005
[11359.8s] epoch 274 step 216650 avg_loss=0.005
[11362.2s] epoch 274 step 216700 avg_loss=0.005
[11362.2s] === epoch 274 done: avg_loss=0.005 (n=788 derivations) ===
[11364.9s] epoch 275 step 216750 avg_loss=0.006
[11367.8s] epoch 275 step 216800 avg_loss=0.005
[11370.1s] epoch 275 step 216850 avg_loss=0.004
[11372.8s] epoch 275 step 216900 avg_loss=0.004
[11375.9s] epoch 275 step 216950 avg_loss=0.005
[11379.0s] epoch 275 step 217000 avg_loss=0.005
[11381.7s] epoch 275 step 217050 avg_loss=0.005
[11384.1s] epoch 275 step 217100 avg_loss=0.005
[11386.7s] epoch 275 step 217150 avg_loss=0.005
[11389.3s] epoch 275 step 217200 avg_loss=0.004
[11392.5s] epoch 275 step 217250 avg_loss=0.005
[11395.2s] epoch 275 step 217300 avg_loss=0.005
[11397.9s] epoch 275 step 217350 avg_loss=0.005
[11400.2s] epoch 275 step 217400 avg_loss=0.005
[11402.4s] epoch 275 step 217450 avg_loss=0.005
[11404.2s] === epoch 275 done: avg_loss=0.005 (n=788 derivations) ===
[11404.7s] epoch 276 step 217500 avg_loss=0.006
[11407.4s] epoch 276 step 217550 avg_loss=0.007
[11410.0s] epoch 276 step 217600 avg_loss=0.006
[11412.2s] epoch 276 step 217650 avg_loss=0.005
[11414.8s] epoch 276 step 217700 avg_loss=0.005
[11417.1s] epoch 276 step 217750 avg_loss=0.005
[11420.0s] epoch 276 step 217800 avg_loss=0.005
[11423.1s] epoch 276 step 217850 avg_loss=0.005
[11425.4s] epoch 276 step 217900 avg_loss=0.005
[11428.3s] epoch 276 step 217950 avg_loss=0.005
[11431.5s] epoch 276 step 218000 avg_loss=0.005
[11434.6s] epoch 276 step 218050 avg_loss=0.005
[11438.0s] epoch 276 step 218100 avg_loss=0.005
[11441.0s] epoch 276 step 218150 avg_loss=0.005
[11444.6s] epoch 276 step 218200 avg_loss=0.005
[11447.9s] epoch 276 step 218250 avg_loss=0.005
[11449.5s] === epoch 276 done: avg_loss=0.005 (n=788 derivations) ===
[11450.8s] epoch 277 step 218300 avg_loss=0.005
[11453.4s] epoch 277 step 218350 avg_loss=0.004
[11456.9s] epoch 277 step 218400 avg_loss=0.006
[11459.9s] epoch 277 step 218450 avg_loss=0.006
[11462.7s] epoch 277 step 218500 avg_loss=0.006
[11465.5s] epoch 277 step 218550 avg_loss=0.006
[11468.3s] epoch 277 step 218600 avg_loss=0.006
[11471.0s] epoch 277 step 218650 avg_loss=0.006
[11473.4s] epoch 277 step 218700 avg_loss=0.005
[11476.1s] epoch 277 step 218750 avg_loss=0.005
[11478.7s] epoch 277 step 218800 avg_loss=0.005
[11481.3s] epoch 277 step 218850 avg_loss=0.005
[11484.3s] epoch 277 step 218900 avg_loss=0.005
[11486.9s] epoch 277 step 218950 avg_loss=0.005
[11489.8s] epoch 277 step 219000 avg_loss=0.005
[11492.5s] epoch 277 step 219050 avg_loss=0.005
[11493.2s] === epoch 277 done: avg_loss=0.005 (n=788 derivations) ===
[11494.9s] epoch 278 step 219100 avg_loss=0.004
[11497.4s] epoch 278 step 219150 avg_loss=0.004
[11500.0s] epoch 278 step 219200 avg_loss=0.004
[11502.7s] epoch 278 step 219250 avg_loss=0.005
[11505.7s] epoch 278 step 219300 avg_loss=0.005
[11509.0s] epoch 278 step 219350 avg_loss=0.005
[11512.4s] epoch 278 step 219400 avg_loss=0.005
[11514.9s] epoch 278 step 219450 avg_loss=0.005
[11517.9s] epoch 278 step 219500 avg_loss=0.005
[11520.4s] epoch 278 step 219550 avg_loss=0.005
[11522.8s] epoch 278 step 219600 avg_loss=0.005
[11526.0s] epoch 278 step 219650 avg_loss=0.005
[11528.9s] epoch 278 step 219700 avg_loss=0.005
[11531.2s] epoch 278 step 219750 avg_loss=0.005
[11533.6s] epoch 278 step 219800 avg_loss=0.005
[11536.2s] epoch 278 step 219850 avg_loss=0.005
[11536.3s] === epoch 278 done: avg_loss=0.005 (n=788 derivations) ===
[11538.8s] epoch 279 step 219900 avg_loss=0.004
[11541.2s] epoch 279 step 219950 avg_loss=0.004
[11543.7s] epoch 279 step 220000 avg_loss=0.004
[11546.1s] epoch 279 step 220050 avg_loss=0.005
[11548.7s] epoch 279 step 220100 avg_loss=0.004
[11551.1s] epoch 279 step 220150 avg_loss=0.004
[11553.7s] epoch 279 step 220200 avg_loss=0.004
[11556.5s] epoch 279 step 220250 avg_loss=0.004
[11559.6s] epoch 279 step 220300 avg_loss=0.004
[11562.4s] epoch 279 step 220350 avg_loss=0.005
[11565.3s] epoch 279 step 220400 avg_loss=0.005
[11568.0s] epoch 279 step 220450 avg_loss=0.005
[11570.4s] epoch 279 step 220500 avg_loss=0.005
[11573.3s] epoch 279 step 220550 avg_loss=0.005
[11575.8s] epoch 279 step 220600 avg_loss=0.005
[11578.0s] === epoch 279 done: avg_loss=0.005 (n=788 derivations) ===
[11578.4s] epoch 280 step 220650 avg_loss=0.003
[11580.9s] epoch 280 step 220700 avg_loss=0.003
[11583.8s] epoch 280 step 220750 avg_loss=0.004
[11586.8s] epoch 280 step 220800 avg_loss=0.005
[11589.5s] epoch 280 step 220850 avg_loss=0.004
[11592.8s] epoch 280 step 220900 avg_loss=0.005
[11595.5s] epoch 280 step 220950 avg_loss=0.005
[11598.6s] epoch 280 step 221000 avg_loss=0.005
[11601.0s] epoch 280 step 221050 avg_loss=0.005
[11604.2s] epoch 280 step 221100 avg_loss=0.005
[11606.9s] epoch 280 step 221150 avg_loss=0.004
[11609.4s] epoch 280 step 221200 avg_loss=0.004
[11612.1s] epoch 280 step 221250 avg_loss=0.004
[11615.0s] epoch 280 step 221300 avg_loss=0.004
[11618.0s] epoch 280 step 221350 avg_loss=0.005
[11620.6s] epoch 280 step 221400 avg_loss=0.005
[11622.1s] === epoch 280 done: avg_loss=0.005 (n=788 derivations) ===
[11623.0s] epoch 281 step 221450 avg_loss=0.003
[11625.4s] epoch 281 step 221500 avg_loss=0.003
[11628.1s] epoch 281 step 221550 avg_loss=0.004
[11630.8s] epoch 281 step 221600 avg_loss=0.004
[11633.8s] epoch 281 step 221650 avg_loss=0.005
[11636.9s] epoch 281 step 221700 avg_loss=0.005
[11639.4s] epoch 281 step 221750 avg_loss=0.005
[11641.9s] epoch 281 step 221800 avg_loss=0.005
[11644.5s] epoch 281 step 221850 avg_loss=0.005
[11647.1s] epoch 281 step 221900 avg_loss=0.005
[11649.6s] epoch 281 step 221950 avg_loss=0.005
[11652.0s] epoch 281 step 222000 avg_loss=0.005
[11654.7s] epoch 281 step 222050 avg_loss=0.005
[11657.3s] epoch 281 step 222100 avg_loss=0.005
[11659.9s] epoch 281 step 222150 avg_loss=0.005
[11662.6s] epoch 281 step 222200 avg_loss=0.005
[11663.4s] === epoch 281 done: avg_loss=0.005 (n=788 derivations) ===
[11665.2s] epoch 282 step 222250 avg_loss=0.005
[11667.7s] epoch 282 step 222300 avg_loss=0.004
[11670.2s] epoch 282 step 222350 avg_loss=0.005
[11672.5s] epoch 282 step 222400 avg_loss=0.004
[11675.0s] epoch 282 step 222450 avg_loss=0.005
[11677.6s] epoch 282 step 222500 avg_loss=0.005
[11680.5s] epoch 282 step 222550 avg_loss=0.005
[11683.1s] epoch 282 step 222600 avg_loss=0.005
[11685.2s] epoch 282 step 222650 avg_loss=0.005
[11688.0s] epoch 282 step 222700 avg_loss=0.005
[11690.8s] epoch 282 step 222750 avg_loss=0.005
[11693.6s] epoch 282 step 222800 avg_loss=0.005
[11696.8s] epoch 282 step 222850 avg_loss=0.005
[11699.9s] epoch 282 step 222900 avg_loss=0.005
[11702.5s] epoch 282 step 222950 avg_loss=0.005
[11705.4s] epoch 282 step 223000 avg_loss=0.004
[11705.6s] === epoch 282 done: avg_loss=0.004 (n=788 derivations) ===
[11708.1s] epoch 283 step 223050 avg_loss=0.004
[11710.8s] epoch 283 step 223100 avg_loss=0.005
[11713.7s] epoch 283 step 223150 avg_loss=0.006
[11716.1s] epoch 283 step 223200 avg_loss=0.005
[11719.2s] epoch 283 step 223250 avg_loss=0.005
[11721.8s] epoch 283 step 223300 avg_loss=0.005
[11724.3s] epoch 283 step 223350 avg_loss=0.005
[11727.3s] epoch 283 step 223400 avg_loss=0.005
[11729.7s] epoch 283 step 223450 avg_loss=0.005
[11732.8s] epoch 283 step 223500 avg_loss=0.005
[11735.6s] epoch 283 step 223550 avg_loss=0.004
[11738.9s] epoch 283 step 223600 avg_loss=0.004
[11741.6s] epoch 283 step 223650 avg_loss=0.004
[11744.6s] epoch 283 step 223700 avg_loss=0.004
[11747.6s] epoch 283 step 223750 avg_loss=0.004
[11749.9s] === epoch 283 done: avg_loss=0.004 (n=788 derivations) ===
[11750.5s] epoch 284 step 223800 avg_loss=0.003
[11753.4s] epoch 284 step 223850 avg_loss=0.003
[11756.5s] epoch 284 step 223900 avg_loss=0.005
[11759.5s] epoch 284 step 223950 avg_loss=0.005
[11762.2s] epoch 284 step 224000 avg_loss=0.005
[11764.8s] epoch 284 step 224050 avg_loss=0.005
[11766.9s] epoch 284 step 224100 avg_loss=0.005
[11769.2s] epoch 284 step 224150 avg_loss=0.005
[11772.0s] epoch 284 step 224200 avg_loss=0.004
[11774.4s] epoch 284 step 224250 avg_loss=0.004
[11777.0s] epoch 284 step 224300 avg_loss=0.004
[11778.9s] epoch 284 step 224350 avg_loss=0.004
[11781.6s] epoch 284 step 224400 avg_loss=0.004
[11784.0s] epoch 284 step 224450 avg_loss=0.004
[11786.2s] epoch 284 step 224500 avg_loss=0.004
[11788.5s] epoch 284 step 224550 avg_loss=0.004
[11790.0s] === epoch 284 done: avg_loss=0.004 (n=788 derivations) ===
[11790.8s] epoch 285 step 224600 avg_loss=0.004
[11793.1s] epoch 285 step 224650 avg_loss=0.003
[11795.7s] epoch 285 step 224700 avg_loss=0.005
[11798.3s] epoch 285 step 224750 avg_loss=0.005
[11801.0s] epoch 285 step 224800 avg_loss=0.005
[11803.4s] epoch 285 step 224850 avg_loss=0.005
[11806.1s] epoch 285 step 224900 avg_loss=0.004
[11809.2s] epoch 285 step 224950 avg_loss=0.005
[11812.5s] epoch 285 step 225000 avg_loss=0.005
[11815.5s] epoch 285 step 225050 avg_loss=0.004
[11818.2s] epoch 285 step 225100 avg_loss=0.004
[11821.4s] epoch 285 step 225150 avg_loss=0.004
[11824.1s] epoch 285 step 225200 avg_loss=0.004
[11826.5s] epoch 285 step 225250 avg_loss=0.004
[11829.4s] epoch 285 step 225300 avg_loss=0.004
[11832.7s] epoch 285 step 225350 avg_loss=0.004
[11833.4s] === epoch 285 done: avg_loss=0.004 (n=788 derivations) ===
[11835.2s] epoch 286 step 225400 avg_loss=0.002
[11837.8s] epoch 286 step 225450 avg_loss=0.003
[11840.5s] epoch 286 step 225500 avg_loss=0.004
[11843.0s] epoch 286 step 225550 avg_loss=0.004
[11845.7s] epoch 286 step 225600 avg_loss=0.004
[11848.3s] epoch 286 step 225650 avg_loss=0.004
[11851.3s] epoch 286 step 225700 avg_loss=0.004
[11854.4s] epoch 286 step 225750 avg_loss=0.004
[11857.6s] epoch 286 step 225800 avg_loss=0.004
[11861.1s] epoch 286 step 225850 avg_loss=0.004
[11863.9s] epoch 286 step 225900 avg_loss=0.004
[11866.7s] epoch 286 step 225950 avg_loss=0.004
[11869.3s] epoch 286 step 226000 avg_loss=0.004
[11872.3s] epoch 286 step 226050 avg_loss=0.004
[11875.2s] epoch 286 step 226100 avg_loss=0.004
[11878.0s] epoch 286 step 226150 avg_loss=0.004
[11878.5s] === epoch 286 done: avg_loss=0.004 (n=788 derivations) ===
[11881.1s] epoch 287 step 226200 avg_loss=0.003
[11884.3s] epoch 287 step 226250 avg_loss=0.004
[11886.7s] epoch 287 step 226300 avg_loss=0.004
[11889.5s] epoch 287 step 226350 avg_loss=0.004
[11892.1s] epoch 287 step 226400 avg_loss=0.004
[11894.9s] epoch 287 step 226450 avg_loss=0.004
[11897.4s] epoch 287 step 226500 avg_loss=0.004
[11900.1s] epoch 287 step 226550 avg_loss=0.004
[11902.9s] epoch 287 step 226600 avg_loss=0.004
[11905.5s] epoch 287 step 226650 avg_loss=0.004
[11908.3s] epoch 287 step 226700 avg_loss=0.004
[11910.9s] epoch 287 step 226750 avg_loss=0.004
[11913.6s] epoch 287 step 226800 avg_loss=0.004
[11915.7s] epoch 287 step 226850 avg_loss=0.004
[11918.1s] epoch 287 step 226900 avg_loss=0.004
[11920.5s] === epoch 287 done: avg_loss=0.004 (n=788 derivations) ===
[11920.8s] epoch 288 step 226950 avg_loss=0.006
[11923.3s] epoch 288 step 227000 avg_loss=0.003
[11925.5s] epoch 288 step 227050 avg_loss=0.003
[11927.8s] epoch 288 step 227100 avg_loss=0.004
[11930.2s] epoch 288 step 227150 avg_loss=0.004
[11933.0s] epoch 288 step 227200 avg_loss=0.004
[11935.7s] epoch 288 step 227250 avg_loss=0.004
[11938.8s] epoch 288 step 227300 avg_loss=0.004
[11941.7s] epoch 288 step 227350 avg_loss=0.004
[11944.7s] epoch 288 step 227400 avg_loss=0.004
[11948.0s] epoch 288 step 227450 avg_loss=0.004
[11951.1s] epoch 288 step 227500 avg_loss=0.004
[11954.3s] epoch 288 step 227550 avg_loss=0.004
[11957.3s] epoch 288 step 227600 avg_loss=0.004
[11960.1s] epoch 288 step 227650 avg_loss=0.004
[11963.3s] epoch 288 step 227700 avg_loss=0.004
[11964.9s] === epoch 288 done: avg_loss=0.004 (n=788 derivations) ===
[11965.8s] epoch 289 step 227750 avg_loss=0.005
[11968.4s] epoch 289 step 227800 avg_loss=0.004
[11971.1s] epoch 289 step 227850 avg_loss=0.004
[11973.8s] epoch 289 step 227900 avg_loss=0.004
[11976.3s] epoch 289 step 227950 avg_loss=0.004
[11978.6s] epoch 289 step 228000 avg_loss=0.004
[11981.5s] epoch 289 step 228050 avg_loss=0.004
[11984.4s] epoch 289 step 228100 avg_loss=0.004
[11987.6s] epoch 289 step 228150 avg_loss=0.004
[11990.5s] epoch 289 step 228200 avg_loss=0.004
[11993.2s] epoch 289 step 228250 avg_loss=0.004
[11995.8s] epoch 289 step 228300 avg_loss=0.004
[11998.2s] epoch 289 step 228350 avg_loss=0.004
[12000.7s] epoch 289 step 228400 avg_loss=0.004
[12003.2s] epoch 289 step 228450 avg_loss=0.004
[12005.3s] epoch 289 step 228500 avg_loss=0.004
[12006.0s] === epoch 289 done: avg_loss=0.004 (n=788 derivations) ===
[12007.3s] epoch 290 step 228550 avg_loss=0.003
[12009.8s] epoch 290 step 228600 avg_loss=0.004
[12012.6s] epoch 290 step 228650 avg_loss=0.004
[12015.5s] epoch 290 step 228700 avg_loss=0.005
[12018.5s] epoch 290 step 228750 avg_loss=0.004
[12021.0s] epoch 290 step 228800 avg_loss=0.004
[12023.8s] epoch 290 step 228850 avg_loss=0.004
[12026.7s] epoch 290 step 228900 avg_loss=0.004
[12029.2s] epoch 290 step 228950 avg_loss=0.004
[12032.0s] epoch 290 step 229000 avg_loss=0.004
[12034.7s] epoch 290 step 229050 avg_loss=0.004
[12037.7s] epoch 290 step 229100 avg_loss=0.004
[12040.3s] epoch 290 step 229150 avg_loss=0.004
[12042.6s] epoch 290 step 229200 avg_loss=0.004
[12045.2s] epoch 290 step 229250 avg_loss=0.004
[12048.0s] epoch 290 step 229300 avg_loss=0.004
[12048.4s] === epoch 290 done: avg_loss=0.004 (n=788 derivations) ===
[12050.5s] epoch 291 step 229350 avg_loss=0.005
[12053.6s] epoch 291 step 229400 avg_loss=0.004
[12056.5s] epoch 291 step 229450 avg_loss=0.005
[12059.1s] epoch 291 step 229500 avg_loss=0.004
[12061.5s] epoch 291 step 229550 avg_loss=0.004
[12064.2s] epoch 291 step 229600 avg_loss=0.004
[12067.1s] epoch 291 step 229650 avg_loss=0.004
[12070.5s] epoch 291 step 229700 avg_loss=0.004
[12073.5s] epoch 291 step 229750 avg_loss=0.004
[12077.0s] epoch 291 step 229800 avg_loss=0.004
[12080.2s] epoch 291 step 229850 avg_loss=0.004
[12083.4s] epoch 291 step 229900 avg_loss=0.004
[12086.7s] epoch 291 step 229950 avg_loss=0.004
[12090.0s] epoch 291 step 230000 avg_loss=0.004
[12092.8s] epoch 291 step 230050 avg_loss=0.004
[12095.1s] === epoch 291 done: avg_loss=0.004 (n=788 derivations) ===
[12095.4s] epoch 292 step 230100 avg_loss=0.010
[12098.3s] epoch 292 step 230150 avg_loss=0.006
[12101.1s] epoch 292 step 230200 avg_loss=0.005
[12103.7s] epoch 292 step 230250 avg_loss=0.005
[12106.5s] epoch 292 step 230300 avg_loss=0.004
[12109.0s] epoch 292 step 230350 avg_loss=0.004
[12111.5s] epoch 292 step 230400 avg_loss=0.004
[12114.3s] epoch 292 step 230450 avg_loss=0.004
[12117.2s] epoch 292 step 230500 avg_loss=0.004
[12120.1s] epoch 292 step 230550 avg_loss=0.004
[12122.6s] epoch 292 step 230600 avg_loss=0.004
[12125.3s] epoch 292 step 230650 avg_loss=0.004
[12128.0s] epoch 292 step 230700 avg_loss=0.004
[12130.7s] epoch 292 step 230750 avg_loss=0.004
[12133.2s] epoch 292 step 230800 avg_loss=0.004
[12135.8s] epoch 292 step 230850 avg_loss=0.004
[12137.0s] === epoch 292 done: avg_loss=0.004 (n=788 derivations) ===
[12137.7s] epoch 293 step 230900 avg_loss=0.004
[12139.7s] epoch 293 step 230950 avg_loss=0.003
[12142.5s] epoch 293 step 231000 avg_loss=0.004
[12144.9s] epoch 293 step 231050 avg_loss=0.004
[12147.5s] epoch 293 step 231100 avg_loss=0.004
[12150.2s] epoch 293 step 231150 avg_loss=0.004
[12152.9s] epoch 293 step 231200 avg_loss=0.004
[12155.2s] epoch 293 step 231250 avg_loss=0.004
[12157.5s] epoch 293 step 231300 avg_loss=0.004
[12160.1s] epoch 293 step 231350 avg_loss=0.004
[12162.5s] epoch 293 step 231400 avg_loss=0.004
[12165.1s] epoch 293 step 231450 avg_loss=0.004
[12167.7s] epoch 293 step 231500 avg_loss=0.004
[12170.4s] epoch 293 step 231550 avg_loss=0.004
[12172.7s] epoch 293 step 231600 avg_loss=0.004
[12175.5s] epoch 293 step 231650 avg_loss=0.004
[12176.6s] === epoch 293 done: avg_loss=0.004 (n=788 derivations) ===
[12177.6s] epoch 294 step 231700 avg_loss=0.002
[12179.9s] epoch 294 step 231750 avg_loss=0.003
[12182.4s] epoch 294 step 231800 avg_loss=0.003
[12185.3s] epoch 294 step 231850 avg_loss=0.004
[12188.4s] epoch 294 step 231900 avg_loss=0.004
[12190.8s] epoch 294 step 231950 avg_loss=0.004
[12193.9s] epoch 294 step 232000 avg_loss=0.004
[12197.2s] epoch 294 step 232050 avg_loss=0.004
[12199.8s] epoch 294 step 232100 avg_loss=0.004
[12203.0s] epoch 294 step 232150 avg_loss=0.004
[12206.0s] epoch 294 step 232200 avg_loss=0.004
[12208.5s] epoch 294 step 232250 avg_loss=0.004
[12211.3s] epoch 294 step 232300 avg_loss=0.004
[12214.1s] epoch 294 step 232350 avg_loss=0.004
[12216.6s] epoch 294 step 232400 avg_loss=0.004
[12219.5s] epoch 294 step 232450 avg_loss=0.004
[12220.1s] === epoch 294 done: avg_loss=0.004 (n=788 derivations) ===
[12221.9s] epoch 295 step 232500 avg_loss=0.003
[12224.2s] epoch 295 step 232550 avg_loss=0.003
[12226.7s] epoch 295 step 232600 avg_loss=0.004
[12229.3s] epoch 295 step 232650 avg_loss=0.004
[12232.0s] epoch 295 step 232700 avg_loss=0.004
[12234.5s] epoch 295 step 232750 avg_loss=0.004
[12237.0s] epoch 295 step 232800 avg_loss=0.004
[12239.6s] epoch 295 step 232850 avg_loss=0.004
[12242.5s] epoch 295 step 232900 avg_loss=0.004
[12245.5s] epoch 295 step 232950 avg_loss=0.004
[12248.4s] epoch 295 step 233000 avg_loss=0.004
[12251.0s] epoch 295 step 233050 avg_loss=0.004
[12253.6s] epoch 295 step 233100 avg_loss=0.004
[12256.2s] epoch 295 step 233150 avg_loss=0.004
[12259.0s] epoch 295 step 233200 avg_loss=0.004
[12261.2s] === epoch 295 done: avg_loss=0.004 (n=788 derivations) ===
[12261.3s] epoch 296 step 233250 avg_loss=0.001
[12263.7s] epoch 296 step 233300 avg_loss=0.004
[12266.3s] epoch 296 step 233350 avg_loss=0.003
[12268.6s] epoch 296 step 233400 avg_loss=0.003
[12271.0s] epoch 296 step 233450 avg_loss=0.003
[12273.5s] epoch 296 step 233500 avg_loss=0.003
[12276.3s] epoch 296 step 233550 avg_loss=0.003
[12279.2s] epoch 296 step 233600 avg_loss=0.003
[12282.2s] epoch 296 step 233650 avg_loss=0.003
[12285.2s] epoch 296 step 233700 avg_loss=0.003
[12287.9s] epoch 296 step 233750 avg_loss=0.003
[12290.4s] epoch 296 step 233800 avg_loss=0.003
[12292.9s] epoch 296 step 233850 avg_loss=0.003
[12295.5s] epoch 296 step 233900 avg_loss=0.003
[12298.7s] epoch 296 step 233950 avg_loss=0.004
[12301.5s] epoch 296 step 234000 avg_loss=0.004
[12303.4s] === epoch 296 done: avg_loss=0.004 (n=788 derivations) ===
[12304.1s] epoch 297 step 234050 avg_loss=0.003
[12306.8s] epoch 297 step 234100 avg_loss=0.003
[12309.9s] epoch 297 step 234150 avg_loss=0.003
[12314.0s] epoch 297 step 234200 avg_loss=0.003
[12317.8s] epoch 297 step 234250 avg_loss=0.003
[12322.1s] epoch 297 step 234300 avg_loss=0.004
[12326.0s] epoch 297 step 234350 avg_loss=0.004
[12330.1s] epoch 297 step 234400 avg_loss=0.004
[12333.0s] epoch 297 step 234450 avg_loss=0.004
[12335.6s] epoch 297 step 234500 avg_loss=0.004
[12338.0s] epoch 297 step 234550 avg_loss=0.004
[12340.8s] epoch 297 step 234600 avg_loss=0.004
[12343.8s] epoch 297 step 234650 avg_loss=0.004
[12346.3s] epoch 297 step 234700 avg_loss=0.004
[12348.8s] epoch 297 step 234750 avg_loss=0.004
[12351.2s] epoch 297 step 234800 avg_loss=0.004
[12352.3s] === epoch 297 done: avg_loss=0.004 (n=788 derivations) ===
[12353.5s] epoch 298 step 234850 avg_loss=0.002
[12356.3s] epoch 298 step 234900 avg_loss=0.003
[12358.9s] epoch 298 step 234950 avg_loss=0.004
[12361.5s] epoch 298 step 235000 avg_loss=0.004
[12363.8s] epoch 298 step 235050 avg_loss=0.003
[12366.5s] epoch 298 step 235100 avg_loss=0.004
[12369.3s] epoch 298 step 235150 avg_loss=0.004
[12371.9s] epoch 298 step 235200 avg_loss=0.004
[12374.5s] epoch 298 step 235250 avg_loss=0.004
[12377.0s] epoch 298 step 235300 avg_loss=0.004
[12380.0s] epoch 298 step 235350 avg_loss=0.004
[12383.1s] epoch 298 step 235400 avg_loss=0.004
[12386.2s] epoch 298 step 235450 avg_loss=0.004
[12389.3s] epoch 298 step 235500 avg_loss=0.004
[12392.3s] epoch 298 step 235550 avg_loss=0.004
[12395.4s] epoch 298 step 235600 avg_loss=0.004
[12396.0s] === epoch 298 done: avg_loss=0.004 (n=788 derivations) ===
[12398.3s] epoch 299 step 235650 avg_loss=0.004
[12400.9s] epoch 299 step 235700 avg_loss=0.004
[12403.7s] epoch 299 step 235750 avg_loss=0.003
[12406.3s] epoch 299 step 235800 avg_loss=0.004
[12408.7s] epoch 299 step 235850 avg_loss=0.004
[12411.3s] epoch 299 step 235900 avg_loss=0.004
[12414.4s] epoch 299 step 235950 avg_loss=0.004
[12417.0s] epoch 299 step 236000 avg_loss=0.004
[12419.7s] epoch 299 step 236050 avg_loss=0.004
[12422.6s] epoch 299 step 236100 avg_loss=0.004
[12425.3s] epoch 299 step 236150 avg_loss=0.004
[12427.9s] epoch 299 step 236200 avg_loss=0.004
[12430.4s] epoch 299 step 236250 avg_loss=0.004
[12433.1s] epoch 299 step 236300 avg_loss=0.003
[12436.0s] epoch 299 step 236350 avg_loss=0.004
[12438.7s] epoch 299 step 236400 avg_loss=0.004
[12438.7s] === epoch 299 done: avg_loss=0.004 (n=788 derivations) ===
[12441.3s] epoch 300 step 236450 avg_loss=0.002
[12444.0s] epoch 300 step 236500 avg_loss=0.002
[12446.7s] epoch 300 step 236550 avg_loss=0.003
[12449.2s] epoch 300 step 236600 avg_loss=0.003
[12451.6s] epoch 300 step 236650 avg_loss=0.003
[12454.4s] epoch 300 step 236700 avg_loss=0.004
[12457.1s] epoch 300 step 236750 avg_loss=0.004
[12459.6s] epoch 300 step 236800 avg_loss=0.004
[12462.1s] epoch 300 step 236850 avg_loss=0.003
[12465.2s] epoch 300 step 236900 avg_loss=0.004
[12468.5s] epoch 300 step 236950 avg_loss=0.004
[12471.5s] epoch 300 step 237000 avg_loss=0.004
[12474.4s] epoch 300 step 237050 avg_loss=0.004
[12476.9s] epoch 300 step 237100 avg_loss=0.004
[12479.4s] epoch 300 step 237150 avg_loss=0.004
[12481.7s] === epoch 300 done: avg_loss=0.003 (n=788 derivations) ===
[12482.3s] epoch 301 step 237200 avg_loss=0.004
[12485.2s] epoch 301 step 237250 avg_loss=0.004
[12488.1s] epoch 301 step 237300 avg_loss=0.003
[12491.1s] epoch 301 step 237350 avg_loss=0.003
[12494.1s] epoch 301 step 237400 avg_loss=0.003
[12496.9s] epoch 301 step 237450 avg_loss=0.003
[12499.6s] epoch 301 step 237500 avg_loss=0.003
[12502.2s] epoch 301 step 237550 avg_loss=0.004
[12504.8s] epoch 301 step 237600 avg_loss=0.003
[12507.9s] epoch 301 step 237650 avg_loss=0.004
[12510.7s] epoch 301 step 237700 avg_loss=0.004
[12513.6s] epoch 301 step 237750 avg_loss=0.004
[12516.8s] epoch 301 step 237800 avg_loss=0.003
[12519.5s] epoch 301 step 237850 avg_loss=0.003
[12522.2s] epoch 301 step 237900 avg_loss=0.003
[12524.9s] epoch 301 step 237950 avg_loss=0.003
[12526.2s] === epoch 301 done: avg_loss=0.003 (n=788 derivations) ===
[12527.5s] epoch 302 step 238000 avg_loss=0.002
[12529.9s] epoch 302 step 238050 avg_loss=0.002
[12531.9s] epoch 302 step 238100 avg_loss=0.002
[12534.5s] epoch 302 step 238150 avg_loss=0.002
[12537.0s] epoch 302 step 238200 avg_loss=0.003
[12539.3s] epoch 302 step 238250 avg_loss=0.003
[12541.7s] epoch 302 step 238300 avg_loss=0.003
[12544.1s] epoch 302 step 238350 avg_loss=0.003
[12546.3s] epoch 302 step 238400 avg_loss=0.003
[12549.0s] epoch 302 step 238450 avg_loss=0.003
[12551.4s] epoch 302 step 238500 avg_loss=0.003
[12554.3s] epoch 302 step 238550 avg_loss=0.003
[12556.5s] epoch 302 step 238600 avg_loss=0.003
[12558.7s] epoch 302 step 238650 avg_loss=0.003
[12561.2s] epoch 302 step 238700 avg_loss=0.003
[12563.3s] epoch 302 step 238750 avg_loss=0.003
[12564.1s] === epoch 302 done: avg_loss=0.003 (n=788 derivations) ===
[12565.9s] epoch 303 step 238800 avg_loss=0.006
[12568.4s] epoch 303 step 238850 avg_loss=0.004
[12570.9s] epoch 303 step 238900 avg_loss=0.004
[12573.7s] epoch 303 step 238950 avg_loss=0.004
[12576.0s] epoch 303 step 239000 avg_loss=0.003
[12578.3s] epoch 303 step 239050 avg_loss=0.003
[12581.2s] epoch 303 step 239100 avg_loss=0.003
[12583.9s] epoch 303 step 239150 avg_loss=0.003
[12586.4s] epoch 303 step 239200 avg_loss=0.003
[12589.1s] epoch 303 step 239250 avg_loss=0.003
[12591.8s] epoch 303 step 239300 avg_loss=0.003
[12594.1s] epoch 303 step 239350 avg_loss=0.003
[12597.1s] epoch 303 step 239400 avg_loss=0.003
[12599.7s] epoch 303 step 239450 avg_loss=0.003
[12602.3s] epoch 303 step 239500 avg_loss=0.003
[12604.9s] epoch 303 step 239550 avg_loss=0.003
[12605.0s] === epoch 303 done: avg_loss=0.003 (n=788 derivations) ===
[12607.9s] epoch 304 step 239600 avg_loss=0.004
[12610.9s] epoch 304 step 239650 avg_loss=0.005
[12613.5s] epoch 304 step 239700 avg_loss=0.004
[12616.0s] epoch 304 step 239750 avg_loss=0.004
[12618.2s] epoch 304 step 239800 avg_loss=0.003
[12620.8s] epoch 304 step 239850 avg_loss=0.003
[12623.5s] epoch 304 step 239900 avg_loss=0.003
[12626.1s] epoch 304 step 239950 avg_loss=0.003
[12629.3s] epoch 304 step 240000 avg_loss=0.003
[12632.0s] epoch 304 step 240050 avg_loss=0.003
[12635.0s] epoch 304 step 240100 avg_loss=0.003
[12637.8s] epoch 304 step 240150 avg_loss=0.003
[12640.6s] epoch 304 step 240200 avg_loss=0.003
[12643.3s] epoch 304 step 240250 avg_loss=0.003
[12646.1s] epoch 304 step 240300 avg_loss=0.003
[12648.3s] === epoch 304 done: avg_loss=0.003 (n=788 derivations) ===
[12648.7s] epoch 305 step 240350 avg_loss=0.002
[12651.1s] epoch 305 step 240400 avg_loss=0.003
[12653.8s] epoch 305 step 240450 avg_loss=0.004
[12656.2s] epoch 305 step 240500 avg_loss=0.003
[12658.8s] epoch 305 step 240550 avg_loss=0.003
[12661.4s] epoch 305 step 240600 avg_loss=0.003
[12664.0s] epoch 305 step 240650 avg_loss=0.003
[12666.4s] epoch 305 step 240700 avg_loss=0.003
[12669.0s] epoch 305 step 240750 avg_loss=0.003
[12671.8s] epoch 305 step 240800 avg_loss=0.003
[12674.7s] epoch 305 step 240850 avg_loss=0.003
[12677.8s] epoch 305 step 240900 avg_loss=0.003
[12681.1s] epoch 305 step 240950 avg_loss=0.003
[12684.1s] epoch 305 step 241000 avg_loss=0.003
[12687.3s] epoch 305 step 241050 avg_loss=0.003
[12690.0s] epoch 305 step 241100 avg_loss=0.003
[12691.5s] === epoch 305 done: avg_loss=0.003 (n=788 derivations) ===
[12692.7s] epoch 306 step 241150 avg_loss=0.002
[12695.2s] epoch 306 step 241200 avg_loss=0.002
[12698.2s] epoch 306 step 241250 avg_loss=0.003
[12701.0s] epoch 306 step 241300 avg_loss=0.003
[12703.7s] epoch 306 step 241350 avg_loss=0.003
[12706.3s] epoch 306 step 241400 avg_loss=0.003
[12708.6s] epoch 306 step 241450 avg_loss=0.003
[12711.7s] epoch 306 step 241500 avg_loss=0.003
[12714.6s] epoch 306 step 241550 avg_loss=0.004
[12717.3s] epoch 306 step 241600 avg_loss=0.003
[12719.4s] epoch 306 step 241650 avg_loss=0.003
[12721.7s] epoch 306 step 241700 avg_loss=0.003
[12724.4s] epoch 306 step 241750 avg_loss=0.003
[12727.1s] epoch 306 step 241800 avg_loss=0.003
[12729.5s] epoch 306 step 241850 avg_loss=0.003
[12731.7s] epoch 306 step 241900 avg_loss=0.003
[12732.7s] === epoch 306 done: avg_loss=0.003 (n=788 derivations) ===
[12734.3s] epoch 307 step 241950 avg_loss=0.004
[12736.8s] epoch 307 step 242000 avg_loss=0.003
[12739.2s] epoch 307 step 242050 avg_loss=0.003
[12741.5s] epoch 307 step 242100 avg_loss=0.003
[12744.4s] epoch 307 step 242150 avg_loss=0.003
[12746.8s] epoch 307 step 242200 avg_loss=0.003
[12749.8s] epoch 307 step 242250 avg_loss=0.003
[12752.5s] epoch 307 step 242300 avg_loss=0.003
[12755.2s] epoch 307 step 242350 avg_loss=0.003
[12757.2s] epoch 307 step 242400 avg_loss=0.003
[12759.7s] epoch 307 step 242450 avg_loss=0.003
[12762.4s] epoch 307 step 242500 avg_loss=0.003
[12765.0s] epoch 307 step 242550 avg_loss=0.003
[12767.5s] epoch 307 step 242600 avg_loss=0.003
[12770.5s] epoch 307 step 242650 avg_loss=0.003
[12773.3s] epoch 307 step 242700 avg_loss=0.003
[12773.4s] === epoch 307 done: avg_loss=0.003 (n=788 derivations) ===
[12776.0s] epoch 308 step 242750 avg_loss=0.005
[12778.5s] epoch 308 step 242800 avg_loss=0.004
[12781.3s] epoch 308 step 242850 avg_loss=0.003
[12784.5s] epoch 308 step 242900 avg_loss=0.003
[12787.4s] epoch 308 step 242950 avg_loss=0.003
[12790.5s] epoch 308 step 243000 avg_loss=0.003
[12793.6s] epoch 308 step 243050 avg_loss=0.003
[12797.2s] epoch 308 step 243100 avg_loss=0.003
[12800.1s] epoch 308 step 243150 avg_loss=0.003
[12802.4s] epoch 308 step 243200 avg_loss=0.003
[12804.8s] epoch 308 step 243250 avg_loss=0.003
[12807.3s] epoch 308 step 243300 avg_loss=0.003
[12809.8s] epoch 308 step 243350 avg_loss=0.003
[12812.8s] epoch 308 step 243400 avg_loss=0.003
[12815.5s] epoch 308 step 243450 avg_loss=0.003
[12818.1s] === epoch 308 done: avg_loss=0.003 (n=788 derivations) ===
[12818.4s] epoch 309 step 243500 avg_loss=0.001
[12821.0s] epoch 309 step 243550 avg_loss=0.002
[12824.3s] epoch 309 step 243600 avg_loss=0.004
[12827.1s] epoch 309 step 243650 avg_loss=0.003
[12830.1s] epoch 309 step 243700 avg_loss=0.004
[12832.5s] epoch 309 step 243750 avg_loss=0.003
[12835.7s] epoch 309 step 243800 avg_loss=0.003
[12838.6s] epoch 309 step 243850 avg_loss=0.003
[12841.4s] epoch 309 step 243900 avg_loss=0.003
[12844.1s] epoch 309 step 243950 avg_loss=0.003
[12846.8s] epoch 309 step 244000 avg_loss=0.003
[12850.3s] epoch 309 step 244050 avg_loss=0.003
[12852.9s] epoch 309 step 244100 avg_loss=0.003
[12855.9s] epoch 309 step 244150 avg_loss=0.003
[12858.8s] epoch 309 step 244200 avg_loss=0.003
[12861.5s] epoch 309 step 244250 avg_loss=0.003
[12862.9s] === epoch 309 done: avg_loss=0.003 (n=788 derivations) ===
[12863.9s] epoch 310 step 244300 avg_loss=0.002
[12866.4s] epoch 310 step 244350 avg_loss=0.002
[12869.2s] epoch 310 step 244400 avg_loss=0.003
[12871.8s] epoch 310 step 244450 avg_loss=0.003
[12874.2s] epoch 310 step 244500 avg_loss=0.003
[12876.7s] epoch 310 step 244550 avg_loss=0.003
[12878.9s] epoch 310 step 244600 avg_loss=0.003
[12881.5s] epoch 310 step 244650 avg_loss=0.003
[12884.2s] epoch 310 step 244700 avg_loss=0.003
[12887.3s] epoch 310 step 244750 avg_loss=0.003
[12890.1s] epoch 310 step 244800 avg_loss=0.003
[12892.8s] epoch 310 step 244850 avg_loss=0.003
[12895.5s] epoch 310 step 244900 avg_loss=0.003
[12897.9s] epoch 310 step 244950 avg_loss=0.003
[12900.9s] epoch 310 step 245000 avg_loss=0.003
[12903.4s] epoch 310 step 245050 avg_loss=0.003
[12904.4s] === epoch 310 done: avg_loss=0.003 (n=788 derivations) ===
[12905.9s] epoch 311 step 245100 avg_loss=0.003
[12908.4s] epoch 311 step 245150 avg_loss=0.003
[12911.1s] epoch 311 step 245200 avg_loss=0.003
[12914.2s] epoch 311 step 245250 avg_loss=0.003
[12916.9s] epoch 311 step 245300 avg_loss=0.003
[12919.6s] epoch 311 step 245350 avg_loss=0.003
[12922.5s] epoch 311 step 245400 avg_loss=0.003
[12925.1s] epoch 311 step 245450 avg_loss=0.003
[12928.1s] epoch 311 step 245500 avg_loss=0.003
[12931.0s] epoch 311 step 245550 avg_loss=0.003
[12934.0s] epoch 311 step 245600 avg_loss=0.003
[12936.4s] epoch 311 step 245650 avg_loss=0.003
[12939.0s] epoch 311 step 245700 avg_loss=0.003
[12941.6s] epoch 311 step 245750 avg_loss=0.003
[12944.4s] epoch 311 step 245800 avg_loss=0.003
[12947.5s] epoch 311 step 245850 avg_loss=0.003
[12947.8s] === epoch 311 done: avg_loss=0.003 (n=788 derivations) ===
[12950.6s] epoch 312 step 245900 avg_loss=0.004
[12953.7s] epoch 312 step 245950 avg_loss=0.003
[12956.5s] epoch 312 step 246000 avg_loss=0.003
[12958.9s] epoch 312 step 246050 avg_loss=0.003
[12961.9s] epoch 312 step 246100 avg_loss=0.003
[12964.6s] epoch 312 step 246150 avg_loss=0.003
[12967.1s] epoch 312 step 246200 avg_loss=0.003
[12970.2s] epoch 312 step 246250 avg_loss=0.003
[12972.8s] epoch 312 step 246300 avg_loss=0.003
[12975.0s] epoch 312 step 246350 avg_loss=0.003
[12977.4s] epoch 312 step 246400 avg_loss=0.003
[12979.8s] epoch 312 step 246450 avg_loss=0.003
[12982.3s] epoch 312 step 246500 avg_loss=0.003
[12984.8s] epoch 312 step 246550 avg_loss=0.003
[12987.2s] epoch 312 step 246600 avg_loss=0.003
[12989.5s] === epoch 312 done: avg_loss=0.003 (n=788 derivations) ===
[12989.8s] epoch 313 step 246650 avg_loss=0.001
[12992.2s] epoch 313 step 246700 avg_loss=0.003
[12994.3s] epoch 313 step 246750 avg_loss=0.003
[12996.8s] epoch 313 step 246800 avg_loss=0.003
[12999.3s] epoch 313 step 246850 avg_loss=0.003
[13002.1s] epoch 313 step 246900 avg_loss=0.003
[13004.7s] epoch 313 step 246950 avg_loss=0.003
[13007.6s] epoch 313 step 247000 avg_loss=0.003
[13010.5s] epoch 313 step 247050 avg_loss=0.003
[13013.5s] epoch 313 step 247100 avg_loss=0.003
[13016.1s] epoch 313 step 247150 avg_loss=0.003
[13018.8s] epoch 313 step 247200 avg_loss=0.003
[13022.0s] epoch 313 step 247250 avg_loss=0.003
[13024.6s] epoch 313 step 247300 avg_loss=0.003
[13027.3s] epoch 313 step 247350 avg_loss=0.003
[13029.8s] epoch 313 step 247400 avg_loss=0.003
[13031.5s] === epoch 313 done: avg_loss=0.003 (n=788 derivations) ===
[13032.5s] epoch 314 step 247450 avg_loss=0.002
[13035.3s] epoch 314 step 247500 avg_loss=0.004
[13037.8s] epoch 314 step 247550 avg_loss=0.003
[13040.6s] epoch 314 step 247600 avg_loss=0.003
[13043.1s] epoch 314 step 247650 avg_loss=0.003
[13045.5s] epoch 314 step 247700 avg_loss=0.003
[13048.4s] epoch 314 step 247750 avg_loss=0.003
[13051.3s] epoch 314 step 247800 avg_loss=0.003
[13053.9s] epoch 314 step 247850 avg_loss=0.003
[13056.8s] epoch 314 step 247900 avg_loss=0.003
[13058.9s] epoch 314 step 247950 avg_loss=0.003
[13061.2s] epoch 314 step 248000 avg_loss=0.003
[13063.8s] epoch 314 step 248050 avg_loss=0.003
[13066.3s] epoch 314 step 248100 avg_loss=0.003
[13068.8s] epoch 314 step 248150 avg_loss=0.003
[13071.1s] epoch 314 step 248200 avg_loss=0.003
[13072.0s] === epoch 314 done: avg_loss=0.003 (n=788 derivations) ===
[13073.1s] epoch 315 step 248250 avg_loss=0.002
[13075.3s] epoch 315 step 248300 avg_loss=0.002
[13077.9s] epoch 315 step 248350 avg_loss=0.003
[13080.6s] epoch 315 step 248400 avg_loss=0.003
[13083.1s] epoch 315 step 248450 avg_loss=0.003
[13085.9s] epoch 315 step 248500 avg_loss=0.003
[13088.4s] epoch 315 step 248550 avg_loss=0.003
[13091.4s] epoch 315 step 248600 avg_loss=0.003
[13093.9s] epoch 315 step 248650 avg_loss=0.003
[13096.4s] epoch 315 step 248700 avg_loss=0.003
[13098.6s] epoch 315 step 248750 avg_loss=0.003
[13101.0s] epoch 315 step 248800 avg_loss=0.003
[13103.2s] epoch 315 step 248850 avg_loss=0.003
[13105.9s] epoch 315 step 248900 avg_loss=0.003
[13108.3s] epoch 315 step 248950 avg_loss=0.003
[13110.8s] epoch 315 step 249000 avg_loss=0.003
[13111.2s] === epoch 315 done: avg_loss=0.003 (n=788 derivations) ===
[13113.2s] epoch 316 step 249050 avg_loss=0.004
[13115.7s] epoch 316 step 249100 avg_loss=0.003
[13118.0s] epoch 316 step 249150 avg_loss=0.003
[13120.9s] epoch 316 step 249200 avg_loss=0.003
[13123.7s] epoch 316 step 249250 avg_loss=0.003
[13126.2s] epoch 316 step 249300 avg_loss=0.003
[13128.7s] epoch 316 step 249350 avg_loss=0.003
[13131.1s] epoch 316 step 249400 avg_loss=0.003
[13133.9s] epoch 316 step 249450 avg_loss=0.003
[13136.2s] epoch 316 step 249500 avg_loss=0.003
[13138.3s] epoch 316 step 249550 avg_loss=0.003
[13140.4s] epoch 316 step 249600 avg_loss=0.003
[13143.1s] epoch 316 step 249650 avg_loss=0.003
[13145.5s] epoch 316 step 249700 avg_loss=0.003
[13147.9s] epoch 316 step 249750 avg_loss=0.003
[13150.1s] === epoch 316 done: avg_loss=0.003 (n=788 derivations) ===
[13150.3s] epoch 317 step 249800 avg_loss=0.003
[13153.0s] epoch 317 step 249850 avg_loss=0.003
[13155.4s] epoch 317 step 249900 avg_loss=0.003
[13157.9s] epoch 317 step 249950 avg_loss=0.003
[13160.3s] epoch 317 step 250000 avg_loss=0.003
[13162.5s] epoch 317 step 250050 avg_loss=0.003
[13165.4s] epoch 317 step 250100 avg_loss=0.003
[13168.0s] epoch 317 step 250150 avg_loss=0.003
[13170.5s] epoch 317 step 250200 avg_loss=0.003
[13173.0s] epoch 317 step 250250 avg_loss=0.003
[13175.3s] epoch 317 step 250300 avg_loss=0.003
[13177.7s] epoch 317 step 250350 avg_loss=0.003
[13180.3s] epoch 317 step 250400 avg_loss=0.003
[13182.8s] epoch 317 step 250450 avg_loss=0.003
[13185.1s] epoch 317 step 250500 avg_loss=0.003
[13187.4s] epoch 317 step 250550 avg_loss=0.003
[13189.0s] === epoch 317 done: avg_loss=0.003 (n=788 derivations) ===
[13189.8s] epoch 318 step 250600 avg_loss=0.001
[13192.0s] epoch 318 step 250650 avg_loss=0.001
[13194.3s] epoch 318 step 250700 avg_loss=0.002
[13196.5s] epoch 318 step 250750 avg_loss=0.002
[13198.8s] epoch 318 step 250800 avg_loss=0.002
[13201.6s] epoch 318 step 250850 avg_loss=0.002
[13204.5s] epoch 318 step 250900 avg_loss=0.002
[13207.1s] epoch 318 step 250950 avg_loss=0.002
[13209.9s] epoch 318 step 251000 avg_loss=0.002
[13212.7s] epoch 318 step 251050 avg_loss=0.002
[13215.6s] epoch 318 step 251100 avg_loss=0.003
[13218.1s] epoch 318 step 251150 avg_loss=0.003
[13220.4s] epoch 318 step 251200 avg_loss=0.003
[13222.8s] epoch 318 step 251250 avg_loss=0.003
[13225.3s] epoch 318 step 251300 avg_loss=0.003
[13227.7s] epoch 318 step 251350 avg_loss=0.003
[13228.9s] === epoch 318 done: avg_loss=0.003 (n=788 derivations) ===
[13230.2s] epoch 319 step 251400 avg_loss=0.002
[13232.8s] epoch 319 step 251450 avg_loss=0.003
[13235.6s] epoch 319 step 251500 avg_loss=0.003
[13238.0s] epoch 319 step 251550 avg_loss=0.003
[13240.7s] epoch 319 step 251600 avg_loss=0.003
[13243.3s] epoch 319 step 251650 avg_loss=0.003
[13246.1s] epoch 319 step 251700 avg_loss=0.002
[13249.1s] epoch 319 step 251750 avg_loss=0.003
[13252.1s] epoch 319 step 251800 avg_loss=0.003
[13255.3s] epoch 319 step 251850 avg_loss=0.003
[13258.0s] epoch 319 step 251900 avg_loss=0.003
[13260.5s] epoch 319 step 251950 avg_loss=0.003
[13263.7s] epoch 319 step 252000 avg_loss=0.003
[13266.4s] epoch 319 step 252050 avg_loss=0.003
[13269.2s] epoch 319 step 252100 avg_loss=0.003
[13272.3s] epoch 319 step 252150 avg_loss=0.003
[13272.9s] === epoch 319 done: avg_loss=0.003 (n=788 derivations) ===
[13272.9s] training wall-clock: 13255.1s (stopped_early=True)
[13272.9s] max-steps budget: optimizer_steps=8000 (cap=8000, stop_reason=max_steps) epoch_fraction=324.873 throughput=0.6035 steps/s (1.6569 s/step)
[13272.9s] evaluating (model policy) ...
[13273.0s] holdout eval targets from runs/encoder_gold_v2.jsonl: matched=98 missing=0
[13541.7s] holdout (best-of-6 + rank1 + forest width): {'sense_recall': 0.6872852233676976, 'slot_recall': 0.65527950310559, 'structure_recall': 0.05394190871369295, 'all_gold_recalled_rate': 0.01020408163265306, 'edge_precision': 0.45083317818951546, 'edge_recall': 0.5898474399749909, 'overgen_ratio': 1.4253218342504057, 'n_records': 98, 'rank1_edge_precision': 0.3616419650187104, 'rank1_edge_recall': 0.47453885872253226, 'rank1_edge_f1': 0.4104690288837781, 'rank1_structure_recall': 0.024896265560165973, 'mean_forest_width': 5.928571428571429}
[13541.7s] holdout eval targets (alt) from runs/encoder_gold_v3.jsonl: matched=94 missing=4
[13791.5s] holdout_alt (best-of-6 + rank1 + forest width): {'sense_recall': 0.6891495601173021, 'slot_recall': 0.6967213114754098, 'structure_recall': 0.11702127659574468, 'all_gold_recalled_rate': 0.11702127659574468, 'edge_precision': 0.6079130835569805, 'edge_recall': 0.562771389367134, 'overgen_ratio': 0.9661059684995855, 'n_records': 94, 'rank1_edge_precision': 0.5148823285033846, 'rank1_edge_recall': 0.46381375716482093, 'rank1_edge_f1': 0.48801565833969596, 'rank1_structure_recall': 0.05319148936170213, 'mean_forest_width': 5.925531914893617}
[13791.5s] evaluating RANDOM baseline on holdout ...
[13796.3s] holdout (random baseline): {'sense_recall': 0.044673539518900345, 'slot_recall': 0.0, 'structure_recall': 0.0, 'all_gold_recalled_rate': 0.0, 'edge_precision': 0.014779721412374474, 'edge_recall': 0.009906462585034014, 'overgen_ratio': 0.04034863945578231, 'n_records': 98}
[13796.3s] saved checkpoint -> runs/arms/v3_788_0.pt
[13796.3s] TOTAL wall-clock: 13796.3s
