[   0.0s] loading gold from runs/encoder_gold_v3.jsonl
[   0.1s] 959 gold records
[   0.1s] holdout mode: 98 held-out sentences, pool=865, train subset=788 (subset_seed=1)
[   0.1s] loading USVS from /home/user/NAOMI/consciousness_transformer/data/usvs
[  15.6s] USVS loaded: 117679 senses, d_axes=607
[  15.6s] pos_vocab=15 role_vocab=38
[  15.6s] policy params: 343,237 (~1.373 MB fp32)
[  15.6s] building features + derivations for 788 train records
[  16.4s] 788 teacher-forced derivations
[  20.9s] epoch 0 step 50 avg_loss=100.698
[  23.2s] epoch 0 step 100 avg_loss=89.804
[  25.8s] epoch 0 step 150 avg_loss=88.508
[  28.0s] epoch 0 step 200 avg_loss=83.564
[  31.0s] epoch 0 step 250 avg_loss=82.695
[  34.0s] epoch 0 step 300 avg_loss=81.745
[  36.6s] epoch 0 step 350 avg_loss=79.595
[  39.0s] epoch 0 step 400 avg_loss=77.020
[  41.6s] epoch 0 step 450 avg_loss=76.030
[  44.1s] epoch 0 step 500 avg_loss=74.931
[  46.5s] epoch 0 step 550 avg_loss=73.499
[  48.7s] epoch 0 step 600 avg_loss=71.954
[  51.0s] epoch 0 step 650 avg_loss=70.402
[  53.6s] epoch 0 step 700 avg_loss=69.122
[  56.4s] epoch 0 step 750 avg_loss=68.355
[  58.3s] === epoch 0 done: avg_loss=67.524 (n=788 derivations) ===
[  58.9s] epoch 1 step 800 avg_loss=37.167
[  61.5s] epoch 1 step 850 avg_loss=49.261
[  63.9s] epoch 1 step 900 avg_loss=48.987
[  66.5s] epoch 1 step 950 avg_loss=51.016
[  68.7s] epoch 1 step 1000 avg_loss=49.389
[  71.2s] epoch 1 step 1050 avg_loss=49.489
[  73.7s] epoch 1 step 1100 avg_loss=49.649
[  76.3s] epoch 1 step 1150 avg_loss=49.721
[  78.7s] epoch 1 step 1200 avg_loss=49.328
[  81.4s] epoch 1 step 1250 avg_loss=49.544
[  83.6s] epoch 1 step 1300 avg_loss=48.568
[  86.1s] epoch 1 step 1350 avg_loss=48.369
[  88.6s] epoch 1 step 1400 avg_loss=47.760
[  91.3s] epoch 1 step 1450 avg_loss=47.334
[  93.7s] epoch 1 step 1500 avg_loss=47.107
[  96.6s] epoch 1 step 1550 avg_loss=47.320
[  97.9s] === epoch 1 done: avg_loss=47.230 (n=788 derivations) ===
[  99.1s] epoch 2 step 1600 avg_loss=45.335
[ 101.5s] epoch 2 step 1650 avg_loss=42.018
[ 104.0s] epoch 2 step 1700 avg_loss=41.419
[ 106.5s] epoch 2 step 1750 avg_loss=40.272
[ 108.9s] epoch 2 step 1800 avg_loss=40.000
[ 111.5s] epoch 2 step 1850 avg_loss=40.725
[ 113.9s] epoch 2 step 1900 avg_loss=40.090
[ 116.5s] epoch 2 step 1950 avg_loss=39.554
[ 119.0s] epoch 2 step 2000 avg_loss=39.739
[ 121.5s] epoch 2 step 2050 avg_loss=39.784
[ 123.7s] epoch 2 step 2100 avg_loss=38.908
[ 126.4s] epoch 2 step 2150 avg_loss=39.090
[ 128.8s] epoch 2 step 2200 avg_loss=38.886
[ 131.2s] epoch 2 step 2250 avg_loss=38.619
[ 133.6s] epoch 2 step 2300 avg_loss=38.575
[ 135.8s] epoch 2 step 2350 avg_loss=38.291
[ 136.6s] === epoch 2 done: avg_loss=38.400 (n=788 derivations) ===
[ 138.4s] epoch 3 step 2400 avg_loss=36.081
[ 140.5s] epoch 3 step 2450 avg_loss=35.307
[ 142.7s] epoch 3 step 2500 avg_loss=34.005
[ 145.4s] epoch 3 step 2550 avg_loss=34.718
[ 147.9s] epoch 3 step 2600 avg_loss=34.637
[ 150.2s] epoch 3 step 2650 avg_loss=33.945
[ 153.2s] epoch 3 step 2700 avg_loss=33.790
[ 155.9s] epoch 3 step 2750 avg_loss=34.080
[ 158.5s] epoch 3 step 2800 avg_loss=33.971
[ 160.8s] epoch 3 step 2850 avg_loss=33.473
[ 163.6s] epoch 3 step 2900 avg_loss=33.828
[ 166.1s] epoch 3 step 2950 avg_loss=33.766
[ 168.7s] epoch 3 step 3000 avg_loss=33.588
[ 171.4s] epoch 3 step 3050 avg_loss=33.743
[ 173.8s] epoch 3 step 3100 avg_loss=33.524
[ 176.0s] epoch 3 step 3150 avg_loss=33.433
[ 176.0s] === epoch 3 done: avg_loss=33.384 (n=788 derivations) ===
[ 178.6s] epoch 4 step 3200 avg_loss=35.543
[ 181.1s] epoch 4 step 3250 avg_loss=33.185
[ 183.4s] epoch 4 step 3300 avg_loss=31.504
[ 186.0s] epoch 4 step 3350 avg_loss=32.537
[ 188.8s] epoch 4 step 3400 avg_loss=31.789
[ 191.5s] epoch 4 step 3450 avg_loss=31.590
[ 193.9s] epoch 4 step 3500 avg_loss=30.789
[ 196.6s] epoch 4 step 3550 avg_loss=30.982
[ 199.3s] epoch 4 step 3600 avg_loss=30.550
[ 202.0s] epoch 4 step 3650 avg_loss=30.444
[ 204.4s] epoch 4 step 3700 avg_loss=30.289
[ 207.1s] epoch 4 step 3750 avg_loss=30.421
[ 209.7s] epoch 4 step 3800 avg_loss=30.407
[ 212.2s] epoch 4 step 3850 avg_loss=30.109
[ 214.6s] epoch 4 step 3900 avg_loss=29.980
[ 216.8s] === epoch 4 done: avg_loss=30.164 (n=788 derivations) ===
[ 217.2s] epoch 5 step 3950 avg_loss=29.432
[ 220.1s] epoch 5 step 4000 avg_loss=33.948
[ 222.6s] epoch 5 step 4050 avg_loss=32.183
[ 225.0s] epoch 5 step 4100 avg_loss=29.312
[ 227.3s] epoch 5 step 4150 avg_loss=28.899
[ 229.7s] epoch 5 step 4200 avg_loss=28.456
[ 232.5s] epoch 5 step 4250 avg_loss=29.347
[ 235.1s] epoch 5 step 4300 avg_loss=29.056
[ 237.9s] epoch 5 step 4350 avg_loss=29.033
[ 240.8s] epoch 5 step 4400 avg_loss=28.833
[ 243.8s] epoch 5 step 4450 avg_loss=29.048
[ 246.0s] epoch 5 step 4500 avg_loss=28.532
[ 248.7s] epoch 5 step 4550 avg_loss=28.121
[ 251.3s] epoch 5 step 4600 avg_loss=28.153
[ 254.0s] epoch 5 step 4650 avg_loss=28.157
[ 256.5s] epoch 5 step 4700 avg_loss=28.101
[ 258.0s] === epoch 5 done: avg_loss=27.879 (n=788 derivations) ===
[ 259.3s] epoch 6 step 4750 avg_loss=30.748
[ 261.9s] epoch 6 step 4800 avg_loss=27.123
[ 264.5s] epoch 6 step 4850 avg_loss=26.562
[ 266.8s] epoch 6 step 4900 avg_loss=25.557
[ 269.4s] epoch 6 step 4950 avg_loss=24.897
[ 272.0s] epoch 6 step 5000 avg_loss=25.655
[ 274.6s] epoch 6 step 5050 avg_loss=25.747
[ 277.3s] epoch 6 step 5100 avg_loss=24.994
[ 280.0s] epoch 6 step 5150 avg_loss=25.140
[ 282.5s] epoch 6 step 5200 avg_loss=24.939
[ 285.0s] epoch 6 step 5250 avg_loss=25.078
[ 287.1s] epoch 6 step 5300 avg_loss=24.969
[ 289.7s] epoch 6 step 5350 avg_loss=25.340
[ 292.8s] epoch 6 step 5400 avg_loss=25.764
[ 295.9s] epoch 6 step 5450 avg_loss=25.903
[ 298.6s] epoch 6 step 5500 avg_loss=26.046
[ 299.5s] === epoch 6 done: avg_loss=26.120 (n=788 derivations) ===
[ 301.2s] epoch 7 step 5550 avg_loss=24.347
[ 304.0s] epoch 7 step 5600 avg_loss=25.476
[ 306.4s] epoch 7 step 5650 avg_loss=25.680
[ 308.8s] epoch 7 step 5700 avg_loss=25.294
[ 311.2s] epoch 7 step 5750 avg_loss=25.126
[ 314.0s] epoch 7 step 5800 avg_loss=25.352
[ 316.5s] epoch 7 step 5850 avg_loss=25.746
[ 318.8s] epoch 7 step 5900 avg_loss=25.114
[ 321.4s] epoch 7 step 5950 avg_loss=24.960
[ 323.6s] epoch 7 step 6000 avg_loss=24.822
[ 326.1s] epoch 7 step 6050 avg_loss=24.859
[ 328.9s] epoch 7 step 6100 avg_loss=25.094
[ 331.5s] epoch 7 step 6150 avg_loss=24.856
[ 333.8s] epoch 7 step 6200 avg_loss=24.747
[ 336.6s] epoch 7 step 6250 avg_loss=24.806
[ 338.7s] epoch 7 step 6300 avg_loss=24.625
[ 339.0s] === epoch 7 done: avg_loss=24.705 (n=788 derivations) ===
[ 341.2s] epoch 8 step 6350 avg_loss=25.469
[ 344.1s] epoch 8 step 6400 avg_loss=25.038
[ 346.9s] epoch 8 step 6450 avg_loss=24.801
[ 349.6s] epoch 8 step 6500 avg_loss=24.242
[ 352.2s] epoch 8 step 6550 avg_loss=23.931
[ 355.3s] epoch 8 step 6600 avg_loss=23.895
[ 357.9s] epoch 8 step 6650 avg_loss=23.462
[ 360.7s] epoch 8 step 6700 avg_loss=23.443
[ 363.1s] epoch 8 step 6750 avg_loss=23.030
[ 365.4s] epoch 8 step 6800 avg_loss=22.730
[ 368.1s] epoch 8 step 6850 avg_loss=23.446
[ 370.6s] epoch 8 step 6900 avg_loss=23.137
[ 373.1s] epoch 8 step 6950 avg_loss=23.267
[ 375.6s] epoch 8 step 7000 avg_loss=23.233
[ 378.5s] epoch 8 step 7050 avg_loss=23.655
[ 380.5s] === epoch 8 done: avg_loss=23.484 (n=788 derivations) ===
[ 380.8s] epoch 9 step 7100 avg_loss=8.570
[ 383.4s] epoch 9 step 7150 avg_loss=19.189
[ 385.7s] epoch 9 step 7200 avg_loss=19.812
[ 388.1s] epoch 9 step 7250 avg_loss=21.233
[ 390.5s] epoch 9 step 7300 avg_loss=21.366
[ 393.3s] epoch 9 step 7350 avg_loss=21.906
[ 395.7s] epoch 9 step 7400 avg_loss=21.818
[ 398.1s] epoch 9 step 7450 avg_loss=21.908
[ 400.5s] epoch 9 step 7500 avg_loss=21.493
[ 403.5s] epoch 9 step 7550 avg_loss=21.500
[ 406.6s] epoch 9 step 7600 avg_loss=21.888
[ 409.1s] epoch 9 step 7650 avg_loss=21.834
[ 411.7s] epoch 9 step 7700 avg_loss=22.050
[ 414.4s] epoch 9 step 7750 avg_loss=22.244
[ 416.8s] epoch 9 step 7800 avg_loss=22.464
[ 419.4s] epoch 9 step 7850 avg_loss=22.518
[ 421.1s] === epoch 9 done: avg_loss=22.458 (n=788 derivations) ===
[ 422.0s] epoch 10 step 7900 avg_loss=17.701
[ 424.7s] epoch 10 step 7950 avg_loss=22.047
[ 427.2s] epoch 10 step 8000 avg_loss=21.561
[ 429.5s] epoch 10 step 8050 avg_loss=19.695
[ 432.6s] epoch 10 step 8100 avg_loss=21.350
[ 435.5s] epoch 10 step 8150 avg_loss=22.337
[ 438.3s] epoch 10 step 8200 avg_loss=22.166
[ 441.2s] epoch 10 step 8250 avg_loss=22.149
[ 444.0s] epoch 10 step 8300 avg_loss=22.237
[ 446.3s] epoch 10 step 8350 avg_loss=21.972
[ 448.9s] epoch 10 step 8400 avg_loss=21.698
[ 452.1s] epoch 10 step 8450 avg_loss=21.884
[ 454.8s] epoch 10 step 8500 avg_loss=21.644
[ 457.3s] epoch 10 step 8550 avg_loss=21.333
[ 460.3s] epoch 10 step 8600 avg_loss=21.490
[ 463.1s] epoch 10 step 8650 avg_loss=21.339
[ 464.1s] === epoch 10 done: avg_loss=21.403 (n=788 derivations) ===
[ 466.3s] epoch 11 step 8700 avg_loss=32.215
[ 469.2s] epoch 11 step 8750 avg_loss=24.714
[ 472.1s] epoch 11 step 8800 avg_loss=22.304
[ 474.9s] epoch 11 step 8850 avg_loss=21.866
[ 477.9s] epoch 11 step 8900 avg_loss=21.644
[ 480.4s] epoch 11 step 8950 avg_loss=21.006
[ 483.1s] epoch 11 step 9000 avg_loss=20.961
[ 486.1s] epoch 11 step 9050 avg_loss=20.915
[ 488.8s] epoch 11 step 9100 avg_loss=21.086
[ 491.1s] epoch 11 step 9150 avg_loss=20.947
[ 493.5s] epoch 11 step 9200 avg_loss=20.747
[ 496.0s] epoch 11 step 9250 avg_loss=20.959
[ 498.3s] epoch 11 step 9300 avg_loss=20.660
[ 500.5s] epoch 11 step 9350 avg_loss=20.323
[ 503.2s] epoch 11 step 9400 avg_loss=20.484
[ 505.7s] epoch 11 step 9450 avg_loss=20.540
[ 505.9s] === epoch 11 done: avg_loss=20.461 (n=788 derivations) ===
[ 508.5s] epoch 12 step 9500 avg_loss=22.239
[ 511.2s] epoch 12 step 9550 avg_loss=19.363
[ 513.5s] epoch 12 step 9600 avg_loss=17.609
[ 516.4s] epoch 12 step 9650 avg_loss=18.287
[ 519.0s] epoch 12 step 9700 avg_loss=18.866
[ 521.3s] epoch 12 step 9750 avg_loss=19.357
[ 523.8s] epoch 12 step 9800 avg_loss=19.689
[ 526.2s] epoch 12 step 9850 avg_loss=19.299
[ 528.6s] epoch 12 step 9900 avg_loss=19.297
[ 531.4s] epoch 12 step 9950 avg_loss=19.281
[ 534.4s] epoch 12 step 10000 avg_loss=19.405
[ 536.8s] epoch 12 step 10050 avg_loss=19.589
[ 539.7s] epoch 12 step 10100 avg_loss=19.676
[ 542.1s] epoch 12 step 10150 avg_loss=19.464
[ 544.6s] epoch 12 step 10200 avg_loss=19.491
[ 546.7s] === epoch 12 done: avg_loss=19.490 (n=788 derivations) ===
[ 547.0s] epoch 13 step 10250 avg_loss=9.957
[ 549.2s] epoch 13 step 10300 avg_loss=13.347
[ 551.7s] epoch 13 step 10350 avg_loss=15.773
[ 554.3s] epoch 13 step 10400 avg_loss=16.811
[ 557.1s] epoch 13 step 10450 avg_loss=16.903
[ 559.8s] epoch 13 step 10500 avg_loss=17.145
[ 562.4s] epoch 13 step 10550 avg_loss=16.888
[ 564.6s] epoch 13 step 10600 avg_loss=16.938
[ 567.2s] epoch 13 step 10650 avg_loss=17.039
[ 569.5s] epoch 13 step 10700 avg_loss=17.236
[ 572.0s] epoch 13 step 10750 avg_loss=17.867
[ 574.9s] epoch 13 step 10800 avg_loss=18.629
[ 577.1s] epoch 13 step 10850 avg_loss=18.794
[ 579.5s] epoch 13 step 10900 avg_loss=18.858
[ 582.5s] epoch 13 step 10950 avg_loss=18.885
[ 584.9s] epoch 13 step 11000 avg_loss=18.643
[ 586.5s] === epoch 13 done: avg_loss=18.659 (n=788 derivations) ===
[ 587.2s] epoch 14 step 11050 avg_loss=12.165
[ 590.0s] epoch 14 step 11100 avg_loss=17.087
[ 592.4s] epoch 14 step 11150 avg_loss=17.793
[ 595.1s] epoch 14 step 11200 avg_loss=18.673
[ 597.3s] epoch 14 step 11250 avg_loss=17.971
[ 600.3s] epoch 14 step 11300 avg_loss=18.448
[ 602.5s] epoch 14 step 11350 avg_loss=17.895
[ 605.2s] epoch 14 step 11400 avg_loss=18.006
[ 607.5s] epoch 14 step 11450 avg_loss=17.634
[ 609.9s] epoch 14 step 11500 avg_loss=17.788
[ 612.6s] epoch 14 step 11550 avg_loss=17.784
[ 615.5s] epoch 14 step 11600 avg_loss=18.066
[ 617.8s] epoch 14 step 11650 avg_loss=17.703
[ 620.8s] epoch 14 step 11700 avg_loss=17.834
[ 623.2s] epoch 14 step 11750 avg_loss=17.751
[ 625.9s] epoch 14 step 11800 avg_loss=17.909
[ 627.0s] === epoch 14 done: avg_loss=17.777 (n=788 derivations) ===
[ 628.7s] epoch 15 step 11850 avg_loss=19.681
[ 631.4s] epoch 15 step 11900 avg_loss=16.799
[ 633.9s] epoch 15 step 11950 avg_loss=15.519
[ 636.7s] epoch 15 step 12000 avg_loss=15.694
[ 639.7s] epoch 15 step 12050 avg_loss=17.318
[ 642.8s] epoch 15 step 12100 avg_loss=17.239
[ 645.9s] epoch 15 step 12150 avg_loss=16.948
[ 648.8s] epoch 15 step 12200 avg_loss=16.958
[ 651.8s] epoch 15 step 12250 avg_loss=16.480
[ 654.8s] epoch 15 step 12300 avg_loss=16.454
[ 658.2s] epoch 15 step 12350 avg_loss=16.871
[ 661.0s] epoch 15 step 12400 avg_loss=16.805
[ 663.7s] epoch 15 step 12450 avg_loss=16.991
[ 666.5s] epoch 15 step 12500 avg_loss=17.008
[ 669.1s] epoch 15 step 12550 avg_loss=17.210
[ 671.5s] epoch 15 step 12600 avg_loss=16.946
[ 671.9s] === epoch 15 done: avg_loss=16.939 (n=788 derivations) ===
[ 674.5s] epoch 16 step 12650 avg_loss=16.316
[ 677.1s] epoch 16 step 12700 avg_loss=18.120
[ 679.9s] epoch 16 step 12750 avg_loss=18.263
[ 682.6s] epoch 16 step 12800 avg_loss=17.988
[ 685.1s] epoch 16 step 12850 avg_loss=16.931
[ 687.7s] epoch 16 step 12900 avg_loss=17.087
[ 690.9s] epoch 16 step 12950 avg_loss=17.232
[ 693.3s] epoch 16 step 13000 avg_loss=16.575
[ 695.9s] epoch 16 step 13050 avg_loss=16.415
[ 698.9s] epoch 16 step 13100 avg_loss=16.343
[ 701.9s] epoch 16 step 13150 avg_loss=16.573
[ 704.5s] epoch 16 step 13200 avg_loss=16.309
[ 707.7s] epoch 16 step 13250 avg_loss=16.470
[ 710.1s] epoch 16 step 13300 avg_loss=16.385
[ 712.8s] epoch 16 step 13350 avg_loss=16.182
[ 714.9s] === epoch 16 done: avg_loss=16.116 (n=788 derivations) ===
[ 715.2s] epoch 17 step 13400 avg_loss=9.668
[ 717.6s] epoch 17 step 13450 avg_loss=14.427
[ 720.4s] epoch 17 step 13500 avg_loss=15.477
[ 723.1s] epoch 17 step 13550 avg_loss=15.602
[ 725.5s] epoch 17 step 13600 avg_loss=15.418
[ 728.1s] epoch 17 step 13650 avg_loss=14.832
[ 731.0s] epoch 17 step 13700 avg_loss=15.424
[ 733.7s] epoch 17 step 13750 avg_loss=15.693
[ 736.1s] epoch 17 step 13800 avg_loss=15.390
[ 739.0s] epoch 17 step 13850 avg_loss=15.269
[ 741.8s] epoch 17 step 13900 avg_loss=15.141
[ 744.3s] epoch 17 step 13950 avg_loss=14.914
[ 746.9s] epoch 17 step 14000 avg_loss=15.042
[ 749.4s] epoch 17 step 14050 avg_loss=15.005
[ 752.0s] epoch 17 step 14100 avg_loss=15.026
[ 754.4s] epoch 17 step 14150 avg_loss=15.060
[ 756.5s] === epoch 17 done: avg_loss=15.219 (n=788 derivations) ===
[ 757.1s] epoch 18 step 14200 avg_loss=12.584
[ 759.5s] epoch 18 step 14250 avg_loss=13.675
[ 762.0s] epoch 18 step 14300 avg_loss=13.804
[ 764.2s] epoch 18 step 14350 avg_loss=13.710
[ 767.0s] epoch 18 step 14400 avg_loss=13.931
[ 769.9s] epoch 18 step 14450 avg_loss=14.262
[ 772.4s] epoch 18 step 14500 avg_loss=14.197
[ 774.7s] epoch 18 step 14550 avg_loss=13.785
[ 777.4s] epoch 18 step 14600 avg_loss=13.715
[ 780.3s] epoch 18 step 14650 avg_loss=13.845
[ 783.3s] epoch 18 step 14700 avg_loss=14.238
[ 785.8s] epoch 18 step 14750 avg_loss=14.076
[ 788.2s] epoch 18 step 14800 avg_loss=14.205
[ 790.9s] epoch 18 step 14850 avg_loss=14.547
[ 793.5s] epoch 18 step 14900 avg_loss=14.507
[ 796.0s] epoch 18 step 14950 avg_loss=14.528
[ 796.9s] === epoch 18 done: avg_loss=14.400 (n=788 derivations) ===
[ 798.7s] epoch 19 step 15000 avg_loss=13.767
[ 801.4s] epoch 19 step 15050 avg_loss=13.829
[ 803.9s] epoch 19 step 15100 avg_loss=13.097
[ 806.4s] epoch 19 step 15150 avg_loss=13.466
[ 809.5s] epoch 19 step 15200 avg_loss=14.034
[ 812.5s] epoch 19 step 15250 avg_loss=14.194
[ 815.6s] epoch 19 step 15300 avg_loss=14.959
[ 818.4s] epoch 19 step 15350 avg_loss=14.896
[ 821.0s] epoch 19 step 15400 avg_loss=14.786
[ 823.5s] epoch 19 step 15450 avg_loss=14.458
[ 825.7s] epoch 19 step 15500 avg_loss=13.868
[ 828.7s] epoch 19 step 15550 avg_loss=13.687
[ 831.6s] epoch 19 step 15600 avg_loss=13.785
[ 834.3s] epoch 19 step 15650 avg_loss=13.690
[ 837.1s] epoch 19 step 15700 avg_loss=13.847
[ 839.6s] epoch 19 step 15750 avg_loss=13.666
[ 840.1s] === epoch 19 done: avg_loss=13.638 (n=788 derivations) ===
[ 842.7s] epoch 20 step 15800 avg_loss=16.359
[ 845.5s] epoch 20 step 15850 avg_loss=13.771
[ 848.3s] epoch 20 step 15900 avg_loss=13.116
[ 851.3s] epoch 20 step 15950 avg_loss=13.335
[ 854.1s] epoch 20 step 16000 avg_loss=13.373
[ 857.0s] epoch 20 step 16050 avg_loss=12.935
[ 859.8s] epoch 20 step 16100 avg_loss=13.059
[ 862.5s] epoch 20 step 16150 avg_loss=13.100
[ 865.3s] epoch 20 step 16200 avg_loss=12.891
[ 867.9s] epoch 20 step 16250 avg_loss=13.364
[ 870.3s] epoch 20 step 16300 avg_loss=13.195
[ 872.9s] epoch 20 step 16350 avg_loss=13.001
[ 875.6s] epoch 20 step 16400 avg_loss=13.102
[ 878.3s] epoch 20 step 16450 avg_loss=13.117
[ 880.8s] epoch 20 step 16500 avg_loss=13.048
[ 883.0s] === epoch 20 done: avg_loss=12.926 (n=788 derivations) ===
[ 883.1s] epoch 21 step 16550 avg_loss=9.002
[ 885.7s] epoch 21 step 16600 avg_loss=10.725
[ 888.5s] epoch 21 step 16650 avg_loss=11.615
[ 891.1s] epoch 21 step 16700 avg_loss=12.769
[ 893.6s] epoch 21 step 16750 avg_loss=13.011
[ 896.0s] epoch 21 step 16800 avg_loss=12.821
[ 898.6s] epoch 21 step 16850 avg_loss=13.160
[ 901.1s] epoch 21 step 16900 avg_loss=12.755
[ 904.0s] epoch 21 step 16950 avg_loss=12.845
[ 906.8s] epoch 21 step 17000 avg_loss=12.705
[ 909.4s] epoch 21 step 17050 avg_loss=12.474
[ 912.1s] epoch 21 step 17100 avg_loss=12.474
[ 914.5s] epoch 21 step 17150 avg_loss=12.439
[ 917.2s] epoch 21 step 17200 avg_loss=12.259
[ 920.0s] epoch 21 step 17250 avg_loss=12.316
[ 922.7s] epoch 21 step 17300 avg_loss=12.328
[ 924.3s] === epoch 21 done: avg_loss=12.245 (n=788 derivations) ===
[ 925.1s] epoch 22 step 17350 avg_loss=10.143
[ 928.1s] epoch 22 step 17400 avg_loss=14.017
[ 930.8s] epoch 22 step 17450 avg_loss=11.974
[ 933.6s] epoch 22 step 17500 avg_loss=12.412
[ 935.9s] epoch 22 step 17550 avg_loss=11.686
[ 938.4s] epoch 22 step 17600 avg_loss=11.760
[ 940.6s] epoch 22 step 17650 avg_loss=11.233
[ 943.5s] epoch 22 step 17700 avg_loss=11.562
[ 946.2s] epoch 22 step 17750 avg_loss=12.055
[ 948.4s] epoch 22 step 17800 avg_loss=11.856
[ 950.9s] epoch 22 step 17850 avg_loss=11.708
[ 953.7s] epoch 22 step 17900 avg_loss=11.852
[ 956.1s] epoch 22 step 17950 avg_loss=11.803
[ 958.7s] epoch 22 step 18000 avg_loss=11.812
[ 961.4s] epoch 22 step 18050 avg_loss=11.873
[ 963.9s] epoch 22 step 18100 avg_loss=11.631
[ 965.2s] === epoch 22 done: avg_loss=11.651 (n=788 derivations) ===
[ 966.1s] epoch 23 step 18150 avg_loss=6.426
[ 968.7s] epoch 23 step 18200 avg_loss=9.890
[ 971.2s] epoch 23 step 18250 avg_loss=10.616
[ 973.6s] epoch 23 step 18300 avg_loss=9.784
[ 976.4s] epoch 23 step 18350 avg_loss=10.417
[ 979.0s] epoch 23 step 18400 avg_loss=10.612
[ 981.6s] epoch 23 step 18450 avg_loss=10.656
[ 984.3s] epoch 23 step 18500 avg_loss=10.750
[ 987.3s] epoch 23 step 18550 avg_loss=11.052
[ 990.7s] epoch 23 step 18600 avg_loss=11.314
[ 993.4s] epoch 23 step 18650 avg_loss=11.433
[ 996.2s] epoch 23 step 18700 avg_loss=11.346
[ 998.6s] epoch 23 step 18750 avg_loss=11.269
[1001.4s] epoch 23 step 18800 avg_loss=11.274
[1004.1s] epoch 23 step 18850 avg_loss=11.131
[1006.4s] epoch 23 step 18900 avg_loss=11.030
[1007.1s] === epoch 23 done: avg_loss=11.037 (n=788 derivations) ===
[1008.9s] epoch 24 step 18950 avg_loss=9.651
[1011.1s] epoch 24 step 19000 avg_loss=8.929
[1013.6s] epoch 24 step 19050 avg_loss=9.358
[1015.9s] epoch 24 step 19100 avg_loss=8.849
[1018.6s] epoch 24 step 19150 avg_loss=8.591
[1021.5s] epoch 24 step 19200 avg_loss=8.935
[1024.0s] epoch 24 step 19250 avg_loss=9.218
[1026.7s] epoch 24 step 19300 avg_loss=9.540
[1029.3s] epoch 24 step 19350 avg_loss=9.775
[1031.9s] epoch 24 step 19400 avg_loss=9.932
[1034.5s] epoch 24 step 19450 avg_loss=9.995
[1037.2s] epoch 24 step 19500 avg_loss=10.236
[1039.6s] epoch 24 step 19550 avg_loss=10.139
[1042.2s] epoch 24 step 19600 avg_loss=10.358
[1045.4s] epoch 24 step 19650 avg_loss=10.338
[1048.2s] epoch 24 step 19700 avg_loss=10.478
[1048.2s] === epoch 24 done: avg_loss=10.478 (n=788 derivations) ===
[1050.5s] epoch 25 step 19750 avg_loss=8.937
[1053.0s] epoch 25 step 19800 avg_loss=9.575
[1055.5s] epoch 25 step 19850 avg_loss=9.702
[1057.9s] epoch 25 step 19900 avg_loss=10.114
[1060.6s] epoch 25 step 19950 avg_loss=10.184
[1063.4s] epoch 25 step 20000 avg_loss=10.287
[1066.4s] epoch 25 step 20050 avg_loss=10.419
[1068.9s] epoch 25 step 20100 avg_loss=10.399
[1071.5s] epoch 25 step 20150 avg_loss=10.256
[1073.9s] epoch 25 step 20200 avg_loss=10.065
[1076.9s] epoch 25 step 20250 avg_loss=9.964
[1080.0s] epoch 25 step 20300 avg_loss=9.886
[1083.0s] epoch 25 step 20350 avg_loss=10.079
[1085.5s] epoch 25 step 20400 avg_loss=10.045
[1088.0s] epoch 25 step 20450 avg_loss=9.998
[1089.9s] === epoch 25 done: avg_loss=9.936 (n=788 derivations) ===
[1090.5s] epoch 26 step 20500 avg_loss=7.319
[1093.4s] epoch 26 step 20550 avg_loss=9.118
[1095.9s] epoch 26 step 20600 avg_loss=9.201
[1098.5s] epoch 26 step 20650 avg_loss=8.956
[1101.0s] epoch 26 step 20700 avg_loss=8.646
[1103.4s] epoch 26 step 20750 avg_loss=8.601
[1106.1s] epoch 26 step 20800 avg_loss=8.653
[1108.8s] epoch 26 step 20850 avg_loss=8.872
[1111.3s] epoch 26 step 20900 avg_loss=9.082
[1113.6s] epoch 26 step 20950 avg_loss=9.023
[1116.1s] epoch 26 step 21000 avg_loss=8.849
[1118.6s] epoch 26 step 21050 avg_loss=8.937
[1121.3s] epoch 26 step 21100 avg_loss=9.341
[1123.3s] epoch 26 step 21150 avg_loss=9.161
[1125.6s] epoch 26 step 21200 avg_loss=9.173
[1128.2s] epoch 26 step 21250 avg_loss=9.221
[1129.6s] === epoch 26 done: avg_loss=9.377 (n=788 derivations) ===
[1130.8s] epoch 27 step 21300 avg_loss=10.196
[1133.2s] epoch 27 step 21350 avg_loss=8.660
[1135.9s] epoch 27 step 21400 avg_loss=8.525
[1139.2s] epoch 27 step 21450 avg_loss=8.929
[1141.8s] epoch 27 step 21500 avg_loss=8.356
[1144.3s] epoch 27 step 21550 avg_loss=8.894
[1146.4s] epoch 27 step 21600 avg_loss=8.525
[1148.7s] epoch 27 step 21650 avg_loss=8.490
[1151.5s] epoch 27 step 21700 avg_loss=8.390
[1154.1s] epoch 27 step 21750 avg_loss=8.240
[1156.9s] epoch 27 step 21800 avg_loss=8.138
[1159.8s] epoch 27 step 21850 avg_loss=8.314
[1162.3s] epoch 27 step 21900 avg_loss=8.368
[1164.7s] epoch 27 step 21950 avg_loss=8.328
[1168.1s] epoch 27 step 22000 avg_loss=8.754
[1170.7s] epoch 27 step 22050 avg_loss=8.820
[1171.5s] === epoch 27 done: avg_loss=8.829 (n=788 derivations) ===
[1173.9s] epoch 28 step 22100 avg_loss=12.353
[1177.1s] epoch 28 step 22150 avg_loss=10.152
[1179.8s] epoch 28 step 22200 avg_loss=9.430
[1182.5s] epoch 28 step 22250 avg_loss=8.954
[1185.2s] epoch 28 step 22300 avg_loss=8.522
[1188.2s] epoch 28 step 22350 avg_loss=8.421
[1190.9s] epoch 28 step 22400 avg_loss=8.353
[1193.7s] epoch 28 step 22450 avg_loss=8.490
[1196.6s] epoch 28 step 22500 avg_loss=8.338
[1198.9s] epoch 28 step 22550 avg_loss=8.223
[1201.2s] epoch 28 step 22600 avg_loss=8.005
[1203.9s] epoch 28 step 22650 avg_loss=8.047
[1206.1s] epoch 28 step 22700 avg_loss=8.117
[1208.8s] epoch 28 step 22750 avg_loss=8.183
[1212.3s] epoch 28 step 22800 avg_loss=8.283
[1215.4s] epoch 28 step 22850 avg_loss=8.368
[1215.5s] === epoch 28 done: avg_loss=8.358 (n=788 derivations) ===
[1218.3s] epoch 29 step 22900 avg_loss=8.659
[1220.9s] epoch 29 step 22950 avg_loss=7.313
[1223.2s] epoch 29 step 23000 avg_loss=7.137
[1225.3s] epoch 29 step 23050 avg_loss=7.327
[1227.7s] epoch 29 step 23100 avg_loss=7.252
[1230.1s] epoch 29 step 23150 avg_loss=7.190
[1232.5s] epoch 29 step 23200 avg_loss=7.091
[1235.0s] epoch 29 step 23250 avg_loss=7.402
[1237.3s] epoch 29 step 23300 avg_loss=7.232
[1239.7s] epoch 29 step 23350 avg_loss=7.508
[1242.7s] epoch 29 step 23400 avg_loss=7.710
[1245.3s] epoch 29 step 23450 avg_loss=7.721
[1248.0s] epoch 29 step 23500 avg_loss=7.620
[1250.8s] epoch 29 step 23550 avg_loss=7.811
[1253.4s] epoch 29 step 23600 avg_loss=7.826
[1255.5s] === epoch 29 done: avg_loss=7.939 (n=788 derivations) ===
[1256.1s] epoch 30 step 23650 avg_loss=7.674
[1258.5s] epoch 30 step 23700 avg_loss=6.043
[1260.8s] epoch 30 step 23750 avg_loss=5.858
[1263.8s] epoch 30 step 23800 avg_loss=6.819
[1266.3s] epoch 30 step 23850 avg_loss=7.510
[1268.5s] epoch 30 step 23900 avg_loss=7.339
[1270.9s] epoch 30 step 23950 avg_loss=7.263
[1273.6s] epoch 30 step 24000 avg_loss=7.344
[1276.0s] epoch 30 step 24050 avg_loss=7.361
[1278.6s] epoch 30 step 24100 avg_loss=7.418
[1281.2s] epoch 30 step 24150 avg_loss=7.514
[1283.7s] epoch 30 step 24200 avg_loss=7.446
[1286.1s] epoch 30 step 24250 avg_loss=7.333
[1288.6s] epoch 30 step 24300 avg_loss=7.440
[1291.0s] epoch 30 step 24350 avg_loss=7.516
[1293.3s] epoch 30 step 24400 avg_loss=7.523
[1294.7s] === epoch 30 done: avg_loss=7.459 (n=788 derivations) ===
[1295.9s] epoch 31 step 24450 avg_loss=5.306
[1298.4s] epoch 31 step 24500 avg_loss=5.247
[1301.1s] epoch 31 step 24550 avg_loss=5.929
[1303.8s] epoch 31 step 24600 avg_loss=6.216
[1306.2s] epoch 31 step 24650 avg_loss=6.219
[1308.7s] epoch 31 step 24700 avg_loss=6.234
[1311.2s] epoch 31 step 24750 avg_loss=6.326
[1313.7s] epoch 31 step 24800 avg_loss=6.294
[1315.9s] epoch 31 step 24850 avg_loss=6.183
[1319.0s] epoch 31 step 24900 avg_loss=6.808
[1322.1s] epoch 31 step 24950 avg_loss=6.884
[1324.9s] epoch 31 step 25000 avg_loss=7.120
[1327.2s] epoch 31 step 25050 avg_loss=7.121
[1329.5s] epoch 31 step 25100 avg_loss=7.082
[1332.2s] epoch 31 step 25150 avg_loss=7.185
[1335.2s] epoch 31 step 25200 avg_loss=7.130
[1336.2s] === epoch 31 done: avg_loss=7.151 (n=788 derivations) ===
[1338.4s] epoch 32 step 25250 avg_loss=8.297
[1340.9s] epoch 32 step 25300 avg_loss=5.872
[1343.7s] epoch 32 step 25350 avg_loss=5.849
[1346.9s] epoch 32 step 25400 avg_loss=6.692
[1350.1s] epoch 32 step 25450 avg_loss=6.713
[1352.7s] epoch 32 step 25500 avg_loss=6.470
[1355.4s] epoch 32 step 25550 avg_loss=6.317
[1357.9s] epoch 32 step 25600 avg_loss=6.405
[1360.4s] epoch 32 step 25650 avg_loss=6.590
[1363.0s] epoch 32 step 25700 avg_loss=6.496
[1365.5s] epoch 32 step 25750 avg_loss=6.485
[1368.1s] epoch 32 step 25800 avg_loss=6.470
[1370.6s] epoch 32 step 25850 avg_loss=6.462
[1373.8s] epoch 32 step 25900 avg_loss=6.551
[1376.2s] epoch 32 step 25950 avg_loss=6.549
[1378.9s] epoch 32 step 26000 avg_loss=6.674
[1379.1s] === epoch 32 done: avg_loss=6.670 (n=788 derivations) ===
[1381.6s] epoch 33 step 26050 avg_loss=6.813
[1384.4s] epoch 33 step 26100 avg_loss=6.888
[1387.1s] epoch 33 step 26150 avg_loss=6.523
[1389.9s] epoch 33 step 26200 avg_loss=6.303
[1392.4s] epoch 33 step 26250 avg_loss=6.497
[1395.0s] epoch 33 step 26300 avg_loss=6.322
[1397.8s] epoch 33 step 26350 avg_loss=6.647
[1400.5s] epoch 33 step 26400 avg_loss=6.714
[1403.0s] epoch 33 step 26450 avg_loss=6.391
[1405.7s] epoch 33 step 26500 avg_loss=6.340
[1408.5s] epoch 33 step 26550 avg_loss=6.264
[1411.2s] epoch 33 step 26600 avg_loss=6.205
[1413.8s] epoch 33 step 26650 avg_loss=6.222
[1416.6s] epoch 33 step 26700 avg_loss=6.399
[1418.9s] epoch 33 step 26750 avg_loss=6.315
[1421.0s] === epoch 33 done: avg_loss=6.349 (n=788 derivations) ===
[1421.4s] epoch 34 step 26800 avg_loss=5.595
[1424.0s] epoch 34 step 26850 avg_loss=6.372
[1426.5s] epoch 34 step 26900 avg_loss=5.510
[1429.4s] epoch 34 step 26950 avg_loss=6.146
[1431.7s] epoch 34 step 27000 avg_loss=5.708
[1434.2s] epoch 34 step 27050 avg_loss=5.711
[1436.4s] epoch 34 step 27100 avg_loss=5.620
[1438.9s] epoch 34 step 27150 avg_loss=5.729
[1441.8s] epoch 34 step 27200 avg_loss=6.011
[1444.1s] epoch 34 step 27250 avg_loss=6.034
[1446.5s] epoch 34 step 27300 avg_loss=6.092
[1448.5s] epoch 34 step 27350 avg_loss=6.065
[1450.9s] epoch 34 step 27400 avg_loss=6.113
[1453.4s] epoch 34 step 27450 avg_loss=6.001
[1455.9s] epoch 34 step 27500 avg_loss=6.050
[1458.9s] epoch 34 step 27550 avg_loss=6.108
[1460.2s] === epoch 34 done: avg_loss=6.023 (n=788 derivations) ===
[1461.3s] epoch 35 step 27600 avg_loss=6.710
[1463.8s] epoch 35 step 27650 avg_loss=6.120
[1466.5s] epoch 35 step 27700 avg_loss=6.486
[1469.1s] epoch 35 step 27750 avg_loss=6.423
[1471.5s] epoch 35 step 27800 avg_loss=6.272
[1474.2s] epoch 35 step 27850 avg_loss=6.055
[1477.0s] epoch 35 step 27900 avg_loss=6.072
[1479.2s] epoch 35 step 27950 avg_loss=5.727
[1481.8s] epoch 35 step 28000 avg_loss=5.952
[1484.1s] epoch 35 step 28050 avg_loss=5.829
[1486.8s] epoch 35 step 28100 avg_loss=5.939
[1489.8s] epoch 35 step 28150 avg_loss=6.139
[1492.5s] epoch 35 step 28200 avg_loss=6.066
[1495.0s] epoch 35 step 28250 avg_loss=5.884
[1498.0s] epoch 35 step 28300 avg_loss=5.828
[1500.7s] epoch 35 step 28350 avg_loss=5.863
[1501.8s] === epoch 35 done: avg_loss=5.837 (n=788 derivations) ===
[1503.1s] epoch 36 step 28400 avg_loss=3.128
[1505.9s] epoch 36 step 28450 avg_loss=5.208
[1508.6s] epoch 36 step 28500 avg_loss=5.839
[1511.2s] epoch 36 step 28550 avg_loss=5.542
[1513.5s] epoch 36 step 28600 avg_loss=5.264
[1515.9s] epoch 36 step 28650 avg_loss=5.048
[1518.8s] epoch 36 step 28700 avg_loss=5.054
[1521.5s] epoch 36 step 28750 avg_loss=5.250
[1524.0s] epoch 36 step 28800 avg_loss=5.110
[1526.2s] epoch 36 step 28850 avg_loss=5.276
[1529.0s] epoch 36 step 28900 avg_loss=5.545
[1531.4s] epoch 36 step 28950 avg_loss=5.381
[1534.1s] epoch 36 step 29000 avg_loss=5.421
[1536.8s] epoch 36 step 29050 avg_loss=5.549
[1539.4s] epoch 36 step 29100 avg_loss=5.579
[1541.8s] epoch 36 step 29150 avg_loss=5.512
[1542.1s] === epoch 36 done: avg_loss=5.511 (n=788 derivations) ===
[1544.2s] epoch 37 step 29200 avg_loss=6.183
[1546.6s] epoch 37 step 29250 avg_loss=4.830
[1549.3s] epoch 37 step 29300 avg_loss=4.894
[1551.6s] epoch 37 step 29350 avg_loss=4.633
[1553.9s] epoch 37 step 29400 avg_loss=4.668
[1556.3s] epoch 37 step 29450 avg_loss=4.583
[1558.7s] epoch 37 step 29500 avg_loss=4.619
[1561.7s] epoch 37 step 29550 avg_loss=4.621
[1564.2s] epoch 37 step 29600 avg_loss=4.524
[1566.7s] epoch 37 step 29650 avg_loss=4.596
[1569.1s] epoch 37 step 29700 avg_loss=4.628
[1572.0s] epoch 37 step 29750 avg_loss=4.717
[1575.0s] epoch 37 step 29800 avg_loss=4.946
[1577.5s] epoch 37 step 29850 avg_loss=5.080
[1580.1s] epoch 37 step 29900 avg_loss=5.207
[1582.5s] === epoch 37 done: avg_loss=5.230 (n=788 derivations) ===
[1582.7s] epoch 38 step 29950 avg_loss=1.922
[1585.3s] epoch 38 step 30000 avg_loss=5.937
[1588.0s] epoch 38 step 30050 avg_loss=5.631
[1590.3s] epoch 38 step 30100 avg_loss=4.981
[1593.1s] epoch 38 step 30150 avg_loss=4.813
[1595.8s] epoch 38 step 30200 avg_loss=4.915
[1599.0s] epoch 38 step 30250 avg_loss=5.001
[1601.2s] epoch 38 step 30300 avg_loss=4.796
[1603.4s] epoch 38 step 30350 avg_loss=4.700
[1605.8s] epoch 38 step 30400 avg_loss=4.569
[1608.4s] epoch 38 step 30450 avg_loss=4.618
[1611.0s] epoch 38 step 30500 avg_loss=4.654
[1613.5s] epoch 38 step 30550 avg_loss=4.765
[1615.9s] epoch 38 step 30600 avg_loss=4.846
[1618.3s] epoch 38 step 30650 avg_loss=4.840
[1621.4s] epoch 38 step 30700 avg_loss=4.933
[1623.0s] === epoch 38 done: avg_loss=4.992 (n=788 derivations) ===
[1624.1s] epoch 39 step 30750 avg_loss=5.478
[1626.7s] epoch 39 step 30800 avg_loss=5.006
[1629.5s] epoch 39 step 30850 avg_loss=4.392
[1632.2s] epoch 39 step 30900 avg_loss=4.615
[1634.4s] epoch 39 step 30950 avg_loss=4.552
[1636.9s] epoch 39 step 31000 avg_loss=4.687
[1639.2s] epoch 39 step 31050 avg_loss=4.835
[1642.0s] epoch 39 step 31100 avg_loss=4.909
[1644.3s] epoch 39 step 31150 avg_loss=4.910
[1647.0s] epoch 39 step 31200 avg_loss=4.923
[1650.0s] epoch 39 step 31250 avg_loss=4.935
[1652.4s] epoch 39 step 31300 avg_loss=4.748
[1655.2s] epoch 39 step 31350 avg_loss=4.832
[1657.7s] epoch 39 step 31400 avg_loss=4.751
[1660.3s] epoch 39 step 31450 avg_loss=4.771
[1662.7s] epoch 39 step 31500 avg_loss=4.789
[1663.7s] === epoch 39 done: avg_loss=4.731 (n=788 derivations) ===
[1665.4s] epoch 40 step 31550 avg_loss=3.576
[1668.1s] epoch 40 step 31600 avg_loss=4.907
[1670.7s] epoch 40 step 31650 avg_loss=4.048
[1673.5s] epoch 40 step 31700 avg_loss=4.517
[1676.2s] epoch 40 step 31750 avg_loss=4.408
[1678.7s] epoch 40 step 31800 avg_loss=4.259
[1681.5s] epoch 40 step 31850 avg_loss=4.014
[1684.4s] epoch 40 step 31900 avg_loss=4.162
[1686.9s] epoch 40 step 31950 avg_loss=4.186
[1689.5s] epoch 40 step 32000 avg_loss=4.234
[1692.0s] epoch 40 step 32050 avg_loss=4.150
[1694.4s] epoch 40 step 32100 avg_loss=4.198
[1696.7s] epoch 40 step 32150 avg_loss=4.114
[1699.4s] epoch 40 step 32200 avg_loss=4.199
[1702.5s] epoch 40 step 32250 avg_loss=4.249
[1705.5s] epoch 40 step 32300 avg_loss=4.367
[1705.9s] === epoch 40 done: avg_loss=4.344 (n=788 derivations) ===
[1708.2s] epoch 41 step 32350 avg_loss=3.313
[1710.9s] epoch 41 step 32400 avg_loss=3.526
[1713.8s] epoch 41 step 32450 avg_loss=4.238
[1716.5s] epoch 41 step 32500 avg_loss=4.319
[1719.2s] epoch 41 step 32550 avg_loss=4.281
[1721.9s] epoch 41 step 32600 avg_loss=4.420
[1724.5s] epoch 41 step 32650 avg_loss=4.228
[1727.2s] epoch 41 step 32700 avg_loss=4.134
[1730.0s] epoch 41 step 32750 avg_loss=4.166
[1732.6s] epoch 41 step 32800 avg_loss=4.068
[1734.7s] epoch 41 step 32850 avg_loss=3.956
[1737.2s] epoch 41 step 32900 avg_loss=3.894
[1740.3s] epoch 41 step 32950 avg_loss=4.168
[1743.0s] epoch 41 step 33000 avg_loss=4.215
[1745.6s] epoch 41 step 33050 avg_loss=4.191
[1747.8s] === epoch 41 done: avg_loss=4.215 (n=788 derivations) ===
[1748.0s] epoch 42 step 33100 avg_loss=1.885
[1750.7s] epoch 42 step 33150 avg_loss=3.466
[1753.4s] epoch 42 step 33200 avg_loss=3.608
[1756.2s] epoch 42 step 33250 avg_loss=4.053
[1759.0s] epoch 42 step 33300 avg_loss=4.066
[1762.3s] epoch 42 step 33350 avg_loss=4.119
[1764.8s] epoch 42 step 33400 avg_loss=4.138
[1767.6s] epoch 42 step 33450 avg_loss=3.929
[1770.4s] epoch 42 step 33500 avg_loss=3.996
[1772.8s] epoch 42 step 33550 avg_loss=3.904
[1775.6s] epoch 42 step 33600 avg_loss=4.049
[1778.0s] epoch 42 step 33650 avg_loss=4.030
[1780.4s] epoch 42 step 33700 avg_loss=3.953
[1782.9s] epoch 42 step 33750 avg_loss=3.902
[1785.3s] epoch 42 step 33800 avg_loss=3.808
[1788.1s] epoch 42 step 33850 avg_loss=3.837
[1790.0s] === epoch 42 done: avg_loss=3.872 (n=788 derivations) ===
[1790.8s] epoch 43 step 33900 avg_loss=4.502
[1793.3s] epoch 43 step 33950 avg_loss=3.491
[1796.1s] epoch 43 step 34000 avg_loss=3.743
[1798.5s] epoch 43 step 34050 avg_loss=3.736
[1801.3s] epoch 43 step 34100 avg_loss=3.465
[1803.7s] epoch 43 step 34150 avg_loss=3.392
[1806.0s] epoch 43 step 34200 avg_loss=3.296
[1808.5s] epoch 43 step 34250 avg_loss=3.416
[1811.2s] epoch 43 step 34300 avg_loss=3.676
[1813.4s] epoch 43 step 34350 avg_loss=3.588
[1815.8s] epoch 43 step 34400 avg_loss=3.519
[1818.3s] epoch 43 step 34450 avg_loss=3.614
[1820.7s] epoch 43 step 34500 avg_loss=3.668
[1823.1s] epoch 43 step 34550 avg_loss=3.644
[1825.8s] epoch 43 step 34600 avg_loss=3.760
[1828.3s] epoch 43 step 34650 avg_loss=3.735
[1829.3s] === epoch 43 done: avg_loss=3.716 (n=788 derivations) ===
[1830.7s] epoch 44 step 34700 avg_loss=3.336
[1832.7s] epoch 44 step 34750 avg_loss=2.600
[1835.1s] epoch 44 step 34800 avg_loss=2.833
[1837.6s] epoch 44 step 34850 avg_loss=3.383
[1839.9s] epoch 44 step 34900 avg_loss=3.165
[1842.5s] epoch 44 step 34950 avg_loss=3.338
[1844.9s] epoch 44 step 35000 avg_loss=3.366
[1847.6s] epoch 44 step 35050 avg_loss=3.371
[1850.3s] epoch 44 step 35100 avg_loss=3.490
[1852.7s] epoch 44 step 35150 avg_loss=3.507
[1855.3s] epoch 44 step 35200 avg_loss=3.762
[1857.7s] epoch 44 step 35250 avg_loss=3.653
[1860.3s] epoch 44 step 35300 avg_loss=3.687
[1862.9s] epoch 44 step 35350 avg_loss=3.586
[1865.7s] epoch 44 step 35400 avg_loss=3.600
[1868.2s] epoch 44 step 35450 avg_loss=3.571
[1868.8s] === epoch 44 done: avg_loss=3.603 (n=788 derivations) ===
[1870.7s] epoch 45 step 35500 avg_loss=3.975
[1873.3s] epoch 45 step 35550 avg_loss=3.841
[1875.9s] epoch 45 step 35600 avg_loss=3.862
[1878.4s] epoch 45 step 35650 avg_loss=4.248
[1880.7s] epoch 45 step 35700 avg_loss=3.900
[1883.3s] epoch 45 step 35750 avg_loss=3.769
[1885.8s] epoch 45 step 35800 avg_loss=3.575
[1888.4s] epoch 45 step 35850 avg_loss=3.620
[1891.0s] epoch 45 step 35900 avg_loss=3.577
[1893.4s] epoch 45 step 35950 avg_loss=3.490
[1895.9s] epoch 45 step 36000 avg_loss=3.462
[1898.3s] epoch 45 step 36050 avg_loss=3.478
[1900.5s] epoch 45 step 36100 avg_loss=3.405
[1902.7s] epoch 45 step 36150 avg_loss=3.386
[1905.2s] epoch 45 step 36200 avg_loss=3.440
[1907.7s] === epoch 45 done: avg_loss=3.400 (n=788 derivations) ===
[1907.8s] epoch 46 step 36250 avg_loss=4.773
[1910.3s] epoch 46 step 36300 avg_loss=3.216
[1913.3s] epoch 46 step 36350 avg_loss=3.432
[1916.3s] epoch 46 step 36400 avg_loss=3.330
[1918.9s] epoch 46 step 36450 avg_loss=3.024
[1921.7s] epoch 46 step 36500 avg_loss=3.032
[1924.3s] epoch 46 step 36550 avg_loss=3.027
[1927.4s] epoch 46 step 36600 avg_loss=3.110
[1930.2s] epoch 46 step 36650 avg_loss=3.188
[1932.8s] epoch 46 step 36700 avg_loss=3.098
[1935.8s] epoch 46 step 36750 avg_loss=3.274
[1938.5s] epoch 46 step 36800 avg_loss=3.199
[1941.6s] epoch 46 step 36850 avg_loss=3.156
[1944.1s] epoch 46 step 36900 avg_loss=3.045
[1947.1s] epoch 46 step 36950 avg_loss=3.091
[1949.8s] epoch 46 step 37000 avg_loss=3.144
[1951.5s] === epoch 46 done: avg_loss=3.143 (n=788 derivations) ===
[1952.2s] epoch 47 step 37050 avg_loss=0.936
[1954.6s] epoch 47 step 37100 avg_loss=3.266
[1956.8s] epoch 47 step 37150 avg_loss=2.948
[1959.3s] epoch 47 step 37200 avg_loss=3.095
[1961.8s] epoch 47 step 37250 avg_loss=3.203
[1964.5s] epoch 47 step 37300 avg_loss=3.248
[1967.1s] epoch 47 step 37350 avg_loss=3.063
[1969.4s] epoch 47 step 37400 avg_loss=2.971
[1971.7s] epoch 47 step 37450 avg_loss=2.939
[1974.3s] epoch 47 step 37500 avg_loss=2.892
[1976.7s] epoch 47 step 37550 avg_loss=2.878
[1978.9s] epoch 47 step 37600 avg_loss=2.827
[1982.0s] epoch 47 step 37650 avg_loss=2.892
[1984.9s] epoch 47 step 37700 avg_loss=2.896
[1987.9s] epoch 47 step 37750 avg_loss=2.973
[1990.4s] epoch 47 step 37800 avg_loss=2.981
[1991.6s] === epoch 47 done: avg_loss=2.950 (n=788 derivations) ===
[1992.9s] epoch 48 step 37850 avg_loss=2.509
[1995.4s] epoch 48 step 37900 avg_loss=1.880
[1998.1s] epoch 48 step 37950 avg_loss=2.239
[2000.7s] epoch 48 step 38000 avg_loss=2.376
[2003.0s] epoch 48 step 38050 avg_loss=2.213
[2005.6s] epoch 48 step 38100 avg_loss=2.575
[2008.2s] epoch 48 step 38150 avg_loss=2.480
[2010.9s] epoch 48 step 38200 avg_loss=2.709
[2013.4s] epoch 48 step 38250 avg_loss=2.679
[2015.8s] epoch 48 step 38300 avg_loss=2.708
[2018.5s] epoch 48 step 38350 avg_loss=2.841
[2021.1s] epoch 48 step 38400 avg_loss=2.958
[2023.5s] epoch 48 step 38450 avg_loss=2.924
[2025.8s] epoch 48 step 38500 avg_loss=2.854
[2028.3s] epoch 48 step 38550 avg_loss=2.813
[2030.9s] epoch 48 step 38600 avg_loss=2.794
[2031.4s] === epoch 48 done: avg_loss=2.776 (n=788 derivations) ===
[2033.2s] epoch 49 step 38650 avg_loss=4.497
[2035.7s] epoch 49 step 38700 avg_loss=2.933
[2038.3s] epoch 49 step 38750 avg_loss=2.796
[2040.7s] epoch 49 step 38800 avg_loss=2.818
[2043.6s] epoch 49 step 38850 avg_loss=2.870
[2046.4s] epoch 49 step 38900 avg_loss=2.907
[2049.0s] epoch 49 step 38950 avg_loss=2.850
[2051.6s] epoch 49 step 39000 avg_loss=2.760
[2054.3s] epoch 49 step 39050 avg_loss=2.686
[2056.6s] epoch 49 step 39100 avg_loss=2.649
[2059.0s] epoch 49 step 39150 avg_loss=2.632
[2062.0s] epoch 49 step 39200 avg_loss=2.637
[2064.6s] epoch 49 step 39250 avg_loss=2.666
[2067.0s] epoch 49 step 39300 avg_loss=2.666
[2069.4s] epoch 49 step 39350 avg_loss=2.670
[2071.9s] epoch 49 step 39400 avg_loss=2.651
[2071.9s] === epoch 49 done: avg_loss=2.651 (n=788 derivations) ===
[2074.7s] epoch 50 step 39450 avg_loss=3.894
[2077.0s] epoch 50 step 39500 avg_loss=2.736
[2079.9s] epoch 50 step 39550 avg_loss=2.915
[2082.4s] epoch 50 step 39600 avg_loss=2.716
[2085.1s] epoch 50 step 39650 avg_loss=2.823
[2087.5s] epoch 50 step 39700 avg_loss=2.752
[2090.4s] epoch 50 step 39750 avg_loss=2.753
[2092.9s] epoch 50 step 39800 avg_loss=2.665
[2095.4s] epoch 50 step 39850 avg_loss=2.576
[2097.5s] epoch 50 step 39900 avg_loss=2.571
[2100.2s] epoch 50 step 39950 avg_loss=2.565
[2102.7s] epoch 50 step 40000 avg_loss=2.610
[2105.2s] epoch 50 step 40050 avg_loss=2.621
[2108.0s] epoch 50 step 40100 avg_loss=2.671
[2110.4s] epoch 50 step 40150 avg_loss=2.637
[2112.3s] === epoch 50 done: avg_loss=2.588 (n=788 derivations) ===
[2112.9s] epoch 51 step 40200 avg_loss=2.320
[2115.7s] epoch 51 step 40250 avg_loss=3.004
[2118.5s] epoch 51 step 40300 avg_loss=2.675
[2121.0s] epoch 51 step 40350 avg_loss=2.573
[2123.8s] epoch 51 step 40400 avg_loss=2.486
[2126.7s] epoch 51 step 40450 avg_loss=2.522
[2129.4s] epoch 51 step 40500 avg_loss=2.400
[2132.1s] epoch 51 step 40550 avg_loss=2.441
[2134.7s] epoch 51 step 40600 avg_loss=2.468
[2137.4s] epoch 51 step 40650 avg_loss=2.351
[2140.2s] epoch 51 step 40700 avg_loss=2.322
[2142.8s] epoch 51 step 40750 avg_loss=2.490
[2145.6s] epoch 51 step 40800 avg_loss=2.511
[2148.2s] epoch 51 step 40850 avg_loss=2.505
[2151.0s] epoch 51 step 40900 avg_loss=2.492
[2153.4s] epoch 51 step 40950 avg_loss=2.437
[2155.1s] === epoch 51 done: avg_loss=2.440 (n=788 derivations) ===
[2156.4s] epoch 52 step 41000 avg_loss=2.150
[2159.4s] epoch 52 step 41050 avg_loss=2.880
[2162.1s] epoch 52 step 41100 avg_loss=3.055
[2164.8s] epoch 52 step 41150 avg_loss=2.767
[2168.0s] epoch 52 step 41200 avg_loss=2.646
[2170.6s] epoch 52 step 41250 avg_loss=2.571
[2173.5s] epoch 52 step 41300 avg_loss=2.600
[2175.9s] epoch 52 step 41350 avg_loss=2.424
[2178.2s] epoch 52 step 41400 avg_loss=2.313
[2180.8s] epoch 52 step 41450 avg_loss=2.317
[2183.3s] epoch 52 step 41500 avg_loss=2.312
[2186.3s] epoch 52 step 41550 avg_loss=2.280
[2189.4s] epoch 52 step 41600 avg_loss=2.335
[2192.2s] epoch 52 step 41650 avg_loss=2.359
[2194.8s] epoch 52 step 41700 avg_loss=2.356
[2197.4s] epoch 52 step 41750 avg_loss=2.333
[2198.1s] === epoch 52 done: avg_loss=2.335 (n=788 derivations) ===
[2200.2s] epoch 53 step 41800 avg_loss=2.167
[2202.9s] epoch 53 step 41850 avg_loss=1.804
[2205.6s] epoch 53 step 41900 avg_loss=1.822
[2208.4s] epoch 53 step 41950 avg_loss=2.112
[2211.2s] epoch 53 step 42000 avg_loss=2.074
[2213.6s] epoch 53 step 42050 avg_loss=2.171
[2216.0s] epoch 53 step 42100 avg_loss=2.287
[2218.6s] epoch 53 step 42150 avg_loss=2.200
[2221.3s] epoch 53 step 42200 avg_loss=2.170
[2223.9s] epoch 53 step 42250 avg_loss=2.244
[2226.4s] epoch 53 step 42300 avg_loss=2.244
[2229.1s] epoch 53 step 42350 avg_loss=2.171
[2231.3s] epoch 53 step 42400 avg_loss=2.165
[2233.8s] epoch 53 step 42450 avg_loss=2.204
[2236.1s] epoch 53 step 42500 avg_loss=2.166
[2239.0s] epoch 53 step 42550 avg_loss=2.184
[2239.1s] === epoch 53 done: avg_loss=2.180 (n=788 derivations) ===
[2241.7s] epoch 54 step 42600 avg_loss=2.499
[2244.3s] epoch 54 step 42650 avg_loss=2.386
[2246.6s] epoch 54 step 42700 avg_loss=2.148
[2249.3s] epoch 54 step 42750 avg_loss=1.956
[2252.0s] epoch 54 step 42800 avg_loss=2.090
[2254.6s] epoch 54 step 42850 avg_loss=2.112
[2257.2s] epoch 54 step 42900 avg_loss=2.187
[2259.5s] epoch 54 step 42950 avg_loss=2.059
[2261.8s] epoch 54 step 43000 avg_loss=2.003
[2264.5s] epoch 54 step 43050 avg_loss=1.985
[2267.0s] epoch 54 step 43100 avg_loss=2.020
[2269.5s] epoch 54 step 43150 avg_loss=1.989
[2272.2s] epoch 54 step 43200 avg_loss=2.034
[2274.9s] epoch 54 step 43250 avg_loss=2.025
[2277.7s] epoch 54 step 43300 avg_loss=2.052
[2279.7s] === epoch 54 done: avg_loss=2.030 (n=788 derivations) ===
[2280.2s] epoch 55 step 43350 avg_loss=1.233
[2282.6s] epoch 55 step 43400 avg_loss=1.259
[2285.1s] epoch 55 step 43450 avg_loss=2.250
[2287.6s] epoch 55 step 43500 avg_loss=2.452
[2289.9s] epoch 55 step 43550 avg_loss=2.226
[2292.8s] epoch 55 step 43600 avg_loss=2.285
[2295.3s] epoch 55 step 43650 avg_loss=2.098
[2297.9s] epoch 55 step 43700 avg_loss=2.065
[2300.4s] epoch 55 step 43750 avg_loss=2.078
[2303.6s] epoch 55 step 43800 avg_loss=2.118
[2306.4s] epoch 55 step 43850 avg_loss=2.094
[2308.8s] epoch 55 step 43900 avg_loss=1.994
[2311.8s] epoch 55 step 43950 avg_loss=2.018
[2314.6s] epoch 55 step 44000 avg_loss=2.036
[2317.0s] epoch 55 step 44050 avg_loss=2.068
[2319.7s] epoch 55 step 44100 avg_loss=2.040
[2321.2s] === epoch 55 done: avg_loss=2.028 (n=788 derivations) ===
[2322.5s] epoch 56 step 44150 avg_loss=3.454
[2325.2s] epoch 56 step 44200 avg_loss=2.112
[2328.4s] epoch 56 step 44250 avg_loss=2.104
[2330.7s] epoch 56 step 44300 avg_loss=1.964
[2333.1s] epoch 56 step 44350 avg_loss=1.713
[2335.7s] epoch 56 step 44400 avg_loss=1.702
[2338.8s] epoch 56 step 44450 avg_loss=1.692
[2341.0s] epoch 56 step 44500 avg_loss=1.604
[2344.0s] epoch 56 step 44550 avg_loss=1.742
[2346.8s] epoch 56 step 44600 avg_loss=1.754
[2349.7s] epoch 56 step 44650 avg_loss=1.723
[2352.4s] epoch 56 step 44700 avg_loss=1.726
[2355.5s] epoch 56 step 44750 avg_loss=1.790
[2358.3s] epoch 56 step 44800 avg_loss=1.811
[2360.9s] epoch 56 step 44850 avg_loss=1.804
[2363.4s] epoch 56 step 44900 avg_loss=1.778
[2364.2s] === epoch 56 done: avg_loss=1.794 (n=788 derivations) ===
[2365.7s] epoch 57 step 44950 avg_loss=1.455
[2368.6s] epoch 57 step 45000 avg_loss=1.734
[2371.5s] epoch 57 step 45050 avg_loss=1.947
[2374.0s] epoch 57 step 45100 avg_loss=1.940
[2376.6s] epoch 57 step 45150 avg_loss=2.058
[2378.8s] epoch 57 step 45200 avg_loss=2.020
[2381.1s] epoch 57 step 45250 avg_loss=1.925
[2383.3s] epoch 57 step 45300 avg_loss=1.859
[2385.7s] epoch 57 step 45350 avg_loss=1.760
[2388.1s] epoch 57 step 45400 avg_loss=1.746
[2390.6s] epoch 57 step 45450 avg_loss=1.807
[2393.0s] epoch 57 step 45500 avg_loss=1.740
[2395.5s] epoch 57 step 45550 avg_loss=1.775
[2397.9s] epoch 57 step 45600 avg_loss=1.758
[2400.3s] epoch 57 step 45650 avg_loss=1.736
[2402.8s] epoch 57 step 45700 avg_loss=1.710
[2403.0s] === epoch 57 done: avg_loss=1.710 (n=788 derivations) ===
[2405.2s] epoch 58 step 45750 avg_loss=1.063
[2407.6s] epoch 58 step 45800 avg_loss=0.881
[2409.8s] epoch 58 step 45850 avg_loss=0.848
[2412.5s] epoch 58 step 45900 avg_loss=1.262
[2415.3s] epoch 58 step 45950 avg_loss=1.385
[2417.8s] epoch 58 step 46000 avg_loss=1.308
[2420.4s] epoch 58 step 46050 avg_loss=1.463
[2422.7s] epoch 58 step 46100 avg_loss=1.436
[2425.2s] epoch 58 step 46150 avg_loss=1.584
[2427.9s] epoch 58 step 46200 avg_loss=1.649
[2430.6s] epoch 58 step 46250 avg_loss=1.756
[2433.4s] epoch 58 step 46300 avg_loss=1.741
[2436.1s] epoch 58 step 46350 avg_loss=1.698
[2438.8s] epoch 58 step 46400 avg_loss=1.711
[2441.5s] epoch 58 step 46450 avg_loss=1.746
[2443.4s] === epoch 58 done: avg_loss=1.728 (n=788 derivations) ===
[2443.8s] epoch 59 step 46500 avg_loss=0.575
[2446.5s] epoch 59 step 46550 avg_loss=1.682
[2449.1s] epoch 59 step 46600 avg_loss=1.566
[2451.7s] epoch 59 step 46650 avg_loss=1.574
[2453.9s] epoch 59 step 46700 avg_loss=1.399
[2456.1s] epoch 59 step 46750 avg_loss=1.457
[2458.7s] epoch 59 step 46800 avg_loss=1.588
[2461.1s] epoch 59 step 46850 avg_loss=1.559
[2463.4s] epoch 59 step 46900 avg_loss=1.499
[2466.0s] epoch 59 step 46950 avg_loss=1.522
[2468.4s] epoch 59 step 47000 avg_loss=1.510
[2471.1s] epoch 59 step 47050 avg_loss=1.601
[2473.7s] epoch 59 step 47100 avg_loss=1.620
[2476.5s] epoch 59 step 47150 avg_loss=1.654
[2478.7s] epoch 59 step 47200 avg_loss=1.634
[2481.6s] epoch 59 step 47250 avg_loss=1.604
[2483.2s] === epoch 59 done: avg_loss=1.608 (n=788 derivations) ===
[2484.1s] epoch 60 step 47300 avg_loss=0.654
[2486.4s] epoch 60 step 47350 avg_loss=0.674
[2489.2s] epoch 60 step 47400 avg_loss=1.067
[2491.9s] epoch 60 step 47450 avg_loss=1.060
[2494.5s] epoch 60 step 47500 avg_loss=1.200
[2496.9s] epoch 60 step 47550 avg_loss=1.353
[2499.8s] epoch 60 step 47600 avg_loss=1.624
[2502.4s] epoch 60 step 47650 avg_loss=1.545
[2505.4s] epoch 60 step 47700 avg_loss=1.550
[2508.5s] epoch 60 step 47750 avg_loss=1.535
[2511.0s] epoch 60 step 47800 avg_loss=1.535
[2513.8s] epoch 60 step 47850 avg_loss=1.512
[2516.2s] epoch 60 step 47900 avg_loss=1.524
[2518.7s] epoch 60 step 47950 avg_loss=1.476
[2521.5s] epoch 60 step 48000 avg_loss=1.451
[2524.7s] epoch 60 step 48050 avg_loss=1.460
[2525.8s] === epoch 60 done: avg_loss=1.480 (n=788 derivations) ===
[2527.3s] epoch 61 step 48100 avg_loss=0.785
[2529.8s] epoch 61 step 48150 avg_loss=0.738
[2532.6s] epoch 61 step 48200 avg_loss=1.020
[2535.4s] epoch 61 step 48250 avg_loss=0.995
[2538.3s] epoch 61 step 48300 avg_loss=1.181
[2540.9s] epoch 61 step 48350 avg_loss=1.126
[2543.5s] epoch 61 step 48400 avg_loss=1.187
[2546.1s] epoch 61 step 48450 avg_loss=1.274
[2548.9s] epoch 61 step 48500 avg_loss=1.243
[2551.9s] epoch 61 step 48550 avg_loss=1.335
[2554.4s] epoch 61 step 48600 avg_loss=1.323
[2556.7s] epoch 61 step 48650 avg_loss=1.299
[2559.3s] epoch 61 step 48700 avg_loss=1.310
[2562.1s] epoch 61 step 48750 avg_loss=1.382
[2564.8s] epoch 61 step 48800 avg_loss=1.406
[2567.7s] epoch 61 step 48850 avg_loss=1.413
[2568.0s] === epoch 61 done: avg_loss=1.405 (n=788 derivations) ===
[2570.5s] epoch 62 step 48900 avg_loss=1.254
[2573.5s] epoch 62 step 48950 avg_loss=1.556
[2576.5s] epoch 62 step 49000 avg_loss=1.396
[2579.4s] epoch 62 step 49050 avg_loss=1.349
[2581.7s] epoch 62 step 49100 avg_loss=1.238
[2584.8s] epoch 62 step 49150 avg_loss=1.259
[2587.4s] epoch 62 step 49200 avg_loss=1.251
[2590.1s] epoch 62 step 49250 avg_loss=1.321
[2592.9s] epoch 62 step 49300 avg_loss=1.273
[2595.9s] epoch 62 step 49350 avg_loss=1.290
[2598.6s] epoch 62 step 49400 avg_loss=1.339
[2601.0s] epoch 62 step 49450 avg_loss=1.315
[2603.9s] epoch 62 step 49500 avg_loss=1.342
[2606.9s] epoch 62 step 49550 avg_loss=1.391
[2609.7s] epoch 62 step 49600 avg_loss=1.371
[2612.1s] === epoch 62 done: avg_loss=1.364 (n=788 derivations) ===
[2612.3s] epoch 63 step 49650 avg_loss=0.471
[2614.7s] epoch 63 step 49700 avg_loss=0.940
[2617.3s] epoch 63 step 49750 avg_loss=1.109
[2619.9s] epoch 63 step 49800 avg_loss=1.071
[2622.3s] epoch 63 step 49850 avg_loss=1.075
[2625.2s] epoch 63 step 49900 avg_loss=1.098
[2627.5s] epoch 63 step 49950 avg_loss=1.144
[2630.0s] epoch 63 step 50000 avg_loss=1.196
[2632.4s] epoch 63 step 50050 avg_loss=1.248
[2635.0s] epoch 63 step 50100 avg_loss=1.213
[2637.3s] epoch 63 step 50150 avg_loss=1.192
[2639.9s] epoch 63 step 50200 avg_loss=1.181
[2642.5s] epoch 63 step 50250 avg_loss=1.191
[2645.4s] epoch 63 step 50300 avg_loss=1.231
[2648.3s] epoch 63 step 50350 avg_loss=1.244
[2651.1s] epoch 63 step 50400 avg_loss=1.231
[2653.1s] === epoch 63 done: avg_loss=1.250 (n=788 derivations) ===
[2654.2s] epoch 64 step 50450 avg_loss=1.083
[2657.4s] epoch 64 step 50500 avg_loss=1.186
[2660.5s] epoch 64 step 50550 avg_loss=1.003
[2663.9s] epoch 64 step 50600 avg_loss=1.159
[2666.9s] epoch 64 step 50650 avg_loss=1.059
[2670.1s] epoch 64 step 50700 avg_loss=1.042
[2673.3s] epoch 64 step 50750 avg_loss=1.167
[2676.2s] epoch 64 step 50800 avg_loss=1.143
[2679.0s] epoch 64 step 50850 avg_loss=1.111
[2681.6s] epoch 64 step 50900 avg_loss=1.104
[2684.2s] epoch 64 step 50950 avg_loss=1.098
[2687.3s] epoch 64 step 51000 avg_loss=1.129
[2689.9s] epoch 64 step 51050 avg_loss=1.152
[2692.4s] epoch 64 step 51100 avg_loss=1.099
[2695.3s] epoch 64 step 51150 avg_loss=1.161
[2697.9s] epoch 64 step 51200 avg_loss=1.165
[2699.0s] === epoch 64 done: avg_loss=1.160 (n=788 derivations) ===
[2700.4s] epoch 65 step 51250 avg_loss=0.922
[2702.7s] epoch 65 step 51300 avg_loss=0.843
[2705.3s] epoch 65 step 51350 avg_loss=1.035
[2707.9s] epoch 65 step 51400 avg_loss=1.193
[2710.3s] epoch 65 step 51450 avg_loss=1.190
[2713.2s] epoch 65 step 51500 avg_loss=1.174
[2715.7s] epoch 65 step 51550 avg_loss=1.110
[2718.4s] epoch 65 step 51600 avg_loss=1.055
[2721.2s] epoch 65 step 51650 avg_loss=1.106
[2723.6s] epoch 65 step 51700 avg_loss=1.090
[2725.8s] epoch 65 step 51750 avg_loss=1.058
[2728.3s] epoch 65 step 51800 avg_loss=1.095
[2731.1s] epoch 65 step 51850 avg_loss=1.107
[2733.5s] epoch 65 step 51900 avg_loss=1.112
[2736.0s] epoch 65 step 51950 avg_loss=1.105
[2738.5s] epoch 65 step 52000 avg_loss=1.096
[2738.9s] === epoch 65 done: avg_loss=1.090 (n=788 derivations) ===
[2741.0s] epoch 66 step 52050 avg_loss=1.028
[2743.4s] epoch 66 step 52100 avg_loss=1.106
[2745.9s] epoch 66 step 52150 avg_loss=1.024
[2748.3s] epoch 66 step 52200 avg_loss=0.916
[2750.8s] epoch 66 step 52250 avg_loss=1.030
[2753.4s] epoch 66 step 52300 avg_loss=1.163
[2756.0s] epoch 66 step 52350 avg_loss=1.191
[2758.3s] epoch 66 step 52400 avg_loss=1.097
[2760.6s] epoch 66 step 52450 avg_loss=1.032
[2763.1s] epoch 66 step 52500 avg_loss=0.993
[2765.6s] epoch 66 step 52550 avg_loss=1.052
[2768.2s] epoch 66 step 52600 avg_loss=1.012
[2770.8s] epoch 66 step 52650 avg_loss=1.023
[2773.8s] epoch 66 step 52700 avg_loss=1.026
[2776.4s] epoch 66 step 52750 avg_loss=1.061
[2778.9s] === epoch 66 done: avg_loss=1.049 (n=788 derivations) ===
[2779.2s] epoch 67 step 52800 avg_loss=2.062
[2782.1s] epoch 67 step 52850 avg_loss=0.810
[2784.5s] epoch 67 step 52900 avg_loss=0.833
[2786.9s] epoch 67 step 52950 avg_loss=0.723
[2789.4s] epoch 67 step 53000 avg_loss=0.800
[2792.1s] epoch 67 step 53050 avg_loss=0.897
[2794.4s] epoch 67 step 53100 avg_loss=0.909
[2796.7s] epoch 67 step 53150 avg_loss=0.993
[2798.8s] epoch 67 step 53200 avg_loss=0.954
[2801.1s] epoch 67 step 53250 avg_loss=0.954
[2803.3s] epoch 67 step 53300 avg_loss=0.955
[2805.6s] epoch 67 step 53350 avg_loss=0.944
[2808.1s] epoch 67 step 53400 avg_loss=0.981
[2810.6s] epoch 67 step 53450 avg_loss=0.952
[2813.5s] epoch 67 step 53500 avg_loss=0.990
[2816.5s] epoch 67 step 53550 avg_loss=1.035
[2818.4s] === epoch 67 done: avg_loss=1.023 (n=788 derivations) ===
[2819.4s] epoch 68 step 53600 avg_loss=1.110
[2821.9s] epoch 68 step 53650 avg_loss=0.969
[2824.1s] epoch 68 step 53700 avg_loss=0.772
[2826.8s] epoch 68 step 53750 avg_loss=0.932
[2829.4s] epoch 68 step 53800 avg_loss=0.955
[2832.3s] epoch 68 step 53850 avg_loss=0.963
[2834.5s] epoch 68 step 53900 avg_loss=0.856
[2837.1s] epoch 68 step 53950 avg_loss=0.866
[2839.6s] epoch 68 step 54000 avg_loss=0.861
[2842.1s] epoch 68 step 54050 avg_loss=0.842
[2844.7s] epoch 68 step 54100 avg_loss=0.877
[2847.0s] epoch 68 step 54150 avg_loss=0.901
[2849.6s] epoch 68 step 54200 avg_loss=0.865
[2852.3s] epoch 68 step 54250 avg_loss=0.911
[2854.8s] epoch 68 step 54300 avg_loss=0.943
[2857.0s] epoch 68 step 54350 avg_loss=0.934
[2858.2s] === epoch 68 done: avg_loss=0.928 (n=788 derivations) ===
[2859.6s] epoch 69 step 54400 avg_loss=0.530
[2861.7s] epoch 69 step 54450 avg_loss=0.490
[2864.5s] epoch 69 step 54500 avg_loss=0.498
[2867.1s] epoch 69 step 54550 avg_loss=0.528
[2869.5s] epoch 69 step 54600 avg_loss=0.596
[2871.9s] epoch 69 step 54650 avg_loss=0.696
[2874.5s] epoch 69 step 54700 avg_loss=0.655
[2876.9s] epoch 69 step 54750 avg_loss=0.693
[2879.5s] epoch 69 step 54800 avg_loss=0.736
[2882.0s] epoch 69 step 54850 avg_loss=0.796
[2884.7s] epoch 69 step 54900 avg_loss=0.863
[2887.6s] epoch 69 step 54950 avg_loss=0.892
[2890.2s] epoch 69 step 55000 avg_loss=0.919
[2893.1s] epoch 69 step 55050 avg_loss=0.877
[2896.0s] epoch 69 step 55100 avg_loss=0.870
[2898.7s] epoch 69 step 55150 avg_loss=0.930
[2899.1s] === epoch 69 done: avg_loss=0.921 (n=788 derivations) ===
[2901.0s] epoch 70 step 55200 avg_loss=0.881
[2904.0s] epoch 70 step 55250 avg_loss=1.087
[2906.4s] epoch 70 step 55300 avg_loss=0.906
[2908.8s] epoch 70 step 55350 avg_loss=0.831
[2911.6s] epoch 70 step 55400 avg_loss=0.908
[2914.6s] epoch 70 step 55450 avg_loss=0.965
[2917.0s] epoch 70 step 55500 avg_loss=0.898
[2919.5s] epoch 70 step 55550 avg_loss=0.875
[2922.1s] epoch 70 step 55600 avg_loss=0.853
[2924.3s] epoch 70 step 55650 avg_loss=0.853
[2927.1s] epoch 70 step 55700 avg_loss=0.834
[2929.7s] epoch 70 step 55750 avg_loss=0.820
[2932.4s] epoch 70 step 55800 avg_loss=0.826
[2934.9s] epoch 70 step 55850 avg_loss=0.836
[2937.3s] epoch 70 step 55900 avg_loss=0.827
[2939.7s] === epoch 70 done: avg_loss=0.825 (n=788 derivations) ===
[2939.8s] epoch 71 step 55950 avg_loss=0.905
[2942.0s] epoch 71 step 56000 avg_loss=0.887
[2944.6s] epoch 71 step 56050 avg_loss=0.754
[2947.1s] epoch 71 step 56100 avg_loss=0.849
[2949.7s] epoch 71 step 56150 avg_loss=0.764
[2952.3s] epoch 71 step 56200 avg_loss=0.736
[2955.2s] epoch 71 step 56250 avg_loss=0.857
[2957.9s] epoch 71 step 56300 avg_loss=0.983
[2960.8s] epoch 71 step 56350 avg_loss=1.019
[2963.7s] epoch 71 step 56400 avg_loss=1.006
[2966.5s] epoch 71 step 56450 avg_loss=0.993
[2969.3s] epoch 71 step 56500 avg_loss=0.948
[2971.9s] epoch 71 step 56550 avg_loss=0.923
[2974.9s] epoch 71 step 56600 avg_loss=0.917
[2977.2s] epoch 71 step 56650 avg_loss=0.901
[2979.7s] epoch 71 step 56700 avg_loss=0.881
[2981.6s] === epoch 71 done: avg_loss=0.880 (n=788 derivations) ===
[2982.4s] epoch 72 step 56750 avg_loss=0.631
[2985.0s] epoch 72 step 56800 avg_loss=0.965
[2987.3s] epoch 72 step 56850 avg_loss=0.743
[2989.7s] epoch 72 step 56900 avg_loss=0.706
[2992.0s] epoch 72 step 56950 avg_loss=0.676
[2994.4s] epoch 72 step 57000 avg_loss=0.655
[2997.4s] epoch 72 step 57050 avg_loss=0.722
[3000.1s] epoch 72 step 57100 avg_loss=0.732
[3002.9s] epoch 72 step 57150 avg_loss=0.727
[3005.3s] epoch 72 step 57200 avg_loss=0.713
[3007.9s] epoch 72 step 57250 avg_loss=0.700
[3010.6s] epoch 72 step 57300 avg_loss=0.703
[3013.4s] epoch 72 step 57350 avg_loss=0.696
[3016.2s] epoch 72 step 57400 avg_loss=0.704
[3018.5s] epoch 72 step 57450 avg_loss=0.728
[3021.2s] epoch 72 step 57500 avg_loss=0.749
[3022.3s] === epoch 72 done: avg_loss=0.753 (n=788 derivations) ===
[3023.4s] epoch 73 step 57550 avg_loss=0.494
[3025.7s] epoch 73 step 57600 avg_loss=0.597
[3028.2s] epoch 73 step 57650 avg_loss=0.664
[3030.9s] epoch 73 step 57700 avg_loss=0.686
[3033.6s] epoch 73 step 57750 avg_loss=0.693
[3036.2s] epoch 73 step 57800 avg_loss=0.656
[3038.7s] epoch 73 step 57850 avg_loss=0.702
[3041.3s] epoch 73 step 57900 avg_loss=0.684
[3043.9s] epoch 73 step 57950 avg_loss=0.745
[3046.2s] epoch 73 step 58000 avg_loss=0.760
[3048.8s] epoch 73 step 58050 avg_loss=0.788
[3051.5s] epoch 73 step 58100 avg_loss=0.779
[3054.3s] epoch 73 step 58150 avg_loss=0.756
[3057.2s] epoch 73 step 58200 avg_loss=0.738
[3059.8s] epoch 73 step 58250 avg_loss=0.719
[3062.7s] epoch 73 step 58300 avg_loss=0.744
[3063.3s] === epoch 73 done: avg_loss=0.744 (n=788 derivations) ===
[3065.0s] epoch 74 step 58350 avg_loss=0.321
[3068.0s] epoch 74 step 58400 avg_loss=0.489
[3070.4s] epoch 74 step 58450 avg_loss=0.465
[3073.3s] epoch 74 step 58500 avg_loss=0.505
[3075.7s] epoch 74 step 58550 avg_loss=0.476
[3078.6s] epoch 74 step 58600 avg_loss=0.502
[3081.0s] epoch 74 step 58650 avg_loss=0.514
[3083.8s] epoch 74 step 58700 avg_loss=0.710
[3086.3s] epoch 74 step 58750 avg_loss=0.687
[3088.9s] epoch 74 step 58800 avg_loss=0.679
[3091.2s] epoch 74 step 58850 avg_loss=0.688
[3093.6s] epoch 74 step 58900 avg_loss=0.672
[3096.0s] epoch 74 step 58950 avg_loss=0.655
[3098.1s] epoch 74 step 59000 avg_loss=0.664
[3100.6s] epoch 74 step 59050 avg_loss=0.672
[3103.4s] epoch 74 step 59100 avg_loss=0.686
[3103.4s] === epoch 74 done: avg_loss=0.686 (n=788 derivations) ===
[3106.1s] epoch 75 step 59150 avg_loss=1.119
[3108.3s] epoch 75 step 59200 avg_loss=0.850
[3110.5s] epoch 75 step 59250 avg_loss=0.726
[3112.9s] epoch 75 step 59300 avg_loss=0.632
[3115.3s] epoch 75 step 59350 avg_loss=0.616
[3117.9s] epoch 75 step 59400 avg_loss=0.589
[3120.2s] epoch 75 step 59450 avg_loss=0.565
[3122.8s] epoch 75 step 59500 avg_loss=0.563
[3125.5s] epoch 75 step 59550 avg_loss=0.551
[3128.1s] epoch 75 step 59600 avg_loss=0.564
[3130.8s] epoch 75 step 59650 avg_loss=0.562
[3133.4s] epoch 75 step 59700 avg_loss=0.588
[3136.1s] epoch 75 step 59750 avg_loss=0.578
[3138.9s] epoch 75 step 59800 avg_loss=0.591
[3141.7s] epoch 75 step 59850 avg_loss=0.604
[3143.8s] === epoch 75 done: avg_loss=0.589 (n=788 derivations) ===
[3144.7s] epoch 76 step 59900 avg_loss=0.659
[3147.7s] epoch 76 step 59950 avg_loss=0.609
[3151.0s] epoch 76 step 60000 avg_loss=0.688
[3154.0s] epoch 76 step 60050 avg_loss=0.653
[3156.3s] epoch 76 step 60100 avg_loss=0.611
[3158.9s] epoch 76 step 60150 avg_loss=0.605
[3161.2s] epoch 76 step 60200 avg_loss=0.550
[3163.7s] epoch 76 step 60250 avg_loss=0.540
[3166.3s] epoch 76 step 60300 avg_loss=0.564
[3168.8s] epoch 76 step 60350 avg_loss=0.560
[3171.8s] epoch 76 step 60400 avg_loss=0.589
[3174.3s] epoch 76 step 60450 avg_loss=0.584
[3176.8s] epoch 76 step 60500 avg_loss=0.568
[3179.4s] epoch 76 step 60550 avg_loss=0.568
[3182.2s] epoch 76 step 60600 avg_loss=0.596
[3184.8s] epoch 76 step 60650 avg_loss=0.605
[3186.0s] === epoch 76 done: avg_loss=0.601 (n=788 derivations) ===
[3187.3s] epoch 77 step 60700 avg_loss=0.783
[3189.9s] epoch 77 step 60750 avg_loss=1.138
[3192.7s] epoch 77 step 60800 avg_loss=0.851
[3195.5s] epoch 77 step 60850 avg_loss=0.903
[3198.1s] epoch 77 step 60900 avg_loss=0.760
[3201.0s] epoch 77 step 60950 avg_loss=0.792
[3203.8s] epoch 77 step 61000 avg_loss=0.754
[3206.3s] epoch 77 step 61050 avg_loss=0.729
[3208.8s] epoch 77 step 61100 avg_loss=0.687
[3211.3s] epoch 77 step 61150 avg_loss=0.662
[3214.0s] epoch 77 step 61200 avg_loss=0.629
[3216.4s] epoch 77 step 61250 avg_loss=0.605
[3219.7s] epoch 77 step 61300 avg_loss=0.604
[3222.2s] epoch 77 step 61350 avg_loss=0.591
[3224.6s] epoch 77 step 61400 avg_loss=0.583
[3227.1s] epoch 77 step 61450 avg_loss=0.581
[3228.0s] === epoch 77 done: avg_loss=0.582 (n=788 derivations) ===
[3229.8s] epoch 78 step 61500 avg_loss=0.484
[3232.3s] epoch 78 step 61550 avg_loss=0.575
[3235.0s] epoch 78 step 61600 avg_loss=0.643
[3237.2s] epoch 78 step 61650 avg_loss=0.576
[3239.4s] epoch 78 step 61700 avg_loss=0.563
[3242.0s] epoch 78 step 61750 avg_loss=0.567
[3244.8s] epoch 78 step 61800 avg_loss=0.558
[3247.7s] epoch 78 step 61850 avg_loss=0.560
[3250.1s] epoch 78 step 61900 avg_loss=0.558
[3252.7s] epoch 78 step 61950 avg_loss=0.542
[3255.3s] epoch 78 step 62000 avg_loss=0.525
[3257.9s] epoch 78 step 62050 avg_loss=0.505
[3260.6s] epoch 78 step 62100 avg_loss=0.512
[3263.4s] epoch 78 step 62150 avg_loss=0.546
[3266.3s] epoch 78 step 62200 avg_loss=0.556
[3269.2s] epoch 78 step 62250 avg_loss=0.561
[3269.3s] === epoch 78 done: avg_loss=0.560 (n=788 derivations) ===
[3271.7s] epoch 79 step 62300 avg_loss=0.557
[3274.6s] epoch 79 step 62350 avg_loss=0.469
[3277.7s] epoch 79 step 62400 avg_loss=0.665
[3280.5s] epoch 79 step 62450 avg_loss=0.669
[3283.2s] epoch 79 step 62500 avg_loss=0.629
[3286.0s] epoch 79 step 62550 avg_loss=0.630
[3288.4s] epoch 79 step 62600 avg_loss=0.593
[3290.8s] epoch 79 step 62650 avg_loss=0.580
[3293.2s] epoch 79 step 62700 avg_loss=0.558
[3296.0s] epoch 79 step 62750 avg_loss=0.547
[3298.6s] epoch 79 step 62800 avg_loss=0.554
[3301.2s] epoch 79 step 62850 avg_loss=0.529
[3304.0s] epoch 79 step 62900 avg_loss=0.565
[3306.5s] epoch 79 step 62950 avg_loss=0.544
[3309.4s] epoch 79 step 63000 avg_loss=0.541
[3311.7s] === epoch 79 done: avg_loss=0.540 (n=788 derivations) ===
[3312.2s] epoch 80 step 63050 avg_loss=0.419
[3315.2s] epoch 80 step 63100 avg_loss=0.464
[3317.4s] epoch 80 step 63150 avg_loss=0.401
[3319.8s] epoch 80 step 63200 avg_loss=0.349
[3322.3s] epoch 80 step 63250 avg_loss=0.372
[3325.0s] epoch 80 step 63300 avg_loss=0.410
[3327.8s] epoch 80 step 63350 avg_loss=0.390
[3330.4s] epoch 80 step 63400 avg_loss=0.388
[3333.6s] epoch 80 step 63450 avg_loss=0.461
[3336.1s] epoch 80 step 63500 avg_loss=0.496
[3339.3s] epoch 80 step 63550 avg_loss=0.519
[3342.9s] epoch 80 step 63600 avg_loss=0.504
[3345.8s] epoch 80 step 63650 avg_loss=0.521
[3348.4s] epoch 80 step 63700 avg_loss=0.517
[3351.1s] epoch 80 step 63750 avg_loss=0.526
[3353.8s] epoch 80 step 63800 avg_loss=0.513
[3355.2s] === epoch 80 done: avg_loss=0.509 (n=788 derivations) ===
[3356.4s] epoch 81 step 63850 avg_loss=0.228
[3358.7s] epoch 81 step 63900 avg_loss=0.637
[3361.6s] epoch 81 step 63950 avg_loss=0.544
[3364.1s] epoch 81 step 64000 avg_loss=0.521
[3366.8s] epoch 81 step 64050 avg_loss=0.537
[3369.6s] epoch 81 step 64100 avg_loss=0.554
[3371.9s] epoch 81 step 64150 avg_loss=0.558
[3374.5s] epoch 81 step 64200 avg_loss=0.553
[3376.8s] epoch 81 step 64250 avg_loss=0.519
[3379.1s] epoch 81 step 64300 avg_loss=0.508
[3381.7s] epoch 81 step 64350 avg_loss=0.501
[3384.7s] epoch 81 step 64400 avg_loss=0.491
[3387.0s] epoch 81 step 64450 avg_loss=0.516
[3389.6s] epoch 81 step 64500 avg_loss=0.504
[3392.2s] epoch 81 step 64550 avg_loss=0.499
[3394.7s] epoch 81 step 64600 avg_loss=0.502
[3395.4s] === epoch 81 done: avg_loss=0.515 (n=788 derivations) ===
[3397.2s] epoch 82 step 64650 avg_loss=0.646
[3399.9s] epoch 82 step 64700 avg_loss=0.540
[3402.2s] epoch 82 step 64750 avg_loss=0.474
[3405.1s] epoch 82 step 64800 avg_loss=0.644
[3407.4s] epoch 82 step 64850 avg_loss=0.665
[3410.1s] epoch 82 step 64900 avg_loss=0.677
[3412.8s] epoch 82 step 64950 avg_loss=0.667
[3415.2s] epoch 82 step 65000 avg_loss=0.614
[3417.6s] epoch 82 step 65050 avg_loss=0.581
[3420.3s] epoch 82 step 65100 avg_loss=0.582
[3422.8s] epoch 82 step 65150 avg_loss=0.557
[3425.2s] epoch 82 step 65200 avg_loss=0.544
[3427.8s] epoch 82 step 65250 avg_loss=0.536
[3430.3s] epoch 82 step 65300 avg_loss=0.545
[3433.0s] epoch 82 step 65350 avg_loss=0.542
[3435.8s] epoch 82 step 65400 avg_loss=0.535
[3435.9s] === epoch 82 done: avg_loss=0.533 (n=788 derivations) ===
[3438.3s] epoch 83 step 65450 avg_loss=0.273
[3441.4s] epoch 83 step 65500 avg_loss=0.649
[3444.1s] epoch 83 step 65550 avg_loss=0.623
[3446.8s] epoch 83 step 65600 avg_loss=0.606
[3449.7s] epoch 83 step 65650 avg_loss=0.657
[3452.1s] epoch 83 step 65700 avg_loss=0.613
[3454.7s] epoch 83 step 65750 avg_loss=0.570
[3457.2s] epoch 83 step 65800 avg_loss=0.550
[3459.9s] epoch 83 step 65850 avg_loss=0.527
[3462.5s] epoch 83 step 65900 avg_loss=0.523
[3465.4s] epoch 83 step 65950 avg_loss=0.495
[3468.3s] epoch 83 step 66000 avg_loss=0.503
[3470.7s] epoch 83 step 66050 avg_loss=0.484
[3473.1s] epoch 83 step 66100 avg_loss=0.467
[3475.3s] epoch 83 step 66150 avg_loss=0.458
[3477.7s] === epoch 83 done: avg_loss=0.451 (n=788 derivations) ===
[3478.1s] epoch 84 step 66200 avg_loss=0.140
[3480.6s] epoch 84 step 66250 avg_loss=0.372
[3482.6s] epoch 84 step 66300 avg_loss=0.385
[3485.3s] epoch 84 step 66350 avg_loss=0.399
[3487.6s] epoch 84 step 66400 avg_loss=0.353
[3489.9s] epoch 84 step 66450 avg_loss=0.364
[3492.6s] epoch 84 step 66500 avg_loss=0.376
[3494.9s] epoch 84 step 66550 avg_loss=0.395
[3497.5s] epoch 84 step 66600 avg_loss=0.376
[3499.9s] epoch 84 step 66650 avg_loss=0.360
[3502.2s] epoch 84 step 66700 avg_loss=0.353
[3504.6s] epoch 84 step 66750 avg_loss=0.348
[3507.2s] epoch 84 step 66800 avg_loss=0.369
[3509.6s] epoch 84 step 66850 avg_loss=0.359
[3512.4s] epoch 84 step 66900 avg_loss=0.388
[3515.0s] epoch 84 step 66950 avg_loss=0.378
[3516.5s] === epoch 84 done: avg_loss=0.383 (n=788 derivations) ===
[3517.4s] epoch 85 step 67000 avg_loss=0.372
[3520.1s] epoch 85 step 67050 avg_loss=0.252
[3522.4s] epoch 85 step 67100 avg_loss=0.271
[3525.1s] epoch 85 step 67150 avg_loss=0.316
[3527.6s] epoch 85 step 67200 avg_loss=0.359
[3530.0s] epoch 85 step 67250 avg_loss=0.394
[3532.5s] epoch 85 step 67300 avg_loss=0.376
[3535.1s] epoch 85 step 67350 avg_loss=0.381
[3537.8s] epoch 85 step 67400 avg_loss=0.398
[3540.7s] epoch 85 step 67450 avg_loss=0.406
[3543.7s] epoch 85 step 67500 avg_loss=0.393
[3546.2s] epoch 85 step 67550 avg_loss=0.386
[3548.7s] epoch 85 step 67600 avg_loss=0.387
[3551.1s] epoch 85 step 67650 avg_loss=0.370
[3553.9s] epoch 85 step 67700 avg_loss=0.370
[3556.5s] epoch 85 step 67750 avg_loss=0.364
[3557.3s] === epoch 85 done: avg_loss=0.360 (n=788 derivations) ===
[3558.9s] epoch 86 step 67800 avg_loss=0.215
[3561.5s] epoch 86 step 67850 avg_loss=0.203
[3563.8s] epoch 86 step 67900 avg_loss=0.283
[3566.9s] epoch 86 step 67950 avg_loss=0.410
[3569.1s] epoch 86 step 68000 avg_loss=0.363
[3571.3s] epoch 86 step 68050 avg_loss=0.321
[3574.1s] epoch 86 step 68100 avg_loss=0.295
[3576.9s] epoch 86 step 68150 avg_loss=0.287
[3579.9s] epoch 86 step 68200 avg_loss=0.333
[3582.6s] epoch 86 step 68250 avg_loss=0.318
[3585.6s] epoch 86 step 68300 avg_loss=0.313
[3588.2s] epoch 86 step 68350 avg_loss=0.299
[3591.1s] epoch 86 step 68400 avg_loss=0.304
[3593.5s] epoch 86 step 68450 avg_loss=0.297
[3596.4s] epoch 86 step 68500 avg_loss=0.305
[3599.4s] epoch 86 step 68550 avg_loss=0.318
[3599.7s] === epoch 86 done: avg_loss=0.316 (n=788 derivations) ===
[3602.5s] epoch 87 step 68600 avg_loss=0.409
[3605.0s] epoch 87 step 68650 avg_loss=0.366
[3607.6s] epoch 87 step 68700 avg_loss=0.328
[3610.2s] epoch 87 step 68750 avg_loss=0.394
[3613.2s] epoch 87 step 68800 avg_loss=0.372
[3616.0s] epoch 87 step 68850 avg_loss=0.360
[3618.8s] epoch 87 step 68900 avg_loss=0.373
[3621.3s] epoch 87 step 68950 avg_loss=0.358
[3623.9s] epoch 87 step 69000 avg_loss=0.353
[3626.5s] epoch 87 step 69050 avg_loss=0.345
[3629.2s] epoch 87 step 69100 avg_loss=0.334
[3631.8s] epoch 87 step 69150 avg_loss=0.322
[3634.2s] epoch 87 step 69200 avg_loss=0.332
[3636.3s] epoch 87 step 69250 avg_loss=0.320
[3639.0s] epoch 87 step 69300 avg_loss=0.320
[3641.0s] === epoch 87 done: avg_loss=0.311 (n=788 derivations) ===
[3641.3s] epoch 88 step 69350 avg_loss=0.268
[3643.9s] epoch 88 step 69400 avg_loss=0.330
[3646.5s] epoch 88 step 69450 avg_loss=0.351
[3649.2s] epoch 88 step 69500 avg_loss=0.305
[3651.8s] epoch 88 step 69550 avg_loss=0.294
[3654.2s] epoch 88 step 69600 avg_loss=0.294
[3656.9s] epoch 88 step 69650 avg_loss=0.281
[3659.1s] epoch 88 step 69700 avg_loss=0.274
[3661.9s] epoch 88 step 69750 avg_loss=0.264
[3664.0s] epoch 88 step 69800 avg_loss=0.275
[3666.9s] epoch 88 step 69850 avg_loss=0.290
[3669.9s] epoch 88 step 69900 avg_loss=0.287
[3672.7s] epoch 88 step 69950 avg_loss=0.288
[3675.3s] epoch 88 step 70000 avg_loss=0.281
[3678.0s] epoch 88 step 70050 avg_loss=0.274
[3680.9s] epoch 88 step 70100 avg_loss=0.282
[3683.0s] === epoch 88 done: avg_loss=0.293 (n=788 derivations) ===
[3684.0s] epoch 89 step 70150 avg_loss=0.330
[3686.7s] epoch 89 step 70200 avg_loss=0.271
[3689.1s] epoch 89 step 70250 avg_loss=0.261
[3691.9s] epoch 89 step 70300 avg_loss=0.310
[3694.6s] epoch 89 step 70350 avg_loss=0.327
[3697.6s] epoch 89 step 70400 avg_loss=0.318
[3699.9s] epoch 89 step 70450 avg_loss=0.305
[3702.5s] epoch 89 step 70500 avg_loss=0.304
[3705.4s] epoch 89 step 70550 avg_loss=0.302
[3707.9s] epoch 89 step 70600 avg_loss=0.291
[3710.6s] epoch 89 step 70650 avg_loss=0.295
[3713.4s] epoch 89 step 70700 avg_loss=0.322
[3715.9s] epoch 89 step 70750 avg_loss=0.315
[3718.4s] epoch 89 step 70800 avg_loss=0.314
[3720.9s] epoch 89 step 70850 avg_loss=0.306
[3723.5s] epoch 89 step 70900 avg_loss=0.309
[3724.6s] === epoch 89 done: avg_loss=0.309 (n=788 derivations) ===
[3726.3s] epoch 90 step 70950 avg_loss=0.191
[3729.2s] epoch 90 step 71000 avg_loss=0.287
[3731.7s] epoch 90 step 71050 avg_loss=0.262
[3734.3s] epoch 90 step 71100 avg_loss=0.289
[3736.8s] epoch 90 step 71150 avg_loss=0.257
[3739.2s] epoch 90 step 71200 avg_loss=0.234
[3741.7s] epoch 90 step 71250 avg_loss=0.279
[3744.1s] epoch 90 step 71300 avg_loss=0.262
[3746.4s] epoch 90 step 71350 avg_loss=0.263
[3748.9s] epoch 90 step 71400 avg_loss=0.259
[3751.4s] epoch 90 step 71450 avg_loss=0.270
[3753.6s] epoch 90 step 71500 avg_loss=0.279
[3756.2s] epoch 90 step 71550 avg_loss=0.308
[3758.5s] epoch 90 step 71600 avg_loss=0.297
[3761.3s] epoch 90 step 71650 avg_loss=0.293
[3764.0s] epoch 90 step 71700 avg_loss=0.300
[3764.3s] === epoch 90 done: avg_loss=0.299 (n=788 derivations) ===
[3766.4s] epoch 91 step 71750 avg_loss=0.191
[3769.1s] epoch 91 step 71800 avg_loss=0.190
[3771.4s] epoch 91 step 71850 avg_loss=0.193
[3774.0s] epoch 91 step 71900 avg_loss=0.286
[3776.4s] epoch 91 step 71950 avg_loss=0.263
[3779.3s] epoch 91 step 72000 avg_loss=0.251
[3782.3s] epoch 91 step 72050 avg_loss=0.245
[3785.2s] epoch 91 step 72100 avg_loss=0.242
[3788.0s] epoch 91 step 72150 avg_loss=0.246
[3790.4s] epoch 91 step 72200 avg_loss=0.231
[3793.5s] epoch 91 step 72250 avg_loss=0.228
[3795.7s] epoch 91 step 72300 avg_loss=0.224
[3798.7s] epoch 91 step 72350 avg_loss=0.228
[3801.2s] epoch 91 step 72400 avg_loss=0.223
[3803.5s] epoch 91 step 72450 avg_loss=0.241
[3805.4s] === epoch 91 done: avg_loss=0.239 (n=788 derivations) ===
[3805.5s] epoch 92 step 72500 avg_loss=0.062
[3808.3s] epoch 92 step 72550 avg_loss=0.256
[3811.0s] epoch 92 step 72600 avg_loss=0.264
[3813.5s] epoch 92 step 72650 avg_loss=0.245
[3816.5s] epoch 92 step 72700 avg_loss=0.218
[3819.0s] epoch 92 step 72750 avg_loss=0.248
[3821.6s] epoch 92 step 72800 avg_loss=0.238
[3824.1s] epoch 92 step 72850 avg_loss=0.222
[3826.7s] epoch 92 step 72900 avg_loss=0.216
[3829.3s] epoch 92 step 72950 avg_loss=0.218
[3831.2s] epoch 92 step 73000 avg_loss=0.208
[3833.7s] epoch 92 step 73050 avg_loss=0.210
[3836.0s] epoch 92 step 73100 avg_loss=0.210
[3838.6s] epoch 92 step 73150 avg_loss=0.208
[3841.0s] epoch 92 step 73200 avg_loss=0.231
[3843.6s] epoch 92 step 73250 avg_loss=0.242
[3845.3s] === epoch 92 done: avg_loss=0.242 (n=788 derivations) ===
[3845.8s] epoch 93 step 73300 avg_loss=0.081
[3848.3s] epoch 93 step 73350 avg_loss=0.152
[3850.7s] epoch 93 step 73400 avg_loss=0.154
[3853.2s] epoch 93 step 73450 avg_loss=0.285
[3855.4s] epoch 93 step 73500 avg_loss=0.251
[3858.2s] epoch 93 step 73550 avg_loss=0.269
[3860.8s] epoch 93 step 73600 avg_loss=0.257
[3863.2s] epoch 93 step 73650 avg_loss=0.251
[3865.8s] epoch 93 step 73700 avg_loss=0.249
[3868.2s] epoch 93 step 73750 avg_loss=0.234
[3870.4s] epoch 93 step 73800 avg_loss=0.231
[3872.8s] epoch 93 step 73850 avg_loss=0.237
[3875.7s] epoch 93 step 73900 avg_loss=0.241
[3878.2s] epoch 93 step 73950 avg_loss=0.232
[3880.8s] epoch 93 step 74000 avg_loss=0.232
[3883.4s] epoch 93 step 74050 avg_loss=0.226
[3884.6s] === epoch 93 done: avg_loss=0.249 (n=788 derivations) ===
[3886.1s] epoch 94 step 74100 avg_loss=0.223
[3889.0s] epoch 94 step 74150 avg_loss=0.232
[3891.6s] epoch 94 step 74200 avg_loss=0.279
[3894.4s] epoch 94 step 74250 avg_loss=0.259
[3896.7s] epoch 94 step 74300 avg_loss=0.227
[3899.4s] epoch 94 step 74350 avg_loss=0.209
[3902.4s] epoch 94 step 74400 avg_loss=0.216
[3905.5s] epoch 94 step 74450 avg_loss=0.211
[3908.1s] epoch 94 step 74500 avg_loss=0.253
[3910.8s] epoch 94 step 74550 avg_loss=0.244
[3913.3s] epoch 94 step 74600 avg_loss=0.236
[3916.1s] epoch 94 step 74650 avg_loss=0.225
[3918.5s] epoch 94 step 74700 avg_loss=0.222
[3921.8s] epoch 94 step 74750 avg_loss=0.220
[3924.9s] epoch 94 step 74800 avg_loss=0.218
[3927.5s] epoch 94 step 74850 avg_loss=0.211
[3928.0s] === epoch 94 done: avg_loss=0.211 (n=788 derivations) ===
[3930.2s] epoch 95 step 74900 avg_loss=0.160
[3932.8s] epoch 95 step 74950 avg_loss=0.155
[3935.5s] epoch 95 step 75000 avg_loss=0.137
[3938.1s] epoch 95 step 75050 avg_loss=0.169
[3940.5s] epoch 95 step 75100 avg_loss=0.164
[3942.9s] epoch 95 step 75150 avg_loss=0.160
[3945.1s] epoch 95 step 75200 avg_loss=0.176
[3947.5s] epoch 95 step 75250 avg_loss=0.176
[3950.0s] epoch 95 step 75300 avg_loss=0.178
[3952.5s] epoch 95 step 75350 avg_loss=0.179
[3954.9s] epoch 95 step 75400 avg_loss=0.174
[3957.6s] epoch 95 step 75450 avg_loss=0.176
[3960.3s] epoch 95 step 75500 avg_loss=0.174
[3963.1s] epoch 95 step 75550 avg_loss=0.208
[3965.5s] epoch 95 step 75600 avg_loss=0.214
[3968.4s] === epoch 95 done: avg_loss=0.210 (n=788 derivations) ===
[3968.6s] epoch 96 step 75650 avg_loss=0.022
[3971.2s] epoch 96 step 75700 avg_loss=0.103
[3974.2s] epoch 96 step 75750 avg_loss=0.154
[3976.6s] epoch 96 step 75800 avg_loss=0.219
[3979.4s] epoch 96 step 75850 avg_loss=0.203
[3981.7s] epoch 96 step 75900 avg_loss=0.188
[3984.5s] epoch 96 step 75950 avg_loss=0.217
[3987.2s] epoch 96 step 76000 avg_loss=0.246
[3989.7s] epoch 96 step 76050 avg_loss=0.236
[3992.2s] epoch 96 step 76100 avg_loss=0.224
[3994.7s] epoch 96 step 76150 avg_loss=0.219
[3997.0s] epoch 96 step 76200 avg_loss=0.211
[3999.6s] epoch 96 step 76250 avg_loss=0.212
[4002.0s] epoch 96 step 76300 avg_loss=0.206
[4004.6s] epoch 96 step 76350 avg_loss=0.205
[4006.7s] epoch 96 step 76400 avg_loss=0.199
[4008.4s] === epoch 96 done: avg_loss=0.199 (n=788 derivations) ===
[4009.1s] epoch 97 step 76450 avg_loss=0.149
[4011.6s] epoch 97 step 76500 avg_loss=0.174
[4014.0s] epoch 97 step 76550 avg_loss=0.163
[4016.5s] epoch 97 step 76600 avg_loss=0.157
[4019.0s] epoch 97 step 76650 avg_loss=0.151
[4022.5s] epoch 97 step 76700 avg_loss=0.189
[4025.1s] epoch 97 step 76750 avg_loss=0.192
[4027.8s] epoch 97 step 76800 avg_loss=0.184
[4030.5s] epoch 97 step 76850 avg_loss=0.188
[4033.0s] epoch 97 step 76900 avg_loss=0.181
[4035.6s] epoch 97 step 76950 avg_loss=0.175
[4038.4s] epoch 97 step 77000 avg_loss=0.173
[4041.2s] epoch 97 step 77050 avg_loss=0.176
[4043.9s] epoch 97 step 77100 avg_loss=0.179
[4046.2s] epoch 97 step 77150 avg_loss=0.177
[4048.9s] epoch 97 step 77200 avg_loss=0.170
[4050.1s] === epoch 97 done: avg_loss=0.168 (n=788 derivations) ===
[4051.4s] epoch 98 step 77250 avg_loss=0.318
[4053.9s] epoch 98 step 77300 avg_loss=0.188
[4056.8s] epoch 98 step 77350 avg_loss=0.210
[4059.4s] epoch 98 step 77400 avg_loss=0.197
[4061.6s] epoch 98 step 77450 avg_loss=0.177
[4064.1s] epoch 98 step 77500 avg_loss=0.167
[4066.6s] epoch 98 step 77550 avg_loss=0.160
[4069.2s] epoch 98 step 77600 avg_loss=0.153
[4071.7s] epoch 98 step 77650 avg_loss=0.149
[4074.4s] epoch 98 step 77700 avg_loss=0.153
[4077.0s] epoch 98 step 77750 avg_loss=0.148
[4079.5s] epoch 98 step 77800 avg_loss=0.147
[4082.2s] epoch 98 step 77850 avg_loss=0.142
[4085.0s] epoch 98 step 77900 avg_loss=0.143
[4087.6s] epoch 98 step 77950 avg_loss=0.142
[4090.2s] epoch 98 step 78000 avg_loss=0.145
[4090.8s] === epoch 98 done: avg_loss=0.145 (n=788 derivations) ===
[4092.8s] epoch 99 step 78050 avg_loss=0.118
[4095.4s] epoch 99 step 78100 avg_loss=0.140
[4097.9s] epoch 99 step 78150 avg_loss=0.179
[4100.5s] epoch 99 step 78200 avg_loss=0.178
[4103.0s] epoch 99 step 78250 avg_loss=0.194
[4105.8s] epoch 99 step 78300 avg_loss=0.192
[4108.6s] epoch 99 step 78350 avg_loss=0.182
[4111.4s] epoch 99 step 78400 avg_loss=0.176
[4114.0s] epoch 99 step 78450 avg_loss=0.168
[4116.5s] epoch 99 step 78500 avg_loss=0.161
[4119.0s] epoch 99 step 78550 avg_loss=0.153
[4121.3s] epoch 99 step 78600 avg_loss=0.146
[4124.2s] epoch 99 step 78650 avg_loss=0.145
[4126.8s] epoch 99 step 78700 avg_loss=0.143
[4129.3s] epoch 99 step 78750 avg_loss=0.144
[4132.0s] epoch 99 step 78800 avg_loss=0.147
[4132.0s] === epoch 99 done: avg_loss=0.147 (n=788 derivations) ===
[4134.0s] epoch 100 step 78850 avg_loss=0.071
[4136.5s] epoch 100 step 78900 avg_loss=0.092
[4139.1s] epoch 100 step 78950 avg_loss=0.109
[4141.7s] epoch 100 step 79000 avg_loss=0.097
[4144.5s] epoch 100 step 79050 avg_loss=0.113
[4146.9s] epoch 100 step 79100 avg_loss=0.114
[4149.6s] epoch 100 step 79150 avg_loss=0.117
[4152.2s] epoch 100 step 79200 avg_loss=0.129
[4154.4s] epoch 100 step 79250 avg_loss=0.122
[4157.3s] epoch 100 step 79300 avg_loss=0.149
[4159.6s] epoch 100 step 79350 avg_loss=0.147
[4162.2s] epoch 100 step 79400 avg_loss=0.158
[4164.9s] epoch 100 step 79450 avg_loss=0.153
[4167.4s] epoch 100 step 79500 avg_loss=0.155
[4169.9s] epoch 100 step 79550 avg_loss=0.151
[4172.3s] === epoch 100 done: avg_loss=0.153 (n=788 derivations) ===
[4172.9s] epoch 101 step 79600 avg_loss=0.082
[4175.5s] epoch 101 step 79650 avg_loss=0.136
[4178.2s] epoch 101 step 79700 avg_loss=0.145
[4180.7s] epoch 101 step 79750 avg_loss=0.132
[4183.4s] epoch 101 step 79800 avg_loss=0.127
[4186.2s] epoch 101 step 79850 avg_loss=0.169
[4188.5s] epoch 101 step 79900 avg_loss=0.156
[4190.9s] epoch 101 step 79950 avg_loss=0.153
[4193.6s] epoch 101 step 80000 avg_loss=0.163
[4196.0s] epoch 101 step 80050 avg_loss=0.159
[4198.6s] epoch 101 step 80100 avg_loss=0.156
[4201.3s] epoch 101 step 80150 avg_loss=0.149
[4204.0s] epoch 101 step 80200 avg_loss=0.151
[4206.6s] epoch 101 step 80250 avg_loss=0.155
[4209.1s] epoch 101 step 80300 avg_loss=0.153
[4211.2s] epoch 101 step 80350 avg_loss=0.150
[4212.4s] === epoch 101 done: avg_loss=0.149 (n=788 derivations) ===
[4213.8s] epoch 102 step 80400 avg_loss=0.169
[4216.4s] epoch 102 step 80450 avg_loss=0.149
[4219.0s] epoch 102 step 80500 avg_loss=0.159
[4221.8s] epoch 102 step 80550 avg_loss=0.146
[4224.4s] epoch 102 step 80600 avg_loss=0.133
[4226.8s] epoch 102 step 80650 avg_loss=0.147
[4229.1s] epoch 102 step 80700 avg_loss=0.140
[4231.7s] epoch 102 step 80750 avg_loss=0.140
[4234.4s] epoch 102 step 80800 avg_loss=0.138
[4236.5s] epoch 102 step 80850 avg_loss=0.142
[4239.0s] epoch 102 step 80900 avg_loss=0.140
[4241.7s] epoch 102 step 80950 avg_loss=0.143
[4244.2s] epoch 102 step 81000 avg_loss=0.139
[4247.1s] epoch 102 step 81050 avg_loss=0.138
[4250.1s] epoch 102 step 81100 avg_loss=0.137
[4252.6s] epoch 102 step 81150 avg_loss=0.137
[4253.2s] === epoch 102 done: avg_loss=0.135 (n=788 derivations) ===
[4254.9s] epoch 103 step 81200 avg_loss=0.151
[4257.5s] epoch 103 step 81250 avg_loss=0.126
[4260.3s] epoch 103 step 81300 avg_loss=0.115
[4263.1s] epoch 103 step 81350 avg_loss=0.113
[4265.5s] epoch 103 step 81400 avg_loss=0.123
[4268.3s] epoch 103 step 81450 avg_loss=0.129
[4271.1s] epoch 103 step 81500 avg_loss=0.127
[4273.8s] epoch 103 step 81550 avg_loss=0.123
[4276.6s] epoch 103 step 81600 avg_loss=0.128
[4279.5s] epoch 103 step 81650 avg_loss=0.132
[4281.5s] epoch 103 step 81700 avg_loss=0.129
[4284.1s] epoch 103 step 81750 avg_loss=0.126
[4286.8s] epoch 103 step 81800 avg_loss=0.123
[4289.1s] epoch 103 step 81850 avg_loss=0.119
[4291.5s] epoch 103 step 81900 avg_loss=0.125
[4294.4s] epoch 103 step 81950 avg_loss=0.130
[4294.5s] === epoch 103 done: avg_loss=0.129 (n=788 derivations) ===
[4297.0s] epoch 104 step 82000 avg_loss=0.104
[4299.4s] epoch 104 step 82050 avg_loss=0.093
[4301.9s] epoch 104 step 82100 avg_loss=0.139
[4304.5s] epoch 104 step 82150 avg_loss=0.133
[4307.0s] epoch 104 step 82200 avg_loss=0.120
[4309.4s] epoch 104 step 82250 avg_loss=0.121
[4312.0s] epoch 104 step 82300 avg_loss=0.118
[4314.6s] epoch 104 step 82350 avg_loss=0.120
[4317.1s] epoch 104 step 82400 avg_loss=0.125
[4320.3s] epoch 104 step 82450 avg_loss=0.120
[4323.1s] epoch 104 step 82500 avg_loss=0.129
[4326.0s] epoch 104 step 82550 avg_loss=0.133
[4328.4s] epoch 104 step 82600 avg_loss=0.135
[4330.8s] epoch 104 step 82650 avg_loss=0.138
[4333.4s] epoch 104 step 82700 avg_loss=0.134
[4335.4s] === epoch 104 done: avg_loss=0.134 (n=788 derivations) ===
[4336.0s] epoch 105 step 82750 avg_loss=0.087
[4338.7s] epoch 105 step 82800 avg_loss=0.122
[4340.9s] epoch 105 step 82850 avg_loss=0.150
[4343.6s] epoch 105 step 82900 avg_loss=0.157
[4346.3s] epoch 105 step 82950 avg_loss=0.162
[4348.9s] epoch 105 step 83000 avg_loss=0.153
[4351.5s] epoch 105 step 83050 avg_loss=0.156
[4353.9s] epoch 105 step 83100 avg_loss=0.163
[4356.5s] epoch 105 step 83150 avg_loss=0.157
[4358.8s] epoch 105 step 83200 avg_loss=0.159
[4361.6s] epoch 105 step 83250 avg_loss=0.157
[4364.3s] epoch 105 step 83300 avg_loss=0.157
[4367.1s] epoch 105 step 83350 avg_loss=0.164
[4369.5s] epoch 105 step 83400 avg_loss=0.158
[4372.1s] epoch 105 step 83450 avg_loss=0.153
[4375.0s] epoch 105 step 83500 avg_loss=0.152
[4376.3s] === epoch 105 done: avg_loss=0.149 (n=788 derivations) ===
[4377.5s] epoch 106 step 83550 avg_loss=0.155
[4379.8s] epoch 106 step 83600 avg_loss=0.232
[4382.2s] epoch 106 step 83650 avg_loss=0.187
[4384.7s] epoch 106 step 83700 avg_loss=0.175
[4387.4s] epoch 106 step 83750 avg_loss=0.158
[4389.6s] epoch 106 step 83800 avg_loss=0.154
[4392.3s] epoch 106 step 83850 avg_loss=0.161
[4395.1s] epoch 106 step 83900 avg_loss=0.155
[4397.8s] epoch 106 step 83950 avg_loss=0.149
[4400.4s] epoch 106 step 84000 avg_loss=0.144
[4403.1s] epoch 106 step 84050 avg_loss=0.149
[4405.4s] epoch 106 step 84100 avg_loss=0.153
[4407.5s] epoch 106 step 84150 avg_loss=0.150
[4410.0s] epoch 106 step 84200 avg_loss=0.148
[4412.4s] epoch 106 step 84250 avg_loss=0.157
[4415.0s] epoch 106 step 84300 avg_loss=0.173
[4415.8s] === epoch 106 done: avg_loss=0.175 (n=788 derivations) ===
[4417.7s] epoch 107 step 84350 avg_loss=0.129
[4420.3s] epoch 107 step 84400 avg_loss=0.137
[4423.2s] epoch 107 step 84450 avg_loss=0.181
[4425.8s] epoch 107 step 84500 avg_loss=0.174
[4428.3s] epoch 107 step 84550 avg_loss=0.158
[4430.7s] epoch 107 step 84600 avg_loss=0.150
[4433.4s] epoch 107 step 84650 avg_loss=0.149
[4435.9s] epoch 107 step 84700 avg_loss=0.157
[4438.7s] epoch 107 step 84750 avg_loss=0.160
[4441.1s] epoch 107 step 84800 avg_loss=0.155
[4443.8s] epoch 107 step 84850 avg_loss=0.146
[4446.7s] epoch 107 step 84900 avg_loss=0.150
[4449.8s] epoch 107 step 84950 avg_loss=0.155
[4452.7s] epoch 107 step 85000 avg_loss=0.152
[4455.5s] epoch 107 step 85050 avg_loss=0.147
[4458.0s] epoch 107 step 85100 avg_loss=0.157
[4458.2s] === epoch 107 done: avg_loss=0.157 (n=788 derivations) ===
[4460.7s] epoch 108 step 85150 avg_loss=0.114
[4463.4s] epoch 108 step 85200 avg_loss=0.100
[4466.2s] epoch 108 step 85250 avg_loss=0.091
[4468.9s] epoch 108 step 85300 avg_loss=0.107
[4471.7s] epoch 108 step 85350 avg_loss=0.115
[4474.3s] epoch 108 step 85400 avg_loss=0.106
[4476.9s] epoch 108 step 85450 avg_loss=0.136
[4479.3s] epoch 108 step 85500 avg_loss=0.137
[4482.0s] epoch 108 step 85550 avg_loss=0.130
[4484.3s] epoch 108 step 85600 avg_loss=0.124
[4487.0s] epoch 108 step 85650 avg_loss=0.128
[4489.9s] epoch 108 step 85700 avg_loss=0.137
[4492.4s] epoch 108 step 85750 avg_loss=0.136
[4495.3s] epoch 108 step 85800 avg_loss=0.142
[4497.8s] epoch 108 step 85850 avg_loss=0.142
[4500.1s] === epoch 108 done: avg_loss=0.146 (n=788 derivations) ===
[4500.5s] epoch 109 step 85900 avg_loss=0.176
[4502.9s] epoch 109 step 85950 avg_loss=0.101
[4505.9s] epoch 109 step 86000 avg_loss=0.123
[4508.4s] epoch 109 step 86050 avg_loss=0.131
[4510.9s] epoch 109 step 86100 avg_loss=0.123
[4513.2s] epoch 109 step 86150 avg_loss=0.121
[4515.5s] epoch 109 step 86200 avg_loss=0.111
[4517.7s] epoch 109 step 86250 avg_loss=0.109
[4520.3s] epoch 109 step 86300 avg_loss=0.109
[4522.8s] epoch 109 step 86350 avg_loss=0.145
[4525.4s] epoch 109 step 86400 avg_loss=0.151
[4527.8s] epoch 109 step 86450 avg_loss=0.156
[4530.4s] epoch 109 step 86500 avg_loss=0.150
[4532.9s] epoch 109 step 86550 avg_loss=0.147
[4535.4s] epoch 109 step 86600 avg_loss=0.148
[4537.9s] epoch 109 step 86650 avg_loss=0.146
[4539.3s] === epoch 109 done: avg_loss=0.144 (n=788 derivations) ===
[4540.3s] epoch 110 step 86700 avg_loss=0.105
[4542.6s] epoch 110 step 86750 avg_loss=0.092
[4545.0s] epoch 110 step 86800 avg_loss=0.103
[4547.7s] epoch 110 step 86850 avg_loss=0.096
[4550.4s] epoch 110 step 86900 avg_loss=0.109
[4552.9s] epoch 110 step 86950 avg_loss=0.106
[4555.7s] epoch 110 step 87000 avg_loss=0.110
[4558.2s] epoch 110 step 87050 avg_loss=0.109
[4561.2s] epoch 110 step 87100 avg_loss=0.112
[4564.0s] epoch 110 step 87150 avg_loss=0.109
[4566.8s] epoch 110 step 87200 avg_loss=0.112
[4569.4s] epoch 110 step 87250 avg_loss=0.109
[4572.0s] epoch 110 step 87300 avg_loss=0.106
[4574.5s] epoch 110 step 87350 avg_loss=0.112
[4577.1s] epoch 110 step 87400 avg_loss=0.108
[4580.0s] epoch 110 step 87450 avg_loss=0.144
[4581.0s] === epoch 110 done: avg_loss=0.143 (n=788 derivations) ===
[4583.2s] epoch 111 step 87500 avg_loss=0.599
[4586.1s] epoch 111 step 87550 avg_loss=0.281
[4588.5s] epoch 111 step 87600 avg_loss=0.199
[4591.5s] epoch 111 step 87650 avg_loss=0.170
[4593.8s] epoch 111 step 87700 avg_loss=0.150
[4596.4s] epoch 111 step 87750 avg_loss=0.138
[4599.0s] epoch 111 step 87800 avg_loss=0.136
[4601.2s] epoch 111 step 87850 avg_loss=0.129
[4603.5s] epoch 111 step 87900 avg_loss=0.122
[4606.1s] epoch 111 step 87950 avg_loss=0.120
[4608.6s] epoch 111 step 88000 avg_loss=0.117
[4611.4s] epoch 111 step 88050 avg_loss=0.119
[4613.9s] epoch 111 step 88100 avg_loss=0.122
[4616.2s] epoch 111 step 88150 avg_loss=0.120
[4618.9s] epoch 111 step 88200 avg_loss=0.122
[4621.5s] epoch 111 step 88250 avg_loss=0.120
[4621.8s] === epoch 111 done: avg_loss=0.121 (n=788 derivations) ===
[4624.0s] epoch 112 step 88300 avg_loss=0.071
[4626.5s] epoch 112 step 88350 avg_loss=0.087
[4629.0s] epoch 112 step 88400 avg_loss=0.081
[4631.6s] epoch 112 step 88450 avg_loss=0.084
[4634.2s] epoch 112 step 88500 avg_loss=0.095
[4637.2s] epoch 112 step 88550 avg_loss=0.093
[4640.3s] epoch 112 step 88600 avg_loss=0.096
[4643.0s] epoch 112 step 88650 avg_loss=0.116
[4645.5s] epoch 112 step 88700 avg_loss=0.121
[4648.2s] epoch 112 step 88750 avg_loss=0.124
[4651.3s] epoch 112 step 88800 avg_loss=0.122
[4653.7s] epoch 112 step 88850 avg_loss=0.119
[4656.6s] epoch 112 step 88900 avg_loss=0.120
[4659.0s] epoch 112 step 88950 avg_loss=0.117
[4661.6s] epoch 112 step 89000 avg_loss=0.118
[4663.8s] === epoch 112 done: avg_loss=0.117 (n=788 derivations) ===
[4664.1s] epoch 113 step 89050 avg_loss=0.066
[4666.4s] epoch 113 step 89100 avg_loss=0.087
[4668.9s] epoch 113 step 89150 avg_loss=0.201
[4671.4s] epoch 113 step 89200 avg_loss=0.171
[4673.8s] epoch 113 step 89250 avg_loss=0.154
[4676.6s] epoch 113 step 89300 avg_loss=0.208
[4679.1s] epoch 113 step 89350 avg_loss=0.187
[4681.4s] epoch 113 step 89400 avg_loss=0.178
[4683.6s] epoch 113 step 89450 avg_loss=0.165
[4686.0s] epoch 113 step 89500 avg_loss=0.159
[4688.2s] epoch 113 step 89550 avg_loss=0.155
[4690.8s] epoch 113 step 89600 avg_loss=0.152
[4693.0s] epoch 113 step 89650 avg_loss=0.153
[4695.8s] epoch 113 step 89700 avg_loss=0.150
[4698.2s] epoch 113 step 89750 avg_loss=0.157
[4700.7s] epoch 113 step 89800 avg_loss=0.157
[4702.3s] === epoch 113 done: avg_loss=0.155 (n=788 derivations) ===
[4703.2s] epoch 114 step 89850 avg_loss=0.083
[4705.3s] epoch 114 step 89900 avg_loss=0.091
[4707.8s] epoch 114 step 89950 avg_loss=0.101
[4710.6s] epoch 114 step 90000 avg_loss=0.189
[4713.4s] epoch 114 step 90050 avg_loss=0.203
[4715.9s] epoch 114 step 90100 avg_loss=0.206
[4718.7s] epoch 114 step 90150 avg_loss=0.198
[4721.6s] epoch 114 step 90200 avg_loss=0.184
[4724.8s] epoch 114 step 90250 avg_loss=0.181
[4727.5s] epoch 114 step 90300 avg_loss=0.178
[4730.0s] epoch 114 step 90350 avg_loss=0.173
[4732.7s] epoch 114 step 90400 avg_loss=0.170
[4735.0s] epoch 114 step 90450 avg_loss=0.166
[4737.2s] epoch 114 step 90500 avg_loss=0.166
[4739.9s] epoch 114 step 90550 avg_loss=0.169
[4742.5s] epoch 114 step 90600 avg_loss=0.172
[4743.6s] === epoch 114 done: avg_loss=0.172 (n=788 derivations) ===
[4745.2s] epoch 115 step 90650 avg_loss=0.137
[4747.7s] epoch 115 step 90700 avg_loss=0.128
[4750.5s] epoch 115 step 90750 avg_loss=0.433
[4753.3s] epoch 115 step 90800 avg_loss=0.416
[4756.2s] epoch 115 step 90850 avg_loss=0.370
[4759.0s] epoch 115 step 90900 avg_loss=0.368
[4761.6s] epoch 115 step 90950 avg_loss=0.348
[4764.2s] epoch 115 step 91000 avg_loss=0.335
[4766.7s] epoch 115 step 91050 avg_loss=0.343
[4769.9s] epoch 115 step 91100 avg_loss=0.365
[4772.3s] epoch 115 step 91150 avg_loss=0.344
[4774.8s] epoch 115 step 91200 avg_loss=0.339
[4777.4s] epoch 115 step 91250 avg_loss=0.355
[4780.4s] epoch 115 step 91300 avg_loss=0.367
[4783.0s] epoch 115 step 91350 avg_loss=0.393
[4785.4s] epoch 115 step 91400 avg_loss=0.441
[4785.8s] === epoch 115 done: avg_loss=0.438 (n=788 derivations) ===
[4787.6s] epoch 116 step 91450 avg_loss=0.263
[4790.4s] epoch 116 step 91500 avg_loss=0.323
[4793.2s] epoch 116 step 91550 avg_loss=0.478
[4796.2s] epoch 116 step 91600 avg_loss=0.473
[4798.8s] epoch 116 step 91650 avg_loss=0.420
[4801.7s] epoch 116 step 91700 avg_loss=0.434
[4804.1s] epoch 116 step 91750 avg_loss=0.444
[4806.5s] epoch 116 step 91800 avg_loss=0.420
[4809.2s] epoch 116 step 91850 avg_loss=0.437
[4811.4s] epoch 116 step 91900 avg_loss=0.421
[4814.2s] epoch 116 step 91950 avg_loss=0.422
[4816.7s] epoch 116 step 92000 avg_loss=0.417
[4819.3s] epoch 116 step 92050 avg_loss=0.419
[4822.2s] epoch 116 step 92100 avg_loss=0.424
[4824.5s] epoch 116 step 92150 avg_loss=0.413
[4826.9s] === epoch 116 done: avg_loss=0.408 (n=788 derivations) ===
[4827.0s] epoch 117 step 92200 avg_loss=0.177
[4829.8s] epoch 117 step 92250 avg_loss=0.341
[4832.1s] epoch 117 step 92300 avg_loss=0.318
[4834.4s] epoch 117 step 92350 avg_loss=0.280
[4836.7s] epoch 117 step 92400 avg_loss=0.276
[4838.8s] epoch 117 step 92450 avg_loss=0.327
[4841.4s] epoch 117 step 92500 avg_loss=0.340
[4844.0s] epoch 117 step 92550 avg_loss=0.358
[4846.6s] epoch 117 step 92600 avg_loss=0.391
[4849.2s] epoch 117 step 92650 avg_loss=0.418
[4851.8s] epoch 117 step 92700 avg_loss=0.424
[4854.4s] epoch 117 step 92750 avg_loss=0.420
[4857.2s] epoch 117 step 92800 avg_loss=0.444
[4859.8s] epoch 117 step 92850 avg_loss=0.435
[4862.4s] epoch 117 step 92900 avg_loss=0.443
[4864.7s] epoch 117 step 92950 avg_loss=0.455
[4866.3s] === epoch 117 done: avg_loss=0.452 (n=788 derivations) ===
[4867.3s] epoch 118 step 93000 avg_loss=0.307
[4869.8s] epoch 118 step 93050 avg_loss=0.310
[4872.4s] epoch 118 step 93100 avg_loss=0.360
[4875.1s] epoch 118 step 93150 avg_loss=0.439
[4877.7s] epoch 118 step 93200 avg_loss=0.441
[4880.4s] epoch 118 step 93250 avg_loss=0.473
[4883.1s] epoch 118 step 93300 avg_loss=0.522
[4885.8s] epoch 118 step 93350 avg_loss=0.607
[4888.8s] epoch 118 step 93400 avg_loss=0.595
[4891.1s] epoch 118 step 93450 avg_loss=0.573
[4893.6s] epoch 118 step 93500 avg_loss=0.573
[4896.1s] epoch 118 step 93550 avg_loss=0.581
[4898.4s] epoch 118 step 93600 avg_loss=0.600
[4900.9s] epoch 118 step 93650 avg_loss=0.591
[4903.5s] epoch 118 step 93700 avg_loss=0.606
[4906.1s] epoch 118 step 93750 avg_loss=0.606
[4907.2s] === epoch 118 done: avg_loss=0.612 (n=788 derivations) ===
[4908.5s] epoch 119 step 93800 avg_loss=0.247
[4911.2s] epoch 119 step 93850 avg_loss=0.470
[4913.8s] epoch 119 step 93900 avg_loss=0.553
[4916.1s] epoch 119 step 93950 avg_loss=0.480
[4918.5s] epoch 119 step 94000 avg_loss=0.463
[4921.1s] epoch 119 step 94050 avg_loss=0.495
[4923.6s] epoch 119 step 94100 avg_loss=0.482
[4926.3s] epoch 119 step 94150 avg_loss=0.500
[4928.6s] epoch 119 step 94200 avg_loss=0.469
[4931.3s] epoch 119 step 94250 avg_loss=0.479
[4933.6s] epoch 119 step 94300 avg_loss=0.458
[4935.6s] epoch 119 step 94350 avg_loss=0.444
[4938.1s] epoch 119 step 94400 avg_loss=0.438
[4940.3s] epoch 119 step 94450 avg_loss=0.447
[4942.8s] epoch 119 step 94500 avg_loss=0.465
[4945.4s] epoch 119 step 94550 avg_loss=0.457
[4945.9s] === epoch 119 done: avg_loss=0.464 (n=788 derivations) ===
[4947.7s] epoch 120 step 94600 avg_loss=0.687
[4950.4s] epoch 120 step 94650 avg_loss=0.487
[4953.2s] epoch 120 step 94700 avg_loss=0.421
[4955.6s] epoch 120 step 94750 avg_loss=0.417
[4957.8s] epoch 120 step 94800 avg_loss=0.393
[4960.4s] epoch 120 step 94850 avg_loss=0.403
[4962.8s] epoch 120 step 94900 avg_loss=0.414
[4965.4s] epoch 120 step 94950 avg_loss=0.432
[4968.1s] epoch 120 step 95000 avg_loss=0.447
[4970.9s] epoch 120 step 95050 avg_loss=0.449
[4973.4s] epoch 120 step 95100 avg_loss=0.447
[4976.0s] epoch 120 step 95150 avg_loss=0.460
[4978.6s] epoch 120 step 95200 avg_loss=0.456
[4980.9s] epoch 120 step 95250 avg_loss=0.452
[4983.2s] epoch 120 step 95300 avg_loss=0.439
[4985.4s] === epoch 120 done: avg_loss=0.429 (n=788 derivations) ===
[4985.6s] epoch 121 step 95350 avg_loss=0.456
[4988.4s] epoch 121 step 95400 avg_loss=0.539
[4991.2s] epoch 121 step 95450 avg_loss=0.413
[4993.9s] epoch 121 step 95500 avg_loss=0.346
[4996.5s] epoch 121 step 95550 avg_loss=0.317
[4998.9s] epoch 121 step 95600 avg_loss=0.302
[5001.6s] epoch 121 step 95650 avg_loss=0.385
[5004.2s] epoch 121 step 95700 avg_loss=0.368
[5006.8s] epoch 121 step 95750 avg_loss=0.368
[5009.2s] epoch 121 step 95800 avg_loss=0.378
[5011.6s] epoch 121 step 95850 avg_loss=0.376
[5013.8s] epoch 121 step 95900 avg_loss=0.378
[5016.1s] epoch 121 step 95950 avg_loss=0.374
[5018.7s] epoch 121 step 96000 avg_loss=0.386
[5021.0s] epoch 121 step 96050 avg_loss=0.390
[5023.4s] epoch 121 step 96100 avg_loss=0.389
[5025.4s] === epoch 121 done: avg_loss=0.392 (n=788 derivations) ===
[5026.2s] epoch 122 step 96150 avg_loss=0.178
[5028.8s] epoch 122 step 96200 avg_loss=0.386
[5031.0s] epoch 122 step 96250 avg_loss=0.299
[5033.5s] epoch 122 step 96300 avg_loss=0.287
[5035.5s] epoch 122 step 96350 avg_loss=0.262
[5037.8s] epoch 122 step 96400 avg_loss=0.253
[5040.1s] epoch 122 step 96450 avg_loss=0.249
[5042.5s] epoch 122 step 96500 avg_loss=0.248
[5045.3s] epoch 122 step 96550 avg_loss=0.277
[5047.7s] epoch 122 step 96600 avg_loss=0.278
[5050.2s] epoch 122 step 96650 avg_loss=0.273
[5052.5s] epoch 122 step 96700 avg_loss=0.285
[5054.8s] epoch 122 step 96750 avg_loss=0.285
[5057.2s] epoch 122 step 96800 avg_loss=0.291
[5059.3s] epoch 122 step 96850 avg_loss=0.291
[5061.6s] epoch 122 step 96900 avg_loss=0.298
[5062.8s] === epoch 122 done: avg_loss=0.296 (n=788 derivations) ===
[5063.8s] epoch 123 step 96950 avg_loss=0.210
[5066.0s] epoch 123 step 97000 avg_loss=0.199
[5068.3s] epoch 123 step 97050 avg_loss=0.260
[5070.7s] epoch 123 step 97100 avg_loss=0.271
[5073.2s] epoch 123 step 97150 avg_loss=0.275
[5075.6s] epoch 123 step 97200 avg_loss=0.264
[5078.1s] epoch 123 step 97250 avg_loss=0.263
[5080.5s] epoch 123 step 97300 avg_loss=0.265
[5082.8s] epoch 123 step 97350 avg_loss=0.262
[5085.6s] epoch 123 step 97400 avg_loss=0.290
[5088.2s] epoch 123 step 97450 avg_loss=0.300
[5091.2s] epoch 123 step 97500 avg_loss=0.306
[5093.6s] epoch 123 step 97550 avg_loss=0.309
[5096.8s] epoch 123 step 97600 avg_loss=0.305
[5100.0s] epoch 123 step 97650 avg_loss=0.303
[5103.4s] epoch 123 step 97700 avg_loss=0.333
[5104.0s] === epoch 123 done: avg_loss=0.333 (n=788 derivations) ===
[5106.2s] epoch 124 step 97750 avg_loss=0.224
[5108.7s] epoch 124 step 97800 avg_loss=0.166
[5111.6s] epoch 124 step 97850 avg_loss=0.288
[5114.1s] epoch 124 step 97900 avg_loss=0.288
[5116.4s] epoch 124 step 97950 avg_loss=0.288
[5118.7s] epoch 124 step 98000 avg_loss=0.293
[5121.1s] epoch 124 step 98050 avg_loss=0.312
[5123.6s] epoch 124 step 98100 avg_loss=0.296
[5126.1s] epoch 124 step 98150 avg_loss=0.307
[5128.5s] epoch 124 step 98200 avg_loss=0.303
[5130.9s] epoch 124 step 98250 avg_loss=0.306
[5132.9s] epoch 124 step 98300 avg_loss=0.324
[5135.5s] epoch 124 step 98350 avg_loss=0.338
[5138.0s] epoch 124 step 98400 avg_loss=0.343
[5140.3s] epoch 124 step 98450 avg_loss=0.359
[5142.9s] epoch 124 step 98500 avg_loss=0.352
[5142.9s] === epoch 124 done: avg_loss=0.352 (n=788 derivations) ===
[5145.7s] epoch 125 step 98550 avg_loss=0.309
[5148.5s] epoch 125 step 98600 avg_loss=0.395
[5150.9s] epoch 125 step 98650 avg_loss=0.365
[5153.0s] epoch 125 step 98700 avg_loss=0.323
[5155.8s] epoch 125 step 98750 avg_loss=0.331
[5158.3s] epoch 125 step 98800 avg_loss=0.309
[5160.7s] epoch 125 step 98850 avg_loss=0.289
[5163.3s] epoch 125 step 98900 avg_loss=0.285
[5165.9s] epoch 125 step 98950 avg_loss=0.304
[5168.2s] epoch 125 step 99000 avg_loss=0.289
[5170.5s] epoch 125 step 99050 avg_loss=0.279
[5172.9s] epoch 125 step 99100 avg_loss=0.288
[5175.5s] epoch 125 step 99150 avg_loss=0.284
[5177.9s] epoch 125 step 99200 avg_loss=0.294
[5180.5s] epoch 125 step 99250 avg_loss=0.289
[5182.1s] === epoch 125 done: avg_loss=0.289 (n=788 derivations) ===
[5182.7s] epoch 126 step 99300 avg_loss=0.111
[5185.2s] epoch 126 step 99350 avg_loss=0.167
[5187.7s] epoch 126 step 99400 avg_loss=0.284
[5190.2s] epoch 126 step 99450 avg_loss=0.305
[5192.7s] epoch 126 step 99500 avg_loss=0.289
[5194.9s] epoch 126 step 99550 avg_loss=0.258
[5197.3s] epoch 126 step 99600 avg_loss=0.252
[5199.8s] epoch 126 step 99650 avg_loss=0.239
[5202.6s] epoch 126 step 99700 avg_loss=0.236
[5205.3s] epoch 126 step 99750 avg_loss=0.236
[5207.9s] epoch 126 step 99800 avg_loss=0.230
[5210.7s] epoch 126 step 99850 avg_loss=0.269
[5213.7s] epoch 126 step 99900 avg_loss=0.260
[5216.7s] epoch 126 step 99950 avg_loss=0.283
[5219.3s] epoch 126 step 100000 avg_loss=0.283
[5221.7s] epoch 126 step 100050 avg_loss=0.318
[5223.0s] === epoch 126 done: avg_loss=0.319 (n=788 derivations) ===
[5224.0s] epoch 127 step 100100 avg_loss=0.116
[5226.7s] epoch 127 step 100150 avg_loss=0.200
[5229.0s] epoch 127 step 100200 avg_loss=0.202
[5231.4s] epoch 127 step 100250 avg_loss=0.189
[5234.0s] epoch 127 step 100300 avg_loss=0.206
[5236.4s] epoch 127 step 100350 avg_loss=0.218
[5238.8s] epoch 127 step 100400 avg_loss=0.248
[5241.4s] epoch 127 step 100450 avg_loss=0.244
[5244.0s] epoch 127 step 100500 avg_loss=0.264
[5246.9s] epoch 127 step 100550 avg_loss=0.263
[5249.6s] epoch 127 step 100600 avg_loss=0.257
[5252.3s] epoch 127 step 100650 avg_loss=0.254
[5255.2s] epoch 127 step 100700 avg_loss=0.278
[5258.1s] epoch 127 step 100750 avg_loss=0.280
[5260.8s] epoch 127 step 100800 avg_loss=0.281
[5263.4s] epoch 127 step 100850 avg_loss=0.283
[5264.0s] === epoch 127 done: avg_loss=0.280 (n=788 derivations) ===
[5265.8s] epoch 128 step 100900 avg_loss=0.513
[5268.2s] epoch 128 step 100950 avg_loss=0.293
[5270.6s] epoch 128 step 101000 avg_loss=0.234
[5273.2s] epoch 128 step 101050 avg_loss=0.225
[5275.7s] epoch 128 step 101100 avg_loss=0.230
[5278.1s] epoch 128 step 101150 avg_loss=0.241
[5280.7s] epoch 128 step 101200 avg_loss=0.237
[5283.4s] epoch 128 step 101250 avg_loss=0.225
[5286.4s] epoch 128 step 101300 avg_loss=0.214
[5289.1s] epoch 128 step 101350 avg_loss=0.210
[5291.4s] epoch 128 step 101400 avg_loss=0.208
[5294.1s] epoch 128 step 101450 avg_loss=0.218
[5296.7s] epoch 128 step 101500 avg_loss=0.223
[5299.4s] epoch 128 step 101550 avg_loss=0.244
[5302.0s] epoch 128 step 101600 avg_loss=0.249
[5304.4s] epoch 128 step 101650 avg_loss=0.242
[5304.6s] === epoch 128 done: avg_loss=0.242 (n=788 derivations) ===
[5307.1s] epoch 129 step 101700 avg_loss=0.257
[5310.0s] epoch 129 step 101750 avg_loss=0.195
[5312.6s] epoch 129 step 101800 avg_loss=0.180
[5314.9s] epoch 129 step 101850 avg_loss=0.179
[5317.2s] epoch 129 step 101900 avg_loss=0.166
[5319.7s] epoch 129 step 101950 avg_loss=0.181
[5322.1s] epoch 129 step 102000 avg_loss=0.214
[5324.5s] epoch 129 step 102050 avg_loss=0.209
[5326.9s] epoch 129 step 102100 avg_loss=0.221
[5329.4s] epoch 129 step 102150 avg_loss=0.227
[5332.3s] epoch 129 step 102200 avg_loss=0.226
[5334.6s] epoch 129 step 102250 avg_loss=0.219
[5337.0s] epoch 129 step 102300 avg_loss=0.224
[5339.9s] epoch 129 step 102350 avg_loss=0.220
[5342.1s] epoch 129 step 102400 avg_loss=0.213
[5344.2s] === epoch 129 done: avg_loss=0.210 (n=788 derivations) ===
[5344.7s] epoch 130 step 102450 avg_loss=0.075
[5347.3s] epoch 130 step 102500 avg_loss=0.170
[5349.9s] epoch 130 step 102550 avg_loss=0.174
[5352.0s] epoch 130 step 102600 avg_loss=0.160
[5354.2s] epoch 130 step 102650 avg_loss=0.141
[5356.6s] epoch 130 step 102700 avg_loss=0.151
[5359.3s] epoch 130 step 102750 avg_loss=0.155
[5361.9s] epoch 130 step 102800 avg_loss=0.155
[5364.3s] epoch 130 step 102850 avg_loss=0.153
[5366.9s] epoch 130 step 102900 avg_loss=0.157
[5369.7s] epoch 130 step 102950 avg_loss=0.165
[5372.0s] epoch 130 step 103000 avg_loss=0.170
[5374.3s] epoch 130 step 103050 avg_loss=0.166
[5376.7s] epoch 130 step 103100 avg_loss=0.160
[5379.0s] epoch 130 step 103150 avg_loss=0.159
[5381.5s] epoch 130 step 103200 avg_loss=0.161
[5382.7s] === epoch 130 done: avg_loss=0.163 (n=788 derivations) ===
[5383.9s] epoch 131 step 103250 avg_loss=0.423
[5386.4s] epoch 131 step 103300 avg_loss=0.218
[5388.8s] epoch 131 step 103350 avg_loss=0.184
[5391.1s] epoch 131 step 103400 avg_loss=0.194
[5393.4s] epoch 131 step 103450 avg_loss=0.175
[5395.6s] epoch 131 step 103500 avg_loss=0.163
[5397.8s] epoch 131 step 103550 avg_loss=0.181
[5400.0s] epoch 131 step 103600 avg_loss=0.170
[5402.7s] epoch 131 step 103650 avg_loss=0.201
[5405.2s] epoch 131 step 103700 avg_loss=0.191
[5408.0s] epoch 131 step 103750 avg_loss=0.197
[5410.6s] epoch 131 step 103800 avg_loss=0.197
[5413.3s] epoch 131 step 103850 avg_loss=0.209
[5415.8s] epoch 131 step 103900 avg_loss=0.199
[5418.7s] epoch 131 step 103950 avg_loss=0.195
[5421.4s] epoch 131 step 104000 avg_loss=0.192
[5422.1s] === epoch 131 done: avg_loss=0.200 (n=788 derivations) ===
[5423.9s] epoch 132 step 104050 avg_loss=0.212
[5426.5s] epoch 132 step 104100 avg_loss=0.205
[5428.8s] epoch 132 step 104150 avg_loss=0.236
[5431.2s] epoch 132 step 104200 avg_loss=0.197
[5433.7s] epoch 132 step 104250 avg_loss=0.184
[5436.2s] epoch 132 step 104300 avg_loss=0.190
[5438.6s] epoch 132 step 104350 avg_loss=0.187
[5441.0s] epoch 132 step 104400 avg_loss=0.191
[5443.4s] epoch 132 step 104450 avg_loss=0.187
[5446.2s] epoch 132 step 104500 avg_loss=0.193
[5448.7s] epoch 132 step 104550 avg_loss=0.187
[5451.7s] epoch 132 step 104600 avg_loss=0.183
[5455.0s] epoch 132 step 104650 avg_loss=0.188
[5457.7s] epoch 132 step 104700 avg_loss=0.195
[5460.5s] epoch 132 step 104750 avg_loss=0.188
[5462.9s] epoch 132 step 104800 avg_loss=0.187
[5463.1s] === epoch 132 done: avg_loss=0.186 (n=788 derivations) ===
[5465.2s] epoch 133 step 104850 avg_loss=0.096
[5467.7s] epoch 133 step 104900 avg_loss=0.124
[5470.2s] epoch 133 step 104950 avg_loss=0.152
[5472.7s] epoch 133 step 105000 avg_loss=0.160
[5475.2s] epoch 133 step 105050 avg_loss=0.168
[5477.5s] epoch 133 step 105100 avg_loss=0.159
[5480.1s] epoch 133 step 105150 avg_loss=0.160
[5482.5s] epoch 133 step 105200 avg_loss=0.176
[5484.9s] epoch 133 step 105250 avg_loss=0.182
[5487.2s] epoch 133 step 105300 avg_loss=0.177
[5489.8s] epoch 133 step 105350 avg_loss=0.174
[5492.4s] epoch 133 step 105400 avg_loss=0.179
[5495.0s] epoch 133 step 105450 avg_loss=0.204
[5497.4s] epoch 133 step 105500 avg_loss=0.207
[5500.0s] epoch 133 step 105550 avg_loss=0.214
[5502.1s] === epoch 133 done: avg_loss=0.216 (n=788 derivations) ===
[5502.5s] epoch 134 step 105600 avg_loss=0.067
[5505.1s] epoch 134 step 105650 avg_loss=0.090
[5507.4s] epoch 134 step 105700 avg_loss=0.094
[5509.8s] epoch 134 step 105750 avg_loss=0.091
[5512.6s] epoch 134 step 105800 avg_loss=0.096
[5515.4s] epoch 134 step 105850 avg_loss=0.177
[5518.3s] epoch 134 step 105900 avg_loss=0.183
[5520.9s] epoch 134 step 105950 avg_loss=0.173
[5523.4s] epoch 134 step 106000 avg_loss=0.180
[5525.6s] epoch 134 step 106050 avg_loss=0.170
[5527.9s] epoch 134 step 106100 avg_loss=0.183
[5530.2s] epoch 134 step 106150 avg_loss=0.174
[5532.9s] epoch 134 step 106200 avg_loss=0.174
[5535.5s] epoch 134 step 106250 avg_loss=0.182
[5538.2s] epoch 134 step 106300 avg_loss=0.209
[5540.9s] epoch 134 step 106350 avg_loss=0.203
[5542.4s] === epoch 134 done: avg_loss=0.201 (n=788 derivations) ===
[5543.3s] epoch 135 step 106400 avg_loss=0.186
[5545.6s] epoch 135 step 106450 avg_loss=0.115
[5548.1s] epoch 135 step 106500 avg_loss=0.156
[5550.8s] epoch 135 step 106550 avg_loss=0.251
[5553.2s] epoch 135 step 106600 avg_loss=0.234
[5555.9s] epoch 135 step 106650 avg_loss=0.230
[5558.4s] epoch 135 step 106700 avg_loss=0.208
[5560.8s] epoch 135 step 106750 avg_loss=0.194
[5563.3s] epoch 135 step 106800 avg_loss=0.182
[5565.9s] epoch 135 step 106850 avg_loss=0.193
[5568.1s] epoch 135 step 106900 avg_loss=0.193
[5570.5s] epoch 135 step 106950 avg_loss=0.183
[5572.9s] epoch 135 step 107000 avg_loss=0.175
[5575.8s] epoch 135 step 107050 avg_loss=0.175
[5578.5s] epoch 135 step 107100 avg_loss=0.171
[5581.5s] epoch 135 step 107150 avg_loss=0.171
[5582.6s] === epoch 135 done: avg_loss=0.173 (n=788 derivations) ===
[5584.2s] epoch 136 step 107200 avg_loss=0.147
[5586.5s] epoch 136 step 107250 avg_loss=0.089
[5589.4s] epoch 136 step 107300 avg_loss=0.158
[5591.8s] epoch 136 step 107350 avg_loss=0.146
[5594.7s] epoch 136 step 107400 avg_loss=0.138
[5597.0s] epoch 136 step 107450 avg_loss=0.129
[5599.8s] epoch 136 step 107500 avg_loss=0.139
[5602.3s] epoch 136 step 107550 avg_loss=0.133
[5604.8s] epoch 136 step 107600 avg_loss=0.134
[5607.4s] epoch 136 step 107650 avg_loss=0.129
[5610.0s] epoch 136 step 107700 avg_loss=0.129
[5612.6s] epoch 136 step 107750 avg_loss=0.125
[5614.8s] epoch 136 step 107800 avg_loss=0.120
[5617.1s] epoch 136 step 107850 avg_loss=0.120
[5619.5s] epoch 136 step 107900 avg_loss=0.122
[5622.2s] epoch 136 step 107950 avg_loss=0.127
[5622.4s] === epoch 136 done: avg_loss=0.126 (n=788 derivations) ===
[5624.5s] epoch 137 step 108000 avg_loss=0.055
[5627.3s] epoch 137 step 108050 avg_loss=0.082
[5630.0s] epoch 137 step 108100 avg_loss=0.075
[5632.6s] epoch 137 step 108150 avg_loss=0.091
[5635.6s] epoch 137 step 108200 avg_loss=0.100
[5638.2s] epoch 137 step 108250 avg_loss=0.098
[5640.4s] epoch 137 step 108300 avg_loss=0.090
[5642.7s] epoch 137 step 108350 avg_loss=0.087
[5645.5s] epoch 137 step 108400 avg_loss=0.083
[5648.3s] epoch 137 step 108450 avg_loss=0.083
[5650.6s] epoch 137 step 108500 avg_loss=0.094
[5653.5s] epoch 137 step 108550 avg_loss=0.108
[5656.0s] epoch 137 step 108600 avg_loss=0.107
[5658.8s] epoch 137 step 108650 avg_loss=0.104
[5661.2s] epoch 137 step 108700 avg_loss=0.107
[5663.4s] === epoch 137 done: avg_loss=0.107 (n=788 derivations) ===
[5663.8s] epoch 138 step 108750 avg_loss=0.116
[5666.0s] epoch 138 step 108800 avg_loss=0.057
[5668.5s] epoch 138 step 108850 avg_loss=0.059
[5670.7s] epoch 138 step 108900 avg_loss=0.069
[5673.2s] epoch 138 step 108950 avg_loss=0.075
[5675.7s] epoch 138 step 109000 avg_loss=0.116
[5678.1s] epoch 138 step 109050 avg_loss=0.109
[5681.3s] epoch 138 step 109100 avg_loss=0.114
[5684.0s] epoch 138 step 109150 avg_loss=0.109
[5686.7s] epoch 138 step 109200 avg_loss=0.103
[5688.9s] epoch 138 step 109250 avg_loss=0.098
[5691.6s] epoch 138 step 109300 avg_loss=0.130
[5694.0s] epoch 138 step 109350 avg_loss=0.127
[5696.8s] epoch 138 step 109400 avg_loss=0.132
[5699.5s] epoch 138 step 109450 avg_loss=0.129
[5702.0s] epoch 138 step 109500 avg_loss=0.127
[5703.6s] === epoch 138 done: avg_loss=0.125 (n=788 derivations) ===
[5704.5s] epoch 139 step 109550 avg_loss=0.119
[5707.0s] epoch 139 step 109600 avg_loss=0.110
[5709.6s] epoch 139 step 109650 avg_loss=0.093
[5711.7s] epoch 139 step 109700 avg_loss=0.121
[5714.3s] epoch 139 step 109750 avg_loss=0.103
[5717.0s] epoch 139 step 109800 avg_loss=0.095
[5719.6s] epoch 139 step 109850 avg_loss=0.088
[5722.3s] epoch 139 step 109900 avg_loss=0.084
[5724.8s] epoch 139 step 109950 avg_loss=0.083
[5727.2s] epoch 139 step 110000 avg_loss=0.084
[5730.1s] epoch 139 step 110050 avg_loss=0.087
[5732.8s] epoch 139 step 110100 avg_loss=0.086
[5735.4s] epoch 139 step 110150 avg_loss=0.085
[5737.8s] epoch 139 step 110200 avg_loss=0.083
[5740.2s] epoch 139 step 110250 avg_loss=0.088
[5742.8s] epoch 139 step 110300 avg_loss=0.089
[5743.7s] === epoch 139 done: avg_loss=0.088 (n=788 derivations) ===
[5745.1s] epoch 140 step 110350 avg_loss=0.081
[5747.8s] epoch 140 step 110400 avg_loss=0.058
[5750.3s] epoch 140 step 110450 avg_loss=0.061
[5752.5s] epoch 140 step 110500 avg_loss=0.061
[5755.0s] epoch 140 step 110550 avg_loss=0.070
[5757.6s] epoch 140 step 110600 avg_loss=0.076
[5760.2s] epoch 140 step 110650 avg_loss=0.072
[5762.8s] epoch 140 step 110700 avg_loss=0.068
[5765.3s] epoch 140 step 110750 avg_loss=0.083
[5767.9s] epoch 140 step 110800 avg_loss=0.080
[5770.9s] epoch 140 step 110850 avg_loss=0.088
[5773.4s] epoch 140 step 110900 avg_loss=0.086
[5775.9s] epoch 140 step 110950 avg_loss=0.085
[5778.7s] epoch 140 step 111000 avg_loss=0.085
[5781.6s] epoch 140 step 111050 avg_loss=0.083
[5784.6s] epoch 140 step 111100 avg_loss=0.080
[5785.0s] === epoch 140 done: avg_loss=0.080 (n=788 derivations) ===
[5787.3s] epoch 141 step 111150 avg_loss=0.043
[5789.8s] epoch 141 step 111200 avg_loss=0.047
[5792.7s] epoch 141 step 111250 avg_loss=0.119
[5795.3s] epoch 141 step 111300 avg_loss=0.102
[5798.0s] epoch 141 step 111350 avg_loss=0.104
[5800.5s] epoch 141 step 111400 avg_loss=0.096
[5803.0s] epoch 141 step 111450 avg_loss=0.101
[5805.4s] epoch 141 step 111500 avg_loss=0.095
[5808.0s] epoch 141 step 111550 avg_loss=0.094
[5810.6s] epoch 141 step 111600 avg_loss=0.095
[5813.3s] epoch 141 step 111650 avg_loss=0.089
[5815.9s] epoch 141 step 111700 avg_loss=0.087
[5818.5s] epoch 141 step 111750 avg_loss=0.087
[5821.5s] epoch 141 step 111800 avg_loss=0.084
[5824.1s] epoch 141 step 111850 avg_loss=0.081
[5826.4s] === epoch 141 done: avg_loss=0.079 (n=788 derivations) ===
[5826.7s] epoch 142 step 111900 avg_loss=0.021
[5829.3s] epoch 142 step 111950 avg_loss=0.057
[5831.8s] epoch 142 step 112000 avg_loss=0.103
[5834.2s] epoch 142 step 112050 avg_loss=0.084
[5836.9s] epoch 142 step 112100 avg_loss=0.086
[5839.8s] epoch 142 step 112150 avg_loss=0.080
[5842.8s] epoch 142 step 112200 avg_loss=0.082
[5845.7s] epoch 142 step 112250 avg_loss=0.078
[5848.6s] epoch 142 step 112300 avg_loss=0.073
[5851.3s] epoch 142 step 112350 avg_loss=0.070
[5854.1s] epoch 142 step 112400 avg_loss=0.068
[5856.5s] epoch 142 step 112450 avg_loss=0.067
[5858.8s] epoch 142 step 112500 avg_loss=0.076
[5861.3s] epoch 142 step 112550 avg_loss=0.076
[5863.5s] epoch 142 step 112600 avg_loss=0.086
[5865.9s] epoch 142 step 112650 avg_loss=0.083
[5867.6s] === epoch 142 done: avg_loss=0.082 (n=788 derivations) ===
[5868.3s] epoch 143 step 112700 avg_loss=0.031
[5871.0s] epoch 143 step 112750 avg_loss=0.030
[5873.9s] epoch 143 step 112800 avg_loss=0.040
[5876.8s] epoch 143 step 112850 avg_loss=0.055
[5879.5s] epoch 143 step 112900 avg_loss=0.054
[5881.9s] epoch 143 step 112950 avg_loss=0.055
[5884.5s] epoch 143 step 113000 avg_loss=0.057
[5886.9s] epoch 143 step 113050 avg_loss=0.060
[5889.6s] epoch 143 step 113100 avg_loss=0.064
[5892.3s] epoch 143 step 113150 avg_loss=0.071
[5895.2s] epoch 143 step 113200 avg_loss=0.073
[5897.1s] epoch 143 step 113250 avg_loss=0.069
[5899.9s] epoch 143 step 113300 avg_loss=0.071
[5902.5s] epoch 143 step 113350 avg_loss=0.073
[5905.0s] epoch 143 step 113400 avg_loss=0.081
[5907.3s] epoch 143 step 113450 avg_loss=0.084
[5908.1s] === epoch 143 done: avg_loss=0.082 (n=788 derivations) ===
[5909.5s] epoch 144 step 113500 avg_loss=0.043
[5912.2s] epoch 144 step 113550 avg_loss=0.048
[5914.4s] epoch 144 step 113600 avg_loss=0.045
[5916.9s] epoch 144 step 113650 avg_loss=0.061
[5919.6s] epoch 144 step 113700 avg_loss=0.104
[5922.1s] epoch 144 step 113750 avg_loss=0.113
[5924.9s] epoch 144 step 113800 avg_loss=0.107
[5927.7s] epoch 144 step 113850 avg_loss=0.104
[5930.5s] epoch 144 step 113900 avg_loss=0.112
[5933.2s] epoch 144 step 113950 avg_loss=0.105
[5936.1s] epoch 144 step 114000 avg_loss=0.099
[5939.0s] epoch 144 step 114050 avg_loss=0.102
[5941.9s] epoch 144 step 114100 avg_loss=0.100
[5944.6s] epoch 144 step 114150 avg_loss=0.096
[5947.0s] epoch 144 step 114200 avg_loss=0.097
[5949.7s] epoch 144 step 114250 avg_loss=0.095
[5950.1s] === epoch 144 done: avg_loss=0.094 (n=788 derivations) ===
[5952.1s] epoch 145 step 114300 avg_loss=0.050
[5954.9s] epoch 145 step 114350 avg_loss=0.055
[5957.8s] epoch 145 step 114400 avg_loss=0.054
[5960.5s] epoch 145 step 114450 avg_loss=0.051
[5963.3s] epoch 145 step 114500 avg_loss=0.061
[5965.8s] epoch 145 step 114550 avg_loss=0.060
[5968.5s] epoch 145 step 114600 avg_loss=0.064
[5971.0s] epoch 145 step 114650 avg_loss=0.068
[5973.5s] epoch 145 step 114700 avg_loss=0.065
[5976.7s] epoch 145 step 114750 avg_loss=0.072
[5980.3s] epoch 145 step 114800 avg_loss=0.081
[5983.5s] epoch 145 step 114850 avg_loss=0.078
[5986.6s] epoch 145 step 114900 avg_loss=0.077
[5989.9s] epoch 145 step 114950 avg_loss=0.079
[5992.7s] epoch 145 step 115000 avg_loss=0.090
[5995.2s] === epoch 145 done: avg_loss=0.090 (n=788 derivations) ===
[5995.3s] epoch 146 step 115050 avg_loss=0.447
[5997.9s] epoch 146 step 115100 avg_loss=0.091
[6000.2s] epoch 146 step 115150 avg_loss=0.097
[6002.7s] epoch 146 step 115200 avg_loss=0.090
[6005.1s] epoch 146 step 115250 avg_loss=0.081
[6007.5s] epoch 146 step 115300 avg_loss=0.120
[6010.1s] epoch 146 step 115350 avg_loss=0.111
[6012.5s] epoch 146 step 115400 avg_loss=0.103
[6015.1s] epoch 146 step 115450 avg_loss=0.104
[6017.7s] epoch 146 step 115500 avg_loss=0.118
[6020.0s] epoch 146 step 115550 avg_loss=0.113
[6022.7s] epoch 146 step 115600 avg_loss=0.127
[6024.9s] epoch 146 step 115650 avg_loss=0.122
[6027.4s] epoch 146 step 115700 avg_loss=0.121
[6030.0s] epoch 146 step 115750 avg_loss=0.115
[6032.5s] epoch 146 step 115800 avg_loss=0.116
[6034.4s] === epoch 146 done: avg_loss=0.115 (n=788 derivations) ===
[6035.1s] epoch 147 step 115850 avg_loss=0.056
[6038.1s] epoch 147 step 115900 avg_loss=0.068
[6040.6s] epoch 147 step 115950 avg_loss=0.061
[6043.4s] epoch 147 step 116000 avg_loss=0.099
[6045.9s] epoch 147 step 116050 avg_loss=0.095
[6048.3s] epoch 147 step 116100 avg_loss=0.088
[6050.7s] epoch 147 step 116150 avg_loss=0.101
[6052.7s] epoch 147 step 116200 avg_loss=0.092
[6055.0s] epoch 147 step 116250 avg_loss=0.100
[6057.5s] epoch 147 step 116300 avg_loss=0.101
[6059.9s] epoch 147 step 116350 avg_loss=0.095
[6062.5s] epoch 147 step 116400 avg_loss=0.094
[6065.2s] epoch 147 step 116450 avg_loss=0.107
[6067.7s] epoch 147 step 116500 avg_loss=0.117
[6070.5s] epoch 147 step 116550 avg_loss=0.115
[6073.5s] epoch 147 step 116600 avg_loss=0.112
[6074.8s] === epoch 147 done: avg_loss=0.113 (n=788 derivations) ===
[6076.8s] epoch 148 step 116650 avg_loss=0.231
[6079.9s] epoch 148 step 116700 avg_loss=0.193
[6082.5s] epoch 148 step 116750 avg_loss=0.136
[6085.0s] epoch 148 step 116800 avg_loss=0.122
[6087.4s] epoch 148 step 116850 avg_loss=0.130
[6089.8s] epoch 148 step 116900 avg_loss=0.128
[6092.6s] epoch 148 step 116950 avg_loss=0.128
[6095.5s] epoch 148 step 117000 avg_loss=0.144
[6098.0s] epoch 148 step 117050 avg_loss=0.132
[6100.3s] epoch 148 step 117100 avg_loss=0.123
[6103.5s] epoch 148 step 117150 avg_loss=0.135
[6106.7s] epoch 148 step 117200 avg_loss=0.127
[6109.3s] epoch 148 step 117250 avg_loss=0.134
[6111.9s] epoch 148 step 117300 avg_loss=0.129
[6114.6s] epoch 148 step 117350 avg_loss=0.126
[6117.2s] epoch 148 step 117400 avg_loss=0.125
[6117.9s] === epoch 148 done: avg_loss=0.126 (n=788 derivations) ===
[6120.1s] epoch 149 step 117450 avg_loss=0.059
[6122.9s] epoch 149 step 117500 avg_loss=0.140
[6125.7s] epoch 149 step 117550 avg_loss=0.131
[6128.7s] epoch 149 step 117600 avg_loss=0.129
[6131.3s] epoch 149 step 117650 avg_loss=0.128
[6134.0s] epoch 149 step 117700 avg_loss=0.119
[6136.7s] epoch 149 step 117750 avg_loss=0.109
[6139.1s] epoch 149 step 117800 avg_loss=0.116
[6142.0s] epoch 149 step 117850 avg_loss=0.126
[6144.6s] epoch 149 step 117900 avg_loss=0.120
[6147.4s] epoch 149 step 117950 avg_loss=0.117
[6150.2s] epoch 149 step 118000 avg_loss=0.143
[6153.1s] epoch 149 step 118050 avg_loss=0.147
[6155.3s] epoch 149 step 118100 avg_loss=0.140
[6157.8s] epoch 149 step 118150 avg_loss=0.136
[6160.5s] epoch 149 step 118200 avg_loss=0.132
[6160.5s] === epoch 149 done: avg_loss=0.132 (n=788 derivations) ===
[6162.6s] epoch 150 step 118250 avg_loss=0.089
[6165.7s] epoch 150 step 118300 avg_loss=0.126
[6168.3s] epoch 150 step 118350 avg_loss=0.118
[6170.9s] epoch 150 step 118400 avg_loss=0.097
[6173.1s] epoch 150 step 118450 avg_loss=0.106
[6175.4s] epoch 150 step 118500 avg_loss=0.096
[6178.1s] epoch 150 step 118550 avg_loss=0.095
[6181.0s] epoch 150 step 118600 avg_loss=0.095
[6183.6s] epoch 150 step 118650 avg_loss=0.089
[6186.4s] epoch 150 step 118700 avg_loss=0.089
[6188.8s] epoch 150 step 118750 avg_loss=0.095
[6191.7s] epoch 150 step 118800 avg_loss=0.095
[6194.4s] epoch 150 step 118850 avg_loss=0.101
[6197.0s] epoch 150 step 118900 avg_loss=0.099
[6199.6s] epoch 150 step 118950 avg_loss=0.108
[6201.4s] === epoch 150 done: avg_loss=0.112 (n=788 derivations) ===
[6201.9s] epoch 151 step 119000 avg_loss=0.034
[6204.3s] epoch 151 step 119050 avg_loss=0.062
[6207.0s] epoch 151 step 119100 avg_loss=0.080
[6209.5s] epoch 151 step 119150 avg_loss=0.131
[6212.5s] epoch 151 step 119200 avg_loss=0.139
[6215.3s] epoch 151 step 119250 avg_loss=0.128
[6217.9s] epoch 151 step 119300 avg_loss=0.120
[6220.5s] epoch 151 step 119350 avg_loss=0.128
[6223.0s] epoch 151 step 119400 avg_loss=0.125
[6226.1s] epoch 151 step 119450 avg_loss=0.126
[6229.3s] epoch 151 step 119500 avg_loss=0.119
[6232.2s] epoch 151 step 119550 avg_loss=0.114
[6235.0s] epoch 151 step 119600 avg_loss=0.107
[6237.9s] epoch 151 step 119650 avg_loss=0.109
[6241.2s] epoch 151 step 119700 avg_loss=0.124
[6244.3s] epoch 151 step 119750 avg_loss=0.121
[6245.4s] === epoch 151 done: avg_loss=0.118 (n=788 derivations) ===
[6246.5s] epoch 152 step 119800 avg_loss=0.030
[6248.9s] epoch 152 step 119850 avg_loss=0.051
[6251.6s] epoch 152 step 119900 avg_loss=0.072
[6254.3s] epoch 152 step 119950 avg_loss=0.077
[6257.1s] epoch 152 step 120000 avg_loss=0.075
[6259.6s] epoch 152 step 120050 avg_loss=0.080
[6262.0s] epoch 152 step 120100 avg_loss=0.074
[6264.5s] epoch 152 step 120150 avg_loss=0.076
[6266.6s] epoch 152 step 120200 avg_loss=0.103
[6268.7s] epoch 152 step 120250 avg_loss=0.098
[6271.3s] epoch 152 step 120300 avg_loss=0.094
[6274.2s] epoch 152 step 120350 avg_loss=0.113
[6276.6s] epoch 152 step 120400 avg_loss=0.108
[6279.3s] epoch 152 step 120450 avg_loss=0.105
[6281.5s] epoch 152 step 120500 avg_loss=0.108
[6283.7s] epoch 152 step 120550 avg_loss=0.110
[6284.7s] === epoch 152 done: avg_loss=0.110 (n=788 derivations) ===
[6286.1s] epoch 153 step 120600 avg_loss=0.045
[6288.8s] epoch 153 step 120650 avg_loss=0.062
[6291.3s] epoch 153 step 120700 avg_loss=0.093
[6293.8s] epoch 153 step 120750 avg_loss=0.119
[6296.5s] epoch 153 step 120800 avg_loss=0.129
[6299.0s] epoch 153 step 120850 avg_loss=0.127
[6301.7s] epoch 153 step 120900 avg_loss=0.122
[6304.3s] epoch 153 step 120950 avg_loss=0.139
[6306.6s] epoch 153 step 121000 avg_loss=0.130
[6309.2s] epoch 153 step 121050 avg_loss=0.122
[6312.0s] epoch 153 step 121100 avg_loss=0.120
[6314.6s] epoch 153 step 121150 avg_loss=0.121
[6317.2s] epoch 153 step 121200 avg_loss=0.117
[6319.7s] epoch 153 step 121250 avg_loss=0.114
[6322.1s] epoch 153 step 121300 avg_loss=0.119
[6324.4s] epoch 153 step 121350 avg_loss=0.116
[6324.4s] === epoch 153 done: avg_loss=0.116 (n=788 derivations) ===
[6326.6s] epoch 154 step 121400 avg_loss=0.056
[6328.9s] epoch 154 step 121450 avg_loss=0.058
[6331.4s] epoch 154 step 121500 avg_loss=0.061
[6334.0s] epoch 154 step 121550 avg_loss=0.066
[6336.4s] epoch 154 step 121600 avg_loss=0.153
[6339.2s] epoch 154 step 121650 avg_loss=0.172
[6342.0s] epoch 154 step 121700 avg_loss=0.154
[6345.0s] epoch 154 step 121750 avg_loss=0.142
[6347.8s] epoch 154 step 121800 avg_loss=0.133
[6350.4s] epoch 154 step 121850 avg_loss=0.123
[6352.7s] epoch 154 step 121900 avg_loss=0.119
[6355.6s] epoch 154 step 121950 avg_loss=0.138
[6358.2s] epoch 154 step 122000 avg_loss=0.157
[6360.8s] epoch 154 step 122050 avg_loss=0.156
[6363.4s] epoch 154 step 122100 avg_loss=0.151
[6365.4s] === epoch 154 done: avg_loss=0.147 (n=788 derivations) ===
[6366.0s] epoch 155 step 122150 avg_loss=0.074
[6368.6s] epoch 155 step 122200 avg_loss=0.058
[6371.1s] epoch 155 step 122250 avg_loss=0.070
[6373.5s] epoch 155 step 122300 avg_loss=0.076
[6376.3s] epoch 155 step 122350 avg_loss=0.079
[6379.2s] epoch 155 step 122400 avg_loss=0.083
[6381.3s] epoch 155 step 122450 avg_loss=0.082
[6383.6s] epoch 155 step 122500 avg_loss=0.079
[6386.2s] epoch 155 step 122550 avg_loss=0.092
[6388.4s] epoch 155 step 122600 avg_loss=0.090
[6391.2s] epoch 155 step 122650 avg_loss=0.132
[6393.9s] epoch 155 step 122700 avg_loss=0.131
[6396.4s] epoch 155 step 122750 avg_loss=0.147
[6398.9s] epoch 155 step 122800 avg_loss=0.141
[6401.3s] epoch 155 step 122850 avg_loss=0.135
[6403.3s] epoch 155 step 122900 avg_loss=0.134
[6404.4s] === epoch 155 done: avg_loss=0.131 (n=788 derivations) ===
[6405.8s] epoch 156 step 122950 avg_loss=0.160
[6408.3s] epoch 156 step 123000 avg_loss=0.109
[6410.8s] epoch 156 step 123050 avg_loss=0.101
[6413.9s] epoch 156 step 123100 avg_loss=0.090
[6416.3s] epoch 156 step 123150 avg_loss=0.087
[6418.8s] epoch 156 step 123200 avg_loss=0.083
[6421.6s] epoch 156 step 123250 avg_loss=0.081
[6424.2s] epoch 156 step 123300 avg_loss=0.110
[6427.0s] epoch 156 step 123350 avg_loss=0.107
[6429.5s] epoch 156 step 123400 avg_loss=0.104
[6432.0s] epoch 156 step 123450 avg_loss=0.100
[6434.2s] epoch 156 step 123500 avg_loss=0.095
[6436.6s] epoch 156 step 123550 avg_loss=0.093
[6439.0s] epoch 156 step 123600 avg_loss=0.102
[6441.5s] epoch 156 step 123650 avg_loss=0.103
[6444.1s] epoch 156 step 123700 avg_loss=0.102
[6444.9s] === epoch 156 done: avg_loss=0.101 (n=788 derivations) ===
[6446.9s] epoch 157 step 123750 avg_loss=0.059
[6449.9s] epoch 157 step 123800 avg_loss=0.060
[6452.9s] epoch 157 step 123850 avg_loss=0.150
[6455.3s] epoch 157 step 123900 avg_loss=0.128
[6458.2s] epoch 157 step 123950 avg_loss=0.134
[6460.5s] epoch 157 step 124000 avg_loss=0.121
[6463.2s] epoch 157 step 124050 avg_loss=0.111
[6465.7s] epoch 157 step 124100 avg_loss=0.113
[6468.3s] epoch 157 step 124150 avg_loss=0.108
[6470.5s] epoch 157 step 124200 avg_loss=0.102
[6472.6s] epoch 157 step 124250 avg_loss=0.101
[6475.0s] epoch 157 step 124300 avg_loss=0.102
[6477.7s] epoch 157 step 124350 avg_loss=0.101
[6480.5s] epoch 157 step 124400 avg_loss=0.101
[6483.2s] epoch 157 step 124450 avg_loss=0.104
[6485.8s] epoch 157 step 124500 avg_loss=0.101
[6486.1s] === epoch 157 done: avg_loss=0.110 (n=788 derivations) ===
[6488.4s] epoch 158 step 124550 avg_loss=0.051
[6491.4s] epoch 158 step 124600 avg_loss=0.074
[6494.0s] epoch 158 step 124650 avg_loss=0.071
[6497.1s] epoch 158 step 124700 avg_loss=0.075
[6499.6s] epoch 158 step 124750 avg_loss=0.089
[6502.1s] epoch 158 step 124800 avg_loss=0.099
[6504.7s] epoch 158 step 124850 avg_loss=0.109
[6507.0s] epoch 158 step 124900 avg_loss=0.114
[6509.8s] epoch 158 step 124950 avg_loss=0.114
[6512.7s] epoch 158 step 125000 avg_loss=0.121
[6515.4s] epoch 158 step 125050 avg_loss=0.126
[6518.3s] epoch 158 step 125100 avg_loss=0.156
[6520.8s] epoch 158 step 125150 avg_loss=0.160
[6523.2s] epoch 158 step 125200 avg_loss=0.154
[6525.7s] epoch 158 step 125250 avg_loss=0.156
[6527.7s] === epoch 158 done: avg_loss=0.159 (n=788 derivations) ===
[6528.0s] epoch 159 step 125300 avg_loss=0.193
[6530.8s] epoch 159 step 125350 avg_loss=0.142
[6533.3s] epoch 159 step 125400 avg_loss=0.139
[6535.7s] epoch 159 step 125450 avg_loss=0.130
[6538.3s] epoch 159 step 125500 avg_loss=0.161
[6540.9s] epoch 159 step 125550 avg_loss=0.162
[6543.4s] epoch 159 step 125600 avg_loss=0.227
[6545.7s] epoch 159 step 125650 avg_loss=0.318
[6548.4s] epoch 159 step 125700 avg_loss=0.303
[6550.6s] epoch 159 step 125750 avg_loss=0.282
[6553.4s] epoch 159 step 125800 avg_loss=0.274
[6556.1s] epoch 159 step 125850 avg_loss=0.271
[6558.6s] epoch 159 step 125900 avg_loss=0.269
[6561.8s] epoch 159 step 125950 avg_loss=0.260
[6564.3s] epoch 159 step 126000 avg_loss=0.263
[6566.8s] epoch 159 step 126050 avg_loss=0.261
[6568.4s] === epoch 159 done: avg_loss=0.257 (n=788 derivations) ===
[6569.6s] epoch 160 step 126100 avg_loss=0.267
[6572.1s] epoch 160 step 126150 avg_loss=0.125
[6574.9s] epoch 160 step 126200 avg_loss=0.200
[6577.3s] epoch 160 step 126250 avg_loss=0.218
[6579.6s] epoch 160 step 126300 avg_loss=0.204
[6582.4s] epoch 160 step 126350 avg_loss=0.222
[6584.8s] epoch 160 step 126400 avg_loss=0.221
[6587.2s] epoch 160 step 126450 avg_loss=0.217
[6590.3s] epoch 160 step 126500 avg_loss=0.236
[6592.8s] epoch 160 step 126550 avg_loss=0.247
[6595.5s] epoch 160 step 126600 avg_loss=0.244
[6598.1s] epoch 160 step 126650 avg_loss=0.267
[6600.6s] epoch 160 step 126700 avg_loss=0.276
[6603.2s] epoch 160 step 126750 avg_loss=0.297
[6605.7s] epoch 160 step 126800 avg_loss=0.311
[6608.1s] epoch 160 step 126850 avg_loss=0.329
[6608.9s] === epoch 160 done: avg_loss=0.340 (n=788 derivations) ===
[6610.4s] epoch 161 step 126900 avg_loss=0.433
[6613.2s] epoch 161 step 126950 avg_loss=0.326
[6616.3s] epoch 161 step 127000 avg_loss=0.301
[6618.8s] epoch 161 step 127050 avg_loss=0.270
[6621.2s] epoch 161 step 127100 avg_loss=0.284
[6623.6s] epoch 161 step 127150 avg_loss=0.283
[6625.9s] epoch 161 step 127200 avg_loss=0.284
[6628.5s] epoch 161 step 127250 avg_loss=0.284
[6631.0s] epoch 161 step 127300 avg_loss=0.285
[6633.4s] epoch 161 step 127350 avg_loss=0.272
[6636.1s] epoch 161 step 127400 avg_loss=0.272
[6638.7s] epoch 161 step 127450 avg_loss=0.288
[6641.4s] epoch 161 step 127500 avg_loss=0.280
[6644.3s] epoch 161 step 127550 avg_loss=0.281
[6647.4s] epoch 161 step 127600 avg_loss=0.283
[6650.1s] epoch 161 step 127650 avg_loss=0.280
[6650.4s] === epoch 161 done: avg_loss=0.279 (n=788 derivations) ===
[6653.0s] epoch 162 step 127700 avg_loss=0.113
[6655.9s] epoch 162 step 127750 avg_loss=0.137
[6658.8s] epoch 162 step 127800 avg_loss=0.136
[6662.0s] epoch 162 step 127850 avg_loss=0.139
[6664.3s] epoch 162 step 127900 avg_loss=0.156
[6667.0s] epoch 162 step 127950 avg_loss=0.188
[6669.5s] epoch 162 step 128000 avg_loss=0.186
[6671.8s] epoch 162 step 128050 avg_loss=0.174
[6674.4s] epoch 162 step 128100 avg_loss=0.180
[6676.8s] epoch 162 step 128150 avg_loss=0.173
[6679.3s] epoch 162 step 128200 avg_loss=0.180
[6682.2s] epoch 162 step 128250 avg_loss=0.184
[6685.1s] epoch 162 step 128300 avg_loss=0.183
[6687.8s] epoch 162 step 128350 avg_loss=0.176
[6690.3s] epoch 162 step 128400 avg_loss=0.176
[6692.7s] === epoch 162 done: avg_loss=0.189 (n=788 derivations) ===
[6693.1s] epoch 163 step 128450 avg_loss=0.061
[6695.8s] epoch 163 step 128500 avg_loss=0.102
[6698.0s] epoch 163 step 128550 avg_loss=0.106
[6700.8s] epoch 163 step 128600 avg_loss=0.122
[6703.5s] epoch 163 step 128650 avg_loss=0.117
[6706.2s] epoch 163 step 128700 avg_loss=0.134
[6708.9s] epoch 163 step 128750 avg_loss=0.135
[6711.2s] epoch 163 step 128800 avg_loss=0.130
[6713.7s] epoch 163 step 128850 avg_loss=0.132
[6716.7s] epoch 163 step 128900 avg_loss=0.132
[6719.7s] epoch 163 step 128950 avg_loss=0.135
[6722.8s] epoch 163 step 129000 avg_loss=0.136
[6725.7s] epoch 163 step 129050 avg_loss=0.149
[6727.6s] epoch 163 step 129100 avg_loss=0.145
[6730.3s] epoch 163 step 129150 avg_loss=0.148
[6733.2s] epoch 163 step 129200 avg_loss=0.148
[6735.2s] === epoch 163 done: avg_loss=0.150 (n=788 derivations) ===
[6736.1s] epoch 164 step 129250 avg_loss=0.117
[6738.7s] epoch 164 step 129300 avg_loss=0.106
[6741.7s] epoch 164 step 129350 avg_loss=0.120
[6744.0s] epoch 164 step 129400 avg_loss=0.108
[6746.6s] epoch 164 step 129450 avg_loss=0.152
[6748.9s] epoch 164 step 129500 avg_loss=0.152
[6751.5s] epoch 164 step 129550 avg_loss=0.167
[6754.2s] epoch 164 step 129600 avg_loss=0.166
[6756.6s] epoch 164 step 129650 avg_loss=0.156
[6759.0s] epoch 164 step 129700 avg_loss=0.159
[6761.5s] epoch 164 step 129750 avg_loss=0.159
[6764.1s] epoch 164 step 129800 avg_loss=0.164
[6766.5s] epoch 164 step 129850 avg_loss=0.161
[6769.3s] epoch 164 step 129900 avg_loss=0.159
[6771.8s] epoch 164 step 129950 avg_loss=0.160
[6774.3s] epoch 164 step 130000 avg_loss=0.166
[6775.3s] === epoch 164 done: avg_loss=0.168 (n=788 derivations) ===
[6776.6s] epoch 165 step 130050 avg_loss=0.074
[6779.0s] epoch 165 step 130100 avg_loss=0.079
[6781.5s] epoch 165 step 130150 avg_loss=0.227
[6784.6s] epoch 165 step 130200 avg_loss=0.204
[6787.1s] epoch 165 step 130250 avg_loss=0.182
[6789.8s] epoch 165 step 130300 avg_loss=0.188
[6792.7s] epoch 165 step 130350 avg_loss=0.190
[6795.4s] epoch 165 step 130400 avg_loss=0.182
[6798.0s] epoch 165 step 130450 avg_loss=0.174
[6800.5s] epoch 165 step 130500 avg_loss=0.169
[6802.8s] epoch 165 step 130550 avg_loss=0.162
[6805.7s] epoch 165 step 130600 avg_loss=0.158
[6808.3s] epoch 165 step 130650 avg_loss=0.158
[6810.9s] epoch 165 step 130700 avg_loss=0.166
[6813.9s] epoch 165 step 130750 avg_loss=0.200
[6816.7s] epoch 165 step 130800 avg_loss=0.207
[6817.1s] === epoch 165 done: avg_loss=0.205 (n=788 derivations) ===
[6819.6s] epoch 166 step 130850 avg_loss=0.079
[6822.4s] epoch 166 step 130900 avg_loss=0.087
[6825.1s] epoch 166 step 130950 avg_loss=0.093
[6827.8s] epoch 166 step 131000 avg_loss=0.121
[6830.4s] epoch 166 step 131050 avg_loss=0.121
[6833.0s] epoch 166 step 131100 avg_loss=0.120
[6835.5s] epoch 166 step 131150 avg_loss=0.120
[6838.3s] epoch 166 step 131200 avg_loss=0.130
[6840.8s] epoch 166 step 131250 avg_loss=0.133
[6843.3s] epoch 166 step 131300 avg_loss=0.128
[6845.9s] epoch 166 step 131350 avg_loss=0.154
[6848.9s] epoch 166 step 131400 avg_loss=0.147
[6851.3s] epoch 166 step 131450 avg_loss=0.142
[6854.0s] epoch 166 step 131500 avg_loss=0.140
[6856.9s] epoch 166 step 131550 avg_loss=0.139
[6859.2s] === epoch 166 done: avg_loss=0.144 (n=788 derivations) ===
[6859.5s] epoch 167 step 131600 avg_loss=0.059
[6861.9s] epoch 167 step 131650 avg_loss=0.307
[6864.5s] epoch 167 step 131700 avg_loss=0.189
[6867.0s] epoch 167 step 131750 avg_loss=0.153
[6869.8s] epoch 167 step 131800 avg_loss=0.135
[6872.9s] epoch 167 step 131850 avg_loss=0.136
[6875.4s] epoch 167 step 131900 avg_loss=0.126
[6877.7s] epoch 167 step 131950 avg_loss=0.127
[6880.4s] epoch 167 step 132000 avg_loss=0.119
[6883.5s] epoch 167 step 132050 avg_loss=0.115
[6886.4s] epoch 167 step 132100 avg_loss=0.131
[6889.3s] epoch 167 step 132150 avg_loss=0.129
[6891.7s] epoch 167 step 132200 avg_loss=0.129
[6894.3s] epoch 167 step 132250 avg_loss=0.125
[6897.0s] epoch 167 step 132300 avg_loss=0.123
[6899.8s] epoch 167 step 132350 avg_loss=0.123
[6901.5s] === epoch 167 done: avg_loss=0.123 (n=788 derivations) ===
[6902.3s] epoch 168 step 132400 avg_loss=0.166
[6904.9s] epoch 168 step 132450 avg_loss=0.072
[6907.4s] epoch 168 step 132500 avg_loss=0.070
[6910.1s] epoch 168 step 132550 avg_loss=0.065
[6912.7s] epoch 168 step 132600 avg_loss=0.081
[6914.8s] epoch 168 step 132650 avg_loss=0.075
[6917.4s] epoch 168 step 132700 avg_loss=0.077
[6920.1s] epoch 168 step 132750 avg_loss=0.079
[6923.0s] epoch 168 step 132800 avg_loss=0.081
[6925.6s] epoch 168 step 132850 avg_loss=0.079
[6928.3s] epoch 168 step 132900 avg_loss=0.076
[6931.2s] epoch 168 step 132950 avg_loss=0.081
[6933.7s] epoch 168 step 133000 avg_loss=0.081
[6936.4s] epoch 168 step 133050 avg_loss=0.081
[6939.1s] epoch 168 step 133100 avg_loss=0.087
[6941.5s] epoch 168 step 133150 avg_loss=0.085
[6942.7s] === epoch 168 done: avg_loss=0.085 (n=788 derivations) ===
[6944.3s] epoch 169 step 133200 avg_loss=0.158
[6946.6s] epoch 169 step 133250 avg_loss=0.089
[6949.0s] epoch 169 step 133300 avg_loss=0.067
[6951.7s] epoch 169 step 133350 avg_loss=0.063
[6953.9s] epoch 169 step 133400 avg_loss=0.063
[6956.4s] epoch 169 step 133450 avg_loss=0.059
[6958.8s] epoch 169 step 133500 avg_loss=0.058
[6961.3s] epoch 169 step 133550 avg_loss=0.058
[6963.9s] epoch 169 step 133600 avg_loss=0.057
[6966.5s] epoch 169 step 133650 avg_loss=0.063
[6968.7s] epoch 169 step 133700 avg_loss=0.061
[6971.3s] epoch 169 step 133750 avg_loss=0.063
[6973.8s] epoch 169 step 133800 avg_loss=0.064
[6976.1s] epoch 169 step 133850 avg_loss=0.062
[6978.9s] epoch 169 step 133900 avg_loss=0.061
[6981.4s] epoch 169 step 133950 avg_loss=0.061
[6981.9s] === epoch 169 done: avg_loss=0.060 (n=788 derivations) ===
[6984.2s] epoch 170 step 134000 avg_loss=0.056
[6986.5s] epoch 170 step 134050 avg_loss=0.039
[6989.6s] epoch 170 step 134100 avg_loss=0.041
[6992.7s] epoch 170 step 134150 avg_loss=0.042
[6995.7s] epoch 170 step 134200 avg_loss=0.051
[6998.3s] epoch 170 step 134250 avg_loss=0.051
[7000.6s] epoch 170 step 134300 avg_loss=0.049
[7003.3s] epoch 170 step 134350 avg_loss=0.047
[7005.9s] epoch 170 step 134400 avg_loss=0.054
[7008.6s] epoch 170 step 134450 avg_loss=0.053
[7011.2s] epoch 170 step 134500 avg_loss=0.053
[7013.9s] epoch 170 step 134550 avg_loss=0.052
[7016.4s] epoch 170 step 134600 avg_loss=0.051
[7019.3s] epoch 170 step 134650 avg_loss=0.050
[7021.9s] epoch 170 step 134700 avg_loss=0.050
[7024.5s] === epoch 170 done: avg_loss=0.049 (n=788 derivations) ===
[7024.6s] epoch 171 step 134750 avg_loss=0.048
[7027.4s] epoch 171 step 134800 avg_loss=0.040
[7029.8s] epoch 171 step 134850 avg_loss=0.040
[7032.6s] epoch 171 step 134900 avg_loss=0.038
[7035.4s] epoch 171 step 134950 avg_loss=0.092
[7038.0s] epoch 171 step 135000 avg_loss=0.085
[7040.5s] epoch 171 step 135050 avg_loss=0.077
[7043.1s] epoch 171 step 135100 avg_loss=0.071
[7046.0s] epoch 171 step 135150 avg_loss=0.068
[7048.6s] epoch 171 step 135200 avg_loss=0.065
[7051.7s] epoch 171 step 135250 avg_loss=0.062
[7054.1s] epoch 171 step 135300 avg_loss=0.059
[7056.3s] epoch 171 step 135350 avg_loss=0.057
[7058.4s] epoch 171 step 135400 avg_loss=0.054
[7060.8s] epoch 171 step 135450 avg_loss=0.053
[7063.2s] epoch 171 step 135500 avg_loss=0.051
[7064.9s] === epoch 171 done: avg_loss=0.052 (n=788 derivations) ===
[7065.6s] epoch 172 step 135550 avg_loss=0.043
[7068.8s] epoch 172 step 135600 avg_loss=0.037
[7071.4s] epoch 172 step 135650 avg_loss=0.037
[7074.1s] epoch 172 step 135700 avg_loss=0.036
[7076.7s] epoch 172 step 135750 avg_loss=0.034
[7079.3s] epoch 172 step 135800 avg_loss=0.037
[7081.4s] epoch 172 step 135850 avg_loss=0.035
[7084.1s] epoch 172 step 135900 avg_loss=0.034
[7086.7s] epoch 172 step 135950 avg_loss=0.036
[7088.8s] epoch 172 step 136000 avg_loss=0.035
[7091.2s] epoch 172 step 136050 avg_loss=0.034
[7093.9s] epoch 172 step 136100 avg_loss=0.033
[7096.6s] epoch 172 step 136150 avg_loss=0.032
[7099.2s] epoch 172 step 136200 avg_loss=0.032
[7101.9s] epoch 172 step 136250 avg_loss=0.035
[7104.1s] epoch 172 step 136300 avg_loss=0.035
[7105.2s] === epoch 172 done: avg_loss=0.035 (n=788 derivations) ===
[7106.3s] epoch 173 step 136350 avg_loss=0.017
[7108.7s] epoch 173 step 136400 avg_loss=0.023
[7111.1s] epoch 173 step 136450 avg_loss=0.025
[7113.5s] epoch 173 step 136500 avg_loss=0.024
[7115.8s] epoch 173 step 136550 avg_loss=0.043
[7118.0s] epoch 173 step 136600 avg_loss=0.039
[7120.8s] epoch 173 step 136650 avg_loss=0.039
[7123.3s] epoch 173 step 136700 avg_loss=0.038
[7126.2s] epoch 173 step 136750 avg_loss=0.040
[7128.7s] epoch 173 step 136800 avg_loss=0.038
[7131.6s] epoch 173 step 136850 avg_loss=0.038
[7134.2s] epoch 173 step 136900 avg_loss=0.038
[7136.4s] epoch 173 step 136950 avg_loss=0.037
[7139.2s] epoch 173 step 137000 avg_loss=0.036
[7141.9s] epoch 173 step 137050 avg_loss=0.036
[7144.4s] epoch 173 step 137100 avg_loss=0.036
[7145.1s] === epoch 173 done: avg_loss=0.036 (n=788 derivations) ===
[7146.8s] epoch 174 step 137150 avg_loss=0.019
[7149.2s] epoch 174 step 137200 avg_loss=0.022
[7152.1s] epoch 174 step 137250 avg_loss=0.026
[7154.7s] epoch 174 step 137300 avg_loss=0.026
[7157.7s] epoch 174 step 137350 avg_loss=0.027
[7160.8s] epoch 174 step 137400 avg_loss=0.027
[7163.3s] epoch 174 step 137450 avg_loss=0.027
[7165.8s] epoch 174 step 137500 avg_loss=0.026
[7168.4s] epoch 174 step 137550 avg_loss=0.025
[7171.2s] epoch 174 step 137600 avg_loss=0.026
[7174.3s] epoch 174 step 137650 avg_loss=0.026
[7176.9s] epoch 174 step 137700 avg_loss=0.025
[7179.6s] epoch 174 step 137750 avg_loss=0.025
[7182.3s] epoch 174 step 137800 avg_loss=0.026
[7184.7s] epoch 174 step 137850 avg_loss=0.025
[7187.1s] epoch 174 step 137900 avg_loss=0.025
[7187.1s] === epoch 174 done: avg_loss=0.025 (n=788 derivations) ===
[7189.8s] epoch 175 step 137950 avg_loss=0.027
[7192.1s] epoch 175 step 138000 avg_loss=0.026
[7194.6s] epoch 175 step 138050 avg_loss=0.024
[7197.5s] epoch 175 step 138100 avg_loss=0.027
[7199.8s] epoch 175 step 138150 avg_loss=0.026
[7202.6s] epoch 175 step 138200 avg_loss=0.025
[7205.1s] epoch 175 step 138250 avg_loss=0.024
[7207.5s] epoch 175 step 138300 avg_loss=0.024
[7210.1s] epoch 175 step 138350 avg_loss=0.023
[7212.6s] epoch 175 step 138400 avg_loss=0.023
[7215.4s] epoch 175 step 138450 avg_loss=0.023
[7217.9s] epoch 175 step 138500 avg_loss=0.023
[7220.7s] epoch 175 step 138550 avg_loss=0.022
[7223.4s] epoch 175 step 138600 avg_loss=0.022
[7226.2s] epoch 175 step 138650 avg_loss=0.023
[7228.2s] === epoch 175 done: avg_loss=0.022 (n=788 derivations) ===
[7228.8s] epoch 176 step 138700 avg_loss=0.018
[7231.2s] epoch 176 step 138750 avg_loss=0.014
[7233.9s] epoch 176 step 138800 avg_loss=0.018
[7236.4s] epoch 176 step 138850 avg_loss=0.020
[7238.8s] epoch 176 step 138900 avg_loss=0.019
[7241.1s] epoch 176 step 138950 avg_loss=0.020
[7243.6s] epoch 176 step 139000 avg_loss=0.020
[7246.0s] epoch 176 step 139050 avg_loss=0.019
[7248.6s] epoch 176 step 139100 avg_loss=0.020
[7250.9s] epoch 176 step 139150 avg_loss=0.020
[7253.4s] epoch 176 step 139200 avg_loss=0.020
[7256.1s] epoch 176 step 139250 avg_loss=0.021
[7258.6s] epoch 176 step 139300 avg_loss=0.021
[7261.0s] epoch 176 step 139350 avg_loss=0.021
[7263.4s] epoch 176 step 139400 avg_loss=0.021
[7266.1s] epoch 176 step 139450 avg_loss=0.021
[7267.3s] === epoch 176 done: avg_loss=0.021 (n=788 derivations) ===
[7268.6s] epoch 177 step 139500 avg_loss=0.021
[7270.8s] epoch 177 step 139550 avg_loss=0.014
[7273.6s] epoch 177 step 139600 avg_loss=0.018
[7276.3s] epoch 177 step 139650 avg_loss=0.022
[7278.6s] epoch 177 step 139700 avg_loss=0.020
[7281.0s] epoch 177 step 139750 avg_loss=0.021
[7283.4s] epoch 177 step 139800 avg_loss=0.019
[7285.9s] epoch 177 step 139850 avg_loss=0.020
[7288.6s] epoch 177 step 139900 avg_loss=0.019
[7291.7s] epoch 177 step 139950 avg_loss=0.020
[7294.2s] epoch 177 step 140000 avg_loss=0.020
[7296.4s] epoch 177 step 140050 avg_loss=0.020
[7298.7s] epoch 177 step 140100 avg_loss=0.020
[7301.4s] epoch 177 step 140150 avg_loss=0.020
[7304.1s] epoch 177 step 140200 avg_loss=0.020
[7306.4s] epoch 177 step 140250 avg_loss=0.020
[7307.0s] === epoch 177 done: avg_loss=0.020 (n=788 derivations) ===
[7309.0s] epoch 178 step 140300 avg_loss=0.022
[7311.7s] epoch 178 step 140350 avg_loss=0.019
[7314.4s] epoch 178 step 140400 avg_loss=0.018
[7316.8s] epoch 178 step 140450 avg_loss=0.017
[7319.9s] epoch 178 step 140500 avg_loss=0.018
[7322.3s] epoch 178 step 140550 avg_loss=0.018
[7325.1s] epoch 178 step 140600 avg_loss=0.019
[7327.9s] epoch 178 step 140650 avg_loss=0.019
[7330.4s] epoch 178 step 140700 avg_loss=0.019
[7332.9s] epoch 178 step 140750 avg_loss=0.019
[7335.6s] epoch 178 step 140800 avg_loss=0.019
[7338.1s] epoch 178 step 140850 avg_loss=0.018
[7341.0s] epoch 178 step 140900 avg_loss=0.019
[7343.6s] epoch 178 step 140950 avg_loss=0.019
[7346.0s] epoch 178 step 141000 avg_loss=0.019
[7348.5s] epoch 178 step 141050 avg_loss=0.019
[7348.6s] === epoch 178 done: avg_loss=0.019 (n=788 derivations) ===
[7351.0s] epoch 179 step 141100 avg_loss=0.024
[7353.6s] epoch 179 step 141150 avg_loss=0.018
[7355.9s] epoch 179 step 141200 avg_loss=0.016
[7358.3s] epoch 179 step 141250 avg_loss=0.017
[7360.9s] epoch 179 step 141300 avg_loss=0.016
[7364.0s] epoch 179 step 141350 avg_loss=0.018
[7366.5s] epoch 179 step 141400 avg_loss=0.018
[7369.1s] epoch 179 step 141450 avg_loss=0.018
[7371.6s] epoch 179 step 141500 avg_loss=0.018
[7374.0s] epoch 179 step 141550 avg_loss=0.018
[7376.8s] epoch 179 step 141600 avg_loss=0.019
[7379.4s] epoch 179 step 141650 avg_loss=0.018
[7381.8s] epoch 179 step 141700 avg_loss=0.018
[7384.4s] epoch 179 step 141750 avg_loss=0.018
[7386.7s] epoch 179 step 141800 avg_loss=0.018
[7388.9s] === epoch 179 done: avg_loss=0.018 (n=788 derivations) ===
[7389.4s] epoch 180 step 141850 avg_loss=0.014
[7391.7s] epoch 180 step 141900 avg_loss=0.013
[7394.5s] epoch 180 step 141950 avg_loss=0.015
[7397.0s] epoch 180 step 142000 avg_loss=0.014
[7399.6s] epoch 180 step 142050 avg_loss=0.015
[7402.2s] epoch 180 step 142100 avg_loss=0.018
[7404.7s] epoch 180 step 142150 avg_loss=0.017
[7407.4s] epoch 180 step 142200 avg_loss=0.017
[7410.0s] epoch 180 step 142250 avg_loss=0.017
[7412.5s] epoch 180 step 142300 avg_loss=0.017
[7415.2s] epoch 180 step 142350 avg_loss=0.017
[7417.7s] epoch 180 step 142400 avg_loss=0.018
[7420.5s] epoch 180 step 142450 avg_loss=0.017
[7423.4s] epoch 180 step 142500 avg_loss=0.017
[7425.7s] epoch 180 step 142550 avg_loss=0.017
[7428.5s] epoch 180 step 142600 avg_loss=0.017
[7429.9s] === epoch 180 done: avg_loss=0.018 (n=788 derivations) ===
[7430.8s] epoch 181 step 142650 avg_loss=0.010
[7433.4s] epoch 181 step 142700 avg_loss=0.013
[7436.1s] epoch 181 step 142750 avg_loss=0.013
[7438.7s] epoch 181 step 142800 avg_loss=0.014
[7441.0s] epoch 181 step 142850 avg_loss=0.013
[7443.5s] epoch 181 step 142900 avg_loss=0.014
[7445.9s] epoch 181 step 142950 avg_loss=0.014
[7449.1s] epoch 181 step 143000 avg_loss=0.015
[7451.6s] epoch 181 step 143050 avg_loss=0.014
[7454.2s] epoch 181 step 143100 avg_loss=0.015
[7456.9s] epoch 181 step 143150 avg_loss=0.015
[7459.4s] epoch 181 step 143200 avg_loss=0.016
[7462.3s] epoch 181 step 143250 avg_loss=0.016
[7464.7s] epoch 181 step 143300 avg_loss=0.017
[7467.2s] epoch 181 step 143350 avg_loss=0.017
[7469.5s] epoch 181 step 143400 avg_loss=0.017
[7470.3s] === epoch 181 done: avg_loss=0.017 (n=788 derivations) ===
[7472.1s] epoch 182 step 143450 avg_loss=0.026
[7474.8s] epoch 182 step 143500 avg_loss=0.018
[7477.2s] epoch 182 step 143550 avg_loss=0.016
[7479.8s] epoch 182 step 143600 avg_loss=0.017
[7482.7s] epoch 182 step 143650 avg_loss=0.016
[7484.9s] epoch 182 step 143700 avg_loss=0.016
[7487.5s] epoch 182 step 143750 avg_loss=0.015
[7490.0s] epoch 182 step 143800 avg_loss=0.015
[7492.5s] epoch 182 step 143850 avg_loss=0.016
[7495.4s] epoch 182 step 143900 avg_loss=0.016
[7498.1s] epoch 182 step 143950 avg_loss=0.016
[7500.3s] epoch 182 step 144000 avg_loss=0.016
[7502.9s] epoch 182 step 144050 avg_loss=0.016
[7505.7s] epoch 182 step 144100 avg_loss=0.017
[7508.3s] epoch 182 step 144150 avg_loss=0.017
[7510.9s] epoch 182 step 144200 avg_loss=0.017
[7511.1s] === epoch 182 done: avg_loss=0.017 (n=788 derivations) ===
[7513.1s] epoch 183 step 144250 avg_loss=0.015
[7515.7s] epoch 183 step 144300 avg_loss=0.015
[7518.6s] epoch 183 step 144350 avg_loss=0.016
[7521.7s] epoch 183 step 144400 avg_loss=0.019
[7524.5s] epoch 183 step 144450 avg_loss=0.020
[7527.5s] epoch 183 step 144500 avg_loss=0.019
[7530.6s] epoch 183 step 144550 avg_loss=0.020
[7533.4s] epoch 183 step 144600 avg_loss=0.019
[7536.4s] epoch 183 step 144650 avg_loss=0.018
[7539.0s] epoch 183 step 144700 avg_loss=0.018
[7541.7s] epoch 183 step 144750 avg_loss=0.017
[7544.0s] epoch 183 step 144800 avg_loss=0.017
[7546.4s] epoch 183 step 144850 avg_loss=0.016
[7548.7s] epoch 183 step 144900 avg_loss=0.016
[7551.3s] epoch 183 step 144950 avg_loss=0.016
[7553.4s] === epoch 183 done: avg_loss=0.016 (n=788 derivations) ===
[7553.8s] epoch 184 step 145000 avg_loss=0.037
[7556.4s] epoch 184 step 145050 avg_loss=0.023
[7559.1s] epoch 184 step 145100 avg_loss=0.019
[7561.5s] epoch 184 step 145150 avg_loss=0.017
[7564.3s] epoch 184 step 145200 avg_loss=0.016
[7566.8s] epoch 184 step 145250 avg_loss=0.017
[7569.5s] epoch 184 step 145300 avg_loss=0.016
[7571.8s] epoch 184 step 145350 avg_loss=0.015
[7574.5s] epoch 184 step 145400 avg_loss=0.015
[7577.1s] epoch 184 step 145450 avg_loss=0.015
[7579.9s] epoch 184 step 145500 avg_loss=0.015
[7582.6s] epoch 184 step 145550 avg_loss=0.015
[7585.5s] epoch 184 step 145600 avg_loss=0.015
[7587.8s] epoch 184 step 145650 avg_loss=0.015
[7590.4s] epoch 184 step 145700 avg_loss=0.015
[7593.1s] epoch 184 step 145750 avg_loss=0.015
[7594.9s] === epoch 184 done: avg_loss=0.016 (n=788 derivations) ===
[7595.9s] epoch 185 step 145800 avg_loss=0.011
[7598.5s] epoch 185 step 145850 avg_loss=0.014
[7601.1s] epoch 185 step 145900 avg_loss=0.014
[7603.8s] epoch 185 step 145950 avg_loss=0.014
[7606.3s] epoch 185 step 146000 avg_loss=0.013
[7608.9s] epoch 185 step 146050 avg_loss=0.014
[7611.6s] epoch 185 step 146100 avg_loss=0.015
[7614.4s] epoch 185 step 146150 avg_loss=0.016
[7617.0s] epoch 185 step 146200 avg_loss=0.015
[7619.6s] epoch 185 step 146250 avg_loss=0.015
[7622.2s] epoch 185 step 146300 avg_loss=0.015
[7624.7s] epoch 185 step 146350 avg_loss=0.015
[7627.3s] epoch 185 step 146400 avg_loss=0.015
[7629.4s] epoch 185 step 146450 avg_loss=0.015
[7632.3s] epoch 185 step 146500 avg_loss=0.015
[7635.4s] epoch 185 step 146550 avg_loss=0.015
[7636.5s] === epoch 185 done: avg_loss=0.015 (n=788 derivations) ===
[7638.3s] epoch 186 step 146600 avg_loss=0.022
[7640.9s] epoch 186 step 146650 avg_loss=0.020
[7643.4s] epoch 186 step 146700 avg_loss=0.017
[7646.1s] epoch 186 step 146750 avg_loss=0.017
[7648.8s] epoch 186 step 146800 avg_loss=0.017
[7651.7s] epoch 186 step 146850 avg_loss=0.017
[7654.4s] epoch 186 step 146900 avg_loss=0.017
[7656.7s] epoch 186 step 146950 avg_loss=0.016
[7659.1s] epoch 186 step 147000 avg_loss=0.015
[7661.9s] epoch 186 step 147050 avg_loss=0.016
[7664.6s] epoch 186 step 147100 avg_loss=0.015
[7667.0s] epoch 186 step 147150 avg_loss=0.015
[7669.4s] epoch 186 step 147200 avg_loss=0.015
[7671.8s] epoch 186 step 147250 avg_loss=0.015
[7674.0s] epoch 186 step 147300 avg_loss=0.014
[7676.5s] epoch 186 step 147350 avg_loss=0.015
[7676.8s] === epoch 186 done: avg_loss=0.015 (n=788 derivations) ===
[7679.3s] epoch 187 step 147400 avg_loss=0.018
[7681.6s] epoch 187 step 147450 avg_loss=0.015
[7684.2s] epoch 187 step 147500 avg_loss=0.015
[7686.4s] epoch 187 step 147550 avg_loss=0.013
[7688.9s] epoch 187 step 147600 avg_loss=0.014
[7691.6s] epoch 187 step 147650 avg_loss=0.014
[7694.0s] epoch 187 step 147700 avg_loss=0.014
[7696.5s] epoch 187 step 147750 avg_loss=0.015
[7699.3s] epoch 187 step 147800 avg_loss=0.014
[7702.1s] epoch 187 step 147850 avg_loss=0.014
[7704.4s] epoch 187 step 147900 avg_loss=0.014
[7707.0s] epoch 187 step 147950 avg_loss=0.014
[7709.7s] epoch 187 step 148000 avg_loss=0.014
[7712.1s] epoch 187 step 148050 avg_loss=0.014
[7715.2s] epoch 187 step 148100 avg_loss=0.015
[7717.4s] === epoch 187 done: avg_loss=0.014 (n=788 derivations) ===
[7717.7s] epoch 188 step 148150 avg_loss=0.017
[7720.3s] epoch 188 step 148200 avg_loss=0.014
[7722.6s] epoch 188 step 148250 avg_loss=0.012
[7725.1s] epoch 188 step 148300 avg_loss=0.013
[7727.6s] epoch 188 step 148350 avg_loss=0.013
[7730.2s] epoch 188 step 148400 avg_loss=0.012
[7732.6s] epoch 188 step 148450 avg_loss=0.012
[7735.4s] epoch 188 step 148500 avg_loss=0.012
[7737.8s] epoch 188 step 148550 avg_loss=0.013
[7740.7s] epoch 188 step 148600 avg_loss=0.014
[7743.5s] epoch 188 step 148650 avg_loss=0.014
[7746.1s] epoch 188 step 148700 avg_loss=0.013
[7748.9s] epoch 188 step 148750 avg_loss=0.013
[7751.6s] epoch 188 step 148800 avg_loss=0.014
[7754.2s] epoch 188 step 148850 avg_loss=0.014
[7757.0s] epoch 188 step 148900 avg_loss=0.014
[7758.6s] === epoch 188 done: avg_loss=0.014 (n=788 derivations) ===
[7759.3s] epoch 189 step 148950 avg_loss=0.005
[7761.7s] epoch 189 step 149000 avg_loss=0.009
[7764.3s] epoch 189 step 149050 avg_loss=0.013
[7766.7s] epoch 189 step 149100 avg_loss=0.013
[7769.4s] epoch 189 step 149150 avg_loss=0.013
[7772.3s] epoch 189 step 149200 avg_loss=0.013
[7775.3s] epoch 189 step 149250 avg_loss=0.013
[7778.2s] epoch 189 step 149300 avg_loss=0.014
[7780.9s] epoch 189 step 149350 avg_loss=0.014
[7783.8s] epoch 189 step 149400 avg_loss=0.013
[7786.7s] epoch 189 step 149450 avg_loss=0.013
[7790.0s] epoch 189 step 149500 avg_loss=0.014
[7792.7s] epoch 189 step 149550 avg_loss=0.014
[7795.9s] epoch 189 step 149600 avg_loss=0.014
[7798.6s] epoch 189 step 149650 avg_loss=0.014
[7801.3s] epoch 189 step 149700 avg_loss=0.014
[7802.3s] === epoch 189 done: avg_loss=0.014 (n=788 derivations) ===
[7804.1s] epoch 190 step 149750 avg_loss=0.013
[7806.9s] epoch 190 step 149800 avg_loss=0.012
[7809.7s] epoch 190 step 149850 avg_loss=0.013
[7812.8s] epoch 190 step 149900 avg_loss=0.014
[7815.7s] epoch 190 step 149950 avg_loss=0.016
[7818.3s] epoch 190 step 150000 avg_loss=0.015
[7821.2s] epoch 190 step 150050 avg_loss=0.015
[7824.3s] epoch 190 step 150100 avg_loss=0.015
[7827.1s] epoch 190 step 150150 avg_loss=0.015
[7829.8s] epoch 190 step 150200 avg_loss=0.014
[7832.3s] epoch 190 step 150250 avg_loss=0.014
[7834.9s] epoch 190 step 150300 avg_loss=0.014
[7837.3s] epoch 190 step 150350 avg_loss=0.014
[7839.3s] epoch 190 step 150400 avg_loss=0.013
[7841.6s] epoch 190 step 150450 avg_loss=0.014
[7843.9s] epoch 190 step 150500 avg_loss=0.014
[7844.4s] === epoch 190 done: avg_loss=0.013 (n=788 derivations) ===
[7846.3s] epoch 191 step 150550 avg_loss=0.011
[7849.0s] epoch 191 step 150600 avg_loss=0.013
[7851.3s] epoch 191 step 150650 avg_loss=0.012
[7853.9s] epoch 191 step 150700 avg_loss=0.013
[7856.1s] epoch 191 step 150750 avg_loss=0.013
[7858.6s] epoch 191 step 150800 avg_loss=0.013
[7861.5s] epoch 191 step 150850 avg_loss=0.013
[7864.1s] epoch 191 step 150900 avg_loss=0.013
[7866.8s] epoch 191 step 150950 avg_loss=0.013
[7869.3s] epoch 191 step 151000 avg_loss=0.013
[7871.8s] epoch 191 step 151050 avg_loss=0.013
[7874.4s] epoch 191 step 151100 avg_loss=0.013
[7876.8s] epoch 191 step 151150 avg_loss=0.013
[7879.2s] epoch 191 step 151200 avg_loss=0.013
[7881.9s] epoch 191 step 151250 avg_loss=0.013
[7884.4s] === epoch 191 done: avg_loss=0.013 (n=788 derivations) ===
[7884.7s] epoch 192 step 151300 avg_loss=0.035
[7887.3s] epoch 192 step 151350 avg_loss=0.012
[7890.0s] epoch 192 step 151400 avg_loss=0.012
[7892.6s] epoch 192 step 151450 avg_loss=0.013
[7895.2s] epoch 192 step 151500 avg_loss=0.013
[7897.7s] epoch 192 step 151550 avg_loss=0.013
[7900.3s] epoch 192 step 151600 avg_loss=0.014
[7902.7s] epoch 192 step 151650 avg_loss=0.013
[7905.4s] epoch 192 step 151700 avg_loss=0.013
[7908.0s] epoch 192 step 151750 avg_loss=0.013
[7910.6s] epoch 192 step 151800 avg_loss=0.013
[7913.5s] epoch 192 step 151850 avg_loss=0.013
[7916.1s] epoch 192 step 151900 avg_loss=0.013
[7919.1s] epoch 192 step 151950 avg_loss=0.013
[7922.1s] epoch 192 step 152000 avg_loss=0.013
[7924.6s] epoch 192 step 152050 avg_loss=0.013
[7926.5s] === epoch 192 done: avg_loss=0.013 (n=788 derivations) ===
[7927.5s] epoch 193 step 152100 avg_loss=0.017
[7930.3s] epoch 193 step 152150 avg_loss=0.016
[7932.8s] epoch 193 step 152200 avg_loss=0.013
[7935.3s] epoch 193 step 152250 avg_loss=0.012
[7938.0s] epoch 193 step 152300 avg_loss=0.013
[7940.3s] epoch 193 step 152350 avg_loss=0.012
[7943.2s] epoch 193 step 152400 avg_loss=0.013
[7945.7s] epoch 193 step 152450 avg_loss=0.013
[7948.2s] epoch 193 step 152500 avg_loss=0.012
[7950.9s] epoch 193 step 152550 avg_loss=0.012
[7953.5s] epoch 193 step 152600 avg_loss=0.012
[7956.2s] epoch 193 step 152650 avg_loss=0.012
[7959.2s] epoch 193 step 152700 avg_loss=0.012
[7961.8s] epoch 193 step 152750 avg_loss=0.013
[7964.4s] epoch 193 step 152800 avg_loss=0.013
[7966.9s] epoch 193 step 152850 avg_loss=0.013
[7968.0s] === epoch 193 done: avg_loss=0.013 (n=788 derivations) ===
[7969.3s] epoch 194 step 152900 avg_loss=0.009
[7972.0s] epoch 194 step 152950 avg_loss=0.012
[7974.4s] epoch 194 step 153000 avg_loss=0.012
[7977.1s] epoch 194 step 153050 avg_loss=0.012
[7979.9s] epoch 194 step 153100 avg_loss=0.012
[7982.1s] epoch 194 step 153150 avg_loss=0.011
[7984.5s] epoch 194 step 153200 avg_loss=0.010
[7987.2s] epoch 194 step 153250 avg_loss=0.011
[7989.5s] epoch 194 step 153300 avg_loss=0.011
[7991.8s] epoch 194 step 153350 avg_loss=0.011
[7994.3s] epoch 194 step 153400 avg_loss=0.011
[7997.4s] epoch 194 step 153450 avg_loss=0.012
[8000.3s] epoch 194 step 153500 avg_loss=0.012
[8002.8s] epoch 194 step 153550 avg_loss=0.012
[8005.3s] epoch 194 step 153600 avg_loss=0.012
[8007.8s] epoch 194 step 153650 avg_loss=0.012
[8008.5s] === epoch 194 done: avg_loss=0.012 (n=788 derivations) ===
[8010.6s] epoch 195 step 153700 avg_loss=0.016
[8013.2s] epoch 195 step 153750 avg_loss=0.015
[8015.8s] epoch 195 step 153800 avg_loss=0.013
[8018.3s] epoch 195 step 153850 avg_loss=0.011
[8020.6s] epoch 195 step 153900 avg_loss=0.011
[8023.3s] epoch 195 step 153950 avg_loss=0.011
[8025.7s] epoch 195 step 154000 avg_loss=0.011
[8028.3s] epoch 195 step 154050 avg_loss=0.012
[8031.1s] epoch 195 step 154100 avg_loss=0.012
[8033.5s] epoch 195 step 154150 avg_loss=0.012
[8036.3s] epoch 195 step 154200 avg_loss=0.012
[8038.9s] epoch 195 step 154250 avg_loss=0.012
[8041.4s] epoch 195 step 154300 avg_loss=0.012
[8044.4s] epoch 195 step 154350 avg_loss=0.012
[8047.1s] epoch 195 step 154400 avg_loss=0.012
[8049.3s] === epoch 195 done: avg_loss=0.012 (n=788 derivations) ===
[8049.4s] epoch 196 step 154450 avg_loss=0.002
[8052.0s] epoch 196 step 154500 avg_loss=0.009
[8055.0s] epoch 196 step 154550 avg_loss=0.009
[8057.6s] epoch 196 step 154600 avg_loss=0.010
[8060.2s] epoch 196 step 154650 avg_loss=0.011
[8063.0s] epoch 196 step 154700 avg_loss=0.011
[8065.6s] epoch 196 step 154750 avg_loss=0.011
[8067.8s] epoch 196 step 154800 avg_loss=0.012
[8070.2s] epoch 196 step 154850 avg_loss=0.011
[8073.2s] epoch 196 step 154900 avg_loss=0.011
[8075.9s] epoch 196 step 154950 avg_loss=0.011
[8078.9s] epoch 196 step 155000 avg_loss=0.011
[8081.5s] epoch 196 step 155050 avg_loss=0.012
[8084.0s] epoch 196 step 155100 avg_loss=0.012
[8086.5s] epoch 196 step 155150 avg_loss=0.011
[8088.9s] epoch 196 step 155200 avg_loss=0.011
[8090.9s] === epoch 196 done: avg_loss=0.012 (n=788 derivations) ===
[8091.8s] epoch 197 step 155250 avg_loss=0.013
[8094.2s] epoch 197 step 155300 avg_loss=0.010
[8097.0s] epoch 197 step 155350 avg_loss=0.012
[8099.5s] epoch 197 step 155400 avg_loss=0.012
[8101.9s] epoch 197 step 155450 avg_loss=0.011
[8104.5s] epoch 197 step 155500 avg_loss=0.011
[8107.0s] epoch 197 step 155550 avg_loss=0.012
[8109.2s] epoch 197 step 155600 avg_loss=0.012
[8111.6s] epoch 197 step 155650 avg_loss=0.011
[8114.4s] epoch 197 step 155700 avg_loss=0.011
[8116.9s] epoch 197 step 155750 avg_loss=0.011
[8119.3s] epoch 197 step 155800 avg_loss=0.011
[8121.9s] epoch 197 step 155850 avg_loss=0.012
[8124.5s] epoch 197 step 155900 avg_loss=0.012
[8127.1s] epoch 197 step 155950 avg_loss=0.012
[8129.9s] epoch 197 step 156000 avg_loss=0.011
[8131.9s] === epoch 197 done: avg_loss=0.012 (n=788 derivations) ===
[8133.2s] epoch 198 step 156050 avg_loss=0.007
[8135.8s] epoch 198 step 156100 avg_loss=0.010
[8138.8s] epoch 198 step 156150 avg_loss=0.013
[8141.3s] epoch 198 step 156200 avg_loss=0.013
[8143.9s] epoch 198 step 156250 avg_loss=0.013
[8146.6s] epoch 198 step 156300 avg_loss=0.012
[8149.3s] epoch 198 step 156350 avg_loss=0.012
[8152.0s] epoch 198 step 156400 avg_loss=0.012
[8154.7s] epoch 198 step 156450 avg_loss=0.012
[8157.2s] epoch 198 step 156500 avg_loss=0.012
[8159.5s] epoch 198 step 156550 avg_loss=0.012
[8162.0s] epoch 198 step 156600 avg_loss=0.012
[8164.6s] epoch 198 step 156650 avg_loss=0.012
[8166.9s] epoch 198 step 156700 avg_loss=0.011
[8169.3s] epoch 198 step 156750 avg_loss=0.011
[8172.1s] epoch 198 step 156800 avg_loss=0.011
[8172.6s] === epoch 198 done: avg_loss=0.011 (n=788 derivations) ===
[8175.4s] epoch 199 step 156850 avg_loss=0.019
[8178.1s] epoch 199 step 156900 avg_loss=0.015
[8180.7s] epoch 199 step 156950 avg_loss=0.012
[8183.6s] epoch 199 step 157000 avg_loss=0.013
[8186.2s] epoch 199 step 157050 avg_loss=0.013
[8188.8s] epoch 199 step 157100 avg_loss=0.013
[8191.5s] epoch 199 step 157150 avg_loss=0.013
[8194.2s] epoch 199 step 157200 avg_loss=0.013
[8196.7s] epoch 199 step 157250 avg_loss=0.013
[8199.0s] epoch 199 step 157300 avg_loss=0.012
[8201.0s] epoch 199 step 157350 avg_loss=0.012
[8203.7s] epoch 199 step 157400 avg_loss=0.012
[8206.2s] epoch 199 step 157450 avg_loss=0.012
[8208.8s] epoch 199 step 157500 avg_loss=0.012
[8211.2s] epoch 199 step 157550 avg_loss=0.011
[8214.0s] epoch 199 step 157600 avg_loss=0.011
[8214.0s] === epoch 199 done: avg_loss=0.011 (n=788 derivations) ===
[8216.8s] epoch 200 step 157650 avg_loss=0.013
[8219.7s] epoch 200 step 157700 avg_loss=0.016
[8222.5s] epoch 200 step 157750 avg_loss=0.015
[8225.2s] epoch 200 step 157800 avg_loss=0.014
[8228.1s] epoch 200 step 157850 avg_loss=0.014
[8231.0s] epoch 200 step 157900 avg_loss=0.013
[8233.8s] epoch 200 step 157950 avg_loss=0.013
[8236.2s] epoch 200 step 158000 avg_loss=0.013
[8238.6s] epoch 200 step 158050 avg_loss=0.012
[8241.2s] epoch 200 step 158100 avg_loss=0.012
[8244.0s] epoch 200 step 158150 avg_loss=0.012
[8246.6s] epoch 200 step 158200 avg_loss=0.012
[8248.7s] epoch 200 step 158250 avg_loss=0.011
[8251.0s] epoch 200 step 158300 avg_loss=0.011
[8253.7s] epoch 200 step 158350 avg_loss=0.011
[8255.5s] === epoch 200 done: avg_loss=0.011 (n=788 derivations) ===
[8256.1s] epoch 201 step 158400 avg_loss=0.008
[8258.6s] epoch 201 step 158450 avg_loss=0.010
[8261.4s] epoch 201 step 158500 avg_loss=0.012
[8264.2s] epoch 201 step 158550 avg_loss=0.012
[8266.7s] epoch 201 step 158600 avg_loss=0.011
[8269.2s] epoch 201 step 158650 avg_loss=0.011
[8272.1s] epoch 201 step 158700 avg_loss=0.011
[8274.6s] epoch 201 step 158750 avg_loss=0.011
[8277.4s] epoch 201 step 158800 avg_loss=0.011
[8279.9s] epoch 201 step 158850 avg_loss=0.011
[8282.4s] epoch 201 step 158900 avg_loss=0.011
[8285.1s] epoch 201 step 158950 avg_loss=0.011
[8287.9s] epoch 201 step 159000 avg_loss=0.011
[8290.6s] epoch 201 step 159050 avg_loss=0.011
[8293.1s] epoch 201 step 159100 avg_loss=0.011
[8295.5s] epoch 201 step 159150 avg_loss=0.011
[8296.9s] === epoch 201 done: avg_loss=0.011 (n=788 derivations) ===
[8298.1s] epoch 202 step 159200 avg_loss=0.006
[8300.6s] epoch 202 step 159250 avg_loss=0.009
[8302.7s] epoch 202 step 159300 avg_loss=0.008
[8305.4s] epoch 202 step 159350 avg_loss=0.009
[8307.8s] epoch 202 step 159400 avg_loss=0.010
[8310.3s] epoch 202 step 159450 avg_loss=0.010
[8312.7s] epoch 202 step 159500 avg_loss=0.010
[8315.3s] epoch 202 step 159550 avg_loss=0.011
[8318.0s] epoch 202 step 159600 avg_loss=0.011
[8320.6s] epoch 202 step 159650 avg_loss=0.011
[8323.1s] epoch 202 step 159700 avg_loss=0.011
[8326.0s] epoch 202 step 159750 avg_loss=0.011
[8328.7s] epoch 202 step 159800 avg_loss=0.011
[8331.2s] epoch 202 step 159850 avg_loss=0.011
[8333.8s] epoch 202 step 159900 avg_loss=0.011
[8336.3s] epoch 202 step 159950 avg_loss=0.011
[8336.9s] === epoch 202 done: avg_loss=0.011 (n=788 derivations) ===
[8339.0s] epoch 203 step 160000 avg_loss=0.009
[8341.8s] epoch 203 step 160050 avg_loss=0.011
[8344.7s] epoch 203 step 160100 avg_loss=0.012
[8347.3s] epoch 203 step 160150 avg_loss=0.012
[8349.7s] epoch 203 step 160200 avg_loss=0.012
[8352.2s] epoch 203 step 160250 avg_loss=0.012
[8354.7s] epoch 203 step 160300 avg_loss=0.011
[8357.0s] epoch 203 step 160350 avg_loss=0.012
[8359.3s] epoch 203 step 160400 avg_loss=0.011
[8361.7s] epoch 203 step 160450 avg_loss=0.011
[8364.0s] epoch 203 step 160500 avg_loss=0.011
[8366.5s] epoch 203 step 160550 avg_loss=0.011
[8369.6s] epoch 203 step 160600 avg_loss=0.011
[8372.1s] epoch 203 step 160650 avg_loss=0.011
[8374.5s] epoch 203 step 160700 avg_loss=0.010
[8377.4s] epoch 203 step 160750 avg_loss=0.010
[8377.6s] === epoch 203 done: avg_loss=0.010 (n=788 derivations) ===
[8380.3s] epoch 204 step 160800 avg_loss=0.011
[8383.2s] epoch 204 step 160850 avg_loss=0.011
[8385.9s] epoch 204 step 160900 avg_loss=0.011
[8388.6s] epoch 204 step 160950 avg_loss=0.010
[8391.5s] epoch 204 step 161000 avg_loss=0.011
[8394.1s] epoch 204 step 161050 avg_loss=0.011
[8396.9s] epoch 204 step 161100 avg_loss=0.011
[8399.2s] epoch 204 step 161150 avg_loss=0.011
[8401.4s] epoch 204 step 161200 avg_loss=0.010
[8403.8s] epoch 204 step 161250 avg_loss=0.010
[8406.5s] epoch 204 step 161300 avg_loss=0.010
[8408.9s] epoch 204 step 161350 avg_loss=0.010
[8411.2s] epoch 204 step 161400 avg_loss=0.010
[8413.7s] epoch 204 step 161450 avg_loss=0.010
[8416.3s] epoch 204 step 161500 avg_loss=0.010
[8418.7s] === epoch 204 done: avg_loss=0.010 (n=788 derivations) ===
[8419.3s] epoch 205 step 161550 avg_loss=0.006
[8422.3s] epoch 205 step 161600 avg_loss=0.012
[8424.9s] epoch 205 step 161650 avg_loss=0.010
[8427.8s] epoch 205 step 161700 avg_loss=0.011
[8430.3s] epoch 205 step 161750 avg_loss=0.011
[8432.9s] epoch 205 step 161800 avg_loss=0.011
[8435.3s] epoch 205 step 161850 avg_loss=0.010
[8437.6s] epoch 205 step 161900 avg_loss=0.010
[8440.6s] epoch 205 step 161950 avg_loss=0.011
[8443.5s] epoch 205 step 162000 avg_loss=0.011
[8446.2s] epoch 205 step 162050 avg_loss=0.011
[8448.9s] epoch 205 step 162100 avg_loss=0.011
[8451.4s] epoch 205 step 162150 avg_loss=0.010
[8454.0s] epoch 205 step 162200 avg_loss=0.011
[8456.4s] epoch 205 step 162250 avg_loss=0.010
[8458.6s] epoch 205 step 162300 avg_loss=0.010
[8460.1s] === epoch 205 done: avg_loss=0.010 (n=788 derivations) ===
[8461.3s] epoch 206 step 162350 avg_loss=0.008
[8464.0s] epoch 206 step 162400 avg_loss=0.008
[8466.9s] epoch 206 step 162450 avg_loss=0.010
[8469.6s] epoch 206 step 162500 avg_loss=0.011
[8472.4s] epoch 206 step 162550 avg_loss=0.010
[8474.6s] epoch 206 step 162600 avg_loss=0.009
[8477.3s] epoch 206 step 162650 avg_loss=0.009
[8480.1s] epoch 206 step 162700 avg_loss=0.009
[8482.5s] epoch 206 step 162750 avg_loss=0.009
[8485.0s] epoch 206 step 162800 avg_loss=0.009
[8487.6s] epoch 206 step 162850 avg_loss=0.010
[8490.2s] epoch 206 step 162900 avg_loss=0.010
[8492.9s] epoch 206 step 162950 avg_loss=0.010
[8495.7s] epoch 206 step 163000 avg_loss=0.010
[8498.2s] epoch 206 step 163050 avg_loss=0.010
[8501.2s] epoch 206 step 163100 avg_loss=0.010
[8502.1s] === epoch 206 done: avg_loss=0.010 (n=788 derivations) ===
[8504.2s] epoch 207 step 163150 avg_loss=0.008
[8507.1s] epoch 207 step 163200 avg_loss=0.009
[8509.8s] epoch 207 step 163250 avg_loss=0.009
[8512.0s] epoch 207 step 163300 avg_loss=0.008
[8514.5s] epoch 207 step 163350 avg_loss=0.008
[8516.9s] epoch 207 step 163400 avg_loss=0.009
[8519.5s] epoch 207 step 163450 avg_loss=0.009
[8522.1s] epoch 207 step 163500 avg_loss=0.009
[8524.7s] epoch 207 step 163550 avg_loss=0.009
[8527.5s] epoch 207 step 163600 avg_loss=0.009
[8530.4s] epoch 207 step 163650 avg_loss=0.009
[8533.2s] epoch 207 step 163700 avg_loss=0.009
[8536.0s] epoch 207 step 163750 avg_loss=0.010
[8538.9s] epoch 207 step 163800 avg_loss=0.010
[8541.3s] epoch 207 step 163850 avg_loss=0.010
[8543.9s] epoch 207 step 163900 avg_loss=0.010
[8544.1s] === epoch 207 done: avg_loss=0.010 (n=788 derivations) ===
[8546.3s] epoch 208 step 163950 avg_loss=0.008
[8549.0s] epoch 208 step 164000 avg_loss=0.009
[8551.4s] epoch 208 step 164050 avg_loss=0.008
[8554.3s] epoch 208 step 164100 avg_loss=0.009
[8557.2s] epoch 208 step 164150 avg_loss=0.009
[8559.5s] epoch 208 step 164200 avg_loss=0.008
[8562.2s] epoch 208 step 164250 avg_loss=0.008
[8564.8s] epoch 208 step 164300 avg_loss=0.009
[8567.5s] epoch 208 step 164350 avg_loss=0.009
[8569.5s] epoch 208 step 164400 avg_loss=0.009
[8572.1s] epoch 208 step 164450 avg_loss=0.009
[8574.4s] epoch 208 step 164500 avg_loss=0.009
[8577.0s] epoch 208 step 164550 avg_loss=0.009
[8579.4s] epoch 208 step 164600 avg_loss=0.009
[8581.9s] epoch 208 step 164650 avg_loss=0.009
[8584.2s] === epoch 208 done: avg_loss=0.010 (n=788 derivations) ===
[8584.6s] epoch 209 step 164700 avg_loss=0.004
[8586.7s] epoch 209 step 164750 avg_loss=0.006
[8589.4s] epoch 209 step 164800 avg_loss=0.007
[8592.2s] epoch 209 step 164850 avg_loss=0.008
[8595.2s] epoch 209 step 164900 avg_loss=0.009
[8598.1s] epoch 209 step 164950 avg_loss=0.009
[8600.7s] epoch 209 step 165000 avg_loss=0.009
[8603.3s] epoch 209 step 165050 avg_loss=0.008
[8606.2s] epoch 209 step 165100 avg_loss=0.009
[8609.2s] epoch 209 step 165150 avg_loss=0.009
[8612.4s] epoch 209 step 165200 avg_loss=0.009
[8614.9s] epoch 209 step 165250 avg_loss=0.009
[8617.6s] epoch 209 step 165300 avg_loss=0.009
[8619.7s] epoch 209 step 165350 avg_loss=0.009
[8622.4s] epoch 209 step 165400 avg_loss=0.009
[8624.8s] epoch 209 step 165450 avg_loss=0.009
[8626.0s] === epoch 209 done: avg_loss=0.009 (n=788 derivations) ===
[8627.1s] epoch 210 step 165500 avg_loss=0.007
[8629.7s] epoch 210 step 165550 avg_loss=0.011
[8632.4s] epoch 210 step 165600 avg_loss=0.010
[8635.3s] epoch 210 step 165650 avg_loss=0.009
[8638.1s] epoch 210 step 165700 avg_loss=0.010
[8641.1s] epoch 210 step 165750 avg_loss=0.010
[8643.8s] epoch 210 step 165800 avg_loss=0.009
[8646.5s] epoch 210 step 165850 avg_loss=0.010
[8648.8s] epoch 210 step 165900 avg_loss=0.010
[8651.4s] epoch 210 step 165950 avg_loss=0.010
[8653.9s] epoch 210 step 166000 avg_loss=0.010
[8656.1s] epoch 210 step 166050 avg_loss=0.010
[8659.0s] epoch 210 step 166100 avg_loss=0.009
[8661.6s] epoch 210 step 166150 avg_loss=0.009
[8664.3s] epoch 210 step 166200 avg_loss=0.009
[8666.8s] epoch 210 step 166250 avg_loss=0.009
[8667.5s] === epoch 210 done: avg_loss=0.009 (n=788 derivations) ===
[8669.1s] epoch 211 step 166300 avg_loss=0.006
[8671.8s] epoch 211 step 166350 avg_loss=0.009
[8674.8s] epoch 211 step 166400 avg_loss=0.010
[8677.7s] epoch 211 step 166450 avg_loss=0.009
[8680.9s] epoch 211 step 166500 avg_loss=0.009
[8684.0s] epoch 211 step 166550 avg_loss=0.009
[8686.8s] epoch 211 step 166600 avg_loss=0.009
[8689.6s] epoch 211 step 166650 avg_loss=0.009
[8691.8s] epoch 211 step 166700 avg_loss=0.009
[8694.4s] epoch 211 step 166750 avg_loss=0.009
[8697.0s] epoch 211 step 166800 avg_loss=0.009
[8699.4s] epoch 211 step 166850 avg_loss=0.009
[8702.0s] epoch 211 step 166900 avg_loss=0.009
[8704.5s] epoch 211 step 166950 avg_loss=0.009
[8707.2s] epoch 211 step 167000 avg_loss=0.009
[8709.7s] epoch 211 step 167050 avg_loss=0.009
[8710.1s] === epoch 211 done: avg_loss=0.009 (n=788 derivations) ===
[8712.1s] epoch 212 step 167100 avg_loss=0.006
[8714.3s] epoch 212 step 167150 avg_loss=0.006
[8716.8s] epoch 212 step 167200 avg_loss=0.008
[8719.7s] epoch 212 step 167250 avg_loss=0.009
[8722.5s] epoch 212 step 167300 avg_loss=0.009
[8725.9s] epoch 212 step 167350 avg_loss=0.010
[8728.7s] epoch 212 step 167400 avg_loss=0.010
[8731.7s] epoch 212 step 167450 avg_loss=0.010
[8734.2s] epoch 212 step 167500 avg_loss=0.009
[8736.5s] epoch 212 step 167550 avg_loss=0.009
[8739.2s] epoch 212 step 167600 avg_loss=0.009
[8741.5s] epoch 212 step 167650 avg_loss=0.009
[8743.9s] epoch 212 step 167700 avg_loss=0.009
[8746.4s] epoch 212 step 167750 avg_loss=0.009
[8748.9s] epoch 212 step 167800 avg_loss=0.009
[8751.3s] === epoch 212 done: avg_loss=0.009 (n=788 derivations) ===
[8751.6s] epoch 213 step 167850 avg_loss=0.006
[8754.3s] epoch 213 step 167900 avg_loss=0.007
[8757.0s] epoch 213 step 167950 avg_loss=0.008
[8759.7s] epoch 213 step 168000 avg_loss=0.008
[8762.5s] epoch 213 step 168050 avg_loss=0.008
[8765.1s] epoch 213 step 168100 avg_loss=0.009
[8767.4s] epoch 213 step 168150 avg_loss=0.009
[8770.2s] epoch 213 step 168200 avg_loss=0.009
[8772.8s] epoch 213 step 168250 avg_loss=0.009
[8775.4s] epoch 213 step 168300 avg_loss=0.009
[8778.2s] epoch 213 step 168350 avg_loss=0.009
[8780.3s] epoch 213 step 168400 avg_loss=0.009
[8783.0s] epoch 213 step 168450 avg_loss=0.009
[8785.5s] epoch 213 step 168500 avg_loss=0.009
[8788.1s] epoch 213 step 168550 avg_loss=0.009
[8790.6s] epoch 213 step 168600 avg_loss=0.009
[8792.5s] === epoch 213 done: avg_loss=0.009 (n=788 derivations) ===
[8793.5s] epoch 214 step 168650 avg_loss=0.007
[8796.4s] epoch 214 step 168700 avg_loss=0.011
[8799.5s] epoch 214 step 168750 avg_loss=0.009
[8802.3s] epoch 214 step 168800 avg_loss=0.009
[8804.8s] epoch 214 step 168850 avg_loss=0.009
[8807.7s] epoch 214 step 168900 avg_loss=0.009
[8810.2s] epoch 214 step 168950 avg_loss=0.009
[8812.2s] epoch 214 step 169000 avg_loss=0.009
[8814.4s] epoch 214 step 169050 avg_loss=0.009
[8816.9s] epoch 214 step 169100 avg_loss=0.009
[8819.8s] epoch 214 step 169150 avg_loss=0.009
[8822.3s] epoch 214 step 169200 avg_loss=0.009
[8825.1s] epoch 214 step 169250 avg_loss=0.009
[8827.8s] epoch 214 step 169300 avg_loss=0.009
[8830.0s] epoch 214 step 169350 avg_loss=0.009
[8832.7s] epoch 214 step 169400 avg_loss=0.009
[8833.6s] === epoch 214 done: avg_loss=0.009 (n=788 derivations) ===
[8835.2s] epoch 215 step 169450 avg_loss=0.015
[8837.7s] epoch 215 step 169500 avg_loss=0.010
[8840.4s] epoch 215 step 169550 avg_loss=0.009
[8843.0s] epoch 215 step 169600 avg_loss=0.009
[8845.6s] epoch 215 step 169650 avg_loss=0.010
[8848.4s] epoch 215 step 169700 avg_loss=0.010
[8851.1s] epoch 215 step 169750 avg_loss=0.010
[8853.8s] epoch 215 step 169800 avg_loss=0.009
[8856.2s] epoch 215 step 169850 avg_loss=0.009
[8858.7s] epoch 215 step 169900 avg_loss=0.009
[8861.3s] epoch 215 step 169950 avg_loss=0.008
[8863.5s] epoch 215 step 170000 avg_loss=0.008
[8866.3s] epoch 215 step 170050 avg_loss=0.008
[8868.5s] epoch 215 step 170100 avg_loss=0.008
[8871.3s] epoch 215 step 170150 avg_loss=0.009
[8873.9s] epoch 215 step 170200 avg_loss=0.008
[8874.3s] === epoch 215 done: avg_loss=0.008 (n=788 derivations) ===
[8876.3s] epoch 216 step 170250 avg_loss=0.007
[8879.0s] epoch 216 step 170300 avg_loss=0.008
[8881.4s] epoch 216 step 170350 avg_loss=0.007
[8884.4s] epoch 216 step 170400 avg_loss=0.009
[8887.2s] epoch 216 step 170450 avg_loss=0.008
[8890.5s] epoch 216 step 170500 avg_loss=0.009
[8893.2s] epoch 216 step 170550 avg_loss=0.009
[8895.7s] epoch 216 step 170600 avg_loss=0.009
[8898.3s] epoch 216 step 170650 avg_loss=0.009
[8900.7s] epoch 216 step 170700 avg_loss=0.009
[8903.3s] epoch 216 step 170750 avg_loss=0.009
[8905.5s] epoch 216 step 170800 avg_loss=0.009
[8907.9s] epoch 216 step 170850 avg_loss=0.008
[8910.5s] epoch 216 step 170900 avg_loss=0.008
[8913.2s] epoch 216 step 170950 avg_loss=0.008
[8915.5s] === epoch 216 done: avg_loss=0.008 (n=788 derivations) ===
[8915.8s] epoch 217 step 171000 avg_loss=0.008
[8918.1s] epoch 217 step 171050 avg_loss=0.006
[8920.6s] epoch 217 step 171100 avg_loss=0.006
[8923.3s] epoch 217 step 171150 avg_loss=0.007
[8925.9s] epoch 217 step 171200 avg_loss=0.008
[8928.6s] epoch 217 step 171250 avg_loss=0.008
[8931.2s] epoch 217 step 171300 avg_loss=0.008
[8934.0s] epoch 217 step 171350 avg_loss=0.009
[8936.7s] epoch 217 step 171400 avg_loss=0.009
[8939.5s] epoch 217 step 171450 avg_loss=0.009
[8941.9s] epoch 217 step 171500 avg_loss=0.009
[8944.8s] epoch 217 step 171550 avg_loss=0.009
[8947.3s] epoch 217 step 171600 avg_loss=0.008
[8949.7s] epoch 217 step 171650 avg_loss=0.008
[8952.0s] epoch 217 step 171700 avg_loss=0.008
[8954.3s] epoch 217 step 171750 avg_loss=0.008
[8956.1s] === epoch 217 done: avg_loss=0.008 (n=788 derivations) ===
[8956.9s] epoch 218 step 171800 avg_loss=0.008
[8959.3s] epoch 218 step 171850 avg_loss=0.007
[8962.0s] epoch 218 step 171900 avg_loss=0.007
[8964.5s] epoch 218 step 171950 avg_loss=0.009
[8967.2s] epoch 218 step 172000 avg_loss=0.009
[8970.0s] epoch 218 step 172050 avg_loss=0.008
[8973.2s] epoch 218 step 172100 avg_loss=0.009
[8976.0s] epoch 218 step 172150 avg_loss=0.009
[8978.8s] epoch 218 step 172200 avg_loss=0.009
[8981.1s] epoch 218 step 172250 avg_loss=0.008
[8983.8s] epoch 218 step 172300 avg_loss=0.008
[8986.4s] epoch 218 step 172350 avg_loss=0.008
[8988.8s] epoch 218 step 172400 avg_loss=0.008
[8991.6s] epoch 218 step 172450 avg_loss=0.008
[8994.2s] epoch 218 step 172500 avg_loss=0.008
[8996.8s] epoch 218 step 172550 avg_loss=0.008
[8998.0s] === epoch 218 done: avg_loss=0.008 (n=788 derivations) ===
[8999.4s] epoch 219 step 172600 avg_loss=0.009
[9002.3s] epoch 219 step 172650 avg_loss=0.010
[9005.0s] epoch 219 step 172700 avg_loss=0.009
[9007.6s] epoch 219 step 172750 avg_loss=0.008
[9009.8s] epoch 219 step 172800 avg_loss=0.008
[9012.8s] epoch 219 step 172850 avg_loss=0.008
[9015.4s] epoch 219 step 172900 avg_loss=0.008
[9017.9s] epoch 219 step 172950 avg_loss=0.008
[9020.3s] epoch 219 step 173000 avg_loss=0.008
[9023.0s] epoch 219 step 173050 avg_loss=0.008
[9025.1s] epoch 219 step 173100 avg_loss=0.008
[9027.5s] epoch 219 step 173150 avg_loss=0.008
[9030.0s] epoch 219 step 173200 avg_loss=0.008
[9032.9s] epoch 219 step 173250 avg_loss=0.008
[9035.2s] epoch 219 step 173300 avg_loss=0.008
[9037.6s] epoch 219 step 173350 avg_loss=0.008
[9038.1s] === epoch 219 done: avg_loss=0.008 (n=788 derivations) ===
[9040.0s] epoch 220 step 173400 avg_loss=0.008
[9042.5s] epoch 220 step 173450 avg_loss=0.009
[9045.2s] epoch 220 step 173500 avg_loss=0.008
[9048.0s] epoch 220 step 173550 avg_loss=0.009
[9050.9s] epoch 220 step 173600 avg_loss=0.009
[9053.6s] epoch 220 step 173650 avg_loss=0.008
[9055.7s] epoch 220 step 173700 avg_loss=0.008
[9058.3s] epoch 220 step 173750 avg_loss=0.008
[9060.9s] epoch 220 step 173800 avg_loss=0.007
[9063.6s] epoch 220 step 173850 avg_loss=0.007
[9066.1s] epoch 220 step 173900 avg_loss=0.008
[9069.2s] epoch 220 step 173950 avg_loss=0.008
[9071.9s] epoch 220 step 174000 avg_loss=0.008
[9074.6s] epoch 220 step 174050 avg_loss=0.008
[9077.2s] epoch 220 step 174100 avg_loss=0.008
[9079.5s] === epoch 220 done: avg_loss=0.008 (n=788 derivations) ===
[9079.5s] epoch 221 step 174150 avg_loss=0.002
[9082.2s] epoch 221 step 174200 avg_loss=0.010
[9084.7s] epoch 221 step 174250 avg_loss=0.009
[9087.0s] epoch 221 step 174300 avg_loss=0.009
[9089.4s] epoch 221 step 174350 avg_loss=0.009
[9092.0s] epoch 221 step 174400 avg_loss=0.009
[9094.4s] epoch 221 step 174450 avg_loss=0.009
[9097.5s] epoch 221 step 174500 avg_loss=0.009
[9100.0s] epoch 221 step 174550 avg_loss=0.008
[9102.9s] epoch 221 step 174600 avg_loss=0.008
[9105.7s] epoch 221 step 174650 avg_loss=0.008
[9108.2s] epoch 221 step 174700 avg_loss=0.008
[9110.3s] epoch 221 step 174750 avg_loss=0.008
[9113.1s] epoch 221 step 174800 avg_loss=0.008
[9115.5s] epoch 221 step 174850 avg_loss=0.008
[9118.1s] epoch 221 step 174900 avg_loss=0.008
[9120.4s] === epoch 221 done: avg_loss=0.008 (n=788 derivations) ===
[9121.4s] epoch 222 step 174950 avg_loss=0.007
[9124.0s] epoch 222 step 175000 avg_loss=0.007
[9126.7s] epoch 222 step 175050 avg_loss=0.007
[9129.5s] epoch 222 step 175100 avg_loss=0.007
[9132.2s] epoch 222 step 175150 avg_loss=0.008
[9134.6s] epoch 222 step 175200 avg_loss=0.008
[9137.5s] epoch 222 step 175250 avg_loss=0.008
[9139.8s] epoch 222 step 175300 avg_loss=0.008
[9142.3s] epoch 222 step 175350 avg_loss=0.008
[9144.8s] epoch 222 step 175400 avg_loss=0.008
[9147.0s] epoch 222 step 175450 avg_loss=0.008
[9149.4s] epoch 222 step 175500 avg_loss=0.007
[9151.9s] epoch 222 step 175550 avg_loss=0.008
[9154.4s] epoch 222 step 175600 avg_loss=0.008
[9156.9s] epoch 222 step 175650 avg_loss=0.008
[9159.5s] epoch 222 step 175700 avg_loss=0.007
[9160.8s] === epoch 222 done: avg_loss=0.008 (n=788 derivations) ===
[9162.1s] epoch 223 step 175750 avg_loss=0.008
[9164.8s] epoch 223 step 175800 avg_loss=0.009
[9167.4s] epoch 223 step 175850 avg_loss=0.009
[9170.3s] epoch 223 step 175900 avg_loss=0.009
[9172.7s] epoch 223 step 175950 avg_loss=0.008
[9175.0s] epoch 223 step 176000 avg_loss=0.009
[9177.8s] epoch 223 step 176050 avg_loss=0.009
[9180.6s] epoch 223 step 176100 avg_loss=0.008
[9183.0s] epoch 223 step 176150 avg_loss=0.008
[9185.7s] epoch 223 step 176200 avg_loss=0.008
[9188.5s] epoch 223 step 176250 avg_loss=0.008
[9191.0s] epoch 223 step 176300 avg_loss=0.008
[9193.7s] epoch 223 step 176350 avg_loss=0.008
[9196.2s] epoch 223 step 176400 avg_loss=0.008
[9198.4s] epoch 223 step 176450 avg_loss=0.008
[9200.8s] epoch 223 step 176500 avg_loss=0.008
[9201.4s] === epoch 223 done: avg_loss=0.007 (n=788 derivations) ===
[9203.1s] epoch 224 step 176550 avg_loss=0.009
[9205.7s] epoch 224 step 176600 avg_loss=0.007
[9208.7s] epoch 224 step 176650 avg_loss=0.008
[9211.6s] epoch 224 step 176700 avg_loss=0.008
[9214.2s] epoch 224 step 176750 avg_loss=0.008
[9216.7s] epoch 224 step 176800 avg_loss=0.008
[9219.2s] epoch 224 step 176850 avg_loss=0.007
[9222.0s] epoch 224 step 176900 avg_loss=0.008
[9224.3s] epoch 224 step 176950 avg_loss=0.007
[9226.9s] epoch 224 step 177000 avg_loss=0.007
[9229.6s] epoch 224 step 177050 avg_loss=0.007
[9232.1s] epoch 224 step 177100 avg_loss=0.007
[9235.3s] epoch 224 step 177150 avg_loss=0.008
[9237.6s] epoch 224 step 177200 avg_loss=0.008
[9239.8s] epoch 224 step 177250 avg_loss=0.007
[9242.4s] epoch 224 step 177300 avg_loss=0.007
[9242.4s] === epoch 224 done: avg_loss=0.007 (n=788 derivations) ===
[9244.8s] epoch 225 step 177350 avg_loss=0.006
[9247.4s] epoch 225 step 177400 avg_loss=0.007
[9250.3s] epoch 225 step 177450 avg_loss=0.008
[9252.8s] epoch 225 step 177500 avg_loss=0.007
[9255.3s] epoch 225 step 177550 avg_loss=0.007
[9257.9s] epoch 225 step 177600 avg_loss=0.007
[9260.5s] epoch 225 step 177650 avg_loss=0.007
[9263.4s] epoch 225 step 177700 avg_loss=0.008
[9265.9s] epoch 225 step 177750 avg_loss=0.008
[9268.4s] epoch 225 step 177800 avg_loss=0.007
[9270.8s] epoch 225 step 177850 avg_loss=0.007
[9273.4s] epoch 225 step 177900 avg_loss=0.007
[9276.0s] epoch 225 step 177950 avg_loss=0.008
[9278.5s] epoch 225 step 178000 avg_loss=0.007
[9280.8s] epoch 225 step 178050 avg_loss=0.007
[9282.6s] === epoch 225 done: avg_loss=0.007 (n=788 derivations) ===
[9283.1s] epoch 226 step 178100 avg_loss=0.004
[9285.7s] epoch 226 step 178150 avg_loss=0.007
[9288.0s] epoch 226 step 178200 avg_loss=0.006
[9290.7s] epoch 226 step 178250 avg_loss=0.008
[9293.2s] epoch 226 step 178300 avg_loss=0.007
[9295.6s] epoch 226 step 178350 avg_loss=0.007
[9298.0s] epoch 226 step 178400 avg_loss=0.007
[9300.4s] epoch 226 step 178450 avg_loss=0.007
[9302.6s] epoch 226 step 178500 avg_loss=0.007
[9305.1s] epoch 226 step 178550 avg_loss=0.007
[9307.6s] epoch 226 step 178600 avg_loss=0.007
[9309.9s] epoch 226 step 178650 avg_loss=0.007
[9312.5s] epoch 226 step 178700 avg_loss=0.007
[9314.9s] epoch 226 step 178750 avg_loss=0.007
[9317.7s] epoch 226 step 178800 avg_loss=0.007
[9320.1s] epoch 226 step 178850 avg_loss=0.007
[9321.6s] === epoch 226 done: avg_loss=0.007 (n=788 derivations) ===
[9322.7s] epoch 227 step 178900 avg_loss=0.005
[9325.2s] epoch 227 step 178950 avg_loss=0.006
[9327.5s] epoch 227 step 179000 avg_loss=0.006
[9330.1s] epoch 227 step 179050 avg_loss=0.007
[9332.6s] epoch 227 step 179100 avg_loss=0.007
[9334.9s] epoch 227 step 179150 avg_loss=0.006
[9337.3s] epoch 227 step 179200 avg_loss=0.006
[9339.5s] epoch 227 step 179250 avg_loss=0.006
[9342.4s] epoch 227 step 179300 avg_loss=0.006
[9345.8s] epoch 227 step 179350 avg_loss=0.006
[9348.4s] epoch 227 step 179400 avg_loss=0.006
[9351.0s] epoch 227 step 179450 avg_loss=0.006
[9353.9s] epoch 227 step 179500 avg_loss=0.007
[9356.1s] epoch 227 step 179550 avg_loss=0.006
[9359.0s] epoch 227 step 179600 avg_loss=0.007
[9361.7s] epoch 227 step 179650 avg_loss=0.007
[9362.8s] === epoch 227 done: avg_loss=0.007 (n=788 derivations) ===
[9364.9s] epoch 228 step 179700 avg_loss=0.007
[9367.5s] epoch 228 step 179750 avg_loss=0.007
[9370.1s] epoch 228 step 179800 avg_loss=0.008
[9373.1s] epoch 228 step 179850 avg_loss=0.008
[9375.7s] epoch 228 step 179900 avg_loss=0.008
[9378.3s] epoch 228 step 179950 avg_loss=0.009
[9380.5s] epoch 228 step 180000 avg_loss=0.008
[9383.2s] epoch 228 step 180050 avg_loss=0.008
[9385.8s] epoch 228 step 180100 avg_loss=0.008
[9388.5s] epoch 228 step 180150 avg_loss=0.008
[9391.4s] epoch 228 step 180200 avg_loss=0.007
[9394.0s] epoch 228 step 180250 avg_loss=0.007
[9397.1s] epoch 228 step 180300 avg_loss=0.007
[9400.1s] epoch 228 step 180350 avg_loss=0.007
[9402.9s] epoch 228 step 180400 avg_loss=0.007
[9405.4s] epoch 228 step 180450 avg_loss=0.007
[9405.5s] === epoch 228 done: avg_loss=0.007 (n=788 derivations) ===
[9407.9s] epoch 229 step 180500 avg_loss=0.010
[9410.2s] epoch 229 step 180550 avg_loss=0.008
[9412.8s] epoch 229 step 180600 avg_loss=0.009
[9415.3s] epoch 229 step 180650 avg_loss=0.008
[9417.6s] epoch 229 step 180700 avg_loss=0.008
[9420.2s] epoch 229 step 180750 avg_loss=0.007
[9422.4s] epoch 229 step 180800 avg_loss=0.007
[9425.0s] epoch 229 step 180850 avg_loss=0.007
[9427.4s] epoch 229 step 180900 avg_loss=0.007
[9429.9s] epoch 229 step 180950 avg_loss=0.007
[9432.2s] epoch 229 step 181000 avg_loss=0.007
[9434.7s] epoch 229 step 181050 avg_loss=0.007
[9437.2s] epoch 229 step 181100 avg_loss=0.007
[9439.6s] epoch 229 step 181150 avg_loss=0.007
[9442.1s] epoch 229 step 181200 avg_loss=0.007
[9444.1s] === epoch 229 done: avg_loss=0.007 (n=788 derivations) ===
[9444.6s] epoch 230 step 181250 avg_loss=0.006
[9447.0s] epoch 230 step 181300 avg_loss=0.006
[9449.7s] epoch 230 step 181350 avg_loss=0.008
[9452.4s] epoch 230 step 181400 avg_loss=0.008
[9455.2s] epoch 230 step 181450 avg_loss=0.008
[9457.7s] epoch 230 step 181500 avg_loss=0.008
[9460.1s] epoch 230 step 181550 avg_loss=0.008
[9462.5s] epoch 230 step 181600 avg_loss=0.007
[9465.0s] epoch 230 step 181650 avg_loss=0.007
[9467.2s] epoch 230 step 181700 avg_loss=0.007
[9469.8s] epoch 230 step 181750 avg_loss=0.007
[9472.7s] epoch 230 step 181800 avg_loss=0.007
[9475.1s] epoch 230 step 181850 avg_loss=0.007
[9477.6s] epoch 230 step 181900 avg_loss=0.007
[9480.3s] epoch 230 step 181950 avg_loss=0.007
[9483.2s] epoch 230 step 182000 avg_loss=0.007
[9484.9s] === epoch 230 done: avg_loss=0.007 (n=788 derivations) ===
[9485.9s] epoch 231 step 182050 avg_loss=0.005
[9488.3s] epoch 231 step 182100 avg_loss=0.007
[9490.9s] epoch 231 step 182150 avg_loss=0.007
[9493.3s] epoch 231 step 182200 avg_loss=0.007
[9496.0s] epoch 231 step 182250 avg_loss=0.007
[9498.5s] epoch 231 step 182300 avg_loss=0.007
[9501.4s] epoch 231 step 182350 avg_loss=0.007
[9503.9s] epoch 231 step 182400 avg_loss=0.007
[9506.6s] epoch 231 step 182450 avg_loss=0.007
[9509.1s] epoch 231 step 182500 avg_loss=0.007
[9511.6s] epoch 231 step 182550 avg_loss=0.007
[9514.2s] epoch 231 step 182600 avg_loss=0.007
[9516.4s] epoch 231 step 182650 avg_loss=0.006
[9519.2s] epoch 231 step 182700 avg_loss=0.007
[9521.8s] epoch 231 step 182750 avg_loss=0.007
[9524.8s] epoch 231 step 182800 avg_loss=0.007
[9525.9s] === epoch 231 done: avg_loss=0.007 (n=788 derivations) ===
[9528.3s] epoch 232 step 182850 avg_loss=0.008
[9531.0s] epoch 232 step 182900 avg_loss=0.006
[9533.8s] epoch 232 step 182950 avg_loss=0.007
[9536.6s] epoch 232 step 183000 avg_loss=0.008
[9539.2s] epoch 232 step 183050 avg_loss=0.007
[9542.2s] epoch 232 step 183100 avg_loss=0.007
[9545.1s] epoch 232 step 183150 avg_loss=0.007
[9548.0s] epoch 232 step 183200 avg_loss=0.007
[9550.6s] epoch 232 step 183250 avg_loss=0.007
[9553.3s] epoch 232 step 183300 avg_loss=0.007
[9555.8s] epoch 232 step 183350 avg_loss=0.007
[9558.0s] epoch 232 step 183400 avg_loss=0.007
[9560.3s] epoch 232 step 183450 avg_loss=0.007
[9563.3s] epoch 232 step 183500 avg_loss=0.007
[9566.0s] epoch 232 step 183550 avg_loss=0.007
[9568.8s] epoch 232 step 183600 avg_loss=0.007
[9568.9s] === epoch 232 done: avg_loss=0.007 (n=788 derivations) ===
[9571.2s] epoch 233 step 183650 avg_loss=0.007
[9573.9s] epoch 233 step 183700 avg_loss=0.008
[9576.5s] epoch 233 step 183750 avg_loss=0.007
[9579.0s] epoch 233 step 183800 avg_loss=0.007
[9581.5s] epoch 233 step 183850 avg_loss=0.006
[9584.2s] epoch 233 step 183900 avg_loss=0.007
[9587.0s] epoch 233 step 183950 avg_loss=0.006
[9589.5s] epoch 233 step 184000 avg_loss=0.006
[9592.1s] epoch 233 step 184050 avg_loss=0.006
[9594.5s] epoch 233 step 184100 avg_loss=0.006
[9597.1s] epoch 233 step 184150 avg_loss=0.006
[9599.7s] epoch 233 step 184200 avg_loss=0.007
[9602.3s] epoch 233 step 184250 avg_loss=0.007
[9605.0s] epoch 233 step 184300 avg_loss=0.007
[9607.3s] epoch 233 step 184350 avg_loss=0.007
[9609.7s] === epoch 233 done: avg_loss=0.006 (n=788 derivations) ===
[9610.1s] epoch 234 step 184400 avg_loss=0.003
[9612.5s] epoch 234 step 184450 avg_loss=0.005
[9615.0s] epoch 234 step 184500 avg_loss=0.005
[9617.3s] epoch 234 step 184550 avg_loss=0.005
[9619.9s] epoch 234 step 184600 avg_loss=0.006
[9623.0s] epoch 234 step 184650 avg_loss=0.006
[9625.3s] epoch 234 step 184700 avg_loss=0.006
[9627.8s] epoch 234 step 184750 avg_loss=0.006
[9630.1s] epoch 234 step 184800 avg_loss=0.006
[9632.9s] epoch 234 step 184850 avg_loss=0.006
[9635.5s] epoch 234 step 184900 avg_loss=0.006
[9638.1s] epoch 234 step 184950 avg_loss=0.006
[9640.7s] epoch 234 step 185000 avg_loss=0.007
[9643.0s] epoch 234 step 185050 avg_loss=0.006
[9645.2s] epoch 234 step 185100 avg_loss=0.006
[9647.7s] epoch 234 step 185150 avg_loss=0.006
[9649.0s] === epoch 234 done: avg_loss=0.006 (n=788 derivations) ===
[9649.9s] epoch 235 step 185200 avg_loss=0.005
[9652.5s] epoch 235 step 185250 avg_loss=0.006
[9655.4s] epoch 235 step 185300 avg_loss=0.007
[9658.0s] epoch 235 step 185350 avg_loss=0.007
[9660.5s] epoch 235 step 185400 avg_loss=0.007
[9663.0s] epoch 235 step 185450 avg_loss=0.007
[9665.4s] epoch 235 step 185500 avg_loss=0.007
[9668.0s] epoch 235 step 185550 avg_loss=0.007
[9670.4s] epoch 235 step 185600 avg_loss=0.007
[9672.6s] epoch 235 step 185650 avg_loss=0.007
[9675.6s] epoch 235 step 185700 avg_loss=0.007
[9678.1s] epoch 235 step 185750 avg_loss=0.007
[9680.7s] epoch 235 step 185800 avg_loss=0.006
[9683.7s] epoch 235 step 185850 avg_loss=0.007
[9686.3s] epoch 235 step 185900 avg_loss=0.006
[9688.9s] epoch 235 step 185950 avg_loss=0.006
[9689.7s] === epoch 235 done: avg_loss=0.006 (n=788 derivations) ===
[9691.5s] epoch 236 step 186000 avg_loss=0.005
[9694.6s] epoch 236 step 186050 avg_loss=0.006
[9697.7s] epoch 236 step 186100 avg_loss=0.006
[9700.2s] epoch 236 step 186150 avg_loss=0.006
[9703.2s] epoch 236 step 186200 avg_loss=0.006
[9705.9s] epoch 236 step 186250 avg_loss=0.006
[9708.4s] epoch 236 step 186300 avg_loss=0.006
[9711.6s] epoch 236 step 186350 avg_loss=0.006
[9714.4s] epoch 236 step 186400 avg_loss=0.006
[9717.2s] epoch 236 step 186450 avg_loss=0.006
[9720.0s] epoch 236 step 186500 avg_loss=0.006
[9722.8s] epoch 236 step 186550 avg_loss=0.006
[9725.5s] epoch 236 step 186600 avg_loss=0.006
[9728.0s] epoch 236 step 186650 avg_loss=0.006
[9730.4s] epoch 236 step 186700 avg_loss=0.006
[9732.9s] epoch 236 step 186750 avg_loss=0.006
[9733.3s] === epoch 236 done: avg_loss=0.006 (n=788 derivations) ===
[9735.4s] epoch 237 step 186800 avg_loss=0.005
[9737.9s] epoch 237 step 186850 avg_loss=0.006
[9740.4s] epoch 237 step 186900 avg_loss=0.006
[9742.9s] epoch 237 step 186950 avg_loss=0.006
[9745.4s] epoch 237 step 187000 avg_loss=0.006
[9748.1s] epoch 237 step 187050 avg_loss=0.006
[9750.7s] epoch 237 step 187100 avg_loss=0.006
[9753.3s] epoch 237 step 187150 avg_loss=0.006
[9755.6s] epoch 237 step 187200 avg_loss=0.006
[9758.0s] epoch 237 step 187250 avg_loss=0.006
[9760.9s] epoch 237 step 187300 avg_loss=0.006
[9763.4s] epoch 237 step 187350 avg_loss=0.006
[9766.9s] epoch 237 step 187400 avg_loss=0.006
[9770.1s] epoch 237 step 187450 avg_loss=0.006
[9772.7s] epoch 237 step 187500 avg_loss=0.006
[9774.6s] === epoch 237 done: avg_loss=0.006 (n=788 derivations) ===
[9774.9s] epoch 238 step 187550 avg_loss=0.003
[9777.8s] epoch 238 step 187600 avg_loss=0.005
[9780.2s] epoch 238 step 187650 avg_loss=0.006
[9782.7s] epoch 238 step 187700 avg_loss=0.005
[9785.4s] epoch 238 step 187750 avg_loss=0.005
[9788.0s] epoch 238 step 187800 avg_loss=0.005
[9790.5s] epoch 238 step 187850 avg_loss=0.005
[9793.5s] epoch 238 step 187900 avg_loss=0.006
[9796.2s] epoch 238 step 187950 avg_loss=0.006
[9798.6s] epoch 238 step 188000 avg_loss=0.006
[9801.3s] epoch 238 step 188050 avg_loss=0.006
[9803.8s] epoch 238 step 188100 avg_loss=0.006
[9806.2s] epoch 238 step 188150 avg_loss=0.006
[9808.5s] epoch 238 step 188200 avg_loss=0.006
[9810.9s] epoch 238 step 188250 avg_loss=0.006
[9813.4s] epoch 238 step 188300 avg_loss=0.006
[9814.9s] === epoch 238 done: avg_loss=0.006 (n=788 derivations) ===
[9815.7s] epoch 239 step 188350 avg_loss=0.009
[9818.1s] epoch 239 step 188400 avg_loss=0.007
[9820.9s] epoch 239 step 188450 avg_loss=0.007
[9823.1s] epoch 239 step 188500 avg_loss=0.006
[9825.8s] epoch 239 step 188550 avg_loss=0.007
[9828.4s] epoch 239 step 188600 avg_loss=0.007
[9830.9s] epoch 239 step 188650 avg_loss=0.007
[9833.3s] epoch 239 step 188700 avg_loss=0.006
[9835.8s] epoch 239 step 188750 avg_loss=0.006
[9838.3s] epoch 239 step 188800 avg_loss=0.006
[9840.9s] epoch 239 step 188850 avg_loss=0.006
[9843.4s] epoch 239 step 188900 avg_loss=0.006
[9845.9s] epoch 239 step 188950 avg_loss=0.006
[9848.8s] epoch 239 step 189000 avg_loss=0.006
[9851.1s] epoch 239 step 189050 avg_loss=0.006
[9853.6s] epoch 239 step 189100 avg_loss=0.006
[9854.5s] === epoch 239 done: avg_loss=0.006 (n=788 derivations) ===
[9855.9s] epoch 240 step 189150 avg_loss=0.009
[9858.8s] epoch 240 step 189200 avg_loss=0.007
[9861.3s] epoch 240 step 189250 avg_loss=0.006
[9863.9s] epoch 240 step 189300 avg_loss=0.006
[9866.4s] epoch 240 step 189350 avg_loss=0.006
[9869.3s] epoch 240 step 189400 avg_loss=0.006
[9872.0s] epoch 240 step 189450 avg_loss=0.006
[9874.6s] epoch 240 step 189500 avg_loss=0.006
[9877.2s] epoch 240 step 189550 avg_loss=0.006
[9879.7s] epoch 240 step 189600 avg_loss=0.006
[9883.0s] epoch 240 step 189650 avg_loss=0.006
[9885.8s] epoch 240 step 189700 avg_loss=0.006
[9888.6s] epoch 240 step 189750 avg_loss=0.006
[9891.6s] epoch 240 step 189800 avg_loss=0.006
[9894.4s] epoch 240 step 189850 avg_loss=0.006
[9897.1s] epoch 240 step 189900 avg_loss=0.006
[9897.6s] === epoch 240 done: avg_loss=0.006 (n=788 derivations) ===
[9900.0s] epoch 241 step 189950 avg_loss=0.006
[9902.7s] epoch 241 step 190000 avg_loss=0.005
[9905.4s] epoch 241 step 190050 avg_loss=0.006
[9908.1s] epoch 241 step 190100 avg_loss=0.006
[9911.2s] epoch 241 step 190150 avg_loss=0.005
[9914.4s] epoch 241 step 190200 avg_loss=0.005
[9917.8s] epoch 241 step 190250 avg_loss=0.006
[9921.0s] epoch 241 step 190300 avg_loss=0.006
[9923.8s] epoch 241 step 190350 avg_loss=0.005
[9927.3s] epoch 241 step 190400 avg_loss=0.006
[9930.0s] epoch 241 step 190450 avg_loss=0.006
[9932.8s] epoch 241 step 190500 avg_loss=0.005
[9935.3s] epoch 241 step 190550 avg_loss=0.005
[9938.2s] epoch 241 step 190600 avg_loss=0.005
[9940.8s] epoch 241 step 190650 avg_loss=0.006
[9943.2s] === epoch 241 done: avg_loss=0.006 (n=788 derivations) ===
[9943.3s] epoch 242 step 190700 avg_loss=0.001
[9946.4s] epoch 242 step 190750 avg_loss=0.005
[9949.3s] epoch 242 step 190800 avg_loss=0.005
[9952.4s] epoch 242 step 190850 avg_loss=0.006
[9955.3s] epoch 242 step 190900 avg_loss=0.005
[9958.1s] epoch 242 step 190950 avg_loss=0.005
[9960.8s] epoch 242 step 191000 avg_loss=0.005
[9963.3s] epoch 242 step 191050 avg_loss=0.005
[9966.1s] epoch 242 step 191100 avg_loss=0.005
[9969.0s] epoch 242 step 191150 avg_loss=0.006
[9971.7s] epoch 242 step 191200 avg_loss=0.005
[9974.3s] epoch 242 step 191250 avg_loss=0.005
[9976.8s] epoch 242 step 191300 avg_loss=0.006
[9979.4s] epoch 242 step 191350 avg_loss=0.006
[9982.0s] epoch 242 step 191400 avg_loss=0.006
[9984.7s] epoch 242 step 191450 avg_loss=0.006
[9986.5s] === epoch 242 done: avg_loss=0.006 (n=788 derivations) ===
[9987.0s] epoch 243 step 191500 avg_loss=0.003
[9989.5s] epoch 243 step 191550 avg_loss=0.005
[9992.0s] epoch 243 step 191600 avg_loss=0.005
[9994.7s] epoch 243 step 191650 avg_loss=0.005
[9997.2s] epoch 243 step 191700 avg_loss=0.005
[10000.0s] epoch 243 step 191750 avg_loss=0.005
[10002.6s] epoch 243 step 191800 avg_loss=0.005
[10005.2s] epoch 243 step 191850 avg_loss=0.005
[10008.0s] epoch 243 step 191900 avg_loss=0.005
[10010.8s] epoch 243 step 191950 avg_loss=0.005
[10013.5s] epoch 243 step 192000 avg_loss=0.005
[10016.2s] epoch 243 step 192050 avg_loss=0.005
[10019.3s] epoch 243 step 192100 avg_loss=0.005
[10022.0s] epoch 243 step 192150 avg_loss=0.005
[10024.6s] epoch 243 step 192200 avg_loss=0.005
[10027.4s] epoch 243 step 192250 avg_loss=0.006
[10028.4s] === epoch 243 done: avg_loss=0.006 (n=788 derivations) ===
[10029.6s] epoch 244 step 192300 avg_loss=0.005
[10032.4s] epoch 244 step 192350 avg_loss=0.005
[10035.3s] epoch 244 step 192400 avg_loss=0.005
[10038.0s] epoch 244 step 192450 avg_loss=0.005
[10040.7s] epoch 244 step 192500 avg_loss=0.005
[10043.7s] epoch 244 step 192550 avg_loss=0.006
[10046.3s] epoch 244 step 192600 avg_loss=0.006
[10048.9s] epoch 244 step 192650 avg_loss=0.005
[10051.5s] epoch 244 step 192700 avg_loss=0.005
[10054.0s] epoch 244 step 192750 avg_loss=0.005
[10056.3s] epoch 244 step 192800 avg_loss=0.005
[10058.8s] epoch 244 step 192850 avg_loss=0.005
[10061.3s] epoch 244 step 192900 avg_loss=0.005
[10063.9s] epoch 244 step 192950 avg_loss=0.005
[10066.8s] epoch 244 step 193000 avg_loss=0.006
[10069.2s] epoch 244 step 193050 avg_loss=0.005
[10069.7s] === epoch 244 done: avg_loss=0.005 (n=788 derivations) ===
[10071.9s] epoch 245 step 193100 avg_loss=0.005
[10074.1s] epoch 245 step 193150 avg_loss=0.004
[10076.5s] epoch 245 step 193200 avg_loss=0.005
[10079.0s] epoch 245 step 193250 avg_loss=0.005
[10081.5s] epoch 245 step 193300 avg_loss=0.005
[10084.0s] epoch 245 step 193350 avg_loss=0.005
[10086.2s] epoch 245 step 193400 avg_loss=0.005
[10088.7s] epoch 245 step 193450 avg_loss=0.005
[10091.2s] epoch 245 step 193500 avg_loss=0.005
[10094.0s] epoch 245 step 193550 avg_loss=0.005
[10096.8s] epoch 245 step 193600 avg_loss=0.005
[10099.5s] epoch 245 step 193650 avg_loss=0.005
[10101.7s] epoch 245 step 193700 avg_loss=0.005
[10104.4s] epoch 245 step 193750 avg_loss=0.005
[10107.1s] epoch 245 step 193800 avg_loss=0.005
[10109.7s] === epoch 245 done: avg_loss=0.005 (n=788 derivations) ===
[10109.7s] epoch 246 step 193850 avg_loss=0.003
[10112.2s] epoch 246 step 193900 avg_loss=0.005
[10115.0s] epoch 246 step 193950 avg_loss=0.005
[10117.5s] epoch 246 step 194000 avg_loss=0.006
[10120.3s] epoch 246 step 194050 avg_loss=0.006
[10122.9s] epoch 246 step 194100 avg_loss=0.006
[10125.6s] epoch 246 step 194150 avg_loss=0.006
[10128.7s] epoch 246 step 194200 avg_loss=0.006
[10131.3s] epoch 246 step 194250 avg_loss=0.006
[10134.0s] epoch 246 step 194300 avg_loss=0.006
[10136.6s] epoch 246 step 194350 avg_loss=0.006
[10139.6s] epoch 246 step 194400 avg_loss=0.006
[10142.1s] epoch 246 step 194450 avg_loss=0.006
[10144.6s] epoch 246 step 194500 avg_loss=0.006
[10146.9s] epoch 246 step 194550 avg_loss=0.006
[10149.4s] epoch 246 step 194600 avg_loss=0.005
[10150.9s] === epoch 246 done: avg_loss=0.005 (n=788 derivations) ===
[10151.6s] epoch 247 step 194650 avg_loss=0.005
[10154.1s] epoch 247 step 194700 avg_loss=0.005
[10156.8s] epoch 247 step 194750 avg_loss=0.006
[10159.6s] epoch 247 step 194800 avg_loss=0.005
[10162.5s] epoch 247 step 194850 avg_loss=0.005
[10165.5s] epoch 247 step 194900 avg_loss=0.005
[10168.4s] epoch 247 step 194950 avg_loss=0.005
[10171.6s] epoch 247 step 195000 avg_loss=0.005
[10174.3s] epoch 247 step 195050 avg_loss=0.005
[10176.7s] epoch 247 step 195100 avg_loss=0.006
[10179.2s] epoch 247 step 195150 avg_loss=0.006
[10181.7s] epoch 247 step 195200 avg_loss=0.006
[10184.6s] epoch 247 step 195250 avg_loss=0.005
[10187.1s] epoch 247 step 195300 avg_loss=0.005
[10189.8s] epoch 247 step 195350 avg_loss=0.005
[10192.2s] epoch 247 step 195400 avg_loss=0.005
[10193.3s] === epoch 247 done: avg_loss=0.005 (n=788 derivations) ===
[10194.6s] epoch 248 step 195450 avg_loss=0.006
[10197.2s] epoch 248 step 195500 avg_loss=0.005
[10200.2s] epoch 248 step 195550 avg_loss=0.006
[10203.2s] epoch 248 step 195600 avg_loss=0.006
[10205.7s] epoch 248 step 195650 avg_loss=0.006
[10208.5s] epoch 248 step 195700 avg_loss=0.006
[10211.0s] epoch 248 step 195750 avg_loss=0.005
[10213.4s] epoch 248 step 195800 avg_loss=0.005
[10215.8s] epoch 248 step 195850 avg_loss=0.005
[10218.5s] epoch 248 step 195900 avg_loss=0.005
[10220.9s] epoch 248 step 195950 avg_loss=0.005
[10223.8s] epoch 248 step 196000 avg_loss=0.005
[10226.9s] epoch 248 step 196050 avg_loss=0.005
[10229.7s] epoch 248 step 196100 avg_loss=0.005
[10232.5s] epoch 248 step 196150 avg_loss=0.005
[10235.6s] epoch 248 step 196200 avg_loss=0.005
[10236.3s] === epoch 248 done: avg_loss=0.005 (n=788 derivations) ===
[10238.8s] epoch 249 step 196250 avg_loss=0.005
[10241.7s] epoch 249 step 196300 avg_loss=0.005
[10244.5s] epoch 249 step 196350 avg_loss=0.005
[10247.1s] epoch 249 step 196400 avg_loss=0.005
[10249.9s] epoch 249 step 196450 avg_loss=0.005
[10252.6s] epoch 249 step 196500 avg_loss=0.005
[10255.3s] epoch 249 step 196550 avg_loss=0.006
[10257.7s] epoch 249 step 196600 avg_loss=0.005
[10260.5s] epoch 249 step 196650 avg_loss=0.005
[10263.2s] epoch 249 step 196700 avg_loss=0.005
[10265.2s] epoch 249 step 196750 avg_loss=0.005
[10267.4s] epoch 249 step 196800 avg_loss=0.005
[10269.6s] epoch 249 step 196850 avg_loss=0.005
[10272.4s] epoch 249 step 196900 avg_loss=0.005
[10275.0s] epoch 249 step 196950 avg_loss=0.005
[10277.8s] epoch 249 step 197000 avg_loss=0.005
[10277.8s] === epoch 249 done: avg_loss=0.005 (n=788 derivations) ===
[10280.5s] epoch 250 step 197050 avg_loss=0.005
[10282.9s] epoch 250 step 197100 avg_loss=0.005
[10285.9s] epoch 250 step 197150 avg_loss=0.006
[10288.1s] epoch 250 step 197200 avg_loss=0.005
[10290.4s] epoch 250 step 197250 avg_loss=0.005
[10292.7s] epoch 250 step 197300 avg_loss=0.005
[10295.4s] epoch 250 step 197350 avg_loss=0.005
[10298.1s] epoch 250 step 197400 avg_loss=0.005
[10301.0s] epoch 250 step 197450 avg_loss=0.005
[10303.5s] epoch 250 step 197500 avg_loss=0.005
[10306.4s] epoch 250 step 197550 avg_loss=0.005
[10309.2s] epoch 250 step 197600 avg_loss=0.005
[10311.7s] epoch 250 step 197650 avg_loss=0.005
[10314.1s] epoch 250 step 197700 avg_loss=0.005
[10316.5s] epoch 250 step 197750 avg_loss=0.005
[10318.6s] === epoch 250 done: avg_loss=0.005 (n=788 derivations) ===
[10319.4s] epoch 251 step 197800 avg_loss=0.005
[10321.9s] epoch 251 step 197850 avg_loss=0.004
[10324.3s] epoch 251 step 197900 avg_loss=0.004
[10326.8s] epoch 251 step 197950 avg_loss=0.004
[10329.4s] epoch 251 step 198000 avg_loss=0.004
[10332.3s] epoch 251 step 198050 avg_loss=0.005
[10334.7s] epoch 251 step 198100 avg_loss=0.005
[10337.6s] epoch 251 step 198150 avg_loss=0.005
[10340.3s] epoch 251 step 198200 avg_loss=0.005
[10342.6s] epoch 251 step 198250 avg_loss=0.005
[10345.1s] epoch 251 step 198300 avg_loss=0.005
[10347.2s] epoch 251 step 198350 avg_loss=0.005
[10349.6s] epoch 251 step 198400 avg_loss=0.005
[10352.3s] epoch 251 step 198450 avg_loss=0.005
[10354.8s] epoch 251 step 198500 avg_loss=0.005
[10357.5s] epoch 251 step 198550 avg_loss=0.005
[10359.0s] === epoch 251 done: avg_loss=0.005 (n=788 derivations) ===
[10360.1s] epoch 252 step 198600 avg_loss=0.003
[10362.4s] epoch 252 step 198650 avg_loss=0.004
[10364.9s] epoch 252 step 198700 avg_loss=0.005
[10367.5s] epoch 252 step 198750 avg_loss=0.004
[10370.2s] epoch 252 step 198800 avg_loss=0.004
[10373.2s] epoch 252 step 198850 avg_loss=0.004
[10376.0s] epoch 252 step 198900 avg_loss=0.005
[10378.7s] epoch 252 step 198950 avg_loss=0.005
[10381.6s] epoch 252 step 199000 avg_loss=0.005
[10384.3s] epoch 252 step 199050 avg_loss=0.005
[10386.7s] epoch 252 step 199100 avg_loss=0.005
[10389.2s] epoch 252 step 199150 avg_loss=0.005
[10391.8s] epoch 252 step 199200 avg_loss=0.005
[10394.4s] epoch 252 step 199250 avg_loss=0.005
[10397.2s] epoch 252 step 199300 avg_loss=0.005
[10399.9s] epoch 252 step 199350 avg_loss=0.005
[10400.8s] === epoch 252 done: avg_loss=0.005 (n=788 derivations) ===
[10402.6s] epoch 253 step 199400 avg_loss=0.005
[10405.3s] epoch 253 step 199450 avg_loss=0.005
[10407.7s] epoch 253 step 199500 avg_loss=0.004
[10410.7s] epoch 253 step 199550 avg_loss=0.004
[10413.2s] epoch 253 step 199600 avg_loss=0.004
[10415.9s] epoch 253 step 199650 avg_loss=0.004
[10418.2s] epoch 253 step 199700 avg_loss=0.004
[10420.6s] epoch 253 step 199750 avg_loss=0.004
[10423.2s] epoch 253 step 199800 avg_loss=0.005
[10425.4s] epoch 253 step 199850 avg_loss=0.005
[10427.9s] epoch 253 step 199900 avg_loss=0.005
[10430.1s] epoch 253 step 199950 avg_loss=0.005
[10432.7s] epoch 253 step 200000 avg_loss=0.005
[10435.6s] epoch 253 step 200050 avg_loss=0.005
[10438.3s] epoch 253 step 200100 avg_loss=0.005
[10441.3s] epoch 253 step 200150 avg_loss=0.005
[10441.4s] === epoch 253 done: avg_loss=0.005 (n=788 derivations) ===
[10443.9s] epoch 254 step 200200 avg_loss=0.006
[10446.2s] epoch 254 step 200250 avg_loss=0.005
[10448.7s] epoch 254 step 200300 avg_loss=0.005
[10451.6s] epoch 254 step 200350 avg_loss=0.005
[10454.3s] epoch 254 step 200400 avg_loss=0.005
[10456.8s] epoch 254 step 200450 avg_loss=0.005
[10459.3s] epoch 254 step 200500 avg_loss=0.005
[10461.8s] epoch 254 step 200550 avg_loss=0.005
[10464.3s] epoch 254 step 200600 avg_loss=0.005
[10467.2s] epoch 254 step 200650 avg_loss=0.005
[10469.9s] epoch 254 step 200700 avg_loss=0.005
[10472.3s] epoch 254 step 200750 avg_loss=0.005
[10474.7s] epoch 254 step 200800 avg_loss=0.005
[10477.0s] epoch 254 step 200850 avg_loss=0.005
[10479.4s] epoch 254 step 200900 avg_loss=0.005
[10481.4s] === epoch 254 done: avg_loss=0.005 (n=788 derivations) ===
[10481.9s] epoch 255 step 200950 avg_loss=0.004
[10484.3s] epoch 255 step 201000 avg_loss=0.003
[10486.7s] epoch 255 step 201050 avg_loss=0.004
[10489.0s] epoch 255 step 201100 avg_loss=0.004
[10491.4s] epoch 255 step 201150 avg_loss=0.004
[10493.9s] epoch 255 step 201200 avg_loss=0.004
[10496.2s] epoch 255 step 201250 avg_loss=0.004
[10498.5s] epoch 255 step 201300 avg_loss=0.004
[10500.8s] epoch 255 step 201350 avg_loss=0.004
[10503.1s] epoch 255 step 201400 avg_loss=0.004
[10505.6s] epoch 255 step 201450 avg_loss=0.004
[10508.1s] epoch 255 step 201500 avg_loss=0.004
[10510.8s] epoch 255 step 201550 avg_loss=0.005
[10513.5s] epoch 255 step 201600 avg_loss=0.004
[10516.5s] epoch 255 step 201650 avg_loss=0.005
[10519.3s] epoch 255 step 201700 avg_loss=0.005
[10520.9s] === epoch 255 done: avg_loss=0.005 (n=788 derivations) ===
[10522.0s] epoch 256 step 201750 avg_loss=0.005
[10524.8s] epoch 256 step 201800 avg_loss=0.003
[10527.7s] epoch 256 step 201850 avg_loss=0.004
[10530.1s] epoch 256 step 201900 avg_loss=0.005
[10532.5s] epoch 256 step 201950 avg_loss=0.005
[10534.6s] epoch 256 step 202000 avg_loss=0.005
[10537.3s] epoch 256 step 202050 avg_loss=0.005
[10539.9s] epoch 256 step 202100 avg_loss=0.005
[10542.6s] epoch 256 step 202150 avg_loss=0.005
[10544.7s] epoch 256 step 202200 avg_loss=0.004
[10547.4s] epoch 256 step 202250 avg_loss=0.004
[10549.9s] epoch 256 step 202300 avg_loss=0.004
[10552.9s] epoch 256 step 202350 avg_loss=0.004
[10555.8s] epoch 256 step 202400 avg_loss=0.004
[10558.9s] epoch 256 step 202450 avg_loss=0.005
[10561.7s] epoch 256 step 202500 avg_loss=0.005
[10562.5s] === epoch 256 done: avg_loss=0.005 (n=788 derivations) ===
[10564.2s] epoch 257 step 202550 avg_loss=0.006
[10566.9s] epoch 257 step 202600 avg_loss=0.005
[10569.7s] epoch 257 step 202650 avg_loss=0.005
[10572.2s] epoch 257 step 202700 avg_loss=0.005
[10574.9s] epoch 257 step 202750 avg_loss=0.005
[10577.8s] epoch 257 step 202800 avg_loss=0.004
[10580.5s] epoch 257 step 202850 avg_loss=0.004
[10583.4s] epoch 257 step 202900 avg_loss=0.005
[10585.9s] epoch 257 step 202950 avg_loss=0.005
[10588.5s] epoch 257 step 203000 avg_loss=0.005
[10591.1s] epoch 257 step 203050 avg_loss=0.005
[10593.8s] epoch 257 step 203100 avg_loss=0.005
[10596.2s] epoch 257 step 203150 avg_loss=0.005
[10598.8s] epoch 257 step 203200 avg_loss=0.005
[10600.9s] epoch 257 step 203250 avg_loss=0.005
[10603.2s] epoch 257 step 203300 avg_loss=0.005
[10603.4s] === epoch 257 done: avg_loss=0.005 (n=788 derivations) ===
[10605.7s] epoch 258 step 203350 avg_loss=0.005
[10608.3s] epoch 258 step 203400 avg_loss=0.005
[10610.9s] epoch 258 step 203450 avg_loss=0.005
[10613.5s] epoch 258 step 203500 avg_loss=0.005
[10616.5s] epoch 258 step 203550 avg_loss=0.005
[10619.2s] epoch 258 step 203600 avg_loss=0.005
[10622.2s] epoch 258 step 203650 avg_loss=0.005
[10625.0s] epoch 258 step 203700 avg_loss=0.005
[10627.5s] epoch 258 step 203750 avg_loss=0.005
[10630.1s] epoch 258 step 203800 avg_loss=0.005
[10632.7s] epoch 258 step 203850 avg_loss=0.005
[10635.1s] epoch 258 step 203900 avg_loss=0.005
[10637.4s] epoch 258 step 203950 avg_loss=0.005
[10640.2s] epoch 258 step 204000 avg_loss=0.005
[10642.7s] epoch 258 step 204050 avg_loss=0.004
[10645.1s] === epoch 258 done: avg_loss=0.004 (n=788 derivations) ===
[10645.4s] epoch 259 step 204100 avg_loss=0.001
[10647.7s] epoch 259 step 204150 avg_loss=0.003
[10650.4s] epoch 259 step 204200 avg_loss=0.003
[10653.3s] epoch 259 step 204250 avg_loss=0.004
[10655.9s] epoch 259 step 204300 avg_loss=0.005
[10658.4s] epoch 259 step 204350 avg_loss=0.005
[10661.0s] epoch 259 step 204400 avg_loss=0.005
[10663.2s] epoch 259 step 204450 avg_loss=0.004
[10666.1s] epoch 259 step 204500 avg_loss=0.004
[10668.8s] epoch 259 step 204550 avg_loss=0.004
[10671.5s] epoch 259 step 204600 avg_loss=0.005
[10673.9s] epoch 259 step 204650 avg_loss=0.005
[10676.6s] epoch 259 step 204700 avg_loss=0.005
[10679.2s] epoch 259 step 204750 avg_loss=0.005
[10682.2s] epoch 259 step 204800 avg_loss=0.005
[10684.6s] epoch 259 step 204850 avg_loss=0.004
[10685.9s] === epoch 259 done: avg_loss=0.004 (n=788 derivations) ===
[10687.0s] epoch 260 step 204900 avg_loss=0.003
[10689.7s] epoch 260 step 204950 avg_loss=0.003
[10692.3s] epoch 260 step 205000 avg_loss=0.004
[10694.8s] epoch 260 step 205050 avg_loss=0.004
[10697.1s] epoch 260 step 205100 avg_loss=0.004
[10699.3s] epoch 260 step 205150 avg_loss=0.004
[10702.0s] epoch 260 step 205200 avg_loss=0.004
[10704.6s] epoch 260 step 205250 avg_loss=0.004
[10707.6s] epoch 260 step 205300 avg_loss=0.004
[10710.0s] epoch 260 step 205350 avg_loss=0.004
[10712.6s] epoch 260 step 205400 avg_loss=0.004
[10715.0s] epoch 260 step 205450 avg_loss=0.004
[10717.1s] epoch 260 step 205500 avg_loss=0.004
[10719.4s] epoch 260 step 205550 avg_loss=0.004
[10722.0s] epoch 260 step 205600 avg_loss=0.004
[10724.6s] epoch 260 step 205650 avg_loss=0.004
[10725.5s] === epoch 260 done: avg_loss=0.004 (n=788 derivations) ===
[10727.1s] epoch 261 step 205700 avg_loss=0.004
[10729.5s] epoch 261 step 205750 avg_loss=0.004
[10732.1s] epoch 261 step 205800 avg_loss=0.004
[10735.1s] epoch 261 step 205850 avg_loss=0.004
[10738.2s] epoch 261 step 205900 avg_loss=0.004
[10740.9s] epoch 261 step 205950 avg_loss=0.004
[10743.9s] epoch 261 step 206000 avg_loss=0.004
[10746.7s] epoch 261 step 206050 avg_loss=0.004
[10749.1s] epoch 261 step 206100 avg_loss=0.004
[10751.7s] epoch 261 step 206150 avg_loss=0.004
[10754.2s] epoch 261 step 206200 avg_loss=0.004
[10756.9s] epoch 261 step 206250 avg_loss=0.004
[10759.6s] epoch 261 step 206300 avg_loss=0.004
[10762.2s] epoch 261 step 206350 avg_loss=0.004
[10765.3s] epoch 261 step 206400 avg_loss=0.004
[10768.0s] epoch 261 step 206450 avg_loss=0.004
[10768.3s] === epoch 261 done: avg_loss=0.004 (n=788 derivations) ===
[10770.9s] epoch 262 step 206500 avg_loss=0.003
[10773.7s] epoch 262 step 206550 avg_loss=0.004
[10776.8s] epoch 262 step 206600 avg_loss=0.004
[10779.6s] epoch 262 step 206650 avg_loss=0.004
[10782.3s] epoch 262 step 206700 avg_loss=0.004
[10785.1s] epoch 262 step 206750 avg_loss=0.005
[10788.0s] epoch 262 step 206800 avg_loss=0.005
[10790.4s] epoch 262 step 206850 avg_loss=0.004
[10792.7s] epoch 262 step 206900 avg_loss=0.004
[10795.4s] epoch 262 step 206950 avg_loss=0.004
[10798.0s] epoch 262 step 207000 avg_loss=0.004
[10800.5s] epoch 262 step 207050 avg_loss=0.004
[10802.9s] epoch 262 step 207100 avg_loss=0.004
[10805.1s] epoch 262 step 207150 avg_loss=0.004
[10807.6s] epoch 262 step 207200 avg_loss=0.004
[10809.8s] === epoch 262 done: avg_loss=0.004 (n=788 derivations) ===
[10810.0s] epoch 263 step 207250 avg_loss=0.003
[10812.6s] epoch 263 step 207300 avg_loss=0.005
[10815.0s] epoch 263 step 207350 avg_loss=0.005
[10817.2s] epoch 263 step 207400 avg_loss=0.004
[10820.5s] epoch 263 step 207450 avg_loss=0.004
[10823.2s] epoch 263 step 207500 avg_loss=0.005
[10825.9s] epoch 263 step 207550 avg_loss=0.005
[10828.2s] epoch 263 step 207600 avg_loss=0.005
[10830.6s] epoch 263 step 207650 avg_loss=0.005
[10833.2s] epoch 263 step 207700 avg_loss=0.004
[10835.4s] epoch 263 step 207750 avg_loss=0.004
[10837.7s] epoch 263 step 207800 avg_loss=0.004
[10840.5s] epoch 263 step 207850 avg_loss=0.004
[10842.9s] epoch 263 step 207900 avg_loss=0.004
[10846.0s] epoch 263 step 207950 avg_loss=0.004
[10848.4s] epoch 263 step 208000 avg_loss=0.004
[10850.1s] === epoch 263 done: avg_loss=0.004 (n=788 derivations) ===
[10850.9s] epoch 264 step 208050 avg_loss=0.003
[10853.1s] epoch 264 step 208100 avg_loss=0.003
[10855.7s] epoch 264 step 208150 avg_loss=0.003
[10858.0s] epoch 264 step 208200 avg_loss=0.003
[10860.7s] epoch 264 step 208250 avg_loss=0.004
[10863.1s] epoch 264 step 208300 avg_loss=0.004
[10865.5s] epoch 264 step 208350 avg_loss=0.004
[10868.5s] epoch 264 step 208400 avg_loss=0.004
[10871.0s] epoch 264 step 208450 avg_loss=0.004
[10873.8s] epoch 264 step 208500 avg_loss=0.004
[10876.8s] epoch 264 step 208550 avg_loss=0.004
[10879.8s] epoch 264 step 208600 avg_loss=0.004
[10882.4s] epoch 264 step 208650 avg_loss=0.004
[10885.3s] epoch 264 step 208700 avg_loss=0.004
[10887.8s] epoch 264 step 208750 avg_loss=0.004
[10890.4s] epoch 264 step 208800 avg_loss=0.004
[10891.4s] === epoch 264 done: avg_loss=0.004 (n=788 derivations) ===
[10893.1s] epoch 265 step 208850 avg_loss=0.003
[10895.9s] epoch 265 step 208900 avg_loss=0.003
[10898.5s] epoch 265 step 208950 avg_loss=0.004
[10901.1s] epoch 265 step 209000 avg_loss=0.004
[10903.8s] epoch 265 step 209050 avg_loss=0.004
[10906.4s] epoch 265 step 209100 avg_loss=0.004
[10909.2s] epoch 265 step 209150 avg_loss=0.004
[10911.7s] epoch 265 step 209200 avg_loss=0.004
[10914.1s] epoch 265 step 209250 avg_loss=0.004
[10916.3s] epoch 265 step 209300 avg_loss=0.004
[10918.7s] epoch 265 step 209350 avg_loss=0.004
[10921.1s] epoch 265 step 209400 avg_loss=0.004
[10923.5s] epoch 265 step 209450 avg_loss=0.004
[10926.1s] epoch 265 step 209500 avg_loss=0.004
[10929.0s] epoch 265 step 209550 avg_loss=0.004
[10931.8s] epoch 265 step 209600 avg_loss=0.004
[10932.1s] === epoch 265 done: avg_loss=0.004 (n=788 derivations) ===
[10934.4s] epoch 266 step 209650 avg_loss=0.005
[10936.7s] epoch 266 step 209700 avg_loss=0.005
[10939.5s] epoch 266 step 209750 avg_loss=0.004
[10941.7s] epoch 266 step 209800 avg_loss=0.004
[10944.0s] epoch 266 step 209850 avg_loss=0.004
[10946.7s] epoch 266 step 209900 avg_loss=0.004
[10949.3s] epoch 266 step 209950 avg_loss=0.004
[10952.3s] epoch 266 step 210000 avg_loss=0.004
[10954.7s] epoch 266 step 210050 avg_loss=0.004
[10957.1s] epoch 266 step 210100 avg_loss=0.004
[10960.0s] epoch 266 step 210150 avg_loss=0.004
[10962.4s] epoch 266 step 210200 avg_loss=0.004
[10965.4s] epoch 266 step 210250 avg_loss=0.004
[10968.1s] epoch 266 step 210300 avg_loss=0.004
[10970.6s] epoch 266 step 210350 avg_loss=0.004
[10973.3s] === epoch 266 done: avg_loss=0.004 (n=788 derivations) ===
[10973.4s] epoch 267 step 210400 avg_loss=0.002
[10976.0s] epoch 267 step 210450 avg_loss=0.005
[10978.6s] epoch 267 step 210500 avg_loss=0.004
[10980.9s] epoch 267 step 210550 avg_loss=0.004
[10983.5s] epoch 267 step 210600 avg_loss=0.004
[10986.0s] epoch 267 step 210650 avg_loss=0.004
[10988.6s] epoch 267 step 210700 avg_loss=0.004
[10991.0s] epoch 267 step 210750 avg_loss=0.004
[10993.6s] epoch 267 step 210800 avg_loss=0.004
[10996.1s] epoch 267 step 210850 avg_loss=0.004
[10998.7s] epoch 267 step 210900 avg_loss=0.004
[11001.1s] epoch 267 step 210950 avg_loss=0.004
[11003.7s] epoch 267 step 211000 avg_loss=0.004
[11006.8s] epoch 267 step 211050 avg_loss=0.004
[11009.5s] epoch 267 step 211100 avg_loss=0.004
[11012.4s] epoch 267 step 211150 avg_loss=0.004
[11014.2s] === epoch 267 done: avg_loss=0.004 (n=788 derivations) ===
[11015.1s] epoch 268 step 211200 avg_loss=0.005
[11017.8s] epoch 268 step 211250 avg_loss=0.006
[11020.4s] epoch 268 step 211300 avg_loss=0.005
[11022.6s] epoch 268 step 211350 avg_loss=0.004
[11025.1s] epoch 268 step 211400 avg_loss=0.004
[11027.9s] epoch 268 step 211450 avg_loss=0.004
[11030.5s] epoch 268 step 211500 avg_loss=0.004
[11033.3s] epoch 268 step 211550 avg_loss=0.004
[11036.5s] epoch 268 step 211600 avg_loss=0.004
[11039.3s] epoch 268 step 211650 avg_loss=0.004
[11041.7s] epoch 268 step 211700 avg_loss=0.004
[11044.4s] epoch 268 step 211750 avg_loss=0.004
[11047.2s] epoch 268 step 211800 avg_loss=0.004
[11049.8s] epoch 268 step 211850 avg_loss=0.004
[11052.5s] epoch 268 step 211900 avg_loss=0.004
[11055.2s] epoch 268 step 211950 avg_loss=0.004
[11056.4s] === epoch 268 done: avg_loss=0.004 (n=788 derivations) ===
[11057.9s] epoch 269 step 212000 avg_loss=0.004
[11060.4s] epoch 269 step 212050 avg_loss=0.004
[11062.8s] epoch 269 step 212100 avg_loss=0.003
[11065.5s] epoch 269 step 212150 avg_loss=0.003
[11068.3s] epoch 269 step 212200 avg_loss=0.004
[11070.9s] epoch 269 step 212250 avg_loss=0.004
[11073.5s] epoch 269 step 212300 avg_loss=0.004
[11076.9s] epoch 269 step 212350 avg_loss=0.004
[11079.9s] epoch 269 step 212400 avg_loss=0.004
[11082.2s] epoch 269 step 212450 avg_loss=0.004
[11084.7s] epoch 269 step 212500 avg_loss=0.004
[11087.5s] epoch 269 step 212550 avg_loss=0.004
[11090.1s] epoch 269 step 212600 avg_loss=0.004
[11092.7s] epoch 269 step 212650 avg_loss=0.004
[11095.4s] epoch 269 step 212700 avg_loss=0.004
[11098.3s] epoch 269 step 212750 avg_loss=0.004
[11098.7s] === epoch 269 done: avg_loss=0.004 (n=788 derivations) ===
[11100.9s] epoch 270 step 212800 avg_loss=0.004
[11103.1s] epoch 270 step 212850 avg_loss=0.004
[11105.8s] epoch 270 step 212900 avg_loss=0.004
[11108.6s] epoch 270 step 212950 avg_loss=0.004
[11110.7s] epoch 270 step 213000 avg_loss=0.004
[11113.2s] epoch 270 step 213050 avg_loss=0.004
[11116.2s] epoch 270 step 213100 avg_loss=0.004
[11118.4s] epoch 270 step 213150 avg_loss=0.004
[11120.9s] epoch 270 step 213200 avg_loss=0.004
[11123.4s] epoch 270 step 213250 avg_loss=0.004
[11125.9s] epoch 270 step 213300 avg_loss=0.004
[11128.4s] epoch 270 step 213350 avg_loss=0.004
[11130.8s] epoch 270 step 213400 avg_loss=0.004
[11133.2s] epoch 270 step 213450 avg_loss=0.004
[11136.0s] epoch 270 step 213500 avg_loss=0.004
[11138.7s] === epoch 270 done: avg_loss=0.004 (n=788 derivations) ===
[11138.8s] epoch 271 step 213550 avg_loss=0.001
[11141.0s] epoch 271 step 213600 avg_loss=0.003
[11143.5s] epoch 271 step 213650 avg_loss=0.003
[11146.0s] epoch 271 step 213700 avg_loss=0.003
[11148.9s] epoch 271 step 213750 avg_loss=0.004
[11151.6s] epoch 271 step 213800 avg_loss=0.004
[11154.4s] epoch 271 step 213850 avg_loss=0.004
[11157.0s] epoch 271 step 213900 avg_loss=0.004
[11159.7s] epoch 271 step 213950 avg_loss=0.004
[11162.3s] epoch 271 step 214000 avg_loss=0.004
[11165.0s] epoch 271 step 214050 avg_loss=0.004
[11167.3s] epoch 271 step 214100 avg_loss=0.004
[11170.0s] epoch 271 step 214150 avg_loss=0.004
[11172.9s] epoch 271 step 214200 avg_loss=0.004
[11175.7s] epoch 271 step 214250 avg_loss=0.004
[11178.1s] epoch 271 step 214300 avg_loss=0.004
[11180.0s] === epoch 271 done: avg_loss=0.004 (n=788 derivations) ===
[11180.8s] epoch 272 step 214350 avg_loss=0.004
[11183.1s] epoch 272 step 214400 avg_loss=0.004
[11185.8s] epoch 272 step 214450 avg_loss=0.004
[11188.1s] epoch 272 step 214500 avg_loss=0.004
[11190.3s] epoch 272 step 214550 avg_loss=0.003
[11192.8s] epoch 272 step 214600 avg_loss=0.003
[11195.4s] epoch 272 step 214650 avg_loss=0.003
[11197.7s] epoch 272 step 214700 avg_loss=0.003
[11200.4s] epoch 272 step 214750 avg_loss=0.003
[11203.1s] epoch 272 step 214800 avg_loss=0.003
[11206.0s] epoch 272 step 214850 avg_loss=0.003
[11208.6s] epoch 272 step 214900 avg_loss=0.003
[11211.2s] epoch 272 step 214950 avg_loss=0.004
[11214.1s] epoch 272 step 215000 avg_loss=0.004
[11217.0s] epoch 272 step 215050 avg_loss=0.004
[11219.4s] epoch 272 step 215100 avg_loss=0.004
[11220.5s] === epoch 272 done: avg_loss=0.004 (n=788 derivations) ===
[11221.8s] epoch 273 step 215150 avg_loss=0.005
[11224.7s] epoch 273 step 215200 avg_loss=0.005
[11227.0s] epoch 273 step 215250 avg_loss=0.004
[11229.6s] epoch 273 step 215300 avg_loss=0.004
[11232.0s] epoch 273 step 215350 avg_loss=0.004
[11234.6s] epoch 273 step 215400 avg_loss=0.004
[11237.8s] epoch 273 step 215450 avg_loss=0.004
[11240.7s] epoch 273 step 215500 avg_loss=0.004
[11243.8s] epoch 273 step 215550 avg_loss=0.004
[11246.3s] epoch 273 step 215600 avg_loss=0.004
[11248.9s] epoch 273 step 215650 avg_loss=0.004
[11251.5s] epoch 273 step 215700 avg_loss=0.004
[11254.1s] epoch 273 step 215750 avg_loss=0.004
[11256.7s] epoch 273 step 215800 avg_loss=0.004
[11259.3s] epoch 273 step 215850 avg_loss=0.004
[11261.8s] epoch 273 step 215900 avg_loss=0.004
[11262.5s] === epoch 273 done: avg_loss=0.004 (n=788 derivations) ===
[11264.4s] epoch 274 step 215950 avg_loss=0.003
[11266.7s] epoch 274 step 216000 avg_loss=0.003
[11269.4s] epoch 274 step 216050 avg_loss=0.003
[11272.2s] epoch 274 step 216100 avg_loss=0.004
[11275.0s] epoch 274 step 216150 avg_loss=0.004
[11277.7s] epoch 274 step 216200 avg_loss=0.004
[11280.3s] epoch 274 step 216250 avg_loss=0.004
[11283.3s] epoch 274 step 216300 avg_loss=0.004
[11285.7s] epoch 274 step 216350 avg_loss=0.003
[11288.1s] epoch 274 step 216400 avg_loss=0.003
[11290.9s] epoch 274 step 216450 avg_loss=0.004
[11293.2s] epoch 274 step 216500 avg_loss=0.004
[11296.0s] epoch 274 step 216550 avg_loss=0.004
[11298.7s] epoch 274 step 216600 avg_loss=0.004
[11301.3s] epoch 274 step 216650 avg_loss=0.004
[11303.9s] epoch 274 step 216700 avg_loss=0.004
[11303.9s] === epoch 274 done: avg_loss=0.004 (n=788 derivations) ===
[11306.8s] epoch 275 step 216750 avg_loss=0.003
[11309.8s] epoch 275 step 216800 avg_loss=0.004
[11312.6s] epoch 275 step 216850 avg_loss=0.004
[11315.1s] epoch 275 step 216900 avg_loss=0.004
[11317.5s] epoch 275 step 216950 avg_loss=0.004
[11319.8s] epoch 275 step 217000 avg_loss=0.004
[11322.3s] epoch 275 step 217050 avg_loss=0.004
[11325.3s] epoch 275 step 217100 avg_loss=0.004
[11328.0s] epoch 275 step 217150 avg_loss=0.004
[11331.0s] epoch 275 step 217200 avg_loss=0.004
[11333.8s] epoch 275 step 217250 avg_loss=0.004
[11336.5s] epoch 275 step 217300 avg_loss=0.004
[11339.1s] epoch 275 step 217350 avg_loss=0.004
[11342.3s] epoch 275 step 217400 avg_loss=0.004
[11344.6s] epoch 275 step 217450 avg_loss=0.004
[11346.6s] === epoch 275 done: avg_loss=0.004 (n=788 derivations) ===
[11347.3s] epoch 276 step 217500 avg_loss=0.005
[11350.2s] epoch 276 step 217550 avg_loss=0.004
[11353.0s] epoch 276 step 217600 avg_loss=0.004
[11355.4s] epoch 276 step 217650 avg_loss=0.003
[11357.9s] epoch 276 step 217700 avg_loss=0.003
[11360.6s] epoch 276 step 217750 avg_loss=0.003
[11363.0s] epoch 276 step 217800 avg_loss=0.003
[11365.4s] epoch 276 step 217850 avg_loss=0.003
[11368.3s] epoch 276 step 217900 avg_loss=0.003
[11370.9s] epoch 276 step 217950 avg_loss=0.003
[11373.3s] epoch 276 step 218000 avg_loss=0.003
[11375.6s] epoch 276 step 218050 avg_loss=0.003
[11378.0s] epoch 276 step 218100 avg_loss=0.003
[11380.5s] epoch 276 step 218150 avg_loss=0.003
[11383.0s] epoch 276 step 218200 avg_loss=0.003
[11385.8s] epoch 276 step 218250 avg_loss=0.003
[11387.2s] === epoch 276 done: avg_loss=0.004 (n=788 derivations) ===
[11388.5s] epoch 277 step 218300 avg_loss=0.004
[11390.9s] epoch 277 step 218350 avg_loss=0.003
[11393.7s] epoch 277 step 218400 avg_loss=0.003
[11396.2s] epoch 277 step 218450 avg_loss=0.004
[11398.7s] epoch 277 step 218500 avg_loss=0.004
[11401.1s] epoch 277 step 218550 avg_loss=0.004
[11403.5s] epoch 277 step 218600 avg_loss=0.004
[11406.2s] epoch 277 step 218650 avg_loss=0.004
[11408.6s] epoch 277 step 218700 avg_loss=0.003
[11411.0s] epoch 277 step 218750 avg_loss=0.003
[11413.6s] epoch 277 step 218800 avg_loss=0.003
[11416.0s] epoch 277 step 218850 avg_loss=0.003
[11418.4s] epoch 277 step 218900 avg_loss=0.003
[11421.1s] epoch 277 step 218950 avg_loss=0.003
[11423.8s] epoch 277 step 219000 avg_loss=0.004
[11426.3s] epoch 277 step 219050 avg_loss=0.003
[11427.0s] === epoch 277 done: avg_loss=0.003 (n=788 derivations) ===
[11428.8s] epoch 278 step 219100 avg_loss=0.003
[11431.5s] epoch 278 step 219150 avg_loss=0.003
[11434.5s] epoch 278 step 219200 avg_loss=0.003
[11437.3s] epoch 278 step 219250 avg_loss=0.003
[11440.2s] epoch 278 step 219300 avg_loss=0.003
[11442.9s] epoch 278 step 219350 avg_loss=0.003
[11445.8s] epoch 278 step 219400 avg_loss=0.003
[11448.7s] epoch 278 step 219450 avg_loss=0.003
[11451.4s] epoch 278 step 219500 avg_loss=0.003
[11454.0s] epoch 278 step 219550 avg_loss=0.003
[11456.3s] epoch 278 step 219600 avg_loss=0.003
[11458.9s] epoch 278 step 219650 avg_loss=0.003
[11461.6s] epoch 278 step 219700 avg_loss=0.003
[11464.1s] epoch 278 step 219750 avg_loss=0.003
[11467.0s] epoch 278 step 219800 avg_loss=0.003
[11469.6s] epoch 278 step 219850 avg_loss=0.003
[11469.7s] === epoch 278 done: avg_loss=0.003 (n=788 derivations) ===
[11472.2s] epoch 279 step 219900 avg_loss=0.003
[11474.3s] epoch 279 step 219950 avg_loss=0.003
[11477.1s] epoch 279 step 220000 avg_loss=0.003
[11479.8s] epoch 279 step 220050 avg_loss=0.003
[11482.1s] epoch 279 step 220100 avg_loss=0.003
[11484.4s] epoch 279 step 220150 avg_loss=0.003
[11487.2s] epoch 279 step 220200 avg_loss=0.003
[11489.7s] epoch 279 step 220250 avg_loss=0.003
[11492.6s] epoch 279 step 220300 avg_loss=0.003
[11495.1s] epoch 279 step 220350 avg_loss=0.003
[11497.9s] epoch 279 step 220400 avg_loss=0.003
[11500.6s] epoch 279 step 220450 avg_loss=0.003
[11503.5s] epoch 279 step 220500 avg_loss=0.004
[11505.5s] epoch 279 step 220550 avg_loss=0.003
[11508.0s] epoch 279 step 220600 avg_loss=0.003
[11509.9s] === epoch 279 done: avg_loss=0.003 (n=788 derivations) ===
[11510.5s] epoch 280 step 220650 avg_loss=0.002
[11513.1s] epoch 280 step 220700 avg_loss=0.004
[11515.7s] epoch 280 step 220750 avg_loss=0.003
[11518.3s] epoch 280 step 220800 avg_loss=0.004
[11521.1s] epoch 280 step 220850 avg_loss=0.003
[11524.1s] epoch 280 step 220900 avg_loss=0.004
[11526.5s] epoch 280 step 220950 avg_loss=0.004
[11529.1s] epoch 280 step 221000 avg_loss=0.003
[11531.7s] epoch 280 step 221050 avg_loss=0.003
[11534.2s] epoch 280 step 221100 avg_loss=0.003
[11536.9s] epoch 280 step 221150 avg_loss=0.003
[11539.4s] epoch 280 step 221200 avg_loss=0.003
[11542.2s] epoch 280 step 221250 avg_loss=0.003
[11544.5s] epoch 280 step 221300 avg_loss=0.003
[11547.2s] epoch 280 step 221350 avg_loss=0.003
[11549.8s] epoch 280 step 221400 avg_loss=0.003
[11551.2s] === epoch 280 done: avg_loss=0.003 (n=788 derivations) ===
[11552.4s] epoch 281 step 221450 avg_loss=0.003
[11554.6s] epoch 281 step 221500 avg_loss=0.003
[11557.6s] epoch 281 step 221550 avg_loss=0.003
[11560.0s] epoch 281 step 221600 avg_loss=0.003
[11562.9s] epoch 281 step 221650 avg_loss=0.003
[11565.4s] epoch 281 step 221700 avg_loss=0.003
[11568.5s] epoch 281 step 221750 avg_loss=0.003
[11571.3s] epoch 281 step 221800 avg_loss=0.003
[11573.9s] epoch 281 step 221850 avg_loss=0.003
[11576.5s] epoch 281 step 221900 avg_loss=0.003
[11579.1s] epoch 281 step 221950 avg_loss=0.003
[11581.7s] epoch 281 step 222000 avg_loss=0.003
[11584.5s] epoch 281 step 222050 avg_loss=0.003
[11587.8s] epoch 281 step 222100 avg_loss=0.003
[11590.5s] epoch 281 step 222150 avg_loss=0.003
[11593.3s] epoch 281 step 222200 avg_loss=0.003
[11594.1s] === epoch 281 done: avg_loss=0.003 (n=788 derivations) ===
[11596.0s] epoch 282 step 222250 avg_loss=0.003
[11598.5s] epoch 282 step 222300 avg_loss=0.003
[11601.3s] epoch 282 step 222350 avg_loss=0.003
[11604.2s] epoch 282 step 222400 avg_loss=0.003
[11606.6s] epoch 282 step 222450 avg_loss=0.003
[11609.2s] epoch 282 step 222500 avg_loss=0.003
[11611.7s] epoch 282 step 222550 avg_loss=0.003
[11614.4s] epoch 282 step 222600 avg_loss=0.003
[11616.7s] epoch 282 step 222650 avg_loss=0.003
[11619.5s] epoch 282 step 222700 avg_loss=0.003
[11622.3s] epoch 282 step 222750 avg_loss=0.003
[11624.7s] epoch 282 step 222800 avg_loss=0.003
[11627.5s] epoch 282 step 222850 avg_loss=0.003
[11630.2s] epoch 282 step 222900 avg_loss=0.003
[11632.7s] epoch 282 step 222950 avg_loss=0.003
[11635.5s] epoch 282 step 223000 avg_loss=0.003
[11635.7s] === epoch 282 done: avg_loss=0.003 (n=788 derivations) ===
[11637.7s] epoch 283 step 223050 avg_loss=0.002
[11640.4s] epoch 283 step 223100 avg_loss=0.003
[11643.0s] epoch 283 step 223150 avg_loss=0.003
[11645.9s] epoch 283 step 223200 avg_loss=0.003
[11648.5s] epoch 283 step 223250 avg_loss=0.003
[11651.0s] epoch 283 step 223300 avg_loss=0.003
[11653.9s] epoch 283 step 223350 avg_loss=0.003
[11656.3s] epoch 283 step 223400 avg_loss=0.003
[11659.3s] epoch 283 step 223450 avg_loss=0.003
[11661.9s] epoch 283 step 223500 avg_loss=0.003
[11664.3s] epoch 283 step 223550 avg_loss=0.003
[11666.8s] epoch 283 step 223600 avg_loss=0.003
[11669.0s] epoch 283 step 223650 avg_loss=0.003
[11671.7s] epoch 283 step 223700 avg_loss=0.003
[11674.3s] epoch 283 step 223750 avg_loss=0.003
[11676.5s] === epoch 283 done: avg_loss=0.003 (n=788 derivations) ===
[11677.0s] epoch 284 step 223800 avg_loss=0.008
[11679.7s] epoch 284 step 223850 avg_loss=0.003
[11682.0s] epoch 284 step 223900 avg_loss=0.004
[11684.6s] epoch 284 step 223950 avg_loss=0.003
[11687.3s] epoch 284 step 224000 avg_loss=0.003
[11690.4s] epoch 284 step 224050 avg_loss=0.003
[11693.0s] epoch 284 step 224100 avg_loss=0.003
[11695.5s] epoch 284 step 224150 avg_loss=0.003
[11698.4s] epoch 284 step 224200 avg_loss=0.003
[11701.2s] epoch 284 step 224250 avg_loss=0.003
[11704.1s] epoch 284 step 224300 avg_loss=0.003
[11706.8s] epoch 284 step 224350 avg_loss=0.003
[11709.6s] epoch 284 step 224400 avg_loss=0.003
[11712.3s] epoch 284 step 224450 avg_loss=0.003
[11715.2s] epoch 284 step 224500 avg_loss=0.003
[11717.9s] epoch 284 step 224550 avg_loss=0.003
[11719.6s] === epoch 284 done: avg_loss=0.003 (n=788 derivations) ===
[11720.7s] epoch 285 step 224600 avg_loss=0.001
[11723.6s] epoch 285 step 224650 avg_loss=0.002
[11726.2s] epoch 285 step 224700 avg_loss=0.003
[11729.0s] epoch 285 step 224750 avg_loss=0.003
[11731.6s] epoch 285 step 224800 avg_loss=0.003
[11734.5s] epoch 285 step 224850 avg_loss=0.003
[11737.5s] epoch 285 step 224900 avg_loss=0.003
[11740.5s] epoch 285 step 224950 avg_loss=0.003
[11743.1s] epoch 285 step 225000 avg_loss=0.003
[11745.8s] epoch 285 step 225050 avg_loss=0.003
[11748.5s] epoch 285 step 225100 avg_loss=0.003
[11751.0s] epoch 285 step 225150 avg_loss=0.003
[11753.8s] epoch 285 step 225200 avg_loss=0.003
[11756.4s] epoch 285 step 225250 avg_loss=0.003
[11759.1s] epoch 285 step 225300 avg_loss=0.003
[11761.8s] epoch 285 step 225350 avg_loss=0.003
[11762.5s] === epoch 285 done: avg_loss=0.003 (n=788 derivations) ===
[11764.2s] epoch 286 step 225400 avg_loss=0.004
[11767.1s] epoch 286 step 225450 avg_loss=0.003
[11769.6s] epoch 286 step 225500 avg_loss=0.003
[11772.3s] epoch 286 step 225550 avg_loss=0.004
[11774.7s] epoch 286 step 225600 avg_loss=0.003
[11777.4s] epoch 286 step 225650 avg_loss=0.003
[11779.7s] epoch 286 step 225700 avg_loss=0.003
[11782.0s] epoch 286 step 225750 avg_loss=0.003
[11784.8s] epoch 286 step 225800 avg_loss=0.003
[11787.7s] epoch 286 step 225850 avg_loss=0.003
[11790.4s] epoch 286 step 225900 avg_loss=0.003
[11793.5s] epoch 286 step 225950 avg_loss=0.003
[11795.8s] epoch 286 step 226000 avg_loss=0.003
[11798.2s] epoch 286 step 226050 avg_loss=0.003
[11801.2s] epoch 286 step 226100 avg_loss=0.003
[11804.0s] epoch 286 step 226150 avg_loss=0.003
[11804.4s] === epoch 286 done: avg_loss=0.003 (n=788 derivations) ===
[11807.1s] epoch 287 step 226200 avg_loss=0.002
[11810.0s] epoch 287 step 226250 avg_loss=0.002
[11812.9s] epoch 287 step 226300 avg_loss=0.003
[11815.9s] epoch 287 step 226350 avg_loss=0.003
[11818.5s] epoch 287 step 226400 avg_loss=0.003
[11821.2s] epoch 287 step 226450 avg_loss=0.003
[11823.7s] epoch 287 step 226500 avg_loss=0.003
[11826.5s] epoch 287 step 226550 avg_loss=0.003
[11828.8s] epoch 287 step 226600 avg_loss=0.003
[11831.6s] epoch 287 step 226650 avg_loss=0.003
[11834.7s] epoch 287 step 226700 avg_loss=0.003
[11837.5s] epoch 287 step 226750 avg_loss=0.003
[11840.0s] epoch 287 step 226800 avg_loss=0.003
[11842.7s] epoch 287 step 226850 avg_loss=0.003
[11845.5s] epoch 287 step 226900 avg_loss=0.003
[11847.6s] === epoch 287 done: avg_loss=0.003 (n=788 derivations) ===
[11847.8s] epoch 288 step 226950 avg_loss=0.001
[11850.9s] epoch 288 step 227000 avg_loss=0.003
[11854.1s] epoch 288 step 227050 avg_loss=0.003
[11856.8s] epoch 288 step 227100 avg_loss=0.003
[11859.6s] epoch 288 step 227150 avg_loss=0.003
[11862.2s] epoch 288 step 227200 avg_loss=0.003
[11864.7s] epoch 288 step 227250 avg_loss=0.003
[11867.2s] epoch 288 step 227300 avg_loss=0.003
[11870.1s] epoch 288 step 227350 avg_loss=0.003
[11872.8s] epoch 288 step 227400 avg_loss=0.003
[11875.3s] epoch 288 step 227450 avg_loss=0.003
[11877.8s] epoch 288 step 227500 avg_loss=0.003
[11880.7s] epoch 288 step 227550 avg_loss=0.003
[11883.1s] epoch 288 step 227600 avg_loss=0.003
[11885.9s] epoch 288 step 227650 avg_loss=0.003
[11888.6s] epoch 288 step 227700 avg_loss=0.003
[11890.2s] === epoch 288 done: avg_loss=0.003 (n=788 derivations) ===
[11891.1s] epoch 289 step 227750 avg_loss=0.002
[11893.8s] epoch 289 step 227800 avg_loss=0.002
[11896.1s] epoch 289 step 227850 avg_loss=0.002
[11898.7s] epoch 289 step 227900 avg_loss=0.002
[11900.9s] epoch 289 step 227950 avg_loss=0.003
[11903.6s] epoch 289 step 228000 avg_loss=0.003
[11906.1s] epoch 289 step 228050 avg_loss=0.003
[11908.6s] epoch 289 step 228100 avg_loss=0.002
[11911.8s] epoch 289 step 228150 avg_loss=0.003
[11914.7s] epoch 289 step 228200 avg_loss=0.003
[11917.5s] epoch 289 step 228250 avg_loss=0.003
[11919.9s] epoch 289 step 228300 avg_loss=0.003
[11922.7s] epoch 289 step 228350 avg_loss=0.003
[11925.4s] epoch 289 step 228400 avg_loss=0.003
[11928.5s] epoch 289 step 228450 avg_loss=0.003
[11931.6s] epoch 289 step 228500 avg_loss=0.003
[11932.9s] === epoch 289 done: avg_loss=0.003 (n=788 derivations) ===
[11934.7s] epoch 290 step 228550 avg_loss=0.003
[11937.4s] epoch 290 step 228600 avg_loss=0.003
[11940.3s] epoch 290 step 228650 avg_loss=0.003
[11943.3s] epoch 290 step 228700 avg_loss=0.003
[11946.2s] epoch 290 step 228750 avg_loss=0.003
[11949.1s] epoch 290 step 228800 avg_loss=0.003
[11951.6s] epoch 290 step 228850 avg_loss=0.003
[11954.0s] epoch 290 step 228900 avg_loss=0.003
[11956.7s] epoch 290 step 228950 avg_loss=0.003
[11959.1s] epoch 290 step 229000 avg_loss=0.003
[11961.5s] epoch 290 step 229050 avg_loss=0.003
[11964.7s] epoch 290 step 229100 avg_loss=0.003
[11967.6s] epoch 290 step 229150 avg_loss=0.003
[11970.9s] epoch 290 step 229200 avg_loss=0.003
[11973.7s] epoch 290 step 229250 avg_loss=0.003
[11976.5s] epoch 290 step 229300 avg_loss=0.003
[11977.0s] === epoch 290 done: avg_loss=0.003 (n=788 derivations) ===
[11979.3s] epoch 291 step 229350 avg_loss=0.003
[11982.0s] epoch 291 step 229400 avg_loss=0.003
[11984.5s] epoch 291 step 229450 avg_loss=0.003
[11987.5s] epoch 291 step 229500 avg_loss=0.003
[11990.5s] epoch 291 step 229550 avg_loss=0.003
[11993.3s] epoch 291 step 229600 avg_loss=0.003
[11995.7s] epoch 291 step 229650 avg_loss=0.003
[11998.1s] epoch 291 step 229700 avg_loss=0.003
[12000.9s] epoch 291 step 229750 avg_loss=0.003
[12004.1s] epoch 291 step 229800 avg_loss=0.003
[12007.0s] epoch 291 step 229850 avg_loss=0.003
[12009.6s] epoch 291 step 229900 avg_loss=0.003
[12012.3s] epoch 291 step 229950 avg_loss=0.003
[12015.1s] epoch 291 step 230000 avg_loss=0.003
[12017.5s] epoch 291 step 230050 avg_loss=0.003
[12020.1s] === epoch 291 done: avg_loss=0.003 (n=788 derivations) ===
[12020.3s] epoch 292 step 230100 avg_loss=0.000
[12023.2s] epoch 292 step 230150 avg_loss=0.003
[12025.4s] epoch 292 step 230200 avg_loss=0.002
[12027.9s] epoch 292 step 230250 avg_loss=0.002
[12030.5s] epoch 292 step 230300 avg_loss=0.002
[12033.2s] epoch 292 step 230350 avg_loss=0.002
[12036.0s] epoch 292 step 230400 avg_loss=0.002
[12038.5s] epoch 292 step 230450 avg_loss=0.002
[12041.5s] epoch 292 step 230500 avg_loss=0.003
[12044.2s] epoch 292 step 230550 avg_loss=0.003
[12046.8s] epoch 292 step 230600 avg_loss=0.003
[12049.8s] epoch 292 step 230650 avg_loss=0.003
[12052.4s] epoch 292 step 230700 avg_loss=0.003
[12054.9s] epoch 292 step 230750 avg_loss=0.003
[12057.5s] epoch 292 step 230800 avg_loss=0.003
[12060.1s] epoch 292 step 230850 avg_loss=0.003
[12062.2s] === epoch 292 done: avg_loss=0.003 (n=788 derivations) ===
[12063.1s] epoch 293 step 230900 avg_loss=0.002
[12065.6s] epoch 293 step 230950 avg_loss=0.002
[12068.4s] epoch 293 step 231000 avg_loss=0.003
[12071.0s] epoch 293 step 231050 avg_loss=0.003
[12073.6s] epoch 293 step 231100 avg_loss=0.003
[12076.5s] epoch 293 step 231150 avg_loss=0.003
[12079.3s] epoch 293 step 231200 avg_loss=0.003
[12081.6s] epoch 293 step 231250 avg_loss=0.003
[12083.9s] epoch 293 step 231300 avg_loss=0.003
[12086.3s] epoch 293 step 231350 avg_loss=0.003
[12089.2s] epoch 293 step 231400 avg_loss=0.003
[12091.7s] epoch 293 step 231450 avg_loss=0.003
[12094.3s] epoch 293 step 231500 avg_loss=0.003
[12096.9s] epoch 293 step 231550 avg_loss=0.003
[12099.6s] epoch 293 step 231600 avg_loss=0.003
[12102.0s] epoch 293 step 231650 avg_loss=0.003
[12103.1s] === epoch 293 done: avg_loss=0.003 (n=788 derivations) ===
[12104.4s] epoch 294 step 231700 avg_loss=0.003
[12106.6s] epoch 294 step 231750 avg_loss=0.002
[12109.1s] epoch 294 step 231800 avg_loss=0.002
[12111.2s] epoch 294 step 231850 avg_loss=0.002
[12113.9s] epoch 294 step 231900 avg_loss=0.002
[12116.9s] epoch 294 step 231950 avg_loss=0.002
[12120.1s] epoch 294 step 232000 avg_loss=0.003
[12123.4s] epoch 294 step 232050 avg_loss=0.003
[12125.7s] epoch 294 step 232100 avg_loss=0.003
[12128.4s] epoch 294 step 232150 avg_loss=0.003
[12130.5s] epoch 294 step 232200 avg_loss=0.003
[12133.1s] epoch 294 step 232250 avg_loss=0.003
[12135.8s] epoch 294 step 232300 avg_loss=0.003
[12138.6s] epoch 294 step 232350 avg_loss=0.003
[12141.7s] epoch 294 step 232400 avg_loss=0.003
[12144.2s] epoch 294 step 232450 avg_loss=0.003
[12144.7s] === epoch 294 done: avg_loss=0.003 (n=788 derivations) ===
[12147.0s] epoch 295 step 232500 avg_loss=0.002
[12149.6s] epoch 295 step 232550 avg_loss=0.002
[12152.0s] epoch 295 step 232600 avg_loss=0.002
[12154.8s] epoch 295 step 232650 avg_loss=0.003
[12157.4s] epoch 295 step 232700 avg_loss=0.003
[12160.5s] epoch 295 step 232750 avg_loss=0.003
[12163.8s] epoch 295 step 232800 avg_loss=0.003
[12166.4s] epoch 295 step 232850 avg_loss=0.003
[12169.3s] epoch 295 step 232900 avg_loss=0.003
[12171.8s] epoch 295 step 232950 avg_loss=0.003
[12174.3s] epoch 295 step 233000 avg_loss=0.003
[12177.0s] epoch 295 step 233050 avg_loss=0.003
[12179.9s] epoch 295 step 233100 avg_loss=0.003
[12183.0s] epoch 295 step 233150 avg_loss=0.003
[12185.8s] epoch 295 step 233200 avg_loss=0.003
[12188.4s] === epoch 295 done: avg_loss=0.003 (n=788 derivations) ===
[12188.4s] epoch 296 step 233250 avg_loss=0.002
[12190.9s] epoch 296 step 233300 avg_loss=0.003
[12193.5s] epoch 296 step 233350 avg_loss=0.002
[12196.4s] epoch 296 step 233400 avg_loss=0.003
[12199.1s] epoch 296 step 233450 avg_loss=0.003
[12201.6s] epoch 296 step 233500 avg_loss=0.002
[12204.0s] epoch 296 step 233550 avg_loss=0.002
[12206.6s] epoch 296 step 233600 avg_loss=0.002
[12209.1s] epoch 296 step 233650 avg_loss=0.003
[12211.8s] epoch 296 step 233700 avg_loss=0.003
[12214.7s] epoch 296 step 233750 avg_loss=0.003
[12217.4s] epoch 296 step 233800 avg_loss=0.003
[12219.9s] epoch 296 step 233850 avg_loss=0.003
[12222.6s] epoch 296 step 233900 avg_loss=0.003
[12225.2s] epoch 296 step 233950 avg_loss=0.003
[12227.6s] epoch 296 step 234000 avg_loss=0.003
[12229.6s] === epoch 296 done: avg_loss=0.003 (n=788 derivations) ===
[12230.2s] epoch 297 step 234050 avg_loss=0.001
[12233.0s] epoch 297 step 234100 avg_loss=0.003
[12235.6s] epoch 297 step 234150 avg_loss=0.002
[12238.4s] epoch 297 step 234200 avg_loss=0.003
[12241.2s] epoch 297 step 234250 avg_loss=0.003
[12244.1s] epoch 297 step 234300 avg_loss=0.003
[12246.7s] epoch 297 step 234350 avg_loss=0.003
[12249.6s] epoch 297 step 234400 avg_loss=0.003
[12251.9s] epoch 297 step 234450 avg_loss=0.003
[12254.1s] epoch 297 step 234500 avg_loss=0.003
[12256.6s] epoch 297 step 234550 avg_loss=0.003
[12259.2s] epoch 297 step 234600 avg_loss=0.003
[12261.7s] epoch 297 step 234650 avg_loss=0.003
[12264.0s] epoch 297 step 234700 avg_loss=0.003
[12266.6s] epoch 297 step 234750 avg_loss=0.003
[12269.5s] epoch 297 step 234800 avg_loss=0.003
[12270.7s] === epoch 297 done: avg_loss=0.003 (n=788 derivations) ===
[12272.4s] epoch 298 step 234850 avg_loss=0.003
[12275.4s] epoch 298 step 234900 avg_loss=0.003
[12278.4s] epoch 298 step 234950 avg_loss=0.003
[12281.1s] epoch 298 step 235000 avg_loss=0.003
[12284.1s] epoch 298 step 235050 avg_loss=0.003
[12286.7s] epoch 298 step 235100 avg_loss=0.003
[12289.1s] epoch 298 step 235150 avg_loss=0.003
[12291.9s] epoch 298 step 235200 avg_loss=0.003
[12294.5s] epoch 298 step 235250 avg_loss=0.003
[12297.0s] epoch 298 step 235300 avg_loss=0.003
[12299.5s] epoch 298 step 235350 avg_loss=0.003
[12302.0s] epoch 298 step 235400 avg_loss=0.003
[12304.6s] epoch 298 step 235450 avg_loss=0.003
[12307.0s] epoch 298 step 235500 avg_loss=0.003
[12309.1s] epoch 298 step 235550 avg_loss=0.003
[12311.6s] epoch 298 step 235600 avg_loss=0.003
[12312.2s] === epoch 298 done: avg_loss=0.003 (n=788 derivations) ===
[12314.4s] epoch 299 step 235650 avg_loss=0.004
[12316.9s] epoch 299 step 235700 avg_loss=0.003
[12319.7s] epoch 299 step 235750 avg_loss=0.003
[12322.2s] epoch 299 step 235800 avg_loss=0.002
[12324.8s] epoch 299 step 235850 avg_loss=0.003
[12327.3s] epoch 299 step 235900 avg_loss=0.002
[12329.7s] epoch 299 step 235950 avg_loss=0.002
[12332.8s] epoch 299 step 236000 avg_loss=0.002
[12335.4s] epoch 299 step 236050 avg_loss=0.003
[12337.8s] epoch 299 step 236100 avg_loss=0.003
[12340.1s] epoch 299 step 236150 avg_loss=0.003
[12342.6s] epoch 299 step 236200 avg_loss=0.003
[12345.2s] epoch 299 step 236250 avg_loss=0.003
[12347.7s] epoch 299 step 236300 avg_loss=0.003
[12350.1s] epoch 299 step 236350 avg_loss=0.003
[12352.9s] epoch 299 step 236400 avg_loss=0.003
[12352.9s] === epoch 299 done: avg_loss=0.003 (n=788 derivations) ===
[12355.3s] epoch 300 step 236450 avg_loss=0.002
[12357.8s] epoch 300 step 236500 avg_loss=0.002
[12360.7s] epoch 300 step 236550 avg_loss=0.002
[12363.3s] epoch 300 step 236600 avg_loss=0.002
[12366.4s] epoch 300 step 236650 avg_loss=0.002
[12368.9s] epoch 300 step 236700 avg_loss=0.002
[12371.2s] epoch 300 step 236750 avg_loss=0.002
[12373.8s] epoch 300 step 236800 avg_loss=0.002
[12376.5s] epoch 300 step 236850 avg_loss=0.002
[12379.0s] epoch 300 step 236900 avg_loss=0.002
[12381.6s] epoch 300 step 236950 avg_loss=0.002
[12384.4s] epoch 300 step 237000 avg_loss=0.002
[12387.3s] epoch 300 step 237050 avg_loss=0.002
[12390.2s] epoch 300 step 237100 avg_loss=0.003
[12392.7s] epoch 300 step 237150 avg_loss=0.002
[12394.6s] === epoch 300 done: avg_loss=0.003 (n=788 derivations) ===
[12395.0s] epoch 301 step 237200 avg_loss=0.001
[12397.5s] epoch 301 step 237250 avg_loss=0.002
[12399.8s] epoch 301 step 237300 avg_loss=0.002
[12402.6s] epoch 301 step 237350 avg_loss=0.002
[12405.5s] epoch 301 step 237400 avg_loss=0.002
[12408.4s] epoch 301 step 237450 avg_loss=0.002
[12410.8s] epoch 301 step 237500 avg_loss=0.002
[12413.8s] epoch 301 step 237550 avg_loss=0.002
[12416.3s] epoch 301 step 237600 avg_loss=0.002
[12418.7s] epoch 301 step 237650 avg_loss=0.002
[12421.1s] epoch 301 step 237700 avg_loss=0.002
[12423.9s] epoch 301 step 237750 avg_loss=0.002
[12426.5s] epoch 301 step 237800 avg_loss=0.002
[12429.0s] epoch 301 step 237850 avg_loss=0.002
[12431.6s] epoch 301 step 237900 avg_loss=0.002
[12434.4s] epoch 301 step 237950 avg_loss=0.003
[12435.6s] === epoch 301 done: avg_loss=0.003 (n=788 derivations) ===
[12436.8s] epoch 302 step 238000 avg_loss=0.002
[12439.6s] epoch 302 step 238050 avg_loss=0.003
[12442.4s] epoch 302 step 238100 avg_loss=0.003
[12445.0s] epoch 302 step 238150 avg_loss=0.003
[12447.7s] epoch 302 step 238200 avg_loss=0.003
[12450.3s] epoch 302 step 238250 avg_loss=0.003
[12452.8s] epoch 302 step 238300 avg_loss=0.003
[12455.3s] epoch 302 step 238350 avg_loss=0.003
[12457.6s] epoch 302 step 238400 avg_loss=0.003
[12460.0s] epoch 302 step 238450 avg_loss=0.002
[12462.2s] epoch 302 step 238500 avg_loss=0.002
[12464.6s] epoch 302 step 238550 avg_loss=0.002
[12467.2s] epoch 302 step 238600 avg_loss=0.002
[12469.4s] epoch 302 step 238650 avg_loss=0.002
[12472.1s] epoch 302 step 238700 avg_loss=0.002
[12474.8s] epoch 302 step 238750 avg_loss=0.002
[12475.4s] === epoch 302 done: avg_loss=0.002 (n=788 derivations) ===
[12477.5s] epoch 303 step 238800 avg_loss=0.003
[12480.6s] epoch 303 step 238850 avg_loss=0.003
[12483.3s] epoch 303 step 238900 avg_loss=0.003
[12485.6s] epoch 303 step 238950 avg_loss=0.003
[12488.5s] epoch 303 step 239000 avg_loss=0.003
[12490.7s] epoch 303 step 239050 avg_loss=0.002
[12493.3s] epoch 303 step 239100 avg_loss=0.002
[12495.9s] epoch 303 step 239150 avg_loss=0.002
[12498.8s] epoch 303 step 239200 avg_loss=0.002
[12501.2s] epoch 303 step 239250 avg_loss=0.002
[12503.8s] epoch 303 step 239300 avg_loss=0.002
[12506.8s] epoch 303 step 239350 avg_loss=0.002
[12509.0s] epoch 303 step 239400 avg_loss=0.003
[12511.5s] epoch 303 step 239450 avg_loss=0.003
[12513.9s] epoch 303 step 239500 avg_loss=0.002
[12516.4s] epoch 303 step 239550 avg_loss=0.002
[12516.5s] === epoch 303 done: avg_loss=0.002 (n=788 derivations) ===
[12518.7s] epoch 304 step 239600 avg_loss=0.002
[12521.3s] epoch 304 step 239650 avg_loss=0.002
[12523.9s] epoch 304 step 239700 avg_loss=0.002
[12526.6s] epoch 304 step 239750 avg_loss=0.002
[12529.0s] epoch 304 step 239800 avg_loss=0.002
[12531.5s] epoch 304 step 239850 avg_loss=0.002
[12534.0s] epoch 304 step 239900 avg_loss=0.002
[12537.0s] epoch 304 step 239950 avg_loss=0.002
[12539.9s] epoch 304 step 240000 avg_loss=0.003
[12542.4s] epoch 304 step 240050 avg_loss=0.002
[12544.9s] epoch 304 step 240100 avg_loss=0.002
[12547.5s] epoch 304 step 240150 avg_loss=0.002
[12550.4s] epoch 304 step 240200 avg_loss=0.002
[12553.5s] epoch 304 step 240250 avg_loss=0.002
[12556.2s] epoch 304 step 240300 avg_loss=0.002
[12558.4s] === epoch 304 done: avg_loss=0.002 (n=788 derivations) ===
[12558.8s] epoch 305 step 240350 avg_loss=0.001
[12561.7s] epoch 305 step 240400 avg_loss=0.002
[12565.0s] epoch 305 step 240450 avg_loss=0.003
[12567.5s] epoch 305 step 240500 avg_loss=0.003
[12570.2s] epoch 305 step 240550 avg_loss=0.002
[12573.2s] epoch 305 step 240600 avg_loss=0.003
[12575.8s] epoch 305 step 240650 avg_loss=0.003
[12578.2s] epoch 305 step 240700 avg_loss=0.002
[12580.6s] epoch 305 step 240750 avg_loss=0.002
[12583.3s] epoch 305 step 240800 avg_loss=0.002
[12585.8s] epoch 305 step 240850 avg_loss=0.002
[12588.3s] epoch 305 step 240900 avg_loss=0.002
[12591.2s] epoch 305 step 240950 avg_loss=0.003
[12593.5s] epoch 305 step 241000 avg_loss=0.002
[12595.7s] epoch 305 step 241050 avg_loss=0.002
[12598.1s] epoch 305 step 241100 avg_loss=0.002
[12599.3s] === epoch 305 done: avg_loss=0.002 (n=788 derivations) ===
[12600.6s] epoch 306 step 241150 avg_loss=0.003
[12603.2s] epoch 306 step 241200 avg_loss=0.003
[12605.9s] epoch 306 step 241250 avg_loss=0.003
[12608.8s] epoch 306 step 241300 avg_loss=0.003
[12611.2s] epoch 306 step 241350 avg_loss=0.003
[12613.8s] epoch 306 step 241400 avg_loss=0.003
[12616.2s] epoch 306 step 241450 avg_loss=0.002
[12618.7s] epoch 306 step 241500 avg_loss=0.002
[12621.2s] epoch 306 step 241550 avg_loss=0.002
[12624.1s] epoch 306 step 241600 avg_loss=0.002
[12626.4s] epoch 306 step 241650 avg_loss=0.002
[12629.1s] epoch 306 step 241700 avg_loss=0.002
[12631.9s] epoch 306 step 241750 avg_loss=0.002
[12634.6s] epoch 306 step 241800 avg_loss=0.002
[12637.2s] epoch 306 step 241850 avg_loss=0.002
[12639.9s] epoch 306 step 241900 avg_loss=0.002
[12640.9s] === epoch 306 done: avg_loss=0.002 (n=788 derivations) ===
[12643.2s] epoch 307 step 241950 avg_loss=0.002
[12646.3s] epoch 307 step 242000 avg_loss=0.002
[12649.0s] epoch 307 step 242050 avg_loss=0.002
[12651.7s] epoch 307 step 242100 avg_loss=0.002
[12654.7s] epoch 307 step 242150 avg_loss=0.002
[12657.7s] epoch 307 step 242200 avg_loss=0.002
[12660.7s] epoch 307 step 242250 avg_loss=0.002
[12663.6s] epoch 307 step 242300 avg_loss=0.002
[12666.7s] epoch 307 step 242350 avg_loss=0.002
[12670.0s] epoch 307 step 242400 avg_loss=0.002
[12672.8s] epoch 307 step 242450 avg_loss=0.002
[12676.0s] epoch 307 step 242500 avg_loss=0.002
[12679.3s] epoch 307 step 242550 avg_loss=0.002
[12682.4s] epoch 307 step 242600 avg_loss=0.002
[12685.2s] epoch 307 step 242650 avg_loss=0.002
[12687.6s] epoch 307 step 242700 avg_loss=0.002
[12687.8s] === epoch 307 done: avg_loss=0.002 (n=788 derivations) ===
[12690.2s] epoch 308 step 242750 avg_loss=0.002
[12692.9s] epoch 308 step 242800 avg_loss=0.002
[12695.4s] epoch 308 step 242850 avg_loss=0.002
[12698.1s] epoch 308 step 242900 avg_loss=0.002
[12700.5s] epoch 308 step 242950 avg_loss=0.002
[12703.2s] epoch 308 step 243000 avg_loss=0.002
[12706.1s] epoch 308 step 243050 avg_loss=0.002
[12708.6s] epoch 308 step 243100 avg_loss=0.002
[12711.5s] epoch 308 step 243150 avg_loss=0.002
[12714.3s] epoch 308 step 243200 avg_loss=0.002
[12717.4s] epoch 308 step 243250 avg_loss=0.002
[12720.3s] epoch 308 step 243300 avg_loss=0.002
[12722.6s] epoch 308 step 243350 avg_loss=0.002
[12725.5s] epoch 308 step 243400 avg_loss=0.002
[12728.2s] epoch 308 step 243450 avg_loss=0.002
[12730.8s] === epoch 308 done: avg_loss=0.002 (n=788 derivations) ===
[12731.2s] epoch 309 step 243500 avg_loss=0.002
[12733.9s] epoch 309 step 243550 avg_loss=0.003
[12736.7s] epoch 309 step 243600 avg_loss=0.002
[12739.5s] epoch 309 step 243650 avg_loss=0.002
[12742.1s] epoch 309 step 243700 avg_loss=0.002
[12745.1s] epoch 309 step 243750 avg_loss=0.002
[12747.8s] epoch 309 step 243800 avg_loss=0.002
[12750.8s] epoch 309 step 243850 avg_loss=0.002
[12753.6s] epoch 309 step 243900 avg_loss=0.002
[12756.5s] epoch 309 step 243950 avg_loss=0.002
[12759.4s] epoch 309 step 244000 avg_loss=0.002
[12761.7s] epoch 309 step 244050 avg_loss=0.002
[12764.0s] epoch 309 step 244100 avg_loss=0.002
[12766.4s] epoch 309 step 244150 avg_loss=0.002
[12768.8s] epoch 309 step 244200 avg_loss=0.002
[12771.5s] epoch 309 step 244250 avg_loss=0.002
[12773.2s] === epoch 309 done: avg_loss=0.002 (n=788 derivations) ===
[12774.5s] epoch 310 step 244300 avg_loss=0.003
[12777.4s] epoch 310 step 244350 avg_loss=0.002
[12779.6s] epoch 310 step 244400 avg_loss=0.002
[12782.2s] epoch 310 step 244450 avg_loss=0.002
[12784.6s] epoch 310 step 244500 avg_loss=0.002
[12787.2s] epoch 310 step 244550 avg_loss=0.002
[12789.7s] epoch 310 step 244600 avg_loss=0.002
[12792.3s] epoch 310 step 244650 avg_loss=0.002
[12794.9s] epoch 310 step 244700 avg_loss=0.002
[12797.3s] epoch 310 step 244750 avg_loss=0.002
[12800.0s] epoch 310 step 244800 avg_loss=0.002
[12802.3s] epoch 310 step 244850 avg_loss=0.002
[12805.2s] epoch 310 step 244900 avg_loss=0.002
[12808.0s] epoch 310 step 244950 avg_loss=0.002
[12810.7s] epoch 310 step 245000 avg_loss=0.002
[12813.6s] epoch 310 step 245050 avg_loss=0.002
[12814.7s] === epoch 310 done: avg_loss=0.002 (n=788 derivations) ===
[12816.5s] epoch 311 step 245100 avg_loss=0.002
[12819.1s] epoch 311 step 245150 avg_loss=0.002
[12821.7s] epoch 311 step 245200 avg_loss=0.002
[12824.3s] epoch 311 step 245250 avg_loss=0.002
[12826.8s] epoch 311 step 245300 avg_loss=0.002
[12829.5s] epoch 311 step 245350 avg_loss=0.002
[12832.5s] epoch 311 step 245400 avg_loss=0.002
[12835.4s] epoch 311 step 245450 avg_loss=0.002
[12838.2s] epoch 311 step 245500 avg_loss=0.002
[12841.0s] epoch 311 step 245550 avg_loss=0.002
[12844.2s] epoch 311 step 245600 avg_loss=0.002
[12846.7s] epoch 311 step 245650 avg_loss=0.002
[12849.4s] epoch 311 step 245700 avg_loss=0.002
[12852.0s] epoch 311 step 245750 avg_loss=0.002
[12854.5s] epoch 311 step 245800 avg_loss=0.002
[12857.5s] epoch 311 step 245850 avg_loss=0.002
[12857.8s] === epoch 311 done: avg_loss=0.002 (n=788 derivations) ===
[12860.2s] epoch 312 step 245900 avg_loss=0.001
[12863.4s] epoch 312 step 245950 avg_loss=0.002
[12866.6s] epoch 312 step 246000 avg_loss=0.002
[12869.5s] epoch 312 step 246050 avg_loss=0.002
[12872.4s] epoch 312 step 246100 avg_loss=0.002
[12875.4s] epoch 312 step 246150 avg_loss=0.002
[12877.9s] epoch 312 step 246200 avg_loss=0.002
[12880.4s] epoch 312 step 246250 avg_loss=0.002
[12883.0s] epoch 312 step 246300 avg_loss=0.002
[12885.7s] epoch 312 step 246350 avg_loss=0.002
[12888.5s] epoch 312 step 246400 avg_loss=0.002
[12891.3s] epoch 312 step 246450 avg_loss=0.002
[12893.8s] epoch 312 step 246500 avg_loss=0.002
[12896.5s] epoch 312 step 246550 avg_loss=0.002
[12899.2s] epoch 312 step 246600 avg_loss=0.002
[12901.8s] === epoch 312 done: avg_loss=0.002 (n=788 derivations) ===
[12902.1s] epoch 313 step 246650 avg_loss=0.005
[12904.6s] epoch 313 step 246700 avg_loss=0.002
[12907.5s] epoch 313 step 246750 avg_loss=0.002
[12910.9s] epoch 313 step 246800 avg_loss=0.002
[12914.2s] epoch 313 step 246850 avg_loss=0.002
[12917.0s] epoch 313 step 246900 avg_loss=0.002
[12920.0s] epoch 313 step 246950 avg_loss=0.002
[12922.7s] epoch 313 step 247000 avg_loss=0.002
[12925.4s] epoch 313 step 247050 avg_loss=0.002
[12928.4s] epoch 313 step 247100 avg_loss=0.002
[12931.2s] epoch 313 step 247150 avg_loss=0.002
[12933.9s] epoch 313 step 247200 avg_loss=0.002
[12936.7s] epoch 313 step 247250 avg_loss=0.002
[12939.3s] epoch 313 step 247300 avg_loss=0.002
[12941.8s] epoch 313 step 247350 avg_loss=0.002
[12944.4s] epoch 313 step 247400 avg_loss=0.002
[12945.8s] === epoch 313 done: avg_loss=0.002 (n=788 derivations) ===
[12946.8s] epoch 314 step 247450 avg_loss=0.003
[12949.3s] epoch 314 step 247500 avg_loss=0.002
[12952.0s] epoch 314 step 247550 avg_loss=0.002
[12954.6s] epoch 314 step 247600 avg_loss=0.002
[12957.2s] epoch 314 step 247650 avg_loss=0.002
[12959.6s] epoch 314 step 247700 avg_loss=0.002
[12962.3s] epoch 314 step 247750 avg_loss=0.002
[12965.1s] epoch 314 step 247800 avg_loss=0.002
[12968.0s] epoch 314 step 247850 avg_loss=0.002
[12970.1s] epoch 314 step 247900 avg_loss=0.002
[12973.2s] epoch 314 step 247950 avg_loss=0.002
[12975.7s] epoch 314 step 248000 avg_loss=0.002
[12978.8s] epoch 314 step 248050 avg_loss=0.002
[12981.8s] epoch 314 step 248100 avg_loss=0.002
[12984.8s] epoch 314 step 248150 avg_loss=0.002
[12988.1s] epoch 314 step 248200 avg_loss=0.002
[12989.3s] === epoch 314 done: avg_loss=0.002 (n=788 derivations) ===
[12991.1s] epoch 315 step 248250 avg_loss=0.002
[12993.9s] epoch 315 step 248300 avg_loss=0.002
[12996.6s] epoch 315 step 248350 avg_loss=0.002
[12999.3s] epoch 315 step 248400 avg_loss=0.002
[13001.8s] epoch 315 step 248450 avg_loss=0.002
[13004.5s] epoch 315 step 248500 avg_loss=0.002
[13007.0s] epoch 315 step 248550 avg_loss=0.002
[13009.9s] epoch 315 step 248600 avg_loss=0.002
[13013.1s] epoch 315 step 248650 avg_loss=0.002
[13016.3s] epoch 315 step 248700 avg_loss=0.002
[13019.1s] epoch 315 step 248750 avg_loss=0.002
[13021.6s] epoch 315 step 248800 avg_loss=0.002
[13024.9s] epoch 315 step 248850 avg_loss=0.002
[13028.0s] epoch 315 step 248900 avg_loss=0.002
[13031.2s] epoch 315 step 248950 avg_loss=0.002
[13033.9s] epoch 315 step 249000 avg_loss=0.002
[13034.3s] === epoch 315 done: avg_loss=0.002 (n=788 derivations) ===
[13036.7s] epoch 316 step 249050 avg_loss=0.002
[13039.4s] epoch 316 step 249100 avg_loss=0.002
[13042.1s] epoch 316 step 249150 avg_loss=0.002
[13045.3s] epoch 316 step 249200 avg_loss=0.002
[13048.1s] epoch 316 step 249250 avg_loss=0.002
[13050.6s] epoch 316 step 249300 avg_loss=0.002
[13054.0s] epoch 316 step 249350 avg_loss=0.002
[13056.4s] epoch 316 step 249400 avg_loss=0.002
[13059.6s] epoch 316 step 249450 avg_loss=0.002
[13062.5s] epoch 316 step 249500 avg_loss=0.002
[13065.5s] epoch 316 step 249550 avg_loss=0.002
[13068.0s] epoch 316 step 249600 avg_loss=0.002
[13070.6s] epoch 316 step 249650 avg_loss=0.002
[13072.8s] epoch 316 step 249700 avg_loss=0.002
[13075.4s] epoch 316 step 249750 avg_loss=0.002
[13078.1s] === epoch 316 done: avg_loss=0.002 (n=788 derivations) ===
[13078.3s] epoch 317 step 249800 avg_loss=0.000
[13080.5s] epoch 317 step 249850 avg_loss=0.002
[13083.2s] epoch 317 step 249900 avg_loss=0.002
[13085.6s] epoch 317 step 249950 avg_loss=0.002
[13088.3s] epoch 317 step 250000 avg_loss=0.002
[13091.2s] epoch 317 step 250050 avg_loss=0.002
[13094.5s] epoch 317 step 250100 avg_loss=0.002
[13097.2s] epoch 317 step 250150 avg_loss=0.002
[13099.7s] epoch 317 step 250200 avg_loss=0.002
[13102.5s] epoch 317 step 250250 avg_loss=0.002
[13105.4s] epoch 317 step 250300 avg_loss=0.002
[13108.0s] epoch 317 step 250350 avg_loss=0.002
[13111.2s] epoch 317 step 250400 avg_loss=0.002
[13114.1s] epoch 317 step 250450 avg_loss=0.002
[13116.5s] epoch 317 step 250500 avg_loss=0.002
[13119.5s] epoch 317 step 250550 avg_loss=0.002
[13121.2s] === epoch 317 done: avg_loss=0.002 (n=788 derivations) ===
[13122.1s] epoch 318 step 250600 avg_loss=0.003
[13125.1s] epoch 318 step 250650 avg_loss=0.003
[13127.8s] epoch 318 step 250700 avg_loss=0.002
[13130.6s] epoch 318 step 250750 avg_loss=0.002
[13133.2s] epoch 318 step 250800 avg_loss=0.002
[13135.9s] epoch 318 step 250850 avg_loss=0.002
[13138.9s] epoch 318 step 250900 avg_loss=0.002
[13141.7s] epoch 318 step 250950 avg_loss=0.002
[13144.6s] epoch 318 step 251000 avg_loss=0.002
[13147.8s] epoch 318 step 251050 avg_loss=0.002
[13150.4s] epoch 318 step 251100 avg_loss=0.002
[13153.2s] epoch 318 step 251150 avg_loss=0.002
[13155.8s] epoch 318 step 251200 avg_loss=0.002
[13158.0s] epoch 318 step 251250 avg_loss=0.002
[13160.4s] epoch 318 step 251300 avg_loss=0.002
[13163.2s] epoch 318 step 251350 avg_loss=0.002
[13164.3s] === epoch 318 done: avg_loss=0.002 (n=788 derivations) ===
[13165.7s] epoch 319 step 251400 avg_loss=0.001
[13168.6s] epoch 319 step 251450 avg_loss=0.002
[13171.6s] epoch 319 step 251500 avg_loss=0.002
[13174.4s] epoch 319 step 251550 avg_loss=0.002
[13177.0s] epoch 319 step 251600 avg_loss=0.002
[13179.7s] epoch 319 step 251650 avg_loss=0.002
[13182.9s] epoch 319 step 251700 avg_loss=0.002
[13185.8s] epoch 319 step 251750 avg_loss=0.002
[13188.7s] epoch 319 step 251800 avg_loss=0.002
[13192.1s] epoch 319 step 251850 avg_loss=0.002
[13195.1s] epoch 319 step 251900 avg_loss=0.002
[13197.6s] epoch 319 step 251950 avg_loss=0.002
[13200.9s] epoch 319 step 252000 avg_loss=0.002
[13203.8s] epoch 319 step 252050 avg_loss=0.002
[13206.7s] epoch 319 step 252100 avg_loss=0.002
[13209.7s] epoch 319 step 252150 avg_loss=0.002
[13210.3s] === epoch 319 done: avg_loss=0.002 (n=788 derivations) ===
[13210.3s] training wall-clock: 13192.0s (stopped_early=True)
[13210.3s] max-steps budget: optimizer_steps=8000 (cap=8000, stop_reason=max_steps) epoch_fraction=324.873 throughput=0.6064 steps/s (1.6490 s/step)
[13210.3s] evaluating (model policy) ...
[13210.4s] holdout eval targets from runs/encoder_gold_v2.jsonl: matched=98 missing=0
[13433.6s] holdout (best-of-6 + rank1 + forest width): {'sense_recall': 0.7044673539518901, 'slot_recall': 0.6180124223602484, 'structure_recall': 0.04979253112033195, 'all_gold_recalled_rate': 0.02040816326530612, 'edge_precision': 0.4424402701751141, 'edge_recall': 0.5457747703921173, 'overgen_ratio': 1.3396828181266955, 'n_records': 98, 'rank1_edge_precision': 0.3250480740403024, 'rank1_edge_recall': 0.43785016948282257, 'rank1_edge_f1': 0.3731096657172927, 'rank1_structure_recall': 0.016597510373443983, 'mean_forest_width': 5.959183673469388}
[13433.6s] holdout eval targets (alt) from runs/encoder_gold_v3.jsonl: matched=94 missing=4
[13675.0s] holdout_alt (best-of-6 + rank1 + forest width): {'sense_recall': 0.7008797653958945, 'slot_recall': 0.7049180327868853, 'structure_recall': 0.06382978723404255, 'all_gold_recalled_rate': 0.06382978723404255, 'edge_precision': 0.5397178814048407, 'edge_recall': 0.5367089766025935, 'overgen_ratio': 1.0737879142134459, 'n_records': 94, 'rank1_edge_precision': 0.446356123904128, 'rank1_edge_recall': 0.3979544391778434, 'rank1_edge_f1': 0.4207679229156292, 'rank1_structure_recall': 0.02127659574468085, 'mean_forest_width': 5.946808510638298}
[13675.0s] evaluating RANDOM baseline on holdout ...
[13679.7s] holdout (random baseline): {'sense_recall': 0.024054982817869417, 'slot_recall': 0.0, 'structure_recall': 0.0, 'all_gold_recalled_rate': 0.0, 'edge_precision': 0.015816326530612244, 'edge_recall': 0.00755060321386852, 'overgen_ratio': 0.02729653188836862, 'n_records': 98}
[13679.8s] saved checkpoint -> runs/arms/v3_788_1.pt
[13679.8s] TOTAL wall-clock: 13679.8s
