[   0.0s] loading gold from runs/encoder_gold_v4b.jsonl,runs/hard_gold_train_small.jsonl
[   0.1s] 1187 gold records
[   0.2s] holdout mode (per-file subsets): 98 held-out sentences, train subset=988 (subset_seed=0) -- runs/encoder_gold_v4b.jsonl: pool=791 subset=788; runs/hard_gold_train_small.jsonl: pool=200 subset=200
[   0.2s] loading USVS from /home/user/NAOMI/consciousness_transformer/data/usvs
[  13.1s] USVS loaded: 117679 senses, d_axes=607
[  13.1s] pos_vocab=15 role_vocab=43
[  13.1s] policy params: 343,882 (~1.376 MB fp32)
[  13.1s] building features + derivations for 988 train records
[  14.5s] 988 teacher-forced derivations
[  14.7s] dev-holdout eval targets from runs/encoder_gold_v4b.jsonl: matched=98 missing=0
[  16.9s] epoch 0 step 50 avg_loss=84.759
[  18.0s] epoch 0 step 100 avg_loss=87.198
[  18.9s] epoch 0 step 150 avg_loss=84.114
[  20.0s] epoch 0 step 200 avg_loss=82.156
[  20.7s] epoch 0 step 250 avg_loss=79.875
[  21.4s] epoch 0 step 300 avg_loss=76.321
[  22.0s] epoch 0 step 350 avg_loss=72.873
[  22.9s] epoch 0 step 400 avg_loss=71.694
[  23.7s] epoch 0 step 450 avg_loss=69.580
[  24.5s] epoch 0 step 500 avg_loss=68.508
[  25.4s] epoch 0 step 550 avg_loss=67.658
[  26.2s] epoch 0 step 600 avg_loss=66.238
[  26.9s] epoch 0 step 650 avg_loss=64.675
[  27.6s] epoch 0 step 700 avg_loss=63.438
[  28.5s] epoch 0 step 750 avg_loss=62.496
[  29.2s] epoch 0 step 800 avg_loss=61.394
[  30.1s] epoch 0 step 850 avg_loss=60.342
[  30.8s] epoch 0 step 900 avg_loss=59.435
[  31.5s] epoch 0 step 950 avg_loss=58.568
[  32.0s] === epoch 0 done: avg_loss=57.917 (n=988 derivations) ===
[  32.2s] epoch 1 step 1000 avg_loss=26.604
[  33.2s] epoch 1 step 1050 avg_loss=46.789
[  34.1s] epoch 1 step 1100 avg_loss=41.408
[  34.9s] epoch 1 step 1150 avg_loss=40.916
[  35.8s] epoch 1 step 1200 avg_loss=41.249
[  36.6s] epoch 1 step 1250 avg_loss=41.698
[  37.3s] epoch 1 step 1300 avg_loss=41.440
[  38.1s] epoch 1 step 1350 avg_loss=41.302
[  39.0s] epoch 1 step 1400 avg_loss=42.352
[  39.8s] epoch 1 step 1450 avg_loss=42.537
[  40.8s] epoch 1 step 1500 avg_loss=42.340
[  41.8s] epoch 1 step 1550 avg_loss=41.953
[  42.7s] epoch 1 step 1600 avg_loss=41.584
[  43.6s] epoch 1 step 1650 avg_loss=41.219
[  44.6s] epoch 1 step 1700 avg_loss=40.834
[  45.2s] epoch 1 step 1750 avg_loss=40.032
[  45.9s] epoch 1 step 1800 avg_loss=39.557
[  46.9s] epoch 1 step 1850 avg_loss=39.189
[  47.7s] epoch 1 step 1900 avg_loss=38.993
[  48.5s] epoch 1 step 1950 avg_loss=38.763
[  48.9s] === epoch 1 done: avg_loss=38.786 (n=988 derivations) ===
[  49.2s] epoch 2 step 2000 avg_loss=36.454
[  50.0s] epoch 2 step 2050 avg_loss=34.783
[  50.7s] epoch 2 step 2100 avg_loss=35.889
[  51.3s] epoch 2 step 2150 avg_loss=33.349
[  52.1s] epoch 2 step 2200 avg_loss=35.375
[  52.8s] epoch 2 step 2250 avg_loss=35.301
[  53.7s] epoch 2 step 2300 avg_loss=34.787
[  54.7s] epoch 2 step 2350 avg_loss=34.535
[  55.6s] epoch 2 step 2400 avg_loss=33.959
[  56.5s] epoch 2 step 2450 avg_loss=33.936
[  57.1s] epoch 2 step 2500 avg_loss=32.910
[  57.8s] epoch 2 step 2550 avg_loss=33.030
[  58.6s] epoch 2 step 2600 avg_loss=33.040
[  59.2s] epoch 2 step 2650 avg_loss=32.508
[  60.1s] epoch 2 step 2700 avg_loss=32.395
[  61.0s] epoch 2 step 2750 avg_loss=32.101
[  62.2s] epoch 2 step 2800 avg_loss=32.515
[  63.2s] epoch 2 step 2850 avg_loss=32.382
[  64.2s] epoch 2 step 2900 avg_loss=32.222
[  65.2s] epoch 2 step 2950 avg_loss=32.009
[  65.4s] === epoch 2 done: avg_loss=31.812 (n=988 derivations) ===
[  66.3s] epoch 3 step 3000 avg_loss=33.584
[  67.1s] epoch 3 step 3050 avg_loss=29.623
[  68.0s] epoch 3 step 3100 avg_loss=28.801
[  69.0s] epoch 3 step 3150 avg_loss=28.988
[  70.0s] epoch 3 step 3200 avg_loss=29.248
[  71.0s] epoch 3 step 3250 avg_loss=29.113
[  71.8s] epoch 3 step 3300 avg_loss=28.395
[  72.8s] epoch 3 step 3350 avg_loss=28.272
[  73.9s] epoch 3 step 3400 avg_loss=28.076
[  75.0s] epoch 3 step 3450 avg_loss=28.253
[  75.9s] epoch 3 step 3500 avg_loss=27.513
[  77.1s] epoch 3 step 3550 avg_loss=28.002
[  78.1s] epoch 3 step 3600 avg_loss=27.863
[  79.2s] epoch 3 step 3650 avg_loss=28.596
[  80.1s] epoch 3 step 3700 avg_loss=28.651
[  80.9s] epoch 3 step 3750 avg_loss=28.374
[  81.7s] epoch 3 step 3800 avg_loss=28.149
[  82.4s] epoch 3 step 3850 avg_loss=27.913
[  83.3s] epoch 3 step 3900 avg_loss=27.794
[  84.0s] epoch 3 step 3950 avg_loss=27.924
[  84.1s] === epoch 3 done: avg_loss=27.945 (n=988 derivations) ===
[  84.7s] epoch 4 step 4000 avg_loss=23.392
[  85.4s] epoch 4 step 4050 avg_loss=24.909
[  86.0s] epoch 4 step 4100 avg_loss=23.835
[  86.8s] epoch 4 step 4150 avg_loss=25.539
[  87.6s] epoch 4 step 4200 avg_loss=25.956
[  88.6s] epoch 4 step 4250 avg_loss=25.807
[  89.5s] epoch 4 step 4300 avg_loss=25.756
[  90.4s] epoch 4 step 4350 avg_loss=25.574
[  91.4s] epoch 4 step 4400 avg_loss=25.456
[  92.4s] epoch 4 step 4450 avg_loss=25.136
[  93.4s] epoch 4 step 4500 avg_loss=25.244
[  94.4s] epoch 4 step 4550 avg_loss=25.077
[  95.3s] epoch 4 step 4600 avg_loss=24.982
[  96.3s] epoch 4 step 4650 avg_loss=24.811
[  97.5s] epoch 4 step 4700 avg_loss=25.424
[  98.6s] epoch 4 step 4750 avg_loss=25.598
[  99.4s] epoch 4 step 4800 avg_loss=25.241
[ 100.4s] epoch 4 step 4850 avg_loss=24.977
[ 101.5s] epoch 4 step 4900 avg_loss=25.033
[ 102.2s] === epoch 4 done: avg_loss=25.066 (n=988 derivations) ===
[ 102.4s] epoch 5 step 4950 avg_loss=18.685
[ 103.4s] epoch 5 step 5000 avg_loss=24.887
[ 104.3s] epoch 5 step 5050 avg_loss=24.257
[ 105.2s] epoch 5 step 5100 avg_loss=24.460
[ 106.1s] epoch 5 step 5150 avg_loss=23.368
[ 107.3s] epoch 5 step 5200 avg_loss=24.385
[ 108.4s] epoch 5 step 5250 avg_loss=24.644
[ 109.5s] epoch 5 step 5300 avg_loss=24.812
[ 110.3s] epoch 5 step 5350 avg_loss=24.406
[ 111.3s] epoch 5 step 5400 avg_loss=24.605
[ 112.2s] epoch 5 step 5450 avg_loss=24.091
[ 113.2s] epoch 5 step 5500 avg_loss=24.237
[ 114.1s] epoch 5 step 5550 avg_loss=24.039
[ 115.0s] epoch 5 step 5600 avg_loss=23.710
[ 116.0s] epoch 5 step 5650 avg_loss=23.583
[ 117.0s] epoch 5 step 5700 avg_loss=23.404
[ 117.8s] epoch 5 step 5750 avg_loss=23.116
[ 119.1s] epoch 5 step 5800 avg_loss=23.303
[ 120.2s] epoch 5 step 5850 avg_loss=23.286
[ 121.2s] epoch 5 step 5900 avg_loss=23.131
[ 121.6s] === epoch 5 done: avg_loss=22.920 (n=988 derivations) ===
[ 122.0s] epoch 6 step 5950 avg_loss=15.404
[ 122.9s] epoch 6 step 6000 avg_loss=19.976
[ 124.0s] epoch 6 step 6050 avg_loss=20.107
[ 124.8s] epoch 6 step 6100 avg_loss=18.704
[ 125.5s] epoch 6 step 6150 avg_loss=18.274
[ 126.4s] epoch 6 step 6200 avg_loss=18.671
[ 127.4s] epoch 6 step 6250 avg_loss=18.952
[ 128.4s] epoch 6 step 6300 avg_loss=19.248
[ 129.4s] epoch 6 step 6350 avg_loss=19.847
[ 130.4s] epoch 6 step 6400 avg_loss=20.533
[ 131.1s] epoch 6 step 6450 avg_loss=20.520
[ 131.8s] epoch 6 step 6500 avg_loss=20.419
[ 132.5s] epoch 6 step 6550 avg_loss=20.528
[ 133.3s] epoch 6 step 6600 avg_loss=20.460
[ 134.1s] epoch 6 step 6650 avg_loss=20.560
[ 134.8s] epoch 6 step 6700 avg_loss=20.668
[ 135.6s] epoch 6 step 6750 avg_loss=20.742
[ 136.6s] epoch 6 step 6800 avg_loss=20.998
[ 137.6s] epoch 6 step 6850 avg_loss=21.091
[ 138.6s] epoch 6 step 6900 avg_loss=21.235
[ 139.0s] === epoch 6 done: avg_loss=21.305 (n=988 derivations) ===
[ 139.6s] epoch 7 step 6950 avg_loss=21.548
[ 140.3s] epoch 7 step 7000 avg_loss=21.962
[ 141.1s] epoch 7 step 7050 avg_loss=22.405
[ 141.8s] epoch 7 step 7100 avg_loss=20.404
[ 142.6s] epoch 7 step 7150 avg_loss=20.212
[ 143.4s] epoch 7 step 7200 avg_loss=20.735
[ 144.3s] epoch 7 step 7250 avg_loss=20.652
[ 145.1s] epoch 7 step 7300 avg_loss=20.670
[ 145.8s] epoch 7 step 7350 avg_loss=20.394
[ 146.4s] epoch 7 step 7400 avg_loss=19.821
[ 147.5s] epoch 7 step 7450 avg_loss=19.882
[ 148.3s] epoch 7 step 7500 avg_loss=19.756
[ 149.3s] epoch 7 step 7550 avg_loss=19.880
[ 150.1s] epoch 7 step 7600 avg_loss=19.705
[ 151.1s] epoch 7 step 7650 avg_loss=19.873
[ 152.2s] epoch 7 step 7700 avg_loss=19.774
[ 153.1s] epoch 7 step 7750 avg_loss=19.802
[ 154.1s] epoch 7 step 7800 avg_loss=19.921
[ 155.0s] epoch 7 step 7850 avg_loss=19.785
[ 156.1s] epoch 7 step 7900 avg_loss=20.014
[ 156.2s] === epoch 7 done: avg_loss=20.025 (n=988 derivations) ===
[ 157.3s] epoch 8 step 7950 avg_loss=20.564
[ 159.0s] eval step=250 train_avg_loss=21.039 dev_rank1_f1=0.3909 dev_edge_p=0.4046 dev_edge_r=0.3781
[ 159.6s] epoch 8 step 8000 avg_loss=20.901
[ 160.6s] epoch 8 step 8050 avg_loss=18.690
[ 161.4s] epoch 8 step 8100 avg_loss=17.956
[ 162.2s] epoch 8 step 8150 avg_loss=17.897
[ 163.0s] epoch 8 step 8200 avg_loss=18.362
[ 163.9s] epoch 8 step 8250 avg_loss=18.337
[ 164.9s] epoch 8 step 8300 avg_loss=18.217
[ 165.7s] epoch 8 step 8350 avg_loss=18.573
[ 166.4s] epoch 8 step 8400 avg_loss=18.341
[ 167.5s] epoch 8 step 8450 avg_loss=18.719
[ 168.3s] epoch 8 step 8500 avg_loss=18.558
[ 169.2s] epoch 8 step 8550 avg_loss=18.687
[ 170.2s] epoch 8 step 8600 avg_loss=18.788
[ 171.0s] epoch 8 step 8650 avg_loss=18.828
[ 171.7s] epoch 8 step 8700 avg_loss=18.893
[ 172.5s] epoch 8 step 8750 avg_loss=19.128
[ 173.3s] epoch 8 step 8800 avg_loss=19.212
[ 174.0s] epoch 8 step 8850 avg_loss=19.087
[ 174.6s] === epoch 8 done: avg_loss=19.039 (n=988 derivations) ===
[ 174.7s] epoch 9 step 8900 avg_loss=27.855
[ 175.6s] epoch 9 step 8950 avg_loss=23.317
[ 176.3s] epoch 9 step 9000 avg_loss=20.296
[ 177.1s] epoch 9 step 9050 avg_loss=19.519
[ 177.9s] epoch 9 step 9100 avg_loss=20.078
[ 178.7s] epoch 9 step 9150 avg_loss=20.821
[ 179.5s] epoch 9 step 9200 avg_loss=20.727
[ 180.3s] epoch 9 step 9250 avg_loss=20.740
[ 181.1s] epoch 9 step 9300 avg_loss=19.690
[ 181.8s] epoch 9 step 9350 avg_loss=19.733
[ 182.4s] epoch 9 step 9400 avg_loss=19.095
[ 183.2s] epoch 9 step 9450 avg_loss=19.089
[ 183.9s] epoch 9 step 9500 avg_loss=18.698
[ 184.7s] epoch 9 step 9550 avg_loss=18.685
[ 185.4s] epoch 9 step 9600 avg_loss=18.166
[ 186.2s] epoch 9 step 9650 avg_loss=18.121
[ 187.0s] epoch 9 step 9700 avg_loss=18.178
[ 187.8s] epoch 9 step 9750 avg_loss=18.227
[ 188.5s] epoch 9 step 9800 avg_loss=18.302
[ 189.3s] epoch 9 step 9850 avg_loss=18.285
[ 189.8s] === epoch 9 done: avg_loss=18.222 (n=988 derivations) ===
[ 190.1s] epoch 10 step 9900 avg_loss=12.840
[ 190.8s] epoch 10 step 9950 avg_loss=14.369
[ 191.9s] epoch 10 step 10000 avg_loss=16.157
[ 192.8s] epoch 10 step 10050 avg_loss=16.000
[ 193.8s] epoch 10 step 10100 avg_loss=17.097
[ 194.6s] epoch 10 step 10150 avg_loss=16.994
[ 195.2s] epoch 10 step 10200 avg_loss=16.780
[ 196.1s] epoch 10 step 10250 avg_loss=16.628
[ 197.0s] epoch 10 step 10300 avg_loss=16.742
[ 198.0s] epoch 10 step 10350 avg_loss=17.105
[ 199.0s] epoch 10 step 10400 avg_loss=17.537
[ 199.8s] epoch 10 step 10450 avg_loss=17.671
[ 200.6s] epoch 10 step 10500 avg_loss=17.464
[ 201.3s] epoch 10 step 10550 avg_loss=17.491
[ 201.9s] epoch 10 step 10600 avg_loss=17.095
[ 202.7s] epoch 10 step 10650 avg_loss=17.243
[ 203.6s] epoch 10 step 10700 avg_loss=17.377
[ 204.5s] epoch 10 step 10750 avg_loss=17.496
[ 205.3s] epoch 10 step 10800 avg_loss=17.381
[ 206.2s] epoch 10 step 10850 avg_loss=17.416
[ 206.5s] === epoch 10 done: avg_loss=17.351 (n=988 derivations) ===
[ 207.2s] epoch 11 step 10900 avg_loss=16.562
[ 208.1s] epoch 11 step 10950 avg_loss=17.441
[ 209.1s] epoch 11 step 11000 avg_loss=18.378
[ 210.0s] epoch 11 step 11050 avg_loss=17.104
[ 211.0s] epoch 11 step 11100 avg_loss=16.952
[ 212.2s] epoch 11 step 11150 avg_loss=16.673
[ 213.3s] epoch 11 step 11200 avg_loss=16.490
[ 214.4s] epoch 11 step 11250 avg_loss=16.600
[ 215.3s] epoch 11 step 11300 avg_loss=16.256
[ 216.4s] epoch 11 step 11350 avg_loss=16.273
[ 217.3s] epoch 11 step 11400 avg_loss=16.379
[ 218.2s] epoch 11 step 11450 avg_loss=16.607
[ 219.1s] epoch 11 step 11500 avg_loss=16.571
[ 220.1s] epoch 11 step 11550 avg_loss=16.434
[ 221.2s] epoch 11 step 11600 avg_loss=16.403
[ 222.3s] epoch 11 step 11650 avg_loss=16.793
[ 223.4s] epoch 11 step 11700 avg_loss=16.852
[ 224.5s] epoch 11 step 11750 avg_loss=16.808
[ 225.5s] epoch 11 step 11800 avg_loss=16.752
[ 226.6s] epoch 11 step 11850 avg_loss=16.580
[ 226.7s] === epoch 11 done: avg_loss=16.564 (n=988 derivations) ===
[ 227.8s] epoch 12 step 11900 avg_loss=17.656
[ 228.7s] epoch 12 step 11950 avg_loss=16.843
[ 229.7s] epoch 12 step 12000 avg_loss=16.680
[ 230.5s] epoch 12 step 12050 avg_loss=15.697
[ 231.5s] epoch 12 step 12100 avg_loss=15.666
[ 232.2s] epoch 12 step 12150 avg_loss=14.785
[ 233.2s] epoch 12 step 12200 avg_loss=15.443
[ 234.0s] epoch 12 step 12250 avg_loss=15.016
[ 234.9s] epoch 12 step 12300 avg_loss=14.838
[ 236.0s] epoch 12 step 12350 avg_loss=15.377
[ 237.0s] epoch 12 step 12400 avg_loss=15.828
[ 238.0s] epoch 12 step 12450 avg_loss=15.694
[ 238.9s] epoch 12 step 12500 avg_loss=15.472
[ 239.8s] epoch 12 step 12550 avg_loss=15.509
[ 240.7s] epoch 12 step 12600 avg_loss=15.552
[ 241.7s] epoch 12 step 12650 avg_loss=15.837
[ 242.6s] epoch 12 step 12700 avg_loss=15.814
[ 243.5s] epoch 12 step 12750 avg_loss=16.017
[ 244.4s] epoch 12 step 12800 avg_loss=15.934
[ 245.3s] === epoch 12 done: avg_loss=15.880 (n=988 derivations) ===
[ 245.4s] epoch 13 step 12850 avg_loss=12.865
[ 246.3s] epoch 13 step 12900 avg_loss=14.602
[ 247.2s] epoch 13 step 12950 avg_loss=14.077
[ 248.0s] epoch 13 step 13000 avg_loss=14.014
[ 248.7s] epoch 13 step 13050 avg_loss=14.064
[ 249.4s] epoch 13 step 13100 avg_loss=14.183
[ 250.1s] epoch 13 step 13150 avg_loss=13.908
[ 250.9s] epoch 13 step 13200 avg_loss=14.308
[ 251.6s] epoch 13 step 13250 avg_loss=14.247
[ 252.3s] epoch 13 step 13300 avg_loss=14.327
[ 253.3s] epoch 13 step 13350 avg_loss=14.856
[ 254.2s] epoch 13 step 13400 avg_loss=15.019
[ 255.0s] epoch 13 step 13450 avg_loss=15.187
[ 255.8s] epoch 13 step 13500 avg_loss=15.314
[ 256.8s] epoch 13 step 13550 avg_loss=15.320
[ 257.8s] epoch 13 step 13600 avg_loss=15.250
[ 258.6s] epoch 13 step 13650 avg_loss=14.941
[ 259.5s] epoch 13 step 13700 avg_loss=14.980
[ 260.4s] epoch 13 step 13750 avg_loss=14.999
[ 261.4s] epoch 13 step 13800 avg_loss=14.872
[ 262.1s] === epoch 13 done: avg_loss=15.092 (n=988 derivations) ===
[ 262.3s] epoch 14 step 13850 avg_loss=6.281
[ 263.3s] epoch 14 step 13900 avg_loss=16.329
[ 264.1s] epoch 14 step 13950 avg_loss=14.292
[ 265.1s] epoch 14 step 14000 avg_loss=14.119
[ 266.0s] epoch 14 step 14050 avg_loss=13.749
[ 266.9s] epoch 14 step 14100 avg_loss=13.616
[ 268.0s] epoch 14 step 14150 avg_loss=13.895
[ 268.8s] epoch 14 step 14200 avg_loss=13.887
[ 269.9s] epoch 14 step 14250 avg_loss=14.111
[ 270.6s] epoch 14 step 14300 avg_loss=14.208
[ 271.5s] epoch 14 step 14350 avg_loss=14.119
[ 272.2s] epoch 14 step 14400 avg_loss=14.394
[ 273.1s] epoch 14 step 14450 avg_loss=14.700
[ 273.9s] epoch 14 step 14500 avg_loss=14.779
[ 274.6s] epoch 14 step 14550 avg_loss=14.626
[ 275.3s] epoch 14 step 14600 avg_loss=14.380
[ 276.0s] epoch 14 step 14650 avg_loss=14.282
[ 276.8s] epoch 14 step 14700 avg_loss=14.421
[ 277.5s] epoch 14 step 14750 avg_loss=14.248
[ 278.2s] epoch 14 step 14800 avg_loss=14.209
[ 278.6s] === epoch 14 done: avg_loss=14.351 (n=988 derivations) ===
[ 279.0s] epoch 15 step 14850 avg_loss=10.458
[ 279.7s] epoch 15 step 14900 avg_loss=12.186
[ 280.3s] epoch 15 step 14950 avg_loss=12.154
[ 281.1s] epoch 15 step 15000 avg_loss=12.634
[ 281.7s] epoch 15 step 15050 avg_loss=12.505
[ 282.5s] epoch 15 step 15100 avg_loss=12.519
[ 283.2s] epoch 15 step 15150 avg_loss=12.838
[ 284.0s] epoch 15 step 15200 avg_loss=13.242
[ 284.6s] epoch 15 step 15250 avg_loss=13.058
[ 285.3s] epoch 15 step 15300 avg_loss=12.764
[ 286.1s] epoch 15 step 15350 avg_loss=12.893
[ 286.8s] epoch 15 step 15400 avg_loss=12.860
[ 287.8s] epoch 15 step 15450 avg_loss=13.018
[ 288.7s] epoch 15 step 15500 avg_loss=12.938
[ 289.8s] epoch 15 step 15550 avg_loss=13.162
[ 290.7s] epoch 15 step 15600 avg_loss=13.129
[ 291.4s] epoch 15 step 15650 avg_loss=13.309
[ 292.1s] epoch 15 step 15700 avg_loss=13.342
[ 292.9s] epoch 15 step 15750 avg_loss=13.473
[ 293.7s] epoch 15 step 15800 avg_loss=13.654
[ 293.8s] === epoch 15 done: avg_loss=13.678 (n=988 derivations) ===
[ 294.6s] epoch 16 step 15850 avg_loss=13.740
[ 295.5s] epoch 16 step 15900 avg_loss=12.659
[ 297.5s] eval step=500 train_avg_loss=11.870 dev_rank1_f1=0.4206 dev_edge_p=0.4314 dev_edge_r=0.4103
[ 297.8s] epoch 16 step 15950 avg_loss=12.740
[ 298.7s] epoch 16 step 16000 avg_loss=13.474
[ 299.6s] epoch 16 step 16050 avg_loss=13.424
[ 300.7s] epoch 16 step 16100 avg_loss=13.513
[ 301.5s] epoch 16 step 16150 avg_loss=12.954
[ 302.6s] epoch 16 step 16200 avg_loss=13.277
[ 303.4s] epoch 16 step 16250 avg_loss=12.924
[ 304.4s] epoch 16 step 16300 avg_loss=12.773
[ 305.3s] epoch 16 step 16350 avg_loss=12.630
[ 306.2s] epoch 16 step 16400 avg_loss=12.526
[ 307.1s] epoch 16 step 16450 avg_loss=12.590
[ 307.9s] epoch 16 step 16500 avg_loss=12.688
[ 308.6s] epoch 16 step 16550 avg_loss=12.679
[ 309.4s] epoch 16 step 16600 avg_loss=12.709
[ 310.1s] epoch 16 step 16650 avg_loss=12.833
[ 311.0s] epoch 16 step 16700 avg_loss=13.130
[ 311.7s] epoch 16 step 16750 avg_loss=13.137
[ 312.4s] === epoch 16 done: avg_loss=13.030 (n=988 derivations) ===
[ 312.4s] epoch 17 step 16800 avg_loss=9.638
[ 313.1s] epoch 17 step 16850 avg_loss=8.319
[ 313.7s] epoch 17 step 16900 avg_loss=8.333
[ 314.5s] epoch 17 step 16950 avg_loss=9.644
[ 315.3s] epoch 17 step 17000 avg_loss=10.542
[ 316.2s] epoch 17 step 17050 avg_loss=10.916
[ 316.9s] epoch 17 step 17100 avg_loss=10.956
[ 317.8s] epoch 17 step 17150 avg_loss=11.013
[ 318.7s] epoch 17 step 17200 avg_loss=11.848
[ 319.5s] epoch 17 step 17250 avg_loss=11.973
[ 320.4s] epoch 17 step 17300 avg_loss=12.271
[ 321.1s] epoch 17 step 17350 avg_loss=12.401
[ 321.9s] epoch 17 step 17400 avg_loss=12.527
[ 322.7s] epoch 17 step 17450 avg_loss=12.643
[ 323.3s] epoch 17 step 17500 avg_loss=12.286
[ 324.0s] epoch 17 step 17550 avg_loss=12.515
[ 324.7s] epoch 17 step 17600 avg_loss=12.374
[ 325.3s] epoch 17 step 17650 avg_loss=12.179
[ 326.1s] epoch 17 step 17700 avg_loss=12.233
[ 326.8s] epoch 17 step 17750 avg_loss=12.356
[ 327.3s] === epoch 17 done: avg_loss=12.366 (n=988 derivations) ===
[ 327.6s] epoch 18 step 17800 avg_loss=8.952
[ 328.7s] epoch 18 step 17850 avg_loss=14.567
[ 329.7s] epoch 18 step 17900 avg_loss=14.384
[ 330.7s] epoch 18 step 17950 avg_loss=13.137
[ 331.6s] epoch 18 step 18000 avg_loss=12.265
[ 332.7s] epoch 18 step 18050 avg_loss=12.313
[ 333.5s] epoch 18 step 18100 avg_loss=11.710
[ 334.5s] epoch 18 step 18150 avg_loss=12.047
[ 335.6s] epoch 18 step 18200 avg_loss=12.180
[ 336.8s] epoch 18 step 18250 avg_loss=12.367
[ 337.9s] epoch 18 step 18300 avg_loss=12.317
[ 338.9s] epoch 18 step 18350 avg_loss=12.219
[ 340.0s] epoch 18 step 18400 avg_loss=12.301
[ 340.8s] epoch 18 step 18450 avg_loss=12.306
[ 341.7s] epoch 18 step 18500 avg_loss=12.083
[ 342.6s] epoch 18 step 18550 avg_loss=12.093
[ 343.6s] epoch 18 step 18600 avg_loss=11.877
[ 344.3s] epoch 18 step 18650 avg_loss=11.798
[ 345.1s] epoch 18 step 18700 avg_loss=11.802
[ 345.9s] epoch 18 step 18750 avg_loss=11.772
[ 346.3s] === epoch 18 done: avg_loss=11.759 (n=988 derivations) ===
[ 346.8s] epoch 19 step 18800 avg_loss=18.198
[ 347.7s] epoch 19 step 18850 avg_loss=13.405
[ 348.4s] epoch 19 step 18900 avg_loss=12.114
[ 349.4s] epoch 19 step 18950 avg_loss=12.317
[ 350.2s] epoch 19 step 19000 avg_loss=12.562
[ 350.9s] epoch 19 step 19050 avg_loss=12.579
[ 351.7s] epoch 19 step 19100 avg_loss=12.097
[ 352.4s] epoch 19 step 19150 avg_loss=11.663
[ 353.1s] epoch 19 step 19200 avg_loss=11.348
[ 353.9s] epoch 19 step 19250 avg_loss=11.544
[ 354.6s] epoch 19 step 19300 avg_loss=11.455
[ 355.3s] epoch 19 step 19350 avg_loss=11.441
[ 356.1s] epoch 19 step 19400 avg_loss=11.298
[ 356.7s] epoch 19 step 19450 avg_loss=10.986
[ 357.5s] epoch 19 step 19500 avg_loss=11.060
[ 358.3s] epoch 19 step 19550 avg_loss=10.893
[ 359.1s] epoch 19 step 19600 avg_loss=11.094
[ 359.7s] epoch 19 step 19650 avg_loss=10.942
[ 360.5s] epoch 19 step 19700 avg_loss=10.963
[ 361.3s] epoch 19 step 19750 avg_loss=11.018
[ 361.4s] === epoch 19 done: avg_loss=11.088 (n=988 derivations) ===
[ 362.0s] epoch 20 step 19800 avg_loss=8.001
[ 362.9s] epoch 20 step 19850 avg_loss=9.580
[ 363.7s] epoch 20 step 19900 avg_loss=10.431
[ 364.6s] epoch 20 step 19950 avg_loss=10.837
[ 365.3s] epoch 20 step 20000 avg_loss=10.786
[ 366.2s] epoch 20 step 20050 avg_loss=10.486
[ 366.9s] epoch 20 step 20100 avg_loss=10.420
[ 367.7s] epoch 20 step 20150 avg_loss=10.509
[ 368.4s] epoch 20 step 20200 avg_loss=10.428
[ 369.3s] epoch 20 step 20250 avg_loss=10.423
[ 370.1s] epoch 20 step 20300 avg_loss=10.658
[ 370.8s] epoch 20 step 20350 avg_loss=10.662
[ 371.4s] epoch 20 step 20400 avg_loss=10.404
[ 372.3s] epoch 20 step 20450 avg_loss=10.479
[ 372.9s] epoch 20 step 20500 avg_loss=10.336
[ 373.7s] epoch 20 step 20550 avg_loss=10.456
[ 374.5s] epoch 20 step 20600 avg_loss=10.288
[ 375.5s] epoch 20 step 20650 avg_loss=10.261
[ 376.4s] epoch 20 step 20700 avg_loss=10.374
[ 377.6s] === epoch 20 done: avg_loss=10.453 (n=988 derivations) ===
[ 377.7s] epoch 21 step 20750 avg_loss=8.433
[ 378.8s] epoch 21 step 20800 avg_loss=7.809
[ 380.3s] epoch 21 step 20850 avg_loss=9.700
[ 381.2s] epoch 21 step 20900 avg_loss=9.323
[ 382.2s] epoch 21 step 20950 avg_loss=9.434
[ 383.4s] epoch 21 step 21000 avg_loss=10.177
[ 384.4s] epoch 21 step 21050 avg_loss=9.875
[ 385.4s] epoch 21 step 21100 avg_loss=9.992
[ 386.3s] epoch 21 step 21150 avg_loss=10.336
[ 387.2s] epoch 21 step 21200 avg_loss=10.386
[ 387.8s] epoch 21 step 21250 avg_loss=10.117
[ 388.8s] epoch 21 step 21300 avg_loss=9.914
[ 389.9s] epoch 21 step 21350 avg_loss=10.097
[ 390.9s] epoch 21 step 21400 avg_loss=10.219
[ 391.9s] epoch 21 step 21450 avg_loss=10.144
[ 392.9s] epoch 21 step 21500 avg_loss=10.142
[ 393.8s] epoch 21 step 21550 avg_loss=9.990
[ 394.7s] epoch 21 step 21600 avg_loss=10.038
[ 395.6s] epoch 21 step 21650 avg_loss=10.003
[ 396.5s] epoch 21 step 21700 avg_loss=9.883
[ 397.2s] === epoch 21 done: avg_loss=9.876 (n=988 derivations) ===
[ 397.4s] epoch 22 step 21750 avg_loss=4.974
[ 398.4s] epoch 22 step 21800 avg_loss=6.543
[ 399.4s] epoch 22 step 21850 avg_loss=8.492
[ 400.4s] epoch 22 step 21900 avg_loss=8.728
[ 401.3s] epoch 22 step 21950 avg_loss=9.635
[ 402.3s] epoch 22 step 22000 avg_loss=9.172
[ 403.3s] epoch 22 step 22050 avg_loss=9.206
[ 404.3s] epoch 22 step 22100 avg_loss=8.903
[ 405.3s] epoch 22 step 22150 avg_loss=8.977
[ 406.4s] epoch 22 step 22200 avg_loss=8.924
[ 407.6s] epoch 22 step 22250 avg_loss=9.309
[ 408.5s] epoch 22 step 22300 avg_loss=9.121
[ 409.5s] epoch 22 step 22350 avg_loss=9.017
[ 410.3s] epoch 22 step 22400 avg_loss=8.929
[ 411.1s] epoch 22 step 22450 avg_loss=9.213
[ 411.8s] epoch 22 step 22500 avg_loss=9.231
[ 412.5s] epoch 22 step 22550 avg_loss=9.088
[ 413.3s] epoch 22 step 22600 avg_loss=9.152
[ 414.0s] epoch 22 step 22650 avg_loss=9.303
[ 414.7s] epoch 22 step 22700 avg_loss=9.323
[ 415.1s] === epoch 22 done: avg_loss=9.358 (n=988 derivations) ===
[ 415.5s] epoch 23 step 22750 avg_loss=10.089
[ 416.2s] epoch 23 step 22800 avg_loss=8.631
[ 416.9s] epoch 23 step 22850 avg_loss=8.683
[ 417.7s] epoch 23 step 22900 avg_loss=8.968
[ 418.5s] epoch 23 step 22950 avg_loss=9.311
[ 419.2s] epoch 23 step 23000 avg_loss=8.999
[ 419.9s] epoch 23 step 23050 avg_loss=8.688
[ 420.6s] epoch 23 step 23100 avg_loss=8.608
[ 421.4s] epoch 23 step 23150 avg_loss=8.453
[ 422.1s] epoch 23 step 23200 avg_loss=8.194
[ 422.8s] epoch 23 step 23250 avg_loss=8.241
[ 423.5s] epoch 23 step 23300 avg_loss=8.301
[ 424.2s] epoch 23 step 23350 avg_loss=8.447
[ 425.1s] epoch 23 step 23400 avg_loss=8.426
[ 426.0s] epoch 23 step 23450 avg_loss=8.383
[ 427.0s] epoch 23 step 23500 avg_loss=8.464
[ 428.0s] epoch 23 step 23550 avg_loss=8.459
[ 429.0s] epoch 23 step 23600 avg_loss=8.462
[ 430.1s] epoch 23 step 23650 avg_loss=8.576
[ 431.1s] epoch 23 step 23700 avg_loss=8.795
[ 431.3s] === epoch 23 done: avg_loss=8.817 (n=988 derivations) ===
[ 432.0s] epoch 24 step 23750 avg_loss=6.976
[ 432.9s] epoch 24 step 23800 avg_loss=6.827
[ 433.8s] epoch 24 step 23850 avg_loss=7.367
[ 434.9s] epoch 24 step 23900 avg_loss=8.283
[ 436.2s] eval step=750 train_avg_loss=8.116 dev_rank1_f1=0.4344 dev_edge_p=0.4437 dev_edge_r=0.4255
[ 437.4s] epoch 24 step 23950 avg_loss=9.033
[ 438.5s] epoch 24 step 24000 avg_loss=8.950
[ 439.5s] epoch 24 step 24050 avg_loss=8.728
[ 440.5s] epoch 24 step 24100 avg_loss=8.505
[ 441.4s] epoch 24 step 24150 avg_loss=8.104
[ 442.3s] epoch 24 step 24200 avg_loss=8.102
[ 443.4s] epoch 24 step 24250 avg_loss=8.206
[ 444.4s] epoch 24 step 24300 avg_loss=8.191
[ 445.3s] epoch 24 step 24350 avg_loss=8.230
[ 446.1s] epoch 24 step 24400 avg_loss=8.111
[ 447.1s] epoch 24 step 24450 avg_loss=8.000
[ 448.1s] epoch 24 step 24500 avg_loss=8.012
[ 449.0s] epoch 24 step 24550 avg_loss=8.020
[ 450.1s] epoch 24 step 24600 avg_loss=8.113
[ 450.9s] epoch 24 step 24650 avg_loss=8.031
[ 451.9s] epoch 24 step 24700 avg_loss=8.211
[ 451.9s] === epoch 24 done: avg_loss=8.211 (n=988 derivations) ===
[ 452.8s] epoch 25 step 24750 avg_loss=8.421
[ 453.5s] epoch 25 step 24800 avg_loss=7.855
[ 454.3s] epoch 25 step 24850 avg_loss=8.179
[ 455.1s] epoch 25 step 24900 avg_loss=7.622
[ 455.8s] epoch 25 step 24950 avg_loss=7.549
[ 456.5s] epoch 25 step 25000 avg_loss=7.663
[ 457.1s] epoch 25 step 25050 avg_loss=7.463
[ 458.1s] epoch 25 step 25100 avg_loss=7.940
[ 459.0s] epoch 25 step 25150 avg_loss=7.762
[ 460.0s] epoch 25 step 25200 avg_loss=7.924
[ 461.0s] epoch 25 step 25250 avg_loss=7.940
[ 462.0s] epoch 25 step 25300 avg_loss=7.887
[ 462.9s] epoch 25 step 25350 avg_loss=7.712
[ 463.8s] epoch 25 step 25400 avg_loss=7.805
[ 464.8s] epoch 25 step 25450 avg_loss=7.812
[ 465.7s] epoch 25 step 25500 avg_loss=7.810
[ 466.6s] epoch 25 step 25550 avg_loss=7.782
[ 467.5s] epoch 25 step 25600 avg_loss=7.679
[ 468.3s] epoch 25 step 25650 avg_loss=7.670
[ 468.9s] === epoch 25 done: avg_loss=7.710 (n=988 derivations) ===
[ 469.1s] epoch 26 step 25700 avg_loss=4.790
[ 469.9s] epoch 26 step 25750 avg_loss=7.762
[ 470.7s] epoch 26 step 25800 avg_loss=8.408
[ 471.5s] epoch 26 step 25850 avg_loss=8.411
[ 472.2s] epoch 26 step 25900 avg_loss=8.695
[ 473.2s] epoch 26 step 25950 avg_loss=8.290
[ 474.2s] epoch 26 step 26000 avg_loss=8.028
[ 475.1s] epoch 26 step 26050 avg_loss=7.573
[ 476.0s] epoch 26 step 26100 avg_loss=7.522
[ 476.6s] epoch 26 step 26150 avg_loss=7.237
[ 477.4s] epoch 26 step 26200 avg_loss=7.069
[ 478.2s] epoch 26 step 26250 avg_loss=7.042
[ 478.8s] epoch 26 step 26300 avg_loss=7.062
[ 479.7s] epoch 26 step 26350 avg_loss=6.980
[ 480.8s] epoch 26 step 26400 avg_loss=7.201
[ 481.6s] epoch 26 step 26450 avg_loss=7.043
[ 482.7s] epoch 26 step 26500 avg_loss=7.080
[ 483.8s] epoch 26 step 26550 avg_loss=7.229
[ 484.8s] epoch 26 step 26600 avg_loss=7.284
[ 485.8s] epoch 26 step 26650 avg_loss=7.309
[ 486.3s] === epoch 26 done: avg_loss=7.251 (n=988 derivations) ===
[ 486.8s] epoch 27 step 26700 avg_loss=11.643
[ 487.7s] epoch 27 step 26750 avg_loss=8.882
[ 488.6s] epoch 27 step 26800 avg_loss=6.765
[ 489.5s] epoch 27 step 26850 avg_loss=6.424
[ 490.6s] epoch 27 step 26900 avg_loss=6.388
[ 491.5s] epoch 27 step 26950 avg_loss=6.462
[ 492.4s] epoch 27 step 27000 avg_loss=6.471
[ 493.3s] epoch 27 step 27050 avg_loss=6.254
[ 494.3s] epoch 27 step 27100 avg_loss=6.286
[ 495.3s] epoch 27 step 27150 avg_loss=6.590
[ 496.3s] epoch 27 step 27200 avg_loss=6.972
[ 497.3s] epoch 27 step 27250 avg_loss=6.839
[ 498.2s] epoch 27 step 27300 avg_loss=6.830
[ 499.3s] epoch 27 step 27350 avg_loss=7.019
[ 500.3s] epoch 27 step 27400 avg_loss=6.954
[ 501.2s] epoch 27 step 27450 avg_loss=6.905
[ 502.1s] epoch 27 step 27500 avg_loss=6.802
[ 503.0s] epoch 27 step 27550 avg_loss=6.761
[ 504.0s] epoch 27 step 27600 avg_loss=6.791
[ 504.9s] epoch 27 step 27650 avg_loss=6.744
[ 505.3s] === epoch 27 done: avg_loss=6.807 (n=988 derivations) ===
[ 506.0s] epoch 28 step 27700 avg_loss=7.468
[ 507.0s] epoch 28 step 27750 avg_loss=8.097
[ 508.2s] epoch 28 step 27800 avg_loss=8.167
[ 509.2s] epoch 28 step 27850 avg_loss=8.782
[ 510.2s] epoch 28 step 27900 avg_loss=8.495
[ 511.4s] epoch 28 step 27950 avg_loss=8.220
[ 512.3s] epoch 28 step 28000 avg_loss=8.086
[ 512.9s] epoch 28 step 28050 avg_loss=7.782
[ 513.7s] epoch 28 step 28100 avg_loss=7.524
[ 514.4s] epoch 28 step 28150 avg_loss=7.465
[ 515.2s] epoch 28 step 28200 avg_loss=7.276
[ 516.1s] epoch 28 step 28250 avg_loss=7.145
[ 516.8s] epoch 28 step 28300 avg_loss=6.920
[ 517.6s] epoch 28 step 28350 avg_loss=6.749
[ 518.4s] epoch 28 step 28400 avg_loss=6.629
[ 519.3s] epoch 28 step 28450 avg_loss=6.614
[ 520.1s] epoch 28 step 28500 avg_loss=6.574
[ 520.8s] epoch 28 step 28550 avg_loss=6.512
[ 521.5s] epoch 28 step 28600 avg_loss=6.351
[ 522.3s] epoch 28 step 28650 avg_loss=6.352
[ 522.3s] === epoch 28 done: avg_loss=6.347 (n=988 derivations) ===
[ 523.0s] epoch 29 step 28700 avg_loss=4.455
[ 523.8s] epoch 29 step 28750 avg_loss=5.273
[ 524.6s] epoch 29 step 28800 avg_loss=5.663
[ 525.3s] epoch 29 step 28850 avg_loss=6.200
[ 526.0s] epoch 29 step 28900 avg_loss=6.064
[ 526.8s] epoch 29 step 28950 avg_loss=5.755
[ 527.5s] epoch 29 step 29000 avg_loss=5.857
[ 528.4s] epoch 29 step 29050 avg_loss=6.062
[ 529.2s] epoch 29 step 29100 avg_loss=5.861
[ 530.2s] epoch 29 step 29150 avg_loss=5.978
[ 530.9s] epoch 29 step 29200 avg_loss=6.052
[ 531.8s] epoch 29 step 29250 avg_loss=5.982
[ 532.8s] epoch 29 step 29300 avg_loss=6.038
[ 533.8s] epoch 29 step 29350 avg_loss=6.076
[ 534.8s] epoch 29 step 29400 avg_loss=6.152
[ 535.8s] epoch 29 step 29450 avg_loss=6.228
[ 536.7s] epoch 29 step 29500 avg_loss=6.142
[ 537.5s] epoch 29 step 29550 avg_loss=6.036
[ 538.5s] epoch 29 step 29600 avg_loss=6.083
[ 539.2s] === epoch 29 done: avg_loss=6.063 (n=988 derivations) ===
[ 539.3s] epoch 30 step 29650 avg_loss=2.823
[ 540.0s] epoch 30 step 29700 avg_loss=4.316
[ 540.7s] epoch 30 step 29750 avg_loss=5.173
[ 541.6s] epoch 30 step 29800 avg_loss=5.818
[ 542.4s] epoch 30 step 29850 avg_loss=6.052
[ 543.3s] epoch 30 step 29900 avg_loss=6.182
[ 544.0s] epoch 30 step 29950 avg_loss=6.019
[ 544.7s] epoch 30 step 30000 avg_loss=5.842
[ 545.5s] epoch 30 step 30050 avg_loss=5.851
[ 546.2s] epoch 30 step 30100 avg_loss=5.748
[ 546.9s] epoch 30 step 30150 avg_loss=5.680
[ 547.8s] epoch 30 step 30200 avg_loss=5.728
[ 548.6s] epoch 30 step 30250 avg_loss=5.695
[ 549.4s] epoch 30 step 30300 avg_loss=5.595
[ 550.2s] epoch 30 step 30350 avg_loss=5.534
[ 551.0s] epoch 30 step 30400 avg_loss=5.558
[ 551.7s] epoch 30 step 30450 avg_loss=5.518
[ 552.4s] epoch 30 step 30500 avg_loss=5.557
[ 553.2s] epoch 30 step 30550 avg_loss=5.669
[ 554.3s] epoch 30 step 30600 avg_loss=5.668
[ 554.8s] === epoch 30 done: avg_loss=5.681 (n=988 derivations) ===
[ 555.0s] epoch 31 step 30650 avg_loss=3.749
[ 555.7s] epoch 31 step 30700 avg_loss=4.590
[ 556.4s] epoch 31 step 30750 avg_loss=5.576
[ 557.4s] epoch 31 step 30800 avg_loss=5.465
[ 558.4s] epoch 31 step 30850 avg_loss=5.407
[ 559.4s] epoch 31 step 30900 avg_loss=5.227
[ 560.3s] epoch 31 step 30950 avg_loss=5.262
[ 561.3s] epoch 31 step 31000 avg_loss=5.685
[ 562.0s] epoch 31 step 31050 avg_loss=5.444
[ 562.9s] epoch 31 step 31100 avg_loss=5.471
[ 563.7s] epoch 31 step 31150 avg_loss=5.436
[ 564.4s] epoch 31 step 31200 avg_loss=5.441
[ 565.3s] epoch 31 step 31250 avg_loss=5.518
[ 566.1s] epoch 31 step 31300 avg_loss=5.420
[ 567.2s] epoch 31 step 31350 avg_loss=5.287
[ 568.1s] epoch 31 step 31400 avg_loss=5.203
[ 568.9s] epoch 31 step 31450 avg_loss=5.222
[ 569.9s] epoch 31 step 31500 avg_loss=5.316
[ 570.9s] epoch 31 step 31550 avg_loss=5.254
[ 572.0s] epoch 31 step 31600 avg_loss=5.289
[ 572.2s] === epoch 31 done: avg_loss=5.290 (n=988 derivations) ===
[ 572.9s] epoch 32 step 31650 avg_loss=3.781
[ 574.0s] epoch 32 step 31700 avg_loss=4.465
[ 574.8s] epoch 32 step 31750 avg_loss=5.095
[ 576.0s] epoch 32 step 31800 avg_loss=5.090
[ 577.0s] epoch 32 step 31850 avg_loss=4.819
[ 578.6s] eval step=1000 train_avg_loss=5.001 dev_rank1_f1=0.4433 dev_edge_p=0.4376 dev_edge_r=0.4492
[ 579.3s] epoch 32 step 31900 avg_loss=5.025
[ 580.3s] epoch 32 step 31950 avg_loss=4.924
[ 581.5s] epoch 32 step 32000 avg_loss=4.939
[ 582.5s] epoch 32 step 32050 avg_loss=5.078
[ 583.6s] epoch 32 step 32100 avg_loss=5.116
[ 584.7s] epoch 32 step 32150 avg_loss=5.144
[ 585.8s] epoch 32 step 32200 avg_loss=5.193
[ 586.9s] epoch 32 step 32250 avg_loss=5.228
[ 587.8s] epoch 32 step 32300 avg_loss=5.130
[ 588.7s] epoch 32 step 32350 avg_loss=5.081
[ 589.4s] epoch 32 step 32400 avg_loss=4.916
[ 590.4s] epoch 32 step 32450 avg_loss=4.958
[ 591.5s] epoch 32 step 32500 avg_loss=5.000
[ 592.5s] epoch 32 step 32550 avg_loss=4.957
[ 593.5s] epoch 32 step 32600 avg_loss=5.043
[ 593.6s] === epoch 32 done: avg_loss=5.067 (n=988 derivations) ===
[ 594.5s] epoch 33 step 32650 avg_loss=4.336
[ 595.4s] epoch 33 step 32700 avg_loss=4.369
[ 596.2s] epoch 33 step 32750 avg_loss=3.774
[ 597.2s] epoch 33 step 32800 avg_loss=4.031
[ 598.0s] epoch 33 step 32850 avg_loss=3.705
[ 599.0s] epoch 33 step 32900 avg_loss=3.926
[ 600.0s] epoch 33 step 32950 avg_loss=4.155
[ 600.9s] epoch 33 step 33000 avg_loss=4.116
[ 601.8s] epoch 33 step 33050 avg_loss=4.157
[ 602.7s] epoch 33 step 33100 avg_loss=4.143
[ 603.8s] epoch 33 step 33150 avg_loss=4.364
[ 604.7s] epoch 33 step 33200 avg_loss=4.349
[ 605.5s] epoch 33 step 33250 avg_loss=4.352
[ 606.6s] epoch 33 step 33300 avg_loss=4.502
[ 607.6s] epoch 33 step 33350 avg_loss=4.588
[ 608.7s] epoch 33 step 33400 avg_loss=4.660
[ 609.7s] epoch 33 step 33450 avg_loss=4.733
[ 610.5s] epoch 33 step 33500 avg_loss=4.674
[ 611.5s] epoch 33 step 33550 avg_loss=4.699
[ 612.4s] === epoch 33 done: avg_loss=4.730 (n=988 derivations) ===
[ 612.6s] epoch 34 step 33600 avg_loss=4.666
[ 613.5s] epoch 34 step 33650 avg_loss=3.702
[ 614.5s] epoch 34 step 33700 avg_loss=4.174
[ 615.4s] epoch 34 step 33750 avg_loss=4.148
[ 616.3s] epoch 34 step 33800 avg_loss=4.015
[ 617.3s] epoch 34 step 33850 avg_loss=4.073
[ 618.2s] epoch 34 step 33900 avg_loss=3.865
[ 619.2s] epoch 34 step 33950 avg_loss=4.078
[ 620.1s] epoch 34 step 34000 avg_loss=4.092
[ 620.7s] epoch 34 step 34050 avg_loss=4.015
[ 621.4s] epoch 34 step 34100 avg_loss=3.921
[ 622.4s] epoch 34 step 34150 avg_loss=4.102
[ 623.2s] epoch 34 step 34200 avg_loss=4.075
[ 624.1s] epoch 34 step 34250 avg_loss=4.067
[ 625.0s] epoch 34 step 34300 avg_loss=4.191
[ 625.7s] epoch 34 step 34350 avg_loss=4.164
[ 626.6s] epoch 34 step 34400 avg_loss=4.323
[ 627.3s] epoch 34 step 34450 avg_loss=4.344
[ 628.1s] epoch 34 step 34500 avg_loss=4.497
[ 628.9s] epoch 34 step 34550 avg_loss=4.552
[ 629.3s] === epoch 34 done: avg_loss=4.484 (n=988 derivations) ===
[ 629.7s] epoch 35 step 34600 avg_loss=4.632
[ 630.5s] epoch 35 step 34650 avg_loss=3.547
[ 631.4s] epoch 35 step 34700 avg_loss=3.079
[ 632.4s] epoch 35 step 34750 avg_loss=4.201
[ 633.4s] epoch 35 step 34800 avg_loss=4.329
[ 634.3s] epoch 35 step 34850 avg_loss=4.540
[ 635.2s] epoch 35 step 34900 avg_loss=4.376
[ 636.0s] epoch 35 step 34950 avg_loss=4.336
[ 637.0s] epoch 35 step 35000 avg_loss=4.371
[ 638.1s] epoch 35 step 35050 avg_loss=4.285
[ 639.2s] epoch 35 step 35100 avg_loss=4.377
[ 640.1s] epoch 35 step 35150 avg_loss=4.199
[ 641.1s] epoch 35 step 35200 avg_loss=4.099
[ 642.0s] epoch 35 step 35250 avg_loss=3.999
[ 643.2s] epoch 35 step 35300 avg_loss=4.092
[ 644.1s] epoch 35 step 35350 avg_loss=4.026
[ 645.2s] epoch 35 step 35400 avg_loss=4.021
[ 646.3s] epoch 35 step 35450 avg_loss=4.014
[ 647.6s] epoch 35 step 35500 avg_loss=4.108
[ 648.5s] epoch 35 step 35550 avg_loss=4.138
[ 648.9s] === epoch 35 done: avg_loss=4.141 (n=988 derivations) ===
[ 649.6s] epoch 36 step 35600 avg_loss=4.400
[ 650.7s] epoch 36 step 35650 avg_loss=4.329
[ 651.7s] epoch 36 step 35700 avg_loss=4.336
[ 652.7s] epoch 36 step 35750 avg_loss=3.876
[ 653.7s] epoch 36 step 35800 avg_loss=3.810
[ 654.7s] epoch 36 step 35850 avg_loss=3.670
[ 655.8s] epoch 36 step 35900 avg_loss=3.868
[ 656.8s] epoch 36 step 35950 avg_loss=3.775
[ 657.8s] epoch 36 step 36000 avg_loss=3.686
[ 658.7s] epoch 36 step 36050 avg_loss=3.827
[ 659.9s] epoch 36 step 36100 avg_loss=4.003
[ 660.9s] epoch 36 step 36150 avg_loss=4.081
[ 661.9s] epoch 36 step 36200 avg_loss=4.010
[ 663.0s] epoch 36 step 36250 avg_loss=3.978
[ 664.1s] epoch 36 step 36300 avg_loss=4.053
[ 665.2s] epoch 36 step 36350 avg_loss=4.086
[ 666.1s] epoch 36 step 36400 avg_loss=3.999
[ 667.2s] epoch 36 step 36450 avg_loss=3.987
[ 668.1s] epoch 36 step 36500 avg_loss=3.993
[ 669.2s] epoch 36 step 36550 avg_loss=4.081
[ 669.3s] === epoch 36 done: avg_loss=4.066 (n=988 derivations) ===
[ 670.2s] epoch 37 step 36600 avg_loss=4.038
[ 671.2s] epoch 37 step 36650 avg_loss=3.697
[ 672.3s] epoch 37 step 36700 avg_loss=3.899
[ 673.3s] epoch 37 step 36750 avg_loss=3.782
[ 674.2s] epoch 37 step 36800 avg_loss=3.427
[ 675.1s] epoch 37 step 36850 avg_loss=3.297
[ 676.1s] epoch 37 step 36900 avg_loss=3.242
[ 677.2s] epoch 37 step 36950 avg_loss=3.397
[ 678.2s] epoch 37 step 37000 avg_loss=3.532
[ 679.4s] epoch 37 step 37050 avg_loss=3.656
[ 680.5s] epoch 37 step 37100 avg_loss=3.717
[ 681.3s] epoch 37 step 37150 avg_loss=3.720
[ 682.1s] epoch 37 step 37200 avg_loss=3.629
[ 683.1s] epoch 37 step 37250 avg_loss=3.583
[ 683.9s] epoch 37 step 37300 avg_loss=3.648
[ 684.8s] epoch 37 step 37350 avg_loss=3.719
[ 685.8s] epoch 37 step 37400 avg_loss=3.935
[ 686.7s] epoch 37 step 37450 avg_loss=3.843
[ 687.6s] epoch 37 step 37500 avg_loss=3.737
[ 688.3s] === epoch 37 done: avg_loss=3.753 (n=988 derivations) ===
[ 688.4s] epoch 38 step 37550 avg_loss=0.281
[ 689.3s] epoch 38 step 37600 avg_loss=3.911
[ 690.6s] epoch 38 step 37650 avg_loss=5.110
[ 691.5s] epoch 38 step 37700 avg_loss=4.314
[ 692.3s] epoch 38 step 37750 avg_loss=4.400
[ 693.1s] epoch 38 step 37800 avg_loss=4.317
[ 693.8s] epoch 38 step 37850 avg_loss=4.311
[ 694.6s] epoch 38 step 37900 avg_loss=4.216
[ 695.2s] epoch 38 step 37950 avg_loss=3.978
[ 695.9s] epoch 38 step 38000 avg_loss=3.858
[ 696.7s] epoch 38 step 38050 avg_loss=3.850
[ 697.5s] epoch 38 step 38100 avg_loss=3.703
[ 698.3s] epoch 38 step 38150 avg_loss=3.629
[ 699.0s] epoch 38 step 38200 avg_loss=3.541
[ 699.8s] epoch 38 step 38250 avg_loss=3.604
[ 700.7s] epoch 38 step 38300 avg_loss=3.672
[ 701.4s] epoch 38 step 38350 avg_loss=3.601
[ 702.1s] epoch 38 step 38400 avg_loss=3.593
[ 702.7s] epoch 38 step 38450 avg_loss=3.513
[ 703.5s] epoch 38 step 38500 avg_loss=3.534
[ 704.0s] === epoch 38 done: avg_loss=3.558 (n=988 derivations) ===
[ 704.3s] epoch 39 step 38550 avg_loss=3.742
[ 705.0s] epoch 39 step 38600 avg_loss=3.086
[ 705.7s] epoch 39 step 38650 avg_loss=3.733
[ 706.5s] epoch 39 step 38700 avg_loss=3.345
[ 707.2s] epoch 39 step 38750 avg_loss=3.089
[ 707.8s] epoch 39 step 38800 avg_loss=2.939
[ 708.6s] epoch 39 step 38850 avg_loss=3.527
[ 709.4s] epoch 39 step 38900 avg_loss=3.390
[ 710.1s] epoch 39 step 38950 avg_loss=3.238
[ 711.2s] epoch 39 step 39000 avg_loss=3.423
[ 712.1s] epoch 39 step 39050 avg_loss=3.374
[ 713.1s] epoch 39 step 39100 avg_loss=3.374
[ 714.2s] epoch 39 step 39150 avg_loss=3.408
[ 715.1s] epoch 39 step 39200 avg_loss=3.318
[ 716.2s] epoch 39 step 39250 avg_loss=3.394
[ 717.3s] epoch 39 step 39300 avg_loss=3.299
[ 718.4s] epoch 39 step 39350 avg_loss=3.317
[ 719.6s] epoch 39 step 39400 avg_loss=3.348
[ 720.5s] epoch 39 step 39450 avg_loss=3.367
[ 721.6s] epoch 39 step 39500 avg_loss=3.396
[ 722.0s] === epoch 39 done: avg_loss=3.378 (n=988 derivations) ===
[ 722.6s] epoch 40 step 39550 avg_loss=4.543
[ 723.4s] epoch 40 step 39600 avg_loss=4.853
[ 724.4s] epoch 40 step 39650 avg_loss=4.652
[ 725.1s] epoch 40 step 39700 avg_loss=3.830
[ 725.8s] epoch 40 step 39750 avg_loss=3.858
[ 726.6s] epoch 40 step 39800 avg_loss=3.722
[ 728.2s] eval step=1250 train_avg_loss=3.582 dev_rank1_f1=0.4284 dev_edge_p=0.4306 dev_edge_r=0.4262
[ 728.3s] epoch 40 step 39850 avg_loss=3.584
[ 729.2s] epoch 40 step 39900 avg_loss=3.431
[ 730.0s] epoch 40 step 39950 avg_loss=3.435
[ 730.7s] epoch 40 step 40000 avg_loss=3.374
[ 731.5s] epoch 40 step 40050 avg_loss=3.286
[ 732.3s] epoch 40 step 40100 avg_loss=3.309
[ 733.0s] epoch 40 step 40150 avg_loss=3.245
[ 733.8s] epoch 40 step 40200 avg_loss=3.232
[ 734.5s] epoch 40 step 40250 avg_loss=3.276
[ 735.2s] epoch 40 step 40300 avg_loss=3.270
[ 736.0s] epoch 40 step 40350 avg_loss=3.273
[ 736.8s] epoch 40 step 40400 avg_loss=3.269
[ 737.6s] epoch 40 step 40450 avg_loss=3.194
[ 738.3s] epoch 40 step 40500 avg_loss=3.195
[ 738.4s] === epoch 40 done: avg_loss=3.178 (n=988 derivations) ===
[ 739.0s] epoch 41 step 40550 avg_loss=2.897
[ 739.7s] epoch 41 step 40600 avg_loss=3.798
[ 740.5s] epoch 41 step 40650 avg_loss=3.478
[ 741.3s] epoch 41 step 40700 avg_loss=3.747
[ 742.0s] epoch 41 step 40750 avg_loss=3.513
[ 742.7s] epoch 41 step 40800 avg_loss=3.276
[ 743.6s] epoch 41 step 40850 avg_loss=3.505
[ 744.4s] epoch 41 step 40900 avg_loss=3.449
[ 745.2s] epoch 41 step 40950 avg_loss=3.265
[ 745.9s] epoch 41 step 41000 avg_loss=3.294
[ 746.6s] epoch 41 step 41050 avg_loss=3.216
[ 747.3s] epoch 41 step 41100 avg_loss=3.082
[ 748.0s] epoch 41 step 41150 avg_loss=3.056
[ 748.7s] epoch 41 step 41200 avg_loss=3.036
[ 749.3s] epoch 41 step 41250 avg_loss=3.003
[ 750.1s] epoch 41 step 41300 avg_loss=3.011
[ 751.1s] epoch 41 step 41350 avg_loss=3.112
[ 751.8s] epoch 41 step 41400 avg_loss=3.077
[ 752.4s] epoch 41 step 41450 avg_loss=3.073
[ 753.0s] === epoch 41 done: avg_loss=3.022 (n=988 derivations) ===
[ 753.1s] epoch 42 step 41500 avg_loss=6.529
[ 753.8s] epoch 42 step 41550 avg_loss=3.600
[ 754.4s] epoch 42 step 41600 avg_loss=2.881
[ 755.1s] epoch 42 step 41650 avg_loss=2.443
[ 755.9s] epoch 42 step 41700 avg_loss=2.692
[ 756.6s] epoch 42 step 41750 avg_loss=2.645
[ 757.4s] epoch 42 step 41800 avg_loss=2.829
[ 758.1s] epoch 42 step 41850 avg_loss=3.006
[ 758.9s] epoch 42 step 41900 avg_loss=2.911
[ 759.7s] epoch 42 step 41950 avg_loss=2.960
[ 760.5s] epoch 42 step 42000 avg_loss=2.972
[ 761.1s] epoch 42 step 42050 avg_loss=2.918
[ 761.9s] epoch 42 step 42100 avg_loss=2.868
[ 762.7s] epoch 42 step 42150 avg_loss=2.863
[ 763.4s] epoch 42 step 42200 avg_loss=2.884
[ 764.1s] epoch 42 step 42250 avg_loss=2.864
[ 764.8s] epoch 42 step 42300 avg_loss=2.823
[ 765.5s] epoch 42 step 42350 avg_loss=2.781
[ 766.2s] epoch 42 step 42400 avg_loss=2.806
[ 766.9s] epoch 42 step 42450 avg_loss=2.840
[ 767.3s] === epoch 42 done: avg_loss=2.813 (n=988 derivations) ===
[ 767.6s] epoch 43 step 42500 avg_loss=2.195
[ 768.6s] epoch 43 step 42550 avg_loss=2.365
[ 769.6s] epoch 43 step 42600 avg_loss=2.733
[ 770.6s] epoch 43 step 42650 avg_loss=2.510
[ 771.6s] epoch 43 step 42700 avg_loss=2.597
[ 772.5s] epoch 43 step 42750 avg_loss=2.446
[ 773.3s] epoch 43 step 42800 avg_loss=2.456
[ 774.1s] epoch 43 step 42850 avg_loss=2.389
[ 774.9s] epoch 43 step 42900 avg_loss=2.406
[ 776.0s] epoch 43 step 42950 avg_loss=2.408
[ 777.0s] epoch 43 step 43000 avg_loss=2.461
[ 778.2s] epoch 43 step 43050 avg_loss=2.652
[ 779.0s] epoch 43 step 43100 avg_loss=2.703
[ 779.9s] epoch 43 step 43150 avg_loss=2.674
[ 780.9s] epoch 43 step 43200 avg_loss=2.664
[ 781.7s] epoch 43 step 43250 avg_loss=2.605
[ 782.5s] epoch 43 step 43300 avg_loss=2.661
[ 783.2s] epoch 43 step 43350 avg_loss=2.716
[ 783.9s] epoch 43 step 43400 avg_loss=2.657
[ 784.5s] epoch 43 step 43450 avg_loss=2.595
[ 784.9s] === epoch 43 done: avg_loss=2.654 (n=988 derivations) ===
[ 785.3s] epoch 44 step 43500 avg_loss=2.652
[ 786.0s] epoch 44 step 43550 avg_loss=2.122
[ 786.7s] epoch 44 step 43600 avg_loss=2.133
[ 787.4s] epoch 44 step 43650 avg_loss=2.221
[ 788.2s] epoch 44 step 43700 avg_loss=2.428
[ 788.9s] epoch 44 step 43750 avg_loss=2.684
[ 789.5s] epoch 44 step 43800 avg_loss=2.513
[ 790.3s] epoch 44 step 43850 avg_loss=2.650
[ 791.0s] epoch 44 step 43900 avg_loss=2.761
[ 791.9s] epoch 44 step 43950 avg_loss=2.807
[ 792.9s] epoch 44 step 44000 avg_loss=2.879
[ 793.9s] epoch 44 step 44050 avg_loss=2.895
[ 794.8s] epoch 44 step 44100 avg_loss=2.905
[ 795.8s] epoch 44 step 44150 avg_loss=2.851
[ 796.6s] epoch 44 step 44200 avg_loss=2.773
[ 797.5s] epoch 44 step 44250 avg_loss=2.728
[ 798.2s] epoch 44 step 44300 avg_loss=2.642
[ 799.0s] epoch 44 step 44350 avg_loss=2.689
[ 799.8s] epoch 44 step 44400 avg_loss=2.683
[ 800.5s] epoch 44 step 44450 avg_loss=2.657
[ 800.7s] === epoch 44 done: avg_loss=2.668 (n=988 derivations) ===
[ 801.3s] epoch 45 step 44500 avg_loss=3.656
[ 802.1s] epoch 45 step 44550 avg_loss=2.736
[ 803.0s] epoch 45 step 44600 avg_loss=2.426
[ 803.9s] epoch 45 step 44650 avg_loss=2.305
[ 804.9s] epoch 45 step 44700 avg_loss=2.596
[ 805.9s] epoch 45 step 44750 avg_loss=2.654
[ 806.7s] epoch 45 step 44800 avg_loss=2.565
[ 807.5s] epoch 45 step 44850 avg_loss=2.572
[ 808.3s] epoch 45 step 44900 avg_loss=2.514
[ 809.1s] epoch 45 step 44950 avg_loss=2.529
[ 809.8s] epoch 45 step 45000 avg_loss=2.471
[ 810.6s] epoch 45 step 45050 avg_loss=2.436
[ 811.3s] epoch 45 step 45100 avg_loss=2.368
[ 812.1s] epoch 45 step 45150 avg_loss=2.457
[ 812.8s] epoch 45 step 45200 avg_loss=2.426
[ 813.6s] epoch 45 step 45250 avg_loss=2.396
[ 814.4s] epoch 45 step 45300 avg_loss=2.442
[ 815.0s] epoch 45 step 45350 avg_loss=2.408
[ 815.9s] epoch 45 step 45400 avg_loss=2.393
[ 816.7s] === epoch 45 done: avg_loss=2.477 (n=988 derivations) ===
[ 816.8s] epoch 46 step 45450 avg_loss=2.083
[ 817.6s] epoch 46 step 45500 avg_loss=2.379
[ 818.6s] epoch 46 step 45550 avg_loss=2.526
[ 819.4s] epoch 46 step 45600 avg_loss=2.544
[ 820.2s] epoch 46 step 45650 avg_loss=2.467
[ 821.0s] epoch 46 step 45700 avg_loss=2.604
[ 821.6s] epoch 46 step 45750 avg_loss=2.311
[ 822.3s] epoch 46 step 45800 avg_loss=2.176
[ 823.2s] epoch 46 step 45850 avg_loss=2.137
[ 823.9s] epoch 46 step 45900 avg_loss=2.280
[ 824.7s] epoch 46 step 45950 avg_loss=2.251
[ 825.5s] epoch 46 step 46000 avg_loss=2.430
[ 826.3s] epoch 46 step 46050 avg_loss=2.372
[ 827.0s] epoch 46 step 46100 avg_loss=2.300
[ 828.1s] epoch 46 step 46150 avg_loss=2.319
[ 829.2s] epoch 46 step 46200 avg_loss=2.411
[ 830.2s] epoch 46 step 46250 avg_loss=2.374
[ 830.8s] epoch 46 step 46300 avg_loss=2.341
[ 831.6s] epoch 46 step 46350 avg_loss=2.324
[ 832.2s] epoch 46 step 46400 avg_loss=2.357
[ 832.7s] === epoch 46 done: avg_loss=2.346 (n=988 derivations) ===
[ 832.8s] epoch 47 step 46450 avg_loss=0.807
[ 833.6s] epoch 47 step 46500 avg_loss=2.293
[ 834.3s] epoch 47 step 46550 avg_loss=1.673
[ 835.1s] epoch 47 step 46600 avg_loss=1.811
[ 835.9s] epoch 47 step 46650 avg_loss=1.957
[ 836.6s] epoch 47 step 46700 avg_loss=1.930
[ 837.3s] epoch 47 step 46750 avg_loss=1.927
[ 838.0s] epoch 47 step 46800 avg_loss=1.907
[ 838.8s] epoch 47 step 46850 avg_loss=1.929
[ 839.5s] epoch 47 step 46900 avg_loss=1.961
[ 840.3s] epoch 47 step 46950 avg_loss=2.008
[ 841.1s] epoch 47 step 47000 avg_loss=2.068
[ 842.0s] epoch 47 step 47050 avg_loss=2.191
[ 842.7s] epoch 47 step 47100 avg_loss=2.211
[ 843.4s] epoch 47 step 47150 avg_loss=2.223
[ 844.2s] epoch 47 step 47200 avg_loss=2.249
[ 845.0s] epoch 47 step 47250 avg_loss=2.271
[ 845.7s] epoch 47 step 47300 avg_loss=2.213
[ 846.4s] epoch 47 step 47350 avg_loss=2.286
[ 847.1s] epoch 47 step 47400 avg_loss=2.250
[ 847.4s] === epoch 47 done: avg_loss=2.256 (n=988 derivations) ===
[ 847.8s] epoch 48 step 47450 avg_loss=2.529
[ 848.5s] epoch 48 step 47500 avg_loss=1.523
[ 849.3s] epoch 48 step 47550 avg_loss=1.685
[ 850.0s] epoch 48 step 47600 avg_loss=1.607
[ 850.7s] epoch 48 step 47650 avg_loss=1.656
[ 851.4s] epoch 48 step 47700 avg_loss=1.594
[ 852.3s] epoch 48 step 47750 avg_loss=1.771
[ 853.1s] epoch 48 step 47800 avg_loss=1.986
[ 854.1s] eval step=1500 train_avg_loss=1.980 dev_rank1_f1=0.4438 dev_edge_p=0.4565 dev_edge_r=0.4317
[ 854.9s] epoch 48 step 47850 avg_loss=2.192
[ 855.7s] epoch 48 step 47900 avg_loss=2.214
[ 856.5s] epoch 48 step 47950 avg_loss=2.132
[ 857.4s] epoch 48 step 48000 avg_loss=2.228
[ 858.0s] epoch 48 step 48050 avg_loss=2.178
[ 858.7s] epoch 48 step 48100 avg_loss=2.147
[ 859.4s] epoch 48 step 48150 avg_loss=2.103
[ 860.2s] epoch 48 step 48200 avg_loss=2.217
[ 860.9s] epoch 48 step 48250 avg_loss=2.139
[ 861.6s] epoch 48 step 48300 avg_loss=2.163
[ 862.2s] epoch 48 step 48350 avg_loss=2.101
[ 863.0s] epoch 48 step 48400 avg_loss=2.091
[ 863.2s] === epoch 48 done: avg_loss=2.086 (n=988 derivations) ===
[ 863.9s] epoch 49 step 48450 avg_loss=3.567
[ 864.7s] epoch 49 step 48500 avg_loss=3.088
[ 865.5s] epoch 49 step 48550 avg_loss=2.591
[ 866.3s] epoch 49 step 48600 avg_loss=2.404
[ 867.2s] epoch 49 step 48650 avg_loss=2.264
[ 868.0s] epoch 49 step 48700 avg_loss=2.107
[ 868.9s] epoch 49 step 48750 avg_loss=2.044
[ 870.0s] epoch 49 step 48800 avg_loss=1.928
[ 871.2s] epoch 49 step 48850 avg_loss=2.005
[ 872.2s] epoch 49 step 48900 avg_loss=2.004
[ 873.1s] epoch 49 step 48950 avg_loss=2.083
[ 874.0s] epoch 49 step 49000 avg_loss=2.109
[ 875.0s] epoch 49 step 49050 avg_loss=2.060
[ 876.0s] epoch 49 step 49100 avg_loss=2.017
[ 876.9s] epoch 49 step 49150 avg_loss=1.992
[ 877.8s] epoch 49 step 49200 avg_loss=1.970
[ 878.5s] epoch 49 step 49250 avg_loss=1.925
[ 879.5s] epoch 49 step 49300 avg_loss=1.873
[ 880.6s] epoch 49 step 49350 avg_loss=2.033
[ 881.8s] epoch 49 step 49400 avg_loss=2.026
[ 881.8s] === epoch 49 done: avg_loss=2.026 (n=988 derivations) ===
[ 883.2s] epoch 50 step 49450 avg_loss=3.476
[ 884.2s] epoch 50 step 49500 avg_loss=2.497
[ 885.1s] epoch 50 step 49550 avg_loss=2.515
[ 886.2s] epoch 50 step 49600 avg_loss=2.217
[ 887.2s] epoch 50 step 49650 avg_loss=2.126
[ 888.2s] epoch 50 step 49700 avg_loss=2.000
[ 889.3s] epoch 50 step 49750 avg_loss=2.138
[ 890.4s] epoch 50 step 49800 avg_loss=2.186
[ 891.4s] epoch 50 step 49850 avg_loss=2.137
[ 892.2s] epoch 50 step 49900 avg_loss=2.084
[ 893.0s] epoch 50 step 49950 avg_loss=2.053
[ 894.1s] epoch 50 step 50000 avg_loss=2.133
[ 894.9s] epoch 50 step 50050 avg_loss=2.035
[ 895.8s] epoch 50 step 50100 avg_loss=1.981
[ 896.8s] epoch 50 step 50150 avg_loss=1.945
[ 897.6s] epoch 50 step 50200 avg_loss=1.899
[ 898.5s] epoch 50 step 50250 avg_loss=1.910
[ 899.4s] epoch 50 step 50300 avg_loss=1.887
[ 900.4s] epoch 50 step 50350 avg_loss=1.884
[ 901.0s] === epoch 50 done: avg_loss=1.896 (n=988 derivations) ===
[ 901.2s] epoch 51 step 50400 avg_loss=0.483
[ 902.2s] epoch 51 step 50450 avg_loss=2.022
[ 903.1s] epoch 51 step 50500 avg_loss=1.606
[ 904.0s] epoch 51 step 50550 avg_loss=1.595
[ 905.0s] epoch 51 step 50600 avg_loss=1.770
[ 906.1s] epoch 51 step 50650 avg_loss=1.867
[ 907.0s] epoch 51 step 50700 avg_loss=1.802
[ 907.9s] epoch 51 step 50750 avg_loss=1.686
[ 909.2s] epoch 51 step 50800 avg_loss=1.823
[ 910.3s] epoch 51 step 50850 avg_loss=1.794
[ 911.2s] epoch 51 step 50900 avg_loss=1.757
[ 912.2s] epoch 51 step 50950 avg_loss=1.764
[ 913.3s] epoch 51 step 51000 avg_loss=1.737
[ 914.2s] epoch 51 step 51050 avg_loss=1.707
[ 915.3s] epoch 51 step 51100 avg_loss=1.748
[ 916.3s] epoch 51 step 51150 avg_loss=1.755
[ 917.4s] epoch 51 step 51200 avg_loss=1.782
[ 918.5s] epoch 51 step 51250 avg_loss=1.766
[ 919.5s] epoch 51 step 51300 avg_loss=1.782
[ 920.4s] epoch 51 step 51350 avg_loss=1.754
[ 920.9s] === epoch 51 done: avg_loss=1.769 (n=988 derivations) ===
[ 921.4s] epoch 52 step 51400 avg_loss=1.811
[ 922.4s] epoch 52 step 51450 avg_loss=1.951
[ 923.3s] epoch 52 step 51500 avg_loss=1.518
[ 924.1s] epoch 52 step 51550 avg_loss=1.308
[ 925.0s] epoch 52 step 51600 avg_loss=1.452
[ 926.3s] epoch 52 step 51650 avg_loss=1.484
[ 927.4s] epoch 52 step 51700 avg_loss=1.474
[ 928.4s] epoch 52 step 51750 avg_loss=1.624
[ 929.5s] epoch 52 step 51800 avg_loss=1.693
[ 930.7s] epoch 52 step 51850 avg_loss=1.682
[ 931.6s] epoch 52 step 51900 avg_loss=1.627
[ 932.6s] epoch 52 step 51950 avg_loss=1.659
[ 933.6s] epoch 52 step 52000 avg_loss=1.596
[ 934.6s] epoch 52 step 52050 avg_loss=1.607
[ 935.6s] epoch 52 step 52100 avg_loss=1.579
[ 936.7s] epoch 52 step 52150 avg_loss=1.588
[ 937.8s] epoch 52 step 52200 avg_loss=1.644
[ 939.0s] epoch 52 step 52250 avg_loss=1.698
[ 939.9s] epoch 52 step 52300 avg_loss=1.670
[ 940.9s] epoch 52 step 52350 avg_loss=1.667
[ 941.3s] === epoch 52 done: avg_loss=1.670 (n=988 derivations) ===
[ 942.2s] epoch 53 step 52400 avg_loss=1.598
[ 943.1s] epoch 53 step 52450 avg_loss=1.205
[ 944.2s] epoch 53 step 52500 avg_loss=1.634
[ 945.1s] epoch 53 step 52550 avg_loss=1.853
[ 946.2s] epoch 53 step 52600 avg_loss=2.014
[ 947.2s] epoch 53 step 52650 avg_loss=1.836
[ 948.1s] epoch 53 step 52700 avg_loss=1.705
[ 949.1s] epoch 53 step 52750 avg_loss=1.834
[ 950.1s] epoch 53 step 52800 avg_loss=1.915
[ 951.2s] epoch 53 step 52850 avg_loss=1.889
[ 952.2s] epoch 53 step 52900 avg_loss=1.864
[ 953.2s] epoch 53 step 52950 avg_loss=1.827
[ 954.3s] epoch 53 step 53000 avg_loss=1.750
[ 955.3s] epoch 53 step 53050 avg_loss=1.702
[ 956.3s] epoch 53 step 53100 avg_loss=1.695
[ 957.4s] epoch 53 step 53150 avg_loss=1.710
[ 958.5s] epoch 53 step 53200 avg_loss=1.704
[ 959.5s] epoch 53 step 53250 avg_loss=1.674
[ 960.5s] epoch 53 step 53300 avg_loss=1.669
[ 961.5s] epoch 53 step 53350 avg_loss=1.653
[ 961.6s] === epoch 53 done: avg_loss=1.650 (n=988 derivations) ===
[ 962.3s] epoch 54 step 53400 avg_loss=0.946
[ 963.4s] epoch 54 step 53450 avg_loss=1.710
[ 964.4s] epoch 54 step 53500 avg_loss=1.703
[ 965.4s] epoch 54 step 53550 avg_loss=1.670
[ 966.3s] epoch 54 step 53600 avg_loss=1.509
[ 967.4s] epoch 54 step 53650 avg_loss=1.383
[ 968.2s] epoch 54 step 53700 avg_loss=1.347
[ 968.9s] epoch 54 step 53750 avg_loss=1.509
[ 969.8s] epoch 54 step 53800 avg_loss=1.489
[ 970.6s] epoch 54 step 53850 avg_loss=1.576
[ 971.3s] epoch 54 step 53900 avg_loss=1.612
[ 972.1s] epoch 54 step 53950 avg_loss=1.644
[ 972.9s] epoch 54 step 54000 avg_loss=1.569
[ 973.7s] epoch 54 step 54050 avg_loss=1.540
[ 974.5s] epoch 54 step 54100 avg_loss=1.519
[ 975.3s] epoch 54 step 54150 avg_loss=1.484
[ 976.0s] epoch 54 step 54200 avg_loss=1.494
[ 976.7s] epoch 54 step 54250 avg_loss=1.507
[ 977.6s] epoch 54 step 54300 avg_loss=1.544
[ 978.3s] === epoch 54 done: avg_loss=1.517 (n=988 derivations) ===
[ 978.5s] epoch 55 step 54350 avg_loss=1.131
[ 979.3s] epoch 55 step 54400 avg_loss=0.945
[ 980.1s] epoch 55 step 54450 avg_loss=1.650
[ 980.7s] epoch 55 step 54500 avg_loss=1.639
[ 981.6s] epoch 55 step 54550 avg_loss=1.559
[ 982.4s] epoch 55 step 54600 avg_loss=1.545
[ 983.1s] epoch 55 step 54650 avg_loss=1.423
[ 983.9s] epoch 55 step 54700 avg_loss=1.434
[ 984.7s] epoch 55 step 54750 avg_loss=1.479
[ 985.3s] epoch 55 step 54800 avg_loss=1.415
[ 986.1s] epoch 55 step 54850 avg_loss=1.531
[ 986.9s] epoch 55 step 54900 avg_loss=1.522
[ 987.7s] epoch 55 step 54950 avg_loss=1.483
[ 988.5s] epoch 55 step 55000 avg_loss=1.518
[ 989.2s] epoch 55 step 55050 avg_loss=1.521
[ 989.9s] epoch 55 step 55100 avg_loss=1.506
[ 990.6s] epoch 55 step 55150 avg_loss=1.459
[ 991.2s] epoch 55 step 55200 avg_loss=1.457
[ 992.0s] epoch 55 step 55250 avg_loss=1.421
[ 992.8s] epoch 55 step 55300 avg_loss=1.392
[ 993.2s] === epoch 55 done: avg_loss=1.479 (n=988 derivations) ===
[ 993.5s] epoch 56 step 55350 avg_loss=0.930
[ 994.2s] epoch 56 step 55400 avg_loss=0.667
[ 995.0s] epoch 56 step 55450 avg_loss=0.769
[ 995.8s] epoch 56 step 55500 avg_loss=1.424
[ 996.6s] epoch 56 step 55550 avg_loss=1.493
[ 997.3s] epoch 56 step 55600 avg_loss=1.362
[ 998.1s] epoch 56 step 55650 avg_loss=1.382
[ 998.8s] epoch 56 step 55700 avg_loss=1.469
[ 999.5s] epoch 56 step 55750 avg_loss=1.483
[1000.8s] eval step=1750 train_avg_loss=1.486 dev_rank1_f1=0.4626 dev_edge_p=0.4770 dev_edge_r=0.4491
[1001.3s] epoch 56 step 55800 avg_loss=1.500
[1002.1s] epoch 56 step 55850 avg_loss=1.440
[1002.8s] epoch 56 step 55900 avg_loss=1.401
[1003.5s] epoch 56 step 55950 avg_loss=1.458
[1004.3s] epoch 56 step 56000 avg_loss=1.393
[1005.1s] epoch 56 step 56050 avg_loss=1.459
[1005.9s] epoch 56 step 56100 avg_loss=1.436
[1006.6s] epoch 56 step 56150 avg_loss=1.408
[1007.3s] epoch 56 step 56200 avg_loss=1.392
[1008.2s] epoch 56 step 56250 avg_loss=1.414
[1008.9s] epoch 56 step 56300 avg_loss=1.401
[1009.2s] === epoch 56 done: avg_loss=1.389 (n=988 derivations) ===
[1009.8s] epoch 57 step 56350 avg_loss=0.792
[1010.6s] epoch 57 step 56400 avg_loss=1.520
[1011.5s] epoch 57 step 56450 avg_loss=1.281
[1012.3s] epoch 57 step 56500 avg_loss=1.243
[1013.3s] epoch 57 step 56550 avg_loss=1.328
[1014.0s] epoch 57 step 56600 avg_loss=1.471
[1014.7s] epoch 57 step 56650 avg_loss=1.410
[1015.3s] epoch 57 step 56700 avg_loss=1.333
[1016.2s] epoch 57 step 56750 avg_loss=1.347
[1016.9s] epoch 57 step 56800 avg_loss=1.300
[1017.7s] epoch 57 step 56850 avg_loss=1.323
[1018.5s] epoch 57 step 56900 avg_loss=1.328
[1019.1s] epoch 57 step 56950 avg_loss=1.288
[1019.9s] epoch 57 step 57000 avg_loss=1.261
[1020.7s] epoch 57 step 57050 avg_loss=1.279
[1021.4s] epoch 57 step 57100 avg_loss=1.265
[1022.2s] epoch 57 step 57150 avg_loss=1.268
[1023.2s] epoch 57 step 57200 avg_loss=1.298
[1024.2s] epoch 57 step 57250 avg_loss=1.302
[1025.2s] epoch 57 step 57300 avg_loss=1.291
[1025.3s] === epoch 57 done: avg_loss=1.349 (n=988 derivations) ===
[1026.1s] epoch 58 step 57350 avg_loss=0.968
[1027.0s] epoch 58 step 57400 avg_loss=0.995
[1027.8s] epoch 58 step 57450 avg_loss=0.843
[1028.8s] epoch 58 step 57500 avg_loss=1.022
[1029.5s] epoch 58 step 57550 avg_loss=1.093
[1030.3s] epoch 58 step 57600 avg_loss=1.035
[1031.4s] epoch 58 step 57650 avg_loss=1.244
[1032.4s] epoch 58 step 57700 avg_loss=1.204
[1033.6s] epoch 58 step 57750 avg_loss=1.262
[1034.6s] epoch 58 step 57800 avg_loss=1.232
[1035.4s] epoch 58 step 57850 avg_loss=1.242
[1036.3s] epoch 58 step 57900 avg_loss=1.172
[1036.9s] epoch 58 step 57950 avg_loss=1.141
[1037.7s] epoch 58 step 58000 avg_loss=1.177
[1038.5s] epoch 58 step 58050 avg_loss=1.180
[1039.2s] epoch 58 step 58100 avg_loss=1.227
[1040.0s] epoch 58 step 58150 avg_loss=1.279
[1040.7s] epoch 58 step 58200 avg_loss=1.282
[1041.5s] epoch 58 step 58250 avg_loss=1.284
[1042.2s] === epoch 58 done: avg_loss=1.271 (n=988 derivations) ===
[1042.3s] epoch 59 step 58300 avg_loss=3.737
[1043.2s] epoch 59 step 58350 avg_loss=2.728
[1044.0s] epoch 59 step 58400 avg_loss=1.953
[1044.8s] epoch 59 step 58450 avg_loss=1.584
[1045.5s] epoch 59 step 58500 avg_loss=1.408
[1046.4s] epoch 59 step 58550 avg_loss=1.427
[1047.1s] epoch 59 step 58600 avg_loss=1.381
[1048.0s] epoch 59 step 58650 avg_loss=1.299
[1049.1s] epoch 59 step 58700 avg_loss=1.303
[1050.0s] epoch 59 step 58750 avg_loss=1.334
[1051.0s] epoch 59 step 58800 avg_loss=1.322
[1052.0s] epoch 59 step 58850 avg_loss=1.366
[1053.0s] epoch 59 step 58900 avg_loss=1.295
[1054.1s] epoch 59 step 58950 avg_loss=1.294
[1054.9s] epoch 59 step 59000 avg_loss=1.259
[1055.8s] epoch 59 step 59050 avg_loss=1.280
[1056.8s] epoch 59 step 59100 avg_loss=1.270
[1057.7s] epoch 59 step 59150 avg_loss=1.270
[1058.7s] epoch 59 step 59200 avg_loss=1.270
[1059.8s] epoch 59 step 59250 avg_loss=1.278
[1060.3s] === epoch 59 done: avg_loss=1.254 (n=988 derivations) ===
[1060.7s] epoch 60 step 59300 avg_loss=1.161
[1061.6s] epoch 60 step 59350 avg_loss=0.870
[1062.5s] epoch 60 step 59400 avg_loss=0.826
[1063.6s] epoch 60 step 59450 avg_loss=1.032
[1064.4s] epoch 60 step 59500 avg_loss=0.974
[1065.3s] epoch 60 step 59550 avg_loss=0.989
[1066.4s] epoch 60 step 59600 avg_loss=0.988
[1067.2s] epoch 60 step 59650 avg_loss=0.974
[1068.3s] epoch 60 step 59700 avg_loss=1.078
[1069.3s] epoch 60 step 59750 avg_loss=1.106
[1070.1s] epoch 60 step 59800 avg_loss=1.033
[1070.9s] epoch 60 step 59850 avg_loss=1.041
[1071.9s] epoch 60 step 59900 avg_loss=1.059
[1072.9s] epoch 60 step 59950 avg_loss=1.117
[1073.7s] epoch 60 step 60000 avg_loss=1.082
[1074.7s] epoch 60 step 60050 avg_loss=1.101
[1076.0s] epoch 60 step 60100 avg_loss=1.146
[1077.2s] epoch 60 step 60150 avg_loss=1.158
[1078.2s] epoch 60 step 60200 avg_loss=1.144
[1079.3s] epoch 60 step 60250 avg_loss=1.159
[1079.7s] === epoch 60 done: avg_loss=1.150 (n=988 derivations) ===
[1080.2s] epoch 61 step 60300 avg_loss=0.458
[1081.0s] epoch 61 step 60350 avg_loss=1.115
[1081.8s] epoch 61 step 60400 avg_loss=0.967
[1082.5s] epoch 61 step 60450 avg_loss=0.955
[1083.2s] epoch 61 step 60500 avg_loss=0.964
[1083.9s] epoch 61 step 60550 avg_loss=0.929
[1084.6s] epoch 61 step 60600 avg_loss=0.979
[1085.3s] epoch 61 step 60650 avg_loss=0.974
[1086.0s] epoch 61 step 60700 avg_loss=1.002
[1086.9s] epoch 61 step 60750 avg_loss=1.197
[1087.9s] epoch 61 step 60800 avg_loss=1.170
[1088.5s] epoch 61 step 60850 avg_loss=1.118
[1089.4s] epoch 61 step 60900 avg_loss=1.187
[1090.3s] epoch 61 step 60950 avg_loss=1.215
[1091.1s] epoch 61 step 61000 avg_loss=1.160
[1091.8s] epoch 61 step 61050 avg_loss=1.141
[1092.6s] epoch 61 step 61100 avg_loss=1.105
[1093.3s] epoch 61 step 61150 avg_loss=1.105
[1094.0s] epoch 61 step 61200 avg_loss=1.131
[1094.7s] epoch 61 step 61250 avg_loss=1.117
[1094.8s] === epoch 61 done: avg_loss=1.112 (n=988 derivations) ===
[1095.5s] epoch 62 step 61300 avg_loss=1.006
[1096.3s] epoch 62 step 61350 avg_loss=0.982
[1097.1s] epoch 62 step 61400 avg_loss=0.878
[1097.7s] epoch 62 step 61450 avg_loss=0.801
[1098.4s] epoch 62 step 61500 avg_loss=0.813
[1099.1s] epoch 62 step 61550 avg_loss=0.792
[1099.8s] epoch 62 step 61600 avg_loss=0.909
[1100.5s] epoch 62 step 61650 avg_loss=0.909
[1101.2s] epoch 62 step 61700 avg_loss=0.924
[1102.0s] epoch 62 step 61750 avg_loss=0.965
[1102.7s] epoch 62 step 61800 avg_loss=1.010
[1103.4s] epoch 62 step 61850 avg_loss=1.047
[1104.1s] epoch 62 step 61900 avg_loss=1.027
[1104.9s] epoch 62 step 61950 avg_loss=1.105
[1105.7s] epoch 62 step 62000 avg_loss=1.099
[1106.6s] epoch 62 step 62050 avg_loss=1.057
[1107.6s] epoch 62 step 62100 avg_loss=1.088
[1108.7s] epoch 62 step 62150 avg_loss=1.081
[1109.7s] epoch 62 step 62200 avg_loss=1.088
[1110.6s] === epoch 62 done: avg_loss=1.086 (n=988 derivations) ===
[1110.7s] epoch 63 step 62250 avg_loss=0.402
[1111.4s] epoch 63 step 62300 avg_loss=0.727
[1112.1s] epoch 63 step 62350 avg_loss=0.658
[1112.8s] epoch 63 step 62400 avg_loss=0.858
[1113.8s] epoch 63 step 62450 avg_loss=1.188
[1114.8s] epoch 63 step 62500 avg_loss=1.106
[1115.7s] epoch 63 step 62550 avg_loss=1.123
[1116.5s] epoch 63 step 62600 avg_loss=1.055
[1117.3s] epoch 63 step 62650 avg_loss=1.103
[1118.1s] epoch 63 step 62700 avg_loss=1.097
[1118.8s] epoch 63 step 62750 avg_loss=1.086
[1119.6s] epoch 63 step 62800 avg_loss=1.172
[1120.4s] epoch 63 step 62850 avg_loss=1.168
[1121.1s] epoch 63 step 62900 avg_loss=1.135
[1121.8s] epoch 63 step 62950 avg_loss=1.097
[1122.6s] epoch 63 step 63000 avg_loss=1.092
[1123.4s] epoch 63 step 63050 avg_loss=1.063
[1124.1s] epoch 63 step 63100 avg_loss=1.032
[1124.8s] epoch 63 step 63150 avg_loss=1.037
[1125.6s] epoch 63 step 63200 avg_loss=1.039
[1126.0s] === epoch 63 done: avg_loss=1.028 (n=988 derivations) ===
[1126.3s] epoch 64 step 63250 avg_loss=0.738
[1127.1s] epoch 64 step 63300 avg_loss=0.867
[1128.0s] epoch 64 step 63350 avg_loss=1.067
[1128.8s] epoch 64 step 63400 avg_loss=0.911
[1129.7s] epoch 64 step 63450 avg_loss=1.099
[1130.4s] epoch 64 step 63500 avg_loss=1.154
[1131.3s] epoch 64 step 63550 avg_loss=1.085
[1132.2s] epoch 64 step 63600 avg_loss=1.038
[1133.0s] epoch 64 step 63650 avg_loss=0.966
[1133.9s] epoch 64 step 63700 avg_loss=1.005
[1135.8s] eval step=2000 train_avg_loss=0.987 dev_rank1_f1=0.4390 dev_edge_p=0.4523 dev_edge_r=0.4266
[1135.8s] epoch 64 step 63750 avg_loss=0.981
[1136.9s] epoch 64 step 63800 avg_loss=0.986
[1137.7s] epoch 64 step 63850 avg_loss=0.947
[1138.7s] epoch 64 step 63900 avg_loss=0.981
[1139.8s] epoch 64 step 63950 avg_loss=1.010
[1140.9s] epoch 64 step 64000 avg_loss=1.023
[1141.9s] epoch 64 step 64050 avg_loss=1.007
[1143.0s] epoch 64 step 64100 avg_loss=0.999
[1144.0s] epoch 64 step 64150 avg_loss=0.989
[1145.1s] epoch 64 step 64200 avg_loss=0.989
[1145.3s] === epoch 64 done: avg_loss=0.977 (n=988 derivations) ===
[1146.0s] epoch 65 step 64250 avg_loss=1.070
[1147.1s] epoch 65 step 64300 avg_loss=0.934
[1148.2s] epoch 65 step 64350 avg_loss=0.933
[1149.2s] epoch 65 step 64400 avg_loss=0.913
[1150.2s] epoch 65 step 64450 avg_loss=0.918
[1151.3s] epoch 65 step 64500 avg_loss=0.825
[1152.3s] epoch 65 step 64550 avg_loss=0.791
[1153.4s] epoch 65 step 64600 avg_loss=0.801
[1154.4s] epoch 65 step 64650 avg_loss=0.812
[1155.4s] epoch 65 step 64700 avg_loss=0.821
[1156.5s] epoch 65 step 64750 avg_loss=0.897
[1157.3s] epoch 65 step 64800 avg_loss=0.907
[1158.4s] epoch 65 step 64850 avg_loss=0.965
[1159.2s] epoch 65 step 64900 avg_loss=0.930
[1160.2s] epoch 65 step 64950 avg_loss=0.943
[1160.9s] epoch 65 step 65000 avg_loss=0.917
[1161.9s] epoch 65 step 65050 avg_loss=0.946
[1162.7s] epoch 65 step 65100 avg_loss=0.925
[1163.7s] epoch 65 step 65150 avg_loss=0.906
[1164.8s] epoch 65 step 65200 avg_loss=0.939
[1164.9s] === epoch 65 done: avg_loss=0.933 (n=988 derivations) ===
[1165.8s] epoch 66 step 65250 avg_loss=0.931
[1166.8s] epoch 66 step 65300 avg_loss=0.636
[1167.7s] epoch 66 step 65350 avg_loss=0.568
[1168.7s] epoch 66 step 65400 avg_loss=0.711
[1169.8s] epoch 66 step 65450 avg_loss=1.047
[1171.0s] epoch 66 step 65500 avg_loss=1.002
[1171.9s] epoch 66 step 65550 avg_loss=0.945
[1173.0s] epoch 66 step 65600 avg_loss=0.916
[1174.0s] epoch 66 step 65650 avg_loss=0.902
[1175.0s] epoch 66 step 65700 avg_loss=0.853
[1176.0s] epoch 66 step 65750 avg_loss=0.887
[1177.0s] epoch 66 step 65800 avg_loss=0.924
[1177.8s] epoch 66 step 65850 avg_loss=0.893
[1178.8s] epoch 66 step 65900 avg_loss=0.880
[1179.8s] epoch 66 step 65950 avg_loss=0.886
[1180.5s] epoch 66 step 66000 avg_loss=0.847
[1181.3s] epoch 66 step 66050 avg_loss=0.859
[1182.2s] epoch 66 step 66100 avg_loss=0.875
[1183.2s] epoch 66 step 66150 avg_loss=0.900
[1183.8s] === epoch 66 done: avg_loss=0.869 (n=988 derivations) ===
[1183.9s] epoch 67 step 66200 avg_loss=0.695
[1184.8s] epoch 67 step 66250 avg_loss=1.443
[1185.5s] epoch 67 step 66300 avg_loss=1.093
[1186.6s] epoch 67 step 66350 avg_loss=0.963
[1187.9s] epoch 67 step 66400 avg_loss=1.020
[1188.8s] epoch 67 step 66450 avg_loss=0.936
[1189.7s] epoch 67 step 66500 avg_loss=0.935
[1190.7s] epoch 67 step 66550 avg_loss=0.922
[1191.7s] epoch 67 step 66600 avg_loss=0.933
[1192.7s] epoch 67 step 66650 avg_loss=0.946
[1193.7s] epoch 67 step 66700 avg_loss=0.918
[1194.6s] epoch 67 step 66750 avg_loss=0.892
[1195.8s] epoch 67 step 66800 avg_loss=0.892
[1196.8s] epoch 67 step 66850 avg_loss=0.888
[1197.5s] epoch 67 step 66900 avg_loss=0.860
[1198.3s] epoch 67 step 66950 avg_loss=0.844
[1199.0s] epoch 67 step 67000 avg_loss=0.834
[1199.8s] epoch 67 step 67050 avg_loss=0.837
[1200.5s] epoch 67 step 67100 avg_loss=0.827
[1201.4s] epoch 67 step 67150 avg_loss=0.828
[1201.9s] === epoch 67 done: avg_loss=0.822 (n=988 derivations) ===
[1202.1s] epoch 68 step 67200 avg_loss=0.847
[1202.8s] epoch 68 step 67250 avg_loss=0.713
[1203.5s] epoch 68 step 67300 avg_loss=0.727
[1204.4s] epoch 68 step 67350 avg_loss=0.787
[1205.2s] epoch 68 step 67400 avg_loss=0.815
[1206.0s] epoch 68 step 67450 avg_loss=0.830
[1207.0s] epoch 68 step 67500 avg_loss=0.933
[1207.8s] epoch 68 step 67550 avg_loss=0.867
[1208.7s] epoch 68 step 67600 avg_loss=0.868
[1209.6s] epoch 68 step 67650 avg_loss=0.859
[1210.6s] epoch 68 step 67700 avg_loss=0.826
[1211.5s] epoch 68 step 67750 avg_loss=0.891
[1212.5s] epoch 68 step 67800 avg_loss=0.857
[1213.4s] epoch 68 step 67850 avg_loss=0.861
[1214.5s] epoch 68 step 67900 avg_loss=0.845
[1215.5s] epoch 68 step 67950 avg_loss=0.825
[1216.4s] epoch 68 step 68000 avg_loss=0.858
[1217.3s] epoch 68 step 68050 avg_loss=0.829
[1218.4s] epoch 68 step 68100 avg_loss=0.807
[1219.5s] epoch 68 step 68150 avg_loss=0.809
[1219.9s] === epoch 68 done: avg_loss=0.799 (n=988 derivations) ===
[1220.4s] epoch 69 step 68200 avg_loss=0.517
[1221.1s] epoch 69 step 68250 avg_loss=0.931
[1222.0s] epoch 69 step 68300 avg_loss=0.780
[1222.8s] epoch 69 step 68350 avg_loss=0.759
[1223.6s] epoch 69 step 68400 avg_loss=0.699
[1224.4s] epoch 69 step 68450 avg_loss=0.624
[1225.1s] epoch 69 step 68500 avg_loss=0.770
[1226.0s] epoch 69 step 68550 avg_loss=0.782
[1226.8s] epoch 69 step 68600 avg_loss=0.798
[1227.7s] epoch 69 step 68650 avg_loss=0.770
[1228.5s] epoch 69 step 68700 avg_loss=0.791
[1229.2s] epoch 69 step 68750 avg_loss=0.805
[1230.1s] epoch 69 step 68800 avg_loss=0.788
[1230.7s] epoch 69 step 68850 avg_loss=0.811
[1231.2s] epoch 69 step 68900 avg_loss=0.789
[1232.1s] epoch 69 step 68950 avg_loss=0.778
[1233.0s] epoch 69 step 69000 avg_loss=0.778
[1234.3s] epoch 69 step 69050 avg_loss=0.814
[1235.3s] epoch 69 step 69100 avg_loss=0.800
[1236.3s] epoch 69 step 69150 avg_loss=0.791
[1236.5s] === epoch 69 done: avg_loss=0.786 (n=988 derivations) ===
[1237.4s] epoch 70 step 69200 avg_loss=0.730
[1238.1s] epoch 70 step 69250 avg_loss=0.724
[1238.8s] epoch 70 step 69300 avg_loss=0.625
[1239.7s] epoch 70 step 69350 avg_loss=0.797
[1240.6s] epoch 70 step 69400 avg_loss=0.881
[1241.3s] epoch 70 step 69450 avg_loss=0.847
[1242.1s] epoch 70 step 69500 avg_loss=0.775
[1242.9s] epoch 70 step 69550 avg_loss=0.729
[1243.6s] epoch 70 step 69600 avg_loss=0.726
[1244.5s] epoch 70 step 69650 avg_loss=0.794
[1245.1s] epoch 70 step 69700 avg_loss=0.744
[1246.0s] epoch 70 step 69750 avg_loss=0.770
[1246.7s] epoch 70 step 69800 avg_loss=0.755
[1247.6s] epoch 70 step 69850 avg_loss=0.748
[1248.6s] epoch 70 step 69900 avg_loss=0.756
[1249.4s] epoch 70 step 69950 avg_loss=0.742
[1250.2s] epoch 70 step 70000 avg_loss=0.772
[1251.2s] epoch 70 step 70050 avg_loss=0.800
[1252.0s] epoch 70 step 70100 avg_loss=0.785
[1252.6s] === epoch 70 done: avg_loss=0.765 (n=988 derivations) ===
[1252.7s] epoch 71 step 70150 avg_loss=0.238
[1253.6s] epoch 71 step 70200 avg_loss=0.861
[1254.3s] epoch 71 step 70250 avg_loss=0.534
[1255.4s] epoch 71 step 70300 avg_loss=0.700
[1256.4s] epoch 71 step 70350 avg_loss=0.648
[1257.4s] epoch 71 step 70400 avg_loss=0.612
[1258.3s] epoch 71 step 70450 avg_loss=0.721
[1259.3s] epoch 71 step 70500 avg_loss=0.717
[1260.5s] epoch 71 step 70550 avg_loss=0.767
[1261.5s] epoch 71 step 70600 avg_loss=0.731
[1262.2s] epoch 71 step 70650 avg_loss=0.734
[1262.9s] epoch 71 step 70700 avg_loss=0.729
[1263.8s] epoch 71 step 70750 avg_loss=0.693
[1264.6s] epoch 71 step 70800 avg_loss=0.725
[1265.3s] epoch 71 step 70850 avg_loss=0.707
[1266.1s] epoch 71 step 70900 avg_loss=0.706
[1267.0s] epoch 71 step 70950 avg_loss=0.772
[1267.8s] epoch 71 step 71000 avg_loss=0.768
[1268.4s] epoch 71 step 71050 avg_loss=0.752
[1269.2s] epoch 71 step 71100 avg_loss=0.737
[1269.8s] === epoch 71 done: avg_loss=0.745 (n=988 derivations) ===
[1270.0s] epoch 72 step 71150 avg_loss=0.105
[1270.6s] epoch 72 step 71200 avg_loss=0.881
[1271.3s] epoch 72 step 71250 avg_loss=0.936
[1272.0s] epoch 72 step 71300 avg_loss=0.852
[1272.8s] epoch 72 step 71350 avg_loss=0.749
[1273.5s] epoch 72 step 71400 avg_loss=0.684
[1274.4s] epoch 72 step 71450 avg_loss=0.615
[1275.1s] epoch 72 step 71500 avg_loss=0.673
[1275.9s] epoch 72 step 71550 avg_loss=0.722
[1277.0s] epoch 72 step 71600 avg_loss=0.697
[1277.9s] epoch 72 step 71650 avg_loss=0.673
[1278.8s] epoch 72 step 71700 avg_loss=0.669
[1280.1s] eval step=2250 train_avg_loss=0.665 dev_rank1_f1=0.4484 dev_edge_p=0.4537 dev_edge_r=0.4432
[1280.8s] epoch 72 step 71750 avg_loss=0.663
[1282.0s] epoch 72 step 71800 avg_loss=0.654
[1283.1s] epoch 72 step 71850 avg_loss=0.643
[1284.1s] epoch 72 step 71900 avg_loss=0.645
[1284.9s] epoch 72 step 71950 avg_loss=0.677
[1285.8s] epoch 72 step 72000 avg_loss=0.663
[1286.6s] epoch 72 step 72050 avg_loss=0.694
[1287.5s] epoch 72 step 72100 avg_loss=0.715
[1287.9s] === epoch 72 done: avg_loss=0.724 (n=988 derivations) ===
[1288.3s] epoch 73 step 72150 avg_loss=0.704
[1289.1s] epoch 73 step 72200 avg_loss=0.849
[1290.2s] epoch 73 step 72250 avg_loss=0.827
[1291.3s] epoch 73 step 72300 avg_loss=0.884
[1292.2s] epoch 73 step 72350 avg_loss=0.771
[1293.3s] epoch 73 step 72400 avg_loss=0.820
[1294.1s] epoch 73 step 72450 avg_loss=0.723
[1295.2s] epoch 73 step 72500 avg_loss=0.744
[1295.9s] epoch 73 step 72550 avg_loss=0.726
[1296.6s] epoch 73 step 72600 avg_loss=0.690
[1297.4s] epoch 73 step 72650 avg_loss=0.688
[1298.6s] epoch 73 step 72700 avg_loss=0.702
[1299.4s] epoch 73 step 72750 avg_loss=0.692
[1300.4s] epoch 73 step 72800 avg_loss=0.665
[1301.3s] epoch 73 step 72850 avg_loss=0.655
[1301.9s] epoch 73 step 72900 avg_loss=0.649
[1302.8s] epoch 73 step 72950 avg_loss=0.703
[1303.8s] epoch 73 step 73000 avg_loss=0.692
[1304.8s] epoch 73 step 73050 avg_loss=0.722
[1305.9s] epoch 73 step 73100 avg_loss=0.708
[1306.2s] === epoch 73 done: avg_loss=0.705 (n=988 derivations) ===
[1307.1s] epoch 74 step 73150 avg_loss=0.892
[1308.1s] epoch 74 step 73200 avg_loss=0.810
[1309.1s] epoch 74 step 73250 avg_loss=0.736
[1310.1s] epoch 74 step 73300 avg_loss=0.613
[1311.1s] epoch 74 step 73350 avg_loss=0.577
[1312.2s] epoch 74 step 73400 avg_loss=0.677
[1313.1s] epoch 74 step 73450 avg_loss=0.735
[1314.1s] epoch 74 step 73500 avg_loss=0.732
[1315.4s] epoch 74 step 73550 avg_loss=0.791
[1316.1s] epoch 74 step 73600 avg_loss=0.761
[1316.9s] epoch 74 step 73650 avg_loss=0.762
[1317.7s] epoch 74 step 73700 avg_loss=0.745
[1318.6s] epoch 74 step 73750 avg_loss=0.757
[1319.4s] epoch 74 step 73800 avg_loss=0.725
[1320.2s] epoch 74 step 73850 avg_loss=0.729
[1321.0s] epoch 74 step 73900 avg_loss=0.727
[1321.9s] epoch 74 step 73950 avg_loss=0.704
[1322.7s] epoch 74 step 74000 avg_loss=0.684
[1323.4s] epoch 74 step 74050 avg_loss=0.682
[1324.2s] epoch 74 step 74100 avg_loss=0.679
[1324.2s] === epoch 74 done: avg_loss=0.679 (n=988 derivations) ===
[1324.9s] epoch 75 step 74150 avg_loss=1.160
[1325.8s] epoch 75 step 74200 avg_loss=0.967
[1326.5s] epoch 75 step 74250 avg_loss=0.780
[1327.3s] epoch 75 step 74300 avg_loss=0.664
[1328.1s] epoch 75 step 74350 avg_loss=0.610
[1329.2s] epoch 75 step 74400 avg_loss=0.618
[1330.1s] epoch 75 step 74450 avg_loss=0.646
[1331.1s] epoch 75 step 74500 avg_loss=0.706
[1331.9s] epoch 75 step 74550 avg_loss=0.783
[1332.6s] epoch 75 step 74600 avg_loss=0.744
[1333.4s] epoch 75 step 74650 avg_loss=0.747
[1334.4s] epoch 75 step 74700 avg_loss=0.772
[1335.3s] epoch 75 step 74750 avg_loss=0.752
[1336.5s] epoch 75 step 74800 avg_loss=0.724
[1337.3s] epoch 75 step 74850 avg_loss=0.720
[1338.2s] epoch 75 step 74900 avg_loss=0.700
[1339.0s] epoch 75 step 74950 avg_loss=0.681
[1339.7s] epoch 75 step 75000 avg_loss=0.672
[1340.6s] epoch 75 step 75050 avg_loss=0.662
[1341.4s] === epoch 75 done: avg_loss=0.719 (n=988 derivations) ===
[1341.6s] epoch 76 step 75100 avg_loss=0.789
[1342.5s] epoch 76 step 75150 avg_loss=0.668
[1343.6s] epoch 76 step 75200 avg_loss=0.620
[1344.7s] epoch 76 step 75250 avg_loss=0.932
[1345.8s] epoch 76 step 75300 avg_loss=0.821
[1346.9s] epoch 76 step 75350 avg_loss=0.728
[1347.8s] epoch 76 step 75400 avg_loss=0.672
[1348.9s] epoch 76 step 75450 avg_loss=0.675
[1350.3s] epoch 76 step 75500 avg_loss=0.726
[1351.5s] epoch 76 step 75550 avg_loss=0.685
[1352.4s] epoch 76 step 75600 avg_loss=0.640
[1353.1s] epoch 76 step 75650 avg_loss=0.641
[1354.2s] epoch 76 step 75700 avg_loss=0.638
[1355.0s] epoch 76 step 75750 avg_loss=0.625
[1355.8s] epoch 76 step 75800 avg_loss=0.596
[1356.7s] epoch 76 step 75850 avg_loss=0.601
[1357.3s] epoch 76 step 75900 avg_loss=0.610
[1358.2s] epoch 76 step 75950 avg_loss=0.602
[1359.3s] epoch 76 step 76000 avg_loss=0.613
[1360.1s] epoch 76 step 76050 avg_loss=0.599
[1360.5s] === epoch 76 done: avg_loss=0.605 (n=988 derivations) ===
[1360.9s] epoch 77 step 76100 avg_loss=0.420
[1361.7s] epoch 77 step 76150 avg_loss=0.494
[1362.6s] epoch 77 step 76200 avg_loss=0.418
[1363.4s] epoch 77 step 76250 avg_loss=0.544
[1364.3s] epoch 77 step 76300 avg_loss=0.515
[1365.0s] epoch 77 step 76350 avg_loss=0.526
[1365.8s] epoch 77 step 76400 avg_loss=0.529
[1366.6s] epoch 77 step 76450 avg_loss=0.521
[1367.4s] epoch 77 step 76500 avg_loss=0.542
[1368.4s] epoch 77 step 76550 avg_loss=0.569
[1369.4s] epoch 77 step 76600 avg_loss=0.614
[1370.2s] epoch 77 step 76650 avg_loss=0.608
[1371.1s] epoch 77 step 76700 avg_loss=0.598
[1372.1s] epoch 77 step 76750 avg_loss=0.591
[1373.0s] epoch 77 step 76800 avg_loss=0.571
[1373.8s] epoch 77 step 76850 avg_loss=0.566
[1374.9s] epoch 77 step 76900 avg_loss=0.559
[1375.9s] epoch 77 step 76950 avg_loss=0.540
[1377.0s] epoch 77 step 77000 avg_loss=0.541
[1377.8s] epoch 77 step 77050 avg_loss=0.523
[1378.1s] === epoch 77 done: avg_loss=0.518 (n=988 derivations) ===
[1378.8s] epoch 78 step 77100 avg_loss=0.241
[1379.8s] epoch 78 step 77150 avg_loss=0.542
[1380.8s] epoch 78 step 77200 avg_loss=0.630
[1381.8s] epoch 78 step 77250 avg_loss=0.581
[1383.2s] epoch 78 step 77300 avg_loss=0.720
[1384.1s] epoch 78 step 77350 avg_loss=0.680
[1385.1s] epoch 78 step 77400 avg_loss=0.650
[1386.0s] epoch 78 step 77450 avg_loss=0.609
[1387.1s] epoch 78 step 77500 avg_loss=0.637
[1388.1s] epoch 78 step 77550 avg_loss=0.616
[1389.1s] epoch 78 step 77600 avg_loss=0.606
[1390.0s] epoch 78 step 77650 avg_loss=0.613
[1391.1s] epoch 78 step 77700 avg_loss=0.614
[1392.1s] epoch 78 step 77750 avg_loss=0.602
[1393.1s] epoch 78 step 77800 avg_loss=0.589
[1394.0s] epoch 78 step 77850 avg_loss=0.585
[1394.8s] epoch 78 step 77900 avg_loss=0.560
[1395.8s] epoch 78 step 77950 avg_loss=0.550
[1397.0s] epoch 78 step 78000 avg_loss=0.554
[1397.9s] epoch 78 step 78050 avg_loss=0.542
[1398.0s] === epoch 78 done: avg_loss=0.541 (n=988 derivations) ===
[1398.9s] epoch 79 step 78100 avg_loss=0.428
[1400.0s] epoch 79 step 78150 avg_loss=0.387
[1401.0s] epoch 79 step 78200 avg_loss=0.356
[1402.1s] epoch 79 step 78250 avg_loss=0.349
[1403.2s] epoch 79 step 78300 avg_loss=0.369
[1404.1s] epoch 79 step 78350 avg_loss=0.394
[1404.9s] epoch 79 step 78400 avg_loss=0.436
[1405.8s] epoch 79 step 78450 avg_loss=0.532
[1406.8s] epoch 79 step 78500 avg_loss=0.522
[1407.7s] epoch 79 step 78550 avg_loss=0.522
[1408.5s] epoch 79 step 78600 avg_loss=0.552
[1409.1s] epoch 79 step 78650 avg_loss=0.523
[1409.7s] epoch 79 step 78700 avg_loss=0.521
[1410.6s] epoch 79 step 78750 avg_loss=0.520
[1411.3s] epoch 79 step 78800 avg_loss=0.523
[1412.2s] epoch 79 step 78850 avg_loss=0.515
[1413.2s] epoch 79 step 78900 avg_loss=0.513
[1414.5s] epoch 79 step 78950 avg_loss=0.503
[1415.6s] epoch 79 step 79000 avg_loss=0.517
[1416.5s] === epoch 79 done: avg_loss=0.509 (n=988 derivations) ===
[1416.8s] epoch 80 step 79050 avg_loss=0.312
[1417.8s] epoch 80 step 79100 avg_loss=0.270
[1419.1s] epoch 80 step 79150 avg_loss=0.288
[1420.2s] epoch 80 step 79200 avg_loss=0.295
[1421.3s] epoch 80 step 79250 avg_loss=0.323
[1422.1s] epoch 80 step 79300 avg_loss=0.299
[1423.2s] epoch 80 step 79350 avg_loss=0.290
[1424.2s] epoch 80 step 79400 avg_loss=0.372
[1425.2s] epoch 80 step 79450 avg_loss=0.390
[1426.3s] epoch 80 step 79500 avg_loss=0.385
[1427.4s] epoch 80 step 79550 avg_loss=0.397
[1428.3s] epoch 80 step 79600 avg_loss=0.405
[1429.1s] epoch 80 step 79650 avg_loss=0.384
[1430.4s] eval step=2500 train_avg_loss=0.402 dev_rank1_f1=0.4371 dev_edge_p=0.4384 dev_edge_r=0.4359
[1430.9s] epoch 80 step 79700 avg_loss=0.451
[1431.7s] epoch 80 step 79750 avg_loss=0.436
[1433.3s] epoch 80 step 79800 avg_loss=0.456
[1434.6s] epoch 80 step 79850 avg_loss=0.451
[1435.4s] epoch 80 step 79900 avg_loss=0.461
[1436.1s] epoch 80 step 79950 avg_loss=0.451
[1436.9s] epoch 80 step 80000 avg_loss=0.452
[1437.4s] === epoch 80 done: avg_loss=0.483 (n=988 derivations) ===
[1437.9s] epoch 81 step 80050 avg_loss=0.216
[1439.0s] epoch 81 step 80100 avg_loss=0.501
[1440.0s] epoch 81 step 80150 avg_loss=0.518
[1440.9s] epoch 81 step 80200 avg_loss=0.502
[1441.8s] epoch 81 step 80250 avg_loss=0.458
[1442.7s] epoch 81 step 80300 avg_loss=0.572
[1443.4s] epoch 81 step 80350 avg_loss=0.517
[1444.1s] epoch 81 step 80400 avg_loss=0.500
[1444.8s] epoch 81 step 80450 avg_loss=0.499
[1445.6s] epoch 81 step 80500 avg_loss=0.485
[1446.3s] epoch 81 step 80550 avg_loss=0.468
[1447.2s] epoch 81 step 80600 avg_loss=0.452
[1448.1s] epoch 81 step 80650 avg_loss=0.469
[1448.9s] epoch 81 step 80700 avg_loss=0.449
[1450.1s] epoch 81 step 80750 avg_loss=0.470
[1451.1s] epoch 81 step 80800 avg_loss=0.459
[1452.2s] epoch 81 step 80850 avg_loss=0.458
[1453.1s] epoch 81 step 80900 avg_loss=0.448
[1454.1s] epoch 81 step 80950 avg_loss=0.450
[1455.1s] epoch 81 step 81000 avg_loss=0.446
[1455.3s] === epoch 81 done: avg_loss=0.442 (n=988 derivations) ===
[1456.0s] epoch 82 step 81050 avg_loss=0.899
[1456.8s] epoch 82 step 81100 avg_loss=0.752
[1457.9s] epoch 82 step 81150 avg_loss=0.668
[1458.8s] epoch 82 step 81200 avg_loss=0.577
[1459.7s] epoch 82 step 81250 avg_loss=0.600
[1460.7s] epoch 82 step 81300 avg_loss=0.618
[1461.6s] epoch 82 step 81350 avg_loss=0.588
[1462.7s] epoch 82 step 81400 avg_loss=0.556
[1463.6s] epoch 82 step 81450 avg_loss=0.530
[1464.6s] epoch 82 step 81500 avg_loss=0.539
[1465.8s] epoch 82 step 81550 avg_loss=0.531
[1466.9s] epoch 82 step 81600 avg_loss=0.510
[1467.8s] epoch 82 step 81650 avg_loss=0.498
[1468.8s] epoch 82 step 81700 avg_loss=0.477
[1469.6s] epoch 82 step 81750 avg_loss=0.467
[1470.7s] epoch 82 step 81800 avg_loss=0.490
[1471.8s] epoch 82 step 81850 avg_loss=0.475
[1472.8s] epoch 82 step 81900 avg_loss=0.461
[1474.0s] epoch 82 step 81950 avg_loss=0.479
[1475.0s] epoch 82 step 82000 avg_loss=0.467
[1475.1s] === epoch 82 done: avg_loss=0.465 (n=988 derivations) ===
[1476.0s] epoch 83 step 82050 avg_loss=0.330
[1476.8s] epoch 83 step 82100 avg_loss=0.211
[1478.0s] epoch 83 step 82150 avg_loss=0.458
[1478.9s] epoch 83 step 82200 avg_loss=0.391
[1479.9s] epoch 83 step 82250 avg_loss=0.417
[1480.8s] epoch 83 step 82300 avg_loss=0.385
[1481.9s] epoch 83 step 82350 avg_loss=0.371
[1483.0s] epoch 83 step 82400 avg_loss=0.387
[1484.2s] epoch 83 step 82450 avg_loss=0.409
[1485.1s] epoch 83 step 82500 avg_loss=0.469
[1486.0s] epoch 83 step 82550 avg_loss=0.495
[1487.0s] epoch 83 step 82600 avg_loss=0.498
[1487.7s] epoch 83 step 82650 avg_loss=0.482
[1488.7s] epoch 83 step 82700 avg_loss=0.492
[1489.6s] epoch 83 step 82750 avg_loss=0.477
[1490.5s] epoch 83 step 82800 avg_loss=0.472
[1491.5s] epoch 83 step 82850 avg_loss=0.466
[1492.4s] epoch 83 step 82900 avg_loss=0.457
[1493.4s] epoch 83 step 82950 avg_loss=0.451
[1494.3s] === epoch 83 done: avg_loss=0.437 (n=988 derivations) ===
[1494.5s] epoch 84 step 83000 avg_loss=0.063
[1495.3s] epoch 84 step 83050 avg_loss=0.105
[1496.3s] epoch 84 step 83100 avg_loss=0.319
[1497.3s] epoch 84 step 83150 avg_loss=0.327
[1498.2s] epoch 84 step 83200 avg_loss=0.327
[1499.1s] epoch 84 step 83250 avg_loss=0.462
[1499.9s] epoch 84 step 83300 avg_loss=0.480
[1500.7s] epoch 84 step 83350 avg_loss=0.491
[1501.4s] epoch 84 step 83400 avg_loss=0.470
[1502.2s] epoch 84 step 83450 avg_loss=0.454
[1503.0s] epoch 84 step 83500 avg_loss=0.435
[1503.7s] epoch 84 step 83550 avg_loss=0.413
[1504.5s] epoch 84 step 83600 avg_loss=0.399
[1505.6s] epoch 84 step 83650 avg_loss=0.434
[1506.7s] epoch 84 step 83700 avg_loss=0.417
[1507.7s] epoch 84 step 83750 avg_loss=0.420
[1508.7s] epoch 84 step 83800 avg_loss=0.436
[1509.6s] epoch 84 step 83850 avg_loss=0.427
[1510.4s] epoch 84 step 83900 avg_loss=0.412
[1511.2s] epoch 84 step 83950 avg_loss=0.399
[1511.6s] === epoch 84 done: avg_loss=0.392 (n=988 derivations) ===
[1512.0s] epoch 85 step 84000 avg_loss=0.198
[1512.6s] epoch 85 step 84050 avg_loss=0.185
[1513.4s] epoch 85 step 84100 avg_loss=0.235
[1514.1s] epoch 85 step 84150 avg_loss=0.269
[1514.8s] epoch 85 step 84200 avg_loss=0.265
[1515.7s] epoch 85 step 84250 avg_loss=0.297
[1516.5s] epoch 85 step 84300 avg_loss=0.281
[1517.2s] epoch 85 step 84350 avg_loss=0.275
[1518.0s] epoch 85 step 84400 avg_loss=0.287
[1518.7s] epoch 85 step 84450 avg_loss=0.279
[1519.4s] epoch 85 step 84500 avg_loss=0.301
[1520.3s] epoch 85 step 84550 avg_loss=0.319
[1521.3s] epoch 85 step 84600 avg_loss=0.305
[1522.6s] epoch 85 step 84650 avg_loss=0.354
[1523.6s] epoch 85 step 84700 avg_loss=0.373
[1524.6s] epoch 85 step 84750 avg_loss=0.360
[1525.4s] epoch 85 step 84800 avg_loss=0.353
[1526.4s] epoch 85 step 84850 avg_loss=0.341
[1527.1s] epoch 85 step 84900 avg_loss=0.376
[1527.8s] epoch 85 step 84950 avg_loss=0.370
[1528.1s] === epoch 85 done: avg_loss=0.374 (n=988 derivations) ===
[1528.8s] epoch 86 step 85000 avg_loss=0.757
[1529.5s] epoch 86 step 85050 avg_loss=0.546
[1530.3s] epoch 86 step 85100 avg_loss=0.493
[1531.0s] epoch 86 step 85150 avg_loss=0.449
[1531.8s] epoch 86 step 85200 avg_loss=0.381
[1532.6s] epoch 86 step 85250 avg_loss=0.374
[1533.4s] epoch 86 step 85300 avg_loss=0.375
[1534.1s] epoch 86 step 85350 avg_loss=0.373
[1534.9s] epoch 86 step 85400 avg_loss=0.385
[1535.8s] epoch 86 step 85450 avg_loss=0.414
[1536.5s] epoch 86 step 85500 avg_loss=0.391
[1537.3s] epoch 86 step 85550 avg_loss=0.386
[1538.0s] epoch 86 step 85600 avg_loss=0.431
[1538.7s] epoch 86 step 85650 avg_loss=0.415
[1539.5s] epoch 86 step 85700 avg_loss=0.417
[1540.4s] epoch 86 step 85750 avg_loss=0.397
[1541.4s] epoch 86 step 85800 avg_loss=0.398
[1542.5s] epoch 86 step 85850 avg_loss=0.391
[1543.3s] epoch 86 step 85900 avg_loss=0.378
[1544.2s] epoch 86 step 85950 avg_loss=0.379
[1544.3s] === epoch 86 done: avg_loss=0.377 (n=988 derivations) ===
[1545.2s] epoch 87 step 86000 avg_loss=0.306
[1546.1s] epoch 87 step 86050 avg_loss=0.285
[1547.0s] epoch 87 step 86100 avg_loss=0.269
[1548.2s] epoch 87 step 86150 avg_loss=0.308
[1549.1s] epoch 87 step 86200 avg_loss=0.332
[1550.2s] epoch 87 step 86250 avg_loss=0.314
[1551.0s] epoch 87 step 86300 avg_loss=0.317
[1552.1s] epoch 87 step 86350 avg_loss=0.339
[1553.1s] epoch 87 step 86400 avg_loss=0.422
[1554.2s] epoch 87 step 86450 avg_loss=0.421
[1555.2s] epoch 87 step 86500 avg_loss=0.407
[1556.2s] epoch 87 step 86550 avg_loss=0.419
[1557.1s] epoch 87 step 86600 avg_loss=0.406
[1558.2s] epoch 87 step 86650 avg_loss=0.412
[1559.1s] epoch 87 step 86700 avg_loss=0.391
[1559.9s] epoch 87 step 86750 avg_loss=0.379
[1560.9s] epoch 87 step 86800 avg_loss=0.407
[1561.8s] epoch 87 step 86850 avg_loss=0.409
[1562.9s] epoch 87 step 86900 avg_loss=0.419
[1563.8s] === epoch 87 done: avg_loss=0.429 (n=988 derivations) ===
[1564.0s] epoch 88 step 86950 avg_loss=0.194
[1564.9s] epoch 88 step 87000 avg_loss=0.978
[1566.0s] epoch 88 step 87050 avg_loss=0.635
[1567.0s] epoch 88 step 87100 avg_loss=0.473
[1568.2s] epoch 88 step 87150 avg_loss=0.406
[1569.3s] epoch 88 step 87200 avg_loss=0.435
[1570.1s] epoch 88 step 87250 avg_loss=0.458
[1570.8s] epoch 88 step 87300 avg_loss=0.427
[1571.6s] epoch 88 step 87350 avg_loss=0.474
[1572.5s] epoch 88 step 87400 avg_loss=0.519
[1573.7s] epoch 88 step 87450 avg_loss=0.498
[1574.7s] epoch 88 step 87500 avg_loss=0.483
[1575.7s] epoch 88 step 87550 avg_loss=0.480
[1576.7s] epoch 88 step 87600 avg_loss=0.467
[1578.6s] eval step=2750 train_avg_loss=0.444 dev_rank1_f1=0.4600 dev_edge_p=0.4846 dev_edge_r=0.4379
[1578.7s] epoch 88 step 87650 avg_loss=0.443
[1579.6s] epoch 88 step 87700 avg_loss=0.435
[1580.6s] epoch 88 step 87750 avg_loss=0.435
[1581.7s] epoch 88 step 87800 avg_loss=0.441
[1582.8s] epoch 88 step 87850 avg_loss=0.443
[1583.9s] epoch 88 step 87900 avg_loss=0.446
[1584.4s] === epoch 88 done: avg_loss=0.448 (n=988 derivations) ===
[1584.8s] epoch 89 step 87950 avg_loss=0.657
[1585.7s] epoch 89 step 88000 avg_loss=0.311
[1586.5s] epoch 89 step 88050 avg_loss=0.252
[1587.8s] epoch 89 step 88100 avg_loss=0.287
[1588.8s] epoch 89 step 88150 avg_loss=0.353
[1589.7s] epoch 89 step 88200 avg_loss=0.412
[1590.4s] epoch 89 step 88250 avg_loss=0.402
[1591.4s] epoch 89 step 88300 avg_loss=0.458
[1592.4s] epoch 89 step 88350 avg_loss=0.430
[1593.3s] epoch 89 step 88400 avg_loss=0.467
[1594.5s] epoch 89 step 88450 avg_loss=0.506
[1595.5s] epoch 89 step 88500 avg_loss=0.472
[1596.7s] epoch 89 step 88550 avg_loss=0.465
[1597.7s] epoch 89 step 88600 avg_loss=0.470
[1598.6s] epoch 89 step 88650 avg_loss=0.462
[1599.5s] epoch 89 step 88700 avg_loss=0.451
[1600.5s] epoch 89 step 88750 avg_loss=0.458
[1601.3s] epoch 89 step 88800 avg_loss=0.446
[1602.0s] epoch 89 step 88850 avg_loss=0.438
[1602.9s] epoch 89 step 88900 avg_loss=0.457
[1603.1s] === epoch 89 done: avg_loss=0.451 (n=988 derivations) ===
[1603.5s] epoch 90 step 88950 avg_loss=0.438
[1604.2s] epoch 90 step 89000 avg_loss=0.318
[1604.9s] epoch 90 step 89050 avg_loss=0.476
[1605.7s] epoch 90 step 89100 avg_loss=0.458
[1606.3s] epoch 90 step 89150 avg_loss=0.410
[1607.1s] epoch 90 step 89200 avg_loss=0.382
[1608.2s] epoch 90 step 89250 avg_loss=0.406
[1609.1s] epoch 90 step 89300 avg_loss=0.407
[1610.2s] epoch 90 step 89350 avg_loss=0.409
[1611.2s] epoch 90 step 89400 avg_loss=0.387
[1612.1s] epoch 90 step 89450 avg_loss=0.423
[1612.9s] epoch 90 step 89500 avg_loss=0.401
[1614.1s] epoch 90 step 89550 avg_loss=0.403
[1614.8s] epoch 90 step 89600 avg_loss=0.389
[1615.6s] epoch 90 step 89650 avg_loss=0.381
[1616.5s] epoch 90 step 89700 avg_loss=0.386
[1617.3s] epoch 90 step 89750 avg_loss=0.373
[1618.3s] epoch 90 step 89800 avg_loss=0.360
[1619.3s] epoch 90 step 89850 avg_loss=0.347
[1620.3s] epoch 90 step 89900 avg_loss=0.343
[1620.5s] === epoch 90 done: avg_loss=0.343 (n=988 derivations) ===
[1621.4s] epoch 91 step 89950 avg_loss=0.220
[1622.3s] epoch 91 step 90000 avg_loss=0.179
[1623.4s] epoch 91 step 90050 avg_loss=0.216
[1624.2s] epoch 91 step 90100 avg_loss=0.182
[1625.2s] epoch 91 step 90150 avg_loss=0.164
[1626.2s] epoch 91 step 90200 avg_loss=0.246
[1627.3s] epoch 91 step 90250 avg_loss=0.261
[1628.2s] epoch 91 step 90300 avg_loss=0.255
[1629.3s] epoch 91 step 90350 avg_loss=0.266
[1630.3s] epoch 91 step 90400 avg_loss=0.284
[1631.2s] epoch 91 step 90450 avg_loss=0.266
[1632.2s] epoch 91 step 90500 avg_loss=0.273
[1633.2s] epoch 91 step 90550 avg_loss=0.288
[1634.3s] epoch 91 step 90600 avg_loss=0.284
[1635.4s] epoch 91 step 90650 avg_loss=0.301
[1636.5s] epoch 91 step 90700 avg_loss=0.311
[1637.4s] epoch 91 step 90750 avg_loss=0.305
[1638.2s] epoch 91 step 90800 avg_loss=0.320
[1638.8s] epoch 91 step 90850 avg_loss=0.310
[1639.4s] === epoch 91 done: avg_loss=0.300 (n=988 derivations) ===
[1639.5s] epoch 92 step 90900 avg_loss=0.028
[1640.1s] epoch 92 step 90950 avg_loss=0.295
[1640.9s] epoch 92 step 91000 avg_loss=0.198
[1641.8s] epoch 92 step 91050 avg_loss=0.219
[1642.6s] epoch 92 step 91100 avg_loss=0.442
[1643.3s] epoch 92 step 91150 avg_loss=0.394
[1643.9s] epoch 92 step 91200 avg_loss=0.343
[1644.7s] epoch 92 step 91250 avg_loss=0.354
[1645.3s] epoch 92 step 91300 avg_loss=0.328
[1646.1s] epoch 92 step 91350 avg_loss=0.304
[1646.8s] epoch 92 step 91400 avg_loss=0.291
[1647.5s] epoch 92 step 91450 avg_loss=0.280
[1648.3s] epoch 92 step 91500 avg_loss=0.297
[1649.0s] epoch 92 step 91550 avg_loss=0.282
[1649.8s] epoch 92 step 91600 avg_loss=0.298
[1650.6s] epoch 92 step 91650 avg_loss=0.287
[1651.3s] epoch 92 step 91700 avg_loss=0.279
[1652.0s] epoch 92 step 91750 avg_loss=0.284
[1652.8s] epoch 92 step 91800 avg_loss=0.289
[1653.5s] epoch 92 step 91850 avg_loss=0.279
[1653.9s] === epoch 92 done: avg_loss=0.283 (n=988 derivations) ===
[1654.2s] epoch 93 step 91900 avg_loss=0.091
[1654.9s] epoch 93 step 91950 avg_loss=0.121
[1655.7s] epoch 93 step 92000 avg_loss=0.307
[1656.4s] epoch 93 step 92050 avg_loss=0.365
[1657.1s] epoch 93 step 92100 avg_loss=0.372
[1657.8s] epoch 93 step 92150 avg_loss=0.343
[1658.5s] epoch 93 step 92200 avg_loss=0.308
[1659.2s] epoch 93 step 92250 avg_loss=0.332
[1660.0s] epoch 93 step 92300 avg_loss=0.309
[1660.8s] epoch 93 step 92350 avg_loss=0.311
[1661.5s] epoch 93 step 92400 avg_loss=0.301
[1662.3s] epoch 93 step 92450 avg_loss=0.306
[1663.1s] epoch 93 step 92500 avg_loss=0.307
[1663.9s] epoch 93 step 92550 avg_loss=0.318
[1664.7s] epoch 93 step 92600 avg_loss=0.313
[1665.4s] epoch 93 step 92650 avg_loss=0.300
[1666.2s] epoch 93 step 92700 avg_loss=0.304
[1667.0s] epoch 93 step 92750 avg_loss=0.293
[1667.6s] epoch 93 step 92800 avg_loss=0.284
[1668.4s] epoch 93 step 92850 avg_loss=0.283
[1668.6s] === epoch 93 done: avg_loss=0.278 (n=988 derivations) ===
[1668.9s] epoch 94 step 92900 avg_loss=0.233
[1669.6s] epoch 94 step 92950 avg_loss=0.350
[1670.3s] epoch 94 step 93000 avg_loss=0.318
[1671.0s] epoch 94 step 93050 avg_loss=0.274
[1671.7s] epoch 94 step 93100 avg_loss=0.307
[1672.7s] epoch 94 step 93150 avg_loss=0.291
[1673.7s] epoch 94 step 93200 avg_loss=0.286
[1674.5s] epoch 94 step 93250 avg_loss=0.265
[1675.2s] epoch 94 step 93300 avg_loss=0.251
[1676.0s] epoch 94 step 93350 avg_loss=0.235
[1676.7s] epoch 94 step 93400 avg_loss=0.247
[1677.7s] epoch 94 step 93450 avg_loss=0.241
[1678.5s] epoch 94 step 93500 avg_loss=0.268
[1679.1s] epoch 94 step 93550 avg_loss=0.259
[1679.9s] epoch 94 step 93600 avg_loss=0.278
[1680.7s] epoch 94 step 93650 avg_loss=0.266
[1681.6s] epoch 94 step 93700 avg_loss=0.263
[1682.4s] epoch 94 step 93750 avg_loss=0.257
[1683.6s] epoch 94 step 93800 avg_loss=0.266
[1684.6s] epoch 94 step 93850 avg_loss=0.279
[1684.8s] === epoch 94 done: avg_loss=0.278 (n=988 derivations) ===
[1685.6s] epoch 95 step 93900 avg_loss=0.113
[1686.6s] epoch 95 step 93950 avg_loss=0.216
[1687.6s] epoch 95 step 94000 avg_loss=0.181
[1688.6s] epoch 95 step 94050 avg_loss=0.264
[1689.5s] epoch 95 step 94100 avg_loss=0.223
[1690.5s] epoch 95 step 94150 avg_loss=0.213
[1691.6s] epoch 95 step 94200 avg_loss=0.217
[1692.5s] epoch 95 step 94250 avg_loss=0.213
[1693.3s] epoch 95 step 94300 avg_loss=0.252
[1694.3s] epoch 95 step 94350 avg_loss=0.246
[1695.4s] epoch 95 step 94400 avg_loss=0.244
[1696.6s] epoch 95 step 94450 avg_loss=0.250
[1697.8s] epoch 95 step 94500 avg_loss=0.242
[1698.9s] epoch 95 step 94550 avg_loss=0.230
[1700.0s] epoch 95 step 94600 avg_loss=0.233
[1701.0s] epoch 95 step 94650 avg_loss=0.230
[1701.9s] epoch 95 step 94700 avg_loss=0.227
[1702.6s] epoch 95 step 94750 avg_loss=0.236
[1703.4s] epoch 95 step 94800 avg_loss=0.232
[1704.2s] === epoch 95 done: avg_loss=0.232 (n=988 derivations) ===
[1704.2s] epoch 96 step 94850 avg_loss=0.026
[1705.0s] epoch 96 step 94900 avg_loss=0.295
[1705.7s] epoch 96 step 94950 avg_loss=0.290
[1706.6s] epoch 96 step 95000 avg_loss=0.252
[1707.4s] epoch 96 step 95050 avg_loss=0.318
[1708.1s] epoch 96 step 95100 avg_loss=0.268
[1708.9s] epoch 96 step 95150 avg_loss=0.250
[1709.6s] epoch 96 step 95200 avg_loss=0.232
[1710.4s] epoch 96 step 95250 avg_loss=0.235
[1711.0s] epoch 96 step 95300 avg_loss=0.224
[1711.8s] epoch 96 step 95350 avg_loss=0.255
[1712.5s] epoch 96 step 95400 avg_loss=0.241
[1713.3s] epoch 96 step 95450 avg_loss=0.239
[1714.0s] epoch 96 step 95500 avg_loss=0.234
[1714.7s] epoch 96 step 95550 avg_loss=0.231
[1715.4s] epoch 96 step 95600 avg_loss=0.225
[1716.4s] eval step=3000 train_avg_loss=0.222 dev_rank1_f1=0.4581 dev_edge_p=0.4743 dev_edge_r=0.4430
[1716.8s] epoch 96 step 95650 avg_loss=0.221
[1717.6s] epoch 96 step 95700 avg_loss=0.217
[1718.3s] epoch 96 step 95750 avg_loss=0.209
[1719.1s] epoch 96 step 95800 avg_loss=0.218
[1719.6s] === epoch 96 done: avg_loss=0.221 (n=988 derivations) ===
[1719.8s] epoch 97 step 95850 avg_loss=0.110
[1720.6s] epoch 97 step 95900 avg_loss=0.142
[1721.4s] epoch 97 step 95950 avg_loss=0.262
[1722.1s] epoch 97 step 96000 avg_loss=0.225
[1722.8s] epoch 97 step 96050 avg_loss=0.249
[1723.6s] epoch 97 step 96100 avg_loss=0.263
[1724.3s] epoch 97 step 96150 avg_loss=0.235
[1725.0s] epoch 97 step 96200 avg_loss=0.236
[1725.7s] epoch 97 step 96250 avg_loss=0.228
[1726.4s] epoch 97 step 96300 avg_loss=0.214
[1727.1s] epoch 97 step 96350 avg_loss=0.208
[1727.8s] epoch 97 step 96400 avg_loss=0.220
[1728.8s] epoch 97 step 96450 avg_loss=0.230
[1729.8s] epoch 97 step 96500 avg_loss=0.221
[1730.5s] epoch 97 step 96550 avg_loss=0.216
[1731.5s] epoch 97 step 96600 avg_loss=0.211
[1732.4s] epoch 97 step 96650 avg_loss=0.219
[1733.3s] epoch 97 step 96700 avg_loss=0.221
[1734.3s] epoch 97 step 96750 avg_loss=0.214
[1735.3s] epoch 97 step 96800 avg_loss=0.211
[1735.8s] === epoch 97 done: avg_loss=0.208 (n=988 derivations) ===
[1736.3s] epoch 98 step 96850 avg_loss=0.085
[1737.3s] epoch 98 step 96900 avg_loss=0.164
[1738.2s] epoch 98 step 96950 avg_loss=0.234
[1739.2s] epoch 98 step 97000 avg_loss=0.195
[1740.1s] epoch 98 step 97050 avg_loss=0.201
[1741.1s] epoch 98 step 97100 avg_loss=0.186
[1742.1s] epoch 98 step 97150 avg_loss=0.255
[1742.8s] epoch 98 step 97200 avg_loss=0.245
[1743.6s] epoch 98 step 97250 avg_loss=0.231
[1744.4s] epoch 98 step 97300 avg_loss=0.238
[1745.1s] epoch 98 step 97350 avg_loss=0.256
[1745.8s] epoch 98 step 97400 avg_loss=0.246
[1746.6s] epoch 98 step 97450 avg_loss=0.236
[1747.4s] epoch 98 step 97500 avg_loss=0.227
[1748.1s] epoch 98 step 97550 avg_loss=0.243
[1748.8s] epoch 98 step 97600 avg_loss=0.236
[1749.5s] epoch 98 step 97650 avg_loss=0.244
[1750.3s] epoch 98 step 97700 avg_loss=0.244
[1751.0s] epoch 98 step 97750 avg_loss=0.236
[1751.8s] epoch 98 step 97800 avg_loss=0.240
[1752.1s] === epoch 98 done: avg_loss=0.244 (n=988 derivations) ===
[1752.7s] epoch 99 step 97850 avg_loss=0.605
[1753.6s] epoch 99 step 97900 avg_loss=0.367
[1754.6s] epoch 99 step 97950 avg_loss=0.352
[1755.6s] epoch 99 step 98000 avg_loss=0.299
[1756.5s] epoch 99 step 98050 avg_loss=0.265
[1757.5s] epoch 99 step 98100 avg_loss=0.244
[1758.7s] epoch 99 step 98150 avg_loss=0.253
[1759.3s] epoch 99 step 98200 avg_loss=0.255
[1760.5s] epoch 99 step 98250 avg_loss=0.276
[1761.4s] epoch 99 step 98300 avg_loss=0.262
[1762.4s] epoch 99 step 98350 avg_loss=0.247
[1763.2s] epoch 99 step 98400 avg_loss=0.250
[1764.4s] epoch 99 step 98450 avg_loss=0.248
[1765.4s] epoch 99 step 98500 avg_loss=0.254
[1766.3s] epoch 99 step 98550 avg_loss=0.243
[1767.3s] epoch 99 step 98600 avg_loss=0.250
[1768.2s] epoch 99 step 98650 avg_loss=0.243
[1769.0s] epoch 99 step 98700 avg_loss=0.236
[1769.9s] epoch 99 step 98750 avg_loss=0.228
[1770.6s] epoch 99 step 98800 avg_loss=0.228
[1770.6s] === epoch 99 done: avg_loss=0.228 (n=988 derivations) ===
[1771.5s] epoch 100 step 98850 avg_loss=0.132
[1772.3s] epoch 100 step 98900 avg_loss=0.124
[1773.1s] epoch 100 step 98950 avg_loss=0.237
[1773.9s] epoch 100 step 99000 avg_loss=0.238
[1774.7s] epoch 100 step 99050 avg_loss=0.220
[1775.5s] epoch 100 step 99100 avg_loss=0.206
[1776.2s] epoch 100 step 99150 avg_loss=0.200
[1777.0s] epoch 100 step 99200 avg_loss=0.215
[1777.8s] epoch 100 step 99250 avg_loss=0.213
[1778.6s] epoch 100 step 99300 avg_loss=0.204
[1779.3s] epoch 100 step 99350 avg_loss=0.195
[1780.1s] epoch 100 step 99400 avg_loss=0.194
[1780.8s] epoch 100 step 99450 avg_loss=0.184
[1781.6s] epoch 100 step 99500 avg_loss=0.179
[1782.3s] epoch 100 step 99550 avg_loss=0.192
[1783.1s] epoch 100 step 99600 avg_loss=0.190
[1783.8s] epoch 100 step 99650 avg_loss=0.215
[1784.6s] epoch 100 step 99700 avg_loss=0.235
[1785.4s] epoch 100 step 99750 avg_loss=0.235
[1786.0s] === epoch 100 done: avg_loss=0.230 (n=988 derivations) ===
[1786.2s] epoch 101 step 99800 avg_loss=0.052
[1787.2s] epoch 101 step 99850 avg_loss=0.180
[1788.2s] epoch 101 step 99900 avg_loss=0.154
[1789.1s] epoch 101 step 99950 avg_loss=0.158
[1790.2s] epoch 101 step 100000 avg_loss=0.143
[1791.1s] epoch 101 step 100050 avg_loss=0.137
[1792.0s] epoch 101 step 100100 avg_loss=0.152
[1793.0s] epoch 101 step 100150 avg_loss=0.147
[1794.0s] epoch 101 step 100200 avg_loss=0.169
[1795.0s] epoch 101 step 100250 avg_loss=0.220
[1795.9s] epoch 101 step 100300 avg_loss=0.208
[1796.9s] epoch 101 step 100350 avg_loss=0.201
[1797.9s] epoch 101 step 100400 avg_loss=0.194
[1798.8s] epoch 101 step 100450 avg_loss=0.197
[1799.5s] epoch 101 step 100500 avg_loss=0.189
[1800.3s] epoch 101 step 100550 avg_loss=0.185
[1801.1s] epoch 101 step 100600 avg_loss=0.185
[1801.9s] epoch 101 step 100650 avg_loss=0.194
[1802.6s] epoch 101 step 100700 avg_loss=0.192
[1803.5s] epoch 101 step 100750 avg_loss=0.193
[1804.2s] === epoch 101 done: avg_loss=0.193 (n=988 derivations) ===
[1804.6s] epoch 102 step 100800 avg_loss=0.149
[1805.6s] epoch 102 step 100850 avg_loss=0.135
[1806.5s] epoch 102 step 100900 avg_loss=0.158
[1807.5s] epoch 102 step 100950 avg_loss=0.184
[1808.3s] epoch 102 step 101000 avg_loss=0.194
[1809.1s] epoch 102 step 101050 avg_loss=0.175
[1810.0s] epoch 102 step 101100 avg_loss=0.165
[1810.8s] epoch 102 step 101150 avg_loss=0.177
[1811.5s] epoch 102 step 101200 avg_loss=0.205
[1812.1s] epoch 102 step 101250 avg_loss=0.191
[1812.9s] epoch 102 step 101300 avg_loss=0.197
[1813.7s] epoch 102 step 101350 avg_loss=0.192
[1814.6s] epoch 102 step 101400 avg_loss=0.193
[1815.5s] epoch 102 step 101450 avg_loss=0.201
[1816.4s] epoch 102 step 101500 avg_loss=0.206
[1817.1s] epoch 102 step 101550 avg_loss=0.201
[1818.0s] epoch 102 step 101600 avg_loss=0.194
[1819.1s] epoch 102 step 101650 avg_loss=0.188
[1819.8s] epoch 102 step 101700 avg_loss=0.186
[1820.7s] epoch 102 step 101750 avg_loss=0.189
[1821.0s] === epoch 102 done: avg_loss=0.193 (n=988 derivations) ===
[1821.5s] epoch 103 step 101800 avg_loss=0.086
[1822.1s] epoch 103 step 101850 avg_loss=0.111
[1822.8s] epoch 103 step 101900 avg_loss=0.102
[1823.6s] epoch 103 step 101950 avg_loss=0.105
[1824.4s] epoch 103 step 102000 avg_loss=0.102
[1825.1s] epoch 103 step 102050 avg_loss=0.101
[1825.7s] epoch 103 step 102100 avg_loss=0.113
[1826.5s] epoch 103 step 102150 avg_loss=0.118
[1827.2s] epoch 103 step 102200 avg_loss=0.116
[1827.9s] epoch 103 step 102250 avg_loss=0.114
[1828.5s] epoch 103 step 102300 avg_loss=0.125
[1829.4s] epoch 103 step 102350 avg_loss=0.134
[1830.3s] epoch 103 step 102400 avg_loss=0.136
[1831.1s] epoch 103 step 102450 avg_loss=0.147
[1832.2s] epoch 103 step 102500 avg_loss=0.149
[1833.3s] epoch 103 step 102550 avg_loss=0.169
[1834.4s] epoch 103 step 102600 avg_loss=0.180
[1835.4s] epoch 103 step 102650 avg_loss=0.175
[1836.2s] epoch 103 step 102700 avg_loss=0.172
[1836.8s] epoch 103 step 102750 avg_loss=0.166
[1836.8s] === epoch 103 done: avg_loss=0.166 (n=988 derivations) ===
[1837.4s] epoch 104 step 102800 avg_loss=0.188
[1838.1s] epoch 104 step 102850 avg_loss=0.138
[1838.9s] epoch 104 step 102900 avg_loss=0.123
[1839.5s] epoch 104 step 102950 avg_loss=0.112
[1840.2s] epoch 104 step 103000 avg_loss=0.109
[1840.9s] epoch 104 step 103050 avg_loss=0.179
[1841.5s] epoch 104 step 103100 avg_loss=0.181
[1842.3s] epoch 104 step 103150 avg_loss=0.201
[1843.0s] epoch 104 step 103200 avg_loss=0.230
[1843.7s] epoch 104 step 103250 avg_loss=0.223
[1844.8s] epoch 104 step 103300 avg_loss=0.232
[1845.7s] epoch 104 step 103350 avg_loss=0.222
[1846.7s] epoch 104 step 103400 avg_loss=0.213
[1847.6s] epoch 104 step 103450 avg_loss=0.205
[1848.5s] epoch 104 step 103500 avg_loss=0.196
[1849.4s] epoch 104 step 103550 avg_loss=0.188
[1851.2s] eval step=3250 train_avg_loss=0.185 dev_rank1_f1=0.4285 dev_edge_p=0.4219 dev_edge_r=0.4353
[1851.4s] epoch 104 step 103600 avg_loss=0.187
[1852.1s] epoch 104 step 103650 avg_loss=0.182
[1852.9s] epoch 104 step 103700 avg_loss=0.183
[1853.5s] === epoch 104 done: avg_loss=0.180 (n=988 derivations) ===
[1853.6s] epoch 105 step 103750 avg_loss=0.126
[1854.3s] epoch 105 step 103800 avg_loss=0.301
[1855.1s] epoch 105 step 103850 avg_loss=0.272
[1856.1s] epoch 105 step 103900 avg_loss=0.218
[1856.9s] epoch 105 step 103950 avg_loss=0.188
[1857.6s] epoch 105 step 104000 avg_loss=0.180
[1858.4s] epoch 105 step 104050 avg_loss=0.168
[1859.2s] epoch 105 step 104100 avg_loss=0.193
[1860.0s] epoch 105 step 104150 avg_loss=0.187
[1861.0s] epoch 105 step 104200 avg_loss=0.190
[1861.9s] epoch 105 step 104250 avg_loss=0.178
[1862.8s] epoch 105 step 104300 avg_loss=0.176
[1863.9s] epoch 105 step 104350 avg_loss=0.186
[1864.8s] epoch 105 step 104400 avg_loss=0.183
[1865.8s] epoch 105 step 104450 avg_loss=0.181
[1866.9s] epoch 105 step 104500 avg_loss=0.181
[1868.0s] epoch 105 step 104550 avg_loss=0.174
[1868.8s] epoch 105 step 104600 avg_loss=0.170
[1869.7s] epoch 105 step 104650 avg_loss=0.164
[1870.6s] epoch 105 step 104700 avg_loss=0.175
[1871.1s] === epoch 105 done: avg_loss=0.175 (n=988 derivations) ===
[1871.4s] epoch 106 step 104750 avg_loss=0.050
[1872.2s] epoch 106 step 104800 avg_loss=0.113
[1872.8s] epoch 106 step 104850 avg_loss=0.207
[1873.8s] epoch 106 step 104900 avg_loss=0.170
[1874.6s] epoch 106 step 104950 avg_loss=0.231
[1875.5s] epoch 106 step 105000 avg_loss=0.228
[1876.4s] epoch 106 step 105050 avg_loss=0.218
[1877.3s] epoch 106 step 105100 avg_loss=0.204
[1878.1s] epoch 106 step 105150 avg_loss=0.206
[1878.9s] epoch 106 step 105200 avg_loss=0.191
[1879.8s] epoch 106 step 105250 avg_loss=0.183
[1880.6s] epoch 106 step 105300 avg_loss=0.178
[1881.3s] epoch 106 step 105350 avg_loss=0.174
[1882.1s] epoch 106 step 105400 avg_loss=0.178
[1883.1s] epoch 106 step 105450 avg_loss=0.182
[1883.9s] epoch 106 step 105500 avg_loss=0.179
[1884.7s] epoch 106 step 105550 avg_loss=0.176
[1885.4s] epoch 106 step 105600 avg_loss=0.169
[1886.2s] epoch 106 step 105650 avg_loss=0.171
[1887.0s] epoch 106 step 105700 avg_loss=0.177
[1887.2s] === epoch 106 done: avg_loss=0.174 (n=988 derivations) ===
[1887.9s] epoch 107 step 105750 avg_loss=0.121
[1888.7s] epoch 107 step 105800 avg_loss=0.083
[1889.6s] epoch 107 step 105850 avg_loss=0.104
[1890.6s] epoch 107 step 105900 avg_loss=0.272
[1891.4s] epoch 107 step 105950 avg_loss=0.233
[1892.2s] epoch 107 step 106000 avg_loss=0.226
[1893.0s] epoch 107 step 106050 avg_loss=0.223
[1893.7s] epoch 107 step 106100 avg_loss=0.231
[1894.4s] epoch 107 step 106150 avg_loss=0.233
[1895.0s] epoch 107 step 106200 avg_loss=0.217
[1895.9s] epoch 107 step 106250 avg_loss=0.218
[1896.6s] epoch 107 step 106300 avg_loss=0.205
[1897.3s] epoch 107 step 106350 avg_loss=0.194
[1898.1s] epoch 107 step 106400 avg_loss=0.191
[1899.1s] epoch 107 step 106450 avg_loss=0.200
[1900.3s] epoch 107 step 106500 avg_loss=0.191
[1901.3s] epoch 107 step 106550 avg_loss=0.192
[1902.3s] epoch 107 step 106600 avg_loss=0.185
[1903.1s] epoch 107 step 106650 avg_loss=0.189
[1904.2s] epoch 107 step 106700 avg_loss=0.186
[1904.2s] === epoch 107 done: avg_loss=0.185 (n=988 derivations) ===
[1904.9s] epoch 108 step 106750 avg_loss=0.040
[1905.9s] epoch 108 step 106800 avg_loss=0.162
[1907.0s] epoch 108 step 106850 avg_loss=0.207
[1907.9s] epoch 108 step 106900 avg_loss=0.214
[1908.9s] epoch 108 step 106950 avg_loss=0.188
[1909.8s] epoch 108 step 107000 avg_loss=0.179
[1910.7s] epoch 108 step 107050 avg_loss=0.225
[1911.8s] epoch 108 step 107100 avg_loss=0.236
[1912.9s] epoch 108 step 107150 avg_loss=0.222
[1913.9s] epoch 108 step 107200 avg_loss=0.224
[1914.9s] epoch 108 step 107250 avg_loss=0.216
[1915.6s] epoch 108 step 107300 avg_loss=0.211
[1916.3s] epoch 108 step 107350 avg_loss=0.200
[1917.0s] epoch 108 step 107400 avg_loss=0.194
[1917.8s] epoch 108 step 107450 avg_loss=0.196
[1918.6s] epoch 108 step 107500 avg_loss=0.188
[1919.5s] epoch 108 step 107550 avg_loss=0.192
[1920.2s] epoch 108 step 107600 avg_loss=0.188
[1921.1s] epoch 108 step 107650 avg_loss=0.185
[1921.8s] === epoch 108 done: avg_loss=0.191 (n=988 derivations) ===
[1921.9s] epoch 109 step 107700 avg_loss=0.043
[1922.6s] epoch 109 step 107750 avg_loss=0.248
[1923.5s] epoch 109 step 107800 avg_loss=0.261
[1924.2s] epoch 109 step 107850 avg_loss=0.194
[1924.8s] epoch 109 step 107900 avg_loss=0.161
[1925.7s] epoch 109 step 107950 avg_loss=0.186
[1926.4s] epoch 109 step 108000 avg_loss=0.173
[1927.1s] epoch 109 step 108050 avg_loss=0.166
[1928.1s] epoch 109 step 108100 avg_loss=0.201
[1928.8s] epoch 109 step 108150 avg_loss=0.188
[1929.7s] epoch 109 step 108200 avg_loss=0.196
[1930.6s] epoch 109 step 108250 avg_loss=0.186
[1931.5s] epoch 109 step 108300 avg_loss=0.176
[1932.6s] epoch 109 step 108350 avg_loss=0.181
[1933.6s] epoch 109 step 108400 avg_loss=0.186
[1934.6s] epoch 109 step 108450 avg_loss=0.184
[1935.6s] epoch 109 step 108500 avg_loss=0.182
[1936.5s] epoch 109 step 108550 avg_loss=0.182
[1937.5s] epoch 109 step 108600 avg_loss=0.186
[1938.5s] epoch 109 step 108650 avg_loss=0.182
[1939.1s] === epoch 109 done: avg_loss=0.182 (n=988 derivations) ===
[1939.4s] epoch 110 step 108700 avg_loss=0.209
[1940.3s] epoch 110 step 108750 avg_loss=0.213
[1941.2s] epoch 110 step 108800 avg_loss=0.175
[1942.1s] epoch 110 step 108850 avg_loss=0.151
[1943.0s] epoch 110 step 108900 avg_loss=0.147
[1943.9s] epoch 110 step 108950 avg_loss=0.148
[1944.9s] epoch 110 step 109000 avg_loss=0.162
[1946.0s] epoch 110 step 109050 avg_loss=0.224
[1947.0s] epoch 110 step 109100 avg_loss=0.237
[1948.3s] epoch 110 step 109150 avg_loss=0.240
[1949.4s] epoch 110 step 109200 avg_loss=0.251
[1950.3s] epoch 110 step 109250 avg_loss=0.239
[1951.4s] epoch 110 step 109300 avg_loss=0.265
[1952.3s] epoch 110 step 109350 avg_loss=0.257
[1953.3s] epoch 110 step 109400 avg_loss=0.247
[1954.3s] epoch 110 step 109450 avg_loss=0.248
[1955.2s] epoch 110 step 109500 avg_loss=0.253
[1956.4s] epoch 110 step 109550 avg_loss=0.243
[1957.3s] epoch 110 step 109600 avg_loss=0.243
[1958.3s] epoch 110 step 109650 avg_loss=0.238
[1958.7s] === epoch 110 done: avg_loss=0.237 (n=988 derivations) ===
[1959.3s] epoch 111 step 109700 avg_loss=0.110
[1960.1s] epoch 111 step 109750 avg_loss=0.131
[1961.4s] epoch 111 step 109800 avg_loss=0.179
[1962.3s] epoch 111 step 109850 avg_loss=0.177
[1963.1s] epoch 111 step 109900 avg_loss=0.199
[1964.0s] epoch 111 step 109950 avg_loss=0.196
[1964.7s] epoch 111 step 110000 avg_loss=0.227
[1965.7s] epoch 111 step 110050 avg_loss=0.210
[1966.6s] epoch 111 step 110100 avg_loss=0.195
[1967.7s] epoch 111 step 110150 avg_loss=0.191
[1968.8s] epoch 111 step 110200 avg_loss=0.189
[1969.6s] epoch 111 step 110250 avg_loss=0.183
[1970.4s] epoch 111 step 110300 avg_loss=0.191
[1971.1s] epoch 111 step 110350 avg_loss=0.200
[1972.0s] epoch 111 step 110400 avg_loss=0.205
[1972.8s] epoch 111 step 110450 avg_loss=0.204
[1973.6s] epoch 111 step 110500 avg_loss=0.205
[1974.4s] epoch 111 step 110550 avg_loss=0.201
[1975.0s] epoch 111 step 110600 avg_loss=0.196
[1975.9s] epoch 111 step 110650 avg_loss=0.203
[1976.0s] === epoch 111 done: avg_loss=0.202 (n=988 derivations) ===
[1976.7s] epoch 112 step 110700 avg_loss=0.125
[1977.6s] epoch 112 step 110750 avg_loss=0.397
[1978.3s] epoch 112 step 110800 avg_loss=0.323
[1979.0s] epoch 112 step 110850 avg_loss=0.276
[1979.8s] epoch 112 step 110900 avg_loss=0.249
[1980.5s] epoch 112 step 110950 avg_loss=0.225
[1981.2s] epoch 112 step 111000 avg_loss=0.227
[1982.0s] epoch 112 step 111050 avg_loss=0.214
[1982.9s] epoch 112 step 111100 avg_loss=0.220
[1984.0s] epoch 112 step 111150 avg_loss=0.215
[1984.9s] epoch 112 step 111200 avg_loss=0.220
[1985.7s] epoch 112 step 111250 avg_loss=0.220
[1986.5s] epoch 112 step 111300 avg_loss=0.212
[1987.3s] epoch 112 step 111350 avg_loss=0.218
[1988.0s] epoch 112 step 111400 avg_loss=0.211
[1988.8s] epoch 112 step 111450 avg_loss=0.207
[1989.5s] epoch 112 step 111500 avg_loss=0.201
[1990.3s] epoch 112 step 111550 avg_loss=0.201
[1991.2s] eval step=3500 train_avg_loss=0.201 dev_rank1_f1=0.4391 dev_edge_p=0.4563 dev_edge_r=0.4231
[1992.0s] epoch 112 step 111600 avg_loss=0.196
[1992.6s] === epoch 112 done: avg_loss=0.192 (n=988 derivations) ===
[1992.7s] epoch 113 step 111650 avg_loss=0.335
[1993.6s] epoch 113 step 111700 avg_loss=0.124
[1994.3s] epoch 113 step 111750 avg_loss=0.103
[1995.1s] epoch 113 step 111800 avg_loss=0.125
[1995.9s] epoch 113 step 111850 avg_loss=0.144
[1996.9s] epoch 113 step 111900 avg_loss=0.144
[1997.9s] epoch 113 step 111950 avg_loss=0.134
[1999.1s] epoch 113 step 112000 avg_loss=0.145
[2000.0s] epoch 113 step 112050 avg_loss=0.137
[2000.9s] epoch 113 step 112100 avg_loss=0.141
[2001.8s] epoch 113 step 112150 avg_loss=0.183
[2002.7s] epoch 113 step 112200 avg_loss=0.186
[2003.8s] epoch 113 step 112250 avg_loss=0.183
[2004.8s] epoch 113 step 112300 avg_loss=0.187
[2005.7s] epoch 113 step 112350 avg_loss=0.182
[2006.6s] epoch 113 step 112400 avg_loss=0.180
[2007.6s] epoch 113 step 112450 avg_loss=0.175
[2008.4s] epoch 113 step 112500 avg_loss=0.170
[2009.5s] epoch 113 step 112550 avg_loss=0.170
[2010.5s] epoch 113 step 112600 avg_loss=0.172
[2011.2s] === epoch 113 done: avg_loss=0.172 (n=988 derivations) ===
[2011.5s] epoch 114 step 112650 avg_loss=0.092
[2012.5s] epoch 114 step 112700 avg_loss=0.142
[2013.5s] epoch 114 step 112750 avg_loss=0.185
[2014.2s] epoch 114 step 112800 avg_loss=0.157
[2015.2s] epoch 114 step 112850 avg_loss=0.148
[2016.2s] epoch 114 step 112900 avg_loss=0.134
[2017.4s] epoch 114 step 112950 avg_loss=0.133
[2018.6s] epoch 114 step 113000 avg_loss=0.135
[2019.5s] epoch 114 step 113050 avg_loss=0.133
[2020.5s] epoch 114 step 113100 avg_loss=0.145
[2021.5s] epoch 114 step 113150 avg_loss=0.146
[2022.4s] epoch 114 step 113200 avg_loss=0.149
[2023.4s] epoch 114 step 113250 avg_loss=0.148
[2024.3s] epoch 114 step 113300 avg_loss=0.148
[2025.4s] epoch 114 step 113350 avg_loss=0.149
[2026.4s] epoch 114 step 113400 avg_loss=0.149
[2027.5s] epoch 114 step 113450 avg_loss=0.148
[2028.6s] epoch 114 step 113500 avg_loss=0.151
[2029.5s] epoch 114 step 113550 avg_loss=0.150
[2030.4s] epoch 114 step 113600 avg_loss=0.151
[2030.7s] === epoch 114 done: avg_loss=0.150 (n=988 derivations) ===
[2031.4s] epoch 115 step 113650 avg_loss=0.117
[2032.1s] epoch 115 step 113700 avg_loss=0.099
[2032.9s] epoch 115 step 113750 avg_loss=0.121
[2033.6s] epoch 115 step 113800 avg_loss=0.140
[2034.3s] epoch 115 step 113850 avg_loss=0.131
[2035.0s] epoch 115 step 113900 avg_loss=0.143
[2035.7s] epoch 115 step 113950 avg_loss=0.168
[2036.4s] epoch 115 step 114000 avg_loss=0.177
[2037.1s] epoch 115 step 114050 avg_loss=0.187
[2037.9s] epoch 115 step 114100 avg_loss=0.186
[2038.5s] epoch 115 step 114150 avg_loss=0.181
[2039.2s] epoch 115 step 114200 avg_loss=0.192
[2040.0s] epoch 115 step 114250 avg_loss=0.186
[2040.6s] epoch 115 step 114300 avg_loss=0.179
[2041.4s] epoch 115 step 114350 avg_loss=0.191
[2042.2s] epoch 115 step 114400 avg_loss=0.201
[2042.9s] epoch 115 step 114450 avg_loss=0.203
[2043.6s] epoch 115 step 114500 avg_loss=0.213
[2044.3s] epoch 115 step 114550 avg_loss=0.210
[2044.9s] epoch 115 step 114600 avg_loss=0.205
[2045.0s] === epoch 115 done: avg_loss=0.206 (n=988 derivations) ===
[2045.7s] epoch 116 step 114650 avg_loss=0.263
[2046.3s] epoch 116 step 114700 avg_loss=0.223
[2047.1s] epoch 116 step 114750 avg_loss=0.237
[2047.8s] epoch 116 step 114800 avg_loss=0.250
[2048.4s] epoch 116 step 114850 avg_loss=0.248
[2049.1s] epoch 116 step 114900 avg_loss=0.242
[2050.0s] epoch 116 step 114950 avg_loss=0.233
[2050.7s] epoch 116 step 115000 avg_loss=0.239
[2051.5s] epoch 116 step 115050 avg_loss=0.248
[2052.1s] epoch 116 step 115100 avg_loss=0.260
[2052.9s] epoch 116 step 115150 avg_loss=0.263
[2053.7s] epoch 116 step 115200 avg_loss=0.271
[2054.4s] epoch 116 step 115250 avg_loss=0.268
[2055.0s] epoch 116 step 115300 avg_loss=0.281
[2055.9s] epoch 116 step 115350 avg_loss=0.298
[2056.5s] epoch 116 step 115400 avg_loss=0.310
[2057.3s] epoch 116 step 115450 avg_loss=0.319
[2058.0s] epoch 116 step 115500 avg_loss=0.331
[2058.6s] epoch 116 step 115550 avg_loss=0.327
[2059.3s] === epoch 116 done: avg_loss=0.342 (n=988 derivations) ===
[2059.4s] epoch 117 step 115600 avg_loss=0.146
[2060.1s] epoch 117 step 115650 avg_loss=0.234
[2060.9s] epoch 117 step 115700 avg_loss=0.345
[2061.6s] epoch 117 step 115750 avg_loss=0.355
[2062.3s] epoch 117 step 115800 avg_loss=0.361
[2063.1s] epoch 117 step 115850 avg_loss=0.424
[2063.7s] epoch 117 step 115900 avg_loss=0.403
[2064.5s] epoch 117 step 115950 avg_loss=0.486
[2065.2s] epoch 117 step 116000 avg_loss=0.482
[2066.1s] epoch 117 step 116050 avg_loss=0.491
[2066.7s] epoch 117 step 116100 avg_loss=0.510
[2067.4s] epoch 117 step 116150 avg_loss=0.515
[2068.0s] epoch 117 step 116200 avg_loss=0.528
[2068.8s] epoch 117 step 116250 avg_loss=0.513
[2069.5s] epoch 117 step 116300 avg_loss=0.499
[2070.3s] epoch 117 step 116350 avg_loss=0.509
[2071.0s] epoch 117 step 116400 avg_loss=0.502
[2071.7s] epoch 117 step 116450 avg_loss=0.503
[2072.6s] epoch 117 step 116500 avg_loss=0.523
[2073.3s] epoch 117 step 116550 avg_loss=0.517
[2073.8s] === epoch 117 done: avg_loss=0.513 (n=988 derivations) ===
[2074.0s] epoch 118 step 116600 avg_loss=0.198
[2074.8s] epoch 118 step 116650 avg_loss=0.620
[2075.6s] epoch 118 step 116700 avg_loss=0.726
[2076.4s] epoch 118 step 116750 avg_loss=0.626
[2077.2s] epoch 118 step 116800 avg_loss=0.577
[2078.1s] epoch 118 step 116850 avg_loss=0.564
[2078.9s] epoch 118 step 116900 avg_loss=0.511
[2079.7s] epoch 118 step 116950 avg_loss=0.559
[2080.3s] epoch 118 step 117000 avg_loss=0.530
[2081.1s] epoch 118 step 117050 avg_loss=0.523
[2081.9s] epoch 118 step 117100 avg_loss=0.547
[2082.7s] epoch 118 step 117150 avg_loss=0.526
[2083.5s] epoch 118 step 117200 avg_loss=0.526
[2084.4s] epoch 118 step 117250 avg_loss=0.525
[2085.1s] epoch 118 step 117300 avg_loss=0.520
[2085.8s] epoch 118 step 117350 avg_loss=0.518
[2086.6s] epoch 118 step 117400 avg_loss=0.513
[2087.3s] epoch 118 step 117450 avg_loss=0.502
[2088.2s] epoch 118 step 117500 avg_loss=0.493
[2089.0s] epoch 118 step 117550 avg_loss=0.491
[2089.4s] === epoch 118 done: avg_loss=0.492 (n=988 derivations) ===
[2089.7s] epoch 119 step 117600 avg_loss=0.142
[2090.4s] epoch 119 step 117650 avg_loss=0.269
[2091.2s] epoch 119 step 117700 avg_loss=0.325
[2092.4s] epoch 119 step 117750 avg_loss=0.382
[2093.2s] epoch 119 step 117800 avg_loss=0.403
[2094.3s] epoch 119 step 117850 avg_loss=0.411
[2095.4s] epoch 119 step 117900 avg_loss=0.420
[2096.3s] epoch 119 step 117950 avg_loss=0.406
[2097.0s] epoch 119 step 118000 avg_loss=0.390
[2097.9s] epoch 119 step 118050 avg_loss=0.395
[2098.7s] epoch 119 step 118100 avg_loss=0.398
[2099.7s] epoch 119 step 118150 avg_loss=0.402
[2100.6s] epoch 119 step 118200 avg_loss=0.392
[2101.5s] epoch 119 step 118250 avg_loss=0.399
[2102.3s] epoch 119 step 118300 avg_loss=0.411
[2103.0s] epoch 119 step 118350 avg_loss=0.400
[2103.7s] epoch 119 step 118400 avg_loss=0.396
[2104.5s] epoch 119 step 118450 avg_loss=0.402
[2105.6s] epoch 119 step 118500 avg_loss=0.401
[2106.5s] epoch 119 step 118550 avg_loss=0.400
[2106.8s] === epoch 119 done: avg_loss=0.414 (n=988 derivations) ===
[2107.7s] epoch 120 step 118600 avg_loss=0.235
[2108.8s] epoch 120 step 118650 avg_loss=0.379
[2109.6s] epoch 120 step 118700 avg_loss=0.324
[2110.6s] epoch 120 step 118750 avg_loss=0.328
[2111.5s] epoch 120 step 118800 avg_loss=0.292
[2112.6s] epoch 120 step 118850 avg_loss=0.296
[2113.6s] epoch 120 step 118900 avg_loss=0.342
[2114.5s] epoch 120 step 118950 avg_loss=0.356
[2115.6s] epoch 120 step 119000 avg_loss=0.364
[2116.4s] epoch 120 step 119050 avg_loss=0.360
[2117.4s] epoch 120 step 119100 avg_loss=0.364
[2118.4s] epoch 120 step 119150 avg_loss=0.368
[2119.2s] epoch 120 step 119200 avg_loss=0.360
[2120.1s] epoch 120 step 119250 avg_loss=0.354
[2120.9s] epoch 120 step 119300 avg_loss=0.350
[2121.9s] epoch 120 step 119350 avg_loss=0.351
[2122.8s] epoch 120 step 119400 avg_loss=0.345
[2123.7s] epoch 120 step 119450 avg_loss=0.339
[2124.8s] epoch 120 step 119500 avg_loss=0.341
[2126.5s] eval step=3750 train_avg_loss=0.344 dev_rank1_f1=0.4225 dev_edge_p=0.4343 dev_edge_r=0.4114
[2127.1s] === epoch 120 done: avg_loss=0.353 (n=988 derivations) ===
[2127.2s] epoch 121 step 119550 avg_loss=0.186
[2127.9s] epoch 121 step 119600 avg_loss=0.177
[2128.6s] epoch 121 step 119650 avg_loss=0.303
[2129.5s] epoch 121 step 119700 avg_loss=0.366
[2130.4s] epoch 121 step 119750 avg_loss=0.328
[2131.1s] epoch 121 step 119800 avg_loss=0.316
[2131.9s] epoch 121 step 119850 avg_loss=0.297
[2132.7s] epoch 121 step 119900 avg_loss=0.323
[2133.3s] epoch 121 step 119950 avg_loss=0.315
[2134.0s] epoch 121 step 120000 avg_loss=0.321
[2134.8s] epoch 121 step 120050 avg_loss=0.316
[2135.4s] epoch 121 step 120100 avg_loss=0.303
[2136.2s] epoch 121 step 120150 avg_loss=0.310
[2136.9s] epoch 121 step 120200 avg_loss=0.319
[2137.6s] epoch 121 step 120250 avg_loss=0.321
[2138.2s] epoch 121 step 120300 avg_loss=0.310
[2138.9s] epoch 121 step 120350 avg_loss=0.313
[2139.7s] epoch 121 step 120400 avg_loss=0.322
[2140.4s] epoch 121 step 120450 avg_loss=0.325
[2141.2s] epoch 121 step 120500 avg_loss=0.322
[2141.7s] === epoch 121 done: avg_loss=0.318 (n=988 derivations) ===
[2141.9s] epoch 122 step 120550 avg_loss=0.102
[2142.5s] epoch 122 step 120600 avg_loss=0.135
[2143.1s] epoch 122 step 120650 avg_loss=0.134
[2143.9s] epoch 122 step 120700 avg_loss=0.181
[2144.6s] epoch 122 step 120750 avg_loss=0.195
[2145.4s] epoch 122 step 120800 avg_loss=0.249
[2146.1s] epoch 122 step 120850 avg_loss=0.289
[2146.8s] epoch 122 step 120900 avg_loss=0.274
[2147.5s] epoch 122 step 120950 avg_loss=0.276
[2148.4s] epoch 122 step 121000 avg_loss=0.280
[2149.0s] epoch 122 step 121050 avg_loss=0.283
[2149.7s] epoch 122 step 121100 avg_loss=0.297
[2150.6s] epoch 122 step 121150 avg_loss=0.324
[2151.3s] epoch 122 step 121200 avg_loss=0.307
[2152.0s] epoch 122 step 121250 avg_loss=0.298
[2152.8s] epoch 122 step 121300 avg_loss=0.302
[2153.4s] epoch 122 step 121350 avg_loss=0.294
[2154.2s] epoch 122 step 121400 avg_loss=0.297
[2154.9s] epoch 122 step 121450 avg_loss=0.295
[2155.6s] epoch 122 step 121500 avg_loss=0.299
[2156.0s] === epoch 122 done: avg_loss=0.302 (n=988 derivations) ===
[2156.4s] epoch 123 step 121550 avg_loss=0.188
[2157.3s] epoch 123 step 121600 avg_loss=0.305
[2158.0s] epoch 123 step 121650 avg_loss=0.247
[2158.9s] epoch 123 step 121700 avg_loss=0.281
[2159.7s] epoch 123 step 121750 avg_loss=0.278
[2160.7s] epoch 123 step 121800 avg_loss=0.297
[2161.5s] epoch 123 step 121850 avg_loss=0.286
[2162.5s] epoch 123 step 121900 avg_loss=0.281
[2163.5s] epoch 123 step 121950 avg_loss=0.300
[2164.4s] epoch 123 step 122000 avg_loss=0.290
[2165.1s] epoch 123 step 122050 avg_loss=0.302
[2165.8s] epoch 123 step 122100 avg_loss=0.289
[2166.5s] epoch 123 step 122150 avg_loss=0.284
[2167.2s] epoch 123 step 122200 avg_loss=0.281
[2167.9s] epoch 123 step 122250 avg_loss=0.280
[2168.9s] epoch 123 step 122300 avg_loss=0.291
[2169.7s] epoch 123 step 122350 avg_loss=0.284
[2170.6s] epoch 123 step 122400 avg_loss=0.288
[2171.3s] epoch 123 step 122450 avg_loss=0.286
[2172.4s] epoch 123 step 122500 avg_loss=0.281
[2172.6s] === epoch 123 done: avg_loss=0.279 (n=988 derivations) ===
[2173.3s] epoch 124 step 122550 avg_loss=0.424
[2174.2s] epoch 124 step 122600 avg_loss=0.329
[2175.3s] epoch 124 step 122650 avg_loss=0.246
[2176.0s] epoch 124 step 122700 avg_loss=0.226
[2177.2s] epoch 124 step 122750 avg_loss=0.237
[2178.1s] epoch 124 step 122800 avg_loss=0.219
[2179.1s] epoch 124 step 122850 avg_loss=0.237
[2180.0s] epoch 124 step 122900 avg_loss=0.239
[2181.1s] epoch 124 step 122950 avg_loss=0.239
[2182.1s] epoch 124 step 123000 avg_loss=0.241
[2183.1s] epoch 124 step 123050 avg_loss=0.241
[2184.1s] epoch 124 step 123100 avg_loss=0.237
[2185.1s] epoch 124 step 123150 avg_loss=0.241
[2186.2s] epoch 124 step 123200 avg_loss=0.240
[2187.2s] epoch 124 step 123250 avg_loss=0.235
[2188.2s] epoch 124 step 123300 avg_loss=0.234
[2189.0s] epoch 124 step 123350 avg_loss=0.229
[2189.9s] epoch 124 step 123400 avg_loss=0.230
[2190.9s] epoch 124 step 123450 avg_loss=0.228
[2191.9s] epoch 124 step 123500 avg_loss=0.229
[2191.9s] === epoch 124 done: avg_loss=0.229 (n=988 derivations) ===
[2192.8s] epoch 125 step 123550 avg_loss=0.173
[2193.7s] epoch 125 step 123600 avg_loss=0.157
[2194.5s] epoch 125 step 123650 avg_loss=0.149
[2195.6s] epoch 125 step 123700 avg_loss=0.177
[2196.7s] epoch 125 step 123750 avg_loss=0.182
[2197.7s] epoch 125 step 123800 avg_loss=0.169
[2198.6s] epoch 125 step 123850 avg_loss=0.201
[2199.6s] epoch 125 step 123900 avg_loss=0.218
[2200.6s] epoch 125 step 123950 avg_loss=0.214
[2201.5s] epoch 125 step 124000 avg_loss=0.208
[2202.6s] epoch 125 step 124050 avg_loss=0.212
[2203.6s] epoch 125 step 124100 avg_loss=0.214
[2204.6s] epoch 125 step 124150 avg_loss=0.215
[2205.7s] epoch 125 step 124200 avg_loss=0.211
[2206.7s] epoch 125 step 124250 avg_loss=0.205
[2207.5s] epoch 125 step 124300 avg_loss=0.203
[2208.4s] epoch 125 step 124350 avg_loss=0.205
[2209.3s] epoch 125 step 124400 avg_loss=0.204
[2210.1s] epoch 125 step 124450 avg_loss=0.201
[2210.8s] === epoch 125 done: avg_loss=0.200 (n=988 derivations) ===
[2211.0s] epoch 126 step 124500 avg_loss=0.082
[2212.0s] epoch 126 step 124550 avg_loss=0.106
[2213.0s] epoch 126 step 124600 avg_loss=0.136
[2214.2s] epoch 126 step 124650 avg_loss=0.180
[2215.1s] epoch 126 step 124700 avg_loss=0.162
[2216.1s] epoch 126 step 124750 avg_loss=0.167
[2217.0s] epoch 126 step 124800 avg_loss=0.172
[2217.8s] epoch 126 step 124850 avg_loss=0.173
[2218.5s] epoch 126 step 124900 avg_loss=0.166
[2219.3s] epoch 126 step 124950 avg_loss=0.169
[2220.0s] epoch 126 step 125000 avg_loss=0.163
[2220.6s] epoch 126 step 125050 avg_loss=0.163
[2221.7s] epoch 126 step 125100 avg_loss=0.182
[2222.7s] epoch 126 step 125150 avg_loss=0.188
[2223.5s] epoch 126 step 125200 avg_loss=0.194
[2224.4s] epoch 126 step 125250 avg_loss=0.194
[2225.0s] epoch 126 step 125300 avg_loss=0.191
[2225.7s] epoch 126 step 125350 avg_loss=0.185
[2226.6s] epoch 126 step 125400 avg_loss=0.184
[2227.4s] epoch 126 step 125450 avg_loss=0.183
[2227.8s] === epoch 126 done: avg_loss=0.182 (n=988 derivations) ===
[2228.2s] epoch 127 step 125500 avg_loss=0.091
[2229.0s] epoch 127 step 125550 avg_loss=0.138
[2229.8s] epoch 127 step 125600 avg_loss=0.180
[2230.5s] epoch 127 step 125650 avg_loss=0.213
[2231.3s] epoch 127 step 125700 avg_loss=0.198
[2232.2s] epoch 127 step 125750 avg_loss=0.228
[2233.1s] epoch 127 step 125800 avg_loss=0.222
[2233.9s] epoch 127 step 125850 avg_loss=0.225
[2234.7s] epoch 127 step 125900 avg_loss=0.222
[2235.4s] epoch 127 step 125950 avg_loss=0.222
[2236.2s] epoch 127 step 126000 avg_loss=0.215
[2237.0s] epoch 127 step 126050 avg_loss=0.208
[2237.8s] epoch 127 step 126100 avg_loss=0.200
[2238.6s] epoch 127 step 126150 avg_loss=0.196
[2239.4s] epoch 127 step 126200 avg_loss=0.191
[2240.2s] epoch 127 step 126250 avg_loss=0.184
[2241.0s] epoch 127 step 126300 avg_loss=0.179
[2241.9s] epoch 127 step 126350 avg_loss=0.182
[2242.7s] epoch 127 step 126400 avg_loss=0.187
[2243.4s] epoch 127 step 126450 avg_loss=0.182
[2243.7s] === epoch 127 done: avg_loss=0.183 (n=988 derivations) ===
[2244.3s] epoch 128 step 126500 avg_loss=0.130
[2245.1s] epoch 128 step 126550 avg_loss=0.118
[2246.0s] epoch 128 step 126600 avg_loss=0.117
[2246.8s] epoch 128 step 126650 avg_loss=0.107
[2247.5s] epoch 128 step 126700 avg_loss=0.097
[2248.6s] epoch 128 step 126750 avg_loss=0.138
[2249.5s] epoch 128 step 126800 avg_loss=0.131
[2250.3s] epoch 128 step 126850 avg_loss=0.134
[2250.9s] epoch 128 step 126900 avg_loss=0.130
[2251.5s] epoch 128 step 126950 avg_loss=0.147
[2252.3s] epoch 128 step 127000 avg_loss=0.141
[2253.0s] epoch 128 step 127050 avg_loss=0.139
[2253.7s] epoch 128 step 127100 avg_loss=0.141
[2254.3s] epoch 128 step 127150 avg_loss=0.143
[2254.9s] epoch 128 step 127200 avg_loss=0.139
[2255.6s] epoch 128 step 127250 avg_loss=0.134
[2256.3s] epoch 128 step 127300 avg_loss=0.134
[2257.0s] epoch 128 step 127350 avg_loss=0.133
[2257.7s] epoch 128 step 127400 avg_loss=0.138
[2258.5s] epoch 128 step 127450 avg_loss=0.138
[2258.5s] === epoch 128 done: avg_loss=0.138 (n=988 derivations) ===
[2259.7s] eval step=4000 train_avg_loss=0.025 dev_rank1_f1=0.4224 dev_edge_p=0.4142 dev_edge_r=0.4309
[2259.9s] epoch 129 step 127500 avg_loss=0.029
[2260.6s] epoch 129 step 127550 avg_loss=0.054
[2261.3s] epoch 129 step 127600 avg_loss=0.095
[2262.2s] epoch 129 step 127650 avg_loss=0.114
[2263.0s] epoch 129 step 127700 avg_loss=0.111
[2263.8s] epoch 129 step 127750 avg_loss=0.105
[2264.6s] epoch 129 step 127800 avg_loss=0.100
[2265.3s] epoch 129 step 127850 avg_loss=0.098
[2266.1s] epoch 129 step 127900 avg_loss=0.122
[2266.9s] epoch 129 step 127950 avg_loss=0.123
[2267.6s] epoch 129 step 128000 avg_loss=0.129
[2268.6s] epoch 129 step 128050 avg_loss=0.126
[2269.5s] epoch 129 step 128100 avg_loss=0.122
[2270.4s] epoch 129 step 128150 avg_loss=0.124
[2271.3s] epoch 129 step 128200 avg_loss=0.123
[2272.4s] epoch 129 step 128250 avg_loss=0.127
[2273.2s] epoch 129 step 128300 avg_loss=0.124
[2274.1s] epoch 129 step 128350 avg_loss=0.120
[2275.0s] epoch 129 step 128400 avg_loss=0.118
[2276.0s] === epoch 129 done: avg_loss=0.120 (n=988 derivations) ===
[2276.2s] epoch 130 step 128450 avg_loss=0.027
[2277.0s] epoch 130 step 128500 avg_loss=0.039
[2277.9s] epoch 130 step 128550 avg_loss=0.080
[2278.8s] epoch 130 step 128600 avg_loss=0.080
[2279.6s] epoch 130 step 128650 avg_loss=0.091
[2280.5s] epoch 130 step 128700 avg_loss=0.082
[2281.3s] epoch 130 step 128750 avg_loss=0.076
[2282.3s] epoch 130 step 128800 avg_loss=0.074
[2282.9s] epoch 130 step 128850 avg_loss=0.073
[2283.7s] epoch 130 step 128900 avg_loss=0.075
[2284.5s] epoch 130 step 128950 avg_loss=0.074
[2285.4s] epoch 130 step 129000 avg_loss=0.074
[2286.3s] epoch 130 step 129050 avg_loss=0.085
[2287.1s] epoch 130 step 129100 avg_loss=0.086
[2287.9s] epoch 130 step 129150 avg_loss=0.090
[2288.8s] epoch 130 step 129200 avg_loss=0.090
[2289.9s] epoch 130 step 129250 avg_loss=0.089
[2291.0s] epoch 130 step 129300 avg_loss=0.090
[2292.0s] epoch 130 step 129350 avg_loss=0.090
[2293.0s] epoch 130 step 129400 avg_loss=0.091
[2293.6s] === epoch 130 done: avg_loss=0.092 (n=988 derivations) ===
[2294.1s] epoch 131 step 129450 avg_loss=0.059
[2295.1s] epoch 131 step 129500 avg_loss=0.061
[2296.0s] epoch 131 step 129550 avg_loss=0.075
[2296.7s] epoch 131 step 129600 avg_loss=0.087
[2297.4s] epoch 131 step 129650 avg_loss=0.082
[2298.2s] epoch 131 step 129700 avg_loss=0.085
[2299.0s] epoch 131 step 129750 avg_loss=0.082
[2299.7s] epoch 131 step 129800 avg_loss=0.086
[2300.5s] epoch 131 step 129850 avg_loss=0.080
[2301.3s] epoch 131 step 129900 avg_loss=0.076
[2301.9s] epoch 131 step 129950 avg_loss=0.073
[2302.7s] epoch 131 step 130000 avg_loss=0.072
[2303.4s] epoch 131 step 130050 avg_loss=0.086
[2304.1s] epoch 131 step 130100 avg_loss=0.084
[2304.8s] epoch 131 step 130150 avg_loss=0.088
[2305.7s] epoch 131 step 130200 avg_loss=0.086
[2306.4s] epoch 131 step 130250 avg_loss=0.089
[2307.0s] epoch 131 step 130300 avg_loss=0.087
[2307.7s] epoch 131 step 130350 avg_loss=0.084
[2308.4s] epoch 131 step 130400 avg_loss=0.086
[2308.7s] === epoch 131 done: avg_loss=0.086 (n=988 derivations) ===
[2309.4s] epoch 132 step 130450 avg_loss=0.656
[2310.3s] epoch 132 step 130500 avg_loss=0.301
[2311.3s] epoch 132 step 130550 avg_loss=0.215
[2312.1s] epoch 132 step 130600 avg_loss=0.166
[2312.9s] epoch 132 step 130650 avg_loss=0.145
[2313.6s] epoch 132 step 130700 avg_loss=0.128
[2314.4s] epoch 132 step 130750 avg_loss=0.124
[2315.1s] epoch 132 step 130800 avg_loss=0.114
[2315.9s] epoch 132 step 130850 avg_loss=0.107
[2316.8s] epoch 132 step 130900 avg_loss=0.101
[2317.6s] epoch 132 step 130950 avg_loss=0.107
[2318.5s] epoch 132 step 131000 avg_loss=0.110
[2319.4s] epoch 132 step 131050 avg_loss=0.108
[2320.5s] epoch 132 step 131100 avg_loss=0.107
[2321.3s] epoch 132 step 131150 avg_loss=0.103
[2322.1s] epoch 132 step 131200 avg_loss=0.104
[2322.8s] epoch 132 step 131250 avg_loss=0.100
[2323.6s] epoch 132 step 131300 avg_loss=0.100
[2324.3s] epoch 132 step 131350 avg_loss=0.097
[2325.2s] epoch 132 step 131400 avg_loss=0.100
[2325.2s] === epoch 132 done: avg_loss=0.101 (n=988 derivations) ===
[2326.0s] epoch 133 step 131450 avg_loss=0.046
[2326.7s] epoch 133 step 131500 avg_loss=0.051
[2327.4s] epoch 133 step 131550 avg_loss=0.059
[2328.2s] epoch 133 step 131600 avg_loss=0.050
[2329.1s] epoch 133 step 131650 avg_loss=0.090
[2330.0s] epoch 133 step 131700 avg_loss=0.082
[2330.9s] epoch 133 step 131750 avg_loss=0.082
[2331.8s] epoch 133 step 131800 avg_loss=0.080
[2332.6s] epoch 133 step 131850 avg_loss=0.080
[2333.4s] epoch 133 step 131900 avg_loss=0.078
[2334.0s] epoch 133 step 131950 avg_loss=0.076
[2334.8s] epoch 133 step 132000 avg_loss=0.073
[2335.7s] epoch 133 step 132050 avg_loss=0.071
[2336.4s] epoch 133 step 132100 avg_loss=0.080
[2337.2s] epoch 133 step 132150 avg_loss=0.089
[2337.9s] epoch 133 step 132200 avg_loss=0.089
[2338.6s] epoch 133 step 132250 avg_loss=0.092
[2339.3s] epoch 133 step 132300 avg_loss=0.090
[2340.0s] epoch 133 step 132350 avg_loss=0.087
[2340.6s] === epoch 133 done: avg_loss=0.087 (n=988 derivations) ===
[2340.7s] epoch 134 step 132400 avg_loss=0.019
[2341.3s] epoch 134 step 132450 avg_loss=0.070
[2342.1s] epoch 134 step 132500 avg_loss=0.112
[2342.8s] epoch 134 step 132550 avg_loss=0.090
[2343.5s] epoch 134 step 132600 avg_loss=0.083
[2344.3s] epoch 134 step 132650 avg_loss=0.083
[2345.1s] epoch 134 step 132700 avg_loss=0.085
[2345.9s] epoch 134 step 132750 avg_loss=0.086
[2346.6s] epoch 134 step 132800 avg_loss=0.081
[2347.4s] epoch 134 step 132850 avg_loss=0.081
[2348.1s] epoch 134 step 132900 avg_loss=0.077
[2348.8s] epoch 134 step 132950 avg_loss=0.077
[2349.7s] epoch 134 step 133000 avg_loss=0.083
[2350.6s] epoch 134 step 133050 avg_loss=0.083
[2351.7s] epoch 134 step 133100 avg_loss=0.096
[2352.9s] epoch 134 step 133150 avg_loss=0.102
[2353.8s] epoch 134 step 133200 avg_loss=0.099
[2354.7s] epoch 134 step 133250 avg_loss=0.096
[2355.7s] epoch 134 step 133300 avg_loss=0.094
[2356.6s] epoch 134 step 133350 avg_loss=0.090
[2357.4s] === epoch 134 done: avg_loss=0.090 (n=988 derivations) ===
[2357.7s] epoch 135 step 133400 avg_loss=0.088
[2358.7s] epoch 135 step 133450 avg_loss=0.111
[2359.6s] epoch 135 step 133500 avg_loss=0.076
[2360.6s] epoch 135 step 133550 avg_loss=0.084
[2361.5s] epoch 135 step 133600 avg_loss=0.071
[2362.4s] epoch 135 step 133650 avg_loss=0.066
[2363.3s] epoch 135 step 133700 avg_loss=0.060
[2364.2s] epoch 135 step 133750 avg_loss=0.067
[2365.1s] epoch 135 step 133800 avg_loss=0.071
[2366.2s] epoch 135 step 133850 avg_loss=0.070
[2367.0s] epoch 135 step 133900 avg_loss=0.074
[2368.0s] epoch 135 step 133950 avg_loss=0.076
[2369.1s] epoch 135 step 134000 avg_loss=0.078
[2369.9s] epoch 135 step 134050 avg_loss=0.077
[2370.7s] epoch 135 step 134100 avg_loss=0.079
[2371.4s] epoch 135 step 134150 avg_loss=0.083
[2372.3s] epoch 135 step 134200 avg_loss=0.084
[2373.3s] epoch 135 step 134250 avg_loss=0.082
[2374.1s] epoch 135 step 134300 avg_loss=0.088
[2375.0s] epoch 135 step 134350 avg_loss=0.086
[2375.4s] === epoch 135 done: avg_loss=0.089 (n=988 derivations) ===
[2376.0s] epoch 136 step 134400 avg_loss=0.032
[2376.9s] epoch 136 step 134450 avg_loss=0.106
[2377.7s] epoch 136 step 134500 avg_loss=0.095
[2378.5s] epoch 136 step 134550 avg_loss=0.146
[2379.3s] epoch 136 step 134600 avg_loss=0.159
[2380.0s] epoch 136 step 134650 avg_loss=0.152
[2380.7s] epoch 136 step 134700 avg_loss=0.135
[2381.6s] epoch 136 step 134750 avg_loss=0.131
[2382.3s] epoch 136 step 134800 avg_loss=0.141
[2383.2s] epoch 136 step 134850 avg_loss=0.141
[2383.9s] epoch 136 step 134900 avg_loss=0.149
[2384.6s] epoch 136 step 134950 avg_loss=0.144
[2385.3s] epoch 136 step 135000 avg_loss=0.141
[2386.0s] epoch 136 step 135050 avg_loss=0.139
[2386.8s] epoch 136 step 135100 avg_loss=0.139
[2387.6s] epoch 136 step 135150 avg_loss=0.137
[2388.6s] epoch 136 step 135200 avg_loss=0.141
[2389.7s] epoch 136 step 135250 avg_loss=0.138
[2390.8s] epoch 136 step 135300 avg_loss=0.137
[2391.8s] epoch 136 step 135350 avg_loss=0.137
[2391.9s] === epoch 136 done: avg_loss=0.137 (n=988 derivations) ===
[2392.7s] epoch 137 step 135400 avg_loss=0.453
[2393.6s] epoch 137 step 135450 avg_loss=0.305
[2394.8s] eval step=4250 train_avg_loss=0.299 dev_rank1_f1=0.4298 dev_edge_p=0.4275 dev_edge_r=0.4322
[2395.8s] epoch 137 step 135500 avg_loss=0.218
[2396.7s] epoch 137 step 135550 avg_loss=0.279
[2397.6s] epoch 137 step 135600 avg_loss=0.242
[2398.5s] epoch 137 step 135650 avg_loss=0.292
[2399.5s] epoch 137 step 135700 avg_loss=0.261
[2400.6s] epoch 137 step 135750 avg_loss=0.248
[2401.5s] epoch 137 step 135800 avg_loss=0.233
[2402.2s] epoch 137 step 135850 avg_loss=0.225
[2402.8s] epoch 137 step 135900 avg_loss=0.233
[2403.5s] epoch 137 step 135950 avg_loss=0.221
[2404.3s] epoch 137 step 136000 avg_loss=0.223
[2405.0s] epoch 137 step 136050 avg_loss=0.219
[2405.8s] epoch 137 step 136100 avg_loss=0.210
[2406.5s] epoch 137 step 136150 avg_loss=0.208
[2407.2s] epoch 137 step 136200 avg_loss=0.203
[2408.0s] epoch 137 step 136250 avg_loss=0.195
[2409.2s] epoch 137 step 136300 avg_loss=0.202
[2410.1s] === epoch 137 done: avg_loss=0.199 (n=988 derivations) ===
[2410.2s] epoch 138 step 136350 avg_loss=0.234
[2411.3s] epoch 138 step 136400 avg_loss=0.159
[2412.3s] epoch 138 step 136450 avg_loss=0.213
[2413.3s] epoch 138 step 136500 avg_loss=0.179
[2414.4s] epoch 138 step 136550 avg_loss=0.165
[2415.2s] epoch 138 step 136600 avg_loss=0.145
[2416.3s] epoch 138 step 136650 avg_loss=0.141
[2417.2s] epoch 138 step 136700 avg_loss=0.127
[2418.2s] epoch 138 step 136750 avg_loss=0.139
[2419.3s] epoch 138 step 136800 avg_loss=0.171
[2420.3s] epoch 138 step 136850 avg_loss=0.164
[2421.3s] epoch 138 step 136900 avg_loss=0.166
[2422.0s] epoch 138 step 136950 avg_loss=0.180
[2423.1s] epoch 138 step 137000 avg_loss=0.180
[2424.1s] epoch 138 step 137050 avg_loss=0.192
[2425.0s] epoch 138 step 137100 avg_loss=0.183
[2426.0s] epoch 138 step 137150 avg_loss=0.193
[2426.9s] epoch 138 step 137200 avg_loss=0.207
[2427.9s] epoch 138 step 137250 avg_loss=0.204
[2428.6s] epoch 138 step 137300 avg_loss=0.195
[2429.2s] === epoch 138 done: avg_loss=0.194 (n=988 derivations) ===
[2429.6s] epoch 139 step 137350 avg_loss=0.224
[2430.4s] epoch 139 step 137400 avg_loss=0.549
[2431.3s] epoch 139 step 137450 avg_loss=0.362
[2432.3s] epoch 139 step 137500 avg_loss=0.291
[2433.1s] epoch 139 step 137550 avg_loss=0.263
[2434.2s] epoch 139 step 137600 avg_loss=0.234
[2435.2s] epoch 139 step 137650 avg_loss=0.225
[2436.2s] epoch 139 step 137700 avg_loss=0.218
[2437.2s] epoch 139 step 137750 avg_loss=0.205
[2438.1s] epoch 139 step 137800 avg_loss=0.198
[2439.0s] epoch 139 step 137850 avg_loss=0.183
[2439.9s] epoch 139 step 137900 avg_loss=0.278
[2440.5s] epoch 139 step 137950 avg_loss=0.263
[2441.3s] epoch 139 step 138000 avg_loss=0.261
[2442.1s] epoch 139 step 138050 avg_loss=0.251
[2443.0s] epoch 139 step 138100 avg_loss=0.254
[2443.9s] epoch 139 step 138150 avg_loss=0.243
[2444.6s] epoch 139 step 138200 avg_loss=0.242
[2445.4s] epoch 139 step 138250 avg_loss=0.244
[2446.2s] epoch 139 step 138300 avg_loss=0.237
[2446.6s] === epoch 139 done: avg_loss=0.236 (n=988 derivations) ===
[2447.0s] epoch 140 step 138350 avg_loss=0.183
[2447.8s] epoch 140 step 138400 avg_loss=0.279
[2448.8s] epoch 140 step 138450 avg_loss=0.217
[2449.9s] epoch 140 step 138500 avg_loss=0.194
[2451.0s] epoch 140 step 138550 avg_loss=0.209
[2451.9s] epoch 140 step 138600 avg_loss=0.193
[2452.6s] epoch 140 step 138650 avg_loss=0.215
[2453.6s] epoch 140 step 138700 avg_loss=0.343
[2454.5s] epoch 140 step 138750 avg_loss=0.311
[2455.3s] epoch 140 step 138800 avg_loss=0.295
[2456.5s] epoch 140 step 138850 avg_loss=0.290
[2457.5s] epoch 140 step 138900 avg_loss=0.281
[2458.1s] epoch 140 step 138950 avg_loss=0.270
[2458.8s] epoch 140 step 139000 avg_loss=0.257
[2459.9s] epoch 140 step 139050 avg_loss=0.262
[2460.9s] epoch 140 step 139100 avg_loss=0.256
[2462.0s] epoch 140 step 139150 avg_loss=0.245
[2462.9s] epoch 140 step 139200 avg_loss=0.239
[2463.9s] epoch 140 step 139250 avg_loss=0.231
[2464.9s] epoch 140 step 139300 avg_loss=0.225
[2465.0s] === epoch 140 done: avg_loss=0.224 (n=988 derivations) ===
[2465.6s] epoch 141 step 139350 avg_loss=0.080
[2466.3s] epoch 141 step 139400 avg_loss=0.066
[2467.1s] epoch 141 step 139450 avg_loss=0.089
[2467.8s] epoch 141 step 139500 avg_loss=0.103
[2468.6s] epoch 141 step 139550 avg_loss=0.148
[2469.4s] epoch 141 step 139600 avg_loss=0.132
[2470.2s] epoch 141 step 139650 avg_loss=0.165
[2471.0s] epoch 141 step 139700 avg_loss=0.157
[2471.9s] epoch 141 step 139750 avg_loss=0.147
[2472.6s] epoch 141 step 139800 avg_loss=0.151
[2473.3s] epoch 141 step 139850 avg_loss=0.142
[2474.1s] epoch 141 step 139900 avg_loss=0.156
[2475.0s] epoch 141 step 139950 avg_loss=0.151
[2475.7s] epoch 141 step 140000 avg_loss=0.152
[2476.6s] epoch 141 step 140050 avg_loss=0.172
[2477.3s] epoch 141 step 140100 avg_loss=0.179
[2478.1s] epoch 141 step 140150 avg_loss=0.179
[2478.8s] epoch 141 step 140200 avg_loss=0.180
[2479.5s] epoch 141 step 140250 avg_loss=0.179
[2480.3s] === epoch 141 done: avg_loss=0.178 (n=988 derivations) ===
[2480.3s] epoch 142 step 140300 avg_loss=0.124
[2481.0s] epoch 142 step 140350 avg_loss=0.056
[2482.0s] epoch 142 step 140400 avg_loss=0.130
[2482.9s] epoch 142 step 140450 avg_loss=0.112
[2483.7s] epoch 142 step 140500 avg_loss=0.162
[2484.8s] epoch 142 step 140550 avg_loss=0.160
[2485.7s] epoch 142 step 140600 avg_loss=0.155
[2486.6s] epoch 142 step 140650 avg_loss=0.149
[2487.6s] epoch 142 step 140700 avg_loss=0.148
[2488.6s] epoch 142 step 140750 avg_loss=0.139
[2489.4s] epoch 142 step 140800 avg_loss=0.172
[2490.2s] epoch 142 step 140850 avg_loss=0.170
[2491.0s] epoch 142 step 140900 avg_loss=0.163
[2491.6s] epoch 142 step 140950 avg_loss=0.154
[2492.6s] epoch 142 step 141000 avg_loss=0.155
[2493.5s] epoch 142 step 141050 avg_loss=0.164
[2494.2s] epoch 142 step 141100 avg_loss=0.158
[2495.1s] epoch 142 step 141150 avg_loss=0.154
[2496.0s] epoch 142 step 141200 avg_loss=0.158
[2496.7s] epoch 142 step 141250 avg_loss=0.157
[2497.2s] === epoch 142 done: avg_loss=0.153 (n=988 derivations) ===
[2497.4s] epoch 143 step 141300 avg_loss=0.235
[2498.3s] epoch 143 step 141350 avg_loss=0.118
[2499.0s] epoch 143 step 141400 avg_loss=0.101
[2499.7s] epoch 143 step 141450 avg_loss=0.139
[2500.5s] epoch 143 step 141500 avg_loss=0.123
[2501.2s] epoch 143 step 141550 avg_loss=0.124
[2501.9s] epoch 143 step 141600 avg_loss=0.114
[2502.7s] epoch 143 step 141650 avg_loss=0.106
[2503.4s] epoch 143 step 141700 avg_loss=0.112
[2504.4s] epoch 143 step 141750 avg_loss=0.118
[2505.3s] epoch 143 step 141800 avg_loss=0.111
[2506.0s] epoch 143 step 141850 avg_loss=0.129
[2506.7s] epoch 143 step 141900 avg_loss=0.121
[2507.5s] epoch 143 step 141950 avg_loss=0.118
[2508.4s] epoch 143 step 142000 avg_loss=0.124
[2509.3s] epoch 143 step 142050 avg_loss=0.127
[2510.1s] epoch 143 step 142100 avg_loss=0.126
[2511.0s] epoch 143 step 142150 avg_loss=0.126
[2511.8s] epoch 143 step 142200 avg_loss=0.130
[2512.5s] epoch 143 step 142250 avg_loss=0.129
[2512.8s] === epoch 143 done: avg_loss=0.127 (n=988 derivations) ===
[2513.2s] epoch 144 step 142300 avg_loss=0.129
[2514.0s] epoch 144 step 142350 avg_loss=0.081
[2514.7s] epoch 144 step 142400 avg_loss=0.065
[2515.6s] epoch 144 step 142450 avg_loss=0.084
[2516.4s] epoch 144 step 142500 avg_loss=0.086
[2517.3s] epoch 144 step 142550 avg_loss=0.099
[2518.1s] epoch 144 step 142600 avg_loss=0.094
[2519.1s] epoch 144 step 142650 avg_loss=0.105
[2519.9s] epoch 144 step 142700 avg_loss=0.104
[2520.7s] epoch 144 step 142750 avg_loss=0.101
[2521.4s] epoch 144 step 142800 avg_loss=0.096
[2522.2s] epoch 144 step 142850 avg_loss=0.107
[2523.0s] epoch 144 step 142900 avg_loss=0.112
[2523.7s] epoch 144 step 142950 avg_loss=0.112
[2524.5s] epoch 144 step 143000 avg_loss=0.109
[2525.2s] epoch 144 step 143050 avg_loss=0.114
[2526.0s] epoch 144 step 143100 avg_loss=0.111
[2526.8s] epoch 144 step 143150 avg_loss=0.108
[2527.5s] epoch 144 step 143200 avg_loss=0.106
[2528.5s] epoch 144 step 143250 avg_loss=0.109
[2528.7s] === epoch 144 done: avg_loss=0.108 (n=988 derivations) ===
[2529.7s] epoch 145 step 143300 avg_loss=0.039
[2530.5s] epoch 145 step 143350 avg_loss=0.033
[2531.5s] epoch 145 step 143400 avg_loss=0.034
[2533.1s] eval step=4500 train_avg_loss=0.035 dev_rank1_f1=0.4272 dev_edge_p=0.4239 dev_edge_r=0.4306
[2533.9s] epoch 145 step 143450 avg_loss=0.044
[2534.9s] epoch 145 step 143500 avg_loss=0.047
[2535.8s] epoch 145 step 143550 avg_loss=0.045
[2536.9s] epoch 145 step 143600 avg_loss=0.048
[2537.8s] epoch 145 step 143650 avg_loss=0.052
[2538.8s] epoch 145 step 143700 avg_loss=0.080
[2539.7s] epoch 145 step 143750 avg_loss=0.077
[2540.6s] epoch 145 step 143800 avg_loss=0.079
[2541.5s] epoch 145 step 143850 avg_loss=0.078
[2542.4s] epoch 145 step 143900 avg_loss=0.077
[2543.3s] epoch 145 step 143950 avg_loss=0.082
[2544.1s] epoch 145 step 144000 avg_loss=0.099
[2545.1s] epoch 145 step 144050 avg_loss=0.104
[2545.9s] epoch 145 step 144100 avg_loss=0.103
[2546.9s] epoch 145 step 144150 avg_loss=0.102
[2547.6s] epoch 145 step 144200 avg_loss=0.101
[2548.4s] === epoch 145 done: avg_loss=0.099 (n=988 derivations) ===
[2548.5s] epoch 146 step 144250 avg_loss=0.010
[2549.3s] epoch 146 step 144300 avg_loss=0.057
[2550.2s] epoch 146 step 144350 avg_loss=0.119
[2551.0s] epoch 146 step 144400 avg_loss=0.098
[2551.6s] epoch 146 step 144450 avg_loss=0.084
[2552.5s] epoch 146 step 144500 avg_loss=0.082
[2553.4s] epoch 146 step 144550 avg_loss=0.084
[2554.2s] epoch 146 step 144600 avg_loss=0.083
[2555.0s] epoch 146 step 144650 avg_loss=0.092
[2555.9s] epoch 146 step 144700 avg_loss=0.104
[2557.0s] epoch 146 step 144750 avg_loss=0.097
[2558.0s] epoch 146 step 144800 avg_loss=0.094
[2558.8s] epoch 146 step 144850 avg_loss=0.089
[2559.6s] epoch 146 step 144900 avg_loss=0.090
[2560.4s] epoch 146 step 144950 avg_loss=0.091
[2561.2s] epoch 146 step 145000 avg_loss=0.099
[2562.1s] epoch 146 step 145050 avg_loss=0.097
[2563.0s] epoch 146 step 145100 avg_loss=0.096
[2563.9s] epoch 146 step 145150 avg_loss=0.095
[2564.7s] epoch 146 step 145200 avg_loss=0.092
[2565.4s] === epoch 146 done: avg_loss=0.094 (n=988 derivations) ===
[2565.6s] epoch 147 step 145250 avg_loss=0.014
[2566.4s] epoch 147 step 145300 avg_loss=0.039
[2567.3s] epoch 147 step 145350 avg_loss=0.085
[2568.3s] epoch 147 step 145400 avg_loss=0.076
[2569.1s] epoch 147 step 145450 avg_loss=0.089
[2569.9s] epoch 147 step 145500 avg_loss=0.107
[2570.8s] epoch 147 step 145550 avg_loss=0.099
[2571.7s] epoch 147 step 145600 avg_loss=0.091
[2572.8s] epoch 147 step 145650 avg_loss=0.085
[2573.7s] epoch 147 step 145700 avg_loss=0.082
[2574.6s] epoch 147 step 145750 avg_loss=0.119
[2575.4s] epoch 147 step 145800 avg_loss=0.122
[2576.2s] epoch 147 step 145850 avg_loss=0.124
[2577.1s] epoch 147 step 145900 avg_loss=0.118
[2578.2s] epoch 147 step 145950 avg_loss=0.114
[2579.1s] epoch 147 step 146000 avg_loss=0.111
[2580.0s] epoch 147 step 146050 avg_loss=0.110
[2580.9s] epoch 147 step 146100 avg_loss=0.110
[2582.0s] epoch 147 step 146150 avg_loss=0.118
[2583.0s] epoch 147 step 146200 avg_loss=0.118
[2583.5s] === epoch 147 done: avg_loss=0.120 (n=988 derivations) ===
[2584.2s] epoch 148 step 146250 avg_loss=0.081
[2585.1s] epoch 148 step 146300 avg_loss=0.044
[2586.4s] epoch 148 step 146350 avg_loss=0.063
[2587.4s] epoch 148 step 146400 avg_loss=0.067
[2588.5s] epoch 148 step 146450 avg_loss=0.077
[2589.7s] epoch 148 step 146500 avg_loss=0.080
[2590.9s] epoch 148 step 146550 avg_loss=0.079
[2592.0s] epoch 148 step 146600 avg_loss=0.140
[2593.0s] epoch 148 step 146650 avg_loss=0.137
[2594.3s] epoch 148 step 146700 avg_loss=0.131
[2595.4s] epoch 148 step 146750 avg_loss=0.125
[2596.4s] epoch 148 step 146800 avg_loss=0.118
[2597.5s] epoch 148 step 146850 avg_loss=0.113
[2598.3s] epoch 148 step 146900 avg_loss=0.121
[2599.2s] epoch 148 step 146950 avg_loss=0.115
[2600.3s] epoch 148 step 147000 avg_loss=0.115
[2601.4s] epoch 148 step 147050 avg_loss=0.118
[2602.4s] epoch 148 step 147100 avg_loss=0.124
[2603.2s] epoch 148 step 147150 avg_loss=0.121
[2604.2s] epoch 148 step 147200 avg_loss=0.120
[2604.5s] === epoch 148 done: avg_loss=0.119 (n=988 derivations) ===
[2605.2s] epoch 149 step 147250 avg_loss=0.029
[2606.3s] epoch 149 step 147300 avg_loss=0.149
[2607.3s] epoch 149 step 147350 avg_loss=0.163
[2608.3s] epoch 149 step 147400 avg_loss=0.200
[2609.4s] epoch 149 step 147450 avg_loss=0.173
[2610.5s] epoch 149 step 147500 avg_loss=0.147
[2611.6s] epoch 149 step 147550 avg_loss=0.215
[2612.7s] epoch 149 step 147600 avg_loss=0.199
[2613.7s] epoch 149 step 147650 avg_loss=0.200
[2614.8s] epoch 149 step 147700 avg_loss=0.189
[2615.9s] epoch 149 step 147750 avg_loss=0.179
[2617.1s] epoch 149 step 147800 avg_loss=0.179
[2618.0s] epoch 149 step 147850 avg_loss=0.168
[2619.0s] epoch 149 step 147900 avg_loss=0.162
[2620.0s] epoch 149 step 147950 avg_loss=0.154
[2620.9s] epoch 149 step 148000 avg_loss=0.147
[2621.9s] epoch 149 step 148050 avg_loss=0.143
[2622.9s] epoch 149 step 148100 avg_loss=0.140
[2624.0s] epoch 149 step 148150 avg_loss=0.139
[2625.0s] epoch 149 step 148200 avg_loss=0.137
[2625.0s] === epoch 149 done: avg_loss=0.137 (n=988 derivations) ===
[2626.3s] epoch 150 step 148250 avg_loss=0.063
[2627.3s] epoch 150 step 148300 avg_loss=0.111
[2628.1s] epoch 150 step 148350 avg_loss=0.129
[2629.1s] epoch 150 step 148400 avg_loss=0.122
[2630.1s] epoch 150 step 148450 avg_loss=0.124
[2631.3s] epoch 150 step 148500 avg_loss=0.115
[2632.5s] epoch 150 step 148550 avg_loss=0.110
[2633.7s] epoch 150 step 148600 avg_loss=0.113
[2634.7s] epoch 150 step 148650 avg_loss=0.120
[2635.7s] epoch 150 step 148700 avg_loss=0.113
[2636.9s] epoch 150 step 148750 avg_loss=0.115
[2637.9s] epoch 150 step 148800 avg_loss=0.110
[2639.0s] epoch 150 step 148850 avg_loss=0.107
[2640.1s] epoch 150 step 148900 avg_loss=0.104
[2641.3s] epoch 150 step 148950 avg_loss=0.103
[2642.4s] epoch 150 step 149000 avg_loss=0.103
[2643.4s] epoch 150 step 149050 avg_loss=0.099
[2644.4s] epoch 150 step 149100 avg_loss=0.098
[2645.2s] epoch 150 step 149150 avg_loss=0.098
[2645.8s] === epoch 150 done: avg_loss=0.096 (n=988 derivations) ===
[2646.0s] epoch 151 step 149200 avg_loss=0.243
[2647.0s] epoch 151 step 149250 avg_loss=0.084
[2648.0s] epoch 151 step 149300 avg_loss=0.092
[2649.2s] epoch 151 step 149350 avg_loss=0.088
[2650.3s] epoch 151 step 149400 avg_loss=0.080
[2651.2s] epoch 151 step 149450 avg_loss=0.073
[2652.1s] epoch 151 step 149500 avg_loss=0.065
[2653.2s] epoch 151 step 149550 avg_loss=0.075
[2654.1s] epoch 151 step 149600 avg_loss=0.078
[2655.1s] epoch 151 step 149650 avg_loss=0.073
[2656.1s] epoch 151 step 149700 avg_loss=0.073
[2657.0s] epoch 151 step 149750 avg_loss=0.070
[2658.0s] epoch 151 step 149800 avg_loss=0.067
[2659.1s] epoch 151 step 149850 avg_loss=0.069
[2660.1s] epoch 151 step 149900 avg_loss=0.068
[2661.0s] epoch 151 step 149950 avg_loss=0.069
[2662.0s] epoch 151 step 150000 avg_loss=0.068
[2662.9s] epoch 151 step 150050 avg_loss=0.068
[2663.8s] epoch 151 step 150100 avg_loss=0.066
[2664.6s] epoch 151 step 150150 avg_loss=0.066
[2665.0s] === epoch 151 done: avg_loss=0.066 (n=988 derivations) ===
[2665.5s] epoch 152 step 150200 avg_loss=0.101
[2666.2s] epoch 152 step 150250 avg_loss=0.049
[2667.3s] epoch 152 step 150300 avg_loss=0.048
[2668.2s] epoch 152 step 150350 avg_loss=0.045
[2669.3s] epoch 152 step 150400 avg_loss=0.047
[2670.2s] epoch 152 step 150450 avg_loss=0.063
[2671.2s] epoch 152 step 150500 avg_loss=0.057
[2672.3s] epoch 152 step 150550 avg_loss=0.059
[2673.0s] epoch 152 step 150600 avg_loss=0.057
[2673.8s] epoch 152 step 150650 avg_loss=0.054
[2674.5s] epoch 152 step 150700 avg_loss=0.053
[2675.3s] epoch 152 step 150750 avg_loss=0.053
[2676.1s] epoch 152 step 150800 avg_loss=0.054
[2676.9s] epoch 152 step 150850 avg_loss=0.052
[2677.7s] epoch 152 step 150900 avg_loss=0.051
[2678.3s] epoch 152 step 150950 avg_loss=0.050
[2679.0s] epoch 152 step 151000 avg_loss=0.048
[2679.8s] epoch 152 step 151050 avg_loss=0.049
[2680.6s] epoch 152 step 151100 avg_loss=0.048
[2681.3s] epoch 152 step 151150 avg_loss=0.047
[2681.5s] === epoch 152 done: avg_loss=0.047 (n=988 derivations) ===
[2682.1s] epoch 153 step 151200 avg_loss=0.016
[2682.9s] epoch 153 step 151250 avg_loss=0.024
[2683.6s] epoch 153 step 151300 avg_loss=0.022
[2684.3s] epoch 153 step 151350 avg_loss=0.021
[2685.7s] eval step=4750 train_avg_loss=0.020 dev_rank1_f1=0.4339 dev_edge_p=0.4302 dev_edge_r=0.4376
[2685.9s] epoch 153 step 151400 avg_loss=0.020
[2686.9s] epoch 153 step 151450 avg_loss=0.024
[2687.9s] epoch 153 step 151500 avg_loss=0.027
[2689.1s] epoch 153 step 151550 avg_loss=0.031
[2690.1s] epoch 153 step 151600 avg_loss=0.032
[2691.0s] epoch 153 step 151650 avg_loss=0.032
[2692.1s] epoch 153 step 151700 avg_loss=0.042
[2693.1s] epoch 153 step 151750 avg_loss=0.043
[2694.0s] epoch 153 step 151800 avg_loss=0.042
[2694.9s] epoch 153 step 151850 avg_loss=0.042
[2696.1s] epoch 153 step 151900 avg_loss=0.043
[2697.0s] epoch 153 step 151950 avg_loss=0.043
[2697.8s] epoch 153 step 152000 avg_loss=0.043
[2698.7s] epoch 153 step 152050 avg_loss=0.044
[2699.5s] epoch 153 step 152100 avg_loss=0.043
[2700.4s] epoch 153 step 152150 avg_loss=0.043
[2700.5s] === epoch 153 done: avg_loss=0.043 (n=988 derivations) ===
[2701.4s] epoch 154 step 152200 avg_loss=0.038
[2702.6s] epoch 154 step 152250 avg_loss=0.073
[2703.4s] epoch 154 step 152300 avg_loss=0.057
[2704.3s] epoch 154 step 152350 avg_loss=0.052
[2705.0s] epoch 154 step 152400 avg_loss=0.048
[2705.8s] epoch 154 step 152450 avg_loss=0.045
[2706.7s] epoch 154 step 152500 avg_loss=0.047
[2707.5s] epoch 154 step 152550 avg_loss=0.045
[2708.3s] epoch 154 step 152600 avg_loss=0.065
[2709.0s] epoch 154 step 152650 avg_loss=0.062
[2709.8s] epoch 154 step 152700 avg_loss=0.058
[2710.7s] epoch 154 step 152750 avg_loss=0.056
[2711.5s] epoch 154 step 152800 avg_loss=0.065
[2712.3s] epoch 154 step 152850 avg_loss=0.064
[2713.2s] epoch 154 step 152900 avg_loss=0.063
[2714.0s] epoch 154 step 152950 avg_loss=0.062
[2714.9s] epoch 154 step 153000 avg_loss=0.063
[2715.8s] epoch 154 step 153050 avg_loss=0.064
[2716.6s] epoch 154 step 153100 avg_loss=0.062
[2717.2s] === epoch 154 done: avg_loss=0.061 (n=988 derivations) ===
[2717.4s] epoch 155 step 153150 avg_loss=0.045
[2718.4s] epoch 155 step 153200 avg_loss=0.044
[2719.2s] epoch 155 step 153250 avg_loss=0.037
[2720.0s] epoch 155 step 153300 avg_loss=0.042
[2720.8s] epoch 155 step 153350 avg_loss=0.039
[2721.6s] epoch 155 step 153400 avg_loss=0.043
[2722.5s] epoch 155 step 153450 avg_loss=0.046
[2723.2s] epoch 155 step 153500 avg_loss=0.043
[2724.1s] epoch 155 step 153550 avg_loss=0.045
[2724.9s] epoch 155 step 153600 avg_loss=0.044
[2725.8s] epoch 155 step 153650 avg_loss=0.045
[2726.5s] epoch 155 step 153700 avg_loss=0.043
[2727.2s] epoch 155 step 153750 avg_loss=0.043
[2728.1s] epoch 155 step 153800 avg_loss=0.043
[2729.0s] epoch 155 step 153850 avg_loss=0.043
[2729.9s] epoch 155 step 153900 avg_loss=0.058
[2730.6s] epoch 155 step 153950 avg_loss=0.057
[2731.3s] epoch 155 step 154000 avg_loss=0.055
[2732.2s] epoch 155 step 154050 avg_loss=0.054
[2733.2s] epoch 155 step 154100 avg_loss=0.054
[2733.6s] === epoch 155 done: avg_loss=0.054 (n=988 derivations) ===
[2733.9s] epoch 156 step 154150 avg_loss=0.033
[2734.5s] epoch 156 step 154200 avg_loss=0.027
[2735.1s] epoch 156 step 154250 avg_loss=0.034
[2736.0s] epoch 156 step 154300 avg_loss=0.035
[2737.0s] epoch 156 step 154350 avg_loss=0.035
[2737.8s] epoch 156 step 154400 avg_loss=0.033
[2738.7s] epoch 156 step 154450 avg_loss=0.039
[2739.4s] epoch 156 step 154500 avg_loss=0.042
[2740.2s] epoch 156 step 154550 avg_loss=0.040
[2741.0s] epoch 156 step 154600 avg_loss=0.039
[2741.8s] epoch 156 step 154650 avg_loss=0.039
[2742.8s] epoch 156 step 154700 avg_loss=0.038
[2743.8s] epoch 156 step 154750 avg_loss=0.037
[2744.7s] epoch 156 step 154800 avg_loss=0.037
[2745.6s] epoch 156 step 154850 avg_loss=0.037
[2746.6s] epoch 156 step 154900 avg_loss=0.038
[2747.6s] epoch 156 step 154950 avg_loss=0.037
[2748.8s] epoch 156 step 155000 avg_loss=0.037
[2749.9s] epoch 156 step 155050 avg_loss=0.037
[2750.7s] epoch 156 step 155100 avg_loss=0.042
[2751.1s] === epoch 156 done: avg_loss=0.042 (n=988 derivations) ===
[2751.7s] epoch 157 step 155150 avg_loss=0.029
[2752.7s] epoch 157 step 155200 avg_loss=0.036
[2753.5s] epoch 157 step 155250 avg_loss=0.030
[2754.4s] epoch 157 step 155300 avg_loss=0.029
[2755.4s] epoch 157 step 155350 avg_loss=0.029
[2756.3s] epoch 157 step 155400 avg_loss=0.028
[2757.4s] epoch 157 step 155450 avg_loss=0.031
[2758.4s] epoch 157 step 155500 avg_loss=0.031
[2759.1s] epoch 157 step 155550 avg_loss=0.032
[2760.0s] epoch 157 step 155600 avg_loss=0.032
[2760.8s] epoch 157 step 155650 avg_loss=0.031
[2761.6s] epoch 157 step 155700 avg_loss=0.033
[2762.4s] epoch 157 step 155750 avg_loss=0.033
[2763.1s] epoch 157 step 155800 avg_loss=0.032
[2763.9s] epoch 157 step 155850 avg_loss=0.033
[2764.7s] epoch 157 step 155900 avg_loss=0.033
[2765.5s] epoch 157 step 155950 avg_loss=0.032
[2766.5s] epoch 157 step 156000 avg_loss=0.031
[2767.3s] epoch 157 step 156050 avg_loss=0.033
[2768.0s] epoch 157 step 156100 avg_loss=0.033
[2768.1s] === epoch 157 done: avg_loss=0.033 (n=988 derivations) ===
[2768.9s] epoch 158 step 156150 avg_loss=0.017
[2769.9s] epoch 158 step 156200 avg_loss=0.022
[2770.9s] epoch 158 step 156250 avg_loss=0.020
[2771.8s] epoch 158 step 156300 avg_loss=0.022
[2772.7s] epoch 158 step 156350 avg_loss=0.024
[2773.6s] epoch 158 step 156400 avg_loss=0.024
[2774.6s] epoch 158 step 156450 avg_loss=0.024
[2775.9s] epoch 158 step 156500 avg_loss=0.026
[2776.8s] epoch 158 step 156550 avg_loss=0.026
[2777.9s] epoch 158 step 156600 avg_loss=0.027
[2778.9s] epoch 158 step 156650 avg_loss=0.027
[2780.0s] epoch 158 step 156700 avg_loss=0.027
[2781.1s] epoch 158 step 156750 avg_loss=0.027
[2781.9s] epoch 158 step 156800 avg_loss=0.027
[2782.8s] epoch 158 step 156850 avg_loss=0.026
[2783.9s] epoch 158 step 156900 avg_loss=0.027
[2784.8s] epoch 158 step 156950 avg_loss=0.026
[2785.5s] epoch 158 step 157000 avg_loss=0.026
[2786.3s] epoch 158 step 157050 avg_loss=0.026
[2787.0s] === epoch 158 done: avg_loss=0.027 (n=988 derivations) ===
[2787.2s] epoch 159 step 157100 avg_loss=0.049
[2787.8s] epoch 159 step 157150 avg_loss=0.024
[2788.5s] epoch 159 step 157200 avg_loss=0.019
[2789.3s] epoch 159 step 157250 avg_loss=0.024
[2790.1s] epoch 159 step 157300 avg_loss=0.024
[2790.8s] epoch 159 step 157350 avg_loss=0.022
[2791.5s] epoch 159 step 157400 avg_loss=0.023
[2792.3s] epoch 159 step 157450 avg_loss=0.024
[2793.0s] epoch 159 step 157500 avg_loss=0.024
[2793.7s] epoch 159 step 157550 avg_loss=0.024
[2794.4s] epoch 159 step 157600 avg_loss=0.024
[2795.2s] epoch 159 step 157650 avg_loss=0.023
[2796.0s] epoch 159 step 157700 avg_loss=0.024
[2796.8s] epoch 159 step 157750 avg_loss=0.024
[2797.5s] epoch 159 step 157800 avg_loss=0.023
[2798.2s] epoch 159 step 157850 avg_loss=0.023
[2798.9s] epoch 159 step 157900 avg_loss=0.023
[2799.6s] epoch 159 step 157950 avg_loss=0.023
[2800.3s] epoch 159 step 158000 avg_loss=0.023
[2801.0s] epoch 159 step 158050 avg_loss=0.023
[2801.4s] === epoch 159 done: avg_loss=0.023 (n=988 derivations) ===
[2801.7s] epoch 160 step 158100 avg_loss=0.016
[2802.5s] epoch 160 step 158150 avg_loss=0.027
[2803.3s] epoch 160 step 158200 avg_loss=0.022
[2804.0s] epoch 160 step 158250 avg_loss=0.022
[2804.7s] epoch 160 step 158300 avg_loss=0.021
[2805.4s] epoch 160 step 158350 avg_loss=0.020
[2805.9s] epoch 160 step 158400 avg_loss=0.020
[2806.8s] epoch 160 step 158450 avg_loss=0.022
[2807.6s] epoch 160 step 158500 avg_loss=0.021
[2808.6s] epoch 160 step 158550 avg_loss=0.020
[2809.3s] epoch 160 step 158600 avg_loss=0.021
[2809.9s] epoch 160 step 158650 avg_loss=0.020
[2810.8s] epoch 160 step 158700 avg_loss=0.020
[2811.6s] epoch 160 step 158750 avg_loss=0.020
[2812.3s] epoch 160 step 158800 avg_loss=0.020
[2813.3s] epoch 160 step 158850 avg_loss=0.020
[2814.3s] epoch 160 step 158900 avg_loss=0.021
[2815.2s] epoch 160 step 158950 avg_loss=0.021
[2816.2s] epoch 160 step 159000 avg_loss=0.021
[2817.2s] epoch 160 step 159050 avg_loss=0.021
[2817.5s] === epoch 160 done: avg_loss=0.021 (n=988 derivations) ===
[2818.1s] epoch 161 step 159100 avg_loss=0.025
[2818.8s] epoch 161 step 159150 avg_loss=0.020
[2819.6s] epoch 161 step 159200 avg_loss=0.018
[2820.3s] epoch 161 step 159250 avg_loss=0.022
[2821.0s] epoch 161 step 159300 avg_loss=0.019
[2821.9s] epoch 161 step 159350 avg_loss=0.020
[2822.9s] eval step=5000 train_avg_loss=0.020 dev_rank1_f1=0.4061 dev_edge_p=0.3978 dev_edge_r=0.4148
[2823.9s] epoch 161 step 159400 avg_loss=0.020
[2824.9s] epoch 161 step 159450 avg_loss=0.020
[2825.9s] epoch 161 step 159500 avg_loss=0.019
[2826.9s] epoch 161 step 159550 avg_loss=0.019
[2827.9s] epoch 161 step 159600 avg_loss=0.019
[2828.9s] epoch 161 step 159650 avg_loss=0.019
[2829.9s] epoch 161 step 159700 avg_loss=0.019
[2830.6s] epoch 161 step 159750 avg_loss=0.019
[2831.4s] epoch 161 step 159800 avg_loss=0.019
[2832.2s] epoch 161 step 159850 avg_loss=0.019
[2833.0s] epoch 161 step 159900 avg_loss=0.019
[2833.8s] epoch 161 step 159950 avg_loss=0.019
[2834.9s] epoch 161 step 160000 avg_loss=0.019
[2836.2s] epoch 161 step 160050 avg_loss=0.020
[2836.3s] === epoch 161 done: avg_loss=0.020 (n=988 derivations) ===
[2837.2s] epoch 162 step 160100 avg_loss=0.017
[2838.2s] epoch 162 step 160150 avg_loss=0.017
[2839.1s] epoch 162 step 160200 avg_loss=0.015
[2840.1s] epoch 162 step 160250 avg_loss=0.014
[2841.1s] epoch 162 step 160300 avg_loss=0.014
[2842.2s] epoch 162 step 160350 avg_loss=0.016
[2843.2s] epoch 162 step 160400 avg_loss=0.017
[2844.2s] epoch 162 step 160450 avg_loss=0.018
[2845.1s] epoch 162 step 160500 avg_loss=0.018
[2846.1s] epoch 162 step 160550 avg_loss=0.018
[2847.1s] epoch 162 step 160600 avg_loss=0.017
[2848.2s] epoch 162 step 160650 avg_loss=0.018
[2848.9s] epoch 162 step 160700 avg_loss=0.017
[2849.9s] epoch 162 step 160750 avg_loss=0.018
[2850.9s] epoch 162 step 160800 avg_loss=0.018
[2852.1s] epoch 162 step 160850 avg_loss=0.019
[2853.1s] epoch 162 step 160900 avg_loss=0.019
[2853.9s] epoch 162 step 160950 avg_loss=0.019
[2854.8s] epoch 162 step 161000 avg_loss=0.019
[2855.7s] === epoch 162 done: avg_loss=0.019 (n=988 derivations) ===
[2855.9s] epoch 163 step 161050 avg_loss=0.017
[2856.7s] epoch 163 step 161100 avg_loss=0.012
[2857.8s] epoch 163 step 161150 avg_loss=0.015
[2858.9s] epoch 163 step 161200 avg_loss=0.023
[2859.9s] epoch 163 step 161250 avg_loss=0.023
[2860.9s] epoch 163 step 161300 avg_loss=0.025
[2861.7s] epoch 163 step 161350 avg_loss=0.023
[2862.9s] epoch 163 step 161400 avg_loss=0.024
[2863.7s] epoch 163 step 161450 avg_loss=0.024
[2864.6s] epoch 163 step 161500 avg_loss=0.023
[2865.5s] epoch 163 step 161550 avg_loss=0.021
[2866.5s] epoch 163 step 161600 avg_loss=0.021
[2867.4s] epoch 163 step 161650 avg_loss=0.020
[2868.7s] epoch 163 step 161700 avg_loss=0.021
[2869.6s] epoch 163 step 161750 avg_loss=0.020
[2870.7s] epoch 163 step 161800 avg_loss=0.020
[2871.6s] epoch 163 step 161850 avg_loss=0.019
[2872.4s] epoch 163 step 161900 avg_loss=0.019
[2873.3s] epoch 163 step 161950 avg_loss=0.019
[2874.1s] epoch 163 step 162000 avg_loss=0.018
[2874.7s] === epoch 163 done: avg_loss=0.018 (n=988 derivations) ===
[2875.0s] epoch 164 step 162050 avg_loss=0.018
[2876.0s] epoch 164 step 162100 avg_loss=0.012
[2876.8s] epoch 164 step 162150 avg_loss=0.010
[2877.8s] epoch 164 step 162200 avg_loss=0.014
[2878.9s] epoch 164 step 162250 avg_loss=0.016
[2879.9s] epoch 164 step 162300 avg_loss=0.018
[2880.7s] epoch 164 step 162350 avg_loss=0.017
[2881.6s] epoch 164 step 162400 avg_loss=0.016
[2882.5s] epoch 164 step 162450 avg_loss=0.016
[2883.6s] epoch 164 step 162500 avg_loss=0.016
[2884.5s] epoch 164 step 162550 avg_loss=0.016
[2885.4s] epoch 164 step 162600 avg_loss=0.016
[2886.0s] epoch 164 step 162650 avg_loss=0.016
[2886.8s] epoch 164 step 162700 avg_loss=0.016
[2887.6s] epoch 164 step 162750 avg_loss=0.016
[2888.4s] epoch 164 step 162800 avg_loss=0.017
[2889.5s] epoch 164 step 162850 avg_loss=0.018
[2890.4s] epoch 164 step 162900 avg_loss=0.017
[2891.0s] epoch 164 step 162950 avg_loss=0.017
[2892.1s] epoch 164 step 163000 avg_loss=0.018
[2892.4s] === epoch 164 done: avg_loss=0.018 (n=988 derivations) ===
[2893.0s] epoch 165 step 163050 avg_loss=0.022
[2893.9s] epoch 165 step 163100 avg_loss=0.017
[2894.8s] epoch 165 step 163150 avg_loss=0.016
[2895.6s] epoch 165 step 163200 avg_loss=0.014
[2896.6s] epoch 165 step 163250 avg_loss=0.016
[2897.6s] epoch 165 step 163300 avg_loss=0.018
[2898.5s] epoch 165 step 163350 avg_loss=0.018
[2899.3s] epoch 165 step 163400 avg_loss=0.017
[2900.2s] epoch 165 step 163450 avg_loss=0.018
[2901.1s] epoch 165 step 163500 avg_loss=0.017
[2902.1s] epoch 165 step 163550 avg_loss=0.017
[2902.9s] epoch 165 step 163600 avg_loss=0.017
[2903.6s] epoch 165 step 163650 avg_loss=0.017
[2904.3s] epoch 165 step 163700 avg_loss=0.016
[2904.9s] epoch 165 step 163750 avg_loss=0.016
[2905.6s] epoch 165 step 163800 avg_loss=0.016
[2906.4s] epoch 165 step 163850 avg_loss=0.016
[2907.4s] epoch 165 step 163900 avg_loss=0.018
[2908.2s] epoch 165 step 163950 avg_loss=0.017
[2908.9s] epoch 165 step 164000 avg_loss=0.017
[2909.0s] === epoch 165 done: avg_loss=0.017 (n=988 derivations) ===
[2909.7s] epoch 166 step 164050 avg_loss=0.022
[2910.4s] epoch 166 step 164100 avg_loss=0.021
[2911.1s] epoch 166 step 164150 avg_loss=0.017
[2911.9s] epoch 166 step 164200 avg_loss=0.018
[2912.6s] epoch 166 step 164250 avg_loss=0.017
[2913.4s] epoch 166 step 164300 avg_loss=0.017
[2914.2s] epoch 166 step 164350 avg_loss=0.017
[2914.9s] epoch 166 step 164400 avg_loss=0.016
[2915.7s] epoch 166 step 164450 avg_loss=0.016
[2916.5s] epoch 166 step 164500 avg_loss=0.016
[2917.2s] epoch 166 step 164550 avg_loss=0.016
[2917.9s] epoch 166 step 164600 avg_loss=0.016
[2918.7s] epoch 166 step 164650 avg_loss=0.017
[2919.4s] epoch 166 step 164700 avg_loss=0.017
[2920.2s] epoch 166 step 164750 avg_loss=0.017
[2921.0s] epoch 166 step 164800 avg_loss=0.017
[2921.8s] epoch 166 step 164850 avg_loss=0.016
[2922.4s] epoch 166 step 164900 avg_loss=0.016
[2923.1s] epoch 166 step 164950 avg_loss=0.016
[2923.8s] === epoch 166 done: avg_loss=0.017 (n=988 derivations) ===
[2923.8s] epoch 167 step 165000 avg_loss=0.003
[2924.6s] epoch 167 step 165050 avg_loss=0.018
[2925.3s] epoch 167 step 165100 avg_loss=0.015
[2926.0s] epoch 167 step 165150 avg_loss=0.014
[2926.8s] epoch 167 step 165200 avg_loss=0.013
[2927.8s] epoch 167 step 165250 avg_loss=0.014
[2928.8s] epoch 167 step 165300 avg_loss=0.016
[2929.6s] epoch 167 step 165350 avg_loss=0.015
[2930.8s] epoch 167 step 165400 avg_loss=0.015
[2931.8s] epoch 167 step 165450 avg_loss=0.016
[2932.8s] epoch 167 step 165500 avg_loss=0.016
[2933.7s] epoch 167 step 165550 avg_loss=0.017
[2934.7s] epoch 167 step 165600 avg_loss=0.017
[2935.7s] epoch 167 step 165650 avg_loss=0.017
[2936.9s] epoch 167 step 165700 avg_loss=0.017
[2937.9s] epoch 167 step 165750 avg_loss=0.017
[2938.7s] epoch 167 step 165800 avg_loss=0.017
[2939.9s] epoch 167 step 165850 avg_loss=0.017
[2940.9s] epoch 167 step 165900 avg_loss=0.016
[2941.8s] epoch 167 step 165950 avg_loss=0.016
[2942.6s] === epoch 167 done: avg_loss=0.016 (n=988 derivations) ===
[2942.9s] epoch 168 step 166000 avg_loss=0.009
[2943.9s] epoch 168 step 166050 avg_loss=0.014
[2944.8s] epoch 168 step 166100 avg_loss=0.017
[2945.7s] epoch 168 step 166150 avg_loss=0.016
[2946.7s] epoch 168 step 166200 avg_loss=0.017
[2947.7s] epoch 168 step 166250 avg_loss=0.015
[2948.7s] epoch 168 step 166300 avg_loss=0.015
[2949.6s] epoch 168 step 166350 avg_loss=0.014
[2950.6s] epoch 168 step 166400 avg_loss=0.015
[2951.5s] epoch 168 step 166450 avg_loss=0.015
[2952.5s] epoch 168 step 166500 avg_loss=0.016
[2953.4s] epoch 168 step 166550 avg_loss=0.017
[2954.3s] epoch 168 step 166600 avg_loss=0.017
[2955.2s] epoch 168 step 166650 avg_loss=0.017
[2956.1s] epoch 168 step 166700 avg_loss=0.017
[2957.0s] epoch 168 step 166750 avg_loss=0.016
[2958.0s] epoch 168 step 166800 avg_loss=0.016
[2959.2s] epoch 168 step 166850 avg_loss=0.016
[2960.1s] epoch 168 step 166900 avg_loss=0.016
[2960.9s] epoch 168 step 166950 avg_loss=0.016
[2961.4s] === epoch 168 done: avg_loss=0.016 (n=988 derivations) ===
[2961.8s] epoch 169 step 167000 avg_loss=0.020
[2962.6s] epoch 169 step 167050 avg_loss=0.023
[2963.4s] epoch 169 step 167100 avg_loss=0.023
[2964.3s] epoch 169 step 167150 avg_loss=0.020
[2965.2s] epoch 169 step 167200 avg_loss=0.020
[2966.3s] epoch 169 step 167250 avg_loss=0.019
[2967.3s] epoch 169 step 167300 avg_loss=0.018
[2968.8s] eval step=5250 train_avg_loss=0.017 dev_rank1_f1=0.4187 dev_edge_p=0.4138 dev_edge_r=0.4237
[2969.1s] epoch 169 step 167350 avg_loss=0.017
[2969.8s] epoch 169 step 167400 avg_loss=0.016
[2970.5s] epoch 169 step 167450 avg_loss=0.016
[2971.4s] epoch 169 step 167500 avg_loss=0.015
[2972.3s] epoch 169 step 167550 avg_loss=0.016
[2973.0s] epoch 169 step 167600 avg_loss=0.016
[2973.8s] epoch 169 step 167650 avg_loss=0.016
[2974.6s] epoch 169 step 167700 avg_loss=0.016
[2975.3s] epoch 169 step 167750 avg_loss=0.015
[2976.2s] epoch 169 step 167800 avg_loss=0.015
[2976.9s] epoch 169 step 167850 avg_loss=0.015
[2977.8s] epoch 169 step 167900 avg_loss=0.015
[2978.5s] epoch 169 step 167950 avg_loss=0.015
[2978.7s] === epoch 169 done: avg_loss=0.015 (n=988 derivations) ===
[2979.3s] epoch 170 step 168000 avg_loss=0.009
[2979.9s] epoch 170 step 168050 avg_loss=0.011
[2980.5s] epoch 170 step 168100 avg_loss=0.013
[2981.2s] epoch 170 step 168150 avg_loss=0.014
[2982.1s] epoch 170 step 168200 avg_loss=0.015
[2983.0s] epoch 170 step 168250 avg_loss=0.015
[2984.0s] epoch 170 step 168300 avg_loss=0.015
[2985.0s] epoch 170 step 168350 avg_loss=0.015
[2985.9s] epoch 170 step 168400 avg_loss=0.015
[2986.9s] epoch 170 step 168450 avg_loss=0.014
[2987.9s] epoch 170 step 168500 avg_loss=0.015
[2988.9s] epoch 170 step 168550 avg_loss=0.015
[2990.0s] epoch 170 step 168600 avg_loss=0.015
[2990.9s] epoch 170 step 168650 avg_loss=0.014
[2991.9s] epoch 170 step 168700 avg_loss=0.014
[2992.7s] epoch 170 step 168750 avg_loss=0.014
[2993.6s] epoch 170 step 168800 avg_loss=0.014
[2994.6s] epoch 170 step 168850 avg_loss=0.014
[2995.6s] epoch 170 step 168900 avg_loss=0.014
[2996.8s] === epoch 170 done: avg_loss=0.015 (n=988 derivations) ===
[2996.8s] epoch 171 step 168950 avg_loss=0.005
[2997.9s] epoch 171 step 169000 avg_loss=0.021
[2998.9s] epoch 171 step 169050 avg_loss=0.015
[2999.9s] epoch 171 step 169100 avg_loss=0.016
[3000.9s] epoch 171 step 169150 avg_loss=0.015
[3002.1s] epoch 171 step 169200 avg_loss=0.015
[3002.9s] epoch 171 step 169250 avg_loss=0.015
[3004.0s] epoch 171 step 169300 avg_loss=0.015
[3004.9s] epoch 171 step 169350 avg_loss=0.015
[3005.9s] epoch 171 step 169400 avg_loss=0.015
[3007.0s] epoch 171 step 169450 avg_loss=0.015
[3008.0s] epoch 171 step 169500 avg_loss=0.015
[3009.1s] epoch 171 step 169550 avg_loss=0.015
[3010.1s] epoch 171 step 169600 avg_loss=0.014
[3011.1s] epoch 171 step 169650 avg_loss=0.014
[3012.1s] epoch 171 step 169700 avg_loss=0.014
[3012.9s] epoch 171 step 169750 avg_loss=0.014
[3014.0s] epoch 171 step 169800 avg_loss=0.014
[3014.9s] epoch 171 step 169850 avg_loss=0.014
[3015.9s] epoch 171 step 169900 avg_loss=0.014
[3016.6s] === epoch 171 done: avg_loss=0.014 (n=988 derivations) ===
[3016.9s] epoch 172 step 169950 avg_loss=0.003
[3017.9s] epoch 172 step 170000 avg_loss=0.014
[3018.8s] epoch 172 step 170050 avg_loss=0.011
[3019.6s] epoch 172 step 170100 avg_loss=0.011
[3020.6s] epoch 172 step 170150 avg_loss=0.011
[3021.4s] epoch 172 step 170200 avg_loss=0.012
[3022.2s] epoch 172 step 170250 avg_loss=0.011
[3022.9s] epoch 172 step 170300 avg_loss=0.011
[3023.7s] epoch 172 step 170350 avg_loss=0.011
[3024.4s] epoch 172 step 170400 avg_loss=0.011
[3025.3s] epoch 172 step 170450 avg_loss=0.012
[3026.2s] epoch 172 step 170500 avg_loss=0.011
[3027.3s] epoch 172 step 170550 avg_loss=0.012
[3028.1s] epoch 172 step 170600 avg_loss=0.012
[3029.0s] epoch 172 step 170650 avg_loss=0.014
[3029.7s] epoch 172 step 170700 avg_loss=0.014
[3030.5s] epoch 172 step 170750 avg_loss=0.014
[3031.3s] epoch 172 step 170800 avg_loss=0.014
[3032.0s] epoch 172 step 170850 avg_loss=0.014
[3032.7s] epoch 172 step 170900 avg_loss=0.014
[3033.1s] === epoch 172 done: avg_loss=0.014 (n=988 derivations) ===
[3033.5s] epoch 173 step 170950 avg_loss=0.013
[3034.2s] epoch 173 step 171000 avg_loss=0.013
[3035.0s] epoch 173 step 171050 avg_loss=0.013
[3035.8s] epoch 173 step 171100 avg_loss=0.012
[3036.6s] epoch 173 step 171150 avg_loss=0.011
[3037.3s] epoch 173 step 171200 avg_loss=0.012
[3038.1s] epoch 173 step 171250 avg_loss=0.014
[3038.8s] epoch 173 step 171300 avg_loss=0.015
[3039.6s] epoch 173 step 171350 avg_loss=0.015
[3040.3s] epoch 173 step 171400 avg_loss=0.014
[3041.1s] epoch 173 step 171450 avg_loss=0.014
[3041.8s] epoch 173 step 171500 avg_loss=0.013
[3042.6s] epoch 173 step 171550 avg_loss=0.014
[3043.3s] epoch 173 step 171600 avg_loss=0.014
[3044.1s] epoch 173 step 171650 avg_loss=0.014
[3044.9s] epoch 173 step 171700 avg_loss=0.014
[3045.7s] epoch 173 step 171750 avg_loss=0.014
[3046.6s] epoch 173 step 171800 avg_loss=0.014
[3047.4s] epoch 173 step 171850 avg_loss=0.014
[3048.2s] epoch 173 step 171900 avg_loss=0.014
[3048.4s] === epoch 173 done: avg_loss=0.014 (n=988 derivations) ===
[3049.1s] epoch 174 step 171950 avg_loss=0.007
[3050.1s] epoch 174 step 172000 avg_loss=0.008
[3051.0s] epoch 174 step 172050 avg_loss=0.009
[3051.8s] epoch 174 step 172100 avg_loss=0.010
[3052.6s] epoch 174 step 172150 avg_loss=0.009
[3053.3s] epoch 174 step 172200 avg_loss=0.010
[3054.0s] epoch 174 step 172250 avg_loss=0.009
[3054.8s] epoch 174 step 172300 avg_loss=0.010
[3055.5s] epoch 174 step 172350 avg_loss=0.010
[3056.4s] epoch 174 step 172400 avg_loss=0.011
[3057.5s] epoch 174 step 172450 avg_loss=0.012
[3058.4s] epoch 174 step 172500 avg_loss=0.012
[3059.4s] epoch 174 step 172550 avg_loss=0.012
[3060.2s] epoch 174 step 172600 avg_loss=0.012
[3060.9s] epoch 174 step 172650 avg_loss=0.012
[3061.9s] epoch 174 step 172700 avg_loss=0.012
[3062.6s] epoch 174 step 172750 avg_loss=0.012
[3063.5s] epoch 174 step 172800 avg_loss=0.013
[3064.4s] epoch 174 step 172850 avg_loss=0.013
[3065.2s] epoch 174 step 172900 avg_loss=0.013
[3065.2s] === epoch 174 done: avg_loss=0.013 (n=988 derivations) ===
[3066.0s] epoch 175 step 172950 avg_loss=0.019
[3066.8s] epoch 175 step 173000 avg_loss=0.019
[3067.7s] epoch 175 step 173050 avg_loss=0.016
[3068.7s] epoch 175 step 173100 avg_loss=0.014
[3069.7s] epoch 175 step 173150 avg_loss=0.014
[3070.7s] epoch 175 step 173200 avg_loss=0.013
[3071.8s] epoch 175 step 173250 avg_loss=0.013
[3072.9s] epoch 175 step 173300 avg_loss=0.014
[3073.7s] epoch 175 step 173350 avg_loss=0.013
[3074.7s] epoch 175 step 173400 avg_loss=0.013
[3075.7s] epoch 175 step 173450 avg_loss=0.013
[3076.4s] epoch 175 step 173500 avg_loss=0.013
[3077.2s] epoch 175 step 173550 avg_loss=0.014
[3078.0s] epoch 175 step 173600 avg_loss=0.013
[3078.7s] epoch 175 step 173650 avg_loss=0.013
[3079.4s] epoch 175 step 173700 avg_loss=0.013
[3080.0s] epoch 175 step 173750 avg_loss=0.013
[3081.0s] epoch 175 step 173800 avg_loss=0.013
[3081.8s] epoch 175 step 173850 avg_loss=0.013
[3082.3s] === epoch 175 done: avg_loss=0.013 (n=988 derivations) ===
[3082.5s] epoch 176 step 173900 avg_loss=0.015
[3083.4s] epoch 176 step 173950 avg_loss=0.009
[3084.2s] epoch 176 step 174000 avg_loss=0.013
[3084.9s] epoch 176 step 174050 avg_loss=0.012
[3085.8s] epoch 176 step 174100 avg_loss=0.012
[3086.4s] epoch 176 step 174150 avg_loss=0.012
[3087.1s] epoch 176 step 174200 avg_loss=0.011
[3087.9s] epoch 176 step 174250 avg_loss=0.011
[3088.8s] epoch 176 step 174300 avg_loss=0.012
[3089.6s] epoch 176 step 174350 avg_loss=0.012
[3090.5s] epoch 176 step 174400 avg_loss=0.012
[3091.1s] epoch 176 step 174450 avg_loss=0.012
[3092.2s] epoch 176 step 174500 avg_loss=0.013
[3093.3s] epoch 176 step 174550 avg_loss=0.014
[3094.2s] epoch 176 step 174600 avg_loss=0.014
[3095.0s] epoch 176 step 174650 avg_loss=0.013
[3095.9s] epoch 176 step 174700 avg_loss=0.013
[3096.8s] epoch 176 step 174750 avg_loss=0.013
[3097.6s] epoch 176 step 174800 avg_loss=0.013
[3098.7s] epoch 176 step 174850 avg_loss=0.013
[3099.2s] === epoch 176 done: avg_loss=0.013 (n=988 derivations) ===
[3099.6s] epoch 177 step 174900 avg_loss=0.012
[3100.5s] epoch 177 step 174950 avg_loss=0.009
[3101.4s] epoch 177 step 175000 avg_loss=0.012
[3102.3s] epoch 177 step 175050 avg_loss=0.013
[3103.4s] epoch 177 step 175100 avg_loss=0.013
[3104.1s] epoch 177 step 175150 avg_loss=0.014
[3104.8s] epoch 177 step 175200 avg_loss=0.013
[3105.7s] epoch 177 step 175250 avg_loss=0.013
[3107.4s] eval step=5500 train_avg_loss=0.014 dev_rank1_f1=0.4204 dev_edge_p=0.4157 dev_edge_r=0.4253
[3107.5s] epoch 177 step 175300 avg_loss=0.014
[3108.1s] epoch 177 step 175350 avg_loss=0.014
[3109.0s] epoch 177 step 175400 avg_loss=0.013
[3109.8s] epoch 177 step 175450 avg_loss=0.013
[3110.5s] epoch 177 step 175500 avg_loss=0.012
[3111.2s] epoch 177 step 175550 avg_loss=0.013
[3112.0s] epoch 177 step 175600 avg_loss=0.012
[3112.8s] epoch 177 step 175650 avg_loss=0.012
[3113.6s] epoch 177 step 175700 avg_loss=0.012
[3114.4s] epoch 177 step 175750 avg_loss=0.012
[3115.3s] epoch 177 step 175800 avg_loss=0.013
[3116.0s] epoch 177 step 175850 avg_loss=0.013
[3116.3s] === epoch 177 done: avg_loss=0.013 (n=988 derivations) ===
[3116.9s] epoch 178 step 175900 avg_loss=0.013
[3117.7s] epoch 178 step 175950 avg_loss=0.015
[3118.6s] epoch 178 step 176000 avg_loss=0.014
[3119.3s] epoch 178 step 176050 avg_loss=0.012
[3120.1s] epoch 178 step 176100 avg_loss=0.014
[3120.9s] epoch 178 step 176150 avg_loss=0.014
[3121.7s] epoch 178 step 176200 avg_loss=0.014
[3122.5s] epoch 178 step 176250 avg_loss=0.015
[3123.3s] epoch 178 step 176300 avg_loss=0.014
[3124.0s] epoch 178 step 176350 avg_loss=0.013
[3124.7s] epoch 178 step 176400 avg_loss=0.013
[3125.6s] epoch 178 step 176450 avg_loss=0.013
[3126.3s] epoch 178 step 176500 avg_loss=0.013
[3127.1s] epoch 178 step 176550 avg_loss=0.013
[3128.0s] epoch 178 step 176600 avg_loss=0.013
[3128.9s] epoch 178 step 176650 avg_loss=0.013
[3129.9s] epoch 178 step 176700 avg_loss=0.012
[3130.9s] epoch 178 step 176750 avg_loss=0.012
[3131.7s] epoch 178 step 176800 avg_loss=0.012
[3132.7s] epoch 178 step 176850 avg_loss=0.012
[3132.7s] === epoch 178 done: avg_loss=0.012 (n=988 derivations) ===
[3133.7s] epoch 179 step 176900 avg_loss=0.010
[3134.7s] epoch 179 step 176950 avg_loss=0.010
[3135.8s] epoch 179 step 177000 avg_loss=0.009
[3136.8s] epoch 179 step 177050 avg_loss=0.009
[3137.9s] epoch 179 step 177100 avg_loss=0.010
[3138.9s] epoch 179 step 177150 avg_loss=0.011
[3139.8s] epoch 179 step 177200 avg_loss=0.011
[3140.8s] epoch 179 step 177250 avg_loss=0.011
[3141.8s] epoch 179 step 177300 avg_loss=0.011
[3142.8s] epoch 179 step 177350 avg_loss=0.012
[3144.0s] epoch 179 step 177400 avg_loss=0.012
[3144.7s] epoch 179 step 177450 avg_loss=0.012
[3145.7s] epoch 179 step 177500 avg_loss=0.012
[3146.8s] epoch 179 step 177550 avg_loss=0.013
[3147.8s] epoch 179 step 177600 avg_loss=0.012
[3149.0s] epoch 179 step 177650 avg_loss=0.013
[3150.0s] epoch 179 step 177700 avg_loss=0.013
[3151.0s] epoch 179 step 177750 avg_loss=0.012
[3151.9s] epoch 179 step 177800 avg_loss=0.012
[3152.7s] === epoch 179 done: avg_loss=0.012 (n=988 derivations) ===
[3152.9s] epoch 180 step 177850 avg_loss=0.007
[3153.8s] epoch 180 step 177900 avg_loss=0.008
[3154.8s] epoch 180 step 177950 avg_loss=0.010
[3155.8s] epoch 180 step 178000 avg_loss=0.010
[3156.9s] epoch 180 step 178050 avg_loss=0.010
[3157.9s] epoch 180 step 178100 avg_loss=0.012
[3159.0s] epoch 180 step 178150 avg_loss=0.011
[3160.0s] epoch 180 step 178200 avg_loss=0.012
[3160.9s] epoch 180 step 178250 avg_loss=0.011
[3161.9s] epoch 180 step 178300 avg_loss=0.011
[3162.8s] epoch 180 step 178350 avg_loss=0.012
[3163.8s] epoch 180 step 178400 avg_loss=0.012
[3164.8s] epoch 180 step 178450 avg_loss=0.012
[3166.0s] epoch 180 step 178500 avg_loss=0.012
[3166.9s] epoch 180 step 178550 avg_loss=0.012
[3167.9s] epoch 180 step 178600 avg_loss=0.012
[3169.0s] epoch 180 step 178650 avg_loss=0.012
[3170.1s] epoch 180 step 178700 avg_loss=0.012
[3171.2s] epoch 180 step 178750 avg_loss=0.011
[3172.2s] epoch 180 step 178800 avg_loss=0.012
[3172.7s] === epoch 180 done: avg_loss=0.012 (n=988 derivations) ===
[3173.0s] epoch 181 step 178850 avg_loss=0.008
[3174.2s] epoch 181 step 178900 avg_loss=0.008
[3175.1s] epoch 181 step 178950 avg_loss=0.007
[3176.0s] epoch 181 step 179000 avg_loss=0.009
[3177.1s] epoch 181 step 179050 avg_loss=0.009
[3178.1s] epoch 181 step 179100 avg_loss=0.009
[3179.0s] epoch 181 step 179150 avg_loss=0.009
[3180.0s] epoch 181 step 179200 avg_loss=0.009
[3181.0s] epoch 181 step 179250 avg_loss=0.009
[3182.3s] epoch 181 step 179300 avg_loss=0.010
[3183.3s] epoch 181 step 179350 avg_loss=0.011
[3184.2s] epoch 181 step 179400 avg_loss=0.012
[3185.0s] epoch 181 step 179450 avg_loss=0.011
[3186.1s] epoch 181 step 179500 avg_loss=0.011
[3187.1s] epoch 181 step 179550 avg_loss=0.011
[3188.1s] epoch 181 step 179600 avg_loss=0.011
[3189.1s] epoch 181 step 179650 avg_loss=0.011
[3190.1s] epoch 181 step 179700 avg_loss=0.012
[3191.1s] epoch 181 step 179750 avg_loss=0.011
[3192.0s] epoch 181 step 179800 avg_loss=0.011
[3192.4s] === epoch 181 done: avg_loss=0.011 (n=988 derivations) ===
[3193.0s] epoch 182 step 179850 avg_loss=0.015
[3194.1s] epoch 182 step 179900 avg_loss=0.017
[3194.9s] epoch 182 step 179950 avg_loss=0.015
[3195.9s] epoch 182 step 180000 avg_loss=0.013
[3196.9s] epoch 182 step 180050 avg_loss=0.013
[3197.8s] epoch 182 step 180100 avg_loss=0.012
[3198.9s] epoch 182 step 180150 avg_loss=0.012
[3199.8s] epoch 182 step 180200 avg_loss=0.012
[3200.9s] epoch 182 step 180250 avg_loss=0.013
[3201.9s] epoch 182 step 180300 avg_loss=0.012
[3202.8s] epoch 182 step 180350 avg_loss=0.012
[3203.5s] epoch 182 step 180400 avg_loss=0.012
[3204.2s] epoch 182 step 180450 avg_loss=0.012
[3205.0s] epoch 182 step 180500 avg_loss=0.012
[3205.8s] epoch 182 step 180550 avg_loss=0.012
[3206.5s] epoch 182 step 180600 avg_loss=0.011
[3207.3s] epoch 182 step 180650 avg_loss=0.012
[3208.3s] epoch 182 step 180700 avg_loss=0.012
[3209.1s] epoch 182 step 180750 avg_loss=0.012
[3209.8s] epoch 182 step 180800 avg_loss=0.011
[3209.9s] === epoch 182 done: avg_loss=0.011 (n=988 derivations) ===
[3210.6s] epoch 183 step 180850 avg_loss=0.015
[3211.4s] epoch 183 step 180900 avg_loss=0.012
[3212.4s] epoch 183 step 180950 avg_loss=0.012
[3213.3s] epoch 183 step 181000 avg_loss=0.011
[3214.2s] epoch 183 step 181050 avg_loss=0.010
[3215.0s] epoch 183 step 181100 avg_loss=0.012
[3215.6s] epoch 183 step 181150 avg_loss=0.011
[3216.5s] epoch 183 step 181200 avg_loss=0.012
[3217.2s] epoch 183 step 181250 avg_loss=0.012
[3218.0s] epoch 183 step 181300 avg_loss=0.012
[3218.7s] epoch 183 step 181350 avg_loss=0.011
[3219.7s] epoch 183 step 181400 avg_loss=0.012
[3221.0s] epoch 183 step 181450 avg_loss=0.012
[3222.0s] epoch 183 step 181500 avg_loss=0.011
[3222.8s] epoch 183 step 181550 avg_loss=0.011
[3223.7s] epoch 183 step 181600 avg_loss=0.011
[3224.7s] epoch 183 step 181650 avg_loss=0.011
[3225.6s] epoch 183 step 181700 avg_loss=0.011
[3226.5s] epoch 183 step 181750 avg_loss=0.011
[3227.2s] === epoch 183 done: avg_loss=0.011 (n=988 derivations) ===
[3227.3s] epoch 184 step 181800 avg_loss=0.015
[3228.0s] epoch 184 step 181850 avg_loss=0.008
[3228.9s] epoch 184 step 181900 avg_loss=0.010
[3229.7s] epoch 184 step 181950 avg_loss=0.011
[3230.5s] epoch 184 step 182000 avg_loss=0.012
[3231.5s] epoch 184 step 182050 avg_loss=0.011
[3232.4s] epoch 184 step 182100 avg_loss=0.012
[3233.2s] epoch 184 step 182150 avg_loss=0.012
[3234.0s] epoch 184 step 182200 avg_loss=0.012
[3234.9s] epoch 184 step 182250 avg_loss=0.012
[3235.5s] epoch 184 step 182300 avg_loss=0.011
[3236.3s] epoch 184 step 182350 avg_loss=0.012
[3237.0s] epoch 184 step 182400 avg_loss=0.011
[3237.8s] epoch 184 step 182450 avg_loss=0.011
[3238.6s] epoch 184 step 182500 avg_loss=0.011
[3239.3s] epoch 184 step 182550 avg_loss=0.011
[3240.0s] epoch 184 step 182600 avg_loss=0.011
[3240.9s] epoch 184 step 182650 avg_loss=0.011
[3241.6s] epoch 184 step 182700 avg_loss=0.011
[3242.4s] epoch 184 step 182750 avg_loss=0.011
[3242.9s] === epoch 184 done: avg_loss=0.011 (n=988 derivations) ===
[3243.2s] epoch 185 step 182800 avg_loss=0.011
[3243.9s] epoch 185 step 182850 avg_loss=0.010
[3244.7s] epoch 185 step 182900 avg_loss=0.010
[3245.4s] epoch 185 step 182950 avg_loss=0.009
[3246.2s] epoch 185 step 183000 avg_loss=0.010
[3247.0s] epoch 185 step 183050 avg_loss=0.009
[3247.7s] epoch 185 step 183100 avg_loss=0.009
[3248.9s] epoch 185 step 183150 avg_loss=0.009
[3249.9s] epoch 185 step 183200 avg_loss=0.010
[3250.9s] epoch 185 step 183250 avg_loss=0.011
[3252.3s] eval step=5750 train_avg_loss=0.011 dev_rank1_f1=0.4168 dev_edge_p=0.4119 dev_edge_r=0.4218
[3253.1s] epoch 185 step 183300 avg_loss=0.011
[3254.0s] epoch 185 step 183350 avg_loss=0.011
[3254.9s] epoch 185 step 183400 avg_loss=0.011
[3255.9s] epoch 185 step 183450 avg_loss=0.011
[3257.0s] epoch 185 step 183500 avg_loss=0.011
[3258.2s] epoch 185 step 183550 avg_loss=0.011
[3259.2s] epoch 185 step 183600 avg_loss=0.011
[3260.3s] epoch 185 step 183650 avg_loss=0.011
[3261.2s] epoch 185 step 183700 avg_loss=0.011
[3262.0s] epoch 185 step 183750 avg_loss=0.011
[3262.2s] === epoch 185 done: avg_loss=0.011 (n=988 derivations) ===
[3262.7s] epoch 186 step 183800 avg_loss=0.017
[3263.7s] epoch 186 step 183850 avg_loss=0.011
[3264.6s] epoch 186 step 183900 avg_loss=0.010
[3265.6s] epoch 186 step 183950 avg_loss=0.010
[3266.7s] epoch 186 step 184000 avg_loss=0.010
[3267.8s] epoch 186 step 184050 avg_loss=0.010
[3268.9s] epoch 186 step 184100 avg_loss=0.010
[3269.9s] epoch 186 step 184150 avg_loss=0.010
[3270.9s] epoch 186 step 184200 avg_loss=0.011
[3271.9s] epoch 186 step 184250 avg_loss=0.011
[3272.8s] epoch 186 step 184300 avg_loss=0.011
[3273.7s] epoch 186 step 184350 avg_loss=0.011
[3274.7s] epoch 186 step 184400 avg_loss=0.012
[3275.4s] epoch 186 step 184450 avg_loss=0.011
[3276.5s] epoch 186 step 184500 avg_loss=0.011
[3277.4s] epoch 186 step 184550 avg_loss=0.011
[3278.3s] epoch 186 step 184600 avg_loss=0.011
[3279.2s] epoch 186 step 184650 avg_loss=0.011
[3280.1s] epoch 186 step 184700 avg_loss=0.011
[3281.0s] epoch 186 step 184750 avg_loss=0.010
[3281.2s] === epoch 186 done: avg_loss=0.010 (n=988 derivations) ===
[3281.9s] epoch 187 step 184800 avg_loss=0.009
[3282.5s] epoch 187 step 184850 avg_loss=0.008
[3283.2s] epoch 187 step 184900 avg_loss=0.008
[3283.9s] epoch 187 step 184950 avg_loss=0.009
[3284.6s] epoch 187 step 185000 avg_loss=0.009
[3285.4s] epoch 187 step 185050 avg_loss=0.010
[3286.1s] epoch 187 step 185100 avg_loss=0.010
[3286.9s] epoch 187 step 185150 avg_loss=0.011
[3287.7s] epoch 187 step 185200 avg_loss=0.011
[3288.5s] epoch 187 step 185250 avg_loss=0.010
[3289.5s] epoch 187 step 185300 avg_loss=0.011
[3290.5s] epoch 187 step 185350 avg_loss=0.010
[3291.5s] epoch 187 step 185400 avg_loss=0.010
[3292.3s] epoch 187 step 185450 avg_loss=0.010
[3293.1s] epoch 187 step 185500 avg_loss=0.010
[3293.9s] epoch 187 step 185550 avg_loss=0.010
[3294.7s] epoch 187 step 185600 avg_loss=0.010
[3295.5s] epoch 187 step 185650 avg_loss=0.010
[3296.2s] epoch 187 step 185700 avg_loss=0.010
[3296.9s] === epoch 187 done: avg_loss=0.010 (n=988 derivations) ===
[3297.0s] epoch 188 step 185750 avg_loss=0.009
[3297.7s] epoch 188 step 185800 avg_loss=0.010
[3298.5s] epoch 188 step 185850 avg_loss=0.009
[3299.2s] epoch 188 step 185900 avg_loss=0.008
[3300.1s] epoch 188 step 185950 avg_loss=0.009
[3300.7s] epoch 188 step 186000 avg_loss=0.008
[3301.5s] epoch 188 step 186050 avg_loss=0.008
[3302.2s] epoch 188 step 186100 avg_loss=0.008
[3303.2s] epoch 188 step 186150 avg_loss=0.009
[3304.1s] epoch 188 step 186200 avg_loss=0.009
[3305.1s] epoch 188 step 186250 avg_loss=0.010
[3306.1s] epoch 188 step 186300 avg_loss=0.009
[3306.9s] epoch 188 step 186350 avg_loss=0.009
[3307.5s] epoch 188 step 186400 avg_loss=0.009
[3308.3s] epoch 188 step 186450 avg_loss=0.009
[3309.0s] epoch 188 step 186500 avg_loss=0.009
[3309.8s] epoch 188 step 186550 avg_loss=0.009
[3310.6s] epoch 188 step 186600 avg_loss=0.009
[3311.3s] epoch 188 step 186650 avg_loss=0.010
[3312.1s] epoch 188 step 186700 avg_loss=0.010
[3312.5s] === epoch 188 done: avg_loss=0.010 (n=988 derivations) ===
[3312.9s] epoch 189 step 186750 avg_loss=0.012
[3313.6s] epoch 189 step 186800 avg_loss=0.013
[3314.3s] epoch 189 step 186850 avg_loss=0.011
[3315.1s] epoch 189 step 186900 avg_loss=0.011
[3315.8s] epoch 189 step 186950 avg_loss=0.010
[3316.5s] epoch 189 step 187000 avg_loss=0.010
[3317.3s] epoch 189 step 187050 avg_loss=0.010
[3318.1s] epoch 189 step 187100 avg_loss=0.010
[3319.0s] epoch 189 step 187150 avg_loss=0.010
[3319.7s] epoch 189 step 187200 avg_loss=0.010
[3320.3s] epoch 189 step 187250 avg_loss=0.010
[3321.2s] epoch 189 step 187300 avg_loss=0.010
[3321.9s] epoch 189 step 187350 avg_loss=0.010
[3322.6s] epoch 189 step 187400 avg_loss=0.010
[3323.4s] epoch 189 step 187450 avg_loss=0.010
[3324.0s] epoch 189 step 187500 avg_loss=0.010
[3324.7s] epoch 189 step 187550 avg_loss=0.010
[3325.4s] epoch 189 step 187600 avg_loss=0.010
[3326.3s] epoch 189 step 187650 avg_loss=0.010
[3327.0s] epoch 189 step 187700 avg_loss=0.010
[3327.3s] === epoch 189 done: avg_loss=0.010 (n=988 derivations) ===
[3327.8s] epoch 190 step 187750 avg_loss=0.004
[3328.6s] epoch 190 step 187800 avg_loss=0.008
[3329.4s] epoch 190 step 187850 avg_loss=0.007
[3330.2s] epoch 190 step 187900 avg_loss=0.008
[3330.9s] epoch 190 step 187950 avg_loss=0.009
[3331.6s] epoch 190 step 188000 avg_loss=0.008
[3332.5s] epoch 190 step 188050 avg_loss=0.008
[3333.2s] epoch 190 step 188100 avg_loss=0.009
[3334.0s] epoch 190 step 188150 avg_loss=0.009
[3334.7s] epoch 190 step 188200 avg_loss=0.009
[3335.5s] epoch 190 step 188250 avg_loss=0.009
[3336.2s] epoch 190 step 188300 avg_loss=0.009
[3336.9s] epoch 190 step 188350 avg_loss=0.009
[3337.8s] epoch 190 step 188400 avg_loss=0.009
[3338.5s] epoch 190 step 188450 avg_loss=0.010
[3339.4s] epoch 190 step 188500 avg_loss=0.010
[3340.2s] epoch 190 step 188550 avg_loss=0.010
[3340.9s] epoch 190 step 188600 avg_loss=0.010
[3341.7s] epoch 190 step 188650 avg_loss=0.009
[3342.5s] epoch 190 step 188700 avg_loss=0.010
[3342.6s] === epoch 190 done: avg_loss=0.010 (n=988 derivations) ===
[3343.1s] epoch 191 step 188750 avg_loss=0.006
[3343.9s] epoch 191 step 188800 avg_loss=0.007
[3344.5s] epoch 191 step 188850 avg_loss=0.007
[3345.3s] epoch 191 step 188900 avg_loss=0.007
[3346.2s] epoch 191 step 188950 avg_loss=0.009
[3347.1s] epoch 191 step 189000 avg_loss=0.010
[3347.9s] epoch 191 step 189050 avg_loss=0.010
[3348.7s] epoch 191 step 189100 avg_loss=0.010
[3349.5s] epoch 191 step 189150 avg_loss=0.010
[3350.2s] epoch 191 step 189200 avg_loss=0.009
[3350.9s] epoch 191 step 189250 avg_loss=0.009
[3351.7s] epoch 191 step 189300 avg_loss=0.010
[3352.4s] epoch 191 step 189350 avg_loss=0.010
[3353.3s] epoch 191 step 189400 avg_loss=0.010
[3354.1s] epoch 191 step 189450 avg_loss=0.010
[3354.9s] epoch 191 step 189500 avg_loss=0.010
[3355.7s] epoch 191 step 189550 avg_loss=0.009
[3356.5s] epoch 191 step 189600 avg_loss=0.009
[3357.8s] epoch 191 step 189650 avg_loss=0.009
[3358.7s] === epoch 191 done: avg_loss=0.009 (n=988 derivations) ===
[3358.7s] epoch 192 step 189700 avg_loss=0.002
[3359.7s] epoch 192 step 189750 avg_loss=0.007
[3360.6s] epoch 192 step 189800 avg_loss=0.010
[3361.6s] epoch 192 step 189850 avg_loss=0.010
[3362.9s] epoch 192 step 189900 avg_loss=0.010
[3364.0s] epoch 192 step 189950 avg_loss=0.009
[3365.0s] epoch 192 step 190000 avg_loss=0.009
[3365.8s] epoch 192 step 190050 avg_loss=0.009
[3366.9s] epoch 192 step 190100 avg_loss=0.009
[3367.8s] epoch 192 step 190150 avg_loss=0.009
[3368.8s] epoch 192 step 190200 avg_loss=0.009
[3369.5s] epoch 192 step 190250 avg_loss=0.009
[3370.3s] epoch 192 step 190300 avg_loss=0.009
[3371.1s] epoch 192 step 190350 avg_loss=0.009
[3372.1s] epoch 192 step 190400 avg_loss=0.009
[3372.8s] epoch 192 step 190450 avg_loss=0.009
[3373.8s] epoch 192 step 190500 avg_loss=0.009
[3374.7s] epoch 192 step 190550 avg_loss=0.009
[3375.6s] epoch 192 step 190600 avg_loss=0.009
[3376.5s] epoch 192 step 190650 avg_loss=0.009
[3377.2s] === epoch 192 done: avg_loss=0.009 (n=988 derivations) ===
[3377.4s] epoch 193 step 190700 avg_loss=0.007
[3378.5s] epoch 193 step 190750 avg_loss=0.007
[3379.4s] epoch 193 step 190800 avg_loss=0.010
[3380.2s] epoch 193 step 190850 avg_loss=0.011
[3381.2s] epoch 193 step 190900 avg_loss=0.010
[3381.9s] epoch 193 step 190950 avg_loss=0.011
[3382.8s] epoch 193 step 191000 avg_loss=0.010
[3383.6s] epoch 193 step 191050 avg_loss=0.010
[3384.5s] epoch 193 step 191100 avg_loss=0.010
[3385.4s] epoch 193 step 191150 avg_loss=0.009
[3386.8s] epoch 193 step 191200 avg_loss=0.010
[3388.3s] eval step=6000 train_avg_loss=0.010 dev_rank1_f1=0.4197 dev_edge_p=0.4160 dev_edge_r=0.4233
[3388.7s] epoch 193 step 191250 avg_loss=0.010
[3389.6s] epoch 193 step 191300 avg_loss=0.010
[3390.6s] epoch 193 step 191350 avg_loss=0.010
[3391.5s] epoch 193 step 191400 avg_loss=0.009
[3392.4s] epoch 193 step 191450 avg_loss=0.009
[3393.5s] epoch 193 step 191500 avg_loss=0.009
[3394.4s] epoch 193 step 191550 avg_loss=0.009
[3395.2s] epoch 193 step 191600 avg_loss=0.009
[3395.8s] epoch 193 step 191650 avg_loss=0.009
[3396.2s] === epoch 193 done: avg_loss=0.009 (n=988 derivations) ===
[3396.5s] epoch 194 step 191700 avg_loss=0.010
[3397.2s] epoch 194 step 191750 avg_loss=0.006
[3398.1s] epoch 194 step 191800 avg_loss=0.008
[3399.0s] epoch 194 step 191850 avg_loss=0.008
[3400.0s] epoch 194 step 191900 avg_loss=0.009
[3400.9s] epoch 194 step 191950 avg_loss=0.008
[3402.0s] epoch 194 step 192000 avg_loss=0.009
[3403.0s] epoch 194 step 192050 avg_loss=0.009
[3404.1s] epoch 194 step 192100 avg_loss=0.009
[3405.1s] epoch 194 step 192150 avg_loss=0.009
[3406.1s] epoch 194 step 192200 avg_loss=0.009
[3406.9s] epoch 194 step 192250 avg_loss=0.009
[3407.9s] epoch 194 step 192300 avg_loss=0.009
[3409.0s] epoch 194 step 192350 avg_loss=0.009
[3410.1s] epoch 194 step 192400 avg_loss=0.009
[3411.2s] epoch 194 step 192450 avg_loss=0.009
[3412.3s] epoch 194 step 192500 avg_loss=0.009
[3413.6s] epoch 194 step 192550 avg_loss=0.009
[3414.5s] epoch 194 step 192600 avg_loss=0.009
[3415.4s] epoch 194 step 192650 avg_loss=0.009
[3415.6s] === epoch 194 done: avg_loss=0.009 (n=988 derivations) ===
[3416.5s] epoch 195 step 192700 avg_loss=0.016
[3417.5s] epoch 195 step 192750 avg_loss=0.010
[3418.5s] epoch 195 step 192800 avg_loss=0.009
[3419.5s] epoch 195 step 192850 avg_loss=0.009
[3420.6s] epoch 195 step 192900 avg_loss=0.008
[3421.7s] epoch 195 step 192950 avg_loss=0.008
[3422.7s] epoch 195 step 193000 avg_loss=0.008
[3423.6s] epoch 195 step 193050 avg_loss=0.007
[3424.4s] epoch 195 step 193100 avg_loss=0.007
[3425.2s] epoch 195 step 193150 avg_loss=0.007
[3426.1s] epoch 195 step 193200 avg_loss=0.007
[3427.0s] epoch 195 step 193250 avg_loss=0.007
[3427.9s] epoch 195 step 193300 avg_loss=0.008
[3428.9s] epoch 195 step 193350 avg_loss=0.008
[3429.9s] epoch 195 step 193400 avg_loss=0.008
[3430.5s] epoch 195 step 193450 avg_loss=0.008
[3431.3s] epoch 195 step 193500 avg_loss=0.008
[3432.0s] epoch 195 step 193550 avg_loss=0.008
[3432.8s] epoch 195 step 193600 avg_loss=0.008
[3433.6s] === epoch 195 done: avg_loss=0.009 (n=988 derivations) ===
[3433.6s] epoch 196 step 193650 avg_loss=0.029
[3434.4s] epoch 196 step 193700 avg_loss=0.012
[3435.2s] epoch 196 step 193750 avg_loss=0.010
[3435.9s] epoch 196 step 193800 avg_loss=0.008
[3436.6s] epoch 196 step 193850 avg_loss=0.008
[3437.4s] epoch 196 step 193900 avg_loss=0.008
[3438.1s] epoch 196 step 193950 avg_loss=0.009
[3438.9s] epoch 196 step 194000 avg_loss=0.008
[3439.7s] epoch 196 step 194050 avg_loss=0.009
[3440.5s] epoch 196 step 194100 avg_loss=0.009
[3441.4s] epoch 196 step 194150 avg_loss=0.009
[3442.2s] epoch 196 step 194200 avg_loss=0.008
[3443.0s] epoch 196 step 194250 avg_loss=0.009
[3443.8s] epoch 196 step 194300 avg_loss=0.009
[3444.6s] epoch 196 step 194350 avg_loss=0.009
[3445.5s] epoch 196 step 194400 avg_loss=0.009
[3446.2s] epoch 196 step 194450 avg_loss=0.009
[3447.0s] epoch 196 step 194500 avg_loss=0.009
[3447.9s] epoch 196 step 194550 avg_loss=0.009
[3448.8s] epoch 196 step 194600 avg_loss=0.009
[3449.3s] === epoch 196 done: avg_loss=0.009 (n=988 derivations) ===
[3449.6s] epoch 197 step 194650 avg_loss=0.008
[3450.3s] epoch 197 step 194700 avg_loss=0.009
[3451.2s] epoch 197 step 194750 avg_loss=0.007
[3452.0s] epoch 197 step 194800 avg_loss=0.008
[3452.8s] epoch 197 step 194850 avg_loss=0.007
[3453.7s] epoch 197 step 194900 avg_loss=0.009
[3454.3s] epoch 197 step 194950 avg_loss=0.008
[3455.3s] epoch 197 step 195000 avg_loss=0.008
[3456.2s] epoch 197 step 195050 avg_loss=0.008
[3457.0s] epoch 197 step 195100 avg_loss=0.008
[3457.6s] epoch 197 step 195150 avg_loss=0.008
[3458.4s] epoch 197 step 195200 avg_loss=0.008
[3459.2s] epoch 197 step 195250 avg_loss=0.008
[3459.8s] epoch 197 step 195300 avg_loss=0.008
[3460.6s] epoch 197 step 195350 avg_loss=0.009
[3461.3s] epoch 197 step 195400 avg_loss=0.008
[3462.1s] epoch 197 step 195450 avg_loss=0.008
[3462.8s] epoch 197 step 195500 avg_loss=0.008
[3463.5s] epoch 197 step 195550 avg_loss=0.008
[3464.3s] epoch 197 step 195600 avg_loss=0.008
[3464.7s] === epoch 197 done: avg_loss=0.008 (n=988 derivations) ===
[3465.1s] epoch 198 step 195650 avg_loss=0.005
[3466.2s] epoch 198 step 195700 avg_loss=0.010
[3467.1s] epoch 198 step 195750 avg_loss=0.010
[3467.8s] epoch 198 step 195800 avg_loss=0.009
[3468.6s] epoch 198 step 195850 avg_loss=0.009
[3469.4s] epoch 198 step 195900 avg_loss=0.009
[3470.2s] epoch 198 step 195950 avg_loss=0.008
[3471.0s] epoch 198 step 196000 avg_loss=0.009
[3471.9s] epoch 198 step 196050 avg_loss=0.009
[3472.7s] epoch 198 step 196100 avg_loss=0.009
[3473.5s] epoch 198 step 196150 avg_loss=0.009
[3474.2s] epoch 198 step 196200 avg_loss=0.009
[3474.9s] epoch 198 step 196250 avg_loss=0.009
[3475.7s] epoch 198 step 196300 avg_loss=0.009
[3476.5s] epoch 198 step 196350 avg_loss=0.009
[3477.3s] epoch 198 step 196400 avg_loss=0.008
[3478.0s] epoch 198 step 196450 avg_loss=0.008
[3478.8s] epoch 198 step 196500 avg_loss=0.008
[3479.4s] epoch 198 step 196550 avg_loss=0.008
[3480.1s] epoch 198 step 196600 avg_loss=0.008
[3480.3s] === epoch 198 done: avg_loss=0.008 (n=988 derivations) ===
[3480.9s] epoch 199 step 196650 avg_loss=0.006
[3481.7s] epoch 199 step 196700 avg_loss=0.007
[3482.4s] epoch 199 step 196750 avg_loss=0.007
[3483.3s] epoch 199 step 196800 avg_loss=0.008
[3484.2s] epoch 199 step 196850 avg_loss=0.008
[3485.2s] epoch 199 step 196900 avg_loss=0.008
[3486.2s] epoch 199 step 196950 avg_loss=0.008
[3487.0s] epoch 199 step 197000 avg_loss=0.008
[3487.7s] epoch 199 step 197050 avg_loss=0.008
[3488.6s] epoch 199 step 197100 avg_loss=0.007
[3489.4s] epoch 199 step 197150 avg_loss=0.007
[3490.1s] epoch 199 step 197200 avg_loss=0.007
[3490.9s] epoch 199 step 197250 avg_loss=0.008
[3491.6s] epoch 199 step 197300 avg_loss=0.008
[3492.2s] epoch 199 step 197350 avg_loss=0.008
[3492.9s] epoch 199 step 197400 avg_loss=0.008
[3493.7s] epoch 199 step 197450 avg_loss=0.008
[3494.5s] epoch 199 step 197500 avg_loss=0.008
[3495.2s] epoch 199 step 197550 avg_loss=0.008
[3495.9s] epoch 199 step 197600 avg_loss=0.008
[3495.9s] === epoch 199 done: avg_loss=0.008 (n=988 derivations) ===
[3496.6s] epoch 200 step 197650 avg_loss=0.009
[3497.4s] epoch 200 step 197700 avg_loss=0.009
[3498.1s] epoch 200 step 197750 avg_loss=0.009
[3498.7s] epoch 200 step 197800 avg_loss=0.008
[3499.4s] epoch 200 step 197850 avg_loss=0.007
[3500.3s] epoch 200 step 197900 avg_loss=0.009
[3501.0s] epoch 200 step 197950 avg_loss=0.009
[3501.6s] epoch 200 step 198000 avg_loss=0.009
[3502.4s] epoch 200 step 198050 avg_loss=0.009
[3503.1s] epoch 200 step 198100 avg_loss=0.010
[3504.0s] epoch 200 step 198150 avg_loss=0.010
[3504.6s] epoch 200 step 198200 avg_loss=0.009
[3505.3s] epoch 200 step 198250 avg_loss=0.009
[3506.0s] epoch 200 step 198300 avg_loss=0.009
[3506.8s] epoch 200 step 198350 avg_loss=0.008
[3507.5s] epoch 200 step 198400 avg_loss=0.008
[3508.3s] epoch 200 step 198450 avg_loss=0.008
[3509.1s] epoch 200 step 198500 avg_loss=0.008
[3509.7s] epoch 200 step 198550 avg_loss=0.008
[3510.2s] === epoch 200 done: avg_loss=0.008 (n=988 derivations) ===
[3510.4s] epoch 201 step 198600 avg_loss=0.004
[3511.0s] epoch 201 step 198650 avg_loss=0.005
[3511.6s] epoch 201 step 198700 avg_loss=0.006
[3512.2s] epoch 201 step 198750 avg_loss=0.006
[3513.0s] epoch 201 step 198800 avg_loss=0.007
[3513.8s] epoch 201 step 198850 avg_loss=0.007
[3514.5s] epoch 201 step 198900 avg_loss=0.007
[3515.3s] epoch 201 step 198950 avg_loss=0.007
[3516.0s] epoch 201 step 199000 avg_loss=0.007
[3516.8s] epoch 201 step 199050 avg_loss=0.008
[3517.4s] epoch 201 step 199100 avg_loss=0.007
[3518.2s] epoch 201 step 199150 avg_loss=0.008
[3519.9s] eval step=6250 train_avg_loss=0.008 dev_rank1_f1=0.4185 dev_edge_p=0.4152 dev_edge_r=0.4220
[3519.9s] epoch 201 step 199200 avg_loss=0.008
[3520.6s] epoch 201 step 199250 avg_loss=0.008
[3521.4s] epoch 201 step 199300 avg_loss=0.008
[3522.2s] epoch 201 step 199350 avg_loss=0.008
[3522.9s] epoch 201 step 199400 avg_loss=0.008
[3523.6s] epoch 201 step 199450 avg_loss=0.008
[3524.3s] epoch 201 step 199500 avg_loss=0.008
[3525.0s] epoch 201 step 199550 avg_loss=0.008
[3525.3s] === epoch 201 done: avg_loss=0.008 (n=988 derivations) ===
[3525.7s] epoch 202 step 199600 avg_loss=0.010
[3526.4s] epoch 202 step 199650 avg_loss=0.007
[3527.1s] epoch 202 step 199700 avg_loss=0.007
[3528.0s] epoch 202 step 199750 avg_loss=0.008
[3528.9s] epoch 202 step 199800 avg_loss=0.008
[3530.0s] epoch 202 step 199850 avg_loss=0.008
[3531.0s] epoch 202 step 199900 avg_loss=0.007
[3531.9s] epoch 202 step 199950 avg_loss=0.007
[3532.9s] epoch 202 step 200000 avg_loss=0.007
[3533.7s] epoch 202 step 200050 avg_loss=0.007
[3534.7s] epoch 202 step 200100 avg_loss=0.008
[3535.6s] epoch 202 step 200150 avg_loss=0.008
[3536.4s] epoch 202 step 200200 avg_loss=0.008
[3537.2s] epoch 202 step 200250 avg_loss=0.008
[3538.2s] epoch 202 step 200300 avg_loss=0.008
[3539.1s] epoch 202 step 200350 avg_loss=0.008
[3540.1s] epoch 202 step 200400 avg_loss=0.008
[3540.9s] epoch 202 step 200450 avg_loss=0.008
[3541.9s] epoch 202 step 200500 avg_loss=0.008
[3542.8s] epoch 202 step 200550 avg_loss=0.008
[3543.0s] === epoch 202 done: avg_loss=0.008 (n=988 derivations) ===
[3543.8s] epoch 203 step 200600 avg_loss=0.008
[3544.7s] epoch 203 step 200650 avg_loss=0.006
[3545.6s] epoch 203 step 200700 avg_loss=0.007
[3546.5s] epoch 203 step 200750 avg_loss=0.007
[3547.3s] epoch 203 step 200800 avg_loss=0.007
[3548.1s] epoch 203 step 200850 avg_loss=0.007
[3548.8s] epoch 203 step 200900 avg_loss=0.008
[3549.7s] epoch 203 step 200950 avg_loss=0.008
[3550.5s] epoch 203 step 201000 avg_loss=0.008
[3551.4s] epoch 203 step 201050 avg_loss=0.008
[3552.2s] epoch 203 step 201100 avg_loss=0.008
[3552.9s] epoch 203 step 201150 avg_loss=0.008
[3553.7s] epoch 203 step 201200 avg_loss=0.008
[3554.4s] epoch 203 step 201250 avg_loss=0.007
[3555.2s] epoch 203 step 201300 avg_loss=0.008
[3556.0s] epoch 203 step 201350 avg_loss=0.007
[3556.9s] epoch 203 step 201400 avg_loss=0.008
[3557.7s] epoch 203 step 201450 avg_loss=0.008
[3558.4s] epoch 203 step 201500 avg_loss=0.008
[3559.2s] epoch 203 step 201550 avg_loss=0.008
[3559.2s] === epoch 203 done: avg_loss=0.008 (n=988 derivations) ===
[3559.8s] epoch 204 step 201600 avg_loss=0.003
[3560.6s] epoch 204 step 201650 avg_loss=0.005
[3561.4s] epoch 204 step 201700 avg_loss=0.005
[3562.2s] epoch 204 step 201750 avg_loss=0.007
[3562.9s] epoch 204 step 201800 avg_loss=0.006
[3563.5s] epoch 204 step 201850 avg_loss=0.006
[3564.2s] epoch 204 step 201900 avg_loss=0.006
[3565.0s] epoch 204 step 201950 avg_loss=0.006
[3565.8s] epoch 204 step 202000 avg_loss=0.007
[3566.5s] epoch 204 step 202050 avg_loss=0.007
[3567.2s] epoch 204 step 202100 avg_loss=0.007
[3568.2s] epoch 204 step 202150 avg_loss=0.007
[3569.2s] epoch 204 step 202200 avg_loss=0.007
[3570.5s] epoch 204 step 202250 avg_loss=0.007
[3571.8s] epoch 204 step 202300 avg_loss=0.007
[3572.9s] epoch 204 step 202350 avg_loss=0.007
[3573.9s] epoch 204 step 202400 avg_loss=0.007
[3574.7s] epoch 204 step 202450 avg_loss=0.007
[3575.9s] epoch 204 step 202500 avg_loss=0.007
[3576.8s] === epoch 204 done: avg_loss=0.007 (n=988 derivations) ===
[3577.0s] epoch 205 step 202550 avg_loss=0.003
[3578.1s] epoch 205 step 202600 avg_loss=0.008
[3579.1s] epoch 205 step 202650 avg_loss=0.007
[3580.0s] epoch 205 step 202700 avg_loss=0.008
[3581.0s] epoch 205 step 202750 avg_loss=0.008
[3581.8s] epoch 205 step 202800 avg_loss=0.007
[3582.7s] epoch 205 step 202850 avg_loss=0.008
[3583.7s] epoch 205 step 202900 avg_loss=0.008
[3584.6s] epoch 205 step 202950 avg_loss=0.007
[3585.7s] epoch 205 step 203000 avg_loss=0.008
[3586.7s] epoch 205 step 203050 avg_loss=0.008
[3587.6s] epoch 205 step 203100 avg_loss=0.008
[3588.5s] epoch 205 step 203150 avg_loss=0.008
[3589.5s] epoch 205 step 203200 avg_loss=0.008
[3590.5s] epoch 205 step 203250 avg_loss=0.008
[3591.5s] epoch 205 step 203300 avg_loss=0.008
[3592.4s] epoch 205 step 203350 avg_loss=0.008
[3593.4s] epoch 205 step 203400 avg_loss=0.008
[3594.4s] epoch 205 step 203450 avg_loss=0.008
[3595.2s] epoch 205 step 203500 avg_loss=0.007
[3595.7s] === epoch 205 done: avg_loss=0.007 (n=988 derivations) ===
[3596.1s] epoch 206 step 203550 avg_loss=0.009
[3597.2s] epoch 206 step 203600 avg_loss=0.007
[3598.1s] epoch 206 step 203650 avg_loss=0.006
[3599.0s] epoch 206 step 203700 avg_loss=0.006
[3599.9s] epoch 206 step 203750 avg_loss=0.006
[3600.9s] epoch 206 step 203800 avg_loss=0.006
[3602.0s] epoch 206 step 203850 avg_loss=0.007
[3603.0s] epoch 206 step 203900 avg_loss=0.007
[3604.0s] epoch 206 step 203950 avg_loss=0.007
[3604.9s] epoch 206 step 204000 avg_loss=0.008
[3605.7s] epoch 206 step 204050 avg_loss=0.007
[3606.8s] epoch 206 step 204100 avg_loss=0.007
[3607.8s] epoch 206 step 204150 avg_loss=0.007
[3608.8s] epoch 206 step 204200 avg_loss=0.007
[3609.7s] epoch 206 step 204250 avg_loss=0.007
[3610.6s] epoch 206 step 204300 avg_loss=0.007
[3611.5s] epoch 206 step 204350 avg_loss=0.007
[3612.5s] epoch 206 step 204400 avg_loss=0.007
[3613.5s] epoch 206 step 204450 avg_loss=0.007
[3614.3s] epoch 206 step 204500 avg_loss=0.007
[3614.7s] === epoch 206 done: avg_loss=0.007 (n=988 derivations) ===
[3615.3s] epoch 207 step 204550 avg_loss=0.004
[3616.4s] epoch 207 step 204600 avg_loss=0.006
[3617.2s] epoch 207 step 204650 avg_loss=0.005
[3617.9s] epoch 207 step 204700 avg_loss=0.005
[3618.8s] epoch 207 step 204750 avg_loss=0.005
[3619.7s] epoch 207 step 204800 avg_loss=0.005
[3620.6s] epoch 207 step 204850 avg_loss=0.005
[3621.3s] epoch 207 step 204900 avg_loss=0.005
[3622.1s] epoch 207 step 204950 avg_loss=0.005
[3623.1s] epoch 207 step 205000 avg_loss=0.006
[3623.9s] epoch 207 step 205050 avg_loss=0.006
[3624.6s] epoch 207 step 205100 avg_loss=0.006
[3625.3s] epoch 207 step 205150 avg_loss=0.007
[3626.1s] epoch 207 step 205200 avg_loss=0.007
[3626.9s] epoch 207 step 205250 avg_loss=0.007
[3627.8s] epoch 207 step 205300 avg_loss=0.007
[3628.9s] epoch 207 step 205350 avg_loss=0.007
[3630.0s] epoch 207 step 205400 avg_loss=0.007
[3630.8s] epoch 207 step 205450 avg_loss=0.007
[3631.7s] epoch 207 step 205500 avg_loss=0.007
[3631.8s] === epoch 207 done: avg_loss=0.007 (n=988 derivations) ===
[3632.7s] epoch 208 step 205550 avg_loss=0.006
[3633.7s] epoch 208 step 205600 avg_loss=0.007
[3634.6s] epoch 208 step 205650 avg_loss=0.006
[3635.4s] epoch 208 step 205700 avg_loss=0.006
[3636.4s] epoch 208 step 205750 avg_loss=0.006
[3637.3s] epoch 208 step 205800 avg_loss=0.007
[3638.2s] epoch 208 step 205850 avg_loss=0.006
[3639.2s] epoch 208 step 205900 avg_loss=0.006
[3640.2s] epoch 208 step 205950 avg_loss=0.006
[3641.3s] epoch 208 step 206000 avg_loss=0.006
[3642.3s] epoch 208 step 206050 avg_loss=0.006
[3643.1s] epoch 208 step 206100 avg_loss=0.006
[3644.2s] epoch 208 step 206150 avg_loss=0.007
[3645.2s] epoch 208 step 206200 avg_loss=0.007
[3646.4s] epoch 208 step 206250 avg_loss=0.007
[3647.4s] epoch 208 step 206300 avg_loss=0.007
[3648.5s] epoch 208 step 206350 avg_loss=0.007
[3649.4s] epoch 208 step 206400 avg_loss=0.007
[3650.1s] epoch 208 step 206450 avg_loss=0.007
[3650.7s] === epoch 208 done: avg_loss=0.007 (n=988 derivations) ===
[3650.8s] epoch 209 step 206500 avg_loss=0.004
[3651.6s] epoch 209 step 206550 avg_loss=0.008
[3652.3s] epoch 209 step 206600 avg_loss=0.007
[3653.0s] epoch 209 step 206650 avg_loss=0.006
[3653.7s] epoch 209 step 206700 avg_loss=0.007
[3654.4s] epoch 209 step 206750 avg_loss=0.007
[3655.1s] epoch 209 step 206800 avg_loss=0.007
[3655.8s] epoch 209 step 206850 avg_loss=0.006
[3656.5s] epoch 209 step 206900 avg_loss=0.007
[3657.3s] epoch 209 step 206950 avg_loss=0.007
[3658.0s] epoch 209 step 207000 avg_loss=0.007
[3658.8s] epoch 209 step 207050 avg_loss=0.007
[3659.5s] epoch 209 step 207100 avg_loss=0.006
[3660.3s] epoch 209 step 207150 avg_loss=0.006
[3661.3s] eval step=6500 train_avg_loss=0.006 dev_rank1_f1=0.4162 dev_edge_p=0.4124 dev_edge_r=0.4201
[3661.8s] epoch 209 step 207200 avg_loss=0.006
[3662.5s] epoch 209 step 207250 avg_loss=0.006
[3663.4s] epoch 209 step 207300 avg_loss=0.006
[3664.3s] epoch 209 step 207350 avg_loss=0.007
[3664.9s] epoch 209 step 207400 avg_loss=0.007
[3665.6s] epoch 209 step 207450 avg_loss=0.007
[3666.2s] === epoch 209 done: avg_loss=0.007 (n=988 derivations) ===
[3666.5s] epoch 210 step 207500 avg_loss=0.005
[3667.2s] epoch 210 step 207550 avg_loss=0.006
[3668.0s] epoch 210 step 207600 avg_loss=0.006
[3668.8s] epoch 210 step 207650 avg_loss=0.006
[3669.7s] epoch 210 step 207700 avg_loss=0.007
[3670.4s] epoch 210 step 207750 avg_loss=0.007
[3671.1s] epoch 210 step 207800 avg_loss=0.007
[3671.9s] epoch 210 step 207850 avg_loss=0.007
[3672.6s] epoch 210 step 207900 avg_loss=0.007
[3673.3s] epoch 210 step 207950 avg_loss=0.008
[3673.9s] epoch 210 step 208000 avg_loss=0.007
[3674.8s] epoch 210 step 208050 avg_loss=0.007
[3675.4s] epoch 210 step 208100 avg_loss=0.007
[3676.1s] epoch 210 step 208150 avg_loss=0.007
[3676.8s] epoch 210 step 208200 avg_loss=0.007
[3677.6s] epoch 210 step 208250 avg_loss=0.007
[3678.5s] epoch 210 step 208300 avg_loss=0.007
[3679.4s] epoch 210 step 208350 avg_loss=0.007
[3680.1s] epoch 210 step 208400 avg_loss=0.007
[3680.9s] epoch 210 step 208450 avg_loss=0.007
[3681.2s] === epoch 210 done: avg_loss=0.007 (n=988 derivations) ===
[3682.0s] epoch 211 step 208500 avg_loss=0.009
[3682.8s] epoch 211 step 208550 avg_loss=0.006
[3683.7s] epoch 211 step 208600 avg_loss=0.007
[3684.5s] epoch 211 step 208650 avg_loss=0.007
[3685.2s] epoch 211 step 208700 avg_loss=0.007
[3685.9s] epoch 211 step 208750 avg_loss=0.007
[3686.6s] epoch 211 step 208800 avg_loss=0.007
[3687.3s] epoch 211 step 208850 avg_loss=0.007
[3688.0s] epoch 211 step 208900 avg_loss=0.007
[3688.8s] epoch 211 step 208950 avg_loss=0.007
[3689.5s] epoch 211 step 209000 avg_loss=0.007
[3690.3s] epoch 211 step 209050 avg_loss=0.007
[3691.1s] epoch 211 step 209100 avg_loss=0.007
[3692.0s] epoch 211 step 209150 avg_loss=0.007
[3692.8s] epoch 211 step 209200 avg_loss=0.007
[3693.5s] epoch 211 step 209250 avg_loss=0.007
[3694.2s] epoch 211 step 209300 avg_loss=0.006
[3695.0s] epoch 211 step 209350 avg_loss=0.007
[3695.7s] epoch 211 step 209400 avg_loss=0.007
[3696.5s] epoch 211 step 209450 avg_loss=0.007
[3696.6s] === epoch 211 done: avg_loss=0.007 (n=988 derivations) ===
[3697.2s] epoch 212 step 209500 avg_loss=0.010
[3698.1s] epoch 212 step 209550 avg_loss=0.010
[3698.8s] epoch 212 step 209600 avg_loss=0.009
[3699.7s] epoch 212 step 209650 avg_loss=0.009
[3700.5s] epoch 212 step 209700 avg_loss=0.009
[3701.4s] epoch 212 step 209750 avg_loss=0.009
[3702.2s] epoch 212 step 209800 avg_loss=0.008
[3703.2s] epoch 212 step 209850 avg_loss=0.008
[3704.0s] epoch 212 step 209900 avg_loss=0.007
[3704.9s] epoch 212 step 209950 avg_loss=0.008
[3705.8s] epoch 212 step 210000 avg_loss=0.007
[3706.8s] epoch 212 step 210050 avg_loss=0.007
[3707.7s] epoch 212 step 210100 avg_loss=0.007
[3708.6s] epoch 212 step 210150 avg_loss=0.007
[3709.3s] epoch 212 step 210200 avg_loss=0.007
[3710.0s] epoch 212 step 210250 avg_loss=0.007
[3710.9s] epoch 212 step 210300 avg_loss=0.007
[3711.6s] epoch 212 step 210350 avg_loss=0.007
[3712.4s] epoch 212 step 210400 avg_loss=0.007
[3713.1s] === epoch 212 done: avg_loss=0.006 (n=988 derivations) ===
[3713.2s] epoch 213 step 210450 avg_loss=0.022
[3714.1s] epoch 213 step 210500 avg_loss=0.008
[3714.9s] epoch 213 step 210550 avg_loss=0.007
[3715.9s] epoch 213 step 210600 avg_loss=0.008
[3716.8s] epoch 213 step 210650 avg_loss=0.007
[3717.5s] epoch 213 step 210700 avg_loss=0.006
[3718.4s] epoch 213 step 210750 avg_loss=0.007
[3719.1s] epoch 213 step 210800 avg_loss=0.006
[3719.9s] epoch 213 step 210850 avg_loss=0.006
[3720.7s] epoch 213 step 210900 avg_loss=0.007
[3721.5s] epoch 213 step 210950 avg_loss=0.007
[3722.2s] epoch 213 step 211000 avg_loss=0.007
[3722.9s] epoch 213 step 211050 avg_loss=0.007
[3723.6s] epoch 213 step 211100 avg_loss=0.007
[3724.4s] epoch 213 step 211150 avg_loss=0.007
[3725.1s] epoch 213 step 211200 avg_loss=0.007
[3725.8s] epoch 213 step 211250 avg_loss=0.007
[3726.5s] epoch 213 step 211300 avg_loss=0.006
[3727.2s] epoch 213 step 211350 avg_loss=0.007
[3728.0s] epoch 213 step 211400 avg_loss=0.006
[3728.6s] === epoch 213 done: avg_loss=0.006 (n=988 derivations) ===
[3729.0s] epoch 214 step 211450 avg_loss=0.006
[3729.9s] epoch 214 step 211500 avg_loss=0.004
[3730.8s] epoch 214 step 211550 avg_loss=0.004
[3731.5s] epoch 214 step 211600 avg_loss=0.004
[3732.3s] epoch 214 step 211650 avg_loss=0.006
[3733.1s] epoch 214 step 211700 avg_loss=0.006
[3733.9s] epoch 214 step 211750 avg_loss=0.006
[3734.7s] epoch 214 step 211800 avg_loss=0.006
[3735.7s] epoch 214 step 211850 avg_loss=0.006
[3736.3s] epoch 214 step 211900 avg_loss=0.006
[3737.2s] epoch 214 step 211950 avg_loss=0.006
[3737.9s] epoch 214 step 212000 avg_loss=0.006
[3738.8s] epoch 214 step 212050 avg_loss=0.006
[3739.5s] epoch 214 step 212100 avg_loss=0.006
[3740.1s] epoch 214 step 212150 avg_loss=0.006
[3740.9s] epoch 214 step 212200 avg_loss=0.006
[3741.7s] epoch 214 step 212250 avg_loss=0.006
[3742.4s] epoch 214 step 212300 avg_loss=0.006
[3743.1s] epoch 214 step 212350 avg_loss=0.006
[3743.8s] epoch 214 step 212400 avg_loss=0.006
[3744.1s] === epoch 214 done: avg_loss=0.006 (n=988 derivations) ===
[3744.6s] epoch 215 step 212450 avg_loss=0.008
[3745.7s] epoch 215 step 212500 avg_loss=0.007
[3746.8s] epoch 215 step 212550 avg_loss=0.006
[3747.7s] epoch 215 step 212600 avg_loss=0.007
[3748.8s] epoch 215 step 212650 avg_loss=0.007
[3749.8s] epoch 215 step 212700 avg_loss=0.007
[3750.6s] epoch 215 step 212750 avg_loss=0.006
[3751.6s] epoch 215 step 212800 avg_loss=0.006
[3752.5s] epoch 215 step 212850 avg_loss=0.006
[3753.6s] epoch 215 step 212900 avg_loss=0.006
[3754.7s] epoch 215 step 212950 avg_loss=0.006
[3755.8s] epoch 215 step 213000 avg_loss=0.006
[3756.9s] epoch 215 step 213050 avg_loss=0.007
[3757.9s] epoch 215 step 213100 avg_loss=0.006
[3758.5s] epoch 215 step 213150 avg_loss=0.006
[3759.1s] epoch 215 step 213200 avg_loss=0.006
[3760.3s] epoch 215 step 213250 avg_loss=0.007
[3761.2s] epoch 215 step 213300 avg_loss=0.006
[3762.2s] epoch 215 step 213350 avg_loss=0.006
[3763.1s] epoch 215 step 213400 avg_loss=0.006
[3763.3s] === epoch 215 done: avg_loss=0.006 (n=988 derivations) ===
[3764.3s] epoch 216 step 213450 avg_loss=0.008
[3765.2s] epoch 216 step 213500 avg_loss=0.006
[3766.0s] epoch 216 step 213550 avg_loss=0.006
[3767.1s] epoch 216 step 213600 avg_loss=0.006
[3768.0s] epoch 216 step 213650 avg_loss=0.005
[3768.9s] epoch 216 step 213700 avg_loss=0.006
[3769.8s] epoch 216 step 213750 avg_loss=0.006
[3770.9s] epoch 216 step 213800 avg_loss=0.006
[3771.8s] epoch 216 step 213850 avg_loss=0.006
[3772.6s] epoch 216 step 213900 avg_loss=0.006
[3773.7s] epoch 216 step 213950 avg_loss=0.006
[3774.7s] epoch 216 step 214000 avg_loss=0.006
[3775.8s] epoch 216 step 214050 avg_loss=0.006
[3776.8s] epoch 216 step 214100 avg_loss=0.006
[3777.8s] epoch 216 step 214150 avg_loss=0.006
[3778.8s] epoch 216 step 214200 avg_loss=0.006
[3779.8s] epoch 216 step 214250 avg_loss=0.006
[3780.8s] epoch 216 step 214300 avg_loss=0.006
[3781.8s] epoch 216 step 214350 avg_loss=0.006
[3782.6s] === epoch 216 done: avg_loss=0.006 (n=988 derivations) ===
[3782.7s] epoch 217 step 214400 avg_loss=0.009
[3783.5s] epoch 217 step 214450 avg_loss=0.007
[3784.2s] epoch 217 step 214500 avg_loss=0.008
[3785.0s] epoch 217 step 214550 avg_loss=0.008
[3785.8s] epoch 217 step 214600 avg_loss=0.007
[3786.7s] epoch 217 step 214650 avg_loss=0.007
[3787.5s] epoch 217 step 214700 avg_loss=0.007
[3788.2s] epoch 217 step 214750 avg_loss=0.007
[3788.9s] epoch 217 step 214800 avg_loss=0.006
[3789.8s] epoch 217 step 214850 avg_loss=0.006
[3790.6s] epoch 217 step 214900 avg_loss=0.006
[3791.5s] epoch 217 step 214950 avg_loss=0.006
[3792.1s] epoch 217 step 215000 avg_loss=0.006
[3792.9s] epoch 217 step 215050 avg_loss=0.006
[3793.6s] epoch 217 step 215100 avg_loss=0.006
[3794.9s] eval step=6750 train_avg_loss=0.006 dev_rank1_f1=0.4213 dev_edge_p=0.4181 dev_edge_r=0.4245
[3795.2s] epoch 217 step 215150 avg_loss=0.006
[3796.0s] epoch 217 step 215200 avg_loss=0.006
[3796.8s] epoch 217 step 215250 avg_loss=0.006
[3797.6s] epoch 217 step 215300 avg_loss=0.006
[3798.3s] epoch 217 step 215350 avg_loss=0.006
[3798.8s] === epoch 217 done: avg_loss=0.006 (n=988 derivations) ===
[3799.1s] epoch 218 step 215400 avg_loss=0.010
[3800.0s] epoch 218 step 215450 avg_loss=0.006
[3800.7s] epoch 218 step 215500 avg_loss=0.006
[3801.5s] epoch 218 step 215550 avg_loss=0.005
[3802.5s] epoch 218 step 215600 avg_loss=0.006
[3803.3s] epoch 218 step 215650 avg_loss=0.006
[3804.4s] epoch 218 step 215700 avg_loss=0.005
[3805.2s] epoch 218 step 215750 avg_loss=0.005
[3806.3s] epoch 218 step 215800 avg_loss=0.006
[3807.2s] epoch 218 step 215850 avg_loss=0.006
[3808.2s] epoch 218 step 215900 avg_loss=0.006
[3809.1s] epoch 218 step 215950 avg_loss=0.006
[3810.1s] epoch 218 step 216000 avg_loss=0.006
[3811.2s] epoch 218 step 216050 avg_loss=0.006
[3812.4s] epoch 218 step 216100 avg_loss=0.006
[3813.2s] epoch 218 step 216150 avg_loss=0.006
[3814.0s] epoch 218 step 216200 avg_loss=0.006
[3815.0s] epoch 218 step 216250 avg_loss=0.006
[3816.0s] epoch 218 step 216300 avg_loss=0.006
[3816.9s] epoch 218 step 216350 avg_loss=0.006
[3817.5s] === epoch 218 done: avg_loss=0.006 (n=988 derivations) ===
[3818.1s] epoch 219 step 216400 avg_loss=0.004
[3819.0s] epoch 219 step 216450 avg_loss=0.004
[3820.2s] epoch 219 step 216500 avg_loss=0.006
[3821.2s] epoch 219 step 216550 avg_loss=0.006
[3822.2s] epoch 219 step 216600 avg_loss=0.006
[3823.0s] epoch 219 step 216650 avg_loss=0.006
[3824.0s] epoch 219 step 216700 avg_loss=0.005
[3825.1s] epoch 219 step 216750 avg_loss=0.005
[3826.0s] epoch 219 step 216800 avg_loss=0.005
[3827.1s] epoch 219 step 216850 avg_loss=0.005
[3828.3s] epoch 219 step 216900 avg_loss=0.006
[3829.0s] epoch 219 step 216950 avg_loss=0.005
[3829.9s] epoch 219 step 217000 avg_loss=0.005
[3831.0s] epoch 219 step 217050 avg_loss=0.005
[3831.9s] epoch 219 step 217100 avg_loss=0.006
[3832.8s] epoch 219 step 217150 avg_loss=0.006
[3833.6s] epoch 219 step 217200 avg_loss=0.006
[3834.4s] epoch 219 step 217250 avg_loss=0.006
[3835.3s] epoch 219 step 217300 avg_loss=0.006
[3836.2s] epoch 219 step 217350 avg_loss=0.006
[3836.4s] === epoch 219 done: avg_loss=0.006 (n=988 derivations) ===
[3837.2s] epoch 220 step 217400 avg_loss=0.006
[3838.3s] epoch 220 step 217450 avg_loss=0.005
[3839.4s] epoch 220 step 217500 avg_loss=0.005
[3840.4s] epoch 220 step 217550 avg_loss=0.006
[3841.4s] epoch 220 step 217600 avg_loss=0.006
[3842.4s] epoch 220 step 217650 avg_loss=0.006
[3843.1s] epoch 220 step 217700 avg_loss=0.006
[3843.8s] epoch 220 step 217750 avg_loss=0.006
[3844.6s] epoch 220 step 217800 avg_loss=0.006
[3845.5s] epoch 220 step 217850 avg_loss=0.007
[3846.5s] epoch 220 step 217900 avg_loss=0.007
[3847.3s] epoch 220 step 217950 avg_loss=0.007
[3848.1s] epoch 220 step 218000 avg_loss=0.006
[3848.9s] epoch 220 step 218050 avg_loss=0.006
[3849.5s] epoch 220 step 218100 avg_loss=0.006
[3850.2s] epoch 220 step 218150 avg_loss=0.006
[3851.0s] epoch 220 step 218200 avg_loss=0.006
[3851.8s] epoch 220 step 218250 avg_loss=0.006
[3852.6s] epoch 220 step 218300 avg_loss=0.006
[3853.4s] === epoch 220 done: avg_loss=0.006 (n=988 derivations) ===
[3853.4s] epoch 221 step 218350 avg_loss=0.006
[3854.2s] epoch 221 step 218400 avg_loss=0.007
[3854.9s] epoch 221 step 218450 avg_loss=0.006
[3855.7s] epoch 221 step 218500 avg_loss=0.008
[3856.5s] epoch 221 step 218550 avg_loss=0.007
[3857.3s] epoch 221 step 218600 avg_loss=0.006
[3858.0s] epoch 221 step 218650 avg_loss=0.006
[3858.8s] epoch 221 step 218700 avg_loss=0.006
[3859.7s] epoch 221 step 218750 avg_loss=0.005
[3860.7s] epoch 221 step 218800 avg_loss=0.005
[3861.7s] epoch 221 step 218850 avg_loss=0.005
[3862.5s] epoch 221 step 218900 avg_loss=0.006
[3863.3s] epoch 221 step 218950 avg_loss=0.005
[3864.1s] epoch 221 step 219000 avg_loss=0.006
[3864.8s] epoch 221 step 219050 avg_loss=0.005
[3865.6s] epoch 221 step 219100 avg_loss=0.005
[3866.3s] epoch 221 step 219150 avg_loss=0.005
[3866.9s] epoch 221 step 219200 avg_loss=0.005
[3867.6s] epoch 221 step 219250 avg_loss=0.005
[3868.4s] epoch 221 step 219300 avg_loss=0.005
[3869.0s] === epoch 221 done: avg_loss=0.006 (n=988 derivations) ===
[3869.1s] epoch 222 step 219350 avg_loss=0.005
[3870.0s] epoch 222 step 219400 avg_loss=0.004
[3871.0s] epoch 222 step 219450 avg_loss=0.006
[3871.8s] epoch 222 step 219500 avg_loss=0.005
[3872.6s] epoch 222 step 219550 avg_loss=0.005
[3873.4s] epoch 222 step 219600 avg_loss=0.005
[3874.2s] epoch 222 step 219650 avg_loss=0.005
[3874.9s] epoch 222 step 219700 avg_loss=0.005
[3875.7s] epoch 222 step 219750 avg_loss=0.005
[3876.5s] epoch 222 step 219800 avg_loss=0.005
[3877.3s] epoch 222 step 219850 avg_loss=0.005
[3878.0s] epoch 222 step 219900 avg_loss=0.006
[3878.8s] epoch 222 step 219950 avg_loss=0.006
[3879.5s] epoch 222 step 220000 avg_loss=0.006
[3880.3s] epoch 222 step 220050 avg_loss=0.006
[3881.0s] epoch 222 step 220100 avg_loss=0.006
[3881.8s] epoch 222 step 220150 avg_loss=0.006
[3882.7s] epoch 222 step 220200 avg_loss=0.006
[3883.4s] epoch 222 step 220250 avg_loss=0.006
[3884.1s] epoch 222 step 220300 avg_loss=0.005
[3884.4s] === epoch 222 done: avg_loss=0.005 (n=988 derivations) ===
[3884.8s] epoch 223 step 220350 avg_loss=0.005
[3885.6s] epoch 223 step 220400 avg_loss=0.004
[3886.3s] epoch 223 step 220450 avg_loss=0.005
[3887.0s] epoch 223 step 220500 avg_loss=0.004
[3887.5s] epoch 223 step 220550 avg_loss=0.004
[3888.5s] epoch 223 step 220600 avg_loss=0.005
[3889.5s] epoch 223 step 220650 avg_loss=0.005
[3890.4s] epoch 223 step 220700 avg_loss=0.005
[3891.4s] epoch 223 step 220750 avg_loss=0.005
[3892.5s] epoch 223 step 220800 avg_loss=0.005
[3893.5s] epoch 223 step 220850 avg_loss=0.005
[3894.4s] epoch 223 step 220900 avg_loss=0.005
[3895.4s] epoch 223 step 220950 avg_loss=0.005
[3896.3s] epoch 223 step 221000 avg_loss=0.005
[3897.3s] epoch 223 step 221050 avg_loss=0.005
[3898.3s] epoch 223 step 221100 avg_loss=0.005
[3899.2s] epoch 223 step 221150 avg_loss=0.005
[3900.1s] epoch 223 step 221200 avg_loss=0.005
[3901.2s] epoch 223 step 221250 avg_loss=0.005
[3902.1s] epoch 223 step 221300 avg_loss=0.005
[3902.4s] === epoch 223 done: avg_loss=0.005 (n=988 derivations) ===
[3903.1s] epoch 224 step 221350 avg_loss=0.004
[3904.2s] epoch 224 step 221400 avg_loss=0.006
[3905.3s] epoch 224 step 221450 avg_loss=0.006
[3906.3s] epoch 224 step 221500 avg_loss=0.005
[3907.5s] epoch 224 step 221550 avg_loss=0.005
[3908.3s] epoch 224 step 221600 avg_loss=0.005
[3909.3s] epoch 224 step 221650 avg_loss=0.005
[3910.5s] epoch 224 step 221700 avg_loss=0.006
[3911.4s] epoch 224 step 221750 avg_loss=0.006
[3912.5s] epoch 224 step 221800 avg_loss=0.006
[3913.2s] epoch 224 step 221850 avg_loss=0.006
[3914.2s] epoch 224 step 221900 avg_loss=0.006
[3915.2s] epoch 224 step 221950 avg_loss=0.006
[3916.1s] epoch 224 step 222000 avg_loss=0.005
[3916.8s] epoch 224 step 222050 avg_loss=0.005
[3917.5s] epoch 224 step 222100 avg_loss=0.005
[3918.3s] epoch 224 step 222150 avg_loss=0.005
[3919.1s] epoch 224 step 222200 avg_loss=0.005
[3919.8s] epoch 224 step 222250 avg_loss=0.005
[3920.5s] epoch 224 step 222300 avg_loss=0.005
[3920.5s] === epoch 224 done: avg_loss=0.005 (n=988 derivations) ===
[3921.1s] epoch 225 step 222350 avg_loss=0.004
[3921.7s] epoch 225 step 222400 avg_loss=0.005
[3922.6s] epoch 225 step 222450 avg_loss=0.005
[3923.2s] epoch 225 step 222500 avg_loss=0.005
[3924.0s] epoch 225 step 222550 avg_loss=0.006
[3924.7s] epoch 225 step 222600 avg_loss=0.005
[3925.3s] epoch 225 step 222650 avg_loss=0.005
[3926.1s] epoch 225 step 222700 avg_loss=0.005
[3927.1s] epoch 225 step 222750 avg_loss=0.005
[3928.0s] epoch 225 step 222800 avg_loss=0.005
[3929.1s] epoch 225 step 222850 avg_loss=0.005
[3930.0s] epoch 225 step 222900 avg_loss=0.005
[3930.8s] epoch 225 step 222950 avg_loss=0.005
[3932.0s] epoch 225 step 223000 avg_loss=0.005
[3933.1s] epoch 225 step 223050 avg_loss=0.005
[3935.4s] eval step=7000 train_avg_loss=0.005 dev_rank1_f1=0.4120 dev_edge_p=0.4099 dev_edge_r=0.4141
[3935.4s] epoch 225 step 223100 avg_loss=0.005
[3936.6s] epoch 225 step 223150 avg_loss=0.005
[3937.9s] epoch 225 step 223200 avg_loss=0.005
[3938.7s] epoch 225 step 223250 avg_loss=0.005
[3939.5s] === epoch 225 done: avg_loss=0.005 (n=988 derivations) ===
[3939.7s] epoch 226 step 223300 avg_loss=0.002
[3940.7s] epoch 226 step 223350 avg_loss=0.004
[3941.4s] epoch 226 step 223400 avg_loss=0.005
[3942.1s] epoch 226 step 223450 avg_loss=0.004
[3942.8s] epoch 226 step 223500 avg_loss=0.004
[3943.5s] epoch 226 step 223550 avg_loss=0.004
[3944.2s] epoch 226 step 223600 avg_loss=0.004
[3944.9s] epoch 226 step 223650 avg_loss=0.005
[3945.6s] epoch 226 step 223700 avg_loss=0.004
[3946.5s] epoch 226 step 223750 avg_loss=0.005
[3947.1s] epoch 226 step 223800 avg_loss=0.005
[3947.9s] epoch 226 step 223850 avg_loss=0.005
[3948.7s] epoch 226 step 223900 avg_loss=0.005
[3949.5s] epoch 226 step 223950 avg_loss=0.005
[3950.3s] epoch 226 step 224000 avg_loss=0.005
[3951.0s] epoch 226 step 224050 avg_loss=0.005
[3952.0s] epoch 226 step 224100 avg_loss=0.005
[3952.9s] epoch 226 step 224150 avg_loss=0.005
[3953.7s] epoch 226 step 224200 avg_loss=0.005
[3954.6s] epoch 226 step 224250 avg_loss=0.005
[3955.0s] === epoch 226 done: avg_loss=0.005 (n=988 derivations) ===
[3955.4s] epoch 227 step 224300 avg_loss=0.004
[3956.1s] epoch 227 step 224350 avg_loss=0.004
[3957.1s] epoch 227 step 224400 avg_loss=0.004
[3957.9s] epoch 227 step 224450 avg_loss=0.004
[3958.8s] epoch 227 step 224500 avg_loss=0.004
[3959.6s] epoch 227 step 224550 avg_loss=0.004
[3960.5s] epoch 227 step 224600 avg_loss=0.004
[3961.3s] epoch 227 step 224650 avg_loss=0.004
[3962.5s] epoch 227 step 224700 avg_loss=0.004
[3963.4s] epoch 227 step 224750 avg_loss=0.005
[3964.3s] epoch 227 step 224800 avg_loss=0.005
[3965.0s] epoch 227 step 224850 avg_loss=0.005
[3966.1s] epoch 227 step 224900 avg_loss=0.005
[3967.1s] epoch 227 step 224950 avg_loss=0.005
[3968.1s] epoch 227 step 225000 avg_loss=0.005
[3969.1s] epoch 227 step 225050 avg_loss=0.005
[3970.0s] epoch 227 step 225100 avg_loss=0.005
[3970.9s] epoch 227 step 225150 avg_loss=0.005
[3971.9s] epoch 227 step 225200 avg_loss=0.005
[3972.9s] epoch 227 step 225250 avg_loss=0.005
[3973.2s] === epoch 227 done: avg_loss=0.005 (n=988 derivations) ===
[3973.8s] epoch 228 step 225300 avg_loss=0.003
[3974.9s] epoch 228 step 225350 avg_loss=0.003
[3976.0s] epoch 228 step 225400 avg_loss=0.004
[3977.0s] epoch 228 step 225450 avg_loss=0.004
[3977.7s] epoch 228 step 225500 avg_loss=0.004
[3978.5s] epoch 228 step 225550 avg_loss=0.004
[3979.3s] epoch 228 step 225600 avg_loss=0.004
[3980.2s] epoch 228 step 225650 avg_loss=0.004
[3981.4s] epoch 228 step 225700 avg_loss=0.004
[3982.3s] epoch 228 step 225750 avg_loss=0.004
[3983.2s] epoch 228 step 225800 avg_loss=0.004
[3984.3s] epoch 228 step 225850 avg_loss=0.004
[3985.0s] epoch 228 step 225900 avg_loss=0.004
[3985.8s] epoch 228 step 225950 avg_loss=0.004
[3987.0s] epoch 228 step 226000 avg_loss=0.005
[3988.0s] epoch 228 step 226050 avg_loss=0.005
[3989.2s] epoch 228 step 226100 avg_loss=0.005
[3990.2s] epoch 228 step 226150 avg_loss=0.005
[3991.2s] epoch 228 step 226200 avg_loss=0.005
[3991.9s] epoch 228 step 226250 avg_loss=0.005
[3991.9s] === epoch 228 done: avg_loss=0.005 (n=988 derivations) ===
[3992.7s] epoch 229 step 226300 avg_loss=0.005
[3993.5s] epoch 229 step 226350 avg_loss=0.004
[3994.7s] epoch 229 step 226400 avg_loss=0.005
[3995.7s] epoch 229 step 226450 avg_loss=0.005
[3996.8s] epoch 229 step 226500 avg_loss=0.005
[3997.9s] epoch 229 step 226550 avg_loss=0.005
[3998.8s] epoch 229 step 226600 avg_loss=0.005
[3999.6s] epoch 229 step 226650 avg_loss=0.005
[4000.6s] epoch 229 step 226700 avg_loss=0.005
[4001.5s] epoch 229 step 226750 avg_loss=0.005
[4002.3s] epoch 229 step 226800 avg_loss=0.004
[4003.0s] epoch 229 step 226850 avg_loss=0.004
[4003.8s] epoch 229 step 226900 avg_loss=0.005
[4004.4s] epoch 229 step 226950 avg_loss=0.004
[4005.2s] epoch 229 step 227000 avg_loss=0.005
[4006.0s] epoch 229 step 227050 avg_loss=0.005
[4007.0s] epoch 229 step 227100 avg_loss=0.005
[4008.1s] epoch 229 step 227150 avg_loss=0.005
[4009.0s] epoch 229 step 227200 avg_loss=0.005
[4009.7s] === epoch 229 done: avg_loss=0.005 (n=988 derivations) ===
[4009.9s] epoch 230 step 227250 avg_loss=0.006
[4010.8s] epoch 230 step 227300 avg_loss=0.004
[4011.8s] epoch 230 step 227350 avg_loss=0.005
[4012.8s] epoch 230 step 227400 avg_loss=0.004
[4013.9s] epoch 230 step 227450 avg_loss=0.004
[4014.8s] epoch 230 step 227500 avg_loss=0.004
[4015.6s] epoch 230 step 227550 avg_loss=0.004
[4016.7s] epoch 230 step 227600 avg_loss=0.004
[4017.8s] epoch 230 step 227650 avg_loss=0.005
[4018.8s] epoch 230 step 227700 avg_loss=0.005
[4019.8s] epoch 230 step 227750 avg_loss=0.005
[4021.1s] epoch 230 step 227800 avg_loss=0.005
[4022.1s] epoch 230 step 227850 avg_loss=0.005
[4022.8s] epoch 230 step 227900 avg_loss=0.005
[4023.7s] epoch 230 step 227950 avg_loss=0.005
[4024.8s] epoch 230 step 228000 avg_loss=0.005
[4025.9s] epoch 230 step 228050 avg_loss=0.005
[4026.7s] epoch 230 step 228100 avg_loss=0.005
[4027.8s] epoch 230 step 228150 avg_loss=0.005
[4028.7s] epoch 230 step 228200 avg_loss=0.005
[4029.2s] === epoch 230 done: avg_loss=0.005 (n=988 derivations) ===
[4029.7s] epoch 231 step 228250 avg_loss=0.011
[4030.6s] epoch 231 step 228300 avg_loss=0.006
[4031.6s] epoch 231 step 228350 avg_loss=0.007
[4032.6s] epoch 231 step 228400 avg_loss=0.007
[4033.3s] epoch 231 step 228450 avg_loss=0.007
[4034.0s] epoch 231 step 228500 avg_loss=0.006
[4034.7s] epoch 231 step 228550 avg_loss=0.006
[4035.5s] epoch 231 step 228600 avg_loss=0.006
[4036.2s] epoch 231 step 228650 avg_loss=0.006
[4036.9s] epoch 231 step 228700 avg_loss=0.006
[4037.7s] epoch 231 step 228750 avg_loss=0.006
[4038.3s] epoch 231 step 228800 avg_loss=0.005
[4039.0s] epoch 231 step 228850 avg_loss=0.005
[4039.7s] epoch 231 step 228900 avg_loss=0.005
[4040.4s] epoch 231 step 228950 avg_loss=0.005
[4041.1s] epoch 231 step 229000 avg_loss=0.005
[4041.8s] epoch 231 step 229050 avg_loss=0.005
[4042.5s] epoch 231 step 229100 avg_loss=0.005
[4043.4s] epoch 231 step 229150 avg_loss=0.005
[4044.1s] epoch 231 step 229200 avg_loss=0.005
[4044.4s] === epoch 231 done: avg_loss=0.005 (n=988 derivations) ===
[4044.8s] epoch 232 step 229250 avg_loss=0.003
[4045.5s] epoch 232 step 229300 avg_loss=0.004
[4046.4s] epoch 232 step 229350 avg_loss=0.003
[4047.4s] epoch 232 step 229400 avg_loss=0.003
[4048.2s] epoch 232 step 229450 avg_loss=0.003
[4049.1s] epoch 232 step 229500 avg_loss=0.004
[4049.9s] epoch 232 step 229550 avg_loss=0.004
[4050.8s] epoch 232 step 229600 avg_loss=0.004
[4051.4s] epoch 232 step 229650 avg_loss=0.004
[4052.3s] epoch 232 step 229700 avg_loss=0.004
[4053.0s] epoch 232 step 229750 avg_loss=0.004
[4053.8s] epoch 232 step 229800 avg_loss=0.004
[4054.6s] epoch 232 step 229850 avg_loss=0.004
[4055.5s] epoch 232 step 229900 avg_loss=0.005
[4056.5s] epoch 232 step 229950 avg_loss=0.004
[4057.5s] epoch 232 step 230000 avg_loss=0.005
[4058.4s] epoch 232 step 230050 avg_loss=0.004
[4059.2s] epoch 232 step 230100 avg_loss=0.004
[4060.2s] epoch 232 step 230150 avg_loss=0.005
[4061.2s] epoch 232 step 230200 avg_loss=0.005
[4061.3s] === epoch 232 done: avg_loss=0.005 (n=988 derivations) ===
[4062.3s] epoch 233 step 230250 avg_loss=0.008
[4063.2s] epoch 233 step 230300 avg_loss=0.005
[4064.1s] epoch 233 step 230350 avg_loss=0.005
[4065.0s] epoch 233 step 230400 avg_loss=0.004
[4065.9s] epoch 233 step 230450 avg_loss=0.004
[4066.8s] epoch 233 step 230500 avg_loss=0.004
[4067.7s] epoch 233 step 230550 avg_loss=0.004
[4068.5s] epoch 233 step 230600 avg_loss=0.004
[4069.5s] epoch 233 step 230650 avg_loss=0.004
[4070.4s] epoch 233 step 230700 avg_loss=0.004
[4071.4s] epoch 233 step 230750 avg_loss=0.004
[4072.4s] epoch 233 step 230800 avg_loss=0.004
[4073.2s] epoch 233 step 230850 avg_loss=0.004
[4074.4s] epoch 233 step 230900 avg_loss=0.004
[4075.2s] epoch 233 step 230950 avg_loss=0.004
[4076.4s] epoch 233 step 231000 avg_loss=0.004
[4077.2s] epoch 233 step 231050 avg_loss=0.004
[4078.7s] eval step=7250 train_avg_loss=0.004 dev_rank1_f1=0.4179 dev_edge_p=0.4165 dev_edge_r=0.4193
[4079.4s] epoch 233 step 231100 avg_loss=0.004
[4080.3s] epoch 233 step 231150 avg_loss=0.004
[4081.4s] === epoch 233 done: avg_loss=0.005 (n=988 derivations) ===
[4081.6s] epoch 234 step 231200 avg_loss=0.003
[4082.5s] epoch 234 step 231250 avg_loss=0.004
[4083.3s] epoch 234 step 231300 avg_loss=0.004
[4084.4s] epoch 234 step 231350 avg_loss=0.005
[4085.3s] epoch 234 step 231400 avg_loss=0.004
[4086.4s] epoch 234 step 231450 avg_loss=0.004
[4087.3s] epoch 234 step 231500 avg_loss=0.004
[4088.3s] epoch 234 step 231550 avg_loss=0.004
[4089.2s] epoch 234 step 231600 avg_loss=0.004
[4090.0s] epoch 234 step 231650 avg_loss=0.004
[4090.8s] epoch 234 step 231700 avg_loss=0.004
[4091.5s] epoch 234 step 231750 avg_loss=0.004
[4092.7s] epoch 234 step 231800 avg_loss=0.004
[4093.6s] epoch 234 step 231850 avg_loss=0.004
[4094.5s] epoch 234 step 231900 avg_loss=0.004
[4095.3s] epoch 234 step 231950 avg_loss=0.004
[4096.1s] epoch 234 step 232000 avg_loss=0.004
[4096.8s] epoch 234 step 232050 avg_loss=0.004
[4097.7s] epoch 234 step 232100 avg_loss=0.004
[4098.4s] epoch 234 step 232150 avg_loss=0.004
[4098.9s] === epoch 234 done: avg_loss=0.004 (n=988 derivations) ===
[4099.1s] epoch 235 step 232200 avg_loss=0.001
[4099.8s] epoch 235 step 232250 avg_loss=0.003
[4100.6s] epoch 235 step 232300 avg_loss=0.003
[4101.4s] epoch 235 step 232350 avg_loss=0.004
[4102.1s] epoch 235 step 232400 avg_loss=0.004
[4103.1s] epoch 235 step 232450 avg_loss=0.004
[4104.0s] epoch 235 step 232500 avg_loss=0.004
[4105.1s] epoch 235 step 232550 avg_loss=0.004
[4106.2s] epoch 235 step 232600 avg_loss=0.005
[4107.6s] epoch 235 step 232650 avg_loss=0.005
[4108.7s] epoch 235 step 232700 avg_loss=0.004
[4109.8s] epoch 235 step 232750 avg_loss=0.004
[4110.8s] epoch 235 step 232800 avg_loss=0.004
[4111.8s] epoch 235 step 232850 avg_loss=0.004
[4112.7s] epoch 235 step 232900 avg_loss=0.004
[4113.5s] epoch 235 step 232950 avg_loss=0.005
[4114.3s] epoch 235 step 233000 avg_loss=0.004
[4115.1s] epoch 235 step 233050 avg_loss=0.005
[4116.0s] epoch 235 step 233100 avg_loss=0.004
[4116.7s] epoch 235 step 233150 avg_loss=0.004
[4117.0s] === epoch 235 done: avg_loss=0.004 (n=988 derivations) ===
[4117.4s] epoch 236 step 233200 avg_loss=0.003
[4118.3s] epoch 236 step 233250 avg_loss=0.004
[4119.1s] epoch 236 step 233300 avg_loss=0.004
[4119.9s] epoch 236 step 233350 avg_loss=0.004
[4120.7s] epoch 236 step 233400 avg_loss=0.004
[4121.4s] epoch 236 step 233450 avg_loss=0.004
[4122.1s] epoch 236 step 233500 avg_loss=0.004
[4122.8s] epoch 236 step 233550 avg_loss=0.004
[4123.6s] epoch 236 step 233600 avg_loss=0.004
[4124.3s] epoch 236 step 233650 avg_loss=0.004
[4125.0s] epoch 236 step 233700 avg_loss=0.004
[4125.8s] epoch 236 step 233750 avg_loss=0.004
[4126.7s] epoch 236 step 233800 avg_loss=0.004
[4127.4s] epoch 236 step 233850 avg_loss=0.004
[4128.3s] epoch 236 step 233900 avg_loss=0.004
[4129.3s] epoch 236 step 233950 avg_loss=0.004
[4130.4s] epoch 236 step 234000 avg_loss=0.004
[4131.4s] epoch 236 step 234050 avg_loss=0.004
[4132.4s] epoch 236 step 234100 avg_loss=0.004
[4133.2s] epoch 236 step 234150 avg_loss=0.004
[4133.4s] === epoch 236 done: avg_loss=0.004 (n=988 derivations) ===
[4134.3s] epoch 237 step 234200 avg_loss=0.007
[4135.3s] epoch 237 step 234250 avg_loss=0.006
[4136.5s] epoch 237 step 234300 avg_loss=0.005
[4137.5s] epoch 237 step 234350 avg_loss=0.005
[4138.4s] epoch 237 step 234400 avg_loss=0.005
[4139.4s] epoch 237 step 234450 avg_loss=0.005
[4140.5s] epoch 237 step 234500 avg_loss=0.005
[4141.5s] epoch 237 step 234550 avg_loss=0.005
[4142.5s] epoch 237 step 234600 avg_loss=0.005
[4143.6s] epoch 237 step 234650 avg_loss=0.005
[4144.6s] epoch 237 step 234700 avg_loss=0.005
[4145.5s] epoch 237 step 234750 avg_loss=0.005
[4146.4s] epoch 237 step 234800 avg_loss=0.005
[4147.2s] epoch 237 step 234850 avg_loss=0.004
[4148.0s] epoch 237 step 234900 avg_loss=0.004
[4148.5s] epoch 237 step 234950 avg_loss=0.004
[4149.3s] epoch 237 step 235000 avg_loss=0.004
[4150.1s] epoch 237 step 235050 avg_loss=0.004
[4150.7s] epoch 237 step 235100 avg_loss=0.004
[4151.3s] === epoch 237 done: avg_loss=0.004 (n=988 derivations) ===
[4151.4s] epoch 238 step 235150 avg_loss=0.011
[4152.1s] epoch 238 step 235200 avg_loss=0.006
[4152.7s] epoch 238 step 235250 avg_loss=0.004
[4153.5s] epoch 238 step 235300 avg_loss=0.005
[4154.2s] epoch 238 step 235350 avg_loss=0.005
[4155.0s] epoch 238 step 235400 avg_loss=0.005
[4155.7s] epoch 238 step 235450 avg_loss=0.005
[4156.3s] epoch 238 step 235500 avg_loss=0.004
[4157.1s] epoch 238 step 235550 avg_loss=0.004
[4157.8s] epoch 238 step 235600 avg_loss=0.004
[4158.6s] epoch 238 step 235650 avg_loss=0.005
[4159.4s] epoch 238 step 235700 avg_loss=0.004
[4160.2s] epoch 238 step 235750 avg_loss=0.004
[4160.8s] epoch 238 step 235800 avg_loss=0.004
[4161.6s] epoch 238 step 235850 avg_loss=0.004
[4162.2s] epoch 238 step 235900 avg_loss=0.004
[4162.9s] epoch 238 step 235950 avg_loss=0.004
[4163.7s] epoch 238 step 236000 avg_loss=0.004
[4164.5s] epoch 238 step 236050 avg_loss=0.004
[4165.2s] epoch 238 step 236100 avg_loss=0.004
[4165.7s] === epoch 238 done: avg_loss=0.004 (n=988 derivations) ===
[4166.0s] epoch 239 step 236150 avg_loss=0.004
[4166.7s] epoch 239 step 236200 avg_loss=0.005
[4167.4s] epoch 239 step 236250 avg_loss=0.006
[4168.5s] epoch 239 step 236300 avg_loss=0.005
[4169.4s] epoch 239 step 236350 avg_loss=0.005
[4170.6s] epoch 239 step 236400 avg_loss=0.005
[4171.6s] epoch 239 step 236450 avg_loss=0.005
[4172.6s] epoch 239 step 236500 avg_loss=0.005
[4173.6s] epoch 239 step 236550 avg_loss=0.005
[4174.7s] epoch 239 step 236600 avg_loss=0.005
[4175.7s] epoch 239 step 236650 avg_loss=0.005
[4176.8s] epoch 239 step 236700 avg_loss=0.004
[4177.8s] epoch 239 step 236750 avg_loss=0.004
[4178.8s] epoch 239 step 236800 avg_loss=0.004
[4179.7s] epoch 239 step 236850 avg_loss=0.004
[4180.7s] epoch 239 step 236900 avg_loss=0.004
[4181.7s] epoch 239 step 236950 avg_loss=0.004
[4182.8s] epoch 239 step 237000 avg_loss=0.004
[4183.8s] epoch 239 step 237050 avg_loss=0.004
[4184.6s] epoch 239 step 237100 avg_loss=0.004
[4184.9s] === epoch 239 done: avg_loss=0.004 (n=988 derivations) ===
[4185.6s] epoch 240 step 237150 avg_loss=0.004
[4186.6s] epoch 240 step 237200 avg_loss=0.004
[4187.5s] epoch 240 step 237250 avg_loss=0.003
[4188.3s] epoch 240 step 237300 avg_loss=0.004
[4189.0s] epoch 240 step 237350 avg_loss=0.004
[4189.7s] epoch 240 step 237400 avg_loss=0.004
[4190.5s] epoch 240 step 237450 avg_loss=0.004
[4191.2s] epoch 240 step 237500 avg_loss=0.004
[4192.1s] epoch 240 step 237550 avg_loss=0.004
[4192.9s] epoch 240 step 237600 avg_loss=0.004
[4193.7s] epoch 240 step 237650 avg_loss=0.004
[4194.5s] epoch 240 step 237700 avg_loss=0.004
[4195.5s] epoch 240 step 237750 avg_loss=0.004
[4196.4s] epoch 240 step 237800 avg_loss=0.004
[4197.3s] epoch 240 step 237850 avg_loss=0.004
[4198.2s] epoch 240 step 237900 avg_loss=0.004
[4199.1s] epoch 240 step 237950 avg_loss=0.004
[4200.0s] epoch 240 step 238000 avg_loss=0.004
[4200.8s] epoch 240 step 238050 avg_loss=0.004
[4201.8s] epoch 240 step 238100 avg_loss=0.004
[4202.0s] === epoch 240 done: avg_loss=0.004 (n=988 derivations) ===
[4203.0s] epoch 241 step 238150 avg_loss=0.008
[4204.0s] epoch 241 step 238200 avg_loss=0.006
[4205.0s] epoch 241 step 238250 avg_loss=0.005
[4205.9s] epoch 241 step 238300 avg_loss=0.005
[4206.8s] epoch 241 step 238350 avg_loss=0.004
[4207.8s] epoch 241 step 238400 avg_loss=0.004
[4208.6s] epoch 241 step 238450 avg_loss=0.004
[4209.5s] epoch 241 step 238500 avg_loss=0.004
[4210.4s] epoch 241 step 238550 avg_loss=0.004
[4211.1s] epoch 241 step 238600 avg_loss=0.004
[4211.8s] epoch 241 step 238650 avg_loss=0.004
[4212.6s] epoch 241 step 238700 avg_loss=0.004
[4213.3s] epoch 241 step 238750 avg_loss=0.004
[4214.1s] epoch 241 step 238800 avg_loss=0.004
[4215.0s] epoch 241 step 238850 avg_loss=0.004
[4215.7s] epoch 241 step 238900 avg_loss=0.004
[4216.5s] epoch 241 step 238950 avg_loss=0.004
[4217.3s] epoch 241 step 239000 avg_loss=0.004
[4218.7s] eval step=7500 train_avg_loss=0.004 dev_rank1_f1=0.4309 dev_edge_p=0.4308 dev_edge_r=0.4310
[4218.9s] epoch 241 step 239050 avg_loss=0.004
[4219.6s] === epoch 241 done: avg_loss=0.004 (n=988 derivations) ===
[4219.7s] epoch 242 step 239100 avg_loss=0.005
[4220.5s] epoch 242 step 239150 avg_loss=0.004
[4221.3s] epoch 242 step 239200 avg_loss=0.005
[4222.2s] epoch 242 step 239250 avg_loss=0.004
[4223.1s] epoch 242 step 239300 avg_loss=0.004
[4224.0s] epoch 242 step 239350 avg_loss=0.004
[4224.8s] epoch 242 step 239400 avg_loss=0.004
[4225.5s] epoch 242 step 239450 avg_loss=0.004
[4226.3s] epoch 242 step 239500 avg_loss=0.004
[4227.0s] epoch 242 step 239550 avg_loss=0.004
[4227.8s] epoch 242 step 239600 avg_loss=0.004
[4228.6s] epoch 242 step 239650 avg_loss=0.004
[4229.3s] epoch 242 step 239700 avg_loss=0.004
[4230.1s] epoch 242 step 239750 avg_loss=0.004
[4230.9s] epoch 242 step 239800 avg_loss=0.004
[4231.7s] epoch 242 step 239850 avg_loss=0.004
[4232.5s] epoch 242 step 239900 avg_loss=0.004
[4233.2s] epoch 242 step 239950 avg_loss=0.004
[4234.0s] epoch 242 step 240000 avg_loss=0.004
[4234.7s] epoch 242 step 240050 avg_loss=0.004
[4235.3s] === epoch 242 done: avg_loss=0.004 (n=988 derivations) ===
[4235.6s] epoch 243 step 240100 avg_loss=0.005
[4236.3s] epoch 243 step 240150 avg_loss=0.003
[4237.1s] epoch 243 step 240200 avg_loss=0.003
[4237.9s] epoch 243 step 240250 avg_loss=0.004
[4238.6s] epoch 243 step 240300 avg_loss=0.004
[4239.3s] epoch 243 step 240350 avg_loss=0.003
[4240.1s] epoch 243 step 240400 avg_loss=0.003
[4240.9s] epoch 243 step 240450 avg_loss=0.003
[4241.6s] epoch 243 step 240500 avg_loss=0.003
[4242.5s] epoch 243 step 240550 avg_loss=0.004
[4243.3s] epoch 243 step 240600 avg_loss=0.003
[4244.1s] epoch 243 step 240650 avg_loss=0.003
[4244.7s] epoch 243 step 240700 avg_loss=0.003
[4245.5s] epoch 243 step 240750 avg_loss=0.003
[4246.3s] epoch 243 step 240800 avg_loss=0.003
[4247.2s] epoch 243 step 240850 avg_loss=0.003
[4248.1s] epoch 243 step 240900 avg_loss=0.004
[4249.2s] epoch 243 step 240950 avg_loss=0.004
[4250.4s] epoch 243 step 241000 avg_loss=0.004
[4251.3s] epoch 243 step 241050 avg_loss=0.004
[4251.7s] === epoch 243 done: avg_loss=0.004 (n=988 derivations) ===
[4252.3s] epoch 244 step 241100 avg_loss=0.005
[4253.3s] epoch 244 step 241150 avg_loss=0.003
[4254.1s] epoch 244 step 241200 avg_loss=0.003
[4254.8s] epoch 244 step 241250 avg_loss=0.003
[4255.5s] epoch 244 step 241300 avg_loss=0.003
[4256.3s] epoch 244 step 241350 avg_loss=0.004
[4257.1s] epoch 244 step 241400 avg_loss=0.004
[4258.3s] epoch 244 step 241450 avg_loss=0.004
[4259.0s] epoch 244 step 241500 avg_loss=0.004
[4259.9s] epoch 244 step 241550 avg_loss=0.003
[4260.6s] epoch 244 step 241600 avg_loss=0.004
[4261.4s] epoch 244 step 241650 avg_loss=0.003
[4262.4s] epoch 244 step 241700 avg_loss=0.004
[4263.3s] epoch 244 step 241750 avg_loss=0.004
[4264.2s] epoch 244 step 241800 avg_loss=0.004
[4265.1s] epoch 244 step 241850 avg_loss=0.004
[4266.3s] epoch 244 step 241900 avg_loss=0.004
[4267.1s] epoch 244 step 241950 avg_loss=0.004
[4268.2s] epoch 244 step 242000 avg_loss=0.004
[4269.0s] epoch 244 step 242050 avg_loss=0.004
[4269.2s] === epoch 244 done: avg_loss=0.004 (n=988 derivations) ===
[4270.0s] epoch 245 step 242100 avg_loss=0.003
[4271.0s] epoch 245 step 242150 avg_loss=0.003
[4272.0s] epoch 245 step 242200 avg_loss=0.004
[4272.9s] epoch 245 step 242250 avg_loss=0.004
[4274.0s] epoch 245 step 242300 avg_loss=0.004
[4274.9s] epoch 245 step 242350 avg_loss=0.003
[4275.9s] epoch 245 step 242400 avg_loss=0.003
[4276.8s] epoch 245 step 242450 avg_loss=0.003
[4277.8s] epoch 245 step 242500 avg_loss=0.003
[4278.8s] epoch 245 step 242550 avg_loss=0.003
[4279.6s] epoch 245 step 242600 avg_loss=0.003
[4280.3s] epoch 245 step 242650 avg_loss=0.003
[4281.1s] epoch 245 step 242700 avg_loss=0.004
[4281.9s] epoch 245 step 242750 avg_loss=0.004
[4282.5s] epoch 245 step 242800 avg_loss=0.004
[4283.3s] epoch 245 step 242850 avg_loss=0.004
[4284.1s] epoch 245 step 242900 avg_loss=0.004
[4284.8s] epoch 245 step 242950 avg_loss=0.004
[4285.7s] epoch 245 step 243000 avg_loss=0.004
[4286.3s] === epoch 245 done: avg_loss=0.004 (n=988 derivations) ===
[4286.3s] epoch 246 step 243050 avg_loss=0.000
[4287.0s] epoch 246 step 243100 avg_loss=0.003
[4287.8s] epoch 246 step 243150 avg_loss=0.004
[4288.7s] epoch 246 step 243200 avg_loss=0.004
[4289.7s] epoch 246 step 243250 avg_loss=0.004
[4290.8s] epoch 246 step 243300 avg_loss=0.003
[4291.9s] epoch 246 step 243350 avg_loss=0.004
[4292.8s] epoch 246 step 243400 avg_loss=0.004
[4293.7s] epoch 246 step 243450 avg_loss=0.004
[4294.7s] epoch 246 step 243500 avg_loss=0.004
[4295.8s] epoch 246 step 243550 avg_loss=0.004
[4296.8s] epoch 246 step 243600 avg_loss=0.004
[4297.9s] epoch 246 step 243650 avg_loss=0.004
[4298.8s] epoch 246 step 243700 avg_loss=0.004
[4299.8s] epoch 246 step 243750 avg_loss=0.004
[4300.9s] epoch 246 step 243800 avg_loss=0.004
[4301.8s] epoch 246 step 243850 avg_loss=0.004
[4302.7s] epoch 246 step 243900 avg_loss=0.004
[4303.4s] epoch 246 step 243950 avg_loss=0.004
[4304.3s] epoch 246 step 244000 avg_loss=0.004
[4304.9s] === epoch 246 done: avg_loss=0.004 (n=988 derivations) ===
[4305.1s] epoch 247 step 244050 avg_loss=0.002
[4306.0s] epoch 247 step 244100 avg_loss=0.003
[4307.0s] epoch 247 step 244150 avg_loss=0.003
[4308.0s] epoch 247 step 244200 avg_loss=0.004
[4309.1s] epoch 247 step 244250 avg_loss=0.004
[4309.9s] epoch 247 step 244300 avg_loss=0.003
[4311.0s] epoch 247 step 244350 avg_loss=0.003
[4311.9s] epoch 247 step 244400 avg_loss=0.003
[4312.9s] epoch 247 step 244450 avg_loss=0.003
[4313.9s] epoch 247 step 244500 avg_loss=0.003
[4314.8s] epoch 247 step 244550 avg_loss=0.003
[4315.5s] epoch 247 step 244600 avg_loss=0.003
[4316.4s] epoch 247 step 244650 avg_loss=0.003
[4317.4s] epoch 247 step 244700 avg_loss=0.003
[4318.3s] epoch 247 step 244750 avg_loss=0.003
[4319.5s] epoch 247 step 244800 avg_loss=0.003
[4320.6s] epoch 247 step 244850 avg_loss=0.004
[4321.6s] epoch 247 step 244900 avg_loss=0.003
[4322.6s] epoch 247 step 244950 avg_loss=0.004
[4323.6s] epoch 247 step 245000 avg_loss=0.004
[4324.1s] === epoch 247 done: avg_loss=0.004 (n=988 derivations) ===
[4324.7s] epoch 248 step 245050 avg_loss=0.004
[4325.8s] epoch 248 step 245100 avg_loss=0.004
[4326.8s] epoch 248 step 245150 avg_loss=0.004
[4327.6s] epoch 248 step 245200 avg_loss=0.004
[4328.5s] epoch 248 step 245250 avg_loss=0.004
[4329.6s] epoch 248 step 245300 avg_loss=0.004
[4330.4s] epoch 248 step 245350 avg_loss=0.004
[4331.3s] epoch 248 step 245400 avg_loss=0.004
[4332.2s] epoch 248 step 245450 avg_loss=0.004
[4333.2s] epoch 248 step 245500 avg_loss=0.003
[4334.3s] epoch 248 step 245550 avg_loss=0.004
[4335.2s] epoch 248 step 245600 avg_loss=0.004
[4336.0s] epoch 248 step 245650 avg_loss=0.003
[4337.0s] epoch 248 step 245700 avg_loss=0.003
[4338.0s] epoch 248 step 245750 avg_loss=0.004
[4338.8s] epoch 248 step 245800 avg_loss=0.003
[4339.7s] epoch 248 step 245850 avg_loss=0.004
[4340.6s] epoch 248 step 245900 avg_loss=0.004
[4341.5s] epoch 248 step 245950 avg_loss=0.004
[4342.4s] epoch 248 step 246000 avg_loss=0.004
[4342.7s] === epoch 248 done: avg_loss=0.004 (n=988 derivations) ===
[4343.4s] epoch 249 step 246050 avg_loss=0.003
[4344.6s] epoch 249 step 246100 avg_loss=0.004
[4345.7s] epoch 249 step 246150 avg_loss=0.004
[4346.9s] epoch 249 step 246200 avg_loss=0.004
[4347.8s] epoch 249 step 246250 avg_loss=0.003
[4348.9s] epoch 249 step 246300 avg_loss=0.004
[4349.9s] epoch 249 step 246350 avg_loss=0.004
[4350.9s] epoch 249 step 246400 avg_loss=0.004
[4351.8s] epoch 249 step 246450 avg_loss=0.003
[4352.8s] epoch 249 step 246500 avg_loss=0.004
[4353.9s] epoch 249 step 246550 avg_loss=0.004
[4354.8s] epoch 249 step 246600 avg_loss=0.004
[4355.5s] epoch 249 step 246650 avg_loss=0.004
[4356.3s] epoch 249 step 246700 avg_loss=0.004
[4357.1s] epoch 249 step 246750 avg_loss=0.004
[4357.7s] epoch 249 step 246800 avg_loss=0.004
[4358.5s] epoch 249 step 246850 avg_loss=0.004
[4359.1s] epoch 249 step 246900 avg_loss=0.004
[4359.8s] epoch 249 step 246950 avg_loss=0.004
[4360.5s] epoch 249 step 247000 avg_loss=0.003
[4361.3s] eval step=7750 train_avg_loss=0.003 dev_rank1_f1=0.4299 dev_edge_p=0.4306 dev_edge_r=0.4292
[4361.3s] === epoch 249 done: avg_loss=0.003 (n=988 derivations) ===
[4362.1s] epoch 250 step 247050 avg_loss=0.003
[4362.8s] epoch 250 step 247100 avg_loss=0.004
[4363.6s] epoch 250 step 247150 avg_loss=0.003
[4364.4s] epoch 250 step 247200 avg_loss=0.004
[4365.1s] epoch 250 step 247250 avg_loss=0.004
[4365.9s] epoch 250 step 247300 avg_loss=0.004
[4366.7s] epoch 250 step 247350 avg_loss=0.003
[4367.5s] epoch 250 step 247400 avg_loss=0.003
[4368.5s] epoch 250 step 247450 avg_loss=0.003
[4369.5s] epoch 250 step 247500 avg_loss=0.003
[4370.4s] epoch 250 step 247550 avg_loss=0.003
[4371.4s] epoch 250 step 247600 avg_loss=0.003
[4372.2s] epoch 250 step 247650 avg_loss=0.004
[4372.9s] epoch 250 step 247700 avg_loss=0.003
[4373.5s] epoch 250 step 247750 avg_loss=0.003
[4374.4s] epoch 250 step 247800 avg_loss=0.003
[4375.1s] epoch 250 step 247850 avg_loss=0.003
[4375.8s] epoch 250 step 247900 avg_loss=0.003
[4376.6s] epoch 250 step 247950 avg_loss=0.003
[4377.2s] === epoch 250 done: avg_loss=0.003 (n=988 derivations) ===
[4377.4s] epoch 251 step 248000 avg_loss=0.003
[4378.1s] epoch 251 step 248050 avg_loss=0.002
[4378.8s] epoch 251 step 248100 avg_loss=0.002
[4379.5s] epoch 251 step 248150 avg_loss=0.003
[4380.3s] epoch 251 step 248200 avg_loss=0.003
[4381.1s] epoch 251 step 248250 avg_loss=0.003
[4382.2s] epoch 251 step 248300 avg_loss=0.003
[4383.3s] epoch 251 step 248350 avg_loss=0.003
[4384.2s] epoch 251 step 248400 avg_loss=0.003
[4385.1s] epoch 251 step 248450 avg_loss=0.003
[4385.8s] epoch 251 step 248500 avg_loss=0.003
[4386.6s] epoch 251 step 248550 avg_loss=0.003
[4387.5s] epoch 251 step 248600 avg_loss=0.003
[4388.4s] epoch 251 step 248650 avg_loss=0.003
[4389.3s] epoch 251 step 248700 avg_loss=0.003
[4390.3s] epoch 251 step 248750 avg_loss=0.003
[4391.2s] epoch 251 step 248800 avg_loss=0.003
[4392.0s] epoch 251 step 248850 avg_loss=0.003
[4393.0s] epoch 251 step 248900 avg_loss=0.003
[4394.0s] epoch 251 step 248950 avg_loss=0.003
[4394.5s] === epoch 251 done: avg_loss=0.003 (n=988 derivations) ===
[4395.0s] epoch 252 step 249000 avg_loss=0.002
[4396.0s] epoch 252 step 249050 avg_loss=0.003
[4397.1s] epoch 252 step 249100 avg_loss=0.004
[4398.2s] epoch 252 step 249150 avg_loss=0.004
[4399.0s] epoch 252 step 249200 avg_loss=0.004
[4400.0s] epoch 252 step 249250 avg_loss=0.003
[4400.8s] epoch 252 step 249300 avg_loss=0.003
[4401.6s] epoch 252 step 249350 avg_loss=0.003
[4402.6s] epoch 252 step 249400 avg_loss=0.003
[4403.6s] epoch 252 step 249450 avg_loss=0.003
[4404.7s] epoch 252 step 249500 avg_loss=0.003
[4405.7s] epoch 252 step 249550 avg_loss=0.003
[4406.7s] epoch 252 step 249600 avg_loss=0.003
[4407.6s] epoch 252 step 249650 avg_loss=0.003
[4408.7s] epoch 252 step 249700 avg_loss=0.003
[4409.6s] epoch 252 step 249750 avg_loss=0.003
[4410.6s] epoch 252 step 249800 avg_loss=0.003
[4411.7s] epoch 252 step 249850 avg_loss=0.003
[4412.8s] epoch 252 step 249900 avg_loss=0.003
[4413.7s] epoch 252 step 249950 avg_loss=0.003
[4414.0s] === epoch 252 done: avg_loss=0.003 (n=988 derivations) ===
[4414.8s] epoch 253 step 250000 avg_loss=0.006
[4415.7s] epoch 253 step 250050 avg_loss=0.004
[4416.5s] epoch 253 step 250100 avg_loss=0.003
[4417.1s] epoch 253 step 250150 avg_loss=0.003
[4417.9s] epoch 253 step 250200 avg_loss=0.003
[4418.7s] epoch 253 step 250250 avg_loss=0.003
[4419.5s] epoch 253 step 250300 avg_loss=0.003
[4420.3s] epoch 253 step 250350 avg_loss=0.003
[4421.0s] epoch 253 step 250400 avg_loss=0.003
[4421.7s] epoch 253 step 250450 avg_loss=0.003
[4422.6s] epoch 253 step 250500 avg_loss=0.003
[4423.4s] epoch 253 step 250550 avg_loss=0.003
[4424.2s] epoch 253 step 250600 avg_loss=0.003
[4424.9s] epoch 253 step 250650 avg_loss=0.003
[4425.6s] epoch 253 step 250700 avg_loss=0.003
[4426.5s] epoch 253 step 250750 avg_loss=0.003
[4427.4s] epoch 253 step 250800 avg_loss=0.003
[4428.4s] epoch 253 step 250850 avg_loss=0.003
[4429.3s] epoch 253 step 250900 avg_loss=0.003
[4430.3s] epoch 253 step 250950 avg_loss=0.003
[4430.3s] === epoch 253 done: avg_loss=0.003 (n=988 derivations) ===
[4431.1s] epoch 254 step 251000 avg_loss=0.004
[4432.1s] epoch 254 step 251050 avg_loss=0.003
[4433.0s] epoch 254 step 251100 avg_loss=0.003
[4433.9s] epoch 254 step 251150 avg_loss=0.003
[4434.8s] epoch 254 step 251200 avg_loss=0.003
[4435.6s] epoch 254 step 251250 avg_loss=0.004
[4436.4s] epoch 254 step 251300 avg_loss=0.003
[4437.3s] epoch 254 step 251350 avg_loss=0.003
[4438.2s] epoch 254 step 251400 avg_loss=0.003
[4439.3s] epoch 254 step 251450 avg_loss=0.003
[4440.2s] epoch 254 step 251500 avg_loss=0.003
[4441.2s] epoch 254 step 251550 avg_loss=0.003
[4442.3s] epoch 254 step 251600 avg_loss=0.004
[4443.3s] epoch 254 step 251650 avg_loss=0.003
[4444.2s] epoch 254 step 251700 avg_loss=0.003
[4445.2s] epoch 254 step 251750 avg_loss=0.003
[4446.2s] epoch 254 step 251800 avg_loss=0.003
[4447.0s] epoch 254 step 251850 avg_loss=0.003
[4448.0s] epoch 254 step 251900 avg_loss=0.003
[4448.8s] === epoch 254 done: avg_loss=0.003 (n=988 derivations) ===
[4449.0s] epoch 255 step 251950 avg_loss=0.004
[4450.1s] epoch 255 step 252000 avg_loss=0.002
[4451.1s] epoch 255 step 252050 avg_loss=0.002
[4451.8s] epoch 255 step 252100 avg_loss=0.003
[4452.7s] epoch 255 step 252150 avg_loss=0.003
[4453.6s] epoch 255 step 252200 avg_loss=0.003
[4454.7s] epoch 255 step 252250 avg_loss=0.003
[4455.9s] epoch 255 step 252300 avg_loss=0.003
[4456.6s] epoch 255 step 252350 avg_loss=0.003
[4457.6s] epoch 255 step 252400 avg_loss=0.003
[4458.5s] epoch 255 step 252450 avg_loss=0.003
[4459.2s] epoch 255 step 252500 avg_loss=0.003
[4460.3s] epoch 255 step 252550 avg_loss=0.003
[4461.2s] epoch 255 step 252600 avg_loss=0.003
[4462.2s] epoch 255 step 252650 avg_loss=0.003
[4463.3s] epoch 255 step 252700 avg_loss=0.003
[4464.3s] epoch 255 step 252750 avg_loss=0.003
[4465.4s] epoch 255 step 252800 avg_loss=0.003
[4466.2s] epoch 255 step 252850 avg_loss=0.003
[4467.3s] epoch 255 step 252900 avg_loss=0.003
[4467.9s] === epoch 255 done: avg_loss=0.003 (n=988 derivations) ===
[4468.3s] epoch 256 step 252950 avg_loss=0.003
[4469.4s] epoch 256 step 253000 avg_loss=0.004
[4470.2s] epoch 256 step 253050 avg_loss=0.003
[4471.0s] epoch 256 step 253100 avg_loss=0.003
[4472.0s] epoch 256 step 253150 avg_loss=0.003
[4473.0s] epoch 256 step 253200 avg_loss=0.003
[4473.9s] epoch 256 step 253250 avg_loss=0.003
[4474.8s] epoch 256 step 253300 avg_loss=0.003
[4475.7s] epoch 256 step 253350 avg_loss=0.003
[4476.7s] epoch 256 step 253400 avg_loss=0.003
[4477.7s] epoch 256 step 253450 avg_loss=0.003
[4478.7s] epoch 256 step 253500 avg_loss=0.003
[4479.8s] epoch 256 step 253550 avg_loss=0.003
[4481.0s] epoch 256 step 253600 avg_loss=0.003
[4482.0s] epoch 256 step 253650 avg_loss=0.003
[4482.9s] epoch 256 step 253700 avg_loss=0.003
[4483.8s] epoch 256 step 253750 avg_loss=0.003
[4484.6s] epoch 256 step 253800 avg_loss=0.003
[4485.4s] epoch 256 step 253850 avg_loss=0.003
[4486.4s] epoch 256 step 253900 avg_loss=0.003
[4486.6s] === epoch 256 done: avg_loss=0.003 (n=988 derivations) ===
[4487.3s] epoch 257 step 253950 avg_loss=0.004
[4488.1s] epoch 257 step 254000 avg_loss=0.003
[4488.9s] epoch 257 step 254050 avg_loss=0.003
[4490.0s] epoch 257 step 254100 avg_loss=0.003
[4491.0s] epoch 257 step 254150 avg_loss=0.004
[4492.0s] epoch 257 step 254200 avg_loss=0.004
[4492.9s] epoch 257 step 254250 avg_loss=0.004
[4493.8s] epoch 257 step 254300 avg_loss=0.004
[4494.8s] epoch 257 step 254350 avg_loss=0.004
[4495.8s] epoch 257 step 254400 avg_loss=0.003
[4496.5s] epoch 257 step 254450 avg_loss=0.003
[4497.3s] epoch 257 step 254500 avg_loss=0.003
[4497.9s] epoch 257 step 254550 avg_loss=0.003
[4498.6s] epoch 257 step 254600 avg_loss=0.003
[4499.3s] epoch 257 step 254650 avg_loss=0.003
[4500.0s] epoch 257 step 254700 avg_loss=0.003
[4500.7s] epoch 257 step 254750 avg_loss=0.003
[4501.4s] epoch 257 step 254800 avg_loss=0.003
[4502.1s] epoch 257 step 254850 avg_loss=0.003
[4502.9s] epoch 257 step 254900 avg_loss=0.003
[4503.0s] === epoch 257 done: avg_loss=0.003 (n=988 derivations) ===
[4503.7s] epoch 258 step 254950 avg_loss=0.004
[4505.0s] eval step=8000 train_avg_loss=0.003 dev_rank1_f1=0.4304 dev_edge_p=0.4303 dev_edge_r=0.4306
[4505.0s] === epoch 258 done: avg_loss=0.003 (n=64 derivations) ===
[4505.0s] training wall-clock: 4489.1s (stopped_early=True)
[4505.0s] max-steps budget: optimizer_steps=8000 (cap=8000, stop_reason=max_steps) epoch_fraction=259.109 throughput=1.7821 steps/s (0.5611 s/step)
[4505.0s] wrote 32 curve rows -> runs/arms/v4b_788_hardsmall_0.pt.curve.tsv
[4505.1s] holdout eval targets from runs/encoder_gold_v4b.jsonl: matched=98 missing=0
[4506.2s] holdout eval targets (alt) from runs/encoder_gold_v2.jsonl: matched=98 missing=0
[4506.2s] evaluating [last] (model policy) ...
[4611.9s] [last] holdout (best-of-6 + rank1 + forest width): {'sense_recall': 0.7218390804597701, 'slot_recall': 0.6940298507462687, 'structure_recall': 0.1326530612244898, 'all_gold_recalled_rate': 0.1326530612244898, 'edge_precision': 0.5753692360621975, 'edge_recall': 0.5735748095441973, 'overgen_ratio': 1.098755524520831, 'n_records': 98, 'rank1_edge_precision': 0.4970539714387253, 'rank1_edge_recall': 0.456492090675764, 'rank1_edge_f1': 0.4759103217260455, 'rank1_structure_recall': 0.08163265306122448, 'mean_forest_width': 5.959183673469388}
[4722.7s] [last] holdout_alt (best-of-6 + rank1 + forest width): {'sense_recall': 0.7079037800687286, 'slot_recall': 0.6335403726708074, 'structure_recall': 0.04979253112033195, 'all_gold_recalled_rate': 0.01020408163265306, 'edge_precision': 0.42878725249673644, 'edge_recall': 0.5174936222130101, 'overgen_ratio': 1.3825689616505943, 'n_records': 98, 'rank1_edge_precision': 0.32554993230006646, 'rank1_edge_recall': 0.4127040523724197, 'rank1_edge_f1': 0.36398252931722125, 'rank1_structure_recall': 0.024896265560165973, 'mean_forest_width': 5.989795918367347}
[4722.7s] evaluating [best] (model policy) ...
[4815.8s] [best] holdout (best-of-6 + rank1 + forest width): {'sense_recall': 0.7425287356321839, 'slot_recall': 0.6194029850746269, 'structure_recall': 0.08163265306122448, 'all_gold_recalled_rate': 0.08163265306122448, 'edge_precision': 0.5847942040619111, 'edge_recall': 0.5840078855384978, 'overgen_ratio': 1.0875624941951474, 'n_records': 98, 'rank1_edge_precision': 0.5196360299206702, 'rank1_edge_recall': 0.4337616748331034, 'rank1_edge_f1': 0.47283141865802225, 'rank1_structure_recall': 0.08163265306122448, 'mean_forest_width': 5.948979591836735}
[4931.7s] [best] holdout_alt (best-of-6 + rank1 + forest width): {'sense_recall': 0.7422680412371134, 'slot_recall': 0.5900621118012422, 'structure_recall': 0.04979253112033195, 'all_gold_recalled_rate': 0.01020408163265306, 'edge_precision': 0.4291471839040866, 'edge_recall': 0.5398167875208691, 'overgen_ratio': 1.341077375005947, 'n_records': 98, 'rank1_edge_precision': 0.33524288919697076, 'rank1_edge_recall': 0.4069835965244129, 'rank1_edge_f1': 0.3676461548580052, 'rank1_structure_recall': 0.024896265560165973, 'mean_forest_width': 5.979591836734694}
[4931.7s] evaluating RANDOM baseline on holdout ...
[4934.9s] holdout (random baseline): {'sense_recall': 0.01839080459770115, 'slot_recall': 0.0, 'structure_recall': 0.0, 'all_gold_recalled_rate': 0.0, 'edge_precision': 0.0, 'edge_recall': 0.0, 'overgen_ratio': 0.0, 'n_records': 98}
[4934.9s] extra-eval: runs/hard_gold_test_filler.jsonl
[5186.6s]   family=additive_focus n=10 rank1_edge_f1=0.5966 p=0.5933 r=0.6000
[5186.6s]   family=content_interjection n=30 rank1_edge_f1=0.9250 p=0.9278 r=0.9222
[5186.6s]   family=elision n=15 rank1_edge_f1=0.6722 p=0.6722 r=0.6722
[5186.6s]   family=imperative n=50 rank1_edge_f1=0.7642 p=0.7751 r=0.7537
[5186.6s]   family=pure_interjection n=20 rank1_edge_f1=0.9833 p=0.9833 r=0.9833
[5186.6s]   family=quantity n=20 rank1_edge_f1=0.6667 p=0.6667 r=0.6667
[5186.6s]   family=speaker_prime n=25 rank1_edge_f1=0.3636 p=0.4000 r=0.3333
[5186.6s]   family=synth_subject n=30 rank1_edge_f1=0.6667 p=0.6667 r=0.6667
[5186.6s] extra-eval: runs/hard_gold_test_template.jsonl
[5412.1s]   family=additive_focus n=24 rank1_edge_f1=0.6803 p=0.6944 r=0.6667
[5412.1s]   family=content_interjection n=30 rank1_edge_f1=0.8791 p=0.9444 r=0.8222
[5412.1s]   family=elision n=30 rank1_edge_f1=0.7083 p=0.7083 r=0.7083
[5412.1s]   family=imperative n=32 rank1_edge_f1=0.6051 p=0.6196 r=0.5911
[5412.1s]   family=pure_interjection n=30 rank1_edge_f1=0.9714 p=1.0000 r=0.9444
[5412.1s]   family=quantity n=4 rank1_edge_f1=nan p=0.0000 r=0.0000
[5412.1s]   family=speaker_prime n=30 rank1_edge_f1=0.3015 p=0.3222 r=0.2833
[5412.1s]   family=synth_subject n=30 rank1_edge_f1=0.6444 p=0.6444 r=0.6444
[5412.1s] saved BEST checkpoint (step=1750, dev_rank1_f1=0.4626) -> runs/arms/v4b_788_hardsmall_0.pt
[5412.1s] saved LAST checkpoint -> runs/arms/v4b_788_hardsmall_0.pt.last.pt
[5412.1s] TOTAL wall-clock: 5412.1s
