[   0.0s] loading gold from runs/encoder_gold_v4b_16k.jsonl,runs/hard_gold_train.jsonl
[   2.2s] 11308 gold records
[   4.2s] holdout mode (per-file subsets): 98 held-out sentences, train subset=11112 (subset_seed=0) -- runs/encoder_gold_v4b_16k.jsonl: pool=10029 subset=10029; runs/hard_gold_train.jsonl: pool=1083 subset=1083
[   4.2s] loading USVS from /home/user/NAOMI/consciousness_transformer/data/usvs
[  18.7s] USVS loaded: 117679 senses, d_axes=607
[  18.7s] pos_vocab=15 role_vocab=50
[  18.8s] policy params: 344,785 (~1.379 MB fp32)
[  18.8s] building features + derivations for 11112 train records
[  29.0s] 11112 teacher-forced derivations
[  29.1s] dev-holdout eval targets from runs/encoder_gold_v4b.jsonl: matched=98 missing=0
[  31.8s] epoch 0 step 50 avg_loss=97.133
[  33.4s] epoch 0 step 100 avg_loss=91.539
[  35.4s] epoch 0 step 150 avg_loss=91.035
[  37.0s] epoch 0 step 200 avg_loss=88.497
[  38.6s] epoch 0 step 250 avg_loss=85.470
[  40.2s] epoch 0 step 300 avg_loss=83.187
[  41.7s] epoch 0 step 350 avg_loss=80.298
[  43.6s] epoch 0 step 400 avg_loss=79.792
[  45.1s] epoch 0 step 450 avg_loss=77.196
[  46.7s] epoch 0 step 500 avg_loss=75.778
[  48.4s] epoch 0 step 550 avg_loss=73.581
[  50.1s] epoch 0 step 600 avg_loss=72.182
[  51.9s] epoch 0 step 650 avg_loss=70.757
[  53.7s] epoch 0 step 700 avg_loss=69.474
[  55.5s] epoch 0 step 750 avg_loss=68.194
[  56.8s] epoch 0 step 800 avg_loss=66.836
[  58.5s] epoch 0 step 850 avg_loss=65.975
[  60.0s] epoch 0 step 900 avg_loss=64.933
[  61.6s] epoch 0 step 950 avg_loss=63.829
[  63.1s] epoch 0 step 1000 avg_loss=63.068
[  64.7s] epoch 0 step 1050 avg_loss=62.473
[  66.4s] epoch 0 step 1100 avg_loss=61.781
[  68.1s] epoch 0 step 1150 avg_loss=61.266
[  69.6s] epoch 0 step 1200 avg_loss=60.480
[  71.1s] epoch 0 step 1250 avg_loss=59.641
[  73.1s] epoch 0 step 1300 avg_loss=59.245
[  74.4s] epoch 0 step 1350 avg_loss=58.445
[  75.9s] epoch 0 step 1400 avg_loss=57.719
[  77.3s] epoch 0 step 1450 avg_loss=57.070
[  78.9s] epoch 0 step 1500 avg_loss=56.396
[  80.5s] epoch 0 step 1550 avg_loss=55.888
[  81.8s] epoch 0 step 1600 avg_loss=55.198
[  83.4s] epoch 0 step 1650 avg_loss=54.568
[  84.6s] epoch 0 step 1700 avg_loss=53.951
[  86.1s] epoch 0 step 1750 avg_loss=53.430
[  87.7s] epoch 0 step 1800 avg_loss=53.049
[  89.3s] epoch 0 step 1850 avg_loss=52.640
[  91.1s] epoch 0 step 1900 avg_loss=52.312
[  92.9s] epoch 0 step 1950 avg_loss=52.119
[  94.7s] epoch 0 step 2000 avg_loss=51.780
[  96.2s] epoch 0 step 2050 avg_loss=51.404
[  98.0s] epoch 0 step 2100 avg_loss=51.017
[  99.6s] epoch 0 step 2150 avg_loss=50.631
[ 101.2s] epoch 0 step 2200 avg_loss=50.380
[ 102.7s] epoch 0 step 2250 avg_loss=49.973
[ 104.4s] epoch 0 step 2300 avg_loss=49.669
[ 106.2s] epoch 0 step 2350 avg_loss=49.412
[ 107.8s] epoch 0 step 2400 avg_loss=49.015
[ 109.8s] epoch 0 step 2450 avg_loss=48.896
[ 111.5s] epoch 0 step 2500 avg_loss=48.641
[ 113.1s] epoch 0 step 2550 avg_loss=48.345
[ 114.8s] epoch 0 step 2600 avg_loss=48.051
[ 116.2s] epoch 0 step 2650 avg_loss=47.741
[ 118.0s] epoch 0 step 2700 avg_loss=47.437
[ 119.5s] epoch 0 step 2750 avg_loss=47.105
[ 121.2s] epoch 0 step 2800 avg_loss=46.744
[ 122.7s] epoch 0 step 2850 avg_loss=46.449
[ 124.4s] epoch 0 step 2900 avg_loss=46.218
[ 126.3s] epoch 0 step 2950 avg_loss=45.967
[ 128.0s] epoch 0 step 3000 avg_loss=45.679
[ 129.8s] epoch 0 step 3050 avg_loss=45.474
[ 131.4s] epoch 0 step 3100 avg_loss=45.181
[ 132.7s] epoch 0 step 3150 avg_loss=44.846
[ 134.2s] epoch 0 step 3200 avg_loss=44.578
[ 136.1s] epoch 0 step 3250 avg_loss=44.418
[ 137.6s] epoch 0 step 3300 avg_loss=44.151
[ 139.4s] epoch 0 step 3350 avg_loss=43.984
[ 141.0s] epoch 0 step 3400 avg_loss=43.768
[ 142.4s] epoch 0 step 3450 avg_loss=43.531
[ 144.2s] epoch 0 step 3500 avg_loss=43.365
[ 145.6s] epoch 0 step 3550 avg_loss=43.174
[ 147.4s] epoch 0 step 3600 avg_loss=42.998
[ 148.9s] epoch 0 step 3650 avg_loss=42.803
[ 150.6s] epoch 0 step 3700 avg_loss=42.650
[ 152.2s] epoch 0 step 3750 avg_loss=42.459
[ 153.7s] epoch 0 step 3800 avg_loss=42.287
[ 155.3s] epoch 0 step 3850 avg_loss=42.115
[ 157.1s] epoch 0 step 3900 avg_loss=41.905
[ 158.9s] epoch 0 step 3950 avg_loss=41.700
[ 160.7s] epoch 0 step 4000 avg_loss=41.605
[ 162.2s] epoch 0 step 4050 avg_loss=41.374
[ 164.1s] epoch 0 step 4100 avg_loss=41.250
[ 165.8s] epoch 0 step 4150 avg_loss=41.120
[ 167.3s] epoch 0 step 4200 avg_loss=40.980
[ 168.8s] epoch 0 step 4250 avg_loss=40.812
[ 170.4s] epoch 0 step 4300 avg_loss=40.669
[ 171.9s] epoch 0 step 4350 avg_loss=40.532
[ 173.2s] epoch 0 step 4400 avg_loss=40.350
[ 174.6s] epoch 0 step 4450 avg_loss=40.192
[ 176.2s] epoch 0 step 4500 avg_loss=40.047
[ 177.8s] epoch 0 step 4550 avg_loss=39.913
[ 179.5s] epoch 0 step 4600 avg_loss=39.823
[ 181.1s] epoch 0 step 4650 avg_loss=39.711
[ 182.7s] epoch 0 step 4700 avg_loss=39.563
[ 184.3s] epoch 0 step 4750 avg_loss=39.448
[ 185.9s] epoch 0 step 4800 avg_loss=39.338
[ 187.5s] epoch 0 step 4850 avg_loss=39.250
[ 189.1s] epoch 0 step 4900 avg_loss=39.085
[ 190.6s] epoch 0 step 4950 avg_loss=38.900
[ 192.3s] epoch 0 step 5000 avg_loss=38.827
[ 194.0s] epoch 0 step 5050 avg_loss=38.775
[ 195.8s] epoch 0 step 5100 avg_loss=38.634
[ 197.3s] epoch 0 step 5150 avg_loss=38.516
[ 198.9s] epoch 0 step 5200 avg_loss=38.371
[ 200.5s] epoch 0 step 5250 avg_loss=38.242
[ 201.8s] epoch 0 step 5300 avg_loss=38.095
[ 203.2s] epoch 0 step 5350 avg_loss=37.959
[ 205.0s] epoch 0 step 5400 avg_loss=37.849
[ 206.5s] epoch 0 step 5450 avg_loss=37.709
[ 208.2s] epoch 0 step 5500 avg_loss=37.622
[ 209.7s] epoch 0 step 5550 avg_loss=37.491
[ 211.3s] epoch 0 step 5600 avg_loss=37.376
[ 213.1s] epoch 0 step 5650 avg_loss=37.271
[ 215.0s] epoch 0 step 5700 avg_loss=37.189
[ 216.5s] epoch 0 step 5750 avg_loss=37.043
[ 218.2s] epoch 0 step 5800 avg_loss=36.965
[ 219.7s] epoch 0 step 5850 avg_loss=36.851
[ 221.5s] epoch 0 step 5900 avg_loss=36.762
[ 222.9s] epoch 0 step 5950 avg_loss=36.609
[ 224.8s] epoch 0 step 6000 avg_loss=36.484
[ 226.4s] epoch 0 step 6050 avg_loss=36.368
[ 228.0s] epoch 0 step 6100 avg_loss=36.237
[ 229.5s] epoch 0 step 6150 avg_loss=36.119
[ 231.0s] epoch 0 step 6200 avg_loss=36.027
[ 232.5s] epoch 0 step 6250 avg_loss=35.922
[ 234.2s] epoch 0 step 6300 avg_loss=35.885
[ 235.9s] epoch 0 step 6350 avg_loss=35.784
[ 237.5s] epoch 0 step 6400 avg_loss=35.684
[ 239.1s] epoch 0 step 6450 avg_loss=35.600
[ 240.5s] epoch 0 step 6500 avg_loss=35.485
[ 242.1s] epoch 0 step 6550 avg_loss=35.385
[ 243.5s] epoch 0 step 6600 avg_loss=35.247
[ 245.2s] epoch 0 step 6650 avg_loss=35.166
[ 246.9s] epoch 0 step 6700 avg_loss=35.101
[ 248.3s] epoch 0 step 6750 avg_loss=35.035
[ 249.9s] epoch 0 step 6800 avg_loss=34.947
[ 251.4s] epoch 0 step 6850 avg_loss=34.839
[ 253.1s] epoch 0 step 6900 avg_loss=34.792
[ 254.6s] epoch 0 step 6950 avg_loss=34.721
[ 256.1s] epoch 0 step 7000 avg_loss=34.641
[ 257.9s] epoch 0 step 7050 avg_loss=34.552
[ 259.7s] epoch 0 step 7100 avg_loss=34.504
[ 261.5s] epoch 0 step 7150 avg_loss=34.464
[ 263.2s] epoch 0 step 7200 avg_loss=34.384
[ 264.8s] epoch 0 step 7250 avg_loss=34.284
[ 266.3s] epoch 0 step 7300 avg_loss=34.234
[ 267.9s] epoch 0 step 7350 avg_loss=34.167
[ 269.3s] epoch 0 step 7400 avg_loss=34.044
[ 270.9s] epoch 0 step 7450 avg_loss=33.987
[ 272.6s] epoch 0 step 7500 avg_loss=33.926
[ 274.3s] epoch 0 step 7550 avg_loss=33.868
[ 275.9s] epoch 0 step 7600 avg_loss=33.789
[ 277.3s] epoch 0 step 7650 avg_loss=33.699
[ 279.2s] epoch 0 step 7700 avg_loss=33.643
[ 280.7s] epoch 0 step 7750 avg_loss=33.589
[ 282.4s] epoch 0 step 7800 avg_loss=33.549
[ 283.9s] epoch 0 step 7850 avg_loss=33.460
[ 285.5s] epoch 0 step 7900 avg_loss=33.389
[ 287.0s] epoch 0 step 7950 avg_loss=33.326
[ 288.2s] epoch 0 step 8000 avg_loss=33.235
[ 289.7s] epoch 0 step 8050 avg_loss=33.169
[ 291.5s] epoch 0 step 8100 avg_loss=33.118
[ 293.1s] epoch 0 step 8150 avg_loss=33.039
[ 294.7s] epoch 0 step 8200 avg_loss=32.986
[ 296.3s] epoch 0 step 8250 avg_loss=32.922
[ 297.8s] epoch 0 step 8300 avg_loss=32.851
[ 299.5s] epoch 0 step 8350 avg_loss=32.774
[ 301.0s] epoch 0 step 8400 avg_loss=32.724
[ 302.4s] epoch 0 step 8450 avg_loss=32.656
[ 304.1s] epoch 0 step 8500 avg_loss=32.602
[ 305.8s] epoch 0 step 8550 avg_loss=32.575
[ 307.2s] epoch 0 step 8600 avg_loss=32.503
[ 309.0s] epoch 0 step 8650 avg_loss=32.458
[ 310.7s] epoch 0 step 8700 avg_loss=32.409
[ 312.4s] epoch 0 step 8750 avg_loss=32.365
[ 314.2s] epoch 0 step 8800 avg_loss=32.333
[ 315.9s] epoch 0 step 8850 avg_loss=32.297
[ 317.8s] epoch 0 step 8900 avg_loss=32.261
[ 319.3s] epoch 0 step 8950 avg_loss=32.185
[ 321.2s] epoch 0 step 9000 avg_loss=32.149
[ 322.9s] epoch 0 step 9050 avg_loss=32.111
[ 324.6s] epoch 0 step 9100 avg_loss=32.066
[ 326.3s] epoch 0 step 9150 avg_loss=32.017
[ 327.7s] epoch 0 step 9200 avg_loss=31.958
[ 329.3s] epoch 0 step 9250 avg_loss=31.895
[ 330.6s] epoch 0 step 9300 avg_loss=31.817
[ 332.3s] epoch 0 step 9350 avg_loss=31.782
[ 334.0s] epoch 0 step 9400 avg_loss=31.734
[ 335.6s] epoch 0 step 9450 avg_loss=31.671
[ 337.3s] epoch 0 step 9500 avg_loss=31.629
[ 339.0s] epoch 0 step 9550 avg_loss=31.566
[ 340.4s] epoch 0 step 9600 avg_loss=31.495
[ 342.1s] epoch 0 step 9650 avg_loss=31.443
[ 343.6s] epoch 0 step 9700 avg_loss=31.384
[ 345.4s] epoch 0 step 9750 avg_loss=31.345
[ 347.0s] epoch 0 step 9800 avg_loss=31.292
[ 348.7s] epoch 0 step 9850 avg_loss=31.249
[ 350.4s] epoch 0 step 9900 avg_loss=31.208
[ 352.3s] epoch 0 step 9950 avg_loss=31.195
[ 354.0s] epoch 0 step 10000 avg_loss=31.130
[ 355.8s] epoch 0 step 10050 avg_loss=31.096
[ 357.3s] epoch 0 step 10100 avg_loss=31.053
[ 358.9s] epoch 0 step 10150 avg_loss=31.007
[ 360.5s] epoch 0 step 10200 avg_loss=30.955
[ 362.0s] epoch 0 step 10250 avg_loss=30.919
[ 363.6s] epoch 0 step 10300 avg_loss=30.873
[ 365.4s] epoch 0 step 10350 avg_loss=30.834
[ 367.0s] epoch 0 step 10400 avg_loss=30.761
[ 368.7s] epoch 0 step 10450 avg_loss=30.717
[ 370.3s] epoch 0 step 10500 avg_loss=30.668
[ 372.1s] epoch 0 step 10550 avg_loss=30.621
[ 374.0s] epoch 0 step 10600 avg_loss=30.581
[ 376.1s] epoch 0 step 10650 avg_loss=30.555
[ 377.5s] epoch 0 step 10700 avg_loss=30.473
[ 379.6s] epoch 0 step 10750 avg_loss=30.443
[ 381.3s] epoch 0 step 10800 avg_loss=30.396
[ 383.3s] epoch 0 step 10850 avg_loss=30.374
[ 385.1s] epoch 0 step 10900 avg_loss=30.333
[ 387.0s] epoch 0 step 10950 avg_loss=30.290
[ 389.0s] epoch 0 step 11000 avg_loss=30.252
[ 391.2s] epoch 0 step 11050 avg_loss=30.229
[ 393.0s] epoch 0 step 11100 avg_loss=30.180
[ 393.4s] === epoch 0 done: avg_loss=30.167 (n=11112 derivations) ===
[ 395.0s] epoch 1 step 11150 avg_loss=21.809
[ 396.8s] epoch 1 step 11200 avg_loss=21.420
[ 398.5s] epoch 1 step 11250 avg_loss=20.583
[ 400.4s] epoch 1 step 11300 avg_loss=20.753
[ 402.4s] epoch 1 step 11350 avg_loss=20.839
[ 404.2s] epoch 1 step 11400 avg_loss=21.325
[ 406.1s] epoch 1 step 11450 avg_loss=21.244
[ 407.8s] epoch 1 step 11500 avg_loss=20.893
[ 409.9s] epoch 1 step 11550 avg_loss=21.420
[ 411.5s] epoch 1 step 11600 avg_loss=20.914
[ 413.3s] epoch 1 step 11650 avg_loss=20.820
[ 414.9s] epoch 1 step 11700 avg_loss=20.723
[ 416.5s] epoch 1 step 11750 avg_loss=20.503
[ 418.4s] epoch 1 step 11800 avg_loss=20.284
[ 420.4s] epoch 1 step 11850 avg_loss=20.653
[ 422.5s] epoch 1 step 11900 avg_loss=20.804
[ 424.5s] epoch 1 step 11950 avg_loss=20.601
[ 426.3s] epoch 1 step 12000 avg_loss=20.508
[ 428.2s] epoch 1 step 12050 avg_loss=20.545
[ 429.8s] epoch 1 step 12100 avg_loss=20.250
[ 431.6s] epoch 1 step 12150 avg_loss=20.280
[ 433.4s] epoch 1 step 12200 avg_loss=20.258
[ 435.2s] epoch 1 step 12250 avg_loss=20.040
[ 436.7s] epoch 1 step 12300 avg_loss=19.802
[ 438.7s] epoch 1 step 12350 avg_loss=19.860
[ 440.5s] epoch 1 step 12400 avg_loss=19.993
[ 442.1s] epoch 1 step 12450 avg_loss=19.778
[ 443.9s] epoch 1 step 12500 avg_loss=19.712
[ 445.7s] epoch 1 step 12550 avg_loss=19.785
[ 447.5s] epoch 1 step 12600 avg_loss=19.831
[ 449.1s] epoch 1 step 12650 avg_loss=19.722
[ 451.2s] epoch 1 step 12700 avg_loss=19.916
[ 453.4s] epoch 1 step 12750 avg_loss=20.027
[ 455.1s] epoch 1 step 12800 avg_loss=19.955
[ 456.9s] epoch 1 step 12850 avg_loss=19.923
[ 458.8s] epoch 1 step 12900 avg_loss=19.932
[ 460.6s] epoch 1 step 12950 avg_loss=19.930
[ 462.5s] epoch 1 step 13000 avg_loss=20.041
[ 464.4s] epoch 1 step 13050 avg_loss=20.066
[ 466.1s] epoch 1 step 13100 avg_loss=20.048
[ 467.8s] epoch 1 step 13150 avg_loss=20.007
[ 469.5s] epoch 1 step 13200 avg_loss=19.977
[ 471.4s] epoch 1 step 13250 avg_loss=20.002
[ 473.0s] epoch 1 step 13300 avg_loss=19.948
[ 475.0s] epoch 1 step 13350 avg_loss=19.993
[ 476.9s] epoch 1 step 13400 avg_loss=19.964
[ 478.6s] epoch 1 step 13450 avg_loss=19.891
[ 480.2s] epoch 1 step 13500 avg_loss=19.795
[ 482.2s] epoch 1 step 13550 avg_loss=19.842
[ 483.8s] epoch 1 step 13600 avg_loss=19.792
[ 485.8s] epoch 1 step 13650 avg_loss=19.796
[ 487.6s] epoch 1 step 13700 avg_loss=19.899
[ 489.2s] epoch 1 step 13750 avg_loss=19.874
[ 490.8s] epoch 1 step 13800 avg_loss=19.846
[ 492.3s] epoch 1 step 13850 avg_loss=19.798
[ 494.0s] epoch 1 step 13900 avg_loss=19.796
[ 495.6s] epoch 1 step 13950 avg_loss=19.742
[ 497.4s] epoch 1 step 14000 avg_loss=19.776
[ 499.0s] epoch 1 step 14050 avg_loss=19.677
[ 500.8s] epoch 1 step 14100 avg_loss=19.647
[ 502.4s] epoch 1 step 14150 avg_loss=19.624
[ 504.4s] epoch 1 step 14200 avg_loss=19.721
[ 506.2s] epoch 1 step 14250 avg_loss=19.678
[ 508.0s] epoch 1 step 14300 avg_loss=19.744
[ 509.8s] epoch 1 step 14350 avg_loss=19.794
[ 511.8s] epoch 1 step 14400 avg_loss=19.806
[ 513.4s] epoch 1 step 14450 avg_loss=19.823
[ 515.2s] epoch 1 step 14500 avg_loss=19.852
[ 517.1s] epoch 1 step 14550 avg_loss=19.858
[ 518.8s] epoch 1 step 14600 avg_loss=19.857
[ 520.8s] epoch 1 step 14650 avg_loss=19.911
[ 522.3s] epoch 1 step 14700 avg_loss=19.834
[ 524.2s] epoch 1 step 14750 avg_loss=19.845
[ 526.0s] epoch 1 step 14800 avg_loss=19.863
[ 527.9s] epoch 1 step 14850 avg_loss=19.896
[ 529.6s] epoch 1 step 14900 avg_loss=19.859
[ 531.3s] epoch 1 step 14950 avg_loss=19.819
[ 532.9s] epoch 1 step 15000 avg_loss=19.814
[ 534.7s] epoch 1 step 15050 avg_loss=19.829
[ 536.4s] epoch 1 step 15100 avg_loss=19.779
[ 538.3s] epoch 1 step 15150 avg_loss=19.742
[ 540.1s] epoch 1 step 15200 avg_loss=19.802
[ 541.5s] epoch 1 step 15250 avg_loss=19.763
[ 543.2s] epoch 1 step 15300 avg_loss=19.752
[ 545.0s] epoch 1 step 15350 avg_loss=19.760
[ 546.6s] epoch 1 step 15400 avg_loss=19.756
[ 548.4s] epoch 1 step 15450 avg_loss=19.738
[ 550.2s] epoch 1 step 15500 avg_loss=19.739
[ 551.9s] epoch 1 step 15550 avg_loss=19.671
[ 553.6s] epoch 1 step 15600 avg_loss=19.685
[ 555.4s] epoch 1 step 15650 avg_loss=19.707
[ 557.4s] epoch 1 step 15700 avg_loss=19.718
[ 559.1s] epoch 1 step 15750 avg_loss=19.695
[ 561.0s] epoch 1 step 15800 avg_loss=19.708
[ 562.6s] epoch 1 step 15850 avg_loss=19.660
[ 564.5s] epoch 1 step 15900 avg_loss=19.635
[ 566.0s] epoch 1 step 15950 avg_loss=19.601
[ 569.9s] eval step=500 train_avg_loss=19.591 dev_rank1_f1=0.4418 dev_edge_p=0.4881 dev_edge_r=0.4035
[ 570.9s] epoch 1 step 16000 avg_loss=19.610
[ 573.0s] epoch 1 step 16050 avg_loss=19.645
[ 574.9s] epoch 1 step 16100 avg_loss=19.667
[ 576.4s] epoch 1 step 16150 avg_loss=19.632
[ 578.2s] epoch 1 step 16200 avg_loss=19.625
[ 579.7s] epoch 1 step 16250 avg_loss=19.571
[ 581.3s] epoch 1 step 16300 avg_loss=19.537
[ 582.9s] epoch 1 step 16350 avg_loss=19.523
[ 584.5s] epoch 1 step 16400 avg_loss=19.491
[ 586.1s] epoch 1 step 16450 avg_loss=19.491
[ 587.8s] epoch 1 step 16500 avg_loss=19.449
[ 589.7s] epoch 1 step 16550 avg_loss=19.467
[ 591.4s] epoch 1 step 16600 avg_loss=19.461
[ 592.7s] epoch 1 step 16650 avg_loss=19.427
[ 594.2s] epoch 1 step 16700 avg_loss=19.399
[ 596.1s] epoch 1 step 16750 avg_loss=19.409
[ 597.7s] epoch 1 step 16800 avg_loss=19.381
[ 599.5s] epoch 1 step 16850 avg_loss=19.397
[ 601.3s] epoch 1 step 16900 avg_loss=19.417
[ 602.9s] epoch 1 step 16950 avg_loss=19.414
[ 604.6s] epoch 1 step 17000 avg_loss=19.380
[ 606.1s] epoch 1 step 17050 avg_loss=19.351
[ 608.1s] epoch 1 step 17100 avg_loss=19.392
[ 609.8s] epoch 1 step 17150 avg_loss=19.384
[ 611.8s] epoch 1 step 17200 avg_loss=19.417
[ 613.5s] epoch 1 step 17250 avg_loss=19.383
[ 615.3s] epoch 1 step 17300 avg_loss=19.403
[ 617.2s] epoch 1 step 17350 avg_loss=19.412
[ 619.2s] epoch 1 step 17400 avg_loss=19.409
[ 620.9s] epoch 1 step 17450 avg_loss=19.400
[ 622.4s] epoch 1 step 17500 avg_loss=19.406
[ 624.1s] epoch 1 step 17550 avg_loss=19.395
[ 625.7s] epoch 1 step 17600 avg_loss=19.367
[ 627.3s] epoch 1 step 17650 avg_loss=19.384
[ 629.0s] epoch 1 step 17700 avg_loss=19.361
[ 630.6s] epoch 1 step 17750 avg_loss=19.331
[ 632.4s] epoch 1 step 17800 avg_loss=19.340
[ 634.1s] epoch 1 step 17850 avg_loss=19.328
[ 636.0s] epoch 1 step 17900 avg_loss=19.327
[ 637.8s] epoch 1 step 17950 avg_loss=19.349
[ 639.7s] epoch 1 step 18000 avg_loss=19.412
[ 641.2s] epoch 1 step 18050 avg_loss=19.403
[ 642.8s] epoch 1 step 18100 avg_loss=19.405
[ 644.0s] epoch 1 step 18150 avg_loss=19.384
[ 645.5s] epoch 1 step 18200 avg_loss=19.372
[ 647.0s] epoch 1 step 18250 avg_loss=19.357
[ 648.5s] epoch 1 step 18300 avg_loss=19.344
[ 650.0s] epoch 1 step 18350 avg_loss=19.307
[ 651.6s] epoch 1 step 18400 avg_loss=19.293
[ 653.1s] epoch 1 step 18450 avg_loss=19.272
[ 654.5s] epoch 1 step 18500 avg_loss=19.255
[ 656.2s] epoch 1 step 18550 avg_loss=19.243
[ 657.9s] epoch 1 step 18600 avg_loss=19.280
[ 659.4s] epoch 1 step 18650 avg_loss=19.254
[ 661.0s] epoch 1 step 18700 avg_loss=19.240
[ 662.8s] epoch 1 step 18750 avg_loss=19.236
[ 664.4s] epoch 1 step 18800 avg_loss=19.218
[ 666.2s] epoch 1 step 18850 avg_loss=19.261
[ 667.8s] epoch 1 step 18900 avg_loss=19.237
[ 669.5s] epoch 1 step 18950 avg_loss=19.240
[ 671.2s] epoch 1 step 19000 avg_loss=19.272
[ 673.1s] epoch 1 step 19050 avg_loss=19.293
[ 674.5s] epoch 1 step 19100 avg_loss=19.291
[ 676.0s] epoch 1 step 19150 avg_loss=19.283
[ 677.6s] epoch 1 step 19200 avg_loss=19.272
[ 679.1s] epoch 1 step 19250 avg_loss=19.246
[ 680.8s] epoch 1 step 19300 avg_loss=19.247
[ 682.6s] epoch 1 step 19350 avg_loss=19.247
[ 684.3s] epoch 1 step 19400 avg_loss=19.258
[ 685.9s] epoch 1 step 19450 avg_loss=19.253
[ 687.6s] epoch 1 step 19500 avg_loss=19.251
[ 689.2s] epoch 1 step 19550 avg_loss=19.255
[ 690.6s] epoch 1 step 19600 avg_loss=19.239
[ 692.2s] epoch 1 step 19650 avg_loss=19.246
[ 693.8s] epoch 1 step 19700 avg_loss=19.266
[ 695.6s] epoch 1 step 19750 avg_loss=19.257
[ 697.1s] epoch 1 step 19800 avg_loss=19.236
[ 699.0s] epoch 1 step 19850 avg_loss=19.222
[ 700.7s] epoch 1 step 19900 avg_loss=19.213
[ 702.7s] epoch 1 step 19950 avg_loss=19.211
[ 704.5s] epoch 1 step 20000 avg_loss=19.226
[ 706.2s] epoch 1 step 20050 avg_loss=19.207
[ 708.2s] epoch 1 step 20100 avg_loss=19.254
[ 709.9s] epoch 1 step 20150 avg_loss=19.244
[ 711.8s] epoch 1 step 20200 avg_loss=19.255
[ 713.5s] epoch 1 step 20250 avg_loss=19.265
[ 715.3s] epoch 1 step 20300 avg_loss=19.264
[ 717.0s] epoch 1 step 20350 avg_loss=19.278
[ 719.0s] epoch 1 step 20400 avg_loss=19.287
[ 720.8s] epoch 1 step 20450 avg_loss=19.285
[ 722.6s] epoch 1 step 20500 avg_loss=19.289
[ 724.9s] epoch 1 step 20550 avg_loss=19.317
[ 727.1s] epoch 1 step 20600 avg_loss=19.331
[ 729.0s] epoch 1 step 20650 avg_loss=19.303
[ 731.2s] epoch 1 step 20700 avg_loss=19.317
[ 733.0s] epoch 1 step 20750 avg_loss=19.301
[ 734.7s] epoch 1 step 20800 avg_loss=19.295
[ 736.3s] epoch 1 step 20850 avg_loss=19.278
[ 738.1s] epoch 1 step 20900 avg_loss=19.284
[ 739.8s] epoch 1 step 20950 avg_loss=19.276
[ 741.5s] epoch 1 step 21000 avg_loss=19.269
[ 743.3s] epoch 1 step 21050 avg_loss=19.269
[ 745.2s] epoch 1 step 21100 avg_loss=19.286
[ 747.3s] epoch 1 step 21150 avg_loss=19.297
[ 749.0s] epoch 1 step 21200 avg_loss=19.277
[ 750.7s] epoch 1 step 21250 avg_loss=19.270
[ 752.9s] epoch 1 step 21300 avg_loss=19.299
[ 754.8s] epoch 1 step 21350 avg_loss=19.301
[ 756.9s] epoch 1 step 21400 avg_loss=19.307
[ 758.5s] epoch 1 step 21450 avg_loss=19.307
[ 760.1s] epoch 1 step 21500 avg_loss=19.281
[ 761.7s] epoch 1 step 21550 avg_loss=19.293
[ 763.5s] epoch 1 step 21600 avg_loss=19.287
[ 765.2s] epoch 1 step 21650 avg_loss=19.290
[ 767.0s] epoch 1 step 21700 avg_loss=19.279
[ 768.7s] epoch 1 step 21750 avg_loss=19.268
[ 770.4s] epoch 1 step 21800 avg_loss=19.276
[ 772.4s] epoch 1 step 21850 avg_loss=19.258
[ 774.0s] epoch 1 step 21900 avg_loss=19.246
[ 775.8s] epoch 1 step 21950 avg_loss=19.248
[ 777.4s] epoch 1 step 22000 avg_loss=19.252
[ 779.2s] epoch 1 step 22050 avg_loss=19.242
[ 781.0s] epoch 1 step 22100 avg_loss=19.227
[ 782.8s] epoch 1 step 22150 avg_loss=19.212
[ 784.6s] epoch 1 step 22200 avg_loss=19.206
[ 785.7s] === epoch 1 done: avg_loss=19.212 (n=11112 derivations) ===
[ 786.6s] epoch 2 step 22250 avg_loss=16.515
[ 788.5s] epoch 2 step 22300 avg_loss=17.422
[ 790.2s] epoch 2 step 22350 avg_loss=17.696
[ 791.9s] epoch 2 step 22400 avg_loss=17.112
[ 793.8s] epoch 2 step 22450 avg_loss=17.100
[ 795.5s] epoch 2 step 22500 avg_loss=16.954
[ 797.5s] epoch 2 step 22550 avg_loss=17.268
[ 799.3s] epoch 2 step 22600 avg_loss=17.187
[ 801.2s] epoch 2 step 22650 avg_loss=17.690
[ 802.8s] epoch 2 step 22700 avg_loss=17.319
[ 804.8s] epoch 2 step 22750 avg_loss=17.688
[ 806.4s] epoch 2 step 22800 avg_loss=17.244
[ 808.0s] epoch 2 step 22850 avg_loss=16.994
[ 809.9s] epoch 2 step 22900 avg_loss=17.220
[ 811.8s] epoch 2 step 22950 avg_loss=17.151
[ 813.7s] epoch 2 step 23000 avg_loss=17.217
[ 815.5s] epoch 2 step 23050 avg_loss=17.255
[ 817.2s] epoch 2 step 23100 avg_loss=17.242
[ 818.9s] epoch 2 step 23150 avg_loss=17.272
[ 820.4s] epoch 2 step 23200 avg_loss=17.185
[ 822.0s] epoch 2 step 23250 avg_loss=16.997
[ 823.6s] epoch 2 step 23300 avg_loss=17.137
[ 825.4s] epoch 2 step 23350 avg_loss=17.094
[ 827.2s] epoch 2 step 23400 avg_loss=17.025
[ 829.0s] epoch 2 step 23450 avg_loss=17.082
[ 830.9s] epoch 2 step 23500 avg_loss=17.151
[ 832.7s] epoch 2 step 23550 avg_loss=17.208
[ 834.3s] epoch 2 step 23600 avg_loss=17.093
[ 836.0s] epoch 2 step 23650 avg_loss=17.206
[ 837.7s] epoch 2 step 23700 avg_loss=17.147
[ 839.3s] epoch 2 step 23750 avg_loss=17.033
[ 841.3s] epoch 2 step 23800 avg_loss=17.069
[ 843.1s] epoch 2 step 23850 avg_loss=16.975
[ 844.9s] epoch 2 step 23900 avg_loss=16.954
[ 846.5s] epoch 2 step 23950 avg_loss=16.847
[ 848.3s] epoch 2 step 24000 avg_loss=16.862
[ 850.0s] epoch 2 step 24050 avg_loss=16.792
[ 851.7s] epoch 2 step 24100 avg_loss=16.799
[ 853.6s] epoch 2 step 24150 avg_loss=16.836
[ 855.3s] epoch 2 step 24200 avg_loss=16.875
[ 857.1s] epoch 2 step 24250 avg_loss=16.830
[ 858.7s] epoch 2 step 24300 avg_loss=16.746
[ 860.5s] epoch 2 step 24350 avg_loss=16.785
[ 862.0s] epoch 2 step 24400 avg_loss=16.671
[ 864.2s] epoch 2 step 24450 avg_loss=16.766
[ 865.8s] epoch 2 step 24500 avg_loss=16.822
[ 867.9s] epoch 2 step 24550 avg_loss=16.999
[ 869.6s] epoch 2 step 24600 avg_loss=16.993
[ 871.2s] epoch 2 step 24650 avg_loss=16.964
[ 872.9s] epoch 2 step 24700 avg_loss=16.928
[ 874.8s] epoch 2 step 24750 avg_loss=16.954
[ 876.7s] epoch 2 step 24800 avg_loss=16.995
[ 878.5s] epoch 2 step 24850 avg_loss=16.976
[ 880.2s] epoch 2 step 24900 avg_loss=17.002
[ 882.0s] epoch 2 step 24950 avg_loss=17.008
[ 883.6s] epoch 2 step 25000 avg_loss=16.967
[ 885.4s] epoch 2 step 25050 avg_loss=16.944
[ 887.2s] epoch 2 step 25100 avg_loss=16.865
[ 889.0s] epoch 2 step 25150 avg_loss=16.911
[ 891.3s] epoch 2 step 25200 avg_loss=16.991
[ 892.9s] epoch 2 step 25250 avg_loss=17.008
[ 894.6s] epoch 2 step 25300 avg_loss=17.047
[ 896.6s] epoch 2 step 25350 avg_loss=17.077
[ 898.7s] epoch 2 step 25400 avg_loss=17.153
[ 900.6s] epoch 2 step 25450 avg_loss=17.134
[ 902.3s] epoch 2 step 25500 avg_loss=17.097
[ 904.0s] epoch 2 step 25550 avg_loss=17.089
[ 905.7s] epoch 2 step 25600 avg_loss=17.073
[ 907.6s] epoch 2 step 25650 avg_loss=17.097
[ 909.4s] epoch 2 step 25700 avg_loss=17.085
[ 911.5s] epoch 2 step 25750 avg_loss=17.134
[ 913.4s] epoch 2 step 25800 avg_loss=17.173
[ 915.4s] epoch 2 step 25850 avg_loss=17.183
[ 917.0s] epoch 2 step 25900 avg_loss=17.174
[ 918.8s] epoch 2 step 25950 avg_loss=17.172
[ 920.7s] epoch 2 step 26000 avg_loss=17.181
[ 922.6s] epoch 2 step 26050 avg_loss=17.227
[ 924.3s] epoch 2 step 26100 avg_loss=17.245
[ 926.2s] epoch 2 step 26150 avg_loss=17.292
[ 927.9s] epoch 2 step 26200 avg_loss=17.331
[ 929.9s] epoch 2 step 26250 avg_loss=17.404
[ 931.7s] epoch 2 step 26300 avg_loss=17.391
[ 933.4s] epoch 2 step 26350 avg_loss=17.359
[ 935.4s] epoch 2 step 26400 avg_loss=17.389
[ 937.3s] epoch 2 step 26450 avg_loss=17.362
[ 939.4s] epoch 2 step 26500 avg_loss=17.414
[ 941.6s] epoch 2 step 26550 avg_loss=17.457
[ 943.5s] epoch 2 step 26600 avg_loss=17.428
[ 945.3s] epoch 2 step 26650 avg_loss=17.419
[ 947.4s] epoch 2 step 26700 avg_loss=17.491
[ 949.4s] epoch 2 step 26750 avg_loss=17.536
[ 951.5s] epoch 2 step 26800 avg_loss=17.562
[ 953.3s] epoch 2 step 26850 avg_loss=17.549
[ 955.2s] epoch 2 step 26900 avg_loss=17.546
[ 957.2s] epoch 2 step 26950 avg_loss=17.584
[ 959.0s] epoch 2 step 27000 avg_loss=17.579
[ 960.9s] epoch 2 step 27050 avg_loss=17.579
[ 962.6s] epoch 2 step 27100 avg_loss=17.542
[ 964.4s] epoch 2 step 27150 avg_loss=17.552
[ 966.1s] epoch 2 step 27200 avg_loss=17.534
[ 968.1s] epoch 2 step 27250 avg_loss=17.542
[ 969.9s] epoch 2 step 27300 avg_loss=17.550
[ 971.6s] epoch 2 step 27350 avg_loss=17.497
[ 973.2s] epoch 2 step 27400 avg_loss=17.475
[ 975.0s] epoch 2 step 27450 avg_loss=17.490
[ 976.9s] epoch 2 step 27500 avg_loss=17.531
[ 978.7s] epoch 2 step 27550 avg_loss=17.518
[ 980.2s] epoch 2 step 27600 avg_loss=17.502
[ 981.9s] epoch 2 step 27650 avg_loss=17.480
[ 983.6s] epoch 2 step 27700 avg_loss=17.470
[ 985.1s] epoch 2 step 27750 avg_loss=17.458
[ 986.6s] epoch 2 step 27800 avg_loss=17.440
[ 988.2s] epoch 2 step 27850 avg_loss=17.425
[ 989.8s] epoch 2 step 27900 avg_loss=17.393
[ 991.8s] epoch 2 step 27950 avg_loss=17.389
[ 993.5s] epoch 2 step 28000 avg_loss=17.409
[ 995.1s] epoch 2 step 28050 avg_loss=17.387
[ 997.0s] epoch 2 step 28100 avg_loss=17.434
[ 998.6s] epoch 2 step 28150 avg_loss=17.407
[1000.6s] epoch 2 step 28200 avg_loss=17.414
[1002.5s] epoch 2 step 28250 avg_loss=17.396
[1004.5s] epoch 2 step 28300 avg_loss=17.404
[1006.5s] epoch 2 step 28350 avg_loss=17.392
[1008.2s] epoch 2 step 28400 avg_loss=17.381
[1009.8s] epoch 2 step 28450 avg_loss=17.371
[1011.3s] epoch 2 step 28500 avg_loss=17.357
[1012.8s] epoch 2 step 28550 avg_loss=17.344
[1014.2s] epoch 2 step 28600 avg_loss=17.314
[1016.0s] epoch 2 step 28650 avg_loss=17.340
[1017.5s] epoch 2 step 28700 avg_loss=17.344
[1018.9s] epoch 2 step 28750 avg_loss=17.318
[1020.3s] epoch 2 step 28800 avg_loss=17.288
[1021.8s] epoch 2 step 28850 avg_loss=17.281
[1023.3s] epoch 2 step 28900 avg_loss=17.273
[1025.0s] epoch 2 step 28950 avg_loss=17.257
[1027.0s] epoch 2 step 29000 avg_loss=17.254
[1028.6s] epoch 2 step 29050 avg_loss=17.230
[1030.4s] epoch 2 step 29100 avg_loss=17.248
[1032.0s] epoch 2 step 29150 avg_loss=17.220
[1033.5s] epoch 2 step 29200 avg_loss=17.189
[1035.2s] epoch 2 step 29250 avg_loss=17.204
[1036.9s] epoch 2 step 29300 avg_loss=17.228
[1038.8s] epoch 2 step 29350 avg_loss=17.236
[1040.7s] epoch 2 step 29400 avg_loss=17.212
[1042.4s] epoch 2 step 29450 avg_loss=17.211
[1043.9s] epoch 2 step 29500 avg_loss=17.186
[1045.5s] epoch 2 step 29550 avg_loss=17.180
[1047.2s] epoch 2 step 29600 avg_loss=17.164
[1049.1s] epoch 2 step 29650 avg_loss=17.179
[1050.8s] epoch 2 step 29700 avg_loss=17.173
[1052.2s] epoch 2 step 29750 avg_loss=17.154
[1053.9s] epoch 2 step 29800 avg_loss=17.172
[1055.5s] epoch 2 step 29850 avg_loss=17.189
[1056.9s] epoch 2 step 29900 avg_loss=17.169
[1058.7s] epoch 2 step 29950 avg_loss=17.171
[1060.6s] epoch 2 step 30000 avg_loss=17.168
[1062.4s] epoch 2 step 30050 avg_loss=17.162
[1064.0s] epoch 2 step 30100 avg_loss=17.166
[1065.7s] epoch 2 step 30150 avg_loss=17.174
[1067.6s] epoch 2 step 30200 avg_loss=17.168
[1069.2s] epoch 2 step 30250 avg_loss=17.148
[1071.0s] epoch 2 step 30300 avg_loss=17.145
[1073.1s] epoch 2 step 30350 avg_loss=17.159
[1075.0s] epoch 2 step 30400 avg_loss=17.150
[1076.9s] epoch 2 step 30450 avg_loss=17.140
[1078.4s] epoch 2 step 30500 avg_loss=17.133
[1080.0s] epoch 2 step 30550 avg_loss=17.126
[1081.9s] epoch 2 step 30600 avg_loss=17.110
[1083.7s] epoch 2 step 30650 avg_loss=17.112
[1085.4s] epoch 2 step 30700 avg_loss=17.091
[1087.1s] epoch 2 step 30750 avg_loss=17.089
[1088.7s] epoch 2 step 30800 avg_loss=17.078
[1090.5s] epoch 2 step 30850 avg_loss=17.066
[1092.3s] epoch 2 step 30900 avg_loss=17.057
[1094.2s] epoch 2 step 30950 avg_loss=17.053
[1096.3s] epoch 2 step 31000 avg_loss=17.064
[1098.3s] epoch 2 step 31050 avg_loss=17.069
[1100.1s] epoch 2 step 31100 avg_loss=17.043
[1101.8s] epoch 2 step 31150 avg_loss=17.044
[1103.6s] epoch 2 step 31200 avg_loss=17.038
[1105.7s] epoch 2 step 31250 avg_loss=17.052
[1107.5s] epoch 2 step 31300 avg_loss=17.040
[1109.5s] epoch 2 step 31350 avg_loss=17.034
[1111.0s] epoch 2 step 31400 avg_loss=17.027
[1112.8s] epoch 2 step 31450 avg_loss=17.028
[1114.7s] epoch 2 step 31500 avg_loss=17.030
[1116.4s] epoch 2 step 31550 avg_loss=17.029
[1118.5s] epoch 2 step 31600 avg_loss=17.028
[1120.5s] epoch 2 step 31650 avg_loss=17.042
[1122.6s] epoch 2 step 31700 avg_loss=17.063
[1124.4s] epoch 2 step 31750 avg_loss=17.052
[1126.1s] epoch 2 step 31800 avg_loss=17.068
[1127.7s] epoch 2 step 31850 avg_loss=17.047
[1129.2s] epoch 2 step 31900 avg_loss=17.014
[1131.0s] epoch 2 step 31950 avg_loss=17.006
[1133.1s] eval step=1000 train_avg_loss=17.008 dev_rank1_f1=0.4573 dev_edge_p=0.4449 dev_edge_r=0.4704
[1134.8s] epoch 2 step 32000 avg_loss=17.014
[1137.2s] epoch 2 step 32050 avg_loss=17.029
[1139.2s] epoch 2 step 32100 avg_loss=17.030
[1141.3s] epoch 2 step 32150 avg_loss=17.051
[1143.1s] epoch 2 step 32200 avg_loss=17.066
[1144.9s] epoch 2 step 32250 avg_loss=17.066
[1146.6s] epoch 2 step 32300 avg_loss=17.077
[1148.7s] epoch 2 step 32350 avg_loss=17.067
[1150.4s] epoch 2 step 32400 avg_loss=17.041
[1152.2s] epoch 2 step 32450 avg_loss=17.013
[1154.2s] epoch 2 step 32500 avg_loss=17.020
[1156.1s] epoch 2 step 32550 avg_loss=17.027
[1157.9s] epoch 2 step 32600 avg_loss=17.008
[1159.4s] epoch 2 step 32650 avg_loss=16.979
[1161.0s] epoch 2 step 32700 avg_loss=16.978
[1162.8s] epoch 2 step 32750 avg_loss=16.960
[1164.5s] epoch 2 step 32800 avg_loss=16.948
[1166.3s] epoch 2 step 32850 avg_loss=16.943
[1168.5s] epoch 2 step 32900 avg_loss=16.945
[1170.3s] epoch 2 step 32950 avg_loss=16.940
[1172.2s] epoch 2 step 33000 avg_loss=16.938
[1174.1s] epoch 2 step 33050 avg_loss=16.965
[1175.7s] epoch 2 step 33100 avg_loss=16.951
[1177.1s] epoch 2 step 33150 avg_loss=16.925
[1178.9s] epoch 2 step 33200 avg_loss=16.947
[1180.3s] epoch 2 step 33250 avg_loss=16.936
[1181.9s] epoch 2 step 33300 avg_loss=16.945
[1183.1s] === epoch 2 done: avg_loss=16.941 (n=11112 derivations) ===
[1183.5s] epoch 3 step 33350 avg_loss=16.157
[1185.2s] epoch 3 step 33400 avg_loss=17.675
[1186.9s] epoch 3 step 33450 avg_loss=16.975
[1188.6s] epoch 3 step 33500 avg_loss=16.675
[1190.1s] epoch 3 step 33550 avg_loss=16.116
[1191.8s] epoch 3 step 33600 avg_loss=16.170
[1193.4s] epoch 3 step 33650 avg_loss=15.749
[1194.9s] epoch 3 step 33700 avg_loss=15.379
[1196.5s] epoch 3 step 33750 avg_loss=15.017
[1198.1s] epoch 3 step 33800 avg_loss=14.790
[1199.9s] epoch 3 step 33850 avg_loss=14.938
[1201.6s] epoch 3 step 33900 avg_loss=15.051
[1203.6s] epoch 3 step 33950 avg_loss=15.153
[1205.0s] epoch 3 step 34000 avg_loss=14.887
[1206.6s] epoch 3 step 34050 avg_loss=15.032
[1208.3s] epoch 3 step 34100 avg_loss=15.171
[1209.9s] epoch 3 step 34150 avg_loss=15.207
[1211.6s] epoch 3 step 34200 avg_loss=15.161
[1213.1s] epoch 3 step 34250 avg_loss=14.988
[1214.8s] epoch 3 step 34300 avg_loss=15.087
[1216.8s] epoch 3 step 34350 avg_loss=15.500
[1218.7s] epoch 3 step 34400 avg_loss=15.542
[1220.2s] epoch 3 step 34450 avg_loss=15.497
[1221.9s] epoch 3 step 34500 avg_loss=15.546
[1223.5s] epoch 3 step 34550 avg_loss=15.419
[1225.3s] epoch 3 step 34600 avg_loss=15.544
[1226.9s] epoch 3 step 34650 avg_loss=15.551
[1228.7s] epoch 3 step 34700 avg_loss=15.531
[1230.3s] epoch 3 step 34750 avg_loss=15.675
[1231.8s] epoch 3 step 34800 avg_loss=15.547
[1233.3s] epoch 3 step 34850 avg_loss=15.461
[1234.9s] epoch 3 step 34900 avg_loss=15.442
[1236.6s] epoch 3 step 34950 avg_loss=15.499
[1238.3s] epoch 3 step 35000 avg_loss=15.463
[1240.0s] epoch 3 step 35050 avg_loss=15.445
[1241.7s] epoch 3 step 35100 avg_loss=15.584
[1243.3s] epoch 3 step 35150 avg_loss=15.606
[1245.0s] epoch 3 step 35200 avg_loss=15.635
[1246.6s] epoch 3 step 35250 avg_loss=15.611
[1248.4s] epoch 3 step 35300 avg_loss=15.590
[1250.2s] epoch 3 step 35350 avg_loss=15.686
[1251.8s] epoch 3 step 35400 avg_loss=15.677
[1253.6s] epoch 3 step 35450 avg_loss=15.638
[1255.1s] epoch 3 step 35500 avg_loss=15.597
[1256.9s] epoch 3 step 35550 avg_loss=15.611
[1258.5s] epoch 3 step 35600 avg_loss=15.669
[1260.3s] epoch 3 step 35650 avg_loss=15.633
[1261.9s] epoch 3 step 35700 avg_loss=15.615
[1263.5s] epoch 3 step 35750 avg_loss=15.645
[1264.9s] epoch 3 step 35800 avg_loss=15.580
[1266.6s] epoch 3 step 35850 avg_loss=15.577
[1268.2s] epoch 3 step 35900 avg_loss=15.595
[1270.0s] epoch 3 step 35950 avg_loss=15.663
[1271.7s] epoch 3 step 36000 avg_loss=15.673
[1273.5s] epoch 3 step 36050 avg_loss=15.705
[1275.2s] epoch 3 step 36100 avg_loss=15.739
[1277.1s] epoch 3 step 36150 avg_loss=15.745
[1278.9s] epoch 3 step 36200 avg_loss=15.725
[1280.6s] epoch 3 step 36250 avg_loss=15.724
[1282.6s] epoch 3 step 36300 avg_loss=15.721
[1284.2s] epoch 3 step 36350 avg_loss=15.739
[1285.9s] epoch 3 step 36400 avg_loss=15.662
[1287.5s] epoch 3 step 36450 avg_loss=15.677
[1289.3s] epoch 3 step 36500 avg_loss=15.703
[1290.8s] epoch 3 step 36550 avg_loss=15.672
[1292.6s] epoch 3 step 36600 avg_loss=15.711
[1294.1s] epoch 3 step 36650 avg_loss=15.650
[1295.8s] epoch 3 step 36700 avg_loss=15.600
[1297.8s] epoch 3 step 36750 avg_loss=15.643
[1299.3s] epoch 3 step 36800 avg_loss=15.653
[1301.2s] epoch 3 step 36850 avg_loss=15.695
[1302.9s] epoch 3 step 36900 avg_loss=15.759
[1304.4s] epoch 3 step 36950 avg_loss=15.746
[1306.0s] epoch 3 step 37000 avg_loss=15.726
[1307.9s] epoch 3 step 37050 avg_loss=15.723
[1309.6s] epoch 3 step 37100 avg_loss=15.686
[1311.1s] epoch 3 step 37150 avg_loss=15.657
[1312.7s] epoch 3 step 37200 avg_loss=15.603
[1314.3s] epoch 3 step 37250 avg_loss=15.633
[1316.0s] epoch 3 step 37300 avg_loss=15.607
[1317.7s] epoch 3 step 37350 avg_loss=15.638
[1319.2s] epoch 3 step 37400 avg_loss=15.606
[1320.9s] epoch 3 step 37450 avg_loss=15.610
[1322.6s] epoch 3 step 37500 avg_loss=15.556
[1324.2s] epoch 3 step 37550 avg_loss=15.552
[1326.0s] epoch 3 step 37600 avg_loss=15.547
[1327.9s] epoch 3 step 37650 avg_loss=15.590
[1329.5s] epoch 3 step 37700 avg_loss=15.529
[1331.2s] epoch 3 step 37750 avg_loss=15.541
[1332.9s] epoch 3 step 37800 avg_loss=15.534
[1334.7s] epoch 3 step 37850 avg_loss=15.534
[1336.7s] epoch 3 step 37900 avg_loss=15.570
[1338.2s] epoch 3 step 37950 avg_loss=15.552
[1339.9s] epoch 3 step 38000 avg_loss=15.584
[1341.5s] epoch 3 step 38050 avg_loss=15.599
[1343.3s] epoch 3 step 38100 avg_loss=15.597
[1344.9s] epoch 3 step 38150 avg_loss=15.646
[1346.6s] epoch 3 step 38200 avg_loss=15.630
[1348.4s] epoch 3 step 38250 avg_loss=15.616
[1350.3s] epoch 3 step 38300 avg_loss=15.661
[1352.1s] epoch 3 step 38350 avg_loss=15.671
[1353.9s] epoch 3 step 38400 avg_loss=15.674
[1355.4s] epoch 3 step 38450 avg_loss=15.663
[1357.2s] epoch 3 step 38500 avg_loss=15.693
[1359.0s] epoch 3 step 38550 avg_loss=15.709
[1361.0s] epoch 3 step 38600 avg_loss=15.698
[1362.8s] epoch 3 step 38650 avg_loss=15.689
[1364.5s] epoch 3 step 38700 avg_loss=15.692
[1366.2s] epoch 3 step 38750 avg_loss=15.702
[1368.0s] epoch 3 step 38800 avg_loss=15.705
[1369.9s] epoch 3 step 38850 avg_loss=15.718
[1371.9s] epoch 3 step 38900 avg_loss=15.739
[1373.6s] epoch 3 step 38950 avg_loss=15.723
[1375.8s] epoch 3 step 39000 avg_loss=15.743
[1378.1s] epoch 3 step 39050 avg_loss=15.758
[1380.1s] epoch 3 step 39100 avg_loss=15.767
[1381.9s] epoch 3 step 39150 avg_loss=15.761
[1383.7s] epoch 3 step 39200 avg_loss=15.775
[1385.5s] epoch 3 step 39250 avg_loss=15.792
[1387.2s] epoch 3 step 39300 avg_loss=15.789
[1389.2s] epoch 3 step 39350 avg_loss=15.810
[1390.9s] epoch 3 step 39400 avg_loss=15.827
[1392.9s] epoch 3 step 39450 avg_loss=15.805
[1394.6s] epoch 3 step 39500 avg_loss=15.811
[1396.5s] epoch 3 step 39550 avg_loss=15.820
[1398.1s] epoch 3 step 39600 avg_loss=15.824
[1400.2s] epoch 3 step 39650 avg_loss=15.835
[1402.0s] epoch 3 step 39700 avg_loss=15.833
[1403.6s] epoch 3 step 39750 avg_loss=15.827
[1405.3s] epoch 3 step 39800 avg_loss=15.817
[1407.0s] epoch 3 step 39850 avg_loss=15.818
[1408.6s] epoch 3 step 39900 avg_loss=15.815
[1410.3s] epoch 3 step 39950 avg_loss=15.802
[1412.2s] epoch 3 step 40000 avg_loss=15.799
[1414.0s] epoch 3 step 40050 avg_loss=15.775
[1416.1s] epoch 3 step 40100 avg_loss=15.807
[1417.6s] epoch 3 step 40150 avg_loss=15.767
[1419.7s] epoch 3 step 40200 avg_loss=15.785
[1421.3s] epoch 3 step 40250 avg_loss=15.743
[1423.1s] epoch 3 step 40300 avg_loss=15.767
[1424.9s] epoch 3 step 40350 avg_loss=15.757
[1426.7s] epoch 3 step 40400 avg_loss=15.777
[1428.9s] epoch 3 step 40450 avg_loss=15.801
[1430.8s] epoch 3 step 40500 avg_loss=15.808
[1432.4s] epoch 3 step 40550 avg_loss=15.763
[1434.2s] epoch 3 step 40600 avg_loss=15.750
[1436.0s] epoch 3 step 40650 avg_loss=15.753
[1437.9s] epoch 3 step 40700 avg_loss=15.724
[1439.6s] epoch 3 step 40750 avg_loss=15.723
[1441.4s] epoch 3 step 40800 avg_loss=15.704
[1443.0s] epoch 3 step 40850 avg_loss=15.688
[1445.0s] epoch 3 step 40900 avg_loss=15.714
[1446.9s] epoch 3 step 40950 avg_loss=15.745
[1448.7s] epoch 3 step 41000 avg_loss=15.753
[1450.3s] epoch 3 step 41050 avg_loss=15.747
[1452.2s] epoch 3 step 41100 avg_loss=15.761
[1454.0s] epoch 3 step 41150 avg_loss=15.769
[1455.7s] epoch 3 step 41200 avg_loss=15.773
[1457.6s] epoch 3 step 41250 avg_loss=15.773
[1459.1s] epoch 3 step 41300 avg_loss=15.738
[1460.9s] epoch 3 step 41350 avg_loss=15.741
[1462.6s] epoch 3 step 41400 avg_loss=15.736
[1464.5s] epoch 3 step 41450 avg_loss=15.741
[1466.4s] epoch 3 step 41500 avg_loss=15.744
[1468.2s] epoch 3 step 41550 avg_loss=15.752
[1470.1s] epoch 3 step 41600 avg_loss=15.750
[1471.8s] epoch 3 step 41650 avg_loss=15.745
[1473.7s] epoch 3 step 41700 avg_loss=15.744
[1475.5s] epoch 3 step 41750 avg_loss=15.772
[1477.3s] epoch 3 step 41800 avg_loss=15.780
[1479.1s] epoch 3 step 41850 avg_loss=15.776
[1480.9s] epoch 3 step 41900 avg_loss=15.765
[1482.8s] epoch 3 step 41950 avg_loss=15.755
[1484.8s] epoch 3 step 42000 avg_loss=15.753
[1486.7s] epoch 3 step 42050 avg_loss=15.742
[1488.6s] epoch 3 step 42100 avg_loss=15.750
[1490.3s] epoch 3 step 42150 avg_loss=15.728
[1492.0s] epoch 3 step 42200 avg_loss=15.721
[1493.9s] epoch 3 step 42250 avg_loss=15.722
[1495.6s] epoch 3 step 42300 avg_loss=15.713
[1497.2s] epoch 3 step 42350 avg_loss=15.700
[1498.8s] epoch 3 step 42400 avg_loss=15.685
[1500.5s] epoch 3 step 42450 avg_loss=15.678
[1502.4s] epoch 3 step 42500 avg_loss=15.685
[1504.3s] epoch 3 step 42550 avg_loss=15.686
[1506.3s] epoch 3 step 42600 avg_loss=15.677
[1508.2s] epoch 3 step 42650 avg_loss=15.675
[1509.9s] epoch 3 step 42700 avg_loss=15.673
[1511.7s] epoch 3 step 42750 avg_loss=15.687
[1513.2s] epoch 3 step 42800 avg_loss=15.660
[1514.8s] epoch 3 step 42850 avg_loss=15.647
[1516.8s] epoch 3 step 42900 avg_loss=15.661
[1518.4s] epoch 3 step 42950 avg_loss=15.655
[1520.4s] epoch 3 step 43000 avg_loss=15.674
[1522.1s] epoch 3 step 43050 avg_loss=15.685
[1523.9s] epoch 3 step 43100 avg_loss=15.678
[1525.6s] epoch 3 step 43150 avg_loss=15.682
[1527.4s] epoch 3 step 43200 avg_loss=15.666
[1529.0s] epoch 3 step 43250 avg_loss=15.650
[1530.8s] epoch 3 step 43300 avg_loss=15.647
[1532.9s] epoch 3 step 43350 avg_loss=15.646
[1534.5s] epoch 3 step 43400 avg_loss=15.645
[1536.3s] epoch 3 step 43450 avg_loss=15.654
[1538.0s] epoch 3 step 43500 avg_loss=15.651
[1539.8s] epoch 3 step 43550 avg_loss=15.654
[1541.5s] epoch 3 step 43600 avg_loss=15.655
[1543.2s] epoch 3 step 43650 avg_loss=15.646
[1544.6s] epoch 3 step 43700 avg_loss=15.624
[1546.4s] epoch 3 step 43750 avg_loss=15.605
[1548.2s] epoch 3 step 43800 avg_loss=15.610
[1550.0s] epoch 3 step 43850 avg_loss=15.607
[1551.8s] epoch 3 step 43900 avg_loss=15.609
[1553.5s] epoch 3 step 43950 avg_loss=15.605
[1555.4s] epoch 3 step 44000 avg_loss=15.598
[1557.1s] epoch 3 step 44050 avg_loss=15.581
[1559.0s] epoch 3 step 44100 avg_loss=15.595
[1560.8s] epoch 3 step 44150 avg_loss=15.580
[1562.6s] epoch 3 step 44200 avg_loss=15.596
[1564.3s] epoch 3 step 44250 avg_loss=15.595
[1565.8s] epoch 3 step 44300 avg_loss=15.594
[1567.6s] epoch 3 step 44350 avg_loss=15.595
[1569.3s] epoch 3 step 44400 avg_loss=15.585
[1571.1s] === epoch 3 done: avg_loss=15.579 (n=11112 derivations) ===
[1571.1s] epoch 4 step 44450 avg_loss=3.765
[1572.7s] epoch 4 step 44500 avg_loss=11.976
[1574.4s] epoch 4 step 44550 avg_loss=12.760
[1576.3s] epoch 4 step 44600 avg_loss=14.245
[1578.1s] epoch 4 step 44650 avg_loss=15.008
[1580.0s] epoch 4 step 44700 avg_loss=15.682
[1581.6s] epoch 4 step 44750 avg_loss=15.680
[1583.2s] epoch 4 step 44800 avg_loss=15.299
[1585.3s] epoch 4 step 44850 avg_loss=15.944
[1587.2s] epoch 4 step 44900 avg_loss=16.100
[1588.9s] epoch 4 step 44950 avg_loss=16.090
[1590.9s] epoch 4 step 45000 avg_loss=15.911
[1592.6s] epoch 4 step 45050 avg_loss=15.690
[1594.5s] epoch 4 step 45100 avg_loss=15.430
[1596.4s] epoch 4 step 45150 avg_loss=15.509
[1598.2s] epoch 4 step 45200 avg_loss=15.334
[1600.2s] epoch 4 step 45250 avg_loss=15.281
[1602.1s] epoch 4 step 45300 avg_loss=15.355
[1603.9s] epoch 4 step 45350 avg_loss=15.236
[1605.6s] epoch 4 step 45400 avg_loss=14.982
[1607.3s] epoch 4 step 45450 avg_loss=14.981
[1609.2s] epoch 4 step 45500 avg_loss=14.787
[1611.3s] epoch 4 step 45550 avg_loss=14.994
[1612.9s] epoch 4 step 45600 avg_loss=14.808
[1614.4s] epoch 4 step 45650 avg_loss=14.652
[1616.1s] epoch 4 step 45700 avg_loss=14.561
[1617.9s] epoch 4 step 45750 avg_loss=14.513
[1619.6s] epoch 4 step 45800 avg_loss=14.514
[1621.2s] epoch 4 step 45850 avg_loss=14.422
[1622.9s] epoch 4 step 45900 avg_loss=14.318
[1624.8s] epoch 4 step 45950 avg_loss=14.407
[1626.5s] epoch 4 step 46000 avg_loss=14.451
[1628.2s] epoch 4 step 46050 avg_loss=14.501
[1630.4s] epoch 4 step 46100 avg_loss=14.719
[1632.1s] epoch 4 step 46150 avg_loss=14.762
[1633.9s] epoch 4 step 46200 avg_loss=14.719
[1635.7s] epoch 4 step 46250 avg_loss=14.846
[1637.3s] epoch 4 step 46300 avg_loss=14.771
[1639.0s] epoch 4 step 46350 avg_loss=14.761
[1640.9s] epoch 4 step 46400 avg_loss=14.819
[1642.4s] epoch 4 step 46450 avg_loss=14.762
[1644.1s] epoch 4 step 46500 avg_loss=14.743
[1645.6s] epoch 4 step 46550 avg_loss=14.697
[1647.3s] epoch 4 step 46600 avg_loss=14.701
[1649.5s] epoch 4 step 46650 avg_loss=14.717
[1651.5s] epoch 4 step 46700 avg_loss=14.774
[1653.4s] epoch 4 step 46750 avg_loss=14.839
[1655.0s] epoch 4 step 46800 avg_loss=14.761
[1657.4s] epoch 4 step 46850 avg_loss=14.749
[1658.9s] epoch 4 step 46900 avg_loss=14.679
[1660.9s] epoch 4 step 46950 avg_loss=14.713
[1662.9s] epoch 4 step 47000 avg_loss=14.721
[1665.0s] epoch 4 step 47050 avg_loss=14.710
[1666.9s] epoch 4 step 47100 avg_loss=14.770
[1668.9s] epoch 4 step 47150 avg_loss=14.830
[1670.7s] epoch 4 step 47200 avg_loss=14.853
[1672.4s] epoch 4 step 47250 avg_loss=14.800
[1674.1s] epoch 4 step 47300 avg_loss=14.749
[1676.2s] epoch 4 step 47350 avg_loss=14.762
[1678.1s] epoch 4 step 47400 avg_loss=14.735
[1680.2s] epoch 4 step 47450 avg_loss=14.851
[1682.1s] epoch 4 step 47500 avg_loss=14.881
[1683.9s] epoch 4 step 47550 avg_loss=14.855
[1685.6s] epoch 4 step 47600 avg_loss=14.827
[1687.5s] epoch 4 step 47650 avg_loss=14.850
[1689.4s] epoch 4 step 47700 avg_loss=14.845
[1691.4s] epoch 4 step 47750 avg_loss=14.887
[1692.8s] epoch 4 step 47800 avg_loss=14.818
[1694.3s] epoch 4 step 47850 avg_loss=14.788
[1696.0s] epoch 4 step 47900 avg_loss=14.823
[1697.9s] eval step=1500 train_avg_loss=14.824 dev_rank1_f1=0.4758 dev_edge_p=0.4558 dev_edge_r=0.4977
[1699.5s] epoch 4 step 47950 avg_loss=14.832
[1701.2s] epoch 4 step 48000 avg_loss=14.836
[1703.0s] epoch 4 step 48050 avg_loss=14.834
[1704.9s] epoch 4 step 48100 avg_loss=14.854
[1706.4s] epoch 4 step 48150 avg_loss=14.847
[1708.3s] epoch 4 step 48200 avg_loss=14.831
[1710.1s] epoch 4 step 48250 avg_loss=14.866
[1712.0s] epoch 4 step 48300 avg_loss=14.822
[1713.7s] epoch 4 step 48350 avg_loss=14.811
[1715.7s] epoch 4 step 48400 avg_loss=14.865
[1717.6s] epoch 4 step 48450 avg_loss=14.898
[1719.4s] epoch 4 step 48500 avg_loss=14.871
[1721.3s] epoch 4 step 48550 avg_loss=14.882
[1723.1s] epoch 4 step 48600 avg_loss=14.865
[1724.7s] epoch 4 step 48650 avg_loss=14.855
[1726.7s] epoch 4 step 48700 avg_loss=14.860
[1728.5s] epoch 4 step 48750 avg_loss=14.876
[1730.3s] epoch 4 step 48800 avg_loss=14.844
[1732.2s] epoch 4 step 48850 avg_loss=14.853
[1733.7s] epoch 4 step 48900 avg_loss=14.822
[1735.6s] epoch 4 step 48950 avg_loss=14.814
[1737.3s] epoch 4 step 49000 avg_loss=14.814
[1739.2s] epoch 4 step 49050 avg_loss=14.855
[1741.1s] epoch 4 step 49100 avg_loss=14.860
[1742.6s] epoch 4 step 49150 avg_loss=14.846
[1744.4s] epoch 4 step 49200 avg_loss=14.840
[1746.2s] epoch 4 step 49250 avg_loss=14.853
[1747.8s] epoch 4 step 49300 avg_loss=14.835
[1749.7s] epoch 4 step 49350 avg_loss=14.830
[1751.5s] epoch 4 step 49400 avg_loss=14.798
[1753.3s] epoch 4 step 49450 avg_loss=14.806
[1755.5s] epoch 4 step 49500 avg_loss=14.828
[1757.4s] epoch 4 step 49550 avg_loss=14.849
[1759.4s] epoch 4 step 49600 avg_loss=14.845
[1761.1s] epoch 4 step 49650 avg_loss=14.819
[1762.7s] epoch 4 step 49700 avg_loss=14.774
[1764.4s] epoch 4 step 49750 avg_loss=14.775
[1766.1s] epoch 4 step 49800 avg_loss=14.744
[1768.0s] epoch 4 step 49850 avg_loss=14.725
[1769.8s] epoch 4 step 49900 avg_loss=14.751
[1771.4s] epoch 4 step 49950 avg_loss=14.723
[1773.2s] epoch 4 step 50000 avg_loss=14.695
[1775.2s] epoch 4 step 50050 avg_loss=14.710
[1776.8s] epoch 4 step 50100 avg_loss=14.683
[1778.5s] epoch 4 step 50150 avg_loss=14.697
[1780.4s] epoch 4 step 50200 avg_loss=14.706
[1782.2s] epoch 4 step 50250 avg_loss=14.666
[1784.2s] epoch 4 step 50300 avg_loss=14.674
[1786.1s] epoch 4 step 50350 avg_loss=14.673
[1787.8s] epoch 4 step 50400 avg_loss=14.655
[1789.6s] epoch 4 step 50450 avg_loss=14.659
[1791.4s] epoch 4 step 50500 avg_loss=14.659
[1793.1s] epoch 4 step 50550 avg_loss=14.630
[1795.2s] epoch 4 step 50600 avg_loss=14.642
[1797.0s] epoch 4 step 50650 avg_loss=14.628
[1798.7s] epoch 4 step 50700 avg_loss=14.641
[1800.3s] epoch 4 step 50750 avg_loss=14.629
[1802.0s] epoch 4 step 50800 avg_loss=14.619
[1803.8s] epoch 4 step 50850 avg_loss=14.636
[1805.6s] epoch 4 step 50900 avg_loss=14.670
[1807.2s] epoch 4 step 50950 avg_loss=14.638
[1809.2s] epoch 4 step 51000 avg_loss=14.682
[1810.9s] epoch 4 step 51050 avg_loss=14.672
[1812.7s] epoch 4 step 51100 avg_loss=14.675
[1814.5s] epoch 4 step 51150 avg_loss=14.693
[1816.3s] epoch 4 step 51200 avg_loss=14.672
[1818.1s] epoch 4 step 51250 avg_loss=14.670
[1819.8s] epoch 4 step 51300 avg_loss=14.674
[1821.5s] epoch 4 step 51350 avg_loss=14.662
[1823.1s] epoch 4 step 51400 avg_loss=14.634
[1825.0s] epoch 4 step 51450 avg_loss=14.641
[1826.9s] epoch 4 step 51500 avg_loss=14.642
[1828.5s] epoch 4 step 51550 avg_loss=14.621
[1830.3s] epoch 4 step 51600 avg_loss=14.612
[1831.9s] epoch 4 step 51650 avg_loss=14.613
[1833.3s] epoch 4 step 51700 avg_loss=14.606
[1835.3s] epoch 4 step 51750 avg_loss=14.628
[1837.1s] epoch 4 step 51800 avg_loss=14.631
[1838.6s] epoch 4 step 51850 avg_loss=14.622
[1840.3s] epoch 4 step 51900 avg_loss=14.614
[1842.0s] epoch 4 step 51950 avg_loss=14.626
[1843.9s] epoch 4 step 52000 avg_loss=14.645
[1845.6s] epoch 4 step 52050 avg_loss=14.640
[1847.3s] epoch 4 step 52100 avg_loss=14.626
[1848.8s] epoch 4 step 52150 avg_loss=14.597
[1850.6s] epoch 4 step 52200 avg_loss=14.580
[1852.1s] epoch 4 step 52250 avg_loss=14.563
[1854.1s] epoch 4 step 52300 avg_loss=14.567
[1855.9s] epoch 4 step 52350 avg_loss=14.549
[1857.5s] epoch 4 step 52400 avg_loss=14.533
[1859.2s] epoch 4 step 52450 avg_loss=14.535
[1860.7s] epoch 4 step 52500 avg_loss=14.538
[1862.3s] epoch 4 step 52550 avg_loss=14.545
[1863.9s] epoch 4 step 52600 avg_loss=14.549
[1865.7s] epoch 4 step 52650 avg_loss=14.533
[1867.4s] epoch 4 step 52700 avg_loss=14.521
[1869.3s] epoch 4 step 52750 avg_loss=14.559
[1871.1s] epoch 4 step 52800 avg_loss=14.538
[1872.6s] epoch 4 step 52850 avg_loss=14.517
[1874.3s] epoch 4 step 52900 avg_loss=14.524
[1875.9s] epoch 4 step 52950 avg_loss=14.508
[1877.7s] epoch 4 step 53000 avg_loss=14.494
[1879.3s] epoch 4 step 53050 avg_loss=14.484
[1881.2s] epoch 4 step 53100 avg_loss=14.496
[1883.1s] epoch 4 step 53150 avg_loss=14.517
[1884.8s] epoch 4 step 53200 avg_loss=14.525
[1886.5s] epoch 4 step 53250 avg_loss=14.520
[1888.4s] epoch 4 step 53300 avg_loss=14.532
[1890.1s] epoch 4 step 53350 avg_loss=14.519
[1892.1s] epoch 4 step 53400 avg_loss=14.529
[1893.8s] epoch 4 step 53450 avg_loss=14.543
[1895.6s] epoch 4 step 53500 avg_loss=14.552
[1897.3s] epoch 4 step 53550 avg_loss=14.553
[1899.1s] epoch 4 step 53600 avg_loss=14.555
[1901.2s] epoch 4 step 53650 avg_loss=14.577
[1903.0s] epoch 4 step 53700 avg_loss=14.576
[1904.5s] epoch 4 step 53750 avg_loss=14.553
[1906.1s] epoch 4 step 53800 avg_loss=14.557
[1908.0s] epoch 4 step 53850 avg_loss=14.564
[1909.7s] epoch 4 step 53900 avg_loss=14.573
[1911.3s] epoch 4 step 53950 avg_loss=14.567
[1912.9s] epoch 4 step 54000 avg_loss=14.573
[1914.6s] epoch 4 step 54050 avg_loss=14.576
[1916.2s] epoch 4 step 54100 avg_loss=14.577
[1917.8s] epoch 4 step 54150 avg_loss=14.575
[1919.6s] epoch 4 step 54200 avg_loss=14.597
[1921.3s] epoch 4 step 54250 avg_loss=14.604
[1923.3s] epoch 4 step 54300 avg_loss=14.612
[1925.3s] epoch 4 step 54350 avg_loss=14.622
[1927.2s] epoch 4 step 54400 avg_loss=14.604
[1928.9s] epoch 4 step 54450 avg_loss=14.621
[1930.4s] epoch 4 step 54500 avg_loss=14.605
[1932.1s] epoch 4 step 54550 avg_loss=14.592
[1933.7s] epoch 4 step 54600 avg_loss=14.606
[1935.5s] epoch 4 step 54650 avg_loss=14.616
[1936.9s] epoch 4 step 54700 avg_loss=14.594
[1938.5s] epoch 4 step 54750 avg_loss=14.581
[1940.7s] epoch 4 step 54800 avg_loss=14.607
[1942.8s] epoch 4 step 54850 avg_loss=14.635
[1944.8s] epoch 4 step 54900 avg_loss=14.656
[1946.3s] epoch 4 step 54950 avg_loss=14.650
[1948.0s] epoch 4 step 55000 avg_loss=14.666
[1949.7s] epoch 4 step 55050 avg_loss=14.677
[1951.6s] epoch 4 step 55100 avg_loss=14.683
[1953.4s] epoch 4 step 55150 avg_loss=14.682
[1955.4s] epoch 4 step 55200 avg_loss=14.691
[1957.0s] epoch 4 step 55250 avg_loss=14.678
[1958.7s] epoch 4 step 55300 avg_loss=14.672
[1960.3s] epoch 4 step 55350 avg_loss=14.660
[1961.7s] epoch 4 step 55400 avg_loss=14.642
[1963.3s] epoch 4 step 55450 avg_loss=14.627
[1964.9s] epoch 4 step 55500 avg_loss=14.627
[1966.7s] epoch 4 step 55550 avg_loss=14.616
[1967.1s] === epoch 4 done: avg_loss=14.626 (n=11112 derivations) ===
[1968.9s] epoch 5 step 55600 avg_loss=19.590
[1970.8s] epoch 5 step 55650 avg_loss=16.439
[1972.8s] epoch 5 step 55700 avg_loss=15.784
[1974.8s] epoch 5 step 55750 avg_loss=15.609
[1976.5s] epoch 5 step 55800 avg_loss=15.291
[1978.3s] epoch 5 step 55850 avg_loss=15.217
[1980.4s] epoch 5 step 55900 avg_loss=15.748
[1982.4s] epoch 5 step 55950 avg_loss=15.974
[1984.5s] epoch 5 step 56000 avg_loss=15.760
[1986.1s] epoch 5 step 56050 avg_loss=15.607
[1987.8s] epoch 5 step 56100 avg_loss=15.557
[1989.7s] epoch 5 step 56150 avg_loss=15.628
[1991.3s] epoch 5 step 56200 avg_loss=15.317
[1992.8s] epoch 5 step 56250 avg_loss=15.151
[1994.8s] epoch 5 step 56300 avg_loss=15.113
[1996.5s] epoch 5 step 56350 avg_loss=15.035
[1998.2s] epoch 5 step 56400 avg_loss=14.905
[2000.1s] epoch 5 step 56450 avg_loss=14.960
[2001.7s] epoch 5 step 56500 avg_loss=14.653
[2003.4s] epoch 5 step 56550 avg_loss=14.563
[2005.0s] epoch 5 step 56600 avg_loss=14.664
[2007.0s] epoch 5 step 56650 avg_loss=14.771
[2008.6s] epoch 5 step 56700 avg_loss=14.691
[2010.2s] epoch 5 step 56750 avg_loss=14.639
[2012.1s] epoch 5 step 56800 avg_loss=14.765
[2013.7s] epoch 5 step 56850 avg_loss=14.714
[2015.6s] epoch 5 step 56900 avg_loss=14.833
[2017.5s] epoch 5 step 56950 avg_loss=14.803
[2019.2s] epoch 5 step 57000 avg_loss=14.836
[2020.9s] epoch 5 step 57050 avg_loss=14.794
[2022.4s] epoch 5 step 57100 avg_loss=14.696
[2024.0s] epoch 5 step 57150 avg_loss=14.653
[2025.5s] epoch 5 step 57200 avg_loss=14.567
[2027.2s] epoch 5 step 57250 avg_loss=14.527
[2028.7s] epoch 5 step 57300 avg_loss=14.454
[2030.4s] epoch 5 step 57350 avg_loss=14.483
[2032.2s] epoch 5 step 57400 avg_loss=14.548
[2033.8s] epoch 5 step 57450 avg_loss=14.535
[2035.5s] epoch 5 step 57500 avg_loss=14.518
[2037.4s] epoch 5 step 57550 avg_loss=14.565
[2039.0s] epoch 5 step 57600 avg_loss=14.500
[2040.8s] epoch 5 step 57650 avg_loss=14.517
[2042.8s] epoch 5 step 57700 avg_loss=14.643
[2044.8s] epoch 5 step 57750 avg_loss=14.641
[2046.7s] epoch 5 step 57800 avg_loss=14.701
[2048.1s] epoch 5 step 57850 avg_loss=14.573
[2050.0s] epoch 5 step 57900 avg_loss=14.614
[2051.7s] epoch 5 step 57950 avg_loss=14.574
[2053.7s] epoch 5 step 58000 avg_loss=14.568
[2055.4s] epoch 5 step 58050 avg_loss=14.472
[2057.1s] epoch 5 step 58100 avg_loss=14.460
[2059.2s] epoch 5 step 58150 avg_loss=14.409
[2060.9s] epoch 5 step 58200 avg_loss=14.332
[2062.5s] epoch 5 step 58250 avg_loss=14.265
[2064.5s] epoch 5 step 58300 avg_loss=14.353
[2066.1s] epoch 5 step 58350 avg_loss=14.347
[2067.9s] epoch 5 step 58400 avg_loss=14.334
[2069.5s] epoch 5 step 58450 avg_loss=14.350
[2071.2s] epoch 5 step 58500 avg_loss=14.326
[2073.0s] epoch 5 step 58550 avg_loss=14.312
[2074.5s] epoch 5 step 58600 avg_loss=14.231
[2076.1s] epoch 5 step 58650 avg_loss=14.141
[2077.8s] epoch 5 step 58700 avg_loss=14.121
[2079.3s] epoch 5 step 58750 avg_loss=14.041
[2081.1s] epoch 5 step 58800 avg_loss=14.052
[2083.0s] epoch 5 step 58850 avg_loss=14.069
[2084.8s] epoch 5 step 58900 avg_loss=14.068
[2086.4s] epoch 5 step 58950 avg_loss=14.068
[2088.6s] epoch 5 step 59000 avg_loss=14.113
[2090.4s] epoch 5 step 59050 avg_loss=14.142
[2092.1s] epoch 5 step 59100 avg_loss=14.134
[2094.1s] epoch 5 step 59150 avg_loss=14.191
[2095.7s] epoch 5 step 59200 avg_loss=14.181
[2097.2s] epoch 5 step 59250 avg_loss=14.158
[2099.1s] epoch 5 step 59300 avg_loss=14.151
[2100.5s] epoch 5 step 59350 avg_loss=14.103
[2102.1s] epoch 5 step 59400 avg_loss=14.103
[2103.7s] epoch 5 step 59450 avg_loss=14.086
[2105.2s] epoch 5 step 59500 avg_loss=14.084
[2106.9s] epoch 5 step 59550 avg_loss=14.088
[2108.7s] epoch 5 step 59600 avg_loss=14.061
[2110.2s] epoch 5 step 59650 avg_loss=14.050
[2111.9s] epoch 5 step 59700 avg_loss=14.060
[2113.7s] epoch 5 step 59750 avg_loss=14.037
[2115.3s] epoch 5 step 59800 avg_loss=13.993
[2117.0s] epoch 5 step 59850 avg_loss=14.010
[2118.7s] epoch 5 step 59900 avg_loss=13.996
[2120.4s] epoch 5 step 59950 avg_loss=13.995
[2121.9s] epoch 5 step 60000 avg_loss=13.985
[2123.6s] epoch 5 step 60050 avg_loss=13.945
[2125.6s] epoch 5 step 60100 avg_loss=13.985
[2127.6s] epoch 5 step 60150 avg_loss=14.020
[2129.1s] epoch 5 step 60200 avg_loss=13.982
[2131.0s] epoch 5 step 60250 avg_loss=13.944
[2132.6s] epoch 5 step 60300 avg_loss=13.947
[2134.4s] epoch 5 step 60350 avg_loss=13.948
[2136.0s] epoch 5 step 60400 avg_loss=13.945
[2137.7s] epoch 5 step 60450 avg_loss=13.926
[2139.1s] epoch 5 step 60500 avg_loss=13.866
[2140.9s] epoch 5 step 60550 avg_loss=13.899
[2142.4s] epoch 5 step 60600 avg_loss=13.872
[2144.2s] epoch 5 step 60650 avg_loss=13.919
[2146.0s] epoch 5 step 60700 avg_loss=13.908
[2147.5s] epoch 5 step 60750 avg_loss=13.880
[2149.3s] epoch 5 step 60800 avg_loss=13.890
[2151.2s] epoch 5 step 60850 avg_loss=13.921
[2152.8s] epoch 5 step 60900 avg_loss=13.900
[2154.6s] epoch 5 step 60950 avg_loss=13.941
[2156.3s] epoch 5 step 61000 avg_loss=13.943
[2157.8s] epoch 5 step 61050 avg_loss=13.939
[2159.3s] epoch 5 step 61100 avg_loss=13.892
[2160.9s] epoch 5 step 61150 avg_loss=13.895
[2162.3s] epoch 5 step 61200 avg_loss=13.879
[2163.9s] epoch 5 step 61250 avg_loss=13.858
[2165.2s] epoch 5 step 61300 avg_loss=13.842
[2166.9s] epoch 5 step 61350 avg_loss=13.832
[2168.3s] epoch 5 step 61400 avg_loss=13.810
[2170.2s] epoch 5 step 61450 avg_loss=13.823
[2172.2s] epoch 5 step 61500 avg_loss=13.889
[2173.8s] epoch 5 step 61550 avg_loss=13.868
[2175.5s] epoch 5 step 61600 avg_loss=13.875
[2177.4s] epoch 5 step 61650 avg_loss=13.858
[2179.0s] epoch 5 step 61700 avg_loss=13.864
[2180.8s] epoch 5 step 61750 avg_loss=13.868
[2182.4s] epoch 5 step 61800 avg_loss=13.887
[2184.1s] epoch 5 step 61850 avg_loss=13.878
[2185.8s] epoch 5 step 61900 avg_loss=13.874
[2187.7s] epoch 5 step 61950 avg_loss=13.875
[2189.6s] epoch 5 step 62000 avg_loss=13.880
[2191.3s] epoch 5 step 62050 avg_loss=13.878
[2192.8s] epoch 5 step 62100 avg_loss=13.880
[2194.7s] epoch 5 step 62150 avg_loss=13.908
[2196.6s] epoch 5 step 62200 avg_loss=13.914
[2198.3s] epoch 5 step 62250 avg_loss=13.897
[2200.3s] epoch 5 step 62300 avg_loss=13.936
[2202.2s] epoch 5 step 62350 avg_loss=13.940
[2203.7s] epoch 5 step 62400 avg_loss=13.920
[2205.4s] epoch 5 step 62450 avg_loss=13.913
[2206.9s] epoch 5 step 62500 avg_loss=13.885
[2208.4s] epoch 5 step 62550 avg_loss=13.877
[2209.8s] epoch 5 step 62600 avg_loss=13.851
[2211.5s] epoch 5 step 62650 avg_loss=13.844
[2213.2s] epoch 5 step 62700 avg_loss=13.840
[2214.7s] epoch 5 step 62750 avg_loss=13.814
[2216.5s] epoch 5 step 62800 avg_loss=13.827
[2218.4s] epoch 5 step 62850 avg_loss=13.859
[2220.2s] epoch 5 step 62900 avg_loss=13.844
[2221.9s] epoch 5 step 62950 avg_loss=13.860
[2224.0s] epoch 5 step 63000 avg_loss=13.886
[2225.8s] epoch 5 step 63050 avg_loss=13.889
[2227.4s] epoch 5 step 63100 avg_loss=13.897
[2229.3s] epoch 5 step 63150 avg_loss=13.925
[2230.8s] epoch 5 step 63200 avg_loss=13.905
[2232.4s] epoch 5 step 63250 avg_loss=13.914
[2234.1s] epoch 5 step 63300 avg_loss=13.910
[2235.6s] epoch 5 step 63350 avg_loss=13.899
[2237.6s] epoch 5 step 63400 avg_loss=13.892
[2239.4s] epoch 5 step 63450 avg_loss=13.895
[2241.2s] epoch 5 step 63500 avg_loss=13.885
[2242.8s] epoch 5 step 63550 avg_loss=13.857
[2244.7s] epoch 5 step 63600 avg_loss=13.859
[2246.7s] epoch 5 step 63650 avg_loss=13.882
[2248.6s] epoch 5 step 63700 avg_loss=13.877
[2250.3s] epoch 5 step 63750 avg_loss=13.880
[2251.7s] epoch 5 step 63800 avg_loss=13.855
[2253.3s] epoch 5 step 63850 avg_loss=13.850
[2256.1s] eval step=2000 train_avg_loss=13.835 dev_rank1_f1=0.4763 dev_edge_p=0.4664 dev_edge_r=0.4867
[2257.0s] epoch 5 step 63900 avg_loss=13.844
[2258.8s] epoch 5 step 63950 avg_loss=13.853
[2260.4s] epoch 5 step 64000 avg_loss=13.841
[2262.3s] epoch 5 step 64050 avg_loss=13.845
[2264.1s] epoch 5 step 64100 avg_loss=13.835
[2265.7s] epoch 5 step 64150 avg_loss=13.828
[2267.7s] epoch 5 step 64200 avg_loss=13.848
[2269.4s] epoch 5 step 64250 avg_loss=13.834
[2271.0s] epoch 5 step 64300 avg_loss=13.823
[2273.0s] epoch 5 step 64350 avg_loss=13.830
[2274.7s] epoch 5 step 64400 avg_loss=13.815
[2276.7s] epoch 5 step 64450 avg_loss=13.819
[2278.6s] epoch 5 step 64500 avg_loss=13.803
[2280.6s] epoch 5 step 64550 avg_loss=13.810
[2282.5s] epoch 5 step 64600 avg_loss=13.800
[2284.4s] epoch 5 step 64650 avg_loss=13.818
[2286.4s] epoch 5 step 64700 avg_loss=13.821
[2288.2s] epoch 5 step 64750 avg_loss=13.828
[2289.9s] epoch 5 step 64800 avg_loss=13.806
[2292.0s] epoch 5 step 64850 avg_loss=13.821
[2294.0s] epoch 5 step 64900 avg_loss=13.836
[2296.1s] epoch 5 step 64950 avg_loss=13.834
[2297.8s] epoch 5 step 65000 avg_loss=13.829
[2299.9s] epoch 5 step 65050 avg_loss=13.834
[2302.0s] epoch 5 step 65100 avg_loss=13.828
[2304.0s] epoch 5 step 65150 avg_loss=13.835
[2305.9s] epoch 5 step 65200 avg_loss=13.846
[2307.5s] epoch 5 step 65250 avg_loss=13.832
[2309.4s] epoch 5 step 65300 avg_loss=13.836
[2311.2s] epoch 5 step 65350 avg_loss=13.845
[2312.9s] epoch 5 step 65400 avg_loss=13.835
[2314.6s] epoch 5 step 65450 avg_loss=13.831
[2316.4s] epoch 5 step 65500 avg_loss=13.823
[2318.4s] epoch 5 step 65550 avg_loss=13.855
[2320.3s] epoch 5 step 65600 avg_loss=13.849
[2322.1s] epoch 5 step 65650 avg_loss=13.848
[2323.8s] epoch 5 step 65700 avg_loss=13.833
[2325.7s] epoch 5 step 65750 avg_loss=13.878
[2327.5s] epoch 5 step 65800 avg_loss=13.874
[2329.3s] epoch 5 step 65850 avg_loss=13.860
[2331.1s] epoch 5 step 65900 avg_loss=13.863
[2333.3s] epoch 5 step 65950 avg_loss=13.879
[2335.2s] epoch 5 step 66000 avg_loss=13.889
[2337.0s] epoch 5 step 66050 avg_loss=13.892
[2339.0s] epoch 5 step 66100 avg_loss=13.895
[2340.6s] epoch 5 step 66150 avg_loss=13.883
[2342.1s] epoch 5 step 66200 avg_loss=13.878
[2343.6s] epoch 5 step 66250 avg_loss=13.859
[2345.5s] epoch 5 step 66300 avg_loss=13.876
[2347.0s] epoch 5 step 66350 avg_loss=13.860
[2348.8s] epoch 5 step 66400 avg_loss=13.866
[2350.4s] epoch 5 step 66450 avg_loss=13.858
[2352.1s] epoch 5 step 66500 avg_loss=13.853
[2353.7s] epoch 5 step 66550 avg_loss=13.839
[2355.3s] epoch 5 step 66600 avg_loss=13.829
[2356.9s] epoch 5 step 66650 avg_loss=13.843
[2357.8s] === epoch 5 done: avg_loss=13.850 (n=11112 derivations) ===
[2358.7s] epoch 6 step 66700 avg_loss=13.797
[2360.5s] epoch 6 step 66750 avg_loss=15.036
[2362.4s] epoch 6 step 66800 avg_loss=14.930
[2363.9s] epoch 6 step 66850 avg_loss=13.167
[2365.4s] epoch 6 step 66900 avg_loss=12.212
[2367.3s] epoch 6 step 66950 avg_loss=12.549
[2369.1s] epoch 6 step 67000 avg_loss=12.590
[2370.8s] epoch 6 step 67050 avg_loss=12.456
[2372.5s] epoch 6 step 67100 avg_loss=12.789
[2374.0s] epoch 6 step 67150 avg_loss=12.612
[2375.6s] epoch 6 step 67200 avg_loss=12.689
[2377.2s] epoch 6 step 67250 avg_loss=12.804
[2379.0s] epoch 6 step 67300 avg_loss=12.803
[2380.8s] epoch 6 step 67350 avg_loss=12.864
[2382.7s] epoch 6 step 67400 avg_loss=13.018
[2384.5s] epoch 6 step 67450 avg_loss=13.079
[2386.4s] epoch 6 step 67500 avg_loss=13.009
[2388.4s] epoch 6 step 67550 avg_loss=13.157
[2390.5s] epoch 6 step 67600 avg_loss=13.353
[2392.0s] epoch 6 step 67650 avg_loss=13.256
[2393.6s] epoch 6 step 67700 avg_loss=13.182
[2395.4s] epoch 6 step 67750 avg_loss=13.036
[2396.9s] epoch 6 step 67800 avg_loss=12.893
[2398.6s] epoch 6 step 67850 avg_loss=12.968
[2400.4s] epoch 6 step 67900 avg_loss=12.968
[2402.0s] epoch 6 step 67950 avg_loss=12.934
[2403.9s] epoch 6 step 68000 avg_loss=13.005
[2405.5s] epoch 6 step 68050 avg_loss=12.957
[2407.0s] epoch 6 step 68100 avg_loss=12.832
[2408.9s] epoch 6 step 68150 avg_loss=12.943
[2410.6s] epoch 6 step 68200 avg_loss=12.933
[2412.0s] epoch 6 step 68250 avg_loss=12.916
[2413.7s] epoch 6 step 68300 avg_loss=12.936
[2415.5s] epoch 6 step 68350 avg_loss=13.024
[2417.4s] epoch 6 step 68400 avg_loss=13.205
[2419.2s] epoch 6 step 68450 avg_loss=13.206
[2420.9s] epoch 6 step 68500 avg_loss=13.210
[2422.8s] epoch 6 step 68550 avg_loss=13.252
[2425.1s] epoch 6 step 68600 avg_loss=13.250
[2427.1s] epoch 6 step 68650 avg_loss=13.385
[2429.1s] epoch 6 step 68700 avg_loss=13.477
[2430.7s] epoch 6 step 68750 avg_loss=13.403
[2432.5s] epoch 6 step 68800 avg_loss=13.389
[2434.2s] epoch 6 step 68850 avg_loss=13.331
[2435.7s] epoch 6 step 68900 avg_loss=13.233
[2437.6s] epoch 6 step 68950 avg_loss=13.188
[2439.2s] epoch 6 step 69000 avg_loss=13.152
[2441.0s] epoch 6 step 69050 avg_loss=13.171
[2442.7s] epoch 6 step 69100 avg_loss=13.136
[2444.7s] epoch 6 step 69150 avg_loss=13.203
[2446.5s] epoch 6 step 69200 avg_loss=13.235
[2448.5s] epoch 6 step 69250 avg_loss=13.284
[2450.3s] epoch 6 step 69300 avg_loss=13.334
[2452.1s] epoch 6 step 69350 avg_loss=13.332
[2453.7s] epoch 6 step 69400 avg_loss=13.309
[2455.3s] epoch 6 step 69450 avg_loss=13.268
[2457.3s] epoch 6 step 69500 avg_loss=13.303
[2459.0s] epoch 6 step 69550 avg_loss=13.322
[2460.5s] epoch 6 step 69600 avg_loss=13.302
[2462.3s] epoch 6 step 69650 avg_loss=13.310
[2464.3s] epoch 6 step 69700 avg_loss=13.402
[2466.1s] epoch 6 step 69750 avg_loss=13.417
[2467.9s] epoch 6 step 69800 avg_loss=13.396
[2469.5s] epoch 6 step 69850 avg_loss=13.374
[2471.2s] epoch 6 step 69900 avg_loss=13.357
[2472.9s] epoch 6 step 69950 avg_loss=13.374
[2474.5s] epoch 6 step 70000 avg_loss=13.410
[2476.4s] epoch 6 step 70050 avg_loss=13.398
[2478.2s] epoch 6 step 70100 avg_loss=13.407
[2479.9s] epoch 6 step 70150 avg_loss=13.440
[2481.8s] epoch 6 step 70200 avg_loss=13.458
[2483.7s] epoch 6 step 70250 avg_loss=13.498
[2485.4s] epoch 6 step 70300 avg_loss=13.485
[2487.2s] epoch 6 step 70350 avg_loss=13.505
[2488.9s] epoch 6 step 70400 avg_loss=13.527
[2490.9s] epoch 6 step 70450 avg_loss=13.534
[2492.8s] epoch 6 step 70500 avg_loss=13.571
[2494.3s] epoch 6 step 70550 avg_loss=13.551
[2496.0s] epoch 6 step 70600 avg_loss=13.579
[2497.7s] epoch 6 step 70650 avg_loss=13.611
[2499.5s] epoch 6 step 70700 avg_loss=13.641
[2501.4s] epoch 6 step 70750 avg_loss=13.683
[2503.4s] epoch 6 step 70800 avg_loss=13.696
[2505.2s] epoch 6 step 70850 avg_loss=13.716
[2507.1s] epoch 6 step 70900 avg_loss=13.726
[2508.8s] epoch 6 step 70950 avg_loss=13.714
[2510.5s] epoch 6 step 71000 avg_loss=13.748
[2512.2s] epoch 6 step 71050 avg_loss=13.745
[2513.8s] epoch 6 step 71100 avg_loss=13.714
[2515.3s] epoch 6 step 71150 avg_loss=13.689
[2517.0s] epoch 6 step 71200 avg_loss=13.673
[2518.8s] epoch 6 step 71250 avg_loss=13.661
[2520.7s] epoch 6 step 71300 avg_loss=13.633
[2522.4s] epoch 6 step 71350 avg_loss=13.605
[2524.1s] epoch 6 step 71400 avg_loss=13.556
[2525.9s] epoch 6 step 71450 avg_loss=13.535
[2527.7s] epoch 6 step 71500 avg_loss=13.516
[2529.6s] epoch 6 step 71550 avg_loss=13.511
[2531.1s] epoch 6 step 71600 avg_loss=13.485
[2532.5s] epoch 6 step 71650 avg_loss=13.426
[2534.3s] epoch 6 step 71700 avg_loss=13.421
[2535.9s] epoch 6 step 71750 avg_loss=13.416
[2537.5s] epoch 6 step 71800 avg_loss=13.414
[2539.2s] epoch 6 step 71850 avg_loss=13.398
[2540.7s] epoch 6 step 71900 avg_loss=13.387
[2542.4s] epoch 6 step 71950 avg_loss=13.376
[2544.5s] epoch 6 step 72000 avg_loss=13.416
[2546.0s] epoch 6 step 72050 avg_loss=13.385
[2547.8s] epoch 6 step 72100 avg_loss=13.423
[2549.3s] epoch 6 step 72150 avg_loss=13.430
[2550.8s] epoch 6 step 72200 avg_loss=13.414
[2552.4s] epoch 6 step 72250 avg_loss=13.389
[2554.2s] epoch 6 step 72300 avg_loss=13.363
[2556.0s] epoch 6 step 72350 avg_loss=13.394
[2557.6s] epoch 6 step 72400 avg_loss=13.374
[2559.3s] epoch 6 step 72450 avg_loss=13.387
[2560.9s] epoch 6 step 72500 avg_loss=13.388
[2562.4s] epoch 6 step 72550 avg_loss=13.370
[2564.2s] epoch 6 step 72600 avg_loss=13.410
[2565.8s] epoch 6 step 72650 avg_loss=13.409
[2567.5s] epoch 6 step 72700 avg_loss=13.395
[2569.0s] epoch 6 step 72750 avg_loss=13.380
[2570.6s] epoch 6 step 72800 avg_loss=13.366
[2572.5s] epoch 6 step 72850 avg_loss=13.366
[2574.1s] epoch 6 step 72900 avg_loss=13.338
[2575.7s] epoch 6 step 72950 avg_loss=13.319
[2577.5s] epoch 6 step 73000 avg_loss=13.320
[2579.3s] epoch 6 step 73050 avg_loss=13.319
[2581.0s] epoch 6 step 73100 avg_loss=13.348
[2582.5s] epoch 6 step 73150 avg_loss=13.345
[2584.0s] epoch 6 step 73200 avg_loss=13.340
[2585.7s] epoch 6 step 73250 avg_loss=13.386
[2587.4s] epoch 6 step 73300 avg_loss=13.377
[2588.9s] epoch 6 step 73350 avg_loss=13.381
[2590.7s] epoch 6 step 73400 avg_loss=13.377
[2592.3s] epoch 6 step 73450 avg_loss=13.374
[2594.1s] epoch 6 step 73500 avg_loss=13.408
[2595.5s] epoch 6 step 73550 avg_loss=13.383
[2597.2s] epoch 6 step 73600 avg_loss=13.408
[2598.9s] epoch 6 step 73650 avg_loss=13.389
[2600.7s] epoch 6 step 73700 avg_loss=13.403
[2602.6s] epoch 6 step 73750 avg_loss=13.415
[2604.6s] epoch 6 step 73800 avg_loss=13.426
[2606.5s] epoch 6 step 73850 avg_loss=13.439
[2608.5s] epoch 6 step 73900 avg_loss=13.451
[2610.1s] epoch 6 step 73950 avg_loss=13.447
[2611.9s] epoch 6 step 74000 avg_loss=13.438
[2613.6s] epoch 6 step 74050 avg_loss=13.449
[2615.2s] epoch 6 step 74100 avg_loss=13.416
[2617.1s] epoch 6 step 74150 avg_loss=13.414
[2619.0s] epoch 6 step 74200 avg_loss=13.412
[2620.5s] epoch 6 step 74250 avg_loss=13.403
[2622.3s] epoch 6 step 74300 avg_loss=13.388
[2624.4s] epoch 6 step 74350 avg_loss=13.408
[2626.3s] epoch 6 step 74400 avg_loss=13.411
[2628.1s] epoch 6 step 74450 avg_loss=13.419
[2629.7s] epoch 6 step 74500 avg_loss=13.415
[2631.4s] epoch 6 step 74550 avg_loss=13.417
[2633.1s] epoch 6 step 74600 avg_loss=13.446
[2634.7s] epoch 6 step 74650 avg_loss=13.431
[2636.2s] epoch 6 step 74700 avg_loss=13.410
[2637.8s] epoch 6 step 74750 avg_loss=13.398
[2639.7s] epoch 6 step 74800 avg_loss=13.410
[2641.3s] epoch 6 step 74850 avg_loss=13.401
[2643.0s] epoch 6 step 74900 avg_loss=13.384
[2644.8s] epoch 6 step 74950 avg_loss=13.394
[2646.6s] epoch 6 step 75000 avg_loss=13.383
[2648.4s] epoch 6 step 75050 avg_loss=13.383
[2650.1s] epoch 6 step 75100 avg_loss=13.370
[2651.8s] epoch 6 step 75150 avg_loss=13.349
[2653.5s] epoch 6 step 75200 avg_loss=13.342
[2655.3s] epoch 6 step 75250 avg_loss=13.341
[2656.9s] epoch 6 step 75300 avg_loss=13.323
[2658.4s] epoch 6 step 75350 avg_loss=13.302
[2660.0s] epoch 6 step 75400 avg_loss=13.306
[2661.8s] epoch 6 step 75450 avg_loss=13.327
[2663.5s] epoch 6 step 75500 avg_loss=13.324
[2665.4s] epoch 6 step 75550 avg_loss=13.357
[2667.0s] epoch 6 step 75600 avg_loss=13.349
[2668.7s] epoch 6 step 75650 avg_loss=13.334
[2670.3s] epoch 6 step 75700 avg_loss=13.323
[2672.1s] epoch 6 step 75750 avg_loss=13.320
[2673.7s] epoch 6 step 75800 avg_loss=13.338
[2675.3s] epoch 6 step 75850 avg_loss=13.335
[2676.9s] epoch 6 step 75900 avg_loss=13.323
[2678.6s] epoch 6 step 75950 avg_loss=13.319
[2680.0s] epoch 6 step 76000 avg_loss=13.309
[2681.8s] epoch 6 step 76050 avg_loss=13.310
[2683.7s] epoch 6 step 76100 avg_loss=13.311
[2685.4s] epoch 6 step 76150 avg_loss=13.314
[2687.2s] epoch 6 step 76200 avg_loss=13.306
[2688.7s] epoch 6 step 76250 avg_loss=13.297
[2690.2s] epoch 6 step 76300 avg_loss=13.295
[2691.6s] epoch 6 step 76350 avg_loss=13.271
[2693.2s] epoch 6 step 76400 avg_loss=13.261
[2694.7s] epoch 6 step 76450 avg_loss=13.251
[2696.1s] epoch 6 step 76500 avg_loss=13.227
[2697.7s] epoch 6 step 76550 avg_loss=13.217
[2699.2s] epoch 6 step 76600 avg_loss=13.202
[2700.7s] epoch 6 step 76650 avg_loss=13.188
[2702.1s] epoch 6 step 76700 avg_loss=13.178
[2703.7s] epoch 6 step 76750 avg_loss=13.172
[2705.4s] epoch 6 step 76800 avg_loss=13.159
[2707.2s] epoch 6 step 76850 avg_loss=13.157
[2708.7s] epoch 6 step 76900 avg_loss=13.162
[2710.3s] epoch 6 step 76950 avg_loss=13.157
[2711.7s] epoch 6 step 77000 avg_loss=13.142
[2713.6s] epoch 6 step 77050 avg_loss=13.151
[2715.3s] epoch 6 step 77100 avg_loss=13.162
[2716.9s] epoch 6 step 77150 avg_loss=13.167
[2718.5s] epoch 6 step 77200 avg_loss=13.181
[2720.2s] epoch 6 step 77250 avg_loss=13.181
[2722.2s] epoch 6 step 77300 avg_loss=13.201
[2723.7s] epoch 6 step 77350 avg_loss=13.191
[2725.4s] epoch 6 step 77400 avg_loss=13.191
[2727.4s] epoch 6 step 77450 avg_loss=13.197
[2729.2s] epoch 6 step 77500 avg_loss=13.221
[2730.7s] epoch 6 step 77550 avg_loss=13.218
[2732.1s] epoch 6 step 77600 avg_loss=13.210
[2734.0s] epoch 6 step 77650 avg_loss=13.230
[2735.7s] epoch 6 step 77700 avg_loss=13.234
[2737.3s] epoch 6 step 77750 avg_loss=13.236
[2738.3s] === epoch 6 done: avg_loss=13.219 (n=11112 derivations) ===
[2739.0s] epoch 7 step 77800 avg_loss=18.549
[2740.6s] epoch 7 step 77850 avg_loss=10.742
[2742.3s] epoch 7 step 77900 avg_loss=12.181
[2744.2s] epoch 7 step 77950 avg_loss=12.415
[2745.7s] epoch 7 step 78000 avg_loss=12.190
[2747.5s] epoch 7 step 78050 avg_loss=12.826
[2749.3s] epoch 7 step 78100 avg_loss=12.566
[2750.8s] epoch 7 step 78150 avg_loss=12.220
[2752.2s] epoch 7 step 78200 avg_loss=12.016
[2753.7s] epoch 7 step 78250 avg_loss=11.615
[2755.2s] epoch 7 step 78300 avg_loss=11.721
[2756.9s] epoch 7 step 78350 avg_loss=11.590
[2758.4s] epoch 7 step 78400 avg_loss=11.757
[2760.2s] epoch 7 step 78450 avg_loss=12.009
[2761.8s] epoch 7 step 78500 avg_loss=11.865
[2763.3s] epoch 7 step 78550 avg_loss=11.888
[2765.1s] epoch 7 step 78600 avg_loss=11.976
[2766.5s] epoch 7 step 78650 avg_loss=11.802
[2768.3s] epoch 7 step 78700 avg_loss=11.888
[2770.2s] epoch 7 step 78750 avg_loss=11.887
[2771.7s] epoch 7 step 78800 avg_loss=11.872
[2773.4s] epoch 7 step 78850 avg_loss=11.926
[2775.1s] epoch 7 step 78900 avg_loss=11.901
[2776.8s] epoch 7 step 78950 avg_loss=11.913
[2778.5s] epoch 7 step 79000 avg_loss=11.974
[2780.2s] epoch 7 step 79050 avg_loss=12.015
[2782.1s] epoch 7 step 79100 avg_loss=11.970
[2783.8s] epoch 7 step 79150 avg_loss=12.015
[2785.7s] epoch 7 step 79200 avg_loss=12.068
[2787.2s] epoch 7 step 79250 avg_loss=11.999
[2788.6s] epoch 7 step 79300 avg_loss=11.902
[2790.2s] epoch 7 step 79350 avg_loss=11.979
[2792.0s] epoch 7 step 79400 avg_loss=12.017
[2793.5s] epoch 7 step 79450 avg_loss=11.954
[2795.0s] epoch 7 step 79500 avg_loss=11.992
[2796.6s] epoch 7 step 79550 avg_loss=11.976
[2798.3s] epoch 7 step 79600 avg_loss=12.005
[2799.9s] epoch 7 step 79650 avg_loss=11.947
[2801.5s] epoch 7 step 79700 avg_loss=11.991
[2803.2s] epoch 7 step 79750 avg_loss=12.033
[2804.7s] epoch 7 step 79800 avg_loss=12.017
[2807.5s] eval step=2500 train_avg_loss=12.044 dev_rank1_f1=0.5138 dev_edge_p=0.4904 dev_edge_r=0.5395
[2808.0s] epoch 7 step 79850 avg_loss=12.006
[2809.5s] epoch 7 step 79900 avg_loss=11.943
[2811.3s] epoch 7 step 79950 avg_loss=11.944
[2813.1s] epoch 7 step 80000 avg_loss=12.093
[2814.4s] epoch 7 step 80050 avg_loss=12.031
[2816.2s] epoch 7 step 80100 avg_loss=12.100
[2818.1s] epoch 7 step 80150 avg_loss=12.118
[2819.6s] epoch 7 step 80200 avg_loss=12.110
[2821.3s] epoch 7 step 80250 avg_loss=12.122
[2823.0s] epoch 7 step 80300 avg_loss=12.171
[2824.8s] epoch 7 step 80350 avg_loss=12.228
[2826.5s] epoch 7 step 80400 avg_loss=12.238
[2828.5s] epoch 7 step 80450 avg_loss=12.379
[2830.3s] epoch 7 step 80500 avg_loss=12.445
[2831.9s] epoch 7 step 80550 avg_loss=12.407
[2833.7s] epoch 7 step 80600 avg_loss=12.471
[2835.7s] epoch 7 step 80650 avg_loss=12.524
[2837.4s] epoch 7 step 80700 avg_loss=12.504
[2839.0s] epoch 7 step 80750 avg_loss=12.518
[2840.6s] epoch 7 step 80800 avg_loss=12.464
[2842.3s] epoch 7 step 80850 avg_loss=12.494
[2844.0s] epoch 7 step 80900 avg_loss=12.531
[2845.4s] epoch 7 step 80950 avg_loss=12.509
[2847.0s] epoch 7 step 81000 avg_loss=12.454
[2848.5s] epoch 7 step 81050 avg_loss=12.418
[2850.2s] epoch 7 step 81100 avg_loss=12.479
[2851.7s] epoch 7 step 81150 avg_loss=12.491
[2853.3s] epoch 7 step 81200 avg_loss=12.498
[2855.2s] epoch 7 step 81250 avg_loss=12.545
[2857.0s] epoch 7 step 81300 avg_loss=12.573
[2858.5s] epoch 7 step 81350 avg_loss=12.555
[2860.2s] epoch 7 step 81400 avg_loss=12.577
[2861.8s] epoch 7 step 81450 avg_loss=12.542
[2863.7s] epoch 7 step 81500 avg_loss=12.510
[2865.5s] epoch 7 step 81550 avg_loss=12.564
[2866.9s] epoch 7 step 81600 avg_loss=12.549
[2868.5s] epoch 7 step 81650 avg_loss=12.524
[2870.2s] epoch 7 step 81700 avg_loss=12.531
[2871.8s] epoch 7 step 81750 avg_loss=12.497
[2873.4s] epoch 7 step 81800 avg_loss=12.478
[2875.1s] epoch 7 step 81850 avg_loss=12.525
[2876.8s] epoch 7 step 81900 avg_loss=12.496
[2878.3s] epoch 7 step 81950 avg_loss=12.470
[2880.1s] epoch 7 step 82000 avg_loss=12.501
[2882.0s] epoch 7 step 82050 avg_loss=12.514
[2883.6s] epoch 7 step 82100 avg_loss=12.531
[2885.2s] epoch 7 step 82150 avg_loss=12.506
[2886.6s] epoch 7 step 82200 avg_loss=12.481
[2888.4s] epoch 7 step 82250 avg_loss=12.524
[2890.0s] epoch 7 step 82300 avg_loss=12.503
[2891.9s] epoch 7 step 82350 avg_loss=12.526
[2893.7s] epoch 7 step 82400 avg_loss=12.521
[2895.4s] epoch 7 step 82450 avg_loss=12.535
[2897.2s] epoch 7 step 82500 avg_loss=12.558
[2899.0s] epoch 7 step 82550 avg_loss=12.559
[2900.7s] epoch 7 step 82600 avg_loss=12.530
[2902.3s] epoch 7 step 82650 avg_loss=12.547
[2904.2s] epoch 7 step 82700 avg_loss=12.560
[2905.8s] epoch 7 step 82750 avg_loss=12.564
[2907.5s] epoch 7 step 82800 avg_loss=12.571
[2909.3s] epoch 7 step 82850 avg_loss=12.588
[2910.8s] epoch 7 step 82900 avg_loss=12.563
[2912.5s] epoch 7 step 82950 avg_loss=12.541
[2914.5s] epoch 7 step 83000 avg_loss=12.562
[2916.2s] epoch 7 step 83050 avg_loss=12.571
[2917.9s] epoch 7 step 83100 avg_loss=12.567
[2919.6s] epoch 7 step 83150 avg_loss=12.563
[2921.2s] epoch 7 step 83200 avg_loss=12.561
[2923.1s] epoch 7 step 83250 avg_loss=12.594
[2924.9s] epoch 7 step 83300 avg_loss=12.579
[2926.7s] epoch 7 step 83350 avg_loss=12.588
[2928.6s] epoch 7 step 83400 avg_loss=12.612
[2930.3s] epoch 7 step 83450 avg_loss=12.607
[2932.2s] epoch 7 step 83500 avg_loss=12.607
[2934.0s] epoch 7 step 83550 avg_loss=12.625
[2935.9s] epoch 7 step 83600 avg_loss=12.631
[2937.7s] epoch 7 step 83650 avg_loss=12.620
[2939.6s] epoch 7 step 83700 avg_loss=12.636
[2941.4s] epoch 7 step 83750 avg_loss=12.639
[2943.3s] epoch 7 step 83800 avg_loss=12.629
[2944.9s] epoch 7 step 83850 avg_loss=12.628
[2946.6s] epoch 7 step 83900 avg_loss=12.653
[2948.1s] epoch 7 step 83950 avg_loss=12.632
[2949.7s] epoch 7 step 84000 avg_loss=12.627
[2951.4s] epoch 7 step 84050 avg_loss=12.623
[2953.2s] epoch 7 step 84100 avg_loss=12.603
[2954.8s] epoch 7 step 84150 avg_loss=12.572
[2956.6s] epoch 7 step 84200 avg_loss=12.576
[2958.2s] epoch 7 step 84250 avg_loss=12.569
[2960.1s] epoch 7 step 84300 avg_loss=12.581
[2961.8s] epoch 7 step 84350 avg_loss=12.630
[2963.4s] epoch 7 step 84400 avg_loss=12.610
[2964.9s] epoch 7 step 84450 avg_loss=12.586
[2966.6s] epoch 7 step 84500 avg_loss=12.595
[2968.4s] epoch 7 step 84550 avg_loss=12.616
[2970.1s] epoch 7 step 84600 avg_loss=12.631
[2972.2s] epoch 7 step 84650 avg_loss=12.670
[2973.8s] epoch 7 step 84700 avg_loss=12.678
[2975.5s] epoch 7 step 84750 avg_loss=12.664
[2977.2s] epoch 7 step 84800 avg_loss=12.700
[2978.7s] epoch 7 step 84850 avg_loss=12.674
[2980.4s] epoch 7 step 84900 avg_loss=12.662
[2982.2s] epoch 7 step 84950 avg_loss=12.644
[2983.8s] epoch 7 step 85000 avg_loss=12.647
[2985.5s] epoch 7 step 85050 avg_loss=12.637
[2987.1s] epoch 7 step 85100 avg_loss=12.624
[2988.7s] epoch 7 step 85150 avg_loss=12.612
[2990.5s] epoch 7 step 85200 avg_loss=12.642
[2992.3s] epoch 7 step 85250 avg_loss=12.621
[2993.9s] epoch 7 step 85300 avg_loss=12.616
[2995.7s] epoch 7 step 85350 avg_loss=12.611
[2997.3s] epoch 7 step 85400 avg_loss=12.605
[2999.1s] epoch 7 step 85450 avg_loss=12.590
[3001.1s] epoch 7 step 85500 avg_loss=12.595
[3003.0s] epoch 7 step 85550 avg_loss=12.606
[3004.8s] epoch 7 step 85600 avg_loss=12.593
[3006.7s] epoch 7 step 85650 avg_loss=12.596
[3008.2s] epoch 7 step 85700 avg_loss=12.590
[3009.6s] epoch 7 step 85750 avg_loss=12.572
[3011.5s] epoch 7 step 85800 avg_loss=12.575
[3013.4s] epoch 7 step 85850 avg_loss=12.614
[3015.3s] epoch 7 step 85900 avg_loss=12.620
[3016.7s] epoch 7 step 85950 avg_loss=12.619
[3018.4s] epoch 7 step 86000 avg_loss=12.613
[3020.2s] epoch 7 step 86050 avg_loss=12.615
[3021.8s] epoch 7 step 86100 avg_loss=12.611
[3023.4s] epoch 7 step 86150 avg_loss=12.593
[3024.9s] epoch 7 step 86200 avg_loss=12.582
[3026.6s] epoch 7 step 86250 avg_loss=12.581
[3028.4s] epoch 7 step 86300 avg_loss=12.580
[3030.1s] epoch 7 step 86350 avg_loss=12.590
[3031.8s] epoch 7 step 86400 avg_loss=12.601
[3033.6s] epoch 7 step 86450 avg_loss=12.595
[3035.1s] epoch 7 step 86500 avg_loss=12.593
[3036.9s] epoch 7 step 86550 avg_loss=12.618
[3038.6s] epoch 7 step 86600 avg_loss=12.616
[3040.2s] epoch 7 step 86650 avg_loss=12.611
[3042.0s] epoch 7 step 86700 avg_loss=12.613
[3043.7s] epoch 7 step 86750 avg_loss=12.608
[3045.5s] epoch 7 step 86800 avg_loss=12.614
[3047.1s] epoch 7 step 86850 avg_loss=12.619
[3048.7s] epoch 7 step 86900 avg_loss=12.612
[3050.2s] epoch 7 step 86950 avg_loss=12.588
[3052.0s] epoch 7 step 87000 avg_loss=12.596
[3053.7s] epoch 7 step 87050 avg_loss=12.605
[3055.4s] epoch 7 step 87100 avg_loss=12.612
[3056.9s] epoch 7 step 87150 avg_loss=12.591
[3058.5s] epoch 7 step 87200 avg_loss=12.590
[3060.2s] epoch 7 step 87250 avg_loss=12.592
[3061.9s] epoch 7 step 87300 avg_loss=12.598
[3063.5s] epoch 7 step 87350 avg_loss=12.587
[3065.3s] epoch 7 step 87400 avg_loss=12.591
[3067.1s] epoch 7 step 87450 avg_loss=12.602
[3068.9s] epoch 7 step 87500 avg_loss=12.599
[3070.8s] epoch 7 step 87550 avg_loss=12.621
[3072.3s] epoch 7 step 87600 avg_loss=12.614
[3073.9s] epoch 7 step 87650 avg_loss=12.609
[3075.7s] epoch 7 step 87700 avg_loss=12.612
[3077.4s] epoch 7 step 87750 avg_loss=12.613
[3078.9s] epoch 7 step 87800 avg_loss=12.611
[3080.6s] epoch 7 step 87850 avg_loss=12.614
[3082.2s] epoch 7 step 87900 avg_loss=12.610
[3083.9s] epoch 7 step 87950 avg_loss=12.612
[3085.4s] epoch 7 step 88000 avg_loss=12.616
[3087.1s] epoch 7 step 88050 avg_loss=12.636
[3088.8s] epoch 7 step 88100 avg_loss=12.631
[3090.0s] epoch 7 step 88150 avg_loss=12.600
[3091.9s] epoch 7 step 88200 avg_loss=12.614
[3093.7s] epoch 7 step 88250 avg_loss=12.612
[3095.3s] epoch 7 step 88300 avg_loss=12.606
[3096.7s] epoch 7 step 88350 avg_loss=12.612
[3098.4s] epoch 7 step 88400 avg_loss=12.601
[3100.4s] epoch 7 step 88450 avg_loss=12.616
[3102.1s] epoch 7 step 88500 avg_loss=12.615
[3103.9s] epoch 7 step 88550 avg_loss=12.633
[3105.6s] epoch 7 step 88600 avg_loss=12.640
[3107.4s] epoch 7 step 88650 avg_loss=12.638
[3108.9s] epoch 7 step 88700 avg_loss=12.620
[3110.6s] epoch 7 step 88750 avg_loss=12.618
[3112.3s] epoch 7 step 88800 avg_loss=12.629
[3114.3s] epoch 7 step 88850 avg_loss=12.640
[3115.9s] === epoch 7 done: avg_loss=12.653 (n=11112 derivations) ===
[3116.0s] epoch 8 step 88900 avg_loss=17.540
[3117.7s] epoch 8 step 88950 avg_loss=12.026
[3119.6s] epoch 8 step 89000 avg_loss=13.132
[3121.0s] epoch 8 step 89050 avg_loss=12.116
[3122.9s] epoch 8 step 89100 avg_loss=12.366
[3124.6s] epoch 8 step 89150 avg_loss=12.457
[3126.4s] epoch 8 step 89200 avg_loss=12.806
[3128.0s] epoch 8 step 89250 avg_loss=12.320
[3129.7s] epoch 8 step 89300 avg_loss=12.407
[3131.3s] epoch 8 step 89350 avg_loss=11.910
[3133.1s] epoch 8 step 89400 avg_loss=11.938
[3134.7s] epoch 8 step 89450 avg_loss=11.817
[3136.3s] epoch 8 step 89500 avg_loss=11.814
[3138.1s] epoch 8 step 89550 avg_loss=11.835
[3139.8s] epoch 8 step 89600 avg_loss=11.725
[3141.4s] epoch 8 step 89650 avg_loss=11.641
[3143.1s] epoch 8 step 89700 avg_loss=11.995
[3144.8s] epoch 8 step 89750 avg_loss=11.912
[3146.7s] epoch 8 step 89800 avg_loss=11.979
[3148.4s] epoch 8 step 89850 avg_loss=11.729
[3150.2s] epoch 8 step 89900 avg_loss=11.753
[3151.8s] epoch 8 step 89950 avg_loss=11.640
[3153.5s] epoch 8 step 90000 avg_loss=11.800
[3154.9s] epoch 8 step 90050 avg_loss=11.740
[3156.7s] epoch 8 step 90100 avg_loss=11.819
[3158.4s] epoch 8 step 90150 avg_loss=12.026
[3160.0s] epoch 8 step 90200 avg_loss=12.044
[3161.8s] epoch 8 step 90250 avg_loss=12.073
[3163.5s] epoch 8 step 90300 avg_loss=12.061
[3165.3s] epoch 8 step 90350 avg_loss=12.055
[3167.1s] epoch 8 step 90400 avg_loss=12.160
[3168.8s] epoch 8 step 90450 avg_loss=12.189
[3170.6s] epoch 8 step 90500 avg_loss=12.158
[3172.2s] epoch 8 step 90550 avg_loss=12.193
[3173.9s] epoch 8 step 90600 avg_loss=12.167
[3175.7s] epoch 8 step 90650 avg_loss=12.155
[3177.2s] epoch 8 step 90700 avg_loss=11.981
[3178.7s] epoch 8 step 90750 avg_loss=11.866
[3180.3s] epoch 8 step 90800 avg_loss=11.925
[3181.9s] epoch 8 step 90850 avg_loss=11.899
[3183.6s] epoch 8 step 90900 avg_loss=11.975
[3185.1s] epoch 8 step 90950 avg_loss=11.875
[3186.8s] epoch 8 step 91000 avg_loss=11.845
[3188.5s] epoch 8 step 91050 avg_loss=11.826
[3189.9s] epoch 8 step 91100 avg_loss=11.762
[3191.5s] epoch 8 step 91150 avg_loss=11.694
[3193.1s] epoch 8 step 91200 avg_loss=11.661
[3195.0s] epoch 8 step 91250 avg_loss=11.754
[3196.7s] epoch 8 step 91300 avg_loss=11.792
[3198.6s] epoch 8 step 91350 avg_loss=11.867
[3200.4s] epoch 8 step 91400 avg_loss=11.789
[3202.1s] epoch 8 step 91450 avg_loss=11.733
[3203.9s] epoch 8 step 91500 avg_loss=11.751
[3205.3s] epoch 8 step 91550 avg_loss=11.721
[3207.0s] epoch 8 step 91600 avg_loss=11.747
[3209.1s] epoch 8 step 91650 avg_loss=11.923
[3210.9s] epoch 8 step 91700 avg_loss=11.945
[3212.8s] epoch 8 step 91750 avg_loss=12.009
[3214.7s] epoch 8 step 91800 avg_loss=12.078
[3216.5s] epoch 8 step 91850 avg_loss=12.078
[3218.1s] epoch 8 step 91900 avg_loss=12.028
[3219.5s] epoch 8 step 91950 avg_loss=11.993
[3221.2s] epoch 8 step 92000 avg_loss=11.998
[3222.9s] epoch 8 step 92050 avg_loss=11.998
[3225.0s] epoch 8 step 92100 avg_loss=12.110
[3226.5s] epoch 8 step 92150 avg_loss=12.059
[3228.3s] epoch 8 step 92200 avg_loss=12.086
[3229.9s] epoch 8 step 92250 avg_loss=12.063
[3231.8s] epoch 8 step 92300 avg_loss=12.112
[3233.5s] epoch 8 step 92350 avg_loss=12.089
[3234.9s] epoch 8 step 92400 avg_loss=12.033
[3236.5s] epoch 8 step 92450 avg_loss=12.050
[3238.2s] epoch 8 step 92500 avg_loss=12.062
[3239.8s] epoch 8 step 92550 avg_loss=12.075
[3241.4s] epoch 8 step 92600 avg_loss=12.080
[3243.0s] epoch 8 step 92650 avg_loss=12.105
[3244.6s] epoch 8 step 92700 avg_loss=12.096
[3246.3s] epoch 8 step 92750 avg_loss=12.140
[3248.0s] epoch 8 step 92800 avg_loss=12.163
[3249.7s] epoch 8 step 92850 avg_loss=12.202
[3251.5s] epoch 8 step 92900 avg_loss=12.226
[3253.1s] epoch 8 step 92950 avg_loss=12.219
[3254.7s] epoch 8 step 93000 avg_loss=12.199
[3256.3s] epoch 8 step 93050 avg_loss=12.165
[3258.1s] epoch 8 step 93100 avg_loss=12.160
[3260.1s] epoch 8 step 93150 avg_loss=12.186
[3261.8s] epoch 8 step 93200 avg_loss=12.160
[3263.4s] epoch 8 step 93250 avg_loss=12.112
[3265.4s] epoch 8 step 93300 avg_loss=12.122
[3267.2s] epoch 8 step 93350 avg_loss=12.133
[3268.8s] epoch 8 step 93400 avg_loss=12.128
[3270.6s] epoch 8 step 93450 avg_loss=12.133
[3272.4s] epoch 8 step 93500 avg_loss=12.127
[3274.4s] epoch 8 step 93550 avg_loss=12.162
[3276.0s] epoch 8 step 93600 avg_loss=12.153
[3277.7s] epoch 8 step 93650 avg_loss=12.155
[3279.7s] epoch 8 step 93700 avg_loss=12.186
[3281.5s] epoch 8 step 93750 avg_loss=12.211
[3282.9s] epoch 8 step 93800 avg_loss=12.168
[3284.6s] epoch 8 step 93850 avg_loss=12.175
[3286.3s] epoch 8 step 93900 avg_loss=12.172
[3288.2s] epoch 8 step 93950 avg_loss=12.210
[3290.0s] epoch 8 step 94000 avg_loss=12.213
[3291.7s] epoch 8 step 94050 avg_loss=12.195
[3293.5s] epoch 8 step 94100 avg_loss=12.210
[3295.3s] epoch 8 step 94150 avg_loss=12.193
[3297.1s] epoch 8 step 94200 avg_loss=12.197
[3298.9s] epoch 8 step 94250 avg_loss=12.177
[3300.5s] epoch 8 step 94300 avg_loss=12.154
[3302.2s] epoch 8 step 94350 avg_loss=12.147
[3304.0s] epoch 8 step 94400 avg_loss=12.148
[3305.6s] epoch 8 step 94450 avg_loss=12.165
[3307.4s] epoch 8 step 94500 avg_loss=12.152
[3309.2s] epoch 8 step 94550 avg_loss=12.159
[3311.0s] epoch 8 step 94600 avg_loss=12.162
[3312.7s] epoch 8 step 94650 avg_loss=12.135
[3314.7s] epoch 8 step 94700 avg_loss=12.151
[3316.1s] epoch 8 step 94750 avg_loss=12.095
[3318.0s] epoch 8 step 94800 avg_loss=12.096
[3319.9s] epoch 8 step 94850 avg_loss=12.092
[3321.4s] epoch 8 step 94900 avg_loss=12.066
[3323.2s] epoch 8 step 94950 avg_loss=12.046
[3325.0s] epoch 8 step 95000 avg_loss=12.059
[3326.7s] epoch 8 step 95050 avg_loss=12.043
[3328.5s] epoch 8 step 95100 avg_loss=12.053
[3330.4s] epoch 8 step 95150 avg_loss=12.076
[3332.2s] epoch 8 step 95200 avg_loss=12.065
[3334.1s] epoch 8 step 95250 avg_loss=12.090
[3336.0s] epoch 8 step 95300 avg_loss=12.131
[3337.6s] epoch 8 step 95350 avg_loss=12.103
[3339.3s] epoch 8 step 95400 avg_loss=12.123
[3341.2s] epoch 8 step 95450 avg_loss=12.149
[3342.8s] epoch 8 step 95500 avg_loss=12.144
[3344.4s] epoch 8 step 95550 avg_loss=12.144
[3345.9s] epoch 8 step 95600 avg_loss=12.147
[3347.7s] epoch 8 step 95650 avg_loss=12.182
[3349.5s] epoch 8 step 95700 avg_loss=12.169
[3351.5s] epoch 8 step 95750 avg_loss=12.191
[3353.2s] epoch 8 step 95800 avg_loss=12.175
[3355.1s] eval step=3000 train_avg_loss=12.170 dev_rank1_f1=0.5248 dev_edge_p=0.5208 dev_edge_r=0.5289
[3356.5s] epoch 8 step 95850 avg_loss=12.143
[3358.1s] epoch 8 step 95900 avg_loss=12.145
[3359.9s] epoch 8 step 95950 avg_loss=12.168
[3361.3s] epoch 8 step 96000 avg_loss=12.151
[3363.2s] epoch 8 step 96050 avg_loss=12.164
[3364.8s] epoch 8 step 96100 avg_loss=12.152
[3366.7s] epoch 8 step 96150 avg_loss=12.179
[3368.5s] epoch 8 step 96200 avg_loss=12.176
[3370.5s] epoch 8 step 96250 avg_loss=12.200
[3372.2s] epoch 8 step 96300 avg_loss=12.204
[3374.1s] epoch 8 step 96350 avg_loss=12.223
[3375.8s] epoch 8 step 96400 avg_loss=12.242
[3377.7s] epoch 8 step 96450 avg_loss=12.263
[3379.6s] epoch 8 step 96500 avg_loss=12.272
[3381.4s] epoch 8 step 96550 avg_loss=12.278
[3382.9s] epoch 8 step 96600 avg_loss=12.260
[3384.4s] epoch 8 step 96650 avg_loss=12.236
[3385.8s] epoch 8 step 96700 avg_loss=12.228
[3387.8s] epoch 8 step 96750 avg_loss=12.240
[3389.7s] epoch 8 step 96800 avg_loss=12.252
[3391.5s] epoch 8 step 96850 avg_loss=12.268
[3393.1s] epoch 8 step 96900 avg_loss=12.256
[3394.9s] epoch 8 step 96950 avg_loss=12.256
[3396.5s] epoch 8 step 97000 avg_loss=12.241
[3398.2s] epoch 8 step 97050 avg_loss=12.225
[3399.8s] epoch 8 step 97100 avg_loss=12.226
[3401.7s] epoch 8 step 97150 avg_loss=12.237
[3403.6s] epoch 8 step 97200 avg_loss=12.241
[3405.4s] epoch 8 step 97250 avg_loss=12.242
[3406.9s] epoch 8 step 97300 avg_loss=12.236
[3408.6s] epoch 8 step 97350 avg_loss=12.223
[3410.0s] epoch 8 step 97400 avg_loss=12.218
[3412.1s] epoch 8 step 97450 avg_loss=12.227
[3413.9s] epoch 8 step 97500 avg_loss=12.232
[3415.6s] epoch 8 step 97550 avg_loss=12.236
[3417.7s] epoch 8 step 97600 avg_loss=12.254
[3419.7s] epoch 8 step 97650 avg_loss=12.259
[3421.4s] epoch 8 step 97700 avg_loss=12.242
[3423.1s] epoch 8 step 97750 avg_loss=12.233
[3424.6s] epoch 8 step 97800 avg_loss=12.216
[3426.5s] epoch 8 step 97850 avg_loss=12.228
[3427.9s] epoch 8 step 97900 avg_loss=12.201
[3430.0s] epoch 8 step 97950 avg_loss=12.236
[3431.7s] epoch 8 step 98000 avg_loss=12.234
[3433.3s] epoch 8 step 98050 avg_loss=12.228
[3435.3s] epoch 8 step 98100 avg_loss=12.227
[3436.9s] epoch 8 step 98150 avg_loss=12.216
[3438.4s] epoch 8 step 98200 avg_loss=12.212
[3440.2s] epoch 8 step 98250 avg_loss=12.220
[3442.2s] epoch 8 step 98300 avg_loss=12.241
[3443.9s] epoch 8 step 98350 avg_loss=12.229
[3445.8s] epoch 8 step 98400 avg_loss=12.229
[3447.6s] epoch 8 step 98450 avg_loss=12.221
[3449.3s] epoch 8 step 98500 avg_loss=12.220
[3450.9s] epoch 8 step 98550 avg_loss=12.209
[3452.5s] epoch 8 step 98600 avg_loss=12.197
[3454.2s] epoch 8 step 98650 avg_loss=12.182
[3455.8s] epoch 8 step 98700 avg_loss=12.181
[3457.5s] epoch 8 step 98750 avg_loss=12.173
[3459.1s] epoch 8 step 98800 avg_loss=12.159
[3460.7s] epoch 8 step 98850 avg_loss=12.142
[3462.1s] epoch 8 step 98900 avg_loss=12.134
[3463.9s] epoch 8 step 98950 avg_loss=12.142
[3465.6s] epoch 8 step 99000 avg_loss=12.143
[3467.0s] epoch 8 step 99050 avg_loss=12.125
[3468.8s] epoch 8 step 99100 avg_loss=12.118
[3470.8s] epoch 8 step 99150 avg_loss=12.120
[3472.6s] epoch 8 step 99200 avg_loss=12.143
[3474.3s] epoch 8 step 99250 avg_loss=12.142
[3476.2s] epoch 8 step 99300 avg_loss=12.149
[3478.1s] epoch 8 step 99350 avg_loss=12.163
[3479.7s] epoch 8 step 99400 avg_loss=12.149
[3481.4s] epoch 8 step 99450 avg_loss=12.133
[3483.2s] epoch 8 step 99500 avg_loss=12.138
[3485.1s] epoch 8 step 99550 avg_loss=12.146
[3486.9s] epoch 8 step 99600 avg_loss=12.152
[3488.4s] epoch 8 step 99650 avg_loss=12.141
[3490.2s] epoch 8 step 99700 avg_loss=12.159
[3491.9s] epoch 8 step 99750 avg_loss=12.150
[3493.5s] epoch 8 step 99800 avg_loss=12.149
[3495.1s] epoch 8 step 99850 avg_loss=12.158
[3496.7s] epoch 8 step 99900 avg_loss=12.148
[3498.3s] epoch 8 step 99950 avg_loss=12.135
[3500.3s] epoch 8 step 100000 avg_loss=12.155
[3500.6s] === epoch 8 done: avg_loss=12.162 (n=11112 derivations) ===
[3501.9s] epoch 9 step 100050 avg_loss=11.779
[3503.6s] epoch 9 step 100100 avg_loss=11.877
[3505.3s] epoch 9 step 100150 avg_loss=11.821
[3507.0s] epoch 9 step 100200 avg_loss=11.032
[3508.8s] epoch 9 step 100250 avg_loss=11.545
[3510.4s] epoch 9 step 100300 avg_loss=11.316
[3512.5s] epoch 9 step 100350 avg_loss=11.574
[3514.4s] epoch 9 step 100400 avg_loss=11.770
[3516.4s] epoch 9 step 100450 avg_loss=12.052
[3518.1s] epoch 9 step 100500 avg_loss=12.097
[3519.8s] epoch 9 step 100550 avg_loss=11.908
[3521.3s] epoch 9 step 100600 avg_loss=11.652
[3522.8s] epoch 9 step 100650 avg_loss=11.200
[3524.7s] epoch 9 step 100700 avg_loss=11.380
[3526.6s] epoch 9 step 100750 avg_loss=11.544
[3528.5s] epoch 9 step 100800 avg_loss=11.491
[3530.2s] epoch 9 step 100850 avg_loss=11.644
[3531.7s] epoch 9 step 100900 avg_loss=11.590
[3533.6s] epoch 9 step 100950 avg_loss=11.736
[3535.0s] epoch 9 step 101000 avg_loss=11.697
[3536.7s] epoch 9 step 101050 avg_loss=11.747
[3538.3s] epoch 9 step 101100 avg_loss=11.619
[3540.0s] epoch 9 step 101150 avg_loss=11.663
[3541.6s] epoch 9 step 101200 avg_loss=11.655
[3543.6s] epoch 9 step 101250 avg_loss=11.790
[3545.7s] epoch 9 step 101300 avg_loss=11.858
[3547.6s] epoch 9 step 101350 avg_loss=12.102
[3549.6s] epoch 9 step 101400 avg_loss=12.183
[3551.4s] epoch 9 step 101450 avg_loss=12.148
[3553.2s] epoch 9 step 101500 avg_loss=12.219
[3554.8s] epoch 9 step 101550 avg_loss=12.142
[3556.6s] epoch 9 step 101600 avg_loss=12.181
[3558.3s] epoch 9 step 101650 avg_loss=12.031
[3559.9s] epoch 9 step 101700 avg_loss=11.991
[3561.9s] epoch 9 step 101750 avg_loss=12.007
[3563.8s] epoch 9 step 101800 avg_loss=11.999
[3565.6s] epoch 9 step 101850 avg_loss=12.040
[3567.6s] epoch 9 step 101900 avg_loss=12.171
[3569.3s] epoch 9 step 101950 avg_loss=12.215
[3571.1s] epoch 9 step 102000 avg_loss=12.167
[3572.8s] epoch 9 step 102050 avg_loss=12.141
[3574.4s] epoch 9 step 102100 avg_loss=12.109
[3576.2s] epoch 9 step 102150 avg_loss=12.212
[3577.8s] epoch 9 step 102200 avg_loss=12.238
[3579.8s] epoch 9 step 102250 avg_loss=12.285
[3581.5s] epoch 9 step 102300 avg_loss=12.216
[3583.6s] epoch 9 step 102350 avg_loss=12.290
[3585.6s] epoch 9 step 102400 avg_loss=12.262
[3587.2s] epoch 9 step 102450 avg_loss=12.199
[3589.0s] epoch 9 step 102500 avg_loss=12.283
[3590.7s] epoch 9 step 102550 avg_loss=12.214
[3592.4s] epoch 9 step 102600 avg_loss=12.181
[3594.2s] epoch 9 step 102650 avg_loss=12.259
[3596.2s] epoch 9 step 102700 avg_loss=12.302
[3597.9s] epoch 9 step 102750 avg_loss=12.273
[3599.8s] epoch 9 step 102800 avg_loss=12.315
[3601.5s] epoch 9 step 102850 avg_loss=12.304
[3603.2s] epoch 9 step 102900 avg_loss=12.255
[3605.1s] epoch 9 step 102950 avg_loss=12.267
[3606.8s] epoch 9 step 103000 avg_loss=12.293
[3608.5s] epoch 9 step 103050 avg_loss=12.242
[3610.0s] epoch 9 step 103100 avg_loss=12.201
[3611.7s] epoch 9 step 103150 avg_loss=12.188
[3613.7s] epoch 9 step 103200 avg_loss=12.159
[3615.2s] epoch 9 step 103250 avg_loss=12.102
[3617.0s] epoch 9 step 103300 avg_loss=12.133
[3618.6s] epoch 9 step 103350 avg_loss=12.099
[3620.3s] epoch 9 step 103400 avg_loss=12.083
[3621.9s] epoch 9 step 103450 avg_loss=12.074
[3623.4s] epoch 9 step 103500 avg_loss=12.055
[3625.1s] epoch 9 step 103550 avg_loss=12.023
[3626.7s] epoch 9 step 103600 avg_loss=11.977
[3628.4s] epoch 9 step 103650 avg_loss=11.949
[3629.9s] epoch 9 step 103700 avg_loss=11.940
[3631.6s] epoch 9 step 103750 avg_loss=11.912
[3633.3s] epoch 9 step 103800 avg_loss=11.919
[3634.9s] epoch 9 step 103850 avg_loss=11.899
[3636.8s] epoch 9 step 103900 avg_loss=11.952
[3638.4s] epoch 9 step 103950 avg_loss=11.903
[3639.8s] epoch 9 step 104000 avg_loss=11.893
[3641.4s] epoch 9 step 104050 avg_loss=11.881
[3643.2s] epoch 9 step 104100 avg_loss=11.866
[3644.8s] epoch 9 step 104150 avg_loss=11.850
[3646.3s] epoch 9 step 104200 avg_loss=11.848
[3647.8s] epoch 9 step 104250 avg_loss=11.806
[3649.7s] epoch 9 step 104300 avg_loss=11.828
[3651.5s] epoch 9 step 104350 avg_loss=11.821
[3653.3s] epoch 9 step 104400 avg_loss=11.816
[3654.7s] epoch 9 step 104450 avg_loss=11.762
[3656.3s] epoch 9 step 104500 avg_loss=11.745
[3657.9s] epoch 9 step 104550 avg_loss=11.719
[3659.7s] epoch 9 step 104600 avg_loss=11.717
[3661.3s] epoch 9 step 104650 avg_loss=11.699
[3662.9s] epoch 9 step 104700 avg_loss=11.671
[3664.7s] epoch 9 step 104750 avg_loss=11.698
[3666.4s] epoch 9 step 104800 avg_loss=11.687
[3667.7s] epoch 9 step 104850 avg_loss=11.698
[3669.3s] epoch 9 step 104900 avg_loss=11.675
[3671.1s] epoch 9 step 104950 avg_loss=11.691
[3672.7s] epoch 9 step 105000 avg_loss=11.699
[3674.2s] epoch 9 step 105050 avg_loss=11.657
[3676.1s] epoch 9 step 105100 avg_loss=11.674
[3677.9s] epoch 9 step 105150 avg_loss=11.706
[3679.7s] epoch 9 step 105200 avg_loss=11.707
[3681.4s] epoch 9 step 105250 avg_loss=11.702
[3683.2s] epoch 9 step 105300 avg_loss=11.717
[3684.8s] epoch 9 step 105350 avg_loss=11.705
[3686.2s] epoch 9 step 105400 avg_loss=11.659
[3688.1s] epoch 9 step 105450 avg_loss=11.680
[3689.8s] epoch 9 step 105500 avg_loss=11.695
[3691.6s] epoch 9 step 105550 avg_loss=11.697
[3693.3s] epoch 9 step 105600 avg_loss=11.711
[3694.9s] epoch 9 step 105650 avg_loss=11.727
[3696.4s] epoch 9 step 105700 avg_loss=11.713
[3698.1s] epoch 9 step 105750 avg_loss=11.728
[3699.8s] epoch 9 step 105800 avg_loss=11.736
[3701.4s] epoch 9 step 105850 avg_loss=11.732
[3703.0s] epoch 9 step 105900 avg_loss=11.705
[3704.7s] epoch 9 step 105950 avg_loss=11.711
[3706.2s] epoch 9 step 106000 avg_loss=11.678
[3707.9s] epoch 9 step 106050 avg_loss=11.674
[3709.4s] epoch 9 step 106100 avg_loss=11.614
[3711.3s] epoch 9 step 106150 avg_loss=11.641
[3713.1s] epoch 9 step 106200 avg_loss=11.672
[3714.7s] epoch 9 step 106250 avg_loss=11.644
[3716.3s] epoch 9 step 106300 avg_loss=11.659
[3718.2s] epoch 9 step 106350 avg_loss=11.671
[3719.9s] epoch 9 step 106400 avg_loss=11.699
[3721.9s] epoch 9 step 106450 avg_loss=11.706
[3723.4s] epoch 9 step 106500 avg_loss=11.695
[3725.0s] epoch 9 step 106550 avg_loss=11.694
[3726.8s] epoch 9 step 106600 avg_loss=11.709
[3728.7s] epoch 9 step 106650 avg_loss=11.705
[3730.2s] epoch 9 step 106700 avg_loss=11.682
[3732.0s] epoch 9 step 106750 avg_loss=11.693
[3733.7s] epoch 9 step 106800 avg_loss=11.682
[3735.3s] epoch 9 step 106850 avg_loss=11.653
[3736.9s] epoch 9 step 106900 avg_loss=11.630
[3738.6s] epoch 9 step 106950 avg_loss=11.625
[3740.4s] epoch 9 step 107000 avg_loss=11.636
[3742.3s] epoch 9 step 107050 avg_loss=11.648
[3744.0s] epoch 9 step 107100 avg_loss=11.642
[3745.6s] epoch 9 step 107150 avg_loss=11.656
[3747.3s] epoch 9 step 107200 avg_loss=11.658
[3749.2s] epoch 9 step 107250 avg_loss=11.662
[3751.0s] epoch 9 step 107300 avg_loss=11.672
[3752.9s] epoch 9 step 107350 avg_loss=11.674
[3754.3s] epoch 9 step 107400 avg_loss=11.654
[3756.1s] epoch 9 step 107450 avg_loss=11.679
[3758.0s] epoch 9 step 107500 avg_loss=11.706
[3759.9s] epoch 9 step 107550 avg_loss=11.725
[3761.7s] epoch 9 step 107600 avg_loss=11.713
[3763.3s] epoch 9 step 107650 avg_loss=11.711
[3765.2s] epoch 9 step 107700 avg_loss=11.729
[3766.8s] epoch 9 step 107750 avg_loss=11.700
[3768.4s] epoch 9 step 107800 avg_loss=11.687
[3770.2s] epoch 9 step 107850 avg_loss=11.695
[3772.1s] epoch 9 step 107900 avg_loss=11.697
[3773.9s] epoch 9 step 107950 avg_loss=11.695
[3775.6s] epoch 9 step 108000 avg_loss=11.704
[3777.4s] epoch 9 step 108050 avg_loss=11.717
[3779.1s] epoch 9 step 108100 avg_loss=11.710
[3780.7s] epoch 9 step 108150 avg_loss=11.707
[3782.3s] epoch 9 step 108200 avg_loss=11.702
[3784.1s] epoch 9 step 108250 avg_loss=11.696
[3785.7s] epoch 9 step 108300 avg_loss=11.691
[3787.4s] epoch 9 step 108350 avg_loss=11.698
[3789.0s] epoch 9 step 108400 avg_loss=11.691
[3790.7s] epoch 9 step 108450 avg_loss=11.689
[3792.5s] epoch 9 step 108500 avg_loss=11.696
[3794.2s] epoch 9 step 108550 avg_loss=11.697
[3795.7s] epoch 9 step 108600 avg_loss=11.680
[3797.9s] epoch 9 step 108650 avg_loss=11.705
[3799.4s] epoch 9 step 108700 avg_loss=11.689
[3801.3s] epoch 9 step 108750 avg_loss=11.721
[3802.8s] epoch 9 step 108800 avg_loss=11.728
[3804.6s] epoch 9 step 108850 avg_loss=11.738
[3805.9s] epoch 9 step 108900 avg_loss=11.723
[3807.4s] epoch 9 step 108950 avg_loss=11.711
[3809.2s] epoch 9 step 109000 avg_loss=11.730
[3810.6s] epoch 9 step 109050 avg_loss=11.724
[3812.2s] epoch 9 step 109100 avg_loss=11.721
[3813.6s] epoch 9 step 109150 avg_loss=11.699
[3814.9s] epoch 9 step 109200 avg_loss=11.690
[3816.6s] epoch 9 step 109250 avg_loss=11.706
[3818.2s] epoch 9 step 109300 avg_loss=11.710
[3819.7s] epoch 9 step 109350 avg_loss=11.703
[3821.3s] epoch 9 step 109400 avg_loss=11.701
[3822.9s] epoch 9 step 109450 avg_loss=11.693
[3824.4s] epoch 9 step 109500 avg_loss=11.692
[3826.0s] epoch 9 step 109550 avg_loss=11.702
[3827.7s] epoch 9 step 109600 avg_loss=11.703
[3829.2s] epoch 9 step 109650 avg_loss=11.708
[3831.0s] epoch 9 step 109700 avg_loss=11.726
[3832.7s] epoch 9 step 109750 avg_loss=11.731
[3834.1s] epoch 9 step 109800 avg_loss=11.727
