[   0.0s] loading gold from runs/encoder_gold_v4b_all.jsonl
[   1.0s] 986 gold records
[   1.0s] holdout mode: 98 held-out sentences, pool=790, train subset=788 (subset_seed=0)
[   1.0s] loading USVS from /home/user/NAOMI/consciousness_transformer/data/usvs
[  18.6s] USVS loaded: 117679 senses, d_axes=607
[  18.6s] pos_vocab=15 role_vocab=40
[  18.6s] policy params: 343,495 (~1.374 MB fp32)
[  18.6s] building features + derivations for 788 train records
[  20.6s] 2856 teacher-forced derivations
[  21.1s] dev-holdout eval targets from runs/encoder_gold_v2.jsonl: matched=98 missing=0
[  25.0s] epoch 0 step 50 avg_loss=93.741
[  26.8s] epoch 0 step 100 avg_loss=90.856
[  28.8s] epoch 0 step 150 avg_loss=90.408
[  30.5s] epoch 0 step 200 avg_loss=84.644
[  32.4s] epoch 0 step 250 avg_loss=82.182
[  34.2s] epoch 0 step 300 avg_loss=80.601
[  36.2s] epoch 0 step 350 avg_loss=79.826
[  38.2s] epoch 0 step 400 avg_loss=78.450
[  40.0s] epoch 0 step 450 avg_loss=76.799
[  41.6s] epoch 0 step 500 avg_loss=74.941
[  43.5s] epoch 0 step 550 avg_loss=74.029
[  45.0s] epoch 0 step 600 avg_loss=72.041
[  46.8s] epoch 0 step 650 avg_loss=70.680
[  48.6s] epoch 0 step 700 avg_loss=69.716
[  50.5s] epoch 0 step 750 avg_loss=68.658
[  52.4s] epoch 0 step 800 avg_loss=67.804
[  54.4s] epoch 0 step 850 avg_loss=67.090
[  56.3s] epoch 0 step 900 avg_loss=66.387
[  58.0s] epoch 0 step 950 avg_loss=65.571
[  59.9s] epoch 0 step 1000 avg_loss=64.653
[  61.8s] epoch 0 step 1050 avg_loss=63.874
[  63.6s] epoch 0 step 1100 avg_loss=62.928
[  65.6s] epoch 0 step 1150 avg_loss=62.267
[  67.7s] epoch 0 step 1200 avg_loss=61.790
[  70.0s] epoch 0 step 1250 avg_loss=61.290
[  71.8s] epoch 0 step 1300 avg_loss=60.547
[  73.8s] epoch 0 step 1350 avg_loss=60.085
[  75.7s] epoch 0 step 1400 avg_loss=59.590
[  77.7s] epoch 0 step 1450 avg_loss=59.087
[  79.6s] epoch 0 step 1500 avg_loss=58.442
[  81.4s] epoch 0 step 1550 avg_loss=57.943
[  83.4s] epoch 0 step 1600 avg_loss=57.494
[  85.5s] epoch 0 step 1650 avg_loss=57.222
[  87.6s] epoch 0 step 1700 avg_loss=56.784
[  89.5s] epoch 0 step 1750 avg_loss=56.390
[  91.2s] epoch 0 step 1800 avg_loss=55.804
[  93.1s] epoch 0 step 1850 avg_loss=55.335
[  95.1s] epoch 0 step 1900 avg_loss=54.915
[  97.0s] epoch 0 step 1950 avg_loss=54.481
[  98.7s] epoch 0 step 2000 avg_loss=53.972
[ 100.8s] epoch 0 step 2050 avg_loss=53.668
[ 102.8s] epoch 0 step 2100 avg_loss=53.256
[ 104.9s] epoch 0 step 2150 avg_loss=52.986
[ 106.7s] epoch 0 step 2200 avg_loss=52.528
[ 108.4s] epoch 0 step 2250 avg_loss=52.172
[ 110.2s] epoch 0 step 2300 avg_loss=51.836
[ 112.0s] epoch 0 step 2350 avg_loss=51.570
[ 113.9s] epoch 0 step 2400 avg_loss=51.232
[ 115.5s] epoch 0 step 2450 avg_loss=50.856
[ 117.5s] epoch 0 step 2500 avg_loss=50.681
[ 119.5s] epoch 0 step 2550 avg_loss=50.388
[ 121.5s] epoch 0 step 2600 avg_loss=50.174
[ 123.3s] epoch 0 step 2650 avg_loss=49.894
[ 125.0s] epoch 0 step 2700 avg_loss=49.609
[ 126.8s] epoch 0 step 2750 avg_loss=49.336
[ 128.5s] epoch 0 step 2800 avg_loss=49.020
[ 130.2s] epoch 0 step 2850 avg_loss=48.799
[ 130.5s] === epoch 0 done: avg_loss=48.749 (n=2856 derivations) ===
[ 132.0s] epoch 1 step 2900 avg_loss=32.220
[ 133.9s] epoch 1 step 2950 avg_loss=35.854
[ 136.0s] epoch 1 step 3000 avg_loss=35.826
[ 137.8s] epoch 1 step 3050 avg_loss=34.364
[ 139.6s] epoch 1 step 3100 avg_loss=34.379
[ 141.5s] epoch 1 step 3150 avg_loss=33.850
[ 143.3s] epoch 1 step 3200 avg_loss=33.876
[ 145.2s] epoch 1 step 3250 avg_loss=33.833
[ 147.0s] epoch 1 step 3300 avg_loss=32.814
[ 148.8s] epoch 1 step 3350 avg_loss=32.703
[ 150.8s] epoch 1 step 3400 avg_loss=32.611
[ 152.5s] epoch 1 step 3450 avg_loss=32.242
[ 154.2s] epoch 1 step 3500 avg_loss=31.971
[ 156.2s] epoch 1 step 3550 avg_loss=31.790
[ 158.1s] epoch 1 step 3600 avg_loss=31.946
[ 159.8s] epoch 1 step 3650 avg_loss=31.802
[ 161.8s] epoch 1 step 3700 avg_loss=32.067
[ 163.8s] epoch 1 step 3750 avg_loss=32.552
[ 165.6s] epoch 1 step 3800 avg_loss=32.460
[ 167.5s] epoch 1 step 3850 avg_loss=32.397
[ 169.4s] epoch 1 step 3900 avg_loss=32.448
[ 171.3s] epoch 1 step 3950 avg_loss=32.365
[ 173.2s] epoch 1 step 4000 avg_loss=32.328
[ 175.3s] epoch 1 step 4050 avg_loss=32.335
[ 177.2s] epoch 1 step 4100 avg_loss=32.355
[ 179.2s] epoch 1 step 4150 avg_loss=32.409
[ 180.9s] epoch 1 step 4200 avg_loss=32.311
[ 182.7s] epoch 1 step 4250 avg_loss=32.341
[ 184.5s] epoch 1 step 4300 avg_loss=32.065
[ 186.2s] epoch 1 step 4350 avg_loss=31.976
[ 188.2s] epoch 1 step 4400 avg_loss=32.025
[ 190.3s] epoch 1 step 4450 avg_loss=32.148
[ 192.0s] epoch 1 step 4500 avg_loss=32.017
[ 193.9s] epoch 1 step 4550 avg_loss=32.010
[ 195.8s] epoch 1 step 4600 avg_loss=31.804
[ 197.9s] epoch 1 step 4650 avg_loss=31.715
[ 199.9s] epoch 1 step 4700 avg_loss=31.576
[ 201.7s] epoch 1 step 4750 avg_loss=31.458
[ 203.8s] epoch 1 step 4800 avg_loss=31.348
[ 205.9s] epoch 1 step 4850 avg_loss=31.425
[ 208.0s] epoch 1 step 4900 avg_loss=31.464
[ 210.0s] epoch 1 step 4950 avg_loss=31.410
[ 211.9s] epoch 1 step 5000 avg_loss=31.349
[ 213.8s] epoch 1 step 5050 avg_loss=31.258
[ 215.6s] epoch 1 step 5100 avg_loss=31.210
[ 217.3s] epoch 1 step 5150 avg_loss=31.095
[ 219.3s] epoch 1 step 5200 avg_loss=31.052
[ 221.3s] epoch 1 step 5250 avg_loss=31.086
[ 223.0s] epoch 1 step 5300 avg_loss=30.984
[ 224.6s] epoch 1 step 5350 avg_loss=30.815
[ 226.4s] epoch 1 step 5400 avg_loss=30.742
[ 228.4s] epoch 1 step 5450 avg_loss=30.697
[ 230.2s] epoch 1 step 5500 avg_loss=30.687
[ 232.1s] epoch 1 step 5550 avg_loss=30.679
[ 234.1s] epoch 1 step 5600 avg_loss=30.715
[ 236.0s] epoch 1 step 5650 avg_loss=30.646
[ 237.8s] epoch 1 step 5700 avg_loss=30.485
[ 238.2s] === epoch 1 done: avg_loss=30.445 (n=2856 derivations) ===
[ 239.6s] epoch 2 step 5750 avg_loss=29.100
[ 241.5s] epoch 2 step 5800 avg_loss=28.625
[ 243.3s] epoch 2 step 5850 avg_loss=27.206
[ 245.1s] epoch 2 step 5900 avg_loss=27.511
[ 247.0s] epoch 2 step 5950 avg_loss=28.003
[ 248.7s] epoch 2 step 6000 avg_loss=27.410
[ 250.4s] epoch 2 step 6050 avg_loss=27.135
[ 252.2s] epoch 2 step 6100 avg_loss=26.980
[ 253.8s] epoch 2 step 6150 avg_loss=26.666
[ 255.4s] epoch 2 step 6200 avg_loss=26.071
[ 257.3s] epoch 2 step 6250 avg_loss=26.573
[ 259.1s] epoch 2 step 6300 avg_loss=26.563
[ 261.0s] epoch 2 step 6350 avg_loss=27.015
[ 262.4s] epoch 2 step 6400 avg_loss=26.606
[ 264.4s] epoch 2 step 6450 avg_loss=26.706
[ 266.1s] epoch 2 step 6500 avg_loss=26.861
[ 267.8s] epoch 2 step 6550 avg_loss=26.731
[ 269.7s] epoch 2 step 6600 avg_loss=26.813
[ 271.5s] epoch 2 step 6650 avg_loss=26.538
[ 273.1s] epoch 2 step 6700 avg_loss=26.355
[ 275.0s] epoch 2 step 6750 avg_loss=26.501
[ 277.0s] epoch 2 step 6800 avg_loss=26.501
[ 278.6s] epoch 2 step 6850 avg_loss=26.451
[ 280.4s] epoch 2 step 6900 avg_loss=26.319
[ 282.1s] epoch 2 step 6950 avg_loss=26.247
[ 283.7s] epoch 2 step 7000 avg_loss=26.096
[ 285.5s] epoch 2 step 7050 avg_loss=26.030
[ 287.1s] epoch 2 step 7100 avg_loss=26.018
[ 289.1s] epoch 2 step 7150 avg_loss=26.206
[ 290.7s] epoch 2 step 7200 avg_loss=26.066
[ 292.5s] epoch 2 step 7250 avg_loss=25.999
[ 294.2s] epoch 2 step 7300 avg_loss=25.949
[ 296.1s] epoch 2 step 7350 avg_loss=26.145
[ 298.0s] epoch 2 step 7400 avg_loss=26.038
[ 300.0s] epoch 2 step 7450 avg_loss=26.114
[ 302.0s] epoch 2 step 7500 avg_loss=26.144
[ 303.7s] epoch 2 step 7550 avg_loss=26.111
[ 305.5s] epoch 2 step 7600 avg_loss=26.038
[ 307.0s] epoch 2 step 7650 avg_loss=25.823
[ 308.6s] epoch 2 step 7700 avg_loss=25.691
[ 310.5s] epoch 2 step 7750 avg_loss=25.816
[ 312.1s] epoch 2 step 7800 avg_loss=25.830
[ 314.0s] epoch 2 step 7850 avg_loss=25.838
[ 315.7s] epoch 2 step 7900 avg_loss=25.746
[ 317.7s] epoch 2 step 7950 avg_loss=25.745
[ 324.9s] eval step=250 train_avg_loss=25.771 dev_rank1_f1=0.3331 dev_edge_p=0.2886 dev_edge_r=0.3940
[ 326.6s] epoch 2 step 8000 avg_loss=25.793
[ 328.4s] epoch 2 step 8050 avg_loss=25.785
[ 330.5s] epoch 2 step 8100 avg_loss=25.765
[ 332.4s] epoch 2 step 8150 avg_loss=25.736
[ 334.0s] epoch 2 step 8200 avg_loss=25.682
[ 335.9s] epoch 2 step 8250 avg_loss=25.626
[ 337.8s] epoch 2 step 8300 avg_loss=25.586
[ 339.5s] epoch 2 step 8350 avg_loss=25.563
[ 341.5s] epoch 2 step 8400 avg_loss=25.609
[ 343.2s] epoch 2 step 8450 avg_loss=25.570
[ 344.8s] epoch 2 step 8500 avg_loss=25.423
[ 346.6s] epoch 2 step 8550 avg_loss=25.329
[ 347.2s] === epoch 2 done: avg_loss=25.313 (n=2856 derivations) ===
[ 348.5s] epoch 3 step 8600 avg_loss=27.382
[ 350.1s] epoch 3 step 8650 avg_loss=22.470
[ 352.0s] epoch 3 step 8700 avg_loss=21.278
[ 354.1s] epoch 3 step 8750 avg_loss=22.536
[ 355.9s] epoch 3 step 8800 avg_loss=22.492
[ 357.9s] epoch 3 step 8850 avg_loss=22.606
[ 359.5s] epoch 3 step 8900 avg_loss=21.691
[ 361.4s] epoch 3 step 8950 avg_loss=21.773
[ 363.1s] epoch 3 step 9000 avg_loss=22.206
[ 365.2s] epoch 3 step 9050 avg_loss=22.535
[ 367.4s] epoch 3 step 9100 avg_loss=22.669
[ 369.1s] epoch 3 step 9150 avg_loss=22.596
[ 371.1s] epoch 3 step 9200 avg_loss=22.774
[ 372.9s] epoch 3 step 9250 avg_loss=22.620
[ 374.8s] epoch 3 step 9300 avg_loss=22.556
[ 376.8s] epoch 3 step 9350 avg_loss=22.571
[ 378.8s] epoch 3 step 9400 avg_loss=22.453
[ 380.4s] epoch 3 step 9450 avg_loss=22.612
[ 382.6s] epoch 3 step 9500 avg_loss=22.925
[ 384.1s] epoch 3 step 9550 avg_loss=22.812
[ 385.9s] epoch 3 step 9600 avg_loss=22.862
[ 387.7s] epoch 3 step 9650 avg_loss=22.991
[ 389.3s] epoch 3 step 9700 avg_loss=22.900
[ 391.0s] epoch 3 step 9750 avg_loss=22.856
[ 392.9s] epoch 3 step 9800 avg_loss=23.045
[ 394.7s] epoch 3 step 9850 avg_loss=22.985
[ 396.4s] epoch 3 step 9900 avg_loss=22.872
[ 398.2s] epoch 3 step 9950 avg_loss=22.797
[ 400.2s] epoch 3 step 10000 avg_loss=22.844
[ 402.2s] epoch 3 step 10050 avg_loss=22.868
[ 403.9s] epoch 3 step 10100 avg_loss=22.714
[ 405.7s] epoch 3 step 10150 avg_loss=22.607
[ 407.6s] epoch 3 step 10200 avg_loss=22.547
[ 409.5s] epoch 3 step 10250 avg_loss=22.592
[ 411.4s] epoch 3 step 10300 avg_loss=22.651
[ 413.1s] epoch 3 step 10350 avg_loss=22.570
[ 414.9s] epoch 3 step 10400 avg_loss=22.617
[ 416.8s] epoch 3 step 10450 avg_loss=22.605
[ 418.4s] epoch 3 step 10500 avg_loss=22.540
[ 420.2s] epoch 3 step 10550 avg_loss=22.595
[ 422.3s] epoch 3 step 10600 avg_loss=22.677
[ 424.0s] epoch 3 step 10650 avg_loss=22.613
[ 425.9s] epoch 3 step 10700 avg_loss=22.543
[ 427.6s] epoch 3 step 10750 avg_loss=22.469
[ 429.6s] epoch 3 step 10800 avg_loss=22.562
[ 431.5s] epoch 3 step 10850 avg_loss=22.525
[ 433.1s] epoch 3 step 10900 avg_loss=22.507
[ 434.8s] epoch 3 step 10950 avg_loss=22.486
[ 436.7s] epoch 3 step 11000 avg_loss=22.475
[ 438.8s] epoch 3 step 11050 avg_loss=22.512
[ 440.5s] epoch 3 step 11100 avg_loss=22.486
[ 442.3s] epoch 3 step 11150 avg_loss=22.497
[ 444.0s] epoch 3 step 11200 avg_loss=22.368
[ 445.6s] epoch 3 step 11250 avg_loss=22.411
[ 447.2s] epoch 3 step 11300 avg_loss=22.349
[ 448.8s] epoch 3 step 11350 avg_loss=22.273
[ 450.5s] epoch 3 step 11400 avg_loss=22.314
[ 451.3s] === epoch 3 done: avg_loss=22.276 (n=2856 derivations) ===
[ 452.1s] epoch 4 step 11450 avg_loss=17.745
[ 453.8s] epoch 4 step 11500 avg_loss=20.553
[ 455.7s] epoch 4 step 11550 avg_loss=21.428
[ 457.3s] epoch 4 step 11600 avg_loss=20.594
[ 459.3s] epoch 4 step 11650 avg_loss=21.754
[ 460.8s] epoch 4 step 11700 avg_loss=20.480
[ 462.7s] epoch 4 step 11750 avg_loss=20.967
[ 464.7s] epoch 4 step 11800 avg_loss=21.310
[ 466.4s] epoch 4 step 11850 avg_loss=20.756
[ 468.2s] epoch 4 step 11900 avg_loss=20.528
[ 470.3s] epoch 4 step 11950 avg_loss=21.175
[ 472.1s] epoch 4 step 12000 avg_loss=20.821
[ 473.9s] epoch 4 step 12050 avg_loss=20.714
[ 475.8s] epoch 4 step 12100 avg_loss=20.718
[ 477.8s] epoch 4 step 12150 avg_loss=20.676
[ 479.7s] epoch 4 step 12200 avg_loss=20.530
[ 481.4s] epoch 4 step 12250 avg_loss=20.539
[ 483.3s] epoch 4 step 12300 avg_loss=20.462
[ 484.8s] epoch 4 step 12350 avg_loss=20.152
[ 486.8s] epoch 4 step 12400 avg_loss=20.232
[ 488.5s] epoch 4 step 12450 avg_loss=20.125
[ 490.4s] epoch 4 step 12500 avg_loss=20.219
[ 492.3s] epoch 4 step 12550 avg_loss=20.383
[ 493.9s] epoch 4 step 12600 avg_loss=20.228
[ 495.9s] epoch 4 step 12650 avg_loss=20.194
[ 497.5s] epoch 4 step 12700 avg_loss=20.087
[ 499.4s] epoch 4 step 12750 avg_loss=20.110
[ 501.2s] epoch 4 step 12800 avg_loss=20.070
[ 502.9s] epoch 4 step 12850 avg_loss=20.051
[ 504.8s] epoch 4 step 12900 avg_loss=19.967
[ 506.7s] epoch 4 step 12950 avg_loss=19.902
[ 508.8s] epoch 4 step 13000 avg_loss=19.883
[ 510.7s] epoch 4 step 13050 avg_loss=19.912
[ 512.7s] epoch 4 step 13100 avg_loss=19.964
[ 514.8s] epoch 4 step 13150 avg_loss=20.038
[ 516.3s] epoch 4 step 13200 avg_loss=19.879
[ 517.8s] epoch 4 step 13250 avg_loss=19.806
[ 519.5s] epoch 4 step 13300 avg_loss=19.782
[ 521.4s] epoch 4 step 13350 avg_loss=19.907
[ 523.0s] epoch 4 step 13400 avg_loss=19.799
[ 524.9s] epoch 4 step 13450 avg_loss=19.897
[ 526.9s] epoch 4 step 13500 avg_loss=19.938
[ 528.6s] epoch 4 step 13550 avg_loss=19.893
[ 530.6s] epoch 4 step 13600 avg_loss=19.927
[ 532.5s] epoch 4 step 13650 avg_loss=19.985
[ 534.1s] epoch 4 step 13700 avg_loss=20.012
[ 535.8s] epoch 4 step 13750 avg_loss=19.959
[ 537.6s] epoch 4 step 13800 avg_loss=19.940
[ 539.3s] epoch 4 step 13850 avg_loss=19.918
[ 541.2s] epoch 4 step 13900 avg_loss=19.899
[ 543.1s] epoch 4 step 13950 avg_loss=19.844
[ 545.1s] epoch 4 step 14000 avg_loss=19.854
[ 546.9s] epoch 4 step 14050 avg_loss=19.888
[ 548.9s] epoch 4 step 14100 avg_loss=19.895
[ 550.9s] epoch 4 step 14150 avg_loss=19.898
[ 553.1s] epoch 4 step 14200 avg_loss=19.902
[ 554.9s] epoch 4 step 14250 avg_loss=19.812
[ 556.2s] === epoch 4 done: avg_loss=19.791 (n=2856 derivations) ===
[ 557.0s] epoch 5 step 14300 avg_loss=20.978
[ 559.1s] epoch 5 step 14350 avg_loss=21.114
[ 561.4s] epoch 5 step 14400 avg_loss=21.335
[ 563.4s] epoch 5 step 14450 avg_loss=20.227
[ 565.1s] epoch 5 step 14500 avg_loss=18.825
[ 567.0s] epoch 5 step 14550 avg_loss=18.540
[ 568.9s] epoch 5 step 14600 avg_loss=18.865
[ 570.8s] epoch 5 step 14650 avg_loss=19.012
[ 572.8s] epoch 5 step 14700 avg_loss=19.003
[ 574.6s] epoch 5 step 14750 avg_loss=18.667
[ 576.4s] epoch 5 step 14800 avg_loss=18.488
[ 578.1s] epoch 5 step 14850 avg_loss=18.232
[ 580.1s] epoch 5 step 14900 avg_loss=18.163
[ 581.9s] epoch 5 step 14950 avg_loss=18.011
[ 583.9s] epoch 5 step 15000 avg_loss=18.059
[ 585.8s] epoch 5 step 15050 avg_loss=18.008
[ 587.8s] epoch 5 step 15100 avg_loss=18.059
[ 589.7s] epoch 5 step 15150 avg_loss=17.954
[ 591.5s] epoch 5 step 15200 avg_loss=18.133
[ 593.4s] epoch 5 step 15250 avg_loss=18.107
[ 595.3s] epoch 5 step 15300 avg_loss=18.122
[ 597.2s] epoch 5 step 15350 avg_loss=18.279
[ 599.3s] epoch 5 step 15400 avg_loss=18.360
[ 601.1s] epoch 5 step 15450 avg_loss=18.300
[ 602.8s] epoch 5 step 15500 avg_loss=18.233
[ 604.8s] epoch 5 step 15550 avg_loss=18.264
[ 606.9s] epoch 5 step 15600 avg_loss=18.308
[ 609.0s] epoch 5 step 15650 avg_loss=18.492
[ 610.8s] epoch 5 step 15700 avg_loss=18.414
[ 612.4s] epoch 5 step 15750 avg_loss=18.301
[ 614.2s] epoch 5 step 15800 avg_loss=18.267
[ 616.0s] epoch 5 step 15850 avg_loss=18.225
[ 619.1s] eval step=500 train_avg_loss=18.220 dev_rank1_f1=0.3541 dev_edge_p=0.3118 dev_edge_r=0.4096
[ 619.8s] epoch 5 step 15900 avg_loss=18.233
[ 621.6s] epoch 5 step 15950 avg_loss=18.257
[ 623.3s] epoch 5 step 16000 avg_loss=18.140
[ 624.9s] epoch 5 step 16050 avg_loss=18.080
[ 627.2s] epoch 5 step 16100 avg_loss=18.107
[ 628.9s] epoch 5 step 16150 avg_loss=18.039
[ 630.6s] epoch 5 step 16200 avg_loss=17.953
[ 632.4s] epoch 5 step 16250 avg_loss=17.991
[ 634.3s] epoch 5 step 16300 avg_loss=18.066
[ 636.4s] epoch 5 step 16350 avg_loss=18.130
[ 638.4s] epoch 5 step 16400 avg_loss=18.091
[ 640.1s] epoch 5 step 16450 avg_loss=18.045
[ 641.8s] epoch 5 step 16500 avg_loss=18.045
[ 643.7s] epoch 5 step 16550 avg_loss=18.098
[ 645.5s] epoch 5 step 16600 avg_loss=18.088
[ 647.5s] epoch 5 step 16650 avg_loss=18.107
[ 649.2s] epoch 5 step 16700 avg_loss=18.133
[ 651.0s] epoch 5 step 16750 avg_loss=18.168
[ 652.8s] epoch 5 step 16800 avg_loss=18.125
[ 654.5s] epoch 5 step 16850 avg_loss=18.102
[ 656.2s] epoch 5 step 16900 avg_loss=18.065
[ 658.1s] epoch 5 step 16950 avg_loss=18.082
[ 660.0s] epoch 5 step 17000 avg_loss=18.041
[ 661.9s] epoch 5 step 17050 avg_loss=17.999
[ 663.8s] epoch 5 step 17100 avg_loss=17.941
[ 665.0s] === epoch 5 done: avg_loss=17.873 (n=2856 derivations) ===
[ 665.5s] epoch 6 step 17150 avg_loss=12.051
[ 667.6s] epoch 6 step 17200 avg_loss=17.089
[ 669.6s] epoch 6 step 17250 avg_loss=16.577
[ 671.4s] epoch 6 step 17300 avg_loss=15.331
[ 673.2s] epoch 6 step 17350 avg_loss=15.233
[ 675.1s] epoch 6 step 17400 avg_loss=15.542
[ 676.9s] epoch 6 step 17450 avg_loss=15.464
[ 679.0s] epoch 6 step 17500 avg_loss=15.304
[ 681.0s] epoch 6 step 17550 avg_loss=15.437
[ 682.9s] epoch 6 step 17600 avg_loss=15.514
[ 684.9s] epoch 6 step 17650 avg_loss=15.304
[ 687.0s] epoch 6 step 17700 avg_loss=15.661
[ 688.8s] epoch 6 step 17750 avg_loss=15.703
[ 691.0s] epoch 6 step 17800 avg_loss=15.867
[ 692.6s] epoch 6 step 17850 avg_loss=15.740
[ 694.5s] epoch 6 step 17900 avg_loss=15.494
[ 696.4s] epoch 6 step 17950 avg_loss=15.587
[ 698.5s] epoch 6 step 18000 avg_loss=15.826
[ 700.5s] epoch 6 step 18050 avg_loss=15.892
[ 702.5s] epoch 6 step 18100 avg_loss=16.099
[ 704.4s] epoch 6 step 18150 avg_loss=16.112
[ 706.3s] epoch 6 step 18200 avg_loss=16.118
[ 708.0s] epoch 6 step 18250 avg_loss=16.052
[ 709.6s] epoch 6 step 18300 avg_loss=15.997
[ 711.2s] epoch 6 step 18350 avg_loss=15.992
[ 713.2s] epoch 6 step 18400 avg_loss=16.036
[ 715.1s] epoch 6 step 18450 avg_loss=16.094
[ 717.1s] epoch 6 step 18500 avg_loss=16.168
[ 718.5s] epoch 6 step 18550 avg_loss=16.086
[ 720.3s] epoch 6 step 18600 avg_loss=16.109
[ 722.1s] epoch 6 step 18650 avg_loss=16.055
[ 724.1s] epoch 6 step 18700 avg_loss=16.106
[ 726.2s] epoch 6 step 18750 avg_loss=16.194
[ 728.0s] epoch 6 step 18800 avg_loss=16.190
[ 729.9s] epoch 6 step 18850 avg_loss=16.187
[ 731.8s] epoch 6 step 18900 avg_loss=16.298
[ 733.6s] epoch 6 step 18950 avg_loss=16.285
[ 735.5s] epoch 6 step 19000 avg_loss=16.301
[ 737.5s] epoch 6 step 19050 avg_loss=16.403
[ 739.3s] epoch 6 step 19100 avg_loss=16.455
[ 741.1s] epoch 6 step 19150 avg_loss=16.431
[ 742.9s] epoch 6 step 19200 avg_loss=16.361
[ 744.7s] epoch 6 step 19250 avg_loss=16.321
[ 746.5s] epoch 6 step 19300 avg_loss=16.238
[ 748.3s] epoch 6 step 19350 avg_loss=16.212
[ 750.4s] epoch 6 step 19400 avg_loss=16.256
[ 752.1s] epoch 6 step 19450 avg_loss=16.216
[ 754.1s] epoch 6 step 19500 avg_loss=16.295
[ 755.8s] epoch 6 step 19550 avg_loss=16.247
[ 757.5s] epoch 6 step 19600 avg_loss=16.182
[ 759.7s] epoch 6 step 19650 avg_loss=16.243
[ 761.7s] epoch 6 step 19700 avg_loss=16.311
[ 763.6s] epoch 6 step 19750 avg_loss=16.280
[ 765.3s] epoch 6 step 19800 avg_loss=16.302
[ 767.2s] epoch 6 step 19850 avg_loss=16.279
[ 768.7s] epoch 6 step 19900 avg_loss=16.214
[ 770.6s] epoch 6 step 19950 avg_loss=16.191
[ 772.2s] === epoch 6 done: avg_loss=16.189 (n=2856 derivations) ===
[ 772.4s] epoch 7 step 20000 avg_loss=15.272
[ 774.5s] epoch 7 step 20050 avg_loss=16.287
[ 776.4s] epoch 7 step 20100 avg_loss=14.557
[ 778.7s] epoch 7 step 20150 avg_loss=15.722
[ 780.6s] epoch 7 step 20200 avg_loss=15.544
[ 782.5s] epoch 7 step 20250 avg_loss=15.520
[ 784.4s] epoch 7 step 20300 avg_loss=15.412
[ 786.3s] epoch 7 step 20350 avg_loss=15.910
[ 788.1s] epoch 7 step 20400 avg_loss=15.755
[ 789.9s] epoch 7 step 20450 avg_loss=15.595
[ 791.7s] epoch 7 step 20500 avg_loss=15.634
[ 793.7s] epoch 7 step 20550 avg_loss=15.615
[ 795.8s] epoch 7 step 20600 avg_loss=15.793
[ 797.6s] epoch 7 step 20650 avg_loss=15.596
[ 799.5s] epoch 7 step 20700 avg_loss=15.469
[ 802.0s] epoch 7 step 20750 avg_loss=15.702
[ 803.8s] epoch 7 step 20800 avg_loss=15.656
[ 805.9s] epoch 7 step 20850 avg_loss=15.795
[ 807.7s] epoch 7 step 20900 avg_loss=15.723
[ 809.6s] epoch 7 step 20950 avg_loss=15.503
[ 811.4s] epoch 7 step 21000 avg_loss=15.497
[ 813.6s] epoch 7 step 21050 avg_loss=15.667
[ 815.9s] epoch 7 step 21100 avg_loss=15.724
[ 817.8s] epoch 7 step 21150 avg_loss=15.684
[ 819.7s] epoch 7 step 21200 avg_loss=15.693
[ 821.2s] epoch 7 step 21250 avg_loss=15.506
[ 823.1s] epoch 7 step 21300 avg_loss=15.465
[ 824.7s] epoch 7 step 21350 avg_loss=15.287
[ 826.5s] epoch 7 step 21400 avg_loss=15.287
[ 828.5s] epoch 7 step 21450 avg_loss=15.295
[ 830.4s] epoch 7 step 21500 avg_loss=15.220
[ 832.3s] epoch 7 step 21550 avg_loss=15.283
[ 834.0s] epoch 7 step 21600 avg_loss=15.240
[ 835.8s] epoch 7 step 21650 avg_loss=15.228
[ 837.5s] epoch 7 step 21700 avg_loss=15.289
[ 839.3s] epoch 7 step 21750 avg_loss=15.317
[ 841.0s] epoch 7 step 21800 avg_loss=15.228
[ 842.7s] epoch 7 step 21850 avg_loss=15.222
[ 844.4s] epoch 7 step 21900 avg_loss=15.178
[ 846.1s] epoch 7 step 21950 avg_loss=15.074
[ 848.0s] epoch 7 step 22000 avg_loss=15.074
[ 850.1s] epoch 7 step 22050 avg_loss=15.171
[ 851.9s] epoch 7 step 22100 avg_loss=15.173
[ 853.8s] epoch 7 step 22150 avg_loss=15.107
[ 855.4s] epoch 7 step 22200 avg_loss=15.020
[ 857.2s] epoch 7 step 22250 avg_loss=14.987
[ 858.9s] epoch 7 step 22300 avg_loss=14.996
[ 860.7s] epoch 7 step 22350 avg_loss=15.004
[ 862.2s] epoch 7 step 22400 avg_loss=14.940
[ 864.1s] epoch 7 step 22450 avg_loss=14.935
[ 866.3s] epoch 7 step 22500 avg_loss=14.917
[ 868.3s] epoch 7 step 22550 avg_loss=14.906
[ 870.3s] epoch 7 step 22600 avg_loss=14.942
[ 872.2s] epoch 7 step 22650 avg_loss=14.901
[ 874.1s] epoch 7 step 22700 avg_loss=14.883
[ 876.0s] epoch 7 step 22750 avg_loss=14.851
[ 878.0s] epoch 7 step 22800 avg_loss=14.885
[ 879.6s] === epoch 7 done: avg_loss=14.861 (n=2856 derivations) ===
[ 879.7s] epoch 8 step 22850 avg_loss=3.620
[ 881.5s] epoch 8 step 22900 avg_loss=13.840
[ 883.0s] epoch 8 step 22950 avg_loss=13.193
[ 884.8s] epoch 8 step 23000 avg_loss=13.070
[ 886.7s] epoch 8 step 23050 avg_loss=13.697
[ 888.5s] epoch 8 step 23100 avg_loss=13.189
[ 890.2s] epoch 8 step 23150 avg_loss=13.582
[ 892.2s] epoch 8 step 23200 avg_loss=13.417
[ 894.1s] epoch 8 step 23250 avg_loss=13.480
[ 896.0s] epoch 8 step 23300 avg_loss=13.463
[ 898.0s] epoch 8 step 23350 avg_loss=13.336
[ 900.0s] epoch 8 step 23400 avg_loss=13.557
[ 902.0s] epoch 8 step 23450 avg_loss=13.547
[ 904.1s] epoch 8 step 23500 avg_loss=13.683
[ 906.2s] epoch 8 step 23550 avg_loss=13.781
[ 908.1s] epoch 8 step 23600 avg_loss=13.702
[ 909.9s] epoch 8 step 23650 avg_loss=13.816
[ 912.0s] epoch 8 step 23700 avg_loss=13.885
[ 913.9s] epoch 8 step 23750 avg_loss=13.952
[ 915.8s] epoch 8 step 23800 avg_loss=13.972
[ 918.0s] eval step=750 train_avg_loss=13.974 dev_rank1_f1=0.3632 dev_edge_p=0.3180 dev_edge_r=0.4235
[ 919.3s] epoch 8 step 23850 avg_loss=13.975
[ 921.0s] epoch 8 step 23900 avg_loss=13.769
[ 922.7s] epoch 8 step 23950 avg_loss=13.717
[ 924.6s] epoch 8 step 24000 avg_loss=13.715
[ 926.7s] epoch 8 step 24050 avg_loss=13.726
[ 928.5s] epoch 8 step 24100 avg_loss=13.692
[ 930.7s] epoch 8 step 24150 avg_loss=13.770
[ 932.9s] epoch 8 step 24200 avg_loss=13.787
[ 934.8s] epoch 8 step 24250 avg_loss=13.788
[ 936.7s] epoch 8 step 24300 avg_loss=13.832
[ 938.4s] epoch 8 step 24350 avg_loss=13.813
[ 940.1s] epoch 8 step 24400 avg_loss=13.795
[ 941.8s] epoch 8 step 24450 avg_loss=13.797
[ 943.6s] epoch 8 step 24500 avg_loss=13.745
[ 945.6s] epoch 8 step 24550 avg_loss=13.721
[ 947.4s] epoch 8 step 24600 avg_loss=13.727
[ 949.2s] epoch 8 step 24650 avg_loss=13.683
[ 951.0s] epoch 8 step 24700 avg_loss=13.727
[ 953.0s] epoch 8 step 24750 avg_loss=13.786
[ 954.8s] epoch 8 step 24800 avg_loss=13.771
[ 956.4s] epoch 8 step 24850 avg_loss=13.739
[ 958.1s] epoch 8 step 24900 avg_loss=13.730
[ 959.9s] epoch 8 step 24950 avg_loss=13.718
[ 961.7s] epoch 8 step 25000 avg_loss=13.680
[ 963.3s] epoch 8 step 25050 avg_loss=13.723
[ 965.3s] epoch 8 step 25100 avg_loss=13.688
[ 967.2s] epoch 8 step 25150 avg_loss=13.711
[ 969.4s] epoch 8 step 25200 avg_loss=13.690
[ 971.5s] epoch 8 step 25250 avg_loss=13.741
[ 973.2s] epoch 8 step 25300 avg_loss=13.672
[ 975.2s] epoch 8 step 25350 avg_loss=13.642
[ 977.4s] epoch 8 step 25400 avg_loss=13.688
[ 979.1s] epoch 8 step 25450 avg_loss=13.668
[ 981.2s] epoch 8 step 25500 avg_loss=13.760
[ 983.6s] epoch 8 step 25550 avg_loss=13.770
[ 985.5s] epoch 8 step 25600 avg_loss=13.732
[ 987.7s] epoch 8 step 25650 avg_loss=13.720
[ 989.5s] epoch 8 step 25700 avg_loss=13.686
[ 989.6s] === epoch 8 done: avg_loss=13.683 (n=2856 derivations) ===
[ 991.4s] epoch 9 step 25750 avg_loss=13.172
[ 993.6s] epoch 9 step 25800 avg_loss=12.746
[ 995.6s] epoch 9 step 25850 avg_loss=13.214
[ 997.6s] epoch 9 step 25900 avg_loss=12.913
[ 999.5s] epoch 9 step 25950 avg_loss=13.499
[1001.3s] epoch 9 step 26000 avg_loss=13.164
[1003.2s] epoch 9 step 26050 avg_loss=12.947
[1005.3s] epoch 9 step 26100 avg_loss=12.826
[1007.4s] epoch 9 step 26150 avg_loss=12.970
[1009.3s] epoch 9 step 26200 avg_loss=12.781
[1011.1s] epoch 9 step 26250 avg_loss=12.717
[1013.4s] epoch 9 step 26300 avg_loss=12.724
[1015.4s] epoch 9 step 26350 avg_loss=12.615
[1017.7s] epoch 9 step 26400 avg_loss=12.497
[1019.8s] epoch 9 step 26450 avg_loss=12.540
[1021.6s] epoch 9 step 26500 avg_loss=12.673
[1023.5s] epoch 9 step 26550 avg_loss=12.689
[1025.5s] epoch 9 step 26600 avg_loss=12.701
[1027.5s] epoch 9 step 26650 avg_loss=12.739
[1029.5s] epoch 9 step 26700 avg_loss=12.670
[1031.5s] epoch 9 step 26750 avg_loss=12.689
[1033.7s] epoch 9 step 26800 avg_loss=12.799
[1035.8s] epoch 9 step 26850 avg_loss=12.914
[1037.7s] epoch 9 step 26900 avg_loss=12.938
[1039.6s] epoch 9 step 26950 avg_loss=13.070
[1041.6s] epoch 9 step 27000 avg_loss=13.075
[1043.7s] epoch 9 step 27050 avg_loss=13.122
[1045.9s] epoch 9 step 27100 avg_loss=13.162
[1047.8s] epoch 9 step 27150 avg_loss=13.129
[1049.7s] epoch 9 step 27200 avg_loss=13.101
[1051.6s] epoch 9 step 27250 avg_loss=13.102
[1053.6s] epoch 9 step 27300 avg_loss=13.077
[1055.4s] epoch 9 step 27350 avg_loss=12.963
[1057.4s] epoch 9 step 27400 avg_loss=12.899
[1059.1s] epoch 9 step 27450 avg_loss=12.883
[1061.0s] epoch 9 step 27500 avg_loss=12.872
[1062.8s] epoch 9 step 27550 avg_loss=12.894
[1064.7s] epoch 9 step 27600 avg_loss=12.900
[1066.3s] epoch 9 step 27650 avg_loss=12.807
[1068.1s] epoch 9 step 27700 avg_loss=12.778
[1070.1s] epoch 9 step 27750 avg_loss=12.729
[1072.1s] epoch 9 step 27800 avg_loss=12.722
[1073.9s] epoch 9 step 27850 avg_loss=12.703
[1075.8s] epoch 9 step 27900 avg_loss=12.681
[1077.6s] epoch 9 step 27950 avg_loss=12.611
[1079.7s] epoch 9 step 28000 avg_loss=12.639
[1081.6s] epoch 9 step 28050 avg_loss=12.599
[1083.3s] epoch 9 step 28100 avg_loss=12.599
[1085.3s] epoch 9 step 28150 avg_loss=12.606
[1087.3s] epoch 9 step 28200 avg_loss=12.629
[1089.1s] epoch 9 step 28250 avg_loss=12.613
[1091.0s] epoch 9 step 28300 avg_loss=12.644
[1092.9s] epoch 9 step 28350 avg_loss=12.643
[1094.8s] epoch 9 step 28400 avg_loss=12.652
[1096.5s] epoch 9 step 28450 avg_loss=12.635
[1098.5s] epoch 9 step 28500 avg_loss=12.660
[1100.2s] epoch 9 step 28550 avg_loss=12.670
[1100.5s] === epoch 9 done: avg_loss=12.659 (n=2856 derivations) ===
[1102.1s] epoch 10 step 28600 avg_loss=12.673
[1104.3s] epoch 10 step 28650 avg_loss=11.645
[1106.3s] epoch 10 step 28700 avg_loss=12.433
[1108.3s] epoch 10 step 28750 avg_loss=12.865
[1110.0s] epoch 10 step 28800 avg_loss=12.792
[1112.0s] epoch 10 step 28850 avg_loss=12.728
[1113.9s] epoch 10 step 28900 avg_loss=12.455
[1115.8s] epoch 10 step 28950 avg_loss=12.230
[1117.7s] epoch 10 step 29000 avg_loss=12.132
[1119.5s] epoch 10 step 29050 avg_loss=11.983
[1121.4s] epoch 10 step 29100 avg_loss=12.148
[1123.1s] epoch 10 step 29150 avg_loss=12.095
[1125.1s] epoch 10 step 29200 avg_loss=12.319
[1126.8s] epoch 10 step 29250 avg_loss=12.210
[1128.4s] epoch 10 step 29300 avg_loss=11.990
[1130.3s] epoch 10 step 29350 avg_loss=12.073
[1132.0s] epoch 10 step 29400 avg_loss=12.064
[1133.7s] epoch 10 step 29450 avg_loss=11.975
[1135.6s] epoch 10 step 29500 avg_loss=11.945
[1137.6s] epoch 10 step 29550 avg_loss=11.884
[1139.5s] epoch 10 step 29600 avg_loss=11.790
[1141.6s] epoch 10 step 29650 avg_loss=11.933
[1143.5s] epoch 10 step 29700 avg_loss=11.860
[1145.3s] epoch 10 step 29750 avg_loss=11.898
[1147.0s] epoch 10 step 29800 avg_loss=11.885
[1148.6s] epoch 10 step 29850 avg_loss=11.874
[1150.5s] epoch 10 step 29900 avg_loss=11.855
[1152.4s] epoch 10 step 29950 avg_loss=11.772
[1154.3s] epoch 10 step 30000 avg_loss=11.828
[1156.3s] epoch 10 step 30050 avg_loss=11.914
[1158.2s] epoch 10 step 30100 avg_loss=11.924
[1160.0s] epoch 10 step 30150 avg_loss=11.871
[1161.5s] epoch 10 step 30200 avg_loss=11.789
[1163.4s] epoch 10 step 30250 avg_loss=11.775
[1165.4s] epoch 10 step 30300 avg_loss=11.761
[1167.5s] epoch 10 step 30350 avg_loss=11.770
[1169.4s] epoch 10 step 30400 avg_loss=11.729
[1171.5s] epoch 10 step 30450 avg_loss=11.741
[1173.3s] epoch 10 step 30500 avg_loss=11.700
[1175.1s] epoch 10 step 30550 avg_loss=11.714
[1177.0s] epoch 10 step 30600 avg_loss=11.741
[1178.7s] epoch 10 step 30650 avg_loss=11.744
[1180.4s] epoch 10 step 30700 avg_loss=11.718
[1182.2s] epoch 10 step 30750 avg_loss=11.720
[1183.9s] epoch 10 step 30800 avg_loss=11.718
[1185.4s] epoch 10 step 30850 avg_loss=11.662
[1187.1s] epoch 10 step 30900 avg_loss=11.673
[1188.7s] epoch 10 step 30950 avg_loss=11.668
[1190.4s] epoch 10 step 31000 avg_loss=11.653
[1192.1s] epoch 10 step 31050 avg_loss=11.677
[1193.7s] epoch 10 step 31100 avg_loss=11.689
[1195.5s] epoch 10 step 31150 avg_loss=11.722
[1197.5s] epoch 10 step 31200 avg_loss=11.723
[1199.5s] epoch 10 step 31250 avg_loss=11.724
[1201.4s] epoch 10 step 31300 avg_loss=11.707
[1203.2s] epoch 10 step 31350 avg_loss=11.655
[1205.1s] epoch 10 step 31400 avg_loss=11.710
[1205.6s] === epoch 10 done: avg_loss=11.715 (n=2856 derivations) ===
[1207.0s] epoch 11 step 31450 avg_loss=9.519
[1209.2s] epoch 11 step 31500 avg_loss=12.671
[1210.9s] epoch 11 step 31550 avg_loss=11.775
[1212.7s] epoch 11 step 31600 avg_loss=10.954
[1214.2s] epoch 11 step 31650 avg_loss=10.702
[1216.0s] epoch 11 step 31700 avg_loss=10.753
[1218.7s] eval step=1000 train_avg_loss=10.821 dev_rank1_f1=0.3730 dev_edge_p=0.3272 dev_edge_r=0.4337
[1219.1s] epoch 11 step 31750 avg_loss=10.643
[1221.1s] epoch 11 step 31800 avg_loss=10.516
[1222.9s] epoch 11 step 31850 avg_loss=10.587
[1224.5s] epoch 11 step 31900 avg_loss=10.600
[1226.5s] epoch 11 step 31950 avg_loss=10.638
[1228.3s] epoch 11 step 32000 avg_loss=10.796
[1230.1s] epoch 11 step 32050 avg_loss=10.945
[1232.0s] epoch 11 step 32100 avg_loss=11.144
[1233.8s] epoch 11 step 32150 avg_loss=11.064
[1235.7s] epoch 11 step 32200 avg_loss=11.043
[1237.5s] epoch 11 step 32250 avg_loss=11.038
[1239.2s] epoch 11 step 32300 avg_loss=11.091
[1241.1s] epoch 11 step 32350 avg_loss=11.146
[1243.0s] epoch 11 step 32400 avg_loss=11.149
[1245.0s] epoch 11 step 32450 avg_loss=11.124
[1246.9s] epoch 11 step 32500 avg_loss=11.139
[1248.7s] epoch 11 step 32550 avg_loss=11.148
[1250.2s] epoch 11 step 32600 avg_loss=11.134
[1251.9s] epoch 11 step 32650 avg_loss=11.068
[1254.2s] epoch 11 step 32700 avg_loss=11.147
[1256.1s] epoch 11 step 32750 avg_loss=11.105
[1257.8s] epoch 11 step 32800 avg_loss=11.004
[1259.8s] epoch 11 step 32850 avg_loss=11.094
[1261.8s] epoch 11 step 32900 avg_loss=11.145
[1264.1s] epoch 11 step 32950 avg_loss=11.248
[1266.1s] epoch 11 step 33000 avg_loss=11.210
[1268.2s] epoch 11 step 33050 avg_loss=11.160
[1270.4s] epoch 11 step 33100 avg_loss=11.217
[1272.2s] epoch 11 step 33150 avg_loss=11.126
[1273.9s] epoch 11 step 33200 avg_loss=11.071
[1275.9s] epoch 11 step 33250 avg_loss=11.077
[1277.9s] epoch 11 step 33300 avg_loss=11.095
[1279.7s] epoch 11 step 33350 avg_loss=11.028
[1281.5s] epoch 11 step 33400 avg_loss=11.077
[1283.2s] epoch 11 step 33450 avg_loss=11.019
[1285.0s] epoch 11 step 33500 avg_loss=10.979
[1286.7s] epoch 11 step 33550 avg_loss=10.967
[1288.3s] epoch 11 step 33600 avg_loss=10.928
[1290.0s] epoch 11 step 33650 avg_loss=10.924
[1291.8s] epoch 11 step 33700 avg_loss=10.888
[1293.8s] epoch 11 step 33750 avg_loss=10.936
[1295.5s] epoch 11 step 33800 avg_loss=10.945
[1297.2s] epoch 11 step 33850 avg_loss=10.891
[1299.0s] epoch 11 step 33900 avg_loss=10.892
[1301.0s] epoch 11 step 33950 avg_loss=10.931
[1302.8s] epoch 11 step 34000 avg_loss=10.881
[1304.8s] epoch 11 step 34050 avg_loss=10.874
[1306.9s] epoch 11 step 34100 avg_loss=10.896
[1308.6s] epoch 11 step 34150 avg_loss=10.873
[1310.3s] epoch 11 step 34200 avg_loss=10.871
[1312.2s] epoch 11 step 34250 avg_loss=10.893
[1312.9s] === epoch 11 done: avg_loss=10.921 (n=2856 derivations) ===
[1313.9s] epoch 12 step 34300 avg_loss=10.645
[1315.5s] epoch 12 step 34350 avg_loss=10.074
[1317.0s] epoch 12 step 34400 avg_loss=8.397
[1319.0s] epoch 12 step 34450 avg_loss=8.678
[1321.2s] epoch 12 step 34500 avg_loss=9.263
[1322.9s] epoch 12 step 34550 avg_loss=9.282
[1324.7s] epoch 12 step 34600 avg_loss=9.424
[1326.5s] epoch 12 step 34650 avg_loss=9.436
[1328.1s] epoch 12 step 34700 avg_loss=9.497
[1329.8s] epoch 12 step 34750 avg_loss=9.686
[1331.8s] epoch 12 step 34800 avg_loss=10.074
[1333.9s] epoch 12 step 34850 avg_loss=10.234
[1335.8s] epoch 12 step 34900 avg_loss=10.155
[1337.7s] epoch 12 step 34950 avg_loss=10.135
[1339.7s] epoch 12 step 35000 avg_loss=10.281
[1341.6s] epoch 12 step 35050 avg_loss=10.289
[1343.5s] epoch 12 step 35100 avg_loss=10.310
[1345.4s] epoch 12 step 35150 avg_loss=10.299
[1347.1s] epoch 12 step 35200 avg_loss=10.255
[1349.1s] epoch 12 step 35250 avg_loss=10.210
[1350.7s] epoch 12 step 35300 avg_loss=10.196
[1352.3s] epoch 12 step 35350 avg_loss=10.114
[1354.3s] epoch 12 step 35400 avg_loss=10.096
[1355.9s] epoch 12 step 35450 avg_loss=10.060
[1357.8s] epoch 12 step 35500 avg_loss=10.166
[1359.5s] epoch 12 step 35550 avg_loss=10.113
[1361.4s] epoch 12 step 35600 avg_loss=10.093
[1363.2s] epoch 12 step 35650 avg_loss=10.075
[1364.9s] epoch 12 step 35700 avg_loss=10.078
[1366.6s] epoch 12 step 35750 avg_loss=10.060
[1368.4s] epoch 12 step 35800 avg_loss=10.042
[1370.3s] epoch 12 step 35850 avg_loss=10.159
[1372.1s] epoch 12 step 35900 avg_loss=10.147
[1373.8s] epoch 12 step 35950 avg_loss=10.104
[1375.4s] epoch 12 step 36000 avg_loss=10.103
[1377.1s] epoch 12 step 36050 avg_loss=10.061
[1379.0s] epoch 12 step 36100 avg_loss=10.077
[1380.8s] epoch 12 step 36150 avg_loss=10.060
[1382.6s] epoch 12 step 36200 avg_loss=10.080
[1384.7s] epoch 12 step 36250 avg_loss=10.086
[1386.5s] epoch 12 step 36300 avg_loss=10.050
[1388.5s] epoch 12 step 36350 avg_loss=10.082
[1390.2s] epoch 12 step 36400 avg_loss=10.074
[1392.0s] epoch 12 step 36450 avg_loss=10.061
[1393.9s] epoch 12 step 36500 avg_loss=10.042
[1395.9s] epoch 12 step 36550 avg_loss=10.081
[1397.8s] epoch 12 step 36600 avg_loss=10.131
[1399.7s] epoch 12 step 36650 avg_loss=10.176
[1401.4s] epoch 12 step 36700 avg_loss=10.160
[1403.5s] epoch 12 step 36750 avg_loss=10.175
[1405.4s] epoch 12 step 36800 avg_loss=10.196
[1407.4s] epoch 12 step 36850 avg_loss=10.215
[1409.5s] epoch 12 step 36900 avg_loss=10.221
[1411.3s] epoch 12 step 36950 avg_loss=10.224
[1413.2s] epoch 12 step 37000 avg_loss=10.254
[1415.0s] epoch 12 step 37050 avg_loss=10.244
[1416.7s] epoch 12 step 37100 avg_loss=10.217
[1417.8s] === epoch 12 done: avg_loss=10.205 (n=2856 derivations) ===
[1418.7s] epoch 13 step 37150 avg_loss=13.275
[1420.4s] epoch 13 step 37200 avg_loss=10.621
[1422.1s] epoch 13 step 37250 avg_loss=9.709
[1423.8s] epoch 13 step 37300 avg_loss=9.310
[1425.9s] epoch 13 step 37350 avg_loss=9.361
[1427.6s] epoch 13 step 37400 avg_loss=9.126
[1429.2s] epoch 13 step 37450 avg_loss=8.983
[1430.7s] epoch 13 step 37500 avg_loss=8.829
[1432.7s] epoch 13 step 37550 avg_loss=9.082
[1434.4s] epoch 13 step 37600 avg_loss=9.046
[1436.0s] epoch 13 step 37650 avg_loss=9.060
[1437.8s] epoch 13 step 37700 avg_loss=8.993
[1439.8s] epoch 13 step 37750 avg_loss=9.121
[1442.0s] epoch 13 step 37800 avg_loss=9.209
[1444.2s] epoch 13 step 37850 avg_loss=9.275
[1446.3s] epoch 13 step 37900 avg_loss=9.314
[1448.1s] epoch 13 step 37950 avg_loss=9.317
[1450.1s] epoch 13 step 38000 avg_loss=9.534
[1452.0s] epoch 13 step 38050 avg_loss=9.708
[1453.7s] epoch 13 step 38100 avg_loss=9.682
[1455.5s] epoch 13 step 38150 avg_loss=9.634
[1457.3s] epoch 13 step 38200 avg_loss=9.585
[1459.1s] epoch 13 step 38250 avg_loss=9.703
[1460.9s] epoch 13 step 38300 avg_loss=9.756
[1462.4s] epoch 13 step 38350 avg_loss=9.725
[1464.2s] epoch 13 step 38400 avg_loss=9.784
[1465.9s] epoch 13 step 38450 avg_loss=9.729
[1467.9s] epoch 13 step 38500 avg_loss=9.751
[1469.7s] epoch 13 step 38550 avg_loss=9.735
[1471.8s] epoch 13 step 38600 avg_loss=9.751
[1473.5s] epoch 13 step 38650 avg_loss=9.777
[1475.1s] epoch 13 step 38700 avg_loss=9.707
[1476.9s] epoch 13 step 38750 avg_loss=9.752
[1478.6s] epoch 13 step 38800 avg_loss=9.702
[1480.6s] epoch 13 step 38850 avg_loss=9.662
[1482.3s] epoch 13 step 38900 avg_loss=9.703
[1484.3s] epoch 13 step 38950 avg_loss=9.686
[1486.1s] epoch 13 step 39000 avg_loss=9.649
[1487.9s] epoch 13 step 39050 avg_loss=9.629
[1489.8s] epoch 13 step 39100 avg_loss=9.668
[1491.7s] epoch 13 step 39150 avg_loss=9.638
[1493.6s] epoch 13 step 39200 avg_loss=9.659
[1495.7s] epoch 13 step 39250 avg_loss=9.676
[1497.5s] epoch 13 step 39300 avg_loss=9.677
[1499.4s] epoch 13 step 39350 avg_loss=9.668
[1501.2s] epoch 13 step 39400 avg_loss=9.628
[1503.2s] epoch 13 step 39450 avg_loss=9.617
[1505.1s] epoch 13 step 39500 avg_loss=9.699
[1506.9s] epoch 13 step 39550 avg_loss=9.695
[1508.5s] epoch 13 step 39600 avg_loss=9.636
[1510.5s] epoch 13 step 39650 avg_loss=9.626
[1513.6s] eval step=1250 train_avg_loss=9.644 dev_rank1_f1=0.3745 dev_edge_p=0.3371 dev_edge_r=0.4213
[1514.0s] epoch 13 step 39700 avg_loss=9.662
[1515.9s] epoch 13 step 39750 avg_loss=9.629
[1517.4s] epoch 13 step 39800 avg_loss=9.611
[1519.3s] epoch 13 step 39850 avg_loss=9.600
[1521.1s] epoch 13 step 39900 avg_loss=9.636
[1523.0s] epoch 13 step 39950 avg_loss=9.621
[1524.2s] === epoch 13 done: avg_loss=9.611 (n=2856 derivations) ===
[1524.8s] epoch 14 step 40000 avg_loss=8.793
[1526.7s] epoch 14 step 40050 avg_loss=8.954
[1529.0s] epoch 14 step 40100 avg_loss=9.139
[1531.0s] epoch 14 step 40150 avg_loss=9.200
[1532.8s] epoch 14 step 40200 avg_loss=8.848
[1534.6s] epoch 14 step 40250 avg_loss=8.933
[1536.4s] epoch 14 step 40300 avg_loss=9.183
[1538.0s] epoch 14 step 40350 avg_loss=8.831
[1540.0s] epoch 14 step 40400 avg_loss=8.972
[1541.8s] epoch 14 step 40450 avg_loss=8.839
[1543.6s] epoch 14 step 40500 avg_loss=8.825
[1545.2s] epoch 14 step 40550 avg_loss=8.724
[1547.1s] epoch 14 step 40600 avg_loss=8.771
[1548.9s] epoch 14 step 40650 avg_loss=8.776
[1550.5s] epoch 14 step 40700 avg_loss=8.671
[1552.1s] epoch 14 step 40750 avg_loss=8.744
[1553.8s] epoch 14 step 40800 avg_loss=8.841
[1555.7s] epoch 14 step 40850 avg_loss=8.890
[1557.7s] epoch 14 step 40900 avg_loss=8.933
[1559.7s] epoch 14 step 40950 avg_loss=8.998
[1561.3s] epoch 14 step 41000 avg_loss=8.906
[1563.0s] epoch 14 step 41050 avg_loss=8.878
[1565.0s] epoch 14 step 41100 avg_loss=8.937
[1566.5s] epoch 14 step 41150 avg_loss=8.908
[1568.4s] epoch 14 step 41200 avg_loss=8.920
[1569.9s] epoch 14 step 41250 avg_loss=8.875
[1571.5s] epoch 14 step 41300 avg_loss=8.977
[1573.4s] epoch 14 step 41350 avg_loss=8.963
[1575.3s] epoch 14 step 41400 avg_loss=8.983
[1577.4s] epoch 14 step 41450 avg_loss=9.007
[1579.1s] epoch 14 step 41500 avg_loss=8.974
[1580.9s] epoch 14 step 41550 avg_loss=9.025
[1582.8s] epoch 14 step 41600 avg_loss=8.996
[1585.0s] epoch 14 step 41650 avg_loss=8.986
[1587.0s] epoch 14 step 41700 avg_loss=8.988
[1588.8s] epoch 14 step 41750 avg_loss=8.995
[1590.7s] epoch 14 step 41800 avg_loss=9.009
[1592.6s] epoch 14 step 41850 avg_loss=9.009
[1594.6s] epoch 14 step 41900 avg_loss=9.021
[1596.8s] epoch 14 step 41950 avg_loss=9.058
[1598.8s] epoch 14 step 42000 avg_loss=9.044
[1600.9s] epoch 14 step 42050 avg_loss=9.054
[1602.7s] epoch 14 step 42100 avg_loss=9.042
[1604.6s] epoch 14 step 42150 avg_loss=9.018
[1606.8s] epoch 14 step 42200 avg_loss=9.037
[1608.8s] epoch 14 step 42250 avg_loss=9.009
[1610.9s] epoch 14 step 42300 avg_loss=8.989
[1612.9s] epoch 14 step 42350 avg_loss=8.984
[1614.8s] epoch 14 step 42400 avg_loss=8.968
[1616.7s] epoch 14 step 42450 avg_loss=8.976
[1618.5s] epoch 14 step 42500 avg_loss=8.957
[1620.4s] epoch 14 step 42550 avg_loss=8.948
[1622.2s] epoch 14 step 42600 avg_loss=8.989
[1623.9s] epoch 14 step 42650 avg_loss=8.978
[1625.6s] epoch 14 step 42700 avg_loss=8.982
[1627.5s] epoch 14 step 42750 avg_loss=9.026
[1629.5s] epoch 14 step 42800 avg_loss=9.065
[1631.0s] === epoch 14 done: avg_loss=9.081 (n=2856 derivations) ===
[1631.4s] epoch 15 step 42850 avg_loss=4.299
[1633.1s] epoch 15 step 42900 avg_loss=7.565
[1635.0s] epoch 15 step 42950 avg_loss=7.797
[1636.8s] epoch 15 step 43000 avg_loss=7.479
[1638.5s] epoch 15 step 43050 avg_loss=7.696
[1640.3s] epoch 15 step 43100 avg_loss=7.716
[1642.1s] epoch 15 step 43150 avg_loss=7.754
[1643.7s] epoch 15 step 43200 avg_loss=7.786
[1645.4s] epoch 15 step 43250 avg_loss=7.739
[1647.2s] epoch 15 step 43300 avg_loss=7.724
[1649.0s] epoch 15 step 43350 avg_loss=7.956
[1650.9s] epoch 15 step 43400 avg_loss=8.076
[1652.5s] epoch 15 step 43450 avg_loss=8.123
[1654.1s] epoch 15 step 43500 avg_loss=8.256
[1655.9s] epoch 15 step 43550 avg_loss=8.255
[1657.8s] epoch 15 step 43600 avg_loss=8.312
[1659.5s] epoch 15 step 43650 avg_loss=8.395
[1661.1s] epoch 15 step 43700 avg_loss=8.357
[1662.9s] epoch 15 step 43750 avg_loss=8.329
[1664.9s] epoch 15 step 43800 avg_loss=8.462
[1666.7s] epoch 15 step 43850 avg_loss=8.432
[1668.5s] epoch 15 step 43900 avg_loss=8.347
[1670.2s] epoch 15 step 43950 avg_loss=8.467
[1672.0s] epoch 15 step 44000 avg_loss=8.405
[1673.6s] epoch 15 step 44050 avg_loss=8.370
[1675.6s] epoch 15 step 44100 avg_loss=8.435
[1677.4s] epoch 15 step 44150 avg_loss=8.436
[1679.5s] epoch 15 step 44200 avg_loss=8.540
[1681.3s] epoch 15 step 44250 avg_loss=8.513
[1683.2s] epoch 15 step 44300 avg_loss=8.473
[1685.1s] epoch 15 step 44350 avg_loss=8.476
[1686.9s] epoch 15 step 44400 avg_loss=8.472
[1688.3s] epoch 15 step 44450 avg_loss=8.433
[1690.1s] epoch 15 step 44500 avg_loss=8.462
[1691.9s] epoch 15 step 44550 avg_loss=8.455
[1693.8s] epoch 15 step 44600 avg_loss=8.558
[1695.7s] epoch 15 step 44650 avg_loss=8.555
[1697.4s] epoch 15 step 44700 avg_loss=8.530
[1699.2s] epoch 15 step 44750 avg_loss=8.503
[1700.9s] epoch 15 step 44800 avg_loss=8.517
[1702.7s] epoch 15 step 44850 avg_loss=8.526
[1704.4s] epoch 15 step 44900 avg_loss=8.513
[1706.3s] epoch 15 step 44950 avg_loss=8.551
[1708.0s] epoch 15 step 45000 avg_loss=8.518
[1709.5s] epoch 15 step 45050 avg_loss=8.498
[1711.4s] epoch 15 step 45100 avg_loss=8.495
[1713.2s] epoch 15 step 45150 avg_loss=8.499
[1715.1s] epoch 15 step 45200 avg_loss=8.522
[1716.9s] epoch 15 step 45250 avg_loss=8.553
[1718.7s] epoch 15 step 45300 avg_loss=8.562
[1720.5s] epoch 15 step 45350 avg_loss=8.551
[1722.4s] epoch 15 step 45400 avg_loss=8.563
[1724.4s] epoch 15 step 45450 avg_loss=8.561
[1726.3s] epoch 15 step 45500 avg_loss=8.557
[1728.1s] epoch 15 step 45550 avg_loss=8.583
[1730.0s] epoch 15 step 45600 avg_loss=8.597
[1731.7s] epoch 15 step 45650 avg_loss=8.583
[1733.3s] === epoch 15 done: avg_loss=8.552 (n=2856 derivations) ===
[1733.4s] epoch 16 step 45700 avg_loss=7.736
[1735.1s] epoch 16 step 45750 avg_loss=7.590
[1737.0s] epoch 16 step 45800 avg_loss=7.832
[1738.4s] epoch 16 step 45850 avg_loss=7.360
[1740.4s] epoch 16 step 45900 avg_loss=7.390
[1742.2s] epoch 16 step 45950 avg_loss=7.393
[1743.8s] epoch 16 step 46000 avg_loss=7.220
[1745.8s] epoch 16 step 46050 avg_loss=7.481
[1747.8s] epoch 16 step 46100 avg_loss=7.773
[1749.9s] epoch 16 step 46150 avg_loss=7.979
[1751.6s] epoch 16 step 46200 avg_loss=7.941
[1753.3s] epoch 16 step 46250 avg_loss=7.886
[1755.3s] epoch 16 step 46300 avg_loss=7.885
[1757.2s] epoch 16 step 46350 avg_loss=7.891
[1759.2s] epoch 16 step 46400 avg_loss=7.994
[1761.1s] epoch 16 step 46450 avg_loss=7.933
[1763.1s] epoch 16 step 46500 avg_loss=7.890
[1765.2s] epoch 16 step 46550 avg_loss=8.024
[1767.2s] epoch 16 step 46600 avg_loss=8.034
[1769.2s] epoch 16 step 46650 avg_loss=8.099
[1771.4s] epoch 16 step 46700 avg_loss=8.193
[1773.1s] epoch 16 step 46750 avg_loss=8.184
[1774.9s] epoch 16 step 46800 avg_loss=8.134
[1776.8s] epoch 16 step 46850 avg_loss=8.095
[1778.8s] epoch 16 step 46900 avg_loss=8.154
[1780.8s] epoch 16 step 46950 avg_loss=8.126
[1782.5s] epoch 16 step 47000 avg_loss=8.073
[1784.3s] epoch 16 step 47050 avg_loss=8.079
[1786.2s] epoch 16 step 47100 avg_loss=8.088
[1788.1s] epoch 16 step 47150 avg_loss=8.138
[1789.8s] epoch 16 step 47200 avg_loss=8.089
[1791.6s] epoch 16 step 47250 avg_loss=8.090
[1793.4s] epoch 16 step 47300 avg_loss=8.097
[1795.3s] epoch 16 step 47350 avg_loss=8.059
[1797.3s] epoch 16 step 47400 avg_loss=8.064
[1799.1s] epoch 16 step 47450 avg_loss=8.042
[1800.9s] epoch 16 step 47500 avg_loss=8.010
[1802.8s] epoch 16 step 47550 avg_loss=8.035
[1804.8s] epoch 16 step 47600 avg_loss=8.078
[1806.9s] eval step=1500 train_avg_loss=8.059 dev_rank1_f1=0.3674 dev_edge_p=0.3269 dev_edge_r=0.4193
[1808.2s] epoch 16 step 47650 avg_loss=8.043
[1809.9s] epoch 16 step 47700 avg_loss=8.022
[1811.8s] epoch 16 step 47750 avg_loss=8.038
[1813.7s] epoch 16 step 47800 avg_loss=8.062
[1815.8s] epoch 16 step 47850 avg_loss=8.075
[1817.6s] epoch 16 step 47900 avg_loss=8.080
[1819.2s] epoch 16 step 47950 avg_loss=8.083
[1821.2s] epoch 16 step 48000 avg_loss=8.093
[1823.1s] epoch 16 step 48050 avg_loss=8.092
[1824.9s] epoch 16 step 48100 avg_loss=8.100
[1826.9s] epoch 16 step 48150 avg_loss=8.158
[1828.5s] epoch 16 step 48200 avg_loss=8.134
[1830.3s] epoch 16 step 48250 avg_loss=8.150
[1832.3s] epoch 16 step 48300 avg_loss=8.177
[1834.1s] epoch 16 step 48350 avg_loss=8.154
[1835.7s] epoch 16 step 48400 avg_loss=8.142
[1837.2s] epoch 16 step 48450 avg_loss=8.119
[1839.2s] epoch 16 step 48500 avg_loss=8.137
[1841.0s] epoch 16 step 48550 avg_loss=8.146
[1841.1s] === epoch 16 done: avg_loss=8.145 (n=2856 derivations) ===
[1843.0s] epoch 17 step 48600 avg_loss=7.889
[1845.1s] epoch 17 step 48650 avg_loss=8.973
[1847.0s] epoch 17 step 48700 avg_loss=8.068
[1848.8s] epoch 17 step 48750 avg_loss=8.002
[1850.7s] epoch 17 step 48800 avg_loss=7.747
[1852.4s] epoch 17 step 48850 avg_loss=7.736
[1854.1s] epoch 17 step 48900 avg_loss=7.616
[1855.8s] epoch 17 step 48950 avg_loss=7.416
[1857.6s] epoch 17 step 49000 avg_loss=7.630
[1859.2s] epoch 17 step 49050 avg_loss=7.607
[1861.0s] epoch 17 step 49100 avg_loss=7.631
[1862.8s] epoch 17 step 49150 avg_loss=7.589
[1864.6s] epoch 17 step 49200 avg_loss=7.642
[1866.6s] epoch 17 step 49250 avg_loss=7.618
[1868.5s] epoch 17 step 49300 avg_loss=7.635
[1870.5s] epoch 17 step 49350 avg_loss=7.667
[1872.6s] epoch 17 step 49400 avg_loss=7.646
[1874.4s] epoch 17 step 49450 avg_loss=7.639
[1876.6s] epoch 17 step 49500 avg_loss=7.611
[1878.6s] epoch 17 step 49550 avg_loss=7.698
[1880.4s] epoch 17 step 49600 avg_loss=7.646
[1882.2s] epoch 17 step 49650 avg_loss=7.653
[1884.0s] epoch 17 step 49700 avg_loss=7.695
[1885.9s] epoch 17 step 49750 avg_loss=7.711
[1887.8s] epoch 17 step 49800 avg_loss=7.642
[1889.8s] epoch 17 step 49850 avg_loss=7.709
[1891.6s] epoch 17 step 49900 avg_loss=7.677
[1893.8s] epoch 17 step 49950 avg_loss=7.773
[1895.7s] epoch 17 step 50000 avg_loss=7.745
[1897.8s] epoch 17 step 50050 avg_loss=7.774
[1899.8s] epoch 17 step 50100 avg_loss=7.770
[1901.7s] epoch 17 step 50150 avg_loss=7.769
[1903.5s] epoch 17 step 50200 avg_loss=7.786
[1905.2s] epoch 17 step 50250 avg_loss=7.727
[1907.1s] epoch 17 step 50300 avg_loss=7.732
[1908.9s] epoch 17 step 50350 avg_loss=7.678
[1910.7s] epoch 17 step 50400 avg_loss=7.686
[1912.7s] epoch 17 step 50450 avg_loss=7.703
[1914.4s] epoch 17 step 50500 avg_loss=7.706
[1916.3s] epoch 17 step 50550 avg_loss=7.786
[1918.0s] epoch 17 step 50600 avg_loss=7.751
[1919.8s] epoch 17 step 50650 avg_loss=7.713
[1921.9s] epoch 17 step 50700 avg_loss=7.716
[1924.0s] epoch 17 step 50750 avg_loss=7.727
[1926.0s] epoch 17 step 50800 avg_loss=7.755
[1927.8s] epoch 17 step 50850 avg_loss=7.741
[1929.9s] epoch 17 step 50900 avg_loss=7.726
[1931.9s] epoch 17 step 50950 avg_loss=7.728
[1933.5s] epoch 17 step 51000 avg_loss=7.748
[1935.5s] epoch 17 step 51050 avg_loss=7.764
[1937.5s] epoch 17 step 51100 avg_loss=7.753
[1939.1s] epoch 17 step 51150 avg_loss=7.756
[1940.8s] epoch 17 step 51200 avg_loss=7.754
[1942.7s] epoch 17 step 51250 avg_loss=7.719
[1944.7s] epoch 17 step 51300 avg_loss=7.764
[1946.9s] epoch 17 step 51350 avg_loss=7.806
[1948.7s] epoch 17 step 51400 avg_loss=7.804
[1949.0s] === epoch 17 done: avg_loss=7.793 (n=2856 derivations) ===
[1950.5s] epoch 18 step 51450 avg_loss=7.134
[1952.4s] epoch 18 step 51500 avg_loss=7.862
[1954.2s] epoch 18 step 51550 avg_loss=6.901
[1956.5s] epoch 18 step 51600 avg_loss=7.052
[1958.4s] epoch 18 step 51650 avg_loss=6.883
[1960.6s] epoch 18 step 51700 avg_loss=7.006
[1962.5s] epoch 18 step 51750 avg_loss=6.827
[1964.3s] epoch 18 step 51800 avg_loss=6.768
[1966.1s] epoch 18 step 51850 avg_loss=6.778
[1968.1s] epoch 18 step 51900 avg_loss=6.782
[1969.7s] epoch 18 step 51950 avg_loss=6.742
[1971.4s] epoch 18 step 52000 avg_loss=6.861
[1973.3s] epoch 18 step 52050 avg_loss=6.906
[1975.1s] epoch 18 step 52100 avg_loss=6.971
[1976.9s] epoch 18 step 52150 avg_loss=6.867
[1978.7s] epoch 18 step 52200 avg_loss=6.885
[1980.6s] epoch 18 step 52250 avg_loss=6.850
[1982.5s] epoch 18 step 52300 avg_loss=6.884
[1984.2s] epoch 18 step 52350 avg_loss=6.982
[1985.9s] epoch 18 step 52400 avg_loss=7.036
[1988.0s] epoch 18 step 52450 avg_loss=7.061
[1989.6s] epoch 18 step 52500 avg_loss=7.032
[1991.2s] epoch 18 step 52550 avg_loss=7.040
[1993.0s] epoch 18 step 52600 avg_loss=7.151
[1995.0s] epoch 18 step 52650 avg_loss=7.276
[1997.0s] epoch 18 step 52700 avg_loss=7.314
[1999.0s] epoch 18 step 52750 avg_loss=7.353
[2000.6s] epoch 18 step 52800 avg_loss=7.312
[2002.4s] epoch 18 step 52850 avg_loss=7.268
[2004.1s] epoch 18 step 52900 avg_loss=7.208
[2005.9s] epoch 18 step 52950 avg_loss=7.230
[2008.0s] epoch 18 step 53000 avg_loss=7.259
[2010.0s] epoch 18 step 53050 avg_loss=7.251
[2011.8s] epoch 18 step 53100 avg_loss=7.254
[2013.6s] epoch 18 step 53150 avg_loss=7.239
[2015.4s] epoch 18 step 53200 avg_loss=7.230
[2017.2s] epoch 18 step 53250 avg_loss=7.204
[2018.9s] epoch 18 step 53300 avg_loss=7.211
[2020.5s] epoch 18 step 53350 avg_loss=7.199
[2022.2s] epoch 18 step 53400 avg_loss=7.256
[2024.3s] epoch 18 step 53450 avg_loss=7.292
[2026.1s] epoch 18 step 53500 avg_loss=7.356
[2027.9s] epoch 18 step 53550 avg_loss=7.388
[2029.6s] epoch 18 step 53600 avg_loss=7.386
[2031.2s] epoch 18 step 53650 avg_loss=7.400
[2032.9s] epoch 18 step 53700 avg_loss=7.410
[2034.9s] epoch 18 step 53750 avg_loss=7.422
[2036.7s] epoch 18 step 53800 avg_loss=7.405
[2038.8s] epoch 18 step 53850 avg_loss=7.392
[2040.8s] epoch 18 step 53900 avg_loss=7.455
[2042.5s] epoch 18 step 53950 avg_loss=7.445
[2044.2s] epoch 18 step 54000 avg_loss=7.417
[2046.2s] epoch 18 step 54050 avg_loss=7.436
[2048.0s] epoch 18 step 54100 avg_loss=7.454
[2049.9s] epoch 18 step 54150 avg_loss=7.467
[2051.7s] epoch 18 step 54200 avg_loss=7.471
[2053.8s] epoch 18 step 54250 avg_loss=7.480
[2054.3s] === epoch 18 done: avg_loss=7.475 (n=2856 derivations) ===
[2055.7s] epoch 19 step 54300 avg_loss=6.179
[2057.7s] epoch 19 step 54350 avg_loss=6.756
[2059.6s] epoch 19 step 54400 avg_loss=7.129
[2061.2s] epoch 19 step 54450 avg_loss=7.058
[2063.1s] epoch 19 step 54500 avg_loss=7.113
[2065.0s] epoch 19 step 54550 avg_loss=7.514
[2067.1s] epoch 19 step 54600 avg_loss=7.194
[2069.2s] epoch 19 step 54650 avg_loss=7.079
[2071.2s] epoch 19 step 54700 avg_loss=7.177
[2073.2s] epoch 19 step 54750 avg_loss=7.231
[2074.9s] epoch 19 step 54800 avg_loss=7.131
[2076.9s] epoch 19 step 54850 avg_loss=7.089
[2078.7s] epoch 19 step 54900 avg_loss=6.933
[2080.5s] epoch 19 step 54950 avg_loss=7.000
[2082.4s] epoch 19 step 55000 avg_loss=6.942
[2084.5s] epoch 19 step 55050 avg_loss=7.012
[2086.4s] epoch 19 step 55100 avg_loss=6.999
[2088.3s] epoch 19 step 55150 avg_loss=6.972
[2090.0s] epoch 19 step 55200 avg_loss=6.963
[2091.9s] epoch 19 step 55250 avg_loss=7.082
[2093.4s] epoch 19 step 55300 avg_loss=7.025
[2095.0s] epoch 19 step 55350 avg_loss=6.972
[2096.8s] epoch 19 step 55400 avg_loss=6.967
[2098.6s] epoch 19 step 55450 avg_loss=7.067
[2100.4s] epoch 19 step 55500 avg_loss=7.047
[2103.2s] eval step=1750 train_avg_loss=6.986 dev_rank1_f1=0.3717 dev_edge_p=0.3441 dev_edge_r=0.4042
[2103.5s] epoch 19 step 55550 avg_loss=7.001
[2105.7s] epoch 19 step 55600 avg_loss=7.071
[2107.6s] epoch 19 step 55650 avg_loss=7.103
[2109.4s] epoch 19 step 55700 avg_loss=7.107
[2111.3s] epoch 19 step 55750 avg_loss=7.103
[2113.2s] epoch 19 step 55800 avg_loss=7.107
[2115.4s] epoch 19 step 55850 avg_loss=7.189
[2117.4s] epoch 19 step 55900 avg_loss=7.168
[2119.2s] epoch 19 step 55950 avg_loss=7.136
[2121.0s] epoch 19 step 56000 avg_loss=7.118
[2123.0s] epoch 19 step 56050 avg_loss=7.131
[2125.2s] epoch 19 step 56100 avg_loss=7.222
[2126.9s] epoch 19 step 56150 avg_loss=7.174
[2128.8s] epoch 19 step 56200 avg_loss=7.168
[2130.9s] epoch 19 step 56250 avg_loss=7.214
[2132.8s] epoch 19 step 56300 avg_loss=7.205
[2134.8s] epoch 19 step 56350 avg_loss=7.210
[2136.9s] epoch 19 step 56400 avg_loss=7.226
[2138.9s] epoch 19 step 56450 avg_loss=7.241
[2140.8s] epoch 19 step 56500 avg_loss=7.238
[2142.7s] epoch 19 step 56550 avg_loss=7.232
[2144.6s] epoch 19 step 56600 avg_loss=7.238
[2146.5s] epoch 19 step 56650 avg_loss=7.251
[2148.2s] epoch 19 step 56700 avg_loss=7.245
[2150.1s] epoch 19 step 56750 avg_loss=7.210
[2151.8s] epoch 19 step 56800 avg_loss=7.185
[2153.7s] epoch 19 step 56850 avg_loss=7.176
[2155.7s] epoch 19 step 56900 avg_loss=7.169
[2157.8s] epoch 19 step 56950 avg_loss=7.156
[2159.7s] epoch 19 step 57000 avg_loss=7.168
[2161.6s] epoch 19 step 57050 avg_loss=7.169
[2163.5s] epoch 19 step 57100 avg_loss=7.166
[2164.2s] === epoch 19 done: avg_loss=7.164 (n=2856 derivations) ===
[2165.4s] epoch 20 step 57150 avg_loss=6.970
[2167.3s] epoch 20 step 57200 avg_loss=6.207
[2169.1s] epoch 20 step 57250 avg_loss=6.033
[2170.8s] epoch 20 step 57300 avg_loss=5.645
[2172.7s] epoch 20 step 57350 avg_loss=5.987
[2174.5s] epoch 20 step 57400 avg_loss=5.937
[2176.5s] epoch 20 step 57450 avg_loss=6.080
[2178.4s] epoch 20 step 57500 avg_loss=6.207
[2180.4s] epoch 20 step 57550 avg_loss=6.416
[2182.3s] epoch 20 step 57600 avg_loss=6.471
[2184.5s] epoch 20 step 57650 avg_loss=6.497
[2186.2s] epoch 20 step 57700 avg_loss=6.400
[2188.1s] epoch 20 step 57750 avg_loss=6.499
[2189.9s] epoch 20 step 57800 avg_loss=6.522
[2191.6s] epoch 20 step 57850 avg_loss=6.434
[2193.4s] epoch 20 step 57900 avg_loss=6.372
[2195.3s] epoch 20 step 57950 avg_loss=6.398
[2197.1s] epoch 20 step 58000 avg_loss=6.445
[2199.3s] epoch 20 step 58050 avg_loss=6.549
[2201.5s] epoch 20 step 58100 avg_loss=6.544
[2203.6s] epoch 20 step 58150 avg_loss=6.596
[2206.2s] epoch 20 step 58200 avg_loss=6.617
[2208.0s] epoch 20 step 58250 avg_loss=6.542
[2209.9s] epoch 20 step 58300 avg_loss=6.499
[2211.7s] epoch 20 step 58350 avg_loss=6.476
[2214.2s] epoch 20 step 58400 avg_loss=6.473
[2216.6s] epoch 20 step 58450 avg_loss=6.516
[2219.1s] epoch 20 step 58500 avg_loss=6.550
[2221.1s] epoch 20 step 58550 avg_loss=6.556
[2223.5s] epoch 20 step 58600 avg_loss=6.610
[2226.0s] epoch 20 step 58650 avg_loss=6.621
[2228.2s] epoch 20 step 58700 avg_loss=6.645
[2231.1s] epoch 20 step 58750 avg_loss=6.725
[2233.2s] epoch 20 step 58800 avg_loss=6.698
[2235.4s] epoch 20 step 58850 avg_loss=6.727
[2237.6s] epoch 20 step 58900 avg_loss=6.738
[2239.7s] epoch 20 step 58950 avg_loss=6.723
[2241.8s] epoch 20 step 59000 avg_loss=6.751
[2243.8s] epoch 20 step 59050 avg_loss=6.746
[2245.9s] epoch 20 step 59100 avg_loss=6.773
[2248.3s] epoch 20 step 59150 avg_loss=6.785
[2250.5s] epoch 20 step 59200 avg_loss=6.799
[2252.3s] epoch 20 step 59250 avg_loss=6.800
[2254.4s] epoch 20 step 59300 avg_loss=6.801
[2256.5s] epoch 20 step 59350 avg_loss=6.825
[2259.0s] epoch 20 step 59400 avg_loss=6.843
[2261.0s] epoch 20 step 59450 avg_loss=6.809
[2263.0s] epoch 20 step 59500 avg_loss=6.805
[2265.4s] epoch 20 step 59550 avg_loss=6.811
[2267.4s] epoch 20 step 59600 avg_loss=6.808
[2269.6s] epoch 20 step 59650 avg_loss=6.814
[2271.7s] epoch 20 step 59700 avg_loss=6.795
[2273.9s] epoch 20 step 59750 avg_loss=6.838
[2276.1s] epoch 20 step 59800 avg_loss=6.884
[2278.2s] epoch 20 step 59850 avg_loss=6.891
[2280.2s] epoch 20 step 59900 avg_loss=6.890
[2282.7s] epoch 20 step 59950 avg_loss=6.909
[2283.8s] === epoch 20 done: avg_loss=6.893 (n=2856 derivations) ===
[2285.0s] epoch 21 step 60000 avg_loss=5.846
[2287.0s] epoch 21 step 60050 avg_loss=5.629
[2289.3s] epoch 21 step 60100 avg_loss=5.949
[2291.3s] epoch 21 step 60150 avg_loss=5.641
[2293.7s] epoch 21 step 60200 avg_loss=6.007
[2296.1s] epoch 21 step 60250 avg_loss=5.993
[2298.1s] epoch 21 step 60300 avg_loss=6.020
[2300.3s] epoch 21 step 60350 avg_loss=6.138
[2302.4s] epoch 21 step 60400 avg_loss=6.127
[2304.6s] epoch 21 step 60450 avg_loss=6.103
[2307.3s] epoch 21 step 60500 avg_loss=6.280
[2309.7s] epoch 21 step 60550 avg_loss=6.254
[2311.5s] epoch 21 step 60600 avg_loss=6.184
[2313.5s] epoch 21 step 60650 avg_loss=6.281
[2315.8s] epoch 21 step 60700 avg_loss=6.309
[2318.0s] epoch 21 step 60750 avg_loss=6.331
[2320.0s] epoch 21 step 60800 avg_loss=6.291
[2322.3s] epoch 21 step 60850 avg_loss=6.388
[2324.3s] epoch 21 step 60900 avg_loss=6.327
[2326.3s] epoch 21 step 60950 avg_loss=6.299
[2328.3s] epoch 21 step 61000 avg_loss=6.311
[2330.6s] epoch 21 step 61050 avg_loss=6.361
[2332.7s] epoch 21 step 61100 avg_loss=6.381
[2334.7s] epoch 21 step 61150 avg_loss=6.380
[2336.9s] epoch 21 step 61200 avg_loss=6.398
[2339.0s] epoch 21 step 61250 avg_loss=6.417
[2341.3s] epoch 21 step 61300 avg_loss=6.440
[2343.5s] epoch 21 step 61350 avg_loss=6.540
[2345.7s] epoch 21 step 61400 avg_loss=6.548
[2348.0s] epoch 21 step 61450 avg_loss=6.615
[2350.1s] epoch 21 step 61500 avg_loss=6.579
[2352.2s] epoch 21 step 61550 avg_loss=6.600
[2354.4s] epoch 21 step 61600 avg_loss=6.612
[2356.4s] epoch 21 step 61650 avg_loss=6.628
[2358.6s] epoch 21 step 61700 avg_loss=6.644
[2360.9s] epoch 21 step 61750 avg_loss=6.640
[2363.3s] epoch 21 step 61800 avg_loss=6.666
[2365.2s] epoch 21 step 61850 avg_loss=6.631
[2367.4s] epoch 21 step 61900 avg_loss=6.648
[2369.3s] epoch 21 step 61950 avg_loss=6.600
[2371.1s] epoch 21 step 62000 avg_loss=6.602
[2373.3s] epoch 21 step 62050 avg_loss=6.647
[2375.4s] epoch 21 step 62100 avg_loss=6.655
[2377.5s] epoch 21 step 62150 avg_loss=6.662
[2379.1s] epoch 21 step 62200 avg_loss=6.639
[2380.8s] epoch 21 step 62250 avg_loss=6.641
[2382.6s] epoch 21 step 62300 avg_loss=6.664
[2384.4s] epoch 21 step 62350 avg_loss=6.664
[2386.4s] epoch 21 step 62400 avg_loss=6.663
[2388.1s] epoch 21 step 62450 avg_loss=6.642
[2390.1s] epoch 21 step 62500 avg_loss=6.616
[2391.7s] epoch 21 step 62550 avg_loss=6.601
[2393.5s] epoch 21 step 62600 avg_loss=6.605
[2395.8s] epoch 21 step 62650 avg_loss=6.618
[2397.8s] epoch 21 step 62700 avg_loss=6.624
[2399.7s] epoch 21 step 62750 avg_loss=6.614
[2401.7s] epoch 21 step 62800 avg_loss=6.604
[2403.2s] === epoch 21 done: avg_loss=6.614 (n=2856 derivations) ===
[2404.1s] epoch 22 step 62850 avg_loss=5.290
[2406.2s] epoch 22 step 62900 avg_loss=6.592
[2408.2s] epoch 22 step 62950 avg_loss=6.281
[2410.2s] epoch 22 step 63000 avg_loss=5.887
[2412.2s] epoch 22 step 63050 avg_loss=5.953
[2414.8s] epoch 22 step 63100 avg_loss=6.371
[2417.2s] epoch 22 step 63150 avg_loss=6.472
[2419.3s] epoch 22 step 63200 avg_loss=6.416
[2421.7s] epoch 22 step 63250 avg_loss=6.550
[2423.6s] epoch 22 step 63300 avg_loss=6.495
[2425.5s] epoch 22 step 63350 avg_loss=6.479
[2427.2s] epoch 22 step 63400 avg_loss=6.399
[2429.2s] epoch 22 step 63450 avg_loss=6.466
[2431.6s] eval step=2000 train_avg_loss=6.462 dev_rank1_f1=0.3669 dev_edge_p=0.3186 dev_edge_r=0.4326
[2432.8s] epoch 22 step 63500 avg_loss=6.449
[2434.8s] epoch 22 step 63550 avg_loss=6.388
[2436.8s] epoch 22 step 63600 avg_loss=6.379
[2439.0s] epoch 22 step 63650 avg_loss=6.360
[2440.9s] epoch 22 step 63700 avg_loss=6.356
[2442.8s] epoch 22 step 63750 avg_loss=6.297
[2444.9s] epoch 22 step 63800 avg_loss=6.287
[2446.8s] epoch 22 step 63850 avg_loss=6.230
[2448.5s] epoch 22 step 63900 avg_loss=6.208
[2450.2s] epoch 22 step 63950 avg_loss=6.176
[2452.0s] epoch 22 step 64000 avg_loss=6.159
[2453.9s] epoch 22 step 64050 avg_loss=6.222
[2455.7s] epoch 22 step 64100 avg_loss=6.205
[2457.4s] epoch 22 step 64150 avg_loss=6.209
[2458.9s] epoch 22 step 64200 avg_loss=6.237
[2460.5s] epoch 22 step 64250 avg_loss=6.289
[2462.2s] epoch 22 step 64300 avg_loss=6.253
[2463.8s] epoch 22 step 64350 avg_loss=6.228
[2465.4s] epoch 22 step 64400 avg_loss=6.220
[2467.2s] epoch 22 step 64450 avg_loss=6.203
[2469.0s] epoch 22 step 64500 avg_loss=6.225
[2470.6s] epoch 22 step 64550 avg_loss=6.217
[2472.4s] epoch 22 step 64600 avg_loss=6.280
[2474.3s] epoch 22 step 64650 avg_loss=6.294
[2476.2s] epoch 22 step 64700 avg_loss=6.302
[2478.2s] epoch 22 step 64750 avg_loss=6.299
[2480.3s] epoch 22 step 64800 avg_loss=6.315
[2482.1s] epoch 22 step 64850 avg_loss=6.307
[2484.1s] epoch 22 step 64900 avg_loss=6.324
[2486.0s] epoch 22 step 64950 avg_loss=6.351
[2487.7s] epoch 22 step 65000 avg_loss=6.339
[2489.5s] epoch 22 step 65050 avg_loss=6.338
[2491.7s] epoch 22 step 65100 avg_loss=6.354
[2493.3s] epoch 22 step 65150 avg_loss=6.327
[2495.2s] epoch 22 step 65200 avg_loss=6.314
[2497.0s] epoch 22 step 65250 avg_loss=6.311
[2498.7s] epoch 22 step 65300 avg_loss=6.314
[2500.5s] epoch 22 step 65350 avg_loss=6.299
[2502.2s] epoch 22 step 65400 avg_loss=6.324
[2504.3s] epoch 22 step 65450 avg_loss=6.360
[2506.2s] epoch 22 step 65500 avg_loss=6.352
[2507.9s] epoch 22 step 65550 avg_loss=6.353
[2509.8s] epoch 22 step 65600 avg_loss=6.367
[2511.5s] epoch 22 step 65650 avg_loss=6.353
[2513.1s] === epoch 22 done: avg_loss=6.385 (n=2856 derivations) ===
[2513.6s] epoch 23 step 65700 avg_loss=5.580
[2515.5s] epoch 23 step 65750 avg_loss=5.703
[2517.7s] epoch 23 step 65800 avg_loss=5.776
[2519.6s] epoch 23 step 65850 avg_loss=5.590
[2521.8s] epoch 23 step 65900 avg_loss=5.948
[2523.8s] epoch 23 step 65950 avg_loss=6.063
[2525.5s] epoch 23 step 66000 avg_loss=6.220
[2527.6s] epoch 23 step 66050 avg_loss=6.201
[2529.5s] epoch 23 step 66100 avg_loss=6.132
[2531.3s] epoch 23 step 66150 avg_loss=5.975
[2533.5s] epoch 23 step 66200 avg_loss=5.979
[2535.5s] epoch 23 step 66250 avg_loss=5.933
[2537.7s] epoch 23 step 66300 avg_loss=5.941
[2539.7s] epoch 23 step 66350 avg_loss=6.060
[2541.8s] epoch 23 step 66400 avg_loss=6.094
[2543.6s] epoch 23 step 66450 avg_loss=6.026
[2545.4s] epoch 23 step 66500 avg_loss=6.041
[2547.2s] epoch 23 step 66550 avg_loss=6.033
[2549.2s] epoch 23 step 66600 avg_loss=6.066
[2550.8s] epoch 23 step 66650 avg_loss=6.059
[2552.4s] epoch 23 step 66700 avg_loss=6.045
[2554.2s] epoch 23 step 66750 avg_loss=6.033
[2556.0s] epoch 23 step 66800 avg_loss=6.032
[2558.2s] epoch 23 step 66850 avg_loss=6.068
[2560.0s] epoch 23 step 66900 avg_loss=6.078
[2561.5s] epoch 23 step 66950 avg_loss=6.057
[2563.2s] epoch 23 step 67000 avg_loss=6.057
[2564.9s] epoch 23 step 67050 avg_loss=6.025
[2566.9s] epoch 23 step 67100 avg_loss=6.048
[2568.7s] epoch 23 step 67150 avg_loss=6.108
[2570.3s] epoch 23 step 67200 avg_loss=6.101
[2571.8s] epoch 23 step 67250 avg_loss=6.050
[2573.7s] epoch 23 step 67300 avg_loss=6.075
[2575.3s] epoch 23 step 67350 avg_loss=6.068
[2577.1s] epoch 23 step 67400 avg_loss=6.046
[2578.9s] epoch 23 step 67450 avg_loss=6.040
[2580.8s] epoch 23 step 67500 avg_loss=6.095
[2582.6s] epoch 23 step 67550 avg_loss=6.063
[2584.7s] epoch 23 step 67600 avg_loss=6.050
[2586.5s] epoch 23 step 67650 avg_loss=6.044
[2588.1s] epoch 23 step 67700 avg_loss=6.037
[2589.9s] epoch 23 step 67750 avg_loss=6.043
[2591.5s] epoch 23 step 67800 avg_loss=6.046
[2593.4s] epoch 23 step 67850 avg_loss=6.038
[2595.6s] epoch 23 step 67900 avg_loss=6.059
[2597.6s] epoch 23 step 67950 avg_loss=6.051
[2599.5s] epoch 23 step 68000 avg_loss=6.059
[2601.8s] epoch 23 step 68050 avg_loss=6.122
[2603.5s] epoch 23 step 68100 avg_loss=6.123
[2605.5s] epoch 23 step 68150 avg_loss=6.116
[2607.3s] epoch 23 step 68200 avg_loss=6.115
[2609.3s] epoch 23 step 68250 avg_loss=6.132
[2611.0s] epoch 23 step 68300 avg_loss=6.120
[2612.9s] epoch 23 step 68350 avg_loss=6.103
[2614.7s] epoch 23 step 68400 avg_loss=6.113
[2616.9s] epoch 23 step 68450 avg_loss=6.128
[2618.9s] epoch 23 step 68500 avg_loss=6.137
[2620.6s] === epoch 23 done: avg_loss=6.130 (n=2856 derivations) ===
[2620.9s] epoch 24 step 68550 avg_loss=10.526
[2623.0s] epoch 24 step 68600 avg_loss=7.255
[2625.3s] epoch 24 step 68650 avg_loss=6.715
[2627.5s] epoch 24 step 68700 avg_loss=6.270
[2629.6s] epoch 24 step 68750 avg_loss=6.038
[2631.6s] epoch 24 step 68800 avg_loss=5.779
[2633.8s] epoch 24 step 68850 avg_loss=5.722
[2635.6s] epoch 24 step 68900 avg_loss=5.648
[2637.6s] epoch 24 step 68950 avg_loss=5.620
[2639.7s] epoch 24 step 69000 avg_loss=5.668
[2642.0s] epoch 24 step 69050 avg_loss=5.821
[2643.9s] epoch 24 step 69100 avg_loss=5.688
[2645.7s] epoch 24 step 69150 avg_loss=5.655
[2648.0s] epoch 24 step 69200 avg_loss=5.673
[2649.9s] epoch 24 step 69250 avg_loss=5.724
[2651.8s] epoch 24 step 69300 avg_loss=5.667
[2653.5s] epoch 24 step 69350 avg_loss=5.624
[2655.3s] epoch 24 step 69400 avg_loss=5.578
[2657.3s] epoch 24 step 69450 avg_loss=5.560
[2659.2s] epoch 24 step 69500 avg_loss=5.603
[2660.9s] epoch 24 step 69550 avg_loss=5.574
[2662.7s] epoch 24 step 69600 avg_loss=5.566
[2664.6s] epoch 24 step 69650 avg_loss=5.606
[2666.5s] epoch 24 step 69700 avg_loss=5.630
[2668.4s] epoch 24 step 69750 avg_loss=5.641
[2670.4s] epoch 24 step 69800 avg_loss=5.596
[2672.1s] epoch 24 step 69850 avg_loss=5.598
[2674.0s] epoch 24 step 69900 avg_loss=5.619
[2676.2s] epoch 24 step 69950 avg_loss=5.683
[2678.2s] epoch 24 step 70000 avg_loss=5.732
[2680.3s] epoch 24 step 70050 avg_loss=5.742
[2682.1s] epoch 24 step 70100 avg_loss=5.736
[2684.2s] epoch 24 step 70150 avg_loss=5.749
[2686.3s] epoch 24 step 70200 avg_loss=5.775
[2688.1s] epoch 24 step 70250 avg_loss=5.749
[2689.9s] epoch 24 step 70300 avg_loss=5.757
[2691.8s] epoch 24 step 70350 avg_loss=5.790
[2693.6s] epoch 24 step 70400 avg_loss=5.790
[2695.7s] epoch 24 step 70450 avg_loss=5.782
[2697.4s] epoch 24 step 70500 avg_loss=5.790
[2699.3s] epoch 24 step 70550 avg_loss=5.789
[2701.5s] epoch 24 step 70600 avg_loss=5.858
[2703.4s] epoch 24 step 70650 avg_loss=5.841
[2705.7s] epoch 24 step 70700 avg_loss=5.903
[2707.6s] epoch 24 step 70750 avg_loss=5.894
[2709.7s] epoch 24 step 70800 avg_loss=5.899
[2711.5s] epoch 24 step 70850 avg_loss=5.893
[2713.5s] epoch 24 step 70900 avg_loss=5.887
[2715.5s] epoch 24 step 70950 avg_loss=5.903
[2717.5s] epoch 24 step 71000 avg_loss=5.889
[2719.4s] epoch 24 step 71050 avg_loss=5.903
[2721.4s] epoch 24 step 71100 avg_loss=5.936
[2723.3s] epoch 24 step 71150 avg_loss=5.942
[2725.4s] epoch 24 step 71200 avg_loss=5.946
[2727.5s] epoch 24 step 71250 avg_loss=5.973
[2729.5s] epoch 24 step 71300 avg_loss=5.983
[2731.2s] epoch 24 step 71350 avg_loss=5.979
[2733.1s] epoch 24 step 71400 avg_loss=5.979
[2734.8s] eval step=2250 train_avg_loss=5.979 dev_rank1_f1=0.3482 dev_edge_p=0.2937 dev_edge_r=0.4276
[2734.8s] === epoch 24 done: avg_loss=5.979 (n=2856 derivations) ===
[2736.7s] epoch 25 step 71450 avg_loss=4.721
[2738.6s] epoch 25 step 71500 avg_loss=4.371
[2740.5s] epoch 25 step 71550 avg_loss=4.509
[2742.2s] epoch 25 step 71600 avg_loss=4.610
[2744.0s] epoch 25 step 71650 avg_loss=4.770
[2745.9s] epoch 25 step 71700 avg_loss=4.748
[2747.8s] epoch 25 step 71750 avg_loss=4.842
[2749.6s] epoch 25 step 71800 avg_loss=4.896
[2751.4s] epoch 25 step 71850 avg_loss=4.949
[2753.2s] epoch 25 step 71900 avg_loss=5.021
[2755.3s] epoch 25 step 71950 avg_loss=5.017
[2757.4s] epoch 25 step 72000 avg_loss=4.944
[2759.7s] epoch 25 step 72050 avg_loss=4.889
[2761.9s] epoch 25 step 72100 avg_loss=4.963
[2764.1s] epoch 25 step 72150 avg_loss=4.972
[2766.1s] epoch 25 step 72200 avg_loss=4.964
[2768.6s] epoch 25 step 72250 avg_loss=5.042
[2771.0s] epoch 25 step 72300 avg_loss=5.104
[2773.3s] epoch 25 step 72350 avg_loss=5.181
[2775.7s] epoch 25 step 72400 avg_loss=5.282
[2778.0s] epoch 25 step 72450 avg_loss=5.313
[2780.2s] epoch 25 step 72500 avg_loss=5.309
[2782.3s] epoch 25 step 72550 avg_loss=5.277
[2784.7s] epoch 25 step 72600 avg_loss=5.282
[2786.8s] epoch 25 step 72650 avg_loss=5.270
[2789.0s] epoch 25 step 72700 avg_loss=5.286
[2791.0s] epoch 25 step 72750 avg_loss=5.301
[2793.2s] epoch 25 step 72800 avg_loss=5.340
[2795.4s] epoch 25 step 72850 avg_loss=5.407
[2797.3s] epoch 25 step 72900 avg_loss=5.425
[2799.1s] epoch 25 step 72950 avg_loss=5.424
[2801.4s] epoch 25 step 73000 avg_loss=5.443
[2803.2s] epoch 25 step 73050 avg_loss=5.458
[2805.0s] epoch 25 step 73100 avg_loss=5.450
[2807.0s] epoch 25 step 73150 avg_loss=5.499
[2809.3s] epoch 25 step 73200 avg_loss=5.527
[2811.2s] epoch 25 step 73250 avg_loss=5.516
[2813.1s] epoch 25 step 73300 avg_loss=5.519
[2815.4s] epoch 25 step 73350 avg_loss=5.549
[2817.7s] epoch 25 step 73400 avg_loss=5.572
[2820.2s] epoch 25 step 73450 avg_loss=5.597
[2822.4s] epoch 25 step 73500 avg_loss=5.594
[2824.9s] epoch 25 step 73550 avg_loss=5.617
[2827.3s] epoch 25 step 73600 avg_loss=5.640
[2829.4s] epoch 25 step 73650 avg_loss=5.668
[2831.5s] epoch 25 step 73700 avg_loss=5.671
[2833.7s] epoch 25 step 73750 avg_loss=5.693
[2836.1s] epoch 25 step 73800 avg_loss=5.730
[2838.3s] epoch 25 step 73850 avg_loss=5.745
[2840.7s] epoch 25 step 73900 avg_loss=5.747
[2842.7s] epoch 25 step 73950 avg_loss=5.764
[2845.1s] epoch 25 step 74000 avg_loss=5.793
[2847.1s] epoch 25 step 74050 avg_loss=5.800
[2849.0s] epoch 25 step 74100 avg_loss=5.790
[2851.1s] epoch 25 step 74150 avg_loss=5.788
[2853.2s] epoch 25 step 74200 avg_loss=5.800
[2855.2s] epoch 25 step 74250 avg_loss=5.790
[2855.5s] === epoch 25 done: avg_loss=5.798 (n=2856 derivations) ===
[2857.1s] epoch 26 step 74300 avg_loss=4.255
[2859.1s] epoch 26 step 74350 avg_loss=4.705
[2861.2s] epoch 26 step 74400 avg_loss=4.792
[2863.3s] epoch 26 step 74450 avg_loss=4.980
[2865.7s] epoch 26 step 74500 avg_loss=5.053
[2867.7s] epoch 26 step 74550 avg_loss=4.840
[2870.1s] epoch 26 step 74600 avg_loss=4.811
[2872.4s] epoch 26 step 74650 avg_loss=4.867
[2874.4s] epoch 26 step 74700 avg_loss=4.834
[2877.0s] epoch 26 step 74750 avg_loss=4.917
[2879.1s] epoch 26 step 74800 avg_loss=5.072
[2881.4s] epoch 26 step 74850 avg_loss=5.173
[2883.7s] epoch 26 step 74900 avg_loss=5.202
[2885.8s] epoch 26 step 74950 avg_loss=5.168
[2888.1s] epoch 26 step 75000 avg_loss=5.227
[2890.5s] epoch 26 step 75050 avg_loss=5.241
[2892.6s] epoch 26 step 75100 avg_loss=5.254
[2894.7s] epoch 26 step 75150 avg_loss=5.339
[2896.7s] epoch 26 step 75200 avg_loss=5.293
[2899.0s] epoch 26 step 75250 avg_loss=5.318
[2901.0s] epoch 26 step 75300 avg_loss=5.362
[2903.3s] epoch 26 step 75350 avg_loss=5.394
[2905.6s] epoch 26 step 75400 avg_loss=5.378
[2908.2s] epoch 26 step 75450 avg_loss=5.441
[2910.3s] epoch 26 step 75500 avg_loss=5.462
[2912.5s] epoch 26 step 75550 avg_loss=5.462
[2914.7s] epoch 26 step 75600 avg_loss=5.458
[2916.8s] epoch 26 step 75650 avg_loss=5.468
[2919.1s] epoch 26 step 75700 avg_loss=5.483
[2921.0s] epoch 26 step 75750 avg_loss=5.458
[2923.0s] epoch 26 step 75800 avg_loss=5.471
[2925.3s] epoch 26 step 75850 avg_loss=5.497
[2927.3s] epoch 26 step 75900 avg_loss=5.473
[2929.6s] epoch 26 step 75950 avg_loss=5.500
[2931.6s] epoch 26 step 76000 avg_loss=5.476
[2933.8s] epoch 26 step 76050 avg_loss=5.537
[2936.1s] epoch 26 step 76100 avg_loss=5.536
[2938.4s] epoch 26 step 76150 avg_loss=5.570
[2940.5s] epoch 26 step 76200 avg_loss=5.555
[2942.4s] epoch 26 step 76250 avg_loss=5.562
[2945.1s] epoch 26 step 76300 avg_loss=5.598
[2947.5s] epoch 26 step 76350 avg_loss=5.608
[2949.7s] epoch 26 step 76400 avg_loss=5.607
[2952.1s] epoch 26 step 76450 avg_loss=5.600
[2954.0s] epoch 26 step 76500 avg_loss=5.579
[2956.3s] epoch 26 step 76550 avg_loss=5.588
[2958.6s] epoch 26 step 76600 avg_loss=5.597
[2960.6s] epoch 26 step 76650 avg_loss=5.612
[2962.5s] epoch 26 step 76700 avg_loss=5.607
[2965.0s] epoch 26 step 76750 avg_loss=5.609
[2966.8s] epoch 26 step 76800 avg_loss=5.625
[2969.3s] epoch 26 step 76850 avg_loss=5.623
[2971.0s] epoch 26 step 76900 avg_loss=5.617
[2973.1s] epoch 26 step 76950 avg_loss=5.614
[2975.1s] epoch 26 step 77000 avg_loss=5.611
[2977.3s] epoch 26 step 77050 avg_loss=5.597
[2979.5s] epoch 26 step 77100 avg_loss=5.601
[2980.1s] === epoch 26 done: avg_loss=5.605 (n=2856 derivations) ===
[2982.0s] epoch 27 step 77150 avg_loss=6.153
[2984.6s] epoch 27 step 77200 avg_loss=5.472
[2987.0s] epoch 27 step 77250 avg_loss=5.890
[2989.3s] epoch 27 step 77300 avg_loss=5.843
[2991.5s] epoch 27 step 77350 avg_loss=5.606
[2994.0s] epoch 27 step 77400 avg_loss=5.548
[2995.9s] epoch 27 step 77450 avg_loss=5.308
[2998.2s] epoch 27 step 77500 avg_loss=5.308
[3000.4s] epoch 27 step 77550 avg_loss=5.377
[3002.7s] epoch 27 step 77600 avg_loss=5.336
[3004.7s] epoch 27 step 77650 avg_loss=5.360
[3006.8s] epoch 27 step 77700 avg_loss=5.304
[3008.6s] epoch 27 step 77750 avg_loss=5.266
[3010.5s] epoch 27 step 77800 avg_loss=5.253
[3012.7s] epoch 27 step 77850 avg_loss=5.189
[3014.6s] epoch 27 step 77900 avg_loss=5.125
[3016.9s] epoch 27 step 77950 avg_loss=5.111
[3019.0s] epoch 27 step 78000 avg_loss=5.152
[3021.0s] epoch 27 step 78050 avg_loss=5.145
[3023.2s] epoch 27 step 78100 avg_loss=5.173
[3024.9s] epoch 27 step 78150 avg_loss=5.163
[3027.2s] epoch 27 step 78200 avg_loss=5.163
[3029.2s] epoch 27 step 78250 avg_loss=5.131
[3031.2s] epoch 27 step 78300 avg_loss=5.158
[3033.3s] epoch 27 step 78350 avg_loss=5.202
[3035.4s] epoch 27 step 78400 avg_loss=5.183
[3037.6s] epoch 27 step 78450 avg_loss=5.186
[3039.6s] epoch 27 step 78500 avg_loss=5.199
[3041.7s] epoch 27 step 78550 avg_loss=5.192
[3043.7s] epoch 27 step 78600 avg_loss=5.213
[3046.3s] epoch 27 step 78650 avg_loss=5.259
[3048.6s] epoch 27 step 78700 avg_loss=5.256
[3050.4s] epoch 27 step 78750 avg_loss=5.238
[3052.9s] epoch 27 step 78800 avg_loss=5.281
[3055.0s] epoch 27 step 78850 avg_loss=5.275
[3057.3s] epoch 27 step 78900 avg_loss=5.260
[3059.3s] epoch 27 step 78950 avg_loss=5.290
[3061.1s] epoch 27 step 79000 avg_loss=5.267
[3063.1s] epoch 27 step 79050 avg_loss=5.241
[3065.2s] epoch 27 step 79100 avg_loss=5.256
[3067.6s] epoch 27 step 79150 avg_loss=5.253
[3069.7s] epoch 27 step 79200 avg_loss=5.258
[3071.6s] epoch 27 step 79250 avg_loss=5.282
[3073.8s] epoch 27 step 79300 avg_loss=5.315
[3076.1s] epoch 27 step 79350 avg_loss=5.356
[3078.1s] eval step=2500 train_avg_loss=5.357 dev_rank1_f1=0.3558 dev_edge_p=0.3102 dev_edge_r=0.4171
[3080.6s] epoch 27 step 79400 avg_loss=5.402
[3082.9s] epoch 27 step 79450 avg_loss=5.393
[3085.2s] epoch 27 step 79500 avg_loss=5.413
[3087.4s] epoch 27 step 79550 avg_loss=5.411
[3089.6s] epoch 27 step 79600 avg_loss=5.412
[3091.9s] epoch 27 step 79650 avg_loss=5.402
[3094.2s] epoch 27 step 79700 avg_loss=5.417
[3096.3s] epoch 27 step 79750 avg_loss=5.413
[3098.5s] epoch 27 step 79800 avg_loss=5.422
[3100.9s] epoch 27 step 79850 avg_loss=5.436
[3102.8s] epoch 27 step 79900 avg_loss=5.444
[3105.0s] epoch 27 step 79950 avg_loss=5.480
[3105.7s] === epoch 27 done: avg_loss=5.485 (n=2856 derivations) ===
[3106.9s] epoch 28 step 80000 avg_loss=3.596
[3108.6s] epoch 28 step 80050 avg_loss=4.325
[3110.6s] epoch 28 step 80100 avg_loss=4.353
[3112.8s] epoch 28 step 80150 avg_loss=4.676
[3114.8s] epoch 28 step 80200 avg_loss=4.916
[3117.1s] epoch 28 step 80250 avg_loss=5.119
[3119.3s] epoch 28 step 80300 avg_loss=5.100
[3121.4s] epoch 28 step 80350 avg_loss=5.058
[3123.6s] epoch 28 step 80400 avg_loss=5.002
[3125.8s] epoch 28 step 80450 avg_loss=5.110
[3127.8s] epoch 28 step 80500 avg_loss=5.099
[3130.0s] epoch 28 step 80550 avg_loss=5.151
[3132.3s] epoch 28 step 80600 avg_loss=5.135
[3134.5s] epoch 28 step 80650 avg_loss=5.121
[3136.8s] epoch 28 step 80700 avg_loss=5.123
[3138.8s] epoch 28 step 80750 avg_loss=5.137
[3140.8s] epoch 28 step 80800 avg_loss=5.140
[3142.8s] epoch 28 step 80850 avg_loss=5.073
[3144.8s] epoch 28 step 80900 avg_loss=5.066
[3147.3s] epoch 28 step 80950 avg_loss=5.145
[3149.3s] epoch 28 step 81000 avg_loss=5.121
[3151.4s] epoch 28 step 81050 avg_loss=5.132
[3153.4s] epoch 28 step 81100 avg_loss=5.083
[3155.7s] epoch 28 step 81150 avg_loss=5.149
[3157.6s] epoch 28 step 81200 avg_loss=5.114
[3159.7s] epoch 28 step 81250 avg_loss=5.117
[3162.0s] epoch 28 step 81300 avg_loss=5.137
[3164.3s] epoch 28 step 81350 avg_loss=5.220
[3166.5s] epoch 28 step 81400 avg_loss=5.209
[3168.7s] epoch 28 step 81450 avg_loss=5.266
[3171.0s] epoch 28 step 81500 avg_loss=5.294
[3173.5s] epoch 28 step 81550 avg_loss=5.315
[3175.4s] epoch 28 step 81600 avg_loss=5.306
[3177.3s] epoch 28 step 81650 avg_loss=5.279
[3179.1s] epoch 28 step 81700 avg_loss=5.293
[3181.4s] epoch 28 step 81750 avg_loss=5.312
[3183.7s] epoch 28 step 81800 avg_loss=5.318
[3185.8s] epoch 28 step 81850 avg_loss=5.310
[3188.2s] epoch 28 step 81900 avg_loss=5.316
[3190.4s] epoch 28 step 81950 avg_loss=5.321
[3192.5s] epoch 28 step 82000 avg_loss=5.291
[3194.9s] epoch 28 step 82050 avg_loss=5.328
[3197.5s] epoch 28 step 82100 avg_loss=5.379
[3199.6s] epoch 28 step 82150 avg_loss=5.396
[3201.6s] epoch 28 step 82200 avg_loss=5.394
[3203.6s] epoch 28 step 82250 avg_loss=5.372
[3205.9s] epoch 28 step 82300 avg_loss=5.388
[3207.9s] epoch 28 step 82350 avg_loss=5.380
[3210.1s] epoch 28 step 82400 avg_loss=5.396
[3212.3s] epoch 28 step 82450 avg_loss=5.390
[3214.9s] epoch 28 step 82500 avg_loss=5.373
[3217.1s] epoch 28 step 82550 avg_loss=5.367
[3219.4s] epoch 28 step 82600 avg_loss=5.370
[3221.4s] epoch 28 step 82650 avg_loss=5.361
[3223.5s] epoch 28 step 82700 avg_loss=5.351
[3225.6s] epoch 28 step 82750 avg_loss=5.350
[3227.5s] epoch 28 step 82800 avg_loss=5.353
[3228.5s] === epoch 28 done: avg_loss=5.360 (n=2856 derivations) ===
[3229.4s] epoch 29 step 82850 avg_loss=3.568
[3231.3s] epoch 29 step 82900 avg_loss=3.730
[3233.5s] epoch 29 step 82950 avg_loss=4.193
[3235.6s] epoch 29 step 83000 avg_loss=4.248
[3237.6s] epoch 29 step 83050 avg_loss=4.741
[3240.4s] epoch 29 step 83100 avg_loss=4.965
[3242.5s] epoch 29 step 83150 avg_loss=4.949
[3244.8s] epoch 29 step 83200 avg_loss=5.106
[3247.1s] epoch 29 step 83250 avg_loss=5.135
[3249.3s] epoch 29 step 83300 avg_loss=5.257
[3251.5s] epoch 29 step 83350 avg_loss=5.165
[3253.5s] epoch 29 step 83400 avg_loss=5.073
[3255.5s] epoch 29 step 83450 avg_loss=5.090
[3257.8s] epoch 29 step 83500 avg_loss=5.065
[3260.1s] epoch 29 step 83550 avg_loss=5.109
[3262.2s] epoch 29 step 83600 avg_loss=5.085
[3264.4s] epoch 29 step 83650 avg_loss=5.028
[3266.8s] epoch 29 step 83700 avg_loss=5.082
[3269.1s] epoch 29 step 83750 avg_loss=5.046
[3271.2s] epoch 29 step 83800 avg_loss=5.006
[3273.3s] epoch 29 step 83850 avg_loss=5.030
[3275.3s] epoch 29 step 83900 avg_loss=5.044
[3277.3s] epoch 29 step 83950 avg_loss=5.078
[3279.4s] epoch 29 step 84000 avg_loss=5.101
[3281.5s] epoch 29 step 84050 avg_loss=5.148
[3283.7s] epoch 29 step 84100 avg_loss=5.198
[3285.5s] epoch 29 step 84150 avg_loss=5.144
[3287.6s] epoch 29 step 84200 avg_loss=5.126
[3289.9s] epoch 29 step 84250 avg_loss=5.134
[3292.0s] epoch 29 step 84300 avg_loss=5.102
[3294.0s] epoch 29 step 84350 avg_loss=5.115
[3296.2s] epoch 29 step 84400 avg_loss=5.113
[3298.2s] epoch 29 step 84450 avg_loss=5.119
[3300.2s] epoch 29 step 84500 avg_loss=5.147
[3302.2s] epoch 29 step 84550 avg_loss=5.159
[3304.0s] epoch 29 step 84600 avg_loss=5.146
[3306.0s] epoch 29 step 84650 avg_loss=5.175
[3308.1s] epoch 29 step 84700 avg_loss=5.207
[3310.2s] epoch 29 step 84750 avg_loss=5.208
[3312.4s] epoch 29 step 84800 avg_loss=5.204
[3314.7s] epoch 29 step 84850 avg_loss=5.186
[3316.9s] epoch 29 step 84900 avg_loss=5.197
[3318.9s] epoch 29 step 84950 avg_loss=5.197
[3321.4s] epoch 29 step 85000 avg_loss=5.187
[3323.4s] epoch 29 step 85050 avg_loss=5.151
[3325.7s] epoch 29 step 85100 avg_loss=5.148
[3327.6s] epoch 29 step 85150 avg_loss=5.150
[3329.9s] epoch 29 step 85200 avg_loss=5.134
[3332.0s] epoch 29 step 85250 avg_loss=5.117
[3334.1s] epoch 29 step 85300 avg_loss=5.135
[3336.1s] epoch 29 step 85350 avg_loss=5.138
[3338.2s] epoch 29 step 85400 avg_loss=5.158
[3339.9s] epoch 29 step 85450 avg_loss=5.147
[3341.9s] epoch 29 step 85500 avg_loss=5.161
[3343.8s] epoch 29 step 85550 avg_loss=5.161
[3346.0s] epoch 29 step 85600 avg_loss=5.172
[3348.3s] epoch 29 step 85650 avg_loss=5.203
[3349.5s] === epoch 29 done: avg_loss=5.222 (n=2856 derivations) ===
[3350.4s] epoch 30 step 85700 avg_loss=4.950
[3352.4s] epoch 30 step 85750 avg_loss=4.897
[3354.4s] epoch 30 step 85800 avg_loss=4.847
[3356.3s] epoch 30 step 85850 avg_loss=4.976
[3358.1s] epoch 30 step 85900 avg_loss=4.665
[3359.9s] epoch 30 step 85950 avg_loss=4.551
[3361.7s] epoch 30 step 86000 avg_loss=4.502
[3363.8s] epoch 30 step 86050 avg_loss=4.547
[3365.8s] epoch 30 step 86100 avg_loss=4.681
[3367.7s] epoch 30 step 86150 avg_loss=4.663
[3369.5s] epoch 30 step 86200 avg_loss=4.603
[3371.3s] epoch 30 step 86250 avg_loss=4.646
[3373.1s] epoch 30 step 86300 avg_loss=4.713
[3374.7s] epoch 30 step 86350 avg_loss=4.726
[3376.6s] epoch 30 step 86400 avg_loss=4.698
[3378.3s] epoch 30 step 86450 avg_loss=4.725
[3380.1s] epoch 30 step 86500 avg_loss=4.742
[3381.7s] epoch 30 step 86550 avg_loss=4.750
[3383.4s] epoch 30 step 86600 avg_loss=4.742
[3385.1s] epoch 30 step 86650 avg_loss=4.761
[3387.0s] epoch 30 step 86700 avg_loss=4.782
[3388.6s] epoch 30 step 86750 avg_loss=4.814
[3390.3s] epoch 30 step 86800 avg_loss=4.842
[3392.0s] epoch 30 step 86850 avg_loss=4.820
[3393.8s] epoch 30 step 86900 avg_loss=4.849
[3395.4s] epoch 30 step 86950 avg_loss=4.884
[3397.1s] epoch 30 step 87000 avg_loss=4.868
[3398.7s] epoch 30 step 87050 avg_loss=4.857
[3400.4s] epoch 30 step 87100 avg_loss=4.865
[3402.1s] epoch 30 step 87150 avg_loss=4.865
[3403.6s] epoch 30 step 87200 avg_loss=4.875
[3405.2s] epoch 30 step 87250 avg_loss=4.884
[3408.1s] eval step=2750 train_avg_loss=4.913 dev_rank1_f1=0.3500 dev_edge_p=0.3029 dev_edge_r=0.4143
[3408.8s] epoch 30 step 87300 avg_loss=4.911
[3410.5s] epoch 30 step 87350 avg_loss=4.888
[3412.4s] epoch 30 step 87400 avg_loss=4.942
[3414.5s] epoch 30 step 87450 avg_loss=4.953
[3415.9s] epoch 30 step 87500 avg_loss=4.935
[3417.8s] epoch 30 step 87550 avg_loss=4.963
[3419.6s] epoch 30 step 87600 avg_loss=4.965
[3421.3s] epoch 30 step 87650 avg_loss=4.974
[3423.2s] epoch 30 step 87700 avg_loss=4.996
[3425.0s] epoch 30 step 87750 avg_loss=5.023
[3426.5s] epoch 30 step 87800 avg_loss=5.021
[3428.6s] epoch 30 step 87850 avg_loss=5.041
[3430.5s] epoch 30 step 87900 avg_loss=5.071
[3432.1s] epoch 30 step 87950 avg_loss=5.043
[3433.9s] epoch 30 step 88000 avg_loss=5.037
[3435.8s] epoch 30 step 88050 avg_loss=5.047
[3437.6s] epoch 30 step 88100 avg_loss=5.038
[3439.4s] epoch 30 step 88150 avg_loss=5.056
[3441.2s] epoch 30 step 88200 avg_loss=5.082
[3443.3s] epoch 30 step 88250 avg_loss=5.081
[3445.6s] epoch 30 step 88300 avg_loss=5.092
[3447.5s] epoch 30 step 88350 avg_loss=5.061
[3449.5s] epoch 30 step 88400 avg_loss=5.055
[3451.8s] epoch 30 step 88450 avg_loss=5.070
[3454.3s] epoch 30 step 88500 avg_loss=5.089
[3455.7s] === epoch 30 done: avg_loss=5.097 (n=2856 derivations) ===
[3456.2s] epoch 31 step 88550 avg_loss=3.541
[3458.2s] epoch 31 step 88600 avg_loss=3.561
[3460.3s] epoch 31 step 88650 avg_loss=4.051
[3462.5s] epoch 31 step 88700 avg_loss=4.479
[3464.5s] epoch 31 step 88750 avg_loss=4.663
[3466.3s] epoch 31 step 88800 avg_loss=4.680
[3468.2s] epoch 31 step 88850 avg_loss=4.736
[3470.1s] epoch 31 step 88900 avg_loss=4.699
[3471.9s] epoch 31 step 88950 avg_loss=4.821
[3473.6s] epoch 31 step 89000 avg_loss=4.761
[3475.4s] epoch 31 step 89050 avg_loss=4.744
[3477.3s] epoch 31 step 89100 avg_loss=4.753
[3479.4s] epoch 31 step 89150 avg_loss=4.881
[3481.3s] epoch 31 step 89200 avg_loss=4.846
[3483.1s] epoch 31 step 89250 avg_loss=4.779
[3484.9s] epoch 31 step 89300 avg_loss=4.790
[3486.8s] epoch 31 step 89350 avg_loss=4.818
[3488.6s] epoch 31 step 89400 avg_loss=4.769
[3490.6s] epoch 31 step 89450 avg_loss=4.792
[3492.4s] epoch 31 step 89500 avg_loss=4.747
[3494.4s] epoch 31 step 89550 avg_loss=4.759
[3496.3s] epoch 31 step 89600 avg_loss=4.696
[3498.0s] epoch 31 step 89650 avg_loss=4.755
[3499.8s] epoch 31 step 89700 avg_loss=4.788
[3501.7s] epoch 31 step 89750 avg_loss=4.778
[3503.6s] epoch 31 step 89800 avg_loss=4.790
[3505.4s] epoch 31 step 89850 avg_loss=4.799
[3507.3s] epoch 31 step 89900 avg_loss=4.813
[3509.3s] epoch 31 step 89950 avg_loss=4.823
[3511.1s] epoch 31 step 90000 avg_loss=4.817
[3512.8s] epoch 31 step 90050 avg_loss=4.867
[3514.3s] epoch 31 step 90100 avg_loss=4.860
[3516.0s] epoch 31 step 90150 avg_loss=4.856
[3517.7s] epoch 31 step 90200 avg_loss=4.844
[3519.4s] epoch 31 step 90250 avg_loss=4.835
[3521.4s] epoch 31 step 90300 avg_loss=4.870
[3523.1s] epoch 31 step 90350 avg_loss=4.851
[3525.2s] epoch 31 step 90400 avg_loss=4.864
[3526.9s] epoch 31 step 90450 avg_loss=4.859
[3529.0s] epoch 31 step 90500 avg_loss=4.860
[3530.9s] epoch 31 step 90550 avg_loss=4.865
[3532.7s] epoch 31 step 90600 avg_loss=4.881
[3534.5s] epoch 31 step 90650 avg_loss=4.880
[3536.4s] epoch 31 step 90700 avg_loss=4.896
[3538.0s] epoch 31 step 90750 avg_loss=4.889
[3539.7s] epoch 31 step 90800 avg_loss=4.885
[3541.4s] epoch 31 step 90850 avg_loss=4.888
[3543.2s] epoch 31 step 90900 avg_loss=4.886
[3545.3s] epoch 31 step 90950 avg_loss=4.895
[3547.3s] epoch 31 step 91000 avg_loss=4.897
[3549.2s] epoch 31 step 91050 avg_loss=4.921
[3551.0s] epoch 31 step 91100 avg_loss=4.921
[3552.7s] epoch 31 step 91150 avg_loss=4.925
[3554.6s] epoch 31 step 91200 avg_loss=4.943
[3556.3s] epoch 31 step 91250 avg_loss=4.932
[3558.0s] epoch 31 step 91300 avg_loss=4.942
[3559.9s] epoch 31 step 91350 avg_loss=4.955
[3561.4s] === epoch 31 done: avg_loss=4.962 (n=2856 derivations) ===
[3561.8s] epoch 32 step 91400 avg_loss=3.335
[3563.6s] epoch 32 step 91450 avg_loss=4.384
[3565.4s] epoch 32 step 91500 avg_loss=5.127
[3567.3s] epoch 32 step 91550 avg_loss=5.243
[3569.1s] epoch 32 step 91600 avg_loss=5.127
[3570.9s] epoch 32 step 91650 avg_loss=4.995
[3572.7s] epoch 32 step 91700 avg_loss=4.872
[3574.6s] epoch 32 step 91750 avg_loss=4.805
[3576.4s] epoch 32 step 91800 avg_loss=4.775
[3578.3s] epoch 32 step 91850 avg_loss=4.795
[3580.3s] epoch 32 step 91900 avg_loss=4.667
[3582.1s] epoch 32 step 91950 avg_loss=4.676
[3583.9s] epoch 32 step 92000 avg_loss=4.664
[3585.6s] epoch 32 step 92050 avg_loss=4.677
[3587.5s] epoch 32 step 92100 avg_loss=4.656
[3589.0s] epoch 32 step 92150 avg_loss=4.585
[3590.7s] epoch 32 step 92200 avg_loss=4.570
[3592.4s] epoch 32 step 92250 avg_loss=4.613
[3593.9s] epoch 32 step 92300 avg_loss=4.567
[3595.9s] epoch 32 step 92350 avg_loss=4.646
[3597.8s] epoch 32 step 92400 avg_loss=4.663
[3599.5s] epoch 32 step 92450 avg_loss=4.659
[3601.3s] epoch 32 step 92500 avg_loss=4.665
[3603.0s] epoch 32 step 92550 avg_loss=4.706
[3604.9s] epoch 32 step 92600 avg_loss=4.695
[3606.6s] epoch 32 step 92650 avg_loss=4.674
[3608.4s] epoch 32 step 92700 avg_loss=4.643
[3610.1s] epoch 32 step 92750 avg_loss=4.641
[3611.7s] epoch 32 step 92800 avg_loss=4.664
[3613.4s] epoch 32 step 92850 avg_loss=4.682
[3615.1s] epoch 32 step 92900 avg_loss=4.677
[3616.8s] epoch 32 step 92950 avg_loss=4.701
[3618.5s] epoch 32 step 93000 avg_loss=4.722
[3620.2s] epoch 32 step 93050 avg_loss=4.708
[3621.9s] epoch 32 step 93100 avg_loss=4.705
[3623.6s] epoch 32 step 93150 avg_loss=4.696
[3625.2s] epoch 32 step 93200 avg_loss=4.702
[3626.7s] epoch 32 step 93250 avg_loss=4.695
[3628.5s] epoch 32 step 93300 avg_loss=4.725
[3630.4s] epoch 32 step 93350 avg_loss=4.733
[3632.1s] epoch 32 step 93400 avg_loss=4.745
[3634.0s] epoch 32 step 93450 avg_loss=4.773
[3635.9s] epoch 32 step 93500 avg_loss=4.804
[3637.7s] epoch 32 step 93550 avg_loss=4.825
[3639.5s] epoch 32 step 93600 avg_loss=4.813
[3641.3s] epoch 32 step 93650 avg_loss=4.822
[3642.9s] epoch 32 step 93700 avg_loss=4.822
[3644.7s] epoch 32 step 93750 avg_loss=4.823
[3646.7s] epoch 32 step 93800 avg_loss=4.823
[3648.5s] epoch 32 step 93850 avg_loss=4.812
[3650.2s] epoch 32 step 93900 avg_loss=4.803
[3651.8s] epoch 32 step 93950 avg_loss=4.818
[3653.5s] epoch 32 step 94000 avg_loss=4.857
[3655.1s] epoch 32 step 94050 avg_loss=4.874
[3656.9s] epoch 32 step 94100 avg_loss=4.879
[3658.7s] epoch 32 step 94150 avg_loss=4.885
[3660.3s] epoch 32 step 94200 avg_loss=4.880
[3662.1s] === epoch 32 done: avg_loss=4.892 (n=2856 derivations) ===
[3662.2s] epoch 33 step 94250 avg_loss=3.744
[3664.1s] epoch 33 step 94300 avg_loss=4.255
[3666.0s] epoch 33 step 94350 avg_loss=4.144
[3668.0s] epoch 33 step 94400 avg_loss=4.594
[3670.0s] epoch 33 step 94450 avg_loss=4.654
[3671.7s] epoch 33 step 94500 avg_loss=4.551
[3673.5s] epoch 33 step 94550 avg_loss=4.484
[3675.4s] epoch 33 step 94600 avg_loss=4.516
[3676.9s] epoch 33 step 94650 avg_loss=4.515
[3678.8s] epoch 33 step 94700 avg_loss=4.527
[3680.6s] epoch 33 step 94750 avg_loss=4.509
[3682.3s] epoch 33 step 94800 avg_loss=4.489
[3684.1s] epoch 33 step 94850 avg_loss=4.578
[3686.0s] epoch 33 step 94900 avg_loss=4.552
[3687.5s] epoch 33 step 94950 avg_loss=4.481
[3689.5s] epoch 33 step 95000 avg_loss=4.501
[3691.1s] epoch 33 step 95050 avg_loss=4.599
[3692.8s] epoch 33 step 95100 avg_loss=4.565
[3694.5s] epoch 33 step 95150 avg_loss=4.538
[3696.1s] epoch 33 step 95200 avg_loss=4.589
[3697.9s] eval step=3000 train_avg_loss=4.602 dev_rank1_f1=0.3664 dev_edge_p=0.3212 dev_edge_r=0.4265
[3699.3s] epoch 33 step 95250 avg_loss=4.590
[3701.2s] epoch 33 step 95300 avg_loss=4.622
[3702.8s] epoch 33 step 95350 avg_loss=4.604
[3704.3s] epoch 33 step 95400 avg_loss=4.579
[3705.9s] epoch 33 step 95450 avg_loss=4.593
[3707.7s] epoch 33 step 95500 avg_loss=4.638
[3709.5s] epoch 33 step 95550 avg_loss=4.645
[3711.2s] epoch 33 step 95600 avg_loss=4.680
[3712.9s] epoch 33 step 95650 avg_loss=4.700
[3714.8s] epoch 33 step 95700 avg_loss=4.722
[3716.5s] epoch 33 step 95750 avg_loss=4.705
[3718.3s] epoch 33 step 95800 avg_loss=4.750
[3720.4s] epoch 33 step 95850 avg_loss=4.759
[3722.3s] epoch 33 step 95900 avg_loss=4.771
[3724.1s] epoch 33 step 95950 avg_loss=4.766
[3725.6s] epoch 33 step 96000 avg_loss=4.755
[3727.7s] epoch 33 step 96050 avg_loss=4.787
[3729.4s] epoch 33 step 96100 avg_loss=4.784
[3730.9s] epoch 33 step 96150 avg_loss=4.789
[3732.4s] epoch 33 step 96200 avg_loss=4.781
[3734.0s] epoch 33 step 96250 avg_loss=4.784
[3735.7s] epoch 33 step 96300 avg_loss=4.810
[3737.5s] epoch 33 step 96350 avg_loss=4.798
[3739.4s] epoch 33 step 96400 avg_loss=4.812
[3741.3s] epoch 33 step 96450 avg_loss=4.801
[3743.2s] epoch 33 step 96500 avg_loss=4.798
[3745.2s] epoch 33 step 96550 avg_loss=4.782
[3746.7s] epoch 33 step 96600 avg_loss=4.770
[3748.6s] epoch 33 step 96650 avg_loss=4.780
[3750.5s] epoch 33 step 96700 avg_loss=4.769
[3752.2s] epoch 33 step 96750 avg_loss=4.766
[3754.0s] epoch 33 step 96800 avg_loss=4.759
[3756.0s] epoch 33 step 96850 avg_loss=4.772
[3757.6s] epoch 33 step 96900 avg_loss=4.768
[3759.6s] epoch 33 step 96950 avg_loss=4.777
[3761.5s] epoch 33 step 97000 avg_loss=4.803
[3763.5s] epoch 33 step 97050 avg_loss=4.807
[3765.3s] epoch 33 step 97100 avg_loss=4.805
[3765.5s] === epoch 33 done: avg_loss=4.804 (n=2856 derivations) ===
[3767.4s] epoch 34 step 97150 avg_loss=4.803
[3769.1s] epoch 34 step 97200 avg_loss=4.214
[3770.8s] epoch 34 step 97250 avg_loss=4.011
[3772.5s] epoch 34 step 97300 avg_loss=4.070
[3774.1s] epoch 34 step 97350 avg_loss=4.056
[3775.9s] epoch 34 step 97400 avg_loss=4.184
[3777.7s] epoch 34 step 97450 avg_loss=4.207
[3779.4s] epoch 34 step 97500 avg_loss=4.243
[3781.2s] epoch 34 step 97550 avg_loss=4.365
[3782.9s] epoch 34 step 97600 avg_loss=4.309
[3784.8s] epoch 34 step 97650 avg_loss=4.349
[3786.7s] epoch 34 step 97700 avg_loss=4.302
[3788.8s] epoch 34 step 97750 avg_loss=4.369
[3790.4s] epoch 34 step 97800 avg_loss=4.302
[3792.4s] epoch 34 step 97850 avg_loss=4.304
[3794.3s] epoch 34 step 97900 avg_loss=4.323
[3796.2s] epoch 34 step 97950 avg_loss=4.378
[3798.3s] epoch 34 step 98000 avg_loss=4.380
[3799.8s] epoch 34 step 98050 avg_loss=4.346
[3801.6s] epoch 34 step 98100 avg_loss=4.409
[3803.5s] epoch 34 step 98150 avg_loss=4.379
[3805.3s] epoch 34 step 98200 avg_loss=4.377
[3806.9s] epoch 34 step 98250 avg_loss=4.388
[3808.7s] epoch 34 step 98300 avg_loss=4.452
[3810.7s] epoch 34 step 98350 avg_loss=4.487
[3812.5s] epoch 34 step 98400 avg_loss=4.500
[3814.3s] epoch 34 step 98450 avg_loss=4.526
[3816.1s] epoch 34 step 98500 avg_loss=4.551
[3818.2s] epoch 34 step 98550 avg_loss=4.532
[3820.1s] epoch 34 step 98600 avg_loss=4.534
[3822.1s] epoch 34 step 98650 avg_loss=4.543
[3824.1s] epoch 34 step 98700 avg_loss=4.585
[3826.1s] epoch 34 step 98750 avg_loss=4.584
[3828.1s] epoch 34 step 98800 avg_loss=4.593
[3829.9s] epoch 34 step 98850 avg_loss=4.589
[3831.8s] epoch 34 step 98900 avg_loss=4.595
[3833.8s] epoch 34 step 98950 avg_loss=4.611
[3835.6s] epoch 34 step 99000 avg_loss=4.607
[3837.5s] epoch 34 step 99050 avg_loss=4.592
[3839.3s] epoch 34 step 99100 avg_loss=4.649
[3840.8s] epoch 34 step 99150 avg_loss=4.663
[3843.0s] epoch 34 step 99200 avg_loss=4.679
[3845.3s] epoch 34 step 99250 avg_loss=4.685
[3847.1s] epoch 34 step 99300 avg_loss=4.658
[3849.1s] epoch 34 step 99350 avg_loss=4.662
[3850.9s] epoch 34 step 99400 avg_loss=4.650
[3852.8s] epoch 34 step 99450 avg_loss=4.657
[3854.5s] epoch 34 step 99500 avg_loss=4.669
[3856.4s] epoch 34 step 99550 avg_loss=4.694
[3858.4s] epoch 34 step 99600 avg_loss=4.713
[3860.1s] epoch 34 step 99650 avg_loss=4.713
[3861.7s] epoch 34 step 99700 avg_loss=4.690
[3863.1s] epoch 34 step 99750 avg_loss=4.673
[3864.8s] epoch 34 step 99800 avg_loss=4.680
[3866.4s] epoch 34 step 99850 avg_loss=4.684
[3868.1s] epoch 34 step 99900 avg_loss=4.691
[3869.8s] epoch 34 step 99950 avg_loss=4.696
[3870.2s] === epoch 34 done: avg_loss=4.694 (n=2856 derivations) ===
[3871.3s] epoch 35 step 100000 avg_loss=2.751
[3873.1s] epoch 35 step 100050 avg_loss=3.605
[3874.9s] epoch 35 step 100100 avg_loss=3.692
[3876.9s] epoch 35 step 100150 avg_loss=3.834
[3879.1s] epoch 35 step 100200 avg_loss=3.954
[3880.9s] epoch 35 step 100250 avg_loss=3.925
[3882.8s] epoch 35 step 100300 avg_loss=3.995
[3884.7s] epoch 35 step 100350 avg_loss=4.116
[3886.8s] epoch 35 step 100400 avg_loss=4.187
[3888.6s] epoch 35 step 100450 avg_loss=4.127
[3890.6s] epoch 35 step 100500 avg_loss=4.221
[3892.7s] epoch 35 step 100550 avg_loss=4.257
[3894.6s] epoch 35 step 100600 avg_loss=4.283
[3896.7s] epoch 35 step 100650 avg_loss=4.324
[3898.5s] epoch 35 step 100700 avg_loss=4.361
[3900.3s] epoch 35 step 100750 avg_loss=4.343
[3902.2s] epoch 35 step 100800 avg_loss=4.345
[3903.9s] epoch 35 step 100850 avg_loss=4.360
[3905.5s] epoch 35 step 100900 avg_loss=4.357
[3907.3s] epoch 35 step 100950 avg_loss=4.353
[3909.1s] epoch 35 step 101000 avg_loss=4.364
[3910.5s] epoch 35 step 101050 avg_loss=4.353
[3912.4s] epoch 35 step 101100 avg_loss=4.349
[3914.2s] epoch 35 step 101150 avg_loss=4.380
[3916.0s] epoch 35 step 101200 avg_loss=4.400
[3917.6s] epoch 35 step 101250 avg_loss=4.393
[3919.4s] epoch 35 step 101300 avg_loss=4.401
[3921.1s] epoch 35 step 101350 avg_loss=4.416
[3923.0s] epoch 35 step 101400 avg_loss=4.396
[3924.5s] epoch 35 step 101450 avg_loss=4.389
[3926.3s] epoch 35 step 101500 avg_loss=4.447
[3928.2s] epoch 35 step 101550 avg_loss=4.478
[3929.9s] epoch 35 step 101600 avg_loss=4.492
[3931.6s] epoch 35 step 101650 avg_loss=4.499
[3933.6s] epoch 35 step 101700 avg_loss=4.516
[3935.3s] epoch 35 step 101750 avg_loss=4.529
[3936.9s] epoch 35 step 101800 avg_loss=4.519
[3938.5s] epoch 35 step 101850 avg_loss=4.490
[3940.3s] epoch 35 step 101900 avg_loss=4.503
[3941.6s] epoch 35 step 101950 avg_loss=4.481
[3943.4s] epoch 35 step 102000 avg_loss=4.486
[3945.1s] epoch 35 step 102050 avg_loss=4.508
[3946.9s] epoch 35 step 102100 avg_loss=4.511
[3948.6s] epoch 35 step 102150 avg_loss=4.512
[3950.4s] epoch 35 step 102200 avg_loss=4.518
[3952.1s] epoch 35 step 102250 avg_loss=4.541
[3953.8s] epoch 35 step 102300 avg_loss=4.556
[3955.5s] epoch 35 step 102350 avg_loss=4.540
[3957.1s] epoch 35 step 102400 avg_loss=4.546
[3958.7s] epoch 35 step 102450 avg_loss=4.539
[3960.4s] epoch 35 step 102500 avg_loss=4.539
[3962.4s] epoch 35 step 102550 avg_loss=4.547
[3964.2s] epoch 35 step 102600 avg_loss=4.572
[3966.1s] epoch 35 step 102650 avg_loss=4.573
[3968.2s] epoch 35 step 102700 avg_loss=4.597
[3970.3s] epoch 35 step 102750 avg_loss=4.608
[3972.5s] epoch 35 step 102800 avg_loss=4.621
[3973.1s] === epoch 35 done: avg_loss=4.626 (n=2856 derivations) ===
[3974.4s] epoch 36 step 102850 avg_loss=4.000
[3976.5s] epoch 36 step 102900 avg_loss=3.760
[3978.8s] epoch 36 step 102950 avg_loss=3.945
[3980.8s] epoch 36 step 103000 avg_loss=3.991
[3983.0s] epoch 36 step 103050 avg_loss=4.109
[3985.1s] epoch 36 step 103100 avg_loss=4.189
[3988.7s] eval step=3250 train_avg_loss=4.254 dev_rank1_f1=0.3509 dev_edge_p=0.2986 dev_edge_r=0.4255
[3989.3s] epoch 36 step 103150 avg_loss=4.268
[3991.5s] epoch 36 step 103200 avg_loss=4.340
[3993.3s] epoch 36 step 103250 avg_loss=4.241
[3995.4s] epoch 36 step 103300 avg_loss=4.197
[3997.4s] epoch 36 step 103350 avg_loss=4.135
[3999.6s] epoch 36 step 103400 avg_loss=4.112
[4001.7s] epoch 36 step 103450 avg_loss=4.172
[4003.4s] epoch 36 step 103500 avg_loss=4.193
[4005.1s] epoch 36 step 103550 avg_loss=4.268
[4007.1s] epoch 36 step 103600 avg_loss=4.258
[4008.9s] epoch 36 step 103650 avg_loss=4.240
[4010.6s] epoch 36 step 103700 avg_loss=4.243
[4012.1s] epoch 36 step 103750 avg_loss=4.206
[4013.9s] epoch 36 step 103800 avg_loss=4.210
[4015.8s] epoch 36 step 103850 avg_loss=4.221
[4017.7s] epoch 36 step 103900 avg_loss=4.256
[4019.9s] epoch 36 step 103950 avg_loss=4.273
[4022.0s] epoch 36 step 104000 avg_loss=4.280
[4024.2s] epoch 36 step 104050 avg_loss=4.301
[4026.9s] epoch 36 step 104100 avg_loss=4.356
[4029.2s] epoch 36 step 104150 avg_loss=4.401
[4031.5s] epoch 36 step 104200 avg_loss=4.431
[4033.7s] epoch 36 step 104250 avg_loss=4.447
[4035.8s] epoch 36 step 104300 avg_loss=4.455
[4038.0s] epoch 36 step 104350 avg_loss=4.462
[4039.9s] epoch 36 step 104400 avg_loss=4.436
[4041.8s] epoch 36 step 104450 avg_loss=4.440
[4044.1s] epoch 36 step 104500 avg_loss=4.428
[4046.3s] epoch 36 step 104550 avg_loss=4.437
[4048.4s] epoch 36 step 104600 avg_loss=4.436
[4050.5s] epoch 36 step 104650 avg_loss=4.455
[4052.4s] epoch 36 step 104700 avg_loss=4.460
[4054.4s] epoch 36 step 104750 avg_loss=4.468
[4056.5s] epoch 36 step 104800 avg_loss=4.454
[4058.5s] epoch 36 step 104850 avg_loss=4.459
[4060.6s] epoch 36 step 104900 avg_loss=4.454
[4062.6s] epoch 36 step 104950 avg_loss=4.467
[4064.6s] epoch 36 step 105000 avg_loss=4.478
[4066.6s] epoch 36 step 105050 avg_loss=4.484
[4068.7s] epoch 36 step 105100 avg_loss=4.490
[4070.7s] epoch 36 step 105150 avg_loss=4.505
[4072.8s] epoch 36 step 105200 avg_loss=4.516
[4075.0s] epoch 36 step 105250 avg_loss=4.519
[4077.0s] epoch 36 step 105300 avg_loss=4.528
[4078.9s] epoch 36 step 105350 avg_loss=4.549
[4080.9s] epoch 36 step 105400 avg_loss=4.554
[4083.2s] epoch 36 step 105450 avg_loss=4.553
[4084.9s] epoch 36 step 105500 avg_loss=4.563
[4087.1s] epoch 36 step 105550 avg_loss=4.553
[4089.2s] epoch 36 step 105600 avg_loss=4.548
[4091.4s] epoch 36 step 105650 avg_loss=4.549
[4092.2s] === epoch 36 done: avg_loss=4.541 (n=2856 derivations) ===
[4093.1s] epoch 37 step 105700 avg_loss=3.987
[4095.1s] epoch 37 step 105750 avg_loss=4.230
[4097.1s] epoch 37 step 105800 avg_loss=4.129
[4099.2s] epoch 37 step 105850 avg_loss=4.336
[4101.1s] epoch 37 step 105900 avg_loss=4.458
[4103.0s] epoch 37 step 105950 avg_loss=4.199
[4104.9s] epoch 37 step 106000 avg_loss=4.136
[4107.1s] epoch 37 step 106050 avg_loss=4.361
[4109.3s] epoch 37 step 106100 avg_loss=4.457
[4112.1s] epoch 37 step 106150 avg_loss=4.574
[4114.3s] epoch 37 step 106200 avg_loss=4.468
[4116.4s] epoch 37 step 106250 avg_loss=4.371
[4118.4s] epoch 37 step 106300 avg_loss=4.363
[4120.2s] epoch 37 step 106350 avg_loss=4.347
[4122.0s] epoch 37 step 106400 avg_loss=4.330
[4123.8s] epoch 37 step 106450 avg_loss=4.283
[4126.1s] epoch 37 step 106500 avg_loss=4.334
[4128.0s] epoch 37 step 106550 avg_loss=4.303
[4130.2s] epoch 37 step 106600 avg_loss=4.339
[4132.2s] epoch 37 step 106650 avg_loss=4.340
[4134.3s] epoch 37 step 106700 avg_loss=4.395
[4136.1s] epoch 37 step 106750 avg_loss=4.393
[4137.7s] epoch 37 step 106800 avg_loss=4.370
[4139.6s] epoch 37 step 106850 avg_loss=4.405
[4141.3s] epoch 37 step 106900 avg_loss=4.415
[4143.1s] epoch 37 step 106950 avg_loss=4.406
[4144.7s] epoch 37 step 107000 avg_loss=4.395
[4146.3s] epoch 37 step 107050 avg_loss=4.382
[4148.1s] epoch 37 step 107100 avg_loss=4.393
[4150.0s] epoch 37 step 107150 avg_loss=4.401
[4151.7s] epoch 37 step 107200 avg_loss=4.405
[4153.5s] epoch 37 step 107250 avg_loss=4.413
[4155.2s] epoch 37 step 107300 avg_loss=4.402
[4157.0s] epoch 37 step 107350 avg_loss=4.390
[4158.9s] epoch 37 step 107400 avg_loss=4.396
[4160.5s] epoch 37 step 107450 avg_loss=4.391
[4162.1s] epoch 37 step 107500 avg_loss=4.370
[4163.9s] epoch 37 step 107550 avg_loss=4.364
[4165.7s] epoch 37 step 107600 avg_loss=4.397
[4167.6s] epoch 37 step 107650 avg_loss=4.389
[4169.7s] epoch 37 step 107700 avg_loss=4.394
[4171.5s] epoch 37 step 107750 avg_loss=4.398
[4173.2s] epoch 37 step 107800 avg_loss=4.384
[4175.0s] epoch 37 step 107850 avg_loss=4.393
[4177.1s] epoch 37 step 107900 avg_loss=4.398
[4178.9s] epoch 37 step 107950 avg_loss=4.417
[4180.9s] epoch 37 step 108000 avg_loss=4.425
[4182.6s] epoch 37 step 108050 avg_loss=4.412
[4184.5s] epoch 37 step 108100 avg_loss=4.412
[4186.2s] epoch 37 step 108150 avg_loss=4.394
[4187.9s] epoch 37 step 108200 avg_loss=4.401
[4189.8s] epoch 37 step 108250 avg_loss=4.397
[4191.5s] epoch 37 step 108300 avg_loss=4.407
[4193.5s] epoch 37 step 108350 avg_loss=4.432
[4195.2s] epoch 37 step 108400 avg_loss=4.418
[4197.1s] epoch 37 step 108450 avg_loss=4.413
[4198.9s] epoch 37 step 108500 avg_loss=4.417
[4200.0s] === epoch 37 done: avg_loss=4.430 (n=2856 derivations) ===
[4200.8s] epoch 38 step 108550 avg_loss=2.637
[4202.6s] epoch 38 step 108600 avg_loss=3.287
[4204.6s] epoch 38 step 108650 avg_loss=3.480
[4206.3s] epoch 38 step 108700 avg_loss=3.638
[4208.0s] epoch 38 step 108750 avg_loss=3.501
[4209.5s] epoch 38 step 108800 avg_loss=3.506
[4212.0s] epoch 38 step 108850 avg_loss=3.782
[4214.0s] epoch 38 step 108900 avg_loss=3.792
[4216.1s] epoch 38 step 108950 avg_loss=3.794
[4217.9s] epoch 38 step 109000 avg_loss=3.710
[4219.7s] epoch 38 step 109050 avg_loss=3.750
[4221.6s] epoch 38 step 109100 avg_loss=3.791
[4223.4s] epoch 38 step 109150 avg_loss=3.798
[4225.3s] epoch 38 step 109200 avg_loss=3.822
[4226.9s] epoch 38 step 109250 avg_loss=3.838
[4228.5s] epoch 38 step 109300 avg_loss=3.853
[4230.2s] epoch 38 step 109350 avg_loss=3.836
[4231.9s] epoch 38 step 109400 avg_loss=3.904
[4233.5s] epoch 38 step 109450 avg_loss=3.892
[4235.1s] epoch 38 step 109500 avg_loss=3.910
[4236.6s] epoch 38 step 109550 avg_loss=3.903
[4238.2s] epoch 38 step 109600 avg_loss=3.954
[4240.0s] epoch 38 step 109650 avg_loss=3.994
[4241.9s] epoch 38 step 109700 avg_loss=4.027
[4243.5s] epoch 38 step 109750 avg_loss=4.051
[4245.2s] epoch 38 step 109800 avg_loss=4.056
[4246.9s] epoch 38 step 109850 avg_loss=4.050
[4248.7s] epoch 38 step 109900 avg_loss=4.082
[4250.4s] epoch 38 step 109950 avg_loss=4.118
[4252.4s] epoch 38 step 110000 avg_loss=4.178
[4254.0s] epoch 38 step 110050 avg_loss=4.178
[4255.8s] epoch 38 step 110100 avg_loss=4.192
[4257.7s] epoch 38 step 110150 avg_loss=4.191
[4259.9s] epoch 38 step 110200 avg_loss=4.188
[4261.7s] epoch 38 step 110250 avg_loss=4.205
[4263.6s] epoch 38 step 110300 avg_loss=4.216
[4265.6s] epoch 38 step 110350 avg_loss=4.234
[4267.6s] epoch 38 step 110400 avg_loss=4.247
[4269.5s] epoch 38 step 110450 avg_loss=4.252
[4271.0s] epoch 38 step 110500 avg_loss=4.241
[4272.8s] epoch 38 step 110550 avg_loss=4.260
[4274.3s] epoch 38 step 110600 avg_loss=4.249
[4275.9s] epoch 38 step 110650 avg_loss=4.259
[4277.7s] epoch 38 step 110700 avg_loss=4.280
[4279.4s] epoch 38 step 110750 avg_loss=4.290
[4281.4s] epoch 38 step 110800 avg_loss=4.312
[4283.1s] epoch 38 step 110850 avg_loss=4.325
[4284.8s] epoch 38 step 110900 avg_loss=4.323
[4286.3s] epoch 38 step 110950 avg_loss=4.321
[4288.3s] epoch 38 step 111000 avg_loss=4.322
[4289.9s] epoch 38 step 111050 avg_loss=4.321
[4292.4s] eval step=3500 train_avg_loss=4.320 dev_rank1_f1=0.3782 dev_edge_p=0.3287 dev_edge_r=0.4452
[4292.9s] epoch 38 step 111100 avg_loss=4.324
[4294.6s] epoch 38 step 111150 avg_loss=4.346
[4296.4s] epoch 38 step 111200 avg_loss=4.349
[4298.3s] epoch 38 step 111250 avg_loss=4.357
[4300.1s] epoch 38 step 111300 avg_loss=4.375
[4301.7s] epoch 38 step 111350 avg_loss=4.384
[4303.0s] === epoch 38 done: avg_loss=4.398 (n=2856 derivations) ===
[4303.6s] epoch 39 step 111400 avg_loss=3.256
[4305.5s] epoch 39 step 111450 avg_loss=3.912
[4307.4s] epoch 39 step 111500 avg_loss=3.633
[4309.1s] epoch 39 step 111550 avg_loss=3.579
[4310.9s] epoch 39 step 111600 avg_loss=3.688
[4312.4s] epoch 39 step 111650 avg_loss=3.818
[4314.2s] epoch 39 step 111700 avg_loss=3.735
[4315.9s] epoch 39 step 111750 avg_loss=3.673
[4317.7s] epoch 39 step 111800 avg_loss=3.678
[4319.5s] epoch 39 step 111850 avg_loss=3.666
[4321.3s] epoch 39 step 111900 avg_loss=3.745
[4323.2s] epoch 39 step 111950 avg_loss=3.811
[4325.1s] epoch 39 step 112000 avg_loss=3.897
[4327.0s] epoch 39 step 112050 avg_loss=3.881
[4329.0s] epoch 39 step 112100 avg_loss=3.941
[4330.8s] epoch 39 step 112150 avg_loss=3.905
[4332.5s] epoch 39 step 112200 avg_loss=3.947
[4334.3s] epoch 39 step 112250 avg_loss=3.999
[4336.1s] epoch 39 step 112300 avg_loss=3.969
[4337.6s] epoch 39 step 112350 avg_loss=3.953
[4339.4s] epoch 39 step 112400 avg_loss=3.988
[4341.5s] epoch 39 step 112450 avg_loss=4.002
[4343.8s] epoch 39 step 112500 avg_loss=4.067
[4345.6s] epoch 39 step 112550 avg_loss=4.063
[4347.4s] epoch 39 step 112600 avg_loss=4.077
[4349.3s] epoch 39 step 112650 avg_loss=4.096
[4351.3s] epoch 39 step 112700 avg_loss=4.140
[4353.0s] epoch 39 step 112750 avg_loss=4.125
[4354.9s] epoch 39 step 112800 avg_loss=4.134
[4356.7s] epoch 39 step 112850 avg_loss=4.196
[4358.7s] epoch 39 step 112900 avg_loss=4.211
[4360.4s] epoch 39 step 112950 avg_loss=4.211
[4362.1s] epoch 39 step 113000 avg_loss=4.205
[4363.8s] epoch 39 step 113050 avg_loss=4.217
[4365.7s] epoch 39 step 113100 avg_loss=4.227
[4367.5s] epoch 39 step 113150 avg_loss=4.257
[4369.2s] epoch 39 step 113200 avg_loss=4.257
[4370.9s] epoch 39 step 113250 avg_loss=4.261
[4372.4s] epoch 39 step 113300 avg_loss=4.270
[4374.1s] epoch 39 step 113350 avg_loss=4.273
[4375.8s] epoch 39 step 113400 avg_loss=4.271
[4377.5s] epoch 39 step 113450 avg_loss=4.264
[4379.3s] epoch 39 step 113500 avg_loss=4.255
[4380.9s] epoch 39 step 113550 avg_loss=4.250
[4382.8s] epoch 39 step 113600 avg_loss=4.256
[4384.6s] epoch 39 step 113650 avg_loss=4.273
[4386.2s] epoch 39 step 113700 avg_loss=4.286
[4387.8s] epoch 39 step 113750 avg_loss=4.278
[4389.6s] epoch 39 step 113800 avg_loss=4.278
[4391.3s] epoch 39 step 113850 avg_loss=4.289
[4393.2s] epoch 39 step 113900 avg_loss=4.300
[4395.0s] epoch 39 step 113950 avg_loss=4.311
[4396.9s] epoch 39 step 114000 avg_loss=4.301
[4398.5s] epoch 39 step 114050 avg_loss=4.286
[4400.4s] epoch 39 step 114100 avg_loss=4.298
[4402.6s] epoch 39 step 114150 avg_loss=4.308
[4404.7s] epoch 39 step 114200 avg_loss=4.340
[4406.2s] === epoch 39 done: avg_loss=4.341 (n=2856 derivations) ===
[4406.7s] epoch 40 step 114250 avg_loss=4.335
[4408.6s] epoch 40 step 114300 avg_loss=4.029
[4410.4s] epoch 40 step 114350 avg_loss=3.765
[4412.3s] epoch 40 step 114400 avg_loss=3.770
[4414.1s] epoch 40 step 114450 avg_loss=3.780
[4415.9s] epoch 40 step 114500 avg_loss=3.941
[4417.5s] epoch 40 step 114550 avg_loss=3.754
[4419.5s] epoch 40 step 114600 avg_loss=3.733
[4421.5s] epoch 40 step 114650 avg_loss=3.848
[4423.2s] epoch 40 step 114700 avg_loss=3.848
[4425.2s] epoch 40 step 114750 avg_loss=3.844
[4427.0s] epoch 40 step 114800 avg_loss=3.878
[4428.8s] epoch 40 step 114850 avg_loss=3.843
[4430.5s] epoch 40 step 114900 avg_loss=3.829
[4432.3s] epoch 40 step 114950 avg_loss=3.884
[4434.0s] epoch 40 step 115000 avg_loss=3.917
[4435.9s] epoch 40 step 115050 avg_loss=4.002
[4437.5s] epoch 40 step 115100 avg_loss=4.002
[4439.3s] epoch 40 step 115150 avg_loss=4.040
[4440.9s] epoch 40 step 115200 avg_loss=4.022
[4442.7s] epoch 40 step 115250 avg_loss=3.990
[4444.7s] epoch 40 step 115300 avg_loss=4.006
[4446.8s] epoch 40 step 115350 avg_loss=4.043
[4448.6s] epoch 40 step 115400 avg_loss=4.067
[4450.5s] epoch 40 step 115450 avg_loss=4.078
[4452.4s] epoch 40 step 115500 avg_loss=4.091
[4454.3s] epoch 40 step 115550 avg_loss=4.120
[4456.1s] epoch 40 step 115600 avg_loss=4.138
[4457.8s] epoch 40 step 115650 avg_loss=4.173
[4459.4s] epoch 40 step 115700 avg_loss=4.186
[4461.0s] epoch 40 step 115750 avg_loss=4.198
[4462.6s] epoch 40 step 115800 avg_loss=4.179
[4464.5s] epoch 40 step 115850 avg_loss=4.194
[4466.2s] epoch 40 step 115900 avg_loss=4.190
[4467.9s] epoch 40 step 115950 avg_loss=4.189
[4469.9s] epoch 40 step 116000 avg_loss=4.219
[4471.8s] epoch 40 step 116050 avg_loss=4.236
[4473.6s] epoch 40 step 116100 avg_loss=4.242
[4475.3s] epoch 40 step 116150 avg_loss=4.240
[4477.2s] epoch 40 step 116200 avg_loss=4.254
[4478.9s] epoch 40 step 116250 avg_loss=4.249
[4480.6s] epoch 40 step 116300 avg_loss=4.248
[4482.4s] epoch 40 step 116350 avg_loss=4.255
[4484.1s] epoch 40 step 116400 avg_loss=4.245
[4485.9s] epoch 40 step 116450 avg_loss=4.235
[4487.7s] epoch 40 step 116500 avg_loss=4.244
[4489.7s] epoch 40 step 116550 avg_loss=4.265
[4491.7s] epoch 40 step 116600 avg_loss=4.269
[4493.6s] epoch 40 step 116650 avg_loss=4.260
[4495.4s] epoch 40 step 116700 avg_loss=4.263
[4497.0s] epoch 40 step 116750 avg_loss=4.259
[4498.7s] epoch 40 step 116800 avg_loss=4.262
[4500.5s] epoch 40 step 116850 avg_loss=4.254
[4502.2s] epoch 40 step 116900 avg_loss=4.263
[4504.0s] epoch 40 step 116950 avg_loss=4.264
[4505.6s] epoch 40 step 117000 avg_loss=4.272
[4507.2s] epoch 40 step 117050 avg_loss=4.271
[4508.8s] === epoch 40 done: avg_loss=4.283 (n=2856 derivations) ===
[4509.0s] epoch 41 step 117100 avg_loss=2.908
[4510.8s] epoch 41 step 117150 avg_loss=3.676
[4512.5s] epoch 41 step 117200 avg_loss=3.378
[4514.4s] epoch 41 step 117250 avg_loss=3.463
[4516.2s] epoch 41 step 117300 avg_loss=3.730
[4518.2s] epoch 41 step 117350 avg_loss=3.798
[4520.0s] epoch 41 step 117400 avg_loss=3.749
[4521.8s] epoch 41 step 117450 avg_loss=3.688
[4523.8s] epoch 41 step 117500 avg_loss=3.764
[4525.8s] epoch 41 step 117550 avg_loss=3.888
[4527.7s] epoch 41 step 117600 avg_loss=3.863
[4529.7s] epoch 41 step 117650 avg_loss=3.926
[4531.5s] epoch 41 step 117700 avg_loss=3.930
[4533.4s] epoch 41 step 117750 avg_loss=3.931
[4535.0s] epoch 41 step 117800 avg_loss=3.898
[4537.0s] epoch 41 step 117850 avg_loss=3.889
[4538.9s] epoch 41 step 117900 avg_loss=3.875
[4540.4s] epoch 41 step 117950 avg_loss=3.887
[4542.0s] epoch 41 step 118000 avg_loss=3.880
[4543.8s] epoch 41 step 118050 avg_loss=3.950
[4545.5s] epoch 41 step 118100 avg_loss=3.906
[4547.1s] epoch 41 step 118150 avg_loss=3.913
[4549.0s] epoch 41 step 118200 avg_loss=3.900
[4550.9s] epoch 41 step 118250 avg_loss=3.948
[4552.7s] epoch 41 step 118300 avg_loss=3.943
[4554.6s] epoch 41 step 118350 avg_loss=3.906
[4556.1s] epoch 41 step 118400 avg_loss=3.901
[4557.8s] epoch 41 step 118450 avg_loss=3.950
[4559.7s] epoch 41 step 118500 avg_loss=3.973
[4561.7s] epoch 41 step 118550 avg_loss=4.003
[4563.4s] epoch 41 step 118600 avg_loss=4.001
[4565.2s] epoch 41 step 118650 avg_loss=4.022
[4566.7s] epoch 41 step 118700 avg_loss=4.035
[4568.4s] epoch 41 step 118750 avg_loss=4.062
[4570.4s] epoch 41 step 118800 avg_loss=4.075
[4572.2s] epoch 41 step 118850 avg_loss=4.100
[4573.8s] epoch 41 step 118900 avg_loss=4.107
[4575.3s] epoch 41 step 118950 avg_loss=4.088
[4577.0s] epoch 41 step 119000 avg_loss=4.093
[4579.1s] eval step=3750 train_avg_loss=4.086 dev_rank1_f1=0.3808 dev_edge_p=0.3375 dev_edge_r=0.4368
[4580.2s] epoch 41 step 119050 avg_loss=4.099
[4581.9s] epoch 41 step 119100 avg_loss=4.096
[4583.6s] epoch 41 step 119150 avg_loss=4.108
[4585.7s] epoch 41 step 119200 avg_loss=4.107
[4587.6s] epoch 41 step 119250 avg_loss=4.099
[4589.5s] epoch 41 step 119300 avg_loss=4.084
[4591.1s] epoch 41 step 119350 avg_loss=4.080
[4592.9s] epoch 41 step 119400 avg_loss=4.077
[4594.5s] epoch 41 step 119450 avg_loss=4.096
[4596.2s] epoch 41 step 119500 avg_loss=4.116
[4598.1s] epoch 41 step 119550 avg_loss=4.142
[4600.2s] epoch 41 step 119600 avg_loss=4.146
[4602.2s] epoch 41 step 119650 avg_loss=4.158
[4604.1s] epoch 41 step 119700 avg_loss=4.164
[4605.8s] epoch 41 step 119750 avg_loss=4.176
[4607.7s] epoch 41 step 119800 avg_loss=4.182
[4609.5s] epoch 41 step 119850 avg_loss=4.191
[4611.2s] epoch 41 step 119900 avg_loss=4.203
[4613.1s] epoch 41 step 119950 avg_loss=4.195
[4613.2s] === epoch 41 done: avg_loss=4.196 (n=2856 derivations) ===
[4615.0s] epoch 42 step 120000 avg_loss=3.282
[4617.0s] epoch 42 step 120050 avg_loss=3.396
[4618.5s] epoch 42 step 120100 avg_loss=3.413
[4620.2s] epoch 42 step 120150 avg_loss=3.394
[4621.9s] epoch 42 step 120200 avg_loss=3.425
[4623.7s] epoch 42 step 120250 avg_loss=3.496
[4625.8s] epoch 42 step 120300 avg_loss=3.593
[4627.7s] epoch 42 step 120350 avg_loss=3.627
[4629.4s] epoch 42 step 120400 avg_loss=3.595
[4631.2s] epoch 42 step 120450 avg_loss=3.621
[4632.8s] epoch 42 step 120500 avg_loss=3.617
[4634.6s] epoch 42 step 120550 avg_loss=3.599
[4636.5s] epoch 42 step 120600 avg_loss=3.664
[4638.2s] epoch 42 step 120650 avg_loss=3.635
[4640.4s] epoch 42 step 120700 avg_loss=3.759
[4642.2s] epoch 42 step 120750 avg_loss=3.801
[4643.8s] epoch 42 step 120800 avg_loss=3.832
[4645.8s] epoch 42 step 120850 avg_loss=3.851
[4647.8s] epoch 42 step 120900 avg_loss=3.879
[4649.8s] epoch 42 step 120950 avg_loss=3.858
[4651.5s] epoch 42 step 121000 avg_loss=3.856
[4653.5s] epoch 42 step 121050 avg_loss=3.882
[4655.3s] epoch 42 step 121100 avg_loss=3.902
[4657.1s] epoch 42 step 121150 avg_loss=3.907
[4658.9s] epoch 42 step 121200 avg_loss=3.923
[4660.6s] epoch 42 step 121250 avg_loss=3.941
[4662.3s] epoch 42 step 121300 avg_loss=3.932
[4664.0s] epoch 42 step 121350 avg_loss=3.918
[4665.9s] epoch 42 step 121400 avg_loss=3.919
[4667.8s] epoch 42 step 121450 avg_loss=3.957
[4669.4s] epoch 42 step 121500 avg_loss=3.950
[4671.2s] epoch 42 step 121550 avg_loss=3.960
[4673.2s] epoch 42 step 121600 avg_loss=3.976
[4675.2s] epoch 42 step 121650 avg_loss=3.989
[4676.8s] epoch 42 step 121700 avg_loss=3.999
[4678.7s] epoch 42 step 121750 avg_loss=3.992
[4680.8s] epoch 42 step 121800 avg_loss=3.997
[4682.5s] epoch 42 step 121850 avg_loss=4.021
[4684.4s] epoch 42 step 121900 avg_loss=4.001
[4686.2s] epoch 42 step 121950 avg_loss=4.002
[4688.0s] epoch 42 step 122000 avg_loss=4.007
[4689.7s] epoch 42 step 122050 avg_loss=4.035
[4691.2s] epoch 42 step 122100 avg_loss=4.037
[4693.1s] epoch 42 step 122150 avg_loss=4.037
[4694.7s] epoch 42 step 122200 avg_loss=4.034
[4696.6s] epoch 42 step 122250 avg_loss=4.038
[4698.4s] epoch 42 step 122300 avg_loss=4.048
[4700.3s] epoch 42 step 122350 avg_loss=4.059
[4702.2s] epoch 42 step 122400 avg_loss=4.078
[4704.5s] epoch 42 step 122450 avg_loss=4.109
[4706.4s] epoch 42 step 122500 avg_loss=4.114
[4708.5s] epoch 42 step 122550 avg_loss=4.109
[4710.2s] epoch 42 step 122600 avg_loss=4.106
[4712.1s] epoch 42 step 122650 avg_loss=4.116
[4714.3s] epoch 42 step 122700 avg_loss=4.140
[4716.1s] epoch 42 step 122750 avg_loss=4.163
[4718.1s] epoch 42 step 122800 avg_loss=4.180
[4718.3s] === epoch 42 done: avg_loss=4.183 (n=2856 derivations) ===
[4720.1s] epoch 43 step 122850 avg_loss=4.176
[4721.9s] epoch 43 step 122900 avg_loss=3.897
[4724.0s] epoch 43 step 122950 avg_loss=3.999
[4725.8s] epoch 43 step 123000 avg_loss=3.897
[4727.7s] epoch 43 step 123050 avg_loss=3.935
[4729.4s] epoch 43 step 123100 avg_loss=3.879
[4731.4s] epoch 43 step 123150 avg_loss=3.824
[4733.3s] epoch 43 step 123200 avg_loss=3.799
[4735.4s] epoch 43 step 123250 avg_loss=3.745
[4737.2s] epoch 43 step 123300 avg_loss=3.750
[4739.5s] epoch 43 step 123350 avg_loss=3.812
[4741.3s] epoch 43 step 123400 avg_loss=3.756
[4743.6s] epoch 43 step 123450 avg_loss=3.843
[4745.3s] epoch 43 step 123500 avg_loss=3.782
[4747.2s] epoch 43 step 123550 avg_loss=3.782
[4749.3s] epoch 43 step 123600 avg_loss=3.833
[4751.6s] epoch 43 step 123650 avg_loss=3.854
[4753.3s] epoch 43 step 123700 avg_loss=3.877
[4755.0s] epoch 43 step 123750 avg_loss=3.919
[4756.9s] epoch 43 step 123800 avg_loss=3.932
[4758.7s] epoch 43 step 123850 avg_loss=3.937
[4760.4s] epoch 43 step 123900 avg_loss=3.927
[4762.4s] epoch 43 step 123950 avg_loss=3.912
[4764.4s] epoch 43 step 124000 avg_loss=3.960
[4766.6s] epoch 43 step 124050 avg_loss=4.010
[4768.3s] epoch 43 step 124100 avg_loss=3.999
[4770.1s] epoch 43 step 124150 avg_loss=3.985
[4772.2s] epoch 43 step 124200 avg_loss=3.976
[4774.4s] epoch 43 step 124250 avg_loss=3.998
[4776.2s] epoch 43 step 124300 avg_loss=4.003
[4777.9s] epoch 43 step 124350 avg_loss=3.985
[4779.8s] epoch 43 step 124400 avg_loss=4.001
[4781.5s] epoch 43 step 124450 avg_loss=3.996
[4783.2s] epoch 43 step 124500 avg_loss=4.013
[4785.1s] epoch 43 step 124550 avg_loss=4.017
[4787.1s] epoch 43 step 124600 avg_loss=3.999
[4789.1s] epoch 43 step 124650 avg_loss=4.011
[4791.0s] epoch 43 step 124700 avg_loss=4.029
[4792.9s] epoch 43 step 124750 avg_loss=4.029
[4794.8s] epoch 43 step 124800 avg_loss=4.016
[4796.5s] epoch 43 step 124850 avg_loss=4.024
[4798.6s] epoch 43 step 124900 avg_loss=4.031
[4800.2s] epoch 43 step 124950 avg_loss=4.034
[4802.0s] epoch 43 step 125000 avg_loss=4.043
[4803.8s] epoch 43 step 125050 avg_loss=4.041
[4805.5s] epoch 43 step 125100 avg_loss=4.035
[4807.4s] epoch 43 step 125150 avg_loss=4.033
[4809.4s] epoch 43 step 125200 avg_loss=4.038
[4811.1s] epoch 43 step 125250 avg_loss=4.039
[4813.2s] epoch 43 step 125300 avg_loss=4.047
[4815.0s] epoch 43 step 125350 avg_loss=4.051
[4817.0s] epoch 43 step 125400 avg_loss=4.080
[4818.9s] epoch 43 step 125450 avg_loss=4.097
[4820.6s] epoch 43 step 125500 avg_loss=4.094
[4822.7s] epoch 43 step 125550 avg_loss=4.096
[4824.7s] epoch 43 step 125600 avg_loss=4.096
[4826.6s] epoch 43 step 125650 avg_loss=4.100
[4827.0s] === epoch 43 done: avg_loss=4.099 (n=2856 derivations) ===
[4828.5s] epoch 44 step 125700 avg_loss=3.277
[4830.3s] epoch 44 step 125750 avg_loss=3.656
[4832.1s] epoch 44 step 125800 avg_loss=3.558
[4833.6s] epoch 44 step 125850 avg_loss=3.744
[4835.4s] epoch 44 step 125900 avg_loss=3.638
[4837.3s] epoch 44 step 125950 avg_loss=3.634
[4839.0s] epoch 44 step 126000 avg_loss=3.708
[4840.5s] epoch 44 step 126050 avg_loss=3.690
[4842.3s] epoch 44 step 126100 avg_loss=3.596
[4844.1s] epoch 44 step 126150 avg_loss=3.564
[4846.0s] epoch 44 step 126200 avg_loss=3.532
[4848.0s] epoch 44 step 126250 avg_loss=3.554
[4849.7s] epoch 44 step 126300 avg_loss=3.555
[4851.6s] epoch 44 step 126350 avg_loss=3.617
[4853.7s] epoch 44 step 126400 avg_loss=3.655
[4855.4s] epoch 44 step 126450 avg_loss=3.735
[4857.5s] epoch 44 step 126500 avg_loss=3.769
[4859.1s] epoch 44 step 126550 avg_loss=3.731
[4860.9s] epoch 44 step 126600 avg_loss=3.720
[4862.8s] epoch 44 step 126650 avg_loss=3.741
[4864.6s] epoch 44 step 126700 avg_loss=3.759
[4866.3s] epoch 44 step 126750 avg_loss=3.790
[4868.1s] epoch 44 step 126800 avg_loss=3.793
[4870.1s] epoch 44 step 126850 avg_loss=3.777
[4871.7s] epoch 44 step 126900 avg_loss=3.760
[4875.2s] eval step=4000 train_avg_loss=3.771 dev_rank1_f1=0.3663 dev_edge_p=0.3154 dev_edge_r=0.4367
[4875.4s] epoch 44 step 126950 avg_loss=3.771
[4877.4s] epoch 44 step 127000 avg_loss=3.801
[4879.2s] epoch 44 step 127050 avg_loss=3.798
[4880.8s] epoch 44 step 127100 avg_loss=3.785
[4882.8s] epoch 44 step 127150 avg_loss=3.799
[4884.6s] epoch 44 step 127200 avg_loss=3.835
[4886.5s] epoch 44 step 127250 avg_loss=3.841
[4888.5s] epoch 44 step 127300 avg_loss=3.857
[4890.2s] epoch 44 step 127350 avg_loss=3.870
[4891.8s] epoch 44 step 127400 avg_loss=3.866
[4893.6s] epoch 44 step 127450 avg_loss=3.868
[4895.5s] epoch 44 step 127500 avg_loss=3.882
[4897.3s] epoch 44 step 127550 avg_loss=3.886
[4899.1s] epoch 44 step 127600 avg_loss=3.908
[4901.2s] epoch 44 step 127650 avg_loss=3.931
[4902.9s] epoch 44 step 127700 avg_loss=3.920
[4904.9s] epoch 44 step 127750 avg_loss=3.949
[4907.1s] epoch 44 step 127800 avg_loss=3.970
[4909.0s] epoch 44 step 127850 avg_loss=3.958
[4911.4s] epoch 44 step 127900 avg_loss=3.983
[4913.7s] epoch 44 step 127950 avg_loss=3.986
[4915.5s] epoch 44 step 128000 avg_loss=3.989
[4918.1s] epoch 44 step 128050 avg_loss=3.995
[4920.3s] epoch 44 step 128100 avg_loss=4.020
[4922.4s] epoch 44 step 128150 avg_loss=4.022
[4924.6s] epoch 44 step 128200 avg_loss=4.016
[4926.5s] epoch 44 step 128250 avg_loss=4.013
[4928.7s] epoch 44 step 128300 avg_loss=4.024
[4930.8s] epoch 44 step 128350 avg_loss=4.031
[4932.7s] epoch 44 step 128400 avg_loss=4.027
[4934.9s] epoch 44 step 128450 avg_loss=4.023
[4936.9s] epoch 44 step 128500 avg_loss=4.035
[4937.6s] === epoch 44 done: avg_loss=4.036 (n=2856 derivations) ===
[4938.8s] epoch 45 step 128550 avg_loss=2.760
[4941.1s] epoch 45 step 128600 avg_loss=3.171
[4943.0s] epoch 45 step 128650 avg_loss=3.122
[4944.9s] epoch 45 step 128700 avg_loss=3.070
[4946.9s] epoch 45 step 128750 avg_loss=3.145
[4948.6s] epoch 45 step 128800 avg_loss=3.170
[4950.6s] epoch 45 step 128850 avg_loss=3.176
[4952.5s] epoch 45 step 128900 avg_loss=3.187
[4954.2s] epoch 45 step 128950 avg_loss=3.262
[4956.1s] epoch 45 step 129000 avg_loss=3.384
[4958.4s] epoch 45 step 129050 avg_loss=3.458
[4960.4s] epoch 45 step 129100 avg_loss=3.485
[4962.4s] epoch 45 step 129150 avg_loss=3.529
[4964.4s] epoch 45 step 129200 avg_loss=3.579
[4966.3s] epoch 45 step 129250 avg_loss=3.608
[4968.4s] epoch 45 step 129300 avg_loss=3.629
[4970.5s] epoch 45 step 129350 avg_loss=3.676
[4972.4s] epoch 45 step 129400 avg_loss=3.691
[4974.2s] epoch 45 step 129450 avg_loss=3.665
[4976.1s] epoch 45 step 129500 avg_loss=3.685
[4977.9s] epoch 45 step 129550 avg_loss=3.708
[4979.7s] epoch 45 step 129600 avg_loss=3.700
[4981.8s] epoch 45 step 129650 avg_loss=3.709
[4983.7s] epoch 45 step 129700 avg_loss=3.764
[4985.6s] epoch 45 step 129750 avg_loss=3.764
[4987.5s] epoch 45 step 129800 avg_loss=3.777
[4989.4s] epoch 45 step 129850 avg_loss=3.805
[4991.5s] epoch 45 step 129900 avg_loss=3.832
[4993.1s] epoch 45 step 129950 avg_loss=3.824
[4995.0s] epoch 45 step 130000 avg_loss=3.823
[4997.0s] epoch 45 step 130050 avg_loss=3.836
[4999.0s] epoch 45 step 130100 avg_loss=3.868
[5000.9s] epoch 45 step 130150 avg_loss=3.873
[5002.7s] epoch 45 step 130200 avg_loss=3.880
[5004.8s] epoch 45 step 130250 avg_loss=3.881
[5007.0s] epoch 45 step 130300 avg_loss=3.895
[5008.9s] epoch 45 step 130350 avg_loss=3.915
[5010.8s] epoch 45 step 130400 avg_loss=3.932
[5012.6s] epoch 45 step 130450 avg_loss=3.937
[5014.5s] epoch 45 step 130500 avg_loss=3.932
[5016.2s] epoch 45 step 130550 avg_loss=3.933
[5018.2s] epoch 45 step 130600 avg_loss=3.926
[5019.9s] epoch 45 step 130650 avg_loss=3.940
[5021.9s] epoch 45 step 130700 avg_loss=3.951
[5023.8s] epoch 45 step 130750 avg_loss=3.953
[5025.7s] epoch 45 step 130800 avg_loss=3.978
[5027.5s] epoch 45 step 130850 avg_loss=3.979
[5029.6s] epoch 45 step 130900 avg_loss=3.983
[5031.4s] epoch 45 step 130950 avg_loss=3.985
[5033.2s] epoch 45 step 131000 avg_loss=4.001
[5034.9s] epoch 45 step 131050 avg_loss=3.997
[5036.7s] epoch 45 step 131100 avg_loss=4.004
[5039.0s] epoch 45 step 131150 avg_loss=4.016
[5041.2s] epoch 45 step 131200 avg_loss=4.023
[5043.1s] epoch 45 step 131250 avg_loss=4.021
[5045.1s] epoch 45 step 131300 avg_loss=4.018
[5046.9s] epoch 45 step 131350 avg_loss=4.023
[5048.0s] === epoch 45 done: avg_loss=4.029 (n=2856 derivations) ===
[5049.0s] epoch 46 step 131400 avg_loss=3.264
[5051.1s] epoch 46 step 131450 avg_loss=3.752
[5052.9s] epoch 46 step 131500 avg_loss=3.703
[5054.9s] epoch 46 step 131550 avg_loss=3.512
[5057.0s] epoch 46 step 131600 avg_loss=3.523
[5058.8s] epoch 46 step 131650 avg_loss=3.526
[5060.9s] epoch 46 step 131700 avg_loss=3.576
[5062.9s] epoch 46 step 131750 avg_loss=3.602
[5064.8s] epoch 46 step 131800 avg_loss=3.532
[5066.8s] epoch 46 step 131850 avg_loss=3.502
[5068.9s] epoch 46 step 131900 avg_loss=3.485
[5070.7s] epoch 46 step 131950 avg_loss=3.473
[5072.9s] epoch 46 step 132000 avg_loss=3.467
[5074.8s] epoch 46 step 132050 avg_loss=3.524
[5077.0s] epoch 46 step 132100 avg_loss=3.543
[5079.3s] epoch 46 step 132150 avg_loss=3.512
[5081.1s] epoch 46 step 132200 avg_loss=3.527
[5082.9s] epoch 46 step 132250 avg_loss=3.551
[5084.8s] epoch 46 step 132300 avg_loss=3.602
[5086.6s] epoch 46 step 132350 avg_loss=3.572
[5088.7s] epoch 46 step 132400 avg_loss=3.598
[5090.9s] epoch 46 step 132450 avg_loss=3.625
[5093.0s] epoch 46 step 132500 avg_loss=3.646
[5094.9s] epoch 46 step 132550 avg_loss=3.630
[5096.8s] epoch 46 step 132600 avg_loss=3.666
[5098.8s] epoch 46 step 132650 avg_loss=3.678
[5100.5s] epoch 46 step 132700 avg_loss=3.666
[5102.5s] epoch 46 step 132750 avg_loss=3.670
[5104.5s] epoch 46 step 132800 avg_loss=3.718
[5106.5s] epoch 46 step 132850 avg_loss=3.753
[5108.3s] epoch 46 step 132900 avg_loss=3.748
[5110.0s] epoch 46 step 132950 avg_loss=3.745
[5111.6s] epoch 46 step 133000 avg_loss=3.746
[5113.4s] epoch 46 step 133050 avg_loss=3.743
[5115.4s] epoch 46 step 133100 avg_loss=3.779
[5117.2s] epoch 46 step 133150 avg_loss=3.782
[5119.1s] epoch 46 step 133200 avg_loss=3.800
[5121.0s] epoch 46 step 133250 avg_loss=3.812
[5122.7s] epoch 46 step 133300 avg_loss=3.819
[5124.4s] epoch 46 step 133350 avg_loss=3.843
[5126.6s] epoch 46 step 133400 avg_loss=3.863
[5128.8s] epoch 46 step 133450 avg_loss=3.882
[5130.6s] epoch 46 step 133500 avg_loss=3.884
[5132.6s] epoch 46 step 133550 avg_loss=3.877
[5134.2s] epoch 46 step 133600 avg_loss=3.896
[5136.0s] epoch 46 step 133650 avg_loss=3.897
[5137.9s] epoch 46 step 133700 avg_loss=3.904
[5139.7s] epoch 46 step 133750 avg_loss=3.905
[5141.8s] epoch 46 step 133800 avg_loss=3.924
[5144.1s] epoch 46 step 133850 avg_loss=3.944
[5145.9s] epoch 46 step 133900 avg_loss=3.941
[5147.8s] epoch 46 step 133950 avg_loss=3.951
[5149.5s] epoch 46 step 134000 avg_loss=3.949
[5151.3s] epoch 46 step 134050 avg_loss=3.950
[5153.2s] epoch 46 step 134100 avg_loss=3.956
[5154.9s] epoch 46 step 134150 avg_loss=3.970
[5156.6s] epoch 46 step 134200 avg_loss=3.974
[5157.6s] === epoch 46 done: avg_loss=3.972 (n=2856 derivations) ===
[5158.2s] epoch 47 step 134250 avg_loss=2.757
[5159.9s] epoch 47 step 134300 avg_loss=2.698
[5161.8s] epoch 47 step 134350 avg_loss=2.917
[5163.7s] epoch 47 step 134400 avg_loss=3.092
[5165.5s] epoch 47 step 134450 avg_loss=3.240
[5167.2s] epoch 47 step 134500 avg_loss=3.262
[5168.7s] epoch 47 step 134550 avg_loss=3.246
[5170.7s] epoch 47 step 134600 avg_loss=3.216
[5172.6s] epoch 47 step 134650 avg_loss=3.194
[5174.3s] epoch 47 step 134700 avg_loss=3.265
[5175.9s] epoch 47 step 134750 avg_loss=3.220
[5177.6s] epoch 47 step 134800 avg_loss=3.263
[5179.3s] epoch 47 step 134850 avg_loss=3.313
[5181.6s] eval step=4250 train_avg_loss=3.371 dev_rank1_f1=0.3883 dev_edge_p=0.3592 dev_edge_r=0.4226
[5182.7s] epoch 47 step 134900 avg_loss=3.365
[5184.1s] epoch 47 step 134950 avg_loss=3.343
[5185.8s] epoch 47 step 135000 avg_loss=3.429
[5187.6s] epoch 47 step 135050 avg_loss=3.440
[5189.8s] epoch 47 step 135100 avg_loss=3.518
[5191.3s] epoch 47 step 135150 avg_loss=3.517
[5192.8s] epoch 47 step 135200 avg_loss=3.496
[5194.5s] epoch 47 step 135250 avg_loss=3.523
[5196.2s] epoch 47 step 135300 avg_loss=3.561
[5197.8s] epoch 47 step 135350 avg_loss=3.562
[5199.5s] epoch 47 step 135400 avg_loss=3.587
[5201.2s] epoch 47 step 135450 avg_loss=3.604
[5203.2s] epoch 47 step 135500 avg_loss=3.668
[5204.9s] epoch 47 step 135550 avg_loss=3.691
[5206.7s] epoch 47 step 135600 avg_loss=3.695
[5208.5s] epoch 47 step 135650 avg_loss=3.693
[5210.2s] epoch 47 step 135700 avg_loss=3.698
[5212.2s] epoch 47 step 135750 avg_loss=3.712
[5214.0s] epoch 47 step 135800 avg_loss=3.731
[5215.8s] epoch 47 step 135850 avg_loss=3.751
[5217.5s] epoch 47 step 135900 avg_loss=3.753
[5219.3s] epoch 47 step 135950 avg_loss=3.756
[5221.0s] epoch 47 step 136000 avg_loss=3.769
[5222.9s] epoch 47 step 136050 avg_loss=3.788
[5224.5s] epoch 47 step 136100 avg_loss=3.795
[5226.4s] epoch 47 step 136150 avg_loss=3.810
[5228.1s] epoch 47 step 136200 avg_loss=3.810
[5229.7s] epoch 47 step 136250 avg_loss=3.796
[5231.5s] epoch 47 step 136300 avg_loss=3.796
[5233.3s] epoch 47 step 136350 avg_loss=3.795
[5235.2s] epoch 47 step 136400 avg_loss=3.822
[5237.5s] epoch 47 step 136450 avg_loss=3.833
[5239.2s] epoch 47 step 136500 avg_loss=3.841
[5241.0s] epoch 47 step 136550 avg_loss=3.854
[5242.6s] epoch 47 step 136600 avg_loss=3.864
[5244.3s] epoch 47 step 136650 avg_loss=3.865
[5245.8s] epoch 47 step 136700 avg_loss=3.861
[5247.7s] epoch 47 step 136750 avg_loss=3.862
[5249.7s] epoch 47 step 136800 avg_loss=3.880
[5251.7s] epoch 47 step 136850 avg_loss=3.881
[5253.5s] epoch 47 step 136900 avg_loss=3.902
[5255.2s] epoch 47 step 136950 avg_loss=3.908
[5256.8s] epoch 47 step 137000 avg_loss=3.907
[5258.7s] epoch 47 step 137050 avg_loss=3.915
[5260.1s] === epoch 47 done: avg_loss=3.910 (n=2856 derivations) ===
[5260.7s] epoch 48 step 137100 avg_loss=4.515
[5262.8s] epoch 48 step 137150 avg_loss=3.549
[5265.0s] epoch 48 step 137200 avg_loss=3.407
[5266.9s] epoch 48 step 137250 avg_loss=3.208
[5269.1s] epoch 48 step 137300 avg_loss=3.356
[5271.1s] epoch 48 step 137350 avg_loss=3.455
[5273.1s] epoch 48 step 137400 avg_loss=3.484
[5275.1s] epoch 48 step 137450 avg_loss=3.442
[5277.3s] epoch 48 step 137500 avg_loss=3.444
[5279.2s] epoch 48 step 137550 avg_loss=3.476
[5281.1s] epoch 48 step 137600 avg_loss=3.484
[5282.8s] epoch 48 step 137650 avg_loss=3.546
[5285.0s] epoch 48 step 137700 avg_loss=3.555
[5286.7s] epoch 48 step 137750 avg_loss=3.537
[5288.8s] epoch 48 step 137800 avg_loss=3.560
[5290.3s] epoch 48 step 137850 avg_loss=3.539
[5292.0s] epoch 48 step 137900 avg_loss=3.551
[5293.6s] epoch 48 step 137950 avg_loss=3.586
[5295.4s] epoch 48 step 138000 avg_loss=3.592
[5297.2s] epoch 48 step 138050 avg_loss=3.596
[5298.7s] epoch 48 step 138100 avg_loss=3.578
[5300.4s] epoch 48 step 138150 avg_loss=3.622
[5302.5s] epoch 48 step 138200 avg_loss=3.703
[5304.4s] epoch 48 step 138250 avg_loss=3.698
[5306.3s] epoch 48 step 138300 avg_loss=3.705
[5308.0s] epoch 48 step 138350 avg_loss=3.715
[5309.8s] epoch 48 step 138400 avg_loss=3.689
[5311.5s] epoch 48 step 138450 avg_loss=3.697
[5313.4s] epoch 48 step 138500 avg_loss=3.699
[5315.1s] epoch 48 step 138550 avg_loss=3.701
[5317.0s] epoch 48 step 138600 avg_loss=3.703
[5318.8s] epoch 48 step 138650 avg_loss=3.687
[5320.4s] epoch 48 step 138700 avg_loss=3.695
[5322.2s] epoch 48 step 138750 avg_loss=3.676
[5323.8s] epoch 48 step 138800 avg_loss=3.674
[5325.4s] epoch 48 step 138850 avg_loss=3.672
[5327.3s] epoch 48 step 138900 avg_loss=3.681
[5329.0s] epoch 48 step 138950 avg_loss=3.686
[5331.1s] epoch 48 step 139000 avg_loss=3.698
[5333.1s] epoch 48 step 139050 avg_loss=3.716
[5335.4s] epoch 48 step 139100 avg_loss=3.723
[5337.7s] epoch 48 step 139150 avg_loss=3.728
[5339.8s] epoch 48 step 139200 avg_loss=3.739
[5341.9s] epoch 48 step 139250 avg_loss=3.729
[5344.1s] epoch 48 step 139300 avg_loss=3.751
[5346.2s] epoch 48 step 139350 avg_loss=3.768
[5348.3s] epoch 48 step 139400 avg_loss=3.769
[5350.2s] epoch 48 step 139450 avg_loss=3.781
[5352.2s] epoch 48 step 139500 avg_loss=3.793
[5354.0s] epoch 48 step 139550 avg_loss=3.805
[5355.8s] epoch 48 step 139600 avg_loss=3.808
[5357.7s] epoch 48 step 139650 avg_loss=3.816
[5359.4s] epoch 48 step 139700 avg_loss=3.828
[5361.3s] epoch 48 step 139750 avg_loss=3.859
[5363.3s] epoch 48 step 139800 avg_loss=3.865
[5365.0s] epoch 48 step 139850 avg_loss=3.865
[5366.6s] epoch 48 step 139900 avg_loss=3.860
[5368.1s] === epoch 48 done: avg_loss=3.874 (n=2856 derivations) ===
[5368.4s] epoch 49 step 139950 avg_loss=3.488
[5370.2s] epoch 49 step 140000 avg_loss=3.144
[5372.1s] epoch 49 step 140050 avg_loss=3.146
[5374.1s] epoch 49 step 140100 avg_loss=3.376
[5375.9s] epoch 49 step 140150 avg_loss=3.312
[5377.6s] epoch 49 step 140200 avg_loss=3.260
[5379.6s] epoch 49 step 140250 avg_loss=3.332
[5381.6s] epoch 49 step 140300 avg_loss=3.513
[5383.5s] epoch 49 step 140350 avg_loss=3.526
[5385.2s] epoch 49 step 140400 avg_loss=3.519
[5387.1s] epoch 49 step 140450 avg_loss=3.499
[5388.9s] epoch 49 step 140500 avg_loss=3.504
[5390.9s] epoch 49 step 140550 avg_loss=3.528
[5392.7s] epoch 49 step 140600 avg_loss=3.514
[5394.7s] epoch 49 step 140650 avg_loss=3.564
[5396.8s] epoch 49 step 140700 avg_loss=3.596
[5398.7s] epoch 49 step 140750 avg_loss=3.596
[5400.7s] epoch 49 step 140800 avg_loss=3.578
[5402.6s] epoch 49 step 140850 avg_loss=3.594
[5404.3s] epoch 49 step 140900 avg_loss=3.561
[5406.1s] epoch 49 step 140950 avg_loss=3.562
[5407.9s] epoch 49 step 141000 avg_loss=3.599
[5409.9s] epoch 49 step 141050 avg_loss=3.630
[5411.9s] epoch 49 step 141100 avg_loss=3.664
[5414.1s] epoch 49 step 141150 avg_loss=3.703
[5416.1s] epoch 49 step 141200 avg_loss=3.696
[5417.9s] epoch 49 step 141250 avg_loss=3.671
[5419.7s] epoch 49 step 141300 avg_loss=3.702
[5421.4s] epoch 49 step 141350 avg_loss=3.711
[5423.5s] epoch 49 step 141400 avg_loss=3.749
[5425.2s] epoch 49 step 141450 avg_loss=3.739
[5427.4s] epoch 49 step 141500 avg_loss=3.755
[5429.4s] epoch 49 step 141550 avg_loss=3.760
[5430.9s] epoch 49 step 141600 avg_loss=3.750
[5432.7s] epoch 49 step 141650 avg_loss=3.738
[5434.3s] epoch 49 step 141700 avg_loss=3.743
[5436.3s] epoch 49 step 141750 avg_loss=3.748
[5438.3s] epoch 49 step 141800 avg_loss=3.754
[5440.3s] epoch 49 step 141850 avg_loss=3.750
[5442.1s] epoch 49 step 141900 avg_loss=3.770
[5444.0s] epoch 49 step 141950 avg_loss=3.766
[5446.0s] epoch 49 step 142000 avg_loss=3.765
[5447.8s] epoch 49 step 142050 avg_loss=3.766
[5449.6s] epoch 49 step 142100 avg_loss=3.795
[5451.3s] epoch 49 step 142150 avg_loss=3.821
[5453.0s] epoch 49 step 142200 avg_loss=3.831
[5454.5s] epoch 49 step 142250 avg_loss=3.819
[5456.5s] epoch 49 step 142300 avg_loss=3.832
[5458.4s] epoch 49 step 142350 avg_loss=3.840
[5460.3s] epoch 49 step 142400 avg_loss=3.848
[5462.3s] epoch 49 step 142450 avg_loss=3.850
[5464.0s] epoch 49 step 142500 avg_loss=3.840
[5465.8s] epoch 49 step 142550 avg_loss=3.837
[5467.4s] epoch 49 step 142600 avg_loss=3.830
[5469.2s] epoch 49 step 142650 avg_loss=3.844
[5470.9s] epoch 49 step 142700 avg_loss=3.843
[5472.6s] epoch 49 step 142750 avg_loss=3.843
[5474.2s] epoch 49 step 142800 avg_loss=3.834
[5475.7s] eval step=4500 train_avg_loss=3.834 dev_rank1_f1=0.3604 dev_edge_p=0.3133 dev_edge_r=0.4241
[5475.7s] === epoch 49 done: avg_loss=3.834 (n=2856 derivations) ===
[5477.7s] epoch 50 step 142850 avg_loss=4.018
[5479.2s] epoch 50 step 142900 avg_loss=3.462
[5480.8s] epoch 50 step 142950 avg_loss=3.309
[5482.4s] epoch 50 step 143000 avg_loss=3.291
[5484.6s] epoch 50 step 143050 avg_loss=3.319
[5486.2s] epoch 50 step 143100 avg_loss=3.252
[5488.1s] epoch 50 step 143150 avg_loss=3.279
[5490.3s] epoch 50 step 143200 avg_loss=3.340
[5492.4s] epoch 50 step 143250 avg_loss=3.333
[5494.2s] epoch 50 step 143300 avg_loss=3.403
[5496.0s] epoch 50 step 143350 avg_loss=3.427
[5497.9s] epoch 50 step 143400 avg_loss=3.462
[5499.7s] epoch 50 step 143450 avg_loss=3.462
[5501.8s] epoch 50 step 143500 avg_loss=3.450
[5503.9s] epoch 50 step 143550 avg_loss=3.507
[5505.9s] epoch 50 step 143600 avg_loss=3.475
[5507.9s] epoch 50 step 143650 avg_loss=3.526
[5509.7s] epoch 50 step 143700 avg_loss=3.494
[5511.5s] epoch 50 step 143750 avg_loss=3.544
[5513.3s] epoch 50 step 143800 avg_loss=3.539
[5515.6s] epoch 50 step 143850 avg_loss=3.562
[5517.5s] epoch 50 step 143900 avg_loss=3.574
[5519.4s] epoch 50 step 143950 avg_loss=3.640
[5521.3s] epoch 50 step 144000 avg_loss=3.627
[5523.1s] epoch 50 step 144050 avg_loss=3.612
[5524.9s] epoch 50 step 144100 avg_loss=3.631
[5526.8s] epoch 50 step 144150 avg_loss=3.674
[5528.9s] epoch 50 step 144200 avg_loss=3.708
[5530.6s] epoch 50 step 144250 avg_loss=3.696
[5532.6s] epoch 50 step 144300 avg_loss=3.688
[5534.5s] epoch 50 step 144350 avg_loss=3.691
[5536.7s] epoch 50 step 144400 avg_loss=3.725
[5538.5s] epoch 50 step 144450 avg_loss=3.770
[5540.0s] epoch 50 step 144500 avg_loss=3.770
[5541.8s] epoch 50 step 144550 avg_loss=3.769
[5543.7s] epoch 50 step 144600 avg_loss=3.760
[5545.2s] epoch 50 step 144650 avg_loss=3.765
[5546.9s] epoch 50 step 144700 avg_loss=3.760
[5548.6s] epoch 50 step 144750 avg_loss=3.765
[5550.5s] epoch 50 step 144800 avg_loss=3.793
[5552.1s] epoch 50 step 144850 avg_loss=3.787
[5553.9s] epoch 50 step 144900 avg_loss=3.778
[5555.5s] epoch 50 step 144950 avg_loss=3.787
[5557.4s] epoch 50 step 145000 avg_loss=3.780
[5559.2s] epoch 50 step 145050 avg_loss=3.785
[5560.8s] epoch 50 step 145100 avg_loss=3.786
[5562.8s] epoch 50 step 145150 avg_loss=3.794
[5564.6s] epoch 50 step 145200 avg_loss=3.788
[5566.4s] epoch 50 step 145250 avg_loss=3.783
[5568.4s] epoch 50 step 145300 avg_loss=3.809
[5570.1s] epoch 50 step 145350 avg_loss=3.800
[5571.8s] epoch 50 step 145400 avg_loss=3.803
[5573.4s] epoch 50 step 145450 avg_loss=3.786
[5575.0s] epoch 50 step 145500 avg_loss=3.790
[5576.7s] epoch 50 step 145550 avg_loss=3.807
[5578.4s] epoch 50 step 145600 avg_loss=3.809
[5579.8s] epoch 50 step 145650 avg_loss=3.825
[5579.9s] === epoch 50 done: avg_loss=3.824 (n=2856 derivations) ===
[5581.3s] epoch 51 step 145700 avg_loss=3.881
[5583.1s] epoch 51 step 145750 avg_loss=3.629
[5584.9s] epoch 51 step 145800 avg_loss=3.419
[5586.3s] epoch 51 step 145850 avg_loss=3.576
[5587.8s] epoch 51 step 145900 avg_loss=3.406
[5589.7s] epoch 51 step 145950 avg_loss=3.495
[5591.5s] epoch 51 step 146000 avg_loss=3.420
[5593.4s] epoch 51 step 146050 avg_loss=3.455
[5595.2s] epoch 51 step 146100 avg_loss=3.394
[5597.3s] epoch 51 step 146150 avg_loss=3.420
[5599.3s] epoch 51 step 146200 avg_loss=3.488
[5600.9s] epoch 51 step 146250 avg_loss=3.547
[5602.8s] epoch 51 step 146300 avg_loss=3.572
[5604.6s] epoch 51 step 146350 avg_loss=3.552
[5606.6s] epoch 51 step 146400 avg_loss=3.595
[5608.5s] epoch 51 step 146450 avg_loss=3.592
[5610.4s] epoch 51 step 146500 avg_loss=3.592
[5612.1s] epoch 51 step 146550 avg_loss=3.608
[5613.8s] epoch 51 step 146600 avg_loss=3.603
[5615.6s] epoch 51 step 146650 avg_loss=3.585
[5617.4s] epoch 51 step 146700 avg_loss=3.630
[5619.2s] epoch 51 step 146750 avg_loss=3.661
[5621.1s] epoch 51 step 146800 avg_loss=3.656
[5622.6s] epoch 51 step 146850 avg_loss=3.638
[5624.7s] epoch 51 step 146900 avg_loss=3.646
[5626.6s] epoch 51 step 146950 avg_loss=3.662
[5628.3s] epoch 51 step 147000 avg_loss=3.658
[5630.1s] epoch 51 step 147050 avg_loss=3.671
[5631.9s] epoch 51 step 147100 avg_loss=3.658
[5633.6s] epoch 51 step 147150 avg_loss=3.664
[5635.4s] epoch 51 step 147200 avg_loss=3.652
[5637.1s] epoch 51 step 147250 avg_loss=3.626
[5638.8s] epoch 51 step 147300 avg_loss=3.629
[5640.5s] epoch 51 step 147350 avg_loss=3.641
[5642.3s] epoch 51 step 147400 avg_loss=3.637
[5644.1s] epoch 51 step 147450 avg_loss=3.636
[5646.0s] epoch 51 step 147500 avg_loss=3.635
[5647.6s] epoch 51 step 147550 avg_loss=3.620
[5649.6s] epoch 51 step 147600 avg_loss=3.635
[5651.3s] epoch 51 step 147650 avg_loss=3.632
[5652.9s] epoch 51 step 147700 avg_loss=3.646
[5654.5s] epoch 51 step 147750 avg_loss=3.666
[5656.4s] epoch 51 step 147800 avg_loss=3.688
[5658.0s] epoch 51 step 147850 avg_loss=3.704
[5660.0s] epoch 51 step 147900 avg_loss=3.725
[5661.7s] epoch 51 step 147950 avg_loss=3.751
[5663.4s] epoch 51 step 148000 avg_loss=3.752
[5665.3s] epoch 51 step 148050 avg_loss=3.763
[5667.2s] epoch 51 step 148100 avg_loss=3.774
[5668.7s] epoch 51 step 148150 avg_loss=3.778
[5670.6s] epoch 51 step 148200 avg_loss=3.792
[5672.3s] epoch 51 step 148250 avg_loss=3.790
[5674.0s] epoch 51 step 148300 avg_loss=3.796
[5675.6s] epoch 51 step 148350 avg_loss=3.806
[5677.3s] epoch 51 step 148400 avg_loss=3.808
[5679.1s] epoch 51 step 148450 avg_loss=3.803
[5681.0s] epoch 51 step 148500 avg_loss=3.793
[5681.5s] === epoch 51 done: avg_loss=3.800 (n=2856 derivations) ===
[5683.0s] epoch 52 step 148550 avg_loss=2.593
[5684.9s] epoch 52 step 148600 avg_loss=2.912
[5687.2s] epoch 52 step 148650 avg_loss=3.877
[5689.1s] epoch 52 step 148700 avg_loss=3.655
[5690.8s] epoch 52 step 148750 avg_loss=3.613
[5692.4s] epoch 52 step 148800 avg_loss=3.476
[5694.2s] epoch 52 step 148850 avg_loss=3.454
[5696.2s] epoch 52 step 148900 avg_loss=3.529
[5698.0s] epoch 52 step 148950 avg_loss=3.549
[5699.9s] epoch 52 step 149000 avg_loss=3.575
[5702.0s] epoch 52 step 149050 avg_loss=3.571
[5703.8s] epoch 52 step 149100 avg_loss=3.619
[5705.7s] epoch 52 step 149150 avg_loss=3.582
[5707.4s] epoch 52 step 149200 avg_loss=3.561
[5709.3s] epoch 52 step 149250 avg_loss=3.548
[5711.2s] epoch 52 step 149300 avg_loss=3.567
[5712.9s] epoch 52 step 149350 avg_loss=3.588
[5714.6s] epoch 52 step 149400 avg_loss=3.639
[5716.1s] epoch 52 step 149450 avg_loss=3.605
[5718.0s] epoch 52 step 149500 avg_loss=3.623
[5719.8s] epoch 52 step 149550 avg_loss=3.625
[5721.5s] epoch 52 step 149600 avg_loss=3.624
[5723.2s] epoch 52 step 149650 avg_loss=3.621
[5724.8s] epoch 52 step 149700 avg_loss=3.589
[5726.5s] epoch 52 step 149750 avg_loss=3.576
[5728.0s] epoch 52 step 149800 avg_loss=3.584
[5729.9s] epoch 52 step 149850 avg_loss=3.618
[5731.6s] epoch 52 step 149900 avg_loss=3.614
[5733.6s] epoch 52 step 149950 avg_loss=3.620
[5735.5s] epoch 52 step 150000 avg_loss=3.623
[5737.3s] epoch 52 step 150050 avg_loss=3.639
[5739.3s] epoch 52 step 150100 avg_loss=3.663
[5741.0s] epoch 52 step 150150 avg_loss=3.654
[5742.9s] epoch 52 step 150200 avg_loss=3.668
[5744.5s] epoch 52 step 150250 avg_loss=3.678
[5746.1s] epoch 52 step 150300 avg_loss=3.668
[5748.0s] epoch 52 step 150350 avg_loss=3.666
[5749.7s] epoch 52 step 150400 avg_loss=3.680
[5751.6s] epoch 52 step 150450 avg_loss=3.699
[5753.1s] epoch 52 step 150500 avg_loss=3.700
[5754.8s] epoch 52 step 150550 avg_loss=3.693
[5756.5s] epoch 52 step 150600 avg_loss=3.677
[5758.3s] epoch 52 step 150650 avg_loss=3.696
[5760.4s] epoch 52 step 150700 avg_loss=3.722
[5762.3s] epoch 52 step 150750 avg_loss=3.721
[5763.9s] eval step=4750 train_avg_loss=3.721 dev_rank1_f1=0.3835 dev_edge_p=0.3406 dev_edge_r=0.4389
[5765.6s] epoch 52 step 150800 avg_loss=3.711
[5767.5s] epoch 52 step 150850 avg_loss=3.705
[5769.1s] epoch 52 step 150900 avg_loss=3.715
[5770.9s] epoch 52 step 150950 avg_loss=3.722
[5772.6s] epoch 52 step 151000 avg_loss=3.726
[5774.3s] epoch 52 step 151050 avg_loss=3.718
[5776.2s] epoch 52 step 151100 avg_loss=3.730
[5778.0s] epoch 52 step 151150 avg_loss=3.735
[5779.8s] epoch 52 step 151200 avg_loss=3.745
[5781.4s] epoch 52 step 151250 avg_loss=3.751
[5783.2s] epoch 52 step 151300 avg_loss=3.766
[5784.9s] epoch 52 step 151350 avg_loss=3.765
[5785.5s] === epoch 52 done: avg_loss=3.761 (n=2856 derivations) ===
[5786.6s] epoch 53 step 151400 avg_loss=3.681
[5788.2s] epoch 53 step 151450 avg_loss=3.378
[5789.6s] epoch 53 step 151500 avg_loss=3.302
[5791.4s] epoch 53 step 151550 avg_loss=3.390
[5793.0s] epoch 53 step 151600 avg_loss=3.274
[5794.8s] epoch 53 step 151650 avg_loss=3.304
[5796.4s] epoch 53 step 151700 avg_loss=3.250
[5798.3s] epoch 53 step 151750 avg_loss=3.205
[5799.9s] epoch 53 step 151800 avg_loss=3.255
[5801.7s] epoch 53 step 151850 avg_loss=3.245
[5803.7s] epoch 53 step 151900 avg_loss=3.332
[5805.6s] epoch 53 step 151950 avg_loss=3.319
[5807.7s] epoch 53 step 152000 avg_loss=3.325
[5809.5s] epoch 53 step 152050 avg_loss=3.296
[5811.1s] epoch 53 step 152100 avg_loss=3.301
[5813.2s] epoch 53 step 152150 avg_loss=3.366
[5815.2s] epoch 53 step 152200 avg_loss=3.341
[5817.3s] epoch 53 step 152250 avg_loss=3.385
[5819.1s] epoch 53 step 152300 avg_loss=3.387
[5821.0s] epoch 53 step 152350 avg_loss=3.406
[5823.1s] epoch 53 step 152400 avg_loss=3.432
[5825.1s] epoch 53 step 152450 avg_loss=3.446
[5827.2s] epoch 53 step 152500 avg_loss=3.469
[5829.3s] epoch 53 step 152550 avg_loss=3.497
[5831.2s] epoch 53 step 152600 avg_loss=3.512
[5833.0s] epoch 53 step 152650 avg_loss=3.531
[5835.1s] epoch 53 step 152700 avg_loss=3.543
[5836.8s] epoch 53 step 152750 avg_loss=3.565
[5838.4s] epoch 53 step 152800 avg_loss=3.537
[5840.5s] epoch 53 step 152850 avg_loss=3.547
[5842.5s] epoch 53 step 152900 avg_loss=3.571
[5844.7s] epoch 53 step 152950 avg_loss=3.590
[5847.2s] epoch 53 step 153000 avg_loss=3.598
[5849.4s] epoch 53 step 153050 avg_loss=3.607
[5851.8s] epoch 53 step 153100 avg_loss=3.592
[5853.9s] epoch 53 step 153150 avg_loss=3.596
[5855.8s] epoch 53 step 153200 avg_loss=3.599
[5857.5s] epoch 53 step 153250 avg_loss=3.593
[5859.1s] epoch 53 step 153300 avg_loss=3.598
[5860.9s] epoch 53 step 153350 avg_loss=3.615
[5862.8s] epoch 53 step 153400 avg_loss=3.621
[5864.3s] epoch 53 step 153450 avg_loss=3.638
[5866.1s] epoch 53 step 153500 avg_loss=3.645
[5867.9s] epoch 53 step 153550 avg_loss=3.655
[5869.7s] epoch 53 step 153600 avg_loss=3.664
[5871.7s] epoch 53 step 153650 avg_loss=3.685
[5873.1s] epoch 53 step 153700 avg_loss=3.692
[5875.1s] epoch 53 step 153750 avg_loss=3.702
[5876.8s] epoch 53 step 153800 avg_loss=3.710
[5878.7s] epoch 53 step 153850 avg_loss=3.696
[5880.4s] epoch 53 step 153900 avg_loss=3.704
[5882.4s] epoch 53 step 153950 avg_loss=3.710
[5884.3s] epoch 53 step 154000 avg_loss=3.705
[5886.1s] epoch 53 step 154050 avg_loss=3.704
[5887.9s] epoch 53 step 154100 avg_loss=3.700
[5889.7s] epoch 53 step 154150 avg_loss=3.715
[5891.3s] epoch 53 step 154200 avg_loss=3.714
[5892.2s] === epoch 53 done: avg_loss=3.716 (n=2856 derivations) ===
[5892.9s] epoch 54 step 154250 avg_loss=2.616
[5895.0s] epoch 54 step 154300 avg_loss=3.023
[5896.7s] epoch 54 step 154350 avg_loss=3.097
[5898.3s] epoch 54 step 154400 avg_loss=3.229
[5900.1s] epoch 54 step 154450 avg_loss=3.292
[5901.8s] epoch 54 step 154500 avg_loss=3.421
[5903.5s] epoch 54 step 154550 avg_loss=3.352
[5905.3s] epoch 54 step 154600 avg_loss=3.383
[5907.2s] epoch 54 step 154650 avg_loss=3.378
[5909.1s] epoch 54 step 154700 avg_loss=3.462
[5910.9s] epoch 54 step 154750 avg_loss=3.430
[5912.5s] epoch 54 step 154800 avg_loss=3.425
[5914.0s] epoch 54 step 154850 avg_loss=3.390
[5915.6s] epoch 54 step 154900 avg_loss=3.361
[5917.3s] epoch 54 step 154950 avg_loss=3.376
[5919.3s] epoch 54 step 155000 avg_loss=3.395
[5921.1s] epoch 54 step 155050 avg_loss=3.413
[5923.0s] epoch 54 step 155100 avg_loss=3.421
[5924.9s] epoch 54 step 155150 avg_loss=3.408
[5926.7s] epoch 54 step 155200 avg_loss=3.417
[5928.5s] epoch 54 step 155250 avg_loss=3.453
[5930.3s] epoch 54 step 155300 avg_loss=3.467
[5932.4s] epoch 54 step 155350 avg_loss=3.463
[5934.3s] epoch 54 step 155400 avg_loss=3.477
[5936.1s] epoch 54 step 155450 avg_loss=3.519
[5938.0s] epoch 54 step 155500 avg_loss=3.528
[5939.7s] epoch 54 step 155550 avg_loss=3.521
[5941.6s] epoch 54 step 155600 avg_loss=3.537
[5943.5s] epoch 54 step 155650 avg_loss=3.552
[5945.4s] epoch 54 step 155700 avg_loss=3.574
[5947.3s] epoch 54 step 155750 avg_loss=3.573
[5949.0s] epoch 54 step 155800 avg_loss=3.585
[5951.1s] epoch 54 step 155850 avg_loss=3.593
[5952.9s] epoch 54 step 155900 avg_loss=3.583
[5954.7s] epoch 54 step 155950 avg_loss=3.584
[5956.7s] epoch 54 step 156000 avg_loss=3.588
[5958.4s] epoch 54 step 156050 avg_loss=3.594
[5960.0s] epoch 54 step 156100 avg_loss=3.593
[5961.8s] epoch 54 step 156150 avg_loss=3.594
[5963.5s] epoch 54 step 156200 avg_loss=3.601
[5965.7s] epoch 54 step 156250 avg_loss=3.641
[5967.4s] epoch 54 step 156300 avg_loss=3.637
[5969.2s] epoch 54 step 156350 avg_loss=3.647
[5970.8s] epoch 54 step 156400 avg_loss=3.650
[5972.6s] epoch 54 step 156450 avg_loss=3.640
[5974.5s] epoch 54 step 156500 avg_loss=3.643
[5976.1s] epoch 54 step 156550 avg_loss=3.643
[5977.8s] epoch 54 step 156600 avg_loss=3.651
[5979.7s] epoch 54 step 156650 avg_loss=3.660
[5981.6s] epoch 54 step 156700 avg_loss=3.677
[5983.3s] epoch 54 step 156750 avg_loss=3.673
[5985.1s] epoch 54 step 156800 avg_loss=3.673
[5987.1s] epoch 54 step 156850 avg_loss=3.684
[5988.8s] epoch 54 step 156900 avg_loss=3.695
[5990.5s] epoch 54 step 156950 avg_loss=3.704
[5992.4s] epoch 54 step 157000 avg_loss=3.700
[5993.9s] epoch 54 step 157050 avg_loss=3.686
[5995.1s] === epoch 54 done: avg_loss=3.692 (n=2856 derivations) ===
[5995.6s] epoch 55 step 157100 avg_loss=2.671
[5997.4s] epoch 55 step 157150 avg_loss=2.723
[5999.0s] epoch 55 step 157200 avg_loss=2.820
[6000.7s] epoch 55 step 157250 avg_loss=3.000
[6002.7s] epoch 55 step 157300 avg_loss=2.990
[6004.4s] epoch 55 step 157350 avg_loss=2.916
[6006.1s] epoch 55 step 157400 avg_loss=3.089
[6008.1s] epoch 55 step 157450 avg_loss=3.115
[6010.0s] epoch 55 step 157500 avg_loss=3.145
[6011.8s] epoch 55 step 157550 avg_loss=3.170
[6013.4s] epoch 55 step 157600 avg_loss=3.136
[6015.4s] epoch 55 step 157650 avg_loss=3.184
[6017.3s] epoch 55 step 157700 avg_loss=3.245
[6019.0s] epoch 55 step 157750 avg_loss=3.228
[6020.6s] epoch 55 step 157800 avg_loss=3.255
[6022.2s] epoch 55 step 157850 avg_loss=3.283
[6023.7s] epoch 55 step 157900 avg_loss=3.310
[6025.8s] epoch 55 step 157950 avg_loss=3.346
[6027.5s] epoch 55 step 158000 avg_loss=3.337
[6029.2s] epoch 55 step 158050 avg_loss=3.353
[6031.2s] epoch 55 step 158100 avg_loss=3.380
[6032.7s] epoch 55 step 158150 avg_loss=3.373
[6034.5s] epoch 55 step 158200 avg_loss=3.409
[6036.2s] epoch 55 step 158250 avg_loss=3.431
[6038.1s] epoch 55 step 158300 avg_loss=3.452
[6040.1s] epoch 55 step 158350 avg_loss=3.459
[6041.9s] epoch 55 step 158400 avg_loss=3.464
[6043.7s] epoch 55 step 158450 avg_loss=3.464
[6045.9s] epoch 55 step 158500 avg_loss=3.494
[6047.5s] epoch 55 step 158550 avg_loss=3.495
[6049.0s] epoch 55 step 158600 avg_loss=3.503
[6050.8s] epoch 55 step 158650 avg_loss=3.530
[6053.0s] eval step=5000 train_avg_loss=3.516 dev_rank1_f1=0.3708 dev_edge_p=0.3249 dev_edge_r=0.4319
[6053.6s] epoch 55 step 158700 avg_loss=3.518
[6055.5s] epoch 55 step 158750 avg_loss=3.541
[6057.4s] epoch 55 step 158800 avg_loss=3.533
[6059.3s] epoch 55 step 158850 avg_loss=3.532
[6061.5s] epoch 55 step 158900 avg_loss=3.541
[6063.9s] epoch 55 step 158950 avg_loss=3.551
[6066.0s] epoch 55 step 159000 avg_loss=3.576
[6068.0s] epoch 55 step 159050 avg_loss=3.611
[6069.8s] epoch 55 step 159100 avg_loss=3.598
[6072.0s] epoch 55 step 159150 avg_loss=3.617
[6073.7s] epoch 55 step 159200 avg_loss=3.618
[6075.7s] epoch 55 step 159250 avg_loss=3.609
[6077.5s] epoch 55 step 159300 avg_loss=3.609
[6079.4s] epoch 55 step 159350 avg_loss=3.615
[6081.4s] epoch 55 step 159400 avg_loss=3.634
[6083.2s] epoch 55 step 159450 avg_loss=3.633
[6085.2s] epoch 55 step 159500 avg_loss=3.622
[6086.9s] epoch 55 step 159550 avg_loss=3.621
[6088.8s] epoch 55 step 159600 avg_loss=3.626
[6090.8s] epoch 55 step 159650 avg_loss=3.637
[6092.6s] epoch 55 step 159700 avg_loss=3.636
[6094.4s] epoch 55 step 159750 avg_loss=3.649
[6096.1s] epoch 55 step 159800 avg_loss=3.655
[6097.9s] epoch 55 step 159850 avg_loss=3.652
[6099.6s] epoch 55 step 159900 avg_loss=3.658
[6101.0s] === epoch 55 done: avg_loss=3.673 (n=2856 derivations) ===
[6101.6s] epoch 56 step 159950 avg_loss=4.829
[6103.2s] epoch 56 step 160000 avg_loss=3.564
[6105.1s] epoch 56 step 160050 avg_loss=3.300
[6107.0s] epoch 56 step 160100 avg_loss=3.276
[6108.6s] epoch 56 step 160150 avg_loss=3.238
[6110.2s] epoch 56 step 160200 avg_loss=3.201
[6112.0s] epoch 56 step 160250 avg_loss=3.258
[6113.6s] epoch 56 step 160300 avg_loss=3.213
[6115.3s] epoch 56 step 160350 avg_loss=3.307
[6117.1s] epoch 56 step 160400 avg_loss=3.306
[6118.9s] epoch 56 step 160450 avg_loss=3.315
[6120.6s] epoch 56 step 160500 avg_loss=3.277
[6122.4s] epoch 56 step 160550 avg_loss=3.246
[6124.3s] epoch 56 step 160600 avg_loss=3.308
[6126.0s] epoch 56 step 160650 avg_loss=3.286
[6127.8s] epoch 56 step 160700 avg_loss=3.239
[6129.8s] epoch 56 step 160750 avg_loss=3.256
[6131.6s] epoch 56 step 160800 avg_loss=3.258
[6133.5s] epoch 56 step 160850 avg_loss=3.261
[6135.8s] epoch 56 step 160900 avg_loss=3.298
[6137.9s] epoch 56 step 160950 avg_loss=3.308
[6139.3s] epoch 56 step 161000 avg_loss=3.292
[6141.2s] epoch 56 step 161050 avg_loss=3.293
[6143.2s] epoch 56 step 161100 avg_loss=3.313
[6145.2s] epoch 56 step 161150 avg_loss=3.335
[6146.9s] epoch 56 step 161200 avg_loss=3.369
[6148.7s] epoch 56 step 161250 avg_loss=3.369
[6150.2s] epoch 56 step 161300 avg_loss=3.374
[6152.0s] epoch 56 step 161350 avg_loss=3.401
[6153.7s] epoch 56 step 161400 avg_loss=3.423
[6155.4s] epoch 56 step 161450 avg_loss=3.417
[6157.3s] epoch 56 step 161500 avg_loss=3.428
[6159.2s] epoch 56 step 161550 avg_loss=3.440
[6161.1s] epoch 56 step 161600 avg_loss=3.459
[6162.8s] epoch 56 step 161650 avg_loss=3.466
[6164.6s] epoch 56 step 161700 avg_loss=3.478
[6166.4s] epoch 56 step 161750 avg_loss=3.494
[6168.4s] epoch 56 step 161800 avg_loss=3.501
[6170.1s] epoch 56 step 161850 avg_loss=3.504
[6171.9s] epoch 56 step 161900 avg_loss=3.503
[6173.5s] epoch 56 step 161950 avg_loss=3.501
[6175.4s] epoch 56 step 162000 avg_loss=3.508
[6177.2s] epoch 56 step 162050 avg_loss=3.518
[6178.8s] epoch 56 step 162100 avg_loss=3.503
[6180.3s] epoch 56 step 162150 avg_loss=3.492
[6181.9s] epoch 56 step 162200 avg_loss=3.503
[6183.9s] epoch 56 step 162250 avg_loss=3.496
[6186.1s] epoch 56 step 162300 avg_loss=3.508
[6188.1s] epoch 56 step 162350 avg_loss=3.533
[6190.2s] epoch 56 step 162400 avg_loss=3.548
[6192.1s] epoch 56 step 162450 avg_loss=3.570
[6194.0s] epoch 56 step 162500 avg_loss=3.571
[6195.8s] epoch 56 step 162550 avg_loss=3.574
[6197.8s] epoch 56 step 162600 avg_loss=3.584
[6200.1s] epoch 56 step 162650 avg_loss=3.597
[6202.0s] epoch 56 step 162700 avg_loss=3.613
[6203.9s] epoch 56 step 162750 avg_loss=3.611
[6205.6s] === epoch 56 done: avg_loss=3.615 (n=2856 derivations) ===
[6205.9s] epoch 57 step 162800 avg_loss=1.733
[6207.7s] epoch 57 step 162850 avg_loss=2.860
[6209.6s] epoch 57 step 162900 avg_loss=2.918
[6211.3s] epoch 57 step 162950 avg_loss=2.788
[6212.9s] epoch 57 step 163000 avg_loss=2.897
[6214.9s] epoch 57 step 163050 avg_loss=3.002
[6216.9s] epoch 57 step 163100 avg_loss=3.175
[6218.6s] epoch 57 step 163150 avg_loss=3.188
[6220.7s] epoch 57 step 163200 avg_loss=3.213
[6222.6s] epoch 57 step 163250 avg_loss=3.235
[6224.4s] epoch 57 step 163300 avg_loss=3.216
[6226.1s] epoch 57 step 163350 avg_loss=3.201
[6228.0s] epoch 57 step 163400 avg_loss=3.219
[6229.8s] epoch 57 step 163450 avg_loss=3.216
[6231.5s] epoch 57 step 163500 avg_loss=3.270
[6233.0s] epoch 57 step 163550 avg_loss=3.252
[6234.8s] epoch 57 step 163600 avg_loss=3.261
[6236.9s] epoch 57 step 163650 avg_loss=3.286
[6238.8s] epoch 57 step 163700 avg_loss=3.252
[6240.8s] epoch 57 step 163750 avg_loss=3.234
[6242.7s] epoch 57 step 163800 avg_loss=3.249
[6244.6s] epoch 57 step 163850 avg_loss=3.292
[6246.6s] epoch 57 step 163900 avg_loss=3.332
[6248.3s] epoch 57 step 163950 avg_loss=3.328
[6249.9s] epoch 57 step 164000 avg_loss=3.347
[6251.8s] epoch 57 step 164050 avg_loss=3.338
[6253.6s] epoch 57 step 164100 avg_loss=3.346
[6255.6s] epoch 57 step 164150 avg_loss=3.367
[6257.8s] epoch 57 step 164200 avg_loss=3.375
[6259.3s] epoch 57 step 164250 avg_loss=3.386
[6261.4s] epoch 57 step 164300 avg_loss=3.426
[6263.5s] epoch 57 step 164350 avg_loss=3.444
[6265.5s] epoch 57 step 164400 avg_loss=3.461
[6267.2s] epoch 57 step 164450 avg_loss=3.464
[6269.1s] epoch 57 step 164500 avg_loss=3.465
[6271.0s] epoch 57 step 164550 avg_loss=3.472
[6272.7s] epoch 57 step 164600 avg_loss=3.469
[6274.6s] epoch 57 step 164650 avg_loss=3.484
[6276.6s] epoch 57 step 164700 avg_loss=3.490
[6278.5s] epoch 57 step 164750 avg_loss=3.507
[6280.4s] epoch 57 step 164800 avg_loss=3.528
[6282.4s] epoch 57 step 164850 avg_loss=3.539
[6284.1s] epoch 57 step 164900 avg_loss=3.536
[6285.9s] epoch 57 step 164950 avg_loss=3.542
[6287.5s] epoch 57 step 165000 avg_loss=3.537
[6289.1s] epoch 57 step 165050 avg_loss=3.530
[6290.9s] epoch 57 step 165100 avg_loss=3.531
[6292.7s] epoch 57 step 165150 avg_loss=3.526
[6294.3s] epoch 57 step 165200 avg_loss=3.520
[6296.5s] epoch 57 step 165250 avg_loss=3.535
[6298.3s] epoch 57 step 165300 avg_loss=3.556
[6300.1s] epoch 57 step 165350 avg_loss=3.559
[6301.9s] epoch 57 step 165400 avg_loss=3.568
[6303.7s] epoch 57 step 165450 avg_loss=3.578
[6305.8s] epoch 57 step 165500 avg_loss=3.588
[6307.7s] epoch 57 step 165550 avg_loss=3.593
[6309.4s] epoch 57 step 165600 avg_loss=3.603
[6311.1s] === epoch 57 done: avg_loss=3.609 (n=2856 derivations) ===
[6311.1s] epoch 58 step 165650 avg_loss=2.295
[6312.9s] epoch 58 step 165700 avg_loss=3.308
[6314.6s] epoch 58 step 165750 avg_loss=3.225
[6316.1s] epoch 58 step 165800 avg_loss=3.126
[6317.7s] epoch 58 step 165850 avg_loss=2.990
[6319.7s] epoch 58 step 165900 avg_loss=3.145
[6321.6s] epoch 58 step 165950 avg_loss=3.139
[6323.3s] epoch 58 step 166000 avg_loss=3.070
[6324.9s] epoch 58 step 166050 avg_loss=3.034
[6326.7s] epoch 58 step 166100 avg_loss=3.066
[6328.3s] epoch 58 step 166150 avg_loss=3.114
[6330.1s] epoch 58 step 166200 avg_loss=3.122
[6332.1s] epoch 58 step 166250 avg_loss=3.155
[6333.9s] epoch 58 step 166300 avg_loss=3.196
[6335.9s] epoch 58 step 166350 avg_loss=3.228
[6337.8s] epoch 58 step 166400 avg_loss=3.203
[6339.7s] epoch 58 step 166450 avg_loss=3.181
[6341.5s] epoch 58 step 166500 avg_loss=3.237
[6343.3s] epoch 58 step 166550 avg_loss=3.264
[6345.1s] epoch 58 step 166600 avg_loss=3.288
[6347.0s] eval step=5250 train_avg_loss=3.278 dev_rank1_f1=0.3751 dev_edge_p=0.3479 dev_edge_r=0.4071
[6348.4s] epoch 58 step 166650 avg_loss=3.252
[6350.2s] epoch 58 step 166700 avg_loss=3.265
[6352.2s] epoch 58 step 166750 avg_loss=3.267
[6354.2s] epoch 58 step 166800 avg_loss=3.266
[6355.9s] epoch 58 step 166850 avg_loss=3.263
[6357.8s] epoch 58 step 166900 avg_loss=3.278
[6359.6s] epoch 58 step 166950 avg_loss=3.292
[6361.3s] epoch 58 step 167000 avg_loss=3.278
[6363.2s] epoch 58 step 167050 avg_loss=3.309
[6365.6s] epoch 58 step 167100 avg_loss=3.354
[6367.7s] epoch 58 step 167150 avg_loss=3.371
[6369.7s] epoch 58 step 167200 avg_loss=3.358
[6371.8s] epoch 58 step 167250 avg_loss=3.389
[6373.7s] epoch 58 step 167300 avg_loss=3.401
[6375.6s] epoch 58 step 167350 avg_loss=3.420
[6377.9s] epoch 58 step 167400 avg_loss=3.429
[6379.9s] epoch 58 step 167450 avg_loss=3.424
[6382.0s] epoch 58 step 167500 avg_loss=3.421
[6383.8s] epoch 58 step 167550 avg_loss=3.427
[6385.6s] epoch 58 step 167600 avg_loss=3.438
[6387.3s] epoch 58 step 167650 avg_loss=3.455
[6389.3s] epoch 58 step 167700 avg_loss=3.468
[6391.4s] epoch 58 step 167750 avg_loss=3.470
[6393.4s] epoch 58 step 167800 avg_loss=3.467
[6395.6s] epoch 58 step 167850 avg_loss=3.497
[6397.5s] epoch 58 step 167900 avg_loss=3.509
[6399.4s] epoch 58 step 167950 avg_loss=3.503
[6401.3s] epoch 58 step 168000 avg_loss=3.505
[6403.4s] epoch 58 step 168050 avg_loss=3.513
[6405.4s] epoch 58 step 168100 avg_loss=3.506
[6407.7s] epoch 58 step 168150 avg_loss=3.514
[6409.6s] epoch 58 step 168200 avg_loss=3.526
[6411.3s] epoch 58 step 168250 avg_loss=3.524
[6413.3s] epoch 58 step 168300 avg_loss=3.527
[6415.7s] epoch 58 step 168350 avg_loss=3.540
[6417.6s] epoch 58 step 168400 avg_loss=3.554
[6419.5s] epoch 58 step 168450 avg_loss=3.566
[6421.6s] epoch 58 step 168500 avg_loss=3.583
[6421.8s] === epoch 58 done: avg_loss=3.583 (n=2856 derivations) ===
[6423.6s] epoch 59 step 168550 avg_loss=2.599
[6425.5s] epoch 59 step 168600 avg_loss=2.930
[6427.5s] epoch 59 step 168650 avg_loss=3.086
[6429.5s] epoch 59 step 168700 avg_loss=3.151
[6431.1s] epoch 59 step 168750 avg_loss=3.220
[6432.9s] epoch 59 step 168800 avg_loss=3.240
[6434.9s] epoch 59 step 168850 avg_loss=3.158
[6437.0s] epoch 59 step 168900 avg_loss=3.226
[6439.0s] epoch 59 step 168950 avg_loss=3.184
[6440.8s] epoch 59 step 169000 avg_loss=3.173
[6442.7s] epoch 59 step 169050 avg_loss=3.172
[6444.8s] epoch 59 step 169100 avg_loss=3.172
[6446.9s] epoch 59 step 169150 avg_loss=3.208
[6449.1s] epoch 59 step 169200 avg_loss=3.183
[6450.8s] epoch 59 step 169250 avg_loss=3.208
[6452.6s] epoch 59 step 169300 avg_loss=3.228
[6454.6s] epoch 59 step 169350 avg_loss=3.229
[6456.6s] epoch 59 step 169400 avg_loss=3.253
[6458.8s] epoch 59 step 169450 avg_loss=3.280
[6460.9s] epoch 59 step 169500 avg_loss=3.274
[6462.6s] epoch 59 step 169550 avg_loss=3.282
[6464.5s] epoch 59 step 169600 avg_loss=3.296
[6466.4s] epoch 59 step 169650 avg_loss=3.284
[6468.3s] epoch 59 step 169700 avg_loss=3.290
[6470.4s] epoch 59 step 169750 avg_loss=3.310
[6472.0s] epoch 59 step 169800 avg_loss=3.312
[6473.9s] epoch 59 step 169850 avg_loss=3.308
[6475.8s] epoch 59 step 169900 avg_loss=3.316
[6477.9s] epoch 59 step 169950 avg_loss=3.341
[6479.9s] epoch 59 step 170000 avg_loss=3.350
[6482.1s] epoch 59 step 170050 avg_loss=3.347
[6484.0s] epoch 59 step 170100 avg_loss=3.365
[6486.3s] epoch 59 step 170150 avg_loss=3.384
[6488.2s] epoch 59 step 170200 avg_loss=3.396
[6490.2s] epoch 59 step 170250 avg_loss=3.399
[6492.1s] epoch 59 step 170300 avg_loss=3.422
[6494.0s] epoch 59 step 170350 avg_loss=3.449
[6495.9s] epoch 59 step 170400 avg_loss=3.451
[6497.6s] epoch 59 step 170450 avg_loss=3.439
[6499.5s] epoch 59 step 170500 avg_loss=3.465
[6500.9s] epoch 59 step 170550 avg_loss=3.450
[6502.7s] epoch 59 step 170600 avg_loss=3.464
[6504.2s] epoch 59 step 170650 avg_loss=3.465
[6505.8s] epoch 59 step 170700 avg_loss=3.472
[6507.6s] epoch 59 step 170750 avg_loss=3.489
[6509.3s] epoch 59 step 170800 avg_loss=3.509
[6510.9s] epoch 59 step 170850 avg_loss=3.499
[6512.9s] epoch 59 step 170900 avg_loss=3.512
[6514.6s] epoch 59 step 170950 avg_loss=3.521
[6516.5s] epoch 59 step 171000 avg_loss=3.533
[6518.3s] epoch 59 step 171050 avg_loss=3.551
[6520.2s] epoch 59 step 171100 avg_loss=3.560
[6522.1s] epoch 59 step 171150 avg_loss=3.553
[6523.6s] epoch 59 step 171200 avg_loss=3.555
[6526.0s] epoch 59 step 171250 avg_loss=3.544
[6528.1s] epoch 59 step 171300 avg_loss=3.544
[6530.2s] epoch 59 step 171350 avg_loss=3.543
[6530.8s] === epoch 59 done: avg_loss=3.553 (n=2856 derivations) ===
[6532.3s] epoch 60 step 171400 avg_loss=2.664
[6534.4s] epoch 60 step 171450 avg_loss=2.937
[6536.6s] epoch 60 step 171500 avg_loss=2.862
[6538.9s] epoch 60 step 171550 avg_loss=3.157
[6540.8s] epoch 60 step 171600 avg_loss=3.187
[6542.8s] epoch 60 step 171650 avg_loss=3.224
[6544.7s] epoch 60 step 171700 avg_loss=3.235
[6546.8s] epoch 60 step 171750 avg_loss=3.213
[6548.4s] epoch 60 step 171800 avg_loss=3.203
[6550.7s] epoch 60 step 171850 avg_loss=3.191
[6552.7s] epoch 60 step 171900 avg_loss=3.193
[6554.3s] epoch 60 step 171950 avg_loss=3.175
[6556.0s] epoch 60 step 172000 avg_loss=3.165
[6557.8s] epoch 60 step 172050 avg_loss=3.146
[6559.8s] epoch 60 step 172100 avg_loss=3.173
[6561.6s] epoch 60 step 172150 avg_loss=3.174
[6563.4s] epoch 60 step 172200 avg_loss=3.151
[6565.2s] epoch 60 step 172250 avg_loss=3.160
[6566.9s] epoch 60 step 172300 avg_loss=3.172
[6568.9s] epoch 60 step 172350 avg_loss=3.303
[6570.8s] epoch 60 step 172400 avg_loss=3.322
[6573.1s] epoch 60 step 172450 avg_loss=3.392
[6575.0s] epoch 60 step 172500 avg_loss=3.397
[6577.1s] epoch 60 step 172550 avg_loss=3.391
[6578.9s] epoch 60 step 172600 avg_loss=3.370
[6580.8s] epoch 60 step 172650 avg_loss=3.373
[6582.9s] epoch 60 step 172700 avg_loss=3.391
[6584.8s] epoch 60 step 172750 avg_loss=3.399
[6586.7s] epoch 60 step 172800 avg_loss=3.387
[6588.6s] epoch 60 step 172850 avg_loss=3.404
[6590.2s] epoch 60 step 172900 avg_loss=3.419
[6592.1s] epoch 60 step 172950 avg_loss=3.448
[6594.0s] epoch 60 step 173000 avg_loss=3.437
[6595.8s] epoch 60 step 173050 avg_loss=3.427
[6597.8s] epoch 60 step 173100 avg_loss=3.445
[6599.8s] epoch 60 step 173150 avg_loss=3.464
[6601.9s] epoch 60 step 173200 avg_loss=3.478
[6603.7s] epoch 60 step 173250 avg_loss=3.478
[6605.9s] epoch 60 step 173300 avg_loss=3.490
[6607.7s] epoch 60 step 173350 avg_loss=3.492
[6609.6s] epoch 60 step 173400 avg_loss=3.498
[6611.2s] epoch 60 step 173450 avg_loss=3.485
[6613.1s] epoch 60 step 173500 avg_loss=3.489
[6615.0s] epoch 60 step 173550 avg_loss=3.481
[6617.0s] epoch 60 step 173600 avg_loss=3.483
[6618.8s] epoch 60 step 173650 avg_loss=3.490
[6620.7s] epoch 60 step 173700 avg_loss=3.490
[6622.6s] epoch 60 step 173750 avg_loss=3.499
[6624.4s] epoch 60 step 173800 avg_loss=3.487
[6626.2s] epoch 60 step 173850 avg_loss=3.484
[6628.4s] epoch 60 step 173900 avg_loss=3.491
[6630.2s] epoch 60 step 173950 avg_loss=3.496
[6632.2s] epoch 60 step 174000 avg_loss=3.506
[6634.2s] epoch 60 step 174050 avg_loss=3.514
[6636.1s] epoch 60 step 174100 avg_loss=3.515
[6638.1s] epoch 60 step 174150 avg_loss=3.534
[6639.9s] epoch 60 step 174200 avg_loss=3.530
[6640.3s] === epoch 60 done: avg_loss=3.528 (n=2856 derivations) ===
[6641.6s] epoch 61 step 174250 avg_loss=3.442
[6643.3s] epoch 61 step 174300 avg_loss=2.851
[6645.1s] epoch 61 step 174350 avg_loss=3.031
[6647.1s] epoch 61 step 174400 avg_loss=3.041
[6648.8s] epoch 61 step 174450 avg_loss=2.974
[6650.5s] epoch 61 step 174500 avg_loss=3.110
[6653.3s] eval step=5500 train_avg_loss=3.056 dev_rank1_f1=0.3706 dev_edge_p=0.3358 dev_edge_r=0.4134
[6653.9s] epoch 61 step 174550 avg_loss=3.103
[6656.1s] epoch 61 step 174600 avg_loss=3.229
[6658.2s] epoch 61 step 174650 avg_loss=3.272
[6660.1s] epoch 61 step 174700 avg_loss=3.243
[6662.2s] epoch 61 step 174750 avg_loss=3.274
[6664.0s] epoch 61 step 174800 avg_loss=3.286
[6665.9s] epoch 61 step 174850 avg_loss=3.305
[6667.9s] epoch 61 step 174900 avg_loss=3.287
[6669.5s] epoch 61 step 174950 avg_loss=3.295
[6671.2s] epoch 61 step 175000 avg_loss=3.274
[6672.8s] epoch 61 step 175050 avg_loss=3.256
[6674.8s] epoch 61 step 175100 avg_loss=3.305
[6676.7s] epoch 61 step 175150 avg_loss=3.287
[6678.9s] epoch 61 step 175200 avg_loss=3.313
[6680.6s] epoch 61 step 175250 avg_loss=3.341
[6682.6s] epoch 61 step 175300 avg_loss=3.347
[6684.5s] epoch 61 step 175350 avg_loss=3.369
[6686.5s] epoch 61 step 175400 avg_loss=3.370
[6688.5s] epoch 61 step 175450 avg_loss=3.372
[6690.4s] epoch 61 step 175500 avg_loss=3.386
[6692.1s] epoch 61 step 175550 avg_loss=3.412
[6693.8s] epoch 61 step 175600 avg_loss=3.403
[6695.7s] epoch 61 step 175650 avg_loss=3.410
[6697.5s] epoch 61 step 175700 avg_loss=3.402
[6699.1s] epoch 61 step 175750 avg_loss=3.393
[6701.1s] epoch 61 step 175800 avg_loss=3.392
[6702.9s] epoch 61 step 175850 avg_loss=3.375
[6704.6s] epoch 61 step 175900 avg_loss=3.376
[6706.4s] epoch 61 step 175950 avg_loss=3.365
[6708.5s] epoch 61 step 176000 avg_loss=3.369
[6710.5s] epoch 61 step 176050 avg_loss=3.382
[6712.2s] epoch 61 step 176100 avg_loss=3.388
[6713.9s] epoch 61 step 176150 avg_loss=3.384
[6715.6s] epoch 61 step 176200 avg_loss=3.416
[6717.7s] epoch 61 step 176250 avg_loss=3.410
[6719.8s] epoch 61 step 176300 avg_loss=3.422
[6721.6s] epoch 61 step 176350 avg_loss=3.426
[6723.5s] epoch 61 step 176400 avg_loss=3.433
[6725.2s] epoch 61 step 176450 avg_loss=3.435
[6727.1s] epoch 61 step 176500 avg_loss=3.439
[6729.0s] epoch 61 step 176550 avg_loss=3.441
[6730.8s] epoch 61 step 176600 avg_loss=3.468
[6732.7s] epoch 61 step 176650 avg_loss=3.473
[6734.5s] epoch 61 step 176700 avg_loss=3.479
[6736.1s] epoch 61 step 176750 avg_loss=3.479
[6738.0s] epoch 61 step 176800 avg_loss=3.485
[6739.5s] epoch 61 step 176850 avg_loss=3.480
[6741.1s] epoch 61 step 176900 avg_loss=3.473
[6742.9s] epoch 61 step 176950 avg_loss=3.478
[6744.7s] epoch 61 step 177000 avg_loss=3.484
[6746.8s] epoch 61 step 177050 avg_loss=3.496
[6747.5s] === epoch 61 done: avg_loss=3.501 (n=2856 derivations) ===
[6748.4s] epoch 62 step 177100 avg_loss=2.905
[6750.2s] epoch 62 step 177150 avg_loss=2.903
[6752.0s] epoch 62 step 177200 avg_loss=2.895
[6753.7s] epoch 62 step 177250 avg_loss=2.922
[6755.2s] epoch 62 step 177300 avg_loss=2.820
[6756.8s] epoch 62 step 177350 avg_loss=2.890
[6758.6s] epoch 62 step 177400 avg_loss=2.977
[6760.6s] epoch 62 step 177450 avg_loss=3.008
[6762.2s] epoch 62 step 177500 avg_loss=3.019
[6763.9s] epoch 62 step 177550 avg_loss=2.979
[6765.8s] epoch 62 step 177600 avg_loss=2.997
[6767.9s] epoch 62 step 177650 avg_loss=2.959
[6769.8s] epoch 62 step 177700 avg_loss=3.004
[6771.6s] epoch 62 step 177750 avg_loss=3.050
[6773.5s] epoch 62 step 177800 avg_loss=3.070
[6775.6s] epoch 62 step 177850 avg_loss=3.071
[6777.5s] epoch 62 step 177900 avg_loss=3.066
[6779.4s] epoch 62 step 177950 avg_loss=3.105
[6781.5s] epoch 62 step 178000 avg_loss=3.108
[6783.5s] epoch 62 step 178050 avg_loss=3.157
[6785.6s] epoch 62 step 178100 avg_loss=3.198
[6787.6s] epoch 62 step 178150 avg_loss=3.223
[6789.6s] epoch 62 step 178200 avg_loss=3.259
[6791.5s] epoch 62 step 178250 avg_loss=3.271
[6793.3s] epoch 62 step 178300 avg_loss=3.277
[6795.3s] epoch 62 step 178350 avg_loss=3.305
[6797.3s] epoch 62 step 178400 avg_loss=3.314
[6799.3s] epoch 62 step 178450 avg_loss=3.315
[6801.3s] epoch 62 step 178500 avg_loss=3.333
[6803.3s] epoch 62 step 178550 avg_loss=3.351
[6805.2s] epoch 62 step 178600 avg_loss=3.360
[6807.0s] epoch 62 step 178650 avg_loss=3.354
[6808.9s] epoch 62 step 178700 avg_loss=3.370
[6811.0s] epoch 62 step 178750 avg_loss=3.409
[6812.9s] epoch 62 step 178800 avg_loss=3.415
[6814.8s] epoch 62 step 178850 avg_loss=3.401
[6816.9s] epoch 62 step 178900 avg_loss=3.401
[6818.7s] epoch 62 step 178950 avg_loss=3.389
[6820.7s] epoch 62 step 179000 avg_loss=3.416
[6822.5s] epoch 62 step 179050 avg_loss=3.408
[6824.3s] epoch 62 step 179100 avg_loss=3.401
[6826.0s] epoch 62 step 179150 avg_loss=3.402
[6827.8s] epoch 62 step 179200 avg_loss=3.406
[6829.9s] epoch 62 step 179250 avg_loss=3.412
[6831.6s] epoch 62 step 179300 avg_loss=3.416
[6833.2s] epoch 62 step 179350 avg_loss=3.423
[6834.8s] epoch 62 step 179400 avg_loss=3.421
[6836.8s] epoch 62 step 179450 avg_loss=3.432
[6838.4s] epoch 62 step 179500 avg_loss=3.437
[6840.1s] epoch 62 step 179550 avg_loss=3.442
[6841.6s] epoch 62 step 179600 avg_loss=3.454
[6843.1s] epoch 62 step 179650 avg_loss=3.469
[6844.8s] epoch 62 step 179700 avg_loss=3.468
[6846.3s] epoch 62 step 179750 avg_loss=3.470
[6848.0s] epoch 62 step 179800 avg_loss=3.474
[6849.9s] epoch 62 step 179850 avg_loss=3.485
[6851.6s] epoch 62 step 179900 avg_loss=3.490
[6852.6s] === epoch 62 done: avg_loss=3.492 (n=2856 derivations) ===
[6853.3s] epoch 63 step 179950 avg_loss=2.836
[6854.8s] epoch 63 step 180000 avg_loss=3.050
[6856.6s] epoch 63 step 180050 avg_loss=3.258
[6858.4s] epoch 63 step 180100 avg_loss=3.171
[6860.4s] epoch 63 step 180150 avg_loss=3.150
[6862.3s] epoch 63 step 180200 avg_loss=3.163
[6864.1s] epoch 63 step 180250 avg_loss=3.105
[6866.1s] epoch 63 step 180300 avg_loss=3.082
[6867.9s] epoch 63 step 180350 avg_loss=2.996
[6869.4s] epoch 63 step 180400 avg_loss=3.017
[6871.2s] epoch 63 step 180450 avg_loss=3.021
[6872.9s] epoch 63 step 180500 avg_loss=3.007
[6874.7s] epoch 63 step 180550 avg_loss=3.040
[6876.5s] epoch 63 step 180600 avg_loss=3.060
[6878.4s] epoch 63 step 180650 avg_loss=3.078
[6880.1s] epoch 63 step 180700 avg_loss=3.109
[6881.6s] epoch 63 step 180750 avg_loss=3.098
[6883.5s] epoch 63 step 180800 avg_loss=3.179
[6885.2s] epoch 63 step 180850 avg_loss=3.207
[6886.9s] epoch 63 step 180900 avg_loss=3.236
[6888.7s] epoch 63 step 180950 avg_loss=3.251
[6890.4s] epoch 63 step 181000 avg_loss=3.248
[6892.3s] epoch 63 step 181050 avg_loss=3.267
[6894.1s] epoch 63 step 181100 avg_loss=3.260
[6896.0s] epoch 63 step 181150 avg_loss=3.286
[6897.8s] epoch 63 step 181200 avg_loss=3.270
[6899.5s] epoch 63 step 181250 avg_loss=3.255
[6901.4s] epoch 63 step 181300 avg_loss=3.286
[6903.2s] epoch 63 step 181350 avg_loss=3.293
[6904.9s] epoch 63 step 181400 avg_loss=3.298
[6906.7s] epoch 63 step 181450 avg_loss=3.288
[6908.4s] epoch 63 step 181500 avg_loss=3.283
[6910.2s] epoch 63 step 181550 avg_loss=3.315
[6912.0s] epoch 63 step 181600 avg_loss=3.328
[6913.9s] epoch 63 step 181650 avg_loss=3.358
[6915.6s] epoch 63 step 181700 avg_loss=3.369
[6917.5s] epoch 63 step 181750 avg_loss=3.377
[6919.1s] epoch 63 step 181800 avg_loss=3.381
[6920.7s] epoch 63 step 181850 avg_loss=3.381
[6922.8s] epoch 63 step 181900 avg_loss=3.388
[6924.7s] epoch 63 step 181950 avg_loss=3.374
[6926.7s] epoch 63 step 182000 avg_loss=3.382
[6928.6s] epoch 63 step 182050 avg_loss=3.379
[6930.5s] epoch 63 step 182100 avg_loss=3.395
[6932.2s] epoch 63 step 182150 avg_loss=3.410
[6933.9s] epoch 63 step 182200 avg_loss=3.412
[6935.7s] epoch 63 step 182250 avg_loss=3.410
[6937.4s] epoch 63 step 182300 avg_loss=3.415
[6938.9s] epoch 63 step 182350 avg_loss=3.419
[6940.7s] epoch 63 step 182400 avg_loss=3.432
[6942.5s] epoch 63 step 182450 avg_loss=3.429
[6945.5s] eval step=5750 train_avg_loss=3.439 dev_rank1_f1=0.3398 dev_edge_p=0.2949 dev_edge_r=0.4008
[6945.9s] epoch 63 step 182500 avg_loss=3.436
[6947.8s] epoch 63 step 182550 avg_loss=3.428
[6949.4s] epoch 63 step 182600 avg_loss=3.425
[6951.5s] epoch 63 step 182650 avg_loss=3.436
[6953.3s] epoch 63 step 182700 avg_loss=3.446
[6955.0s] epoch 63 step 182750 avg_loss=3.460
[6956.4s] === epoch 63 done: avg_loss=3.465 (n=2856 derivations) ===
[6957.0s] epoch 64 step 182800 avg_loss=3.318
[6958.7s] epoch 64 step 182850 avg_loss=3.185
[6960.7s] epoch 64 step 182900 avg_loss=3.013
[6962.5s] epoch 64 step 182950 avg_loss=3.124
[6964.1s] epoch 64 step 183000 avg_loss=3.084
[6965.9s] epoch 64 step 183050 avg_loss=3.057
[6968.0s] epoch 64 step 183100 avg_loss=3.027
[6969.9s] epoch 64 step 183150 avg_loss=2.954
[6971.6s] epoch 64 step 183200 avg_loss=2.931
[6973.6s] epoch 64 step 183250 avg_loss=2.951
[6975.4s] epoch 64 step 183300 avg_loss=2.984
[6977.4s] epoch 64 step 183350 avg_loss=3.030
[6979.4s] epoch 64 step 183400 avg_loss=3.027
[6981.3s] epoch 64 step 183450 avg_loss=3.093
[6983.3s] epoch 64 step 183500 avg_loss=3.114
[6984.9s] epoch 64 step 183550 avg_loss=3.099
[6987.0s] epoch 64 step 183600 avg_loss=3.141
[6989.2s] epoch 64 step 183650 avg_loss=3.159
[6990.8s] epoch 64 step 183700 avg_loss=3.166
[6992.6s] epoch 64 step 183750 avg_loss=3.158
[6994.3s] epoch 64 step 183800 avg_loss=3.137
[6995.9s] epoch 64 step 183850 avg_loss=3.164
[6997.6s] epoch 64 step 183900 avg_loss=3.172
[6999.7s] epoch 64 step 183950 avg_loss=3.168
[7001.4s] epoch 64 step 184000 avg_loss=3.196
[7003.2s] epoch 64 step 184050 avg_loss=3.186
[7004.9s] epoch 64 step 184100 avg_loss=3.200
[7006.4s] epoch 64 step 184150 avg_loss=3.214
[7008.2s] epoch 64 step 184200 avg_loss=3.233
[7010.1s] epoch 64 step 184250 avg_loss=3.245
[7011.9s] epoch 64 step 184300 avg_loss=3.263
[7013.7s] epoch 64 step 184350 avg_loss=3.267
[7015.8s] epoch 64 step 184400 avg_loss=3.273
[7017.6s] epoch 64 step 184450 avg_loss=3.273
[7019.5s] epoch 64 step 184500 avg_loss=3.265
[7021.4s] epoch 64 step 184550 avg_loss=3.282
[7023.5s] epoch 64 step 184600 avg_loss=3.290
[7025.1s] epoch 64 step 184650 avg_loss=3.302
[7026.9s] epoch 64 step 184700 avg_loss=3.325
[7028.8s] epoch 64 step 184750 avg_loss=3.342
[7030.5s] epoch 64 step 184800 avg_loss=3.343
[7032.6s] epoch 64 step 184850 avg_loss=3.340
[7034.3s] epoch 64 step 184900 avg_loss=3.361
[7036.2s] epoch 64 step 184950 avg_loss=3.360
[7038.4s] epoch 64 step 185000 avg_loss=3.382
[7040.1s] epoch 64 step 185050 avg_loss=3.381
[7042.0s] epoch 64 step 185100 avg_loss=3.387
[7043.9s] epoch 64 step 185150 avg_loss=3.385
[7045.7s] epoch 64 step 185200 avg_loss=3.389
[7047.3s] epoch 64 step 185250 avg_loss=3.395
[7049.2s] epoch 64 step 185300 avg_loss=3.403
[7051.0s] epoch 64 step 185350 avg_loss=3.410
[7052.7s] epoch 64 step 185400 avg_loss=3.414
[7054.5s] epoch 64 step 185450 avg_loss=3.429
[7056.3s] epoch 64 step 185500 avg_loss=3.429
[7057.9s] epoch 64 step 185550 avg_loss=3.434
[7059.7s] epoch 64 step 185600 avg_loss=3.432
[7061.1s] === epoch 64 done: avg_loss=3.426 (n=2856 derivations) ===
[7061.5s] epoch 65 step 185650 avg_loss=2.164
[7063.1s] epoch 65 step 185700 avg_loss=2.759
[7065.1s] epoch 65 step 185750 avg_loss=3.081
[7066.8s] epoch 65 step 185800 avg_loss=3.061
[7068.5s] epoch 65 step 185850 avg_loss=3.081
[7070.1s] epoch 65 step 185900 avg_loss=3.098
[7072.0s] epoch 65 step 185950 avg_loss=3.085
[7073.6s] epoch 65 step 186000 avg_loss=3.128
[7075.6s] epoch 65 step 186050 avg_loss=3.146
[7077.5s] epoch 65 step 186100 avg_loss=3.171
[7079.3s] epoch 65 step 186150 avg_loss=3.216
[7081.0s] epoch 65 step 186200 avg_loss=3.153
[7082.6s] epoch 65 step 186250 avg_loss=3.118
[7084.2s] epoch 65 step 186300 avg_loss=3.101
[7085.7s] epoch 65 step 186350 avg_loss=3.076
[7087.2s] epoch 65 step 186400 avg_loss=3.099
[7089.0s] epoch 65 step 186450 avg_loss=3.120
[7090.6s] epoch 65 step 186500 avg_loss=3.118
[7092.3s] epoch 65 step 186550 avg_loss=3.124
[7094.1s] epoch 65 step 186600 avg_loss=3.125
[7095.8s] epoch 65 step 186650 avg_loss=3.167
[7097.5s] epoch 65 step 186700 avg_loss=3.152
[7099.1s] epoch 65 step 186750 avg_loss=3.169
[7100.8s] epoch 65 step 186800 avg_loss=3.186
[7102.4s] epoch 65 step 186850 avg_loss=3.184
[7104.0s] epoch 65 step 186900 avg_loss=3.187
[7106.1s] epoch 65 step 186950 avg_loss=3.187
[7107.8s] epoch 65 step 187000 avg_loss=3.170
[7109.6s] epoch 65 step 187050 avg_loss=3.178
[7111.1s] epoch 65 step 187100 avg_loss=3.170
[7112.9s] epoch 65 step 187150 avg_loss=3.175
[7114.6s] epoch 65 step 187200 avg_loss=3.186
[7116.5s] epoch 65 step 187250 avg_loss=3.206
[7118.3s] epoch 65 step 187300 avg_loss=3.231
[7120.0s] epoch 65 step 187350 avg_loss=3.259
[7121.8s] epoch 65 step 187400 avg_loss=3.266
[7123.5s] epoch 65 step 187450 avg_loss=3.279
[7125.6s] epoch 65 step 187500 avg_loss=3.296
[7127.2s] epoch 65 step 187550 avg_loss=3.291
[7128.9s] epoch 65 step 187600 avg_loss=3.291
[7130.7s] epoch 65 step 187650 avg_loss=3.291
[7132.4s] epoch 65 step 187700 avg_loss=3.286
[7134.2s] epoch 65 step 187750 avg_loss=3.301
[7136.1s] epoch 65 step 187800 avg_loss=3.309
[7138.1s] epoch 65 step 187850 avg_loss=3.321
[7140.0s] epoch 65 step 187900 avg_loss=3.331
[7141.8s] epoch 65 step 187950 avg_loss=3.325
[7143.7s] epoch 65 step 188000 avg_loss=3.328
[7145.4s] epoch 65 step 188050 avg_loss=3.339
[7147.0s] epoch 65 step 188100 avg_loss=3.344
[7148.8s] epoch 65 step 188150 avg_loss=3.352
[7150.9s] epoch 65 step 188200 avg_loss=3.362
[7152.6s] epoch 65 step 188250 avg_loss=3.369
[7154.5s] epoch 65 step 188300 avg_loss=3.376
[7156.5s] epoch 65 step 188350 avg_loss=3.398
[7158.3s] epoch 65 step 188400 avg_loss=3.410
[7159.9s] epoch 65 step 188450 avg_loss=3.411
[7161.5s] === epoch 65 done: avg_loss=3.423 (n=2856 derivations) ===
[7161.7s] epoch 66 step 188500 avg_loss=2.307
[7163.7s] epoch 66 step 188550 avg_loss=2.297
[7165.5s] epoch 66 step 188600 avg_loss=2.779
[7167.3s] epoch 66 step 188650 avg_loss=2.927
[7169.0s] epoch 66 step 188700 avg_loss=3.014
[7171.0s] epoch 66 step 188750 avg_loss=3.101
[7172.8s] epoch 66 step 188800 avg_loss=3.108
[7174.7s] epoch 66 step 188850 avg_loss=3.132
[7176.9s] epoch 66 step 188900 avg_loss=3.101
[7178.7s] epoch 66 step 188950 avg_loss=3.085
[7180.3s] epoch 66 step 189000 avg_loss=3.097
[7182.6s] epoch 66 step 189050 avg_loss=3.068
[7184.6s] epoch 66 step 189100 avg_loss=3.063
[7186.5s] epoch 66 step 189150 avg_loss=3.068
[7188.4s] epoch 66 step 189200 avg_loss=3.078
[7190.1s] epoch 66 step 189250 avg_loss=3.075
[7192.0s] epoch 66 step 189300 avg_loss=3.147
[7193.6s] epoch 66 step 189350 avg_loss=3.138
[7195.5s] epoch 66 step 189400 avg_loss=3.134
[7197.3s] epoch 66 step 189450 avg_loss=3.132
[7199.1s] epoch 66 step 189500 avg_loss=3.125
[7200.7s] epoch 66 step 189550 avg_loss=3.110
[7202.7s] epoch 66 step 189600 avg_loss=3.128
[7204.6s] epoch 66 step 189650 avg_loss=3.153
[7206.6s] epoch 66 step 189700 avg_loss=3.171
[7208.1s] epoch 66 step 189750 avg_loss=3.167
[7209.9s] epoch 66 step 189800 avg_loss=3.143
[7211.8s] epoch 66 step 189850 avg_loss=3.158
[7213.4s] epoch 66 step 189900 avg_loss=3.151
[7215.2s] epoch 66 step 189950 avg_loss=3.159
[7217.1s] epoch 66 step 190000 avg_loss=3.178
[7218.7s] epoch 66 step 190050 avg_loss=3.183
[7220.5s] epoch 66 step 190100 avg_loss=3.195
[7222.6s] epoch 66 step 190150 avg_loss=3.227
[7224.2s] epoch 66 step 190200 avg_loss=3.248
[7226.2s] epoch 66 step 190250 avg_loss=3.258
[7227.9s] epoch 66 step 190300 avg_loss=3.253
[7229.7s] epoch 66 step 190350 avg_loss=3.255
[7231.4s] epoch 66 step 190400 avg_loss=3.263
[7233.5s] eval step=6000 train_avg_loss=3.266 dev_rank1_f1=0.3673 dev_edge_p=0.3319 dev_edge_r=0.4111
[7234.6s] epoch 66 step 190450 avg_loss=3.270
[7236.3s] epoch 66 step 190500 avg_loss=3.279
[7238.3s] epoch 66 step 190550 avg_loss=3.292
[7240.3s] epoch 66 step 190600 avg_loss=3.291
[7241.9s] epoch 66 step 190650 avg_loss=3.290
[7243.4s] epoch 66 step 190700 avg_loss=3.301
[7245.1s] epoch 66 step 190750 avg_loss=3.306
[7247.0s] epoch 66 step 190800 avg_loss=3.305
[7248.5s] epoch 66 step 190850 avg_loss=3.316
[7250.1s] epoch 66 step 190900 avg_loss=3.315
[7251.8s] epoch 66 step 190950 avg_loss=3.308
[7253.7s] epoch 66 step 191000 avg_loss=3.325
[7255.4s] epoch 66 step 191050 avg_loss=3.345
[7257.1s] epoch 66 step 191100 avg_loss=3.343
[7258.8s] epoch 66 step 191150 avg_loss=3.363
[7260.6s] epoch 66 step 191200 avg_loss=3.375
[7262.1s] epoch 66 step 191250 avg_loss=3.376
[7263.5s] epoch 66 step 191300 avg_loss=3.386
[7265.2s] epoch 66 step 191350 avg_loss=3.391
[7265.2s] === epoch 66 done: avg_loss=3.390 (n=2856 derivations) ===
[7266.9s] epoch 67 step 191400 avg_loss=2.592
[7268.9s] epoch 67 step 191450 avg_loss=2.895
[7270.4s] epoch 67 step 191500 avg_loss=2.950
[7272.2s] epoch 67 step 191550 avg_loss=2.952
[7274.0s] epoch 67 step 191600 avg_loss=2.918
[7275.9s] epoch 67 step 191650 avg_loss=2.964
[7277.9s] epoch 67 step 191700 avg_loss=3.012
[7279.5s] epoch 67 step 191750 avg_loss=2.968
[7281.2s] epoch 67 step 191800 avg_loss=2.962
[7282.9s] epoch 67 step 191850 avg_loss=2.987
[7284.9s] epoch 67 step 191900 avg_loss=2.973
[7286.9s] epoch 67 step 191950 avg_loss=2.988
[7288.6s] epoch 67 step 192000 avg_loss=2.986
[7290.5s] epoch 67 step 192050 avg_loss=3.023
[7292.4s] epoch 67 step 192100 avg_loss=3.064
[7294.3s] epoch 67 step 192150 avg_loss=3.080
[7296.1s] epoch 67 step 192200 avg_loss=3.073
[7298.2s] epoch 67 step 192250 avg_loss=3.103
[7300.1s] epoch 67 step 192300 avg_loss=3.127
[7301.7s] epoch 67 step 192350 avg_loss=3.133
[7303.1s] epoch 67 step 192400 avg_loss=3.148
[7305.2s] epoch 67 step 192450 avg_loss=3.190
[7307.2s] epoch 67 step 192500 avg_loss=3.186
[7308.9s] epoch 67 step 192550 avg_loss=3.206
[7310.8s] epoch 67 step 192600 avg_loss=3.197
[7312.6s] epoch 67 step 192650 avg_loss=3.188
[7314.6s] epoch 67 step 192700 avg_loss=3.194
[7316.5s] epoch 67 step 192750 avg_loss=3.206
[7318.1s] epoch 67 step 192800 avg_loss=3.201
[7319.9s] epoch 67 step 192850 avg_loss=3.215
[7321.7s] epoch 67 step 192900 avg_loss=3.224
[7323.3s] epoch 67 step 192950 avg_loss=3.223
[7325.1s] epoch 67 step 193000 avg_loss=3.227
[7326.9s] epoch 67 step 193050 avg_loss=3.257
[7328.7s] epoch 67 step 193100 avg_loss=3.267
[7330.6s] epoch 67 step 193150 avg_loss=3.270
[7332.4s] epoch 67 step 193200 avg_loss=3.271
[7334.2s] epoch 67 step 193250 avg_loss=3.280
[7336.2s] epoch 67 step 193300 avg_loss=3.295
[7337.9s] epoch 67 step 193350 avg_loss=3.308
[7339.7s] epoch 67 step 193400 avg_loss=3.313
[7341.6s] epoch 67 step 193450 avg_loss=3.322
[7343.1s] epoch 67 step 193500 avg_loss=3.321
[7345.0s] epoch 67 step 193550 avg_loss=3.327
[7346.8s] epoch 67 step 193600 avg_loss=3.331
[7348.5s] epoch 67 step 193650 avg_loss=3.321
[7350.3s] epoch 67 step 193700 avg_loss=3.336
[7352.2s] epoch 67 step 193750 avg_loss=3.328
[7354.5s] epoch 67 step 193800 avg_loss=3.338
[7356.4s] epoch 67 step 193850 avg_loss=3.334
[7358.6s] epoch 67 step 193900 avg_loss=3.349
[7360.4s] epoch 67 step 193950 avg_loss=3.351
[7362.4s] epoch 67 step 194000 avg_loss=3.354
[7364.1s] epoch 67 step 194050 avg_loss=3.355
[7365.9s] epoch 67 step 194100 avg_loss=3.366
[7368.2s] epoch 67 step 194150 avg_loss=3.376
[7369.9s] epoch 67 step 194200 avg_loss=3.376
[7370.3s] === epoch 67 done: avg_loss=3.379 (n=2856 derivations) ===
[7372.0s] epoch 68 step 194250 avg_loss=2.619
[7374.1s] epoch 68 step 194300 avg_loss=3.006
[7376.0s] epoch 68 step 194350 avg_loss=2.857
[7378.0s] epoch 68 step 194400 avg_loss=2.803
[7379.7s] epoch 68 step 194450 avg_loss=2.813
[7381.5s] epoch 68 step 194500 avg_loss=2.859
[7383.1s] epoch 68 step 194550 avg_loss=2.832
[7384.8s] epoch 68 step 194600 avg_loss=2.800
[7386.6s] epoch 68 step 194650 avg_loss=2.841
[7388.3s] epoch 68 step 194700 avg_loss=2.864
[7390.1s] epoch 68 step 194750 avg_loss=2.882
[7391.9s] epoch 68 step 194800 avg_loss=2.908
[7393.7s] epoch 68 step 194850 avg_loss=2.917
[7395.4s] epoch 68 step 194900 avg_loss=2.914
[7397.2s] epoch 68 step 194950 avg_loss=2.972
[7399.2s] epoch 68 step 195000 avg_loss=2.993
[7401.0s] epoch 68 step 195050 avg_loss=3.016
[7402.9s] epoch 68 step 195100 avg_loss=3.036
[7404.6s] epoch 68 step 195150 avg_loss=3.061
[7406.3s] epoch 68 step 195200 avg_loss=3.087
[7408.2s] epoch 68 step 195250 avg_loss=3.114
[7409.9s] epoch 68 step 195300 avg_loss=3.109
[7411.5s] epoch 68 step 195350 avg_loss=3.090
[7413.3s] epoch 68 step 195400 avg_loss=3.124
[7415.2s] epoch 68 step 195450 avg_loss=3.120
[7417.0s] epoch 68 step 195500 avg_loss=3.134
[7418.7s] epoch 68 step 195550 avg_loss=3.159
[7420.5s] epoch 68 step 195600 avg_loss=3.168
[7422.4s] epoch 68 step 195650 avg_loss=3.178
[7424.1s] epoch 68 step 195700 avg_loss=3.178
[7425.8s] epoch 68 step 195750 avg_loss=3.181
[7427.8s] epoch 68 step 195800 avg_loss=3.197
[7429.5s] epoch 68 step 195850 avg_loss=3.175
[7431.1s] epoch 68 step 195900 avg_loss=3.173
[7432.7s] epoch 68 step 195950 avg_loss=3.179
[7434.6s] epoch 68 step 196000 avg_loss=3.194
[7436.2s] epoch 68 step 196050 avg_loss=3.195
[7437.8s] epoch 68 step 196100 avg_loss=3.213
[7439.5s] epoch 68 step 196150 avg_loss=3.227
[7441.0s] epoch 68 step 196200 avg_loss=3.232
[7442.7s] epoch 68 step 196250 avg_loss=3.249
[7444.1s] epoch 68 step 196300 avg_loss=3.245
[7445.8s] epoch 68 step 196350 avg_loss=3.249
[7447.3s] epoch 68 step 196400 avg_loss=3.246
[7449.2s] epoch 68 step 196450 avg_loss=3.273
[7451.0s] epoch 68 step 196500 avg_loss=3.278
[7452.7s] epoch 68 step 196550 avg_loss=3.291
[7454.4s] epoch 68 step 196600 avg_loss=3.291
[7456.3s] epoch 68 step 196650 avg_loss=3.313
[7458.1s] epoch 68 step 196700 avg_loss=3.329
[7459.8s] epoch 68 step 196750 avg_loss=3.337
[7461.9s] epoch 68 step 196800 avg_loss=3.335
[7463.8s] epoch 68 step 196850 avg_loss=3.355
[7465.7s] epoch 68 step 196900 avg_loss=3.358
[7467.7s] epoch 68 step 196950 avg_loss=3.354
[7469.5s] epoch 68 step 197000 avg_loss=3.358
[7471.2s] epoch 68 step 197050 avg_loss=3.358
[7471.8s] === epoch 68 done: avg_loss=3.361 (n=2856 derivations) ===
[7472.8s] epoch 69 step 197100 avg_loss=2.636
[7474.2s] epoch 69 step 197150 avg_loss=2.499
[7476.0s] epoch 69 step 197200 avg_loss=2.814
[7477.7s] epoch 69 step 197250 avg_loss=2.856
[7479.5s] epoch 69 step 197300 avg_loss=2.831
[7481.1s] epoch 69 step 197350 avg_loss=2.920
[7482.8s] epoch 69 step 197400 avg_loss=2.979
[7484.6s] epoch 69 step 197450 avg_loss=2.944
[7486.6s] epoch 69 step 197500 avg_loss=2.973
[7488.1s] epoch 69 step 197550 avg_loss=3.004
[7490.0s] epoch 69 step 197600 avg_loss=3.039
[7491.5s] epoch 69 step 197650 avg_loss=3.034
[7493.2s] epoch 69 step 197700 avg_loss=3.040
[7494.8s] epoch 69 step 197750 avg_loss=3.056
[7496.4s] epoch 69 step 197800 avg_loss=3.051
[7498.1s] epoch 69 step 197850 avg_loss=3.083
[7500.1s] epoch 69 step 197900 avg_loss=3.136
[7502.0s] epoch 69 step 197950 avg_loss=3.177
[7504.0s] epoch 69 step 198000 avg_loss=3.166
[7506.1s] epoch 69 step 198050 avg_loss=3.183
[7508.2s] epoch 69 step 198100 avg_loss=3.185
[7510.2s] epoch 69 step 198150 avg_loss=3.203
[7512.0s] epoch 69 step 198200 avg_loss=3.166
[7513.9s] epoch 69 step 198250 avg_loss=3.187
[7515.8s] epoch 69 step 198300 avg_loss=3.200
[7518.9s] eval step=6250 train_avg_loss=3.192 dev_rank1_f1=0.3720 dev_edge_p=0.3393 dev_edge_r=0.4115
[7519.2s] epoch 69 step 198350 avg_loss=3.208
[7520.7s] epoch 69 step 198400 avg_loss=3.208
[7522.3s] epoch 69 step 198450 avg_loss=3.214
[7524.1s] epoch 69 step 198500 avg_loss=3.218
[7525.9s] epoch 69 step 198550 avg_loss=3.214
[7527.7s] epoch 69 step 198600 avg_loss=3.220
[7529.4s] epoch 69 step 198650 avg_loss=3.214
[7531.3s] epoch 69 step 198700 avg_loss=3.213
[7533.4s] epoch 69 step 198750 avg_loss=3.238
[7535.3s] epoch 69 step 198800 avg_loss=3.241
[7537.4s] epoch 69 step 198850 avg_loss=3.256
[7539.4s] epoch 69 step 198900 avg_loss=3.274
[7541.2s] epoch 69 step 198950 avg_loss=3.313
[7542.8s] epoch 69 step 199000 avg_loss=3.321
[7544.4s] epoch 69 step 199050 avg_loss=3.315
