[   0.0s] loading gold from runs/encoder_gold_v4b_margin.jsonl
[   0.2s] 986 gold records
[   0.2s] holdout mode: 98 held-out sentences, pool=790, train subset=788 (subset_seed=0)
[   0.2s] loading USVS from /home/user/NAOMI/consciousness_transformer/data/usvs
[  14.0s] USVS loaded: 117679 senses, d_axes=607
[  14.0s] pos_vocab=15 role_vocab=40
[  14.0s] policy params: 343,495 (~1.374 MB fp32)
[  14.0s] building features + derivations for 788 train records
[  14.8s] 1106 teacher-forced derivations
[  15.5s] dev-holdout eval targets from runs/encoder_gold_v2.jsonl: matched=98 missing=0
[  18.6s] epoch 0 step 50 avg_loss=106.547
[  20.8s] epoch 0 step 100 avg_loss=108.370
[  23.0s] epoch 0 step 150 avg_loss=105.546
[  24.8s] epoch 0 step 200 avg_loss=101.338
[  27.1s] epoch 0 step 250 avg_loss=99.039
[  29.0s] epoch 0 step 300 avg_loss=94.763
[  31.3s] epoch 0 step 350 avg_loss=91.282
[  33.3s] epoch 0 step 400 avg_loss=88.611
[  35.6s] epoch 0 step 450 avg_loss=87.466
[  37.7s] epoch 0 step 500 avg_loss=85.398
[  40.5s] epoch 0 step 550 avg_loss=83.438
[  43.0s] epoch 0 step 600 avg_loss=81.479
[  45.3s] epoch 0 step 650 avg_loss=79.467
[  47.9s] epoch 0 step 700 avg_loss=78.349
[  50.1s] epoch 0 step 750 avg_loss=76.739
[  52.4s] epoch 0 step 800 avg_loss=75.722
[  54.8s] epoch 0 step 850 avg_loss=74.729
[  57.1s] epoch 0 step 900 avg_loss=73.338
[  59.6s] epoch 0 step 950 avg_loss=72.725
[  62.3s] epoch 0 step 1000 avg_loss=71.961
[  64.5s] epoch 0 step 1050 avg_loss=70.949
[  66.8s] epoch 0 step 1100 avg_loss=70.260
[  67.0s] === epoch 0 done: avg_loss=70.139 (n=1106 derivations) ===
[  69.3s] epoch 1 step 1150 avg_loss=48.894
[  71.8s] epoch 1 step 1200 avg_loss=49.984
[  74.4s] epoch 1 step 1250 avg_loss=51.047
[  76.9s] epoch 1 step 1300 avg_loss=50.958
[  79.5s] epoch 1 step 1350 avg_loss=50.710
[  81.9s] epoch 1 step 1400 avg_loss=49.655
[  84.0s] epoch 1 step 1450 avg_loss=49.104
[  86.2s] epoch 1 step 1500 avg_loss=49.024
[  88.4s] epoch 1 step 1550 avg_loss=48.180
[  90.8s] epoch 1 step 1600 avg_loss=48.227
[  93.0s] epoch 1 step 1650 avg_loss=47.558
[  95.1s] epoch 1 step 1700 avg_loss=47.415
[  97.3s] epoch 1 step 1750 avg_loss=47.258
[  99.3s] epoch 1 step 1800 avg_loss=46.983
[ 101.6s] epoch 1 step 1850 avg_loss=46.775
[ 104.0s] epoch 1 step 1900 avg_loss=46.484
[ 106.1s] epoch 1 step 1950 avg_loss=46.335
[ 108.7s] epoch 1 step 2000 avg_loss=46.459
[ 111.1s] epoch 1 step 2050 avg_loss=46.439
[ 113.3s] epoch 1 step 2100 avg_loss=46.086
[ 115.3s] epoch 1 step 2150 avg_loss=45.782
[ 117.6s] epoch 1 step 2200 avg_loss=45.804
[ 118.1s] === epoch 1 done: avg_loss=45.770 (n=1106 derivations) ===
[ 119.6s] epoch 2 step 2250 avg_loss=44.512
[ 121.8s] epoch 2 step 2300 avg_loss=42.229
[ 123.8s] epoch 2 step 2350 avg_loss=41.690
[ 125.9s] epoch 2 step 2400 avg_loss=42.260
[ 128.1s] epoch 2 step 2450 avg_loss=40.812
[ 130.1s] epoch 2 step 2500 avg_loss=39.642
[ 132.2s] epoch 2 step 2550 avg_loss=38.227
[ 134.6s] epoch 2 step 2600 avg_loss=38.367
[ 137.2s] epoch 2 step 2650 avg_loss=38.249
[ 139.6s] epoch 2 step 2700 avg_loss=38.033
[ 142.1s] epoch 2 step 2750 avg_loss=38.078
[ 144.8s] epoch 2 step 2800 avg_loss=38.388
[ 147.1s] epoch 2 step 2850 avg_loss=38.249
[ 149.5s] epoch 2 step 2900 avg_loss=38.279
[ 152.2s] epoch 2 step 2950 avg_loss=38.529
[ 154.5s] epoch 2 step 3000 avg_loss=38.593
[ 156.8s] epoch 2 step 3050 avg_loss=38.381
[ 159.2s] epoch 2 step 3100 avg_loss=38.216
[ 161.8s] epoch 2 step 3150 avg_loss=38.306
[ 164.2s] epoch 2 step 3200 avg_loss=38.290
[ 166.9s] epoch 2 step 3250 avg_loss=38.165
[ 169.5s] epoch 2 step 3300 avg_loss=38.211
[ 170.6s] === epoch 2 done: avg_loss=38.267 (n=1106 derivations) ===
[ 172.5s] epoch 3 step 3350 avg_loss=38.495
[ 175.4s] epoch 3 step 3400 avg_loss=37.589
[ 177.8s] epoch 3 step 3450 avg_loss=36.401
[ 180.4s] epoch 3 step 3500 avg_loss=35.872
[ 182.7s] epoch 3 step 3550 avg_loss=34.531
[ 185.1s] epoch 3 step 3600 avg_loss=34.132
[ 187.4s] epoch 3 step 3650 avg_loss=33.737
[ 189.7s] epoch 3 step 3700 avg_loss=33.423
[ 192.1s] epoch 3 step 3750 avg_loss=33.822
[ 194.7s] epoch 3 step 3800 avg_loss=33.925
[ 197.2s] epoch 3 step 3850 avg_loss=34.812
[ 199.6s] epoch 3 step 3900 avg_loss=34.581
[ 201.6s] epoch 3 step 3950 avg_loss=34.254
[ 203.8s] epoch 3 step 4000 avg_loss=33.879
[ 206.2s] epoch 3 step 4050 avg_loss=33.859
[ 208.7s] epoch 3 step 4100 avg_loss=33.645
[ 211.3s] epoch 3 step 4150 avg_loss=33.468
[ 214.0s] epoch 3 step 4200 avg_loss=33.539
[ 216.3s] epoch 3 step 4250 avg_loss=33.565
[ 218.7s] epoch 3 step 4300 avg_loss=33.638
[ 221.3s] epoch 3 step 4350 avg_loss=33.836
[ 223.6s] epoch 3 step 4400 avg_loss=33.700
[ 224.8s] === epoch 3 done: avg_loss=33.786 (n=1106 derivations) ===
[ 226.1s] epoch 4 step 4450 avg_loss=31.476
[ 228.5s] epoch 4 step 4500 avg_loss=32.000
[ 231.1s] epoch 4 step 4550 avg_loss=31.721
[ 233.6s] epoch 4 step 4600 avg_loss=31.546
[ 236.1s] epoch 4 step 4650 avg_loss=31.032
[ 238.4s] epoch 4 step 4700 avg_loss=30.406
[ 240.7s] epoch 4 step 4750 avg_loss=30.362
[ 243.2s] epoch 4 step 4800 avg_loss=31.270
[ 245.4s] epoch 4 step 4850 avg_loss=31.145
[ 247.5s] epoch 4 step 4900 avg_loss=30.542
[ 250.1s] epoch 4 step 4950 avg_loss=30.755
[ 252.6s] epoch 4 step 5000 avg_loss=31.101
[ 254.9s] epoch 4 step 5050 avg_loss=31.180
[ 257.5s] epoch 4 step 5100 avg_loss=31.602
[ 259.7s] epoch 4 step 5150 avg_loss=31.323
[ 262.2s] epoch 4 step 5200 avg_loss=31.456
[ 264.5s] epoch 4 step 5250 avg_loss=31.254
[ 266.6s] epoch 4 step 5300 avg_loss=31.033
[ 268.9s] epoch 4 step 5350 avg_loss=30.986
[ 271.5s] epoch 4 step 5400 avg_loss=31.256
[ 273.8s] epoch 4 step 5450 avg_loss=31.154
[ 275.6s] epoch 4 step 5500 avg_loss=30.722
[ 277.1s] === epoch 4 done: avg_loss=30.746 (n=1106 derivations) ===
[ 277.8s] epoch 5 step 5550 avg_loss=17.945
[ 280.6s] epoch 5 step 5600 avg_loss=28.163
[ 283.1s] epoch 5 step 5650 avg_loss=29.403
[ 285.7s] epoch 5 step 5700 avg_loss=29.401
[ 288.0s] epoch 5 step 5750 avg_loss=29.481
[ 290.3s] epoch 5 step 5800 avg_loss=28.617
[ 292.6s] epoch 5 step 5850 avg_loss=28.861
[ 295.2s] epoch 5 step 5900 avg_loss=28.827
[ 297.8s] epoch 5 step 5950 avg_loss=29.527
[ 300.1s] epoch 5 step 6000 avg_loss=29.161
[ 302.3s] epoch 5 step 6050 avg_loss=29.384
[ 304.6s] epoch 5 step 6100 avg_loss=29.072
[ 306.8s] epoch 5 step 6150 avg_loss=28.632
[ 309.1s] epoch 5 step 6200 avg_loss=28.535
[ 311.2s] epoch 5 step 6250 avg_loss=28.424
[ 313.7s] epoch 5 step 6300 avg_loss=28.543
[ 316.3s] epoch 5 step 6350 avg_loss=28.667
[ 318.5s] epoch 5 step 6400 avg_loss=28.385
[ 321.3s] epoch 5 step 6450 avg_loss=28.380
[ 323.7s] epoch 5 step 6500 avg_loss=28.405
[ 326.4s] epoch 5 step 6550 avg_loss=28.640
[ 328.9s] epoch 5 step 6600 avg_loss=28.546
[ 330.5s] === epoch 5 done: avg_loss=28.420 (n=1106 derivations) ===
[ 331.2s] epoch 6 step 6650 avg_loss=29.344
[ 333.5s] epoch 6 step 6700 avg_loss=26.080
[ 335.8s] epoch 6 step 6750 avg_loss=24.294
[ 338.4s] epoch 6 step 6800 avg_loss=26.214
[ 340.9s] epoch 6 step 6850 avg_loss=26.033
[ 343.0s] epoch 6 step 6900 avg_loss=25.381
[ 345.3s] epoch 6 step 6950 avg_loss=25.717
[ 347.7s] epoch 6 step 7000 avg_loss=25.141
[ 349.9s] epoch 6 step 7050 avg_loss=25.593
[ 352.3s] epoch 6 step 7100 avg_loss=25.669
[ 355.0s] epoch 6 step 7150 avg_loss=26.512
[ 357.7s] epoch 6 step 7200 avg_loss=26.501
[ 360.0s] epoch 6 step 7250 avg_loss=26.480
[ 362.7s] epoch 6 step 7300 avg_loss=26.505
[ 365.3s] epoch 6 step 7350 avg_loss=26.282
[ 368.0s] epoch 6 step 7400 avg_loss=26.368
[ 370.2s] epoch 6 step 7450 avg_loss=26.186
[ 372.8s] epoch 6 step 7500 avg_loss=26.446
[ 375.4s] epoch 6 step 7550 avg_loss=26.695
[ 378.3s] epoch 6 step 7600 avg_loss=26.816
[ 380.8s] epoch 6 step 7650 avg_loss=26.726
[ 382.9s] epoch 6 step 7700 avg_loss=26.375
[ 385.0s] === epoch 6 done: avg_loss=26.458 (n=1106 derivations) ===
[ 385.4s] epoch 7 step 7750 avg_loss=29.743
[ 387.5s] epoch 7 step 7800 avg_loss=22.301
[ 389.9s] epoch 7 step 7850 avg_loss=24.227
[ 392.1s] epoch 7 step 7900 avg_loss=23.725
[ 394.6s] eval step=250 train_avg_loss=23.735 dev_rank1_f1=0.2956 dev_edge_p=0.2630 dev_edge_r=0.3375
[ 396.8s] epoch 7 step 7950 avg_loss=23.309
[ 399.1s] epoch 7 step 8000 avg_loss=23.099
[ 401.5s] epoch 7 step 8050 avg_loss=22.971
[ 404.3s] epoch 7 step 8100 avg_loss=23.520
[ 407.0s] epoch 7 step 8150 avg_loss=23.453
[ 409.7s] epoch 7 step 8200 avg_loss=23.470
[ 412.1s] epoch 7 step 8250 avg_loss=23.330
[ 414.7s] epoch 7 step 8300 avg_loss=23.622
[ 416.7s] epoch 7 step 8350 avg_loss=22.917
[ 419.2s] epoch 7 step 8400 avg_loss=23.406
[ 421.9s] epoch 7 step 8450 avg_loss=24.092
[ 424.6s] epoch 7 step 8500 avg_loss=24.238
[ 426.9s] epoch 7 step 8550 avg_loss=24.423
[ 429.2s] epoch 7 step 8600 avg_loss=24.414
[ 431.7s] epoch 7 step 8650 avg_loss=24.392
[ 434.3s] epoch 7 step 8700 avg_loss=24.601
[ 436.7s] epoch 7 step 8750 avg_loss=24.587
[ 439.4s] epoch 7 step 8800 avg_loss=24.732
[ 441.6s] === epoch 7 done: avg_loss=24.851 (n=1106 derivations) ===
[ 441.8s] epoch 8 step 8850 avg_loss=48.971
[ 443.8s] epoch 8 step 8900 avg_loss=19.713
[ 446.0s] epoch 8 step 8950 avg_loss=20.142
[ 448.3s] epoch 8 step 9000 avg_loss=20.758
[ 450.3s] epoch 8 step 9050 avg_loss=21.329
[ 452.6s] epoch 8 step 9100 avg_loss=21.078
[ 455.3s] epoch 8 step 9150 avg_loss=22.248
[ 457.7s] epoch 8 step 9200 avg_loss=22.727
[ 460.0s] epoch 8 step 9250 avg_loss=22.578
[ 462.2s] epoch 8 step 9300 avg_loss=22.606
[ 464.6s] epoch 8 step 9350 avg_loss=22.505
[ 467.0s] epoch 8 step 9400 avg_loss=22.494
[ 469.7s] epoch 8 step 9450 avg_loss=23.243
[ 472.3s] epoch 8 step 9500 avg_loss=23.425
[ 474.7s] epoch 8 step 9550 avg_loss=23.582
[ 477.1s] epoch 8 step 9600 avg_loss=23.654
[ 479.3s] epoch 8 step 9650 avg_loss=23.708
[ 481.7s] epoch 8 step 9700 avg_loss=23.451
[ 484.0s] epoch 8 step 9750 avg_loss=23.241
[ 486.4s] epoch 8 step 9800 avg_loss=23.479
[ 488.7s] epoch 8 step 9850 avg_loss=23.493
[ 491.2s] epoch 8 step 9900 avg_loss=23.542
[ 493.3s] epoch 8 step 9950 avg_loss=23.363
[ 493.6s] === epoch 8 done: avg_loss=23.361 (n=1106 derivations) ===
[ 496.1s] epoch 9 step 10000 avg_loss=27.428
[ 498.4s] epoch 9 step 10050 avg_loss=23.457
[ 500.6s] epoch 9 step 10100 avg_loss=22.943
[ 502.7s] epoch 9 step 10150 avg_loss=21.945
[ 504.9s] epoch 9 step 10200 avg_loss=21.576
[ 507.3s] epoch 9 step 10250 avg_loss=21.714
[ 509.6s] epoch 9 step 10300 avg_loss=22.068
[ 512.3s] epoch 9 step 10350 avg_loss=21.852
[ 514.8s] epoch 9 step 10400 avg_loss=21.930
[ 517.5s] epoch 9 step 10450 avg_loss=21.934
[ 519.9s] epoch 9 step 10500 avg_loss=21.945
[ 522.1s] epoch 9 step 10550 avg_loss=21.840
[ 524.5s] epoch 9 step 10600 avg_loss=21.495
[ 527.2s] epoch 9 step 10650 avg_loss=21.672
[ 529.5s] epoch 9 step 10700 avg_loss=21.563
[ 532.0s] epoch 9 step 10750 avg_loss=21.581
[ 534.3s] epoch 9 step 10800 avg_loss=21.588
[ 536.7s] epoch 9 step 10850 avg_loss=21.626
[ 539.2s] epoch 9 step 10900 avg_loss=21.649
[ 541.5s] epoch 9 step 10950 avg_loss=21.727
[ 544.0s] epoch 9 step 11000 avg_loss=21.856
[ 546.5s] epoch 9 step 11050 avg_loss=22.035
[ 546.9s] === epoch 9 done: avg_loss=22.064 (n=1106 derivations) ===
[ 548.8s] epoch 10 step 11100 avg_loss=22.070
[ 551.1s] epoch 10 step 11150 avg_loss=20.016
[ 553.3s] epoch 10 step 11200 avg_loss=20.686
[ 555.9s] epoch 10 step 11250 avg_loss=21.400
[ 558.4s] epoch 10 step 11300 avg_loss=21.792
[ 560.8s] epoch 10 step 11350 avg_loss=22.059
[ 563.4s] epoch 10 step 11400 avg_loss=21.620
[ 565.6s] epoch 10 step 11450 avg_loss=21.101
[ 567.8s] epoch 10 step 11500 avg_loss=20.962
[ 569.9s] epoch 10 step 11550 avg_loss=21.004
[ 572.2s] epoch 10 step 11600 avg_loss=21.078
[ 574.6s] epoch 10 step 11650 avg_loss=21.390
[ 576.8s] epoch 10 step 11700 avg_loss=21.313
[ 579.1s] epoch 10 step 11750 avg_loss=21.057
[ 581.7s] epoch 10 step 11800 avg_loss=21.061
[ 584.3s] epoch 10 step 11850 avg_loss=20.884
[ 586.6s] epoch 10 step 11900 avg_loss=20.795
[ 589.0s] epoch 10 step 11950 avg_loss=20.750
[ 591.8s] epoch 10 step 12000 avg_loss=20.794
[ 594.4s] epoch 10 step 12050 avg_loss=20.889
[ 597.0s] epoch 10 step 12100 avg_loss=20.716
[ 599.1s] epoch 10 step 12150 avg_loss=20.661
[ 599.9s] === epoch 10 done: avg_loss=20.716 (n=1106 derivations) ===
[ 601.9s] epoch 11 step 12200 avg_loss=28.314
[ 604.4s] epoch 11 step 12250 avg_loss=21.702
[ 606.8s] epoch 11 step 12300 avg_loss=21.684
[ 609.4s] epoch 11 step 12350 avg_loss=21.244
[ 611.5s] epoch 11 step 12400 avg_loss=20.025
[ 613.8s] epoch 11 step 12450 avg_loss=19.560
[ 616.5s] epoch 11 step 12500 avg_loss=19.318
[ 619.0s] epoch 11 step 12550 avg_loss=19.191
[ 621.3s] epoch 11 step 12600 avg_loss=19.291
[ 624.1s] epoch 11 step 12650 avg_loss=19.722
[ 626.0s] epoch 11 step 12700 avg_loss=19.169
[ 628.2s] epoch 11 step 12750 avg_loss=19.114
[ 630.9s] epoch 11 step 12800 avg_loss=19.284
[ 633.2s] epoch 11 step 12850 avg_loss=19.344
[ 635.5s] epoch 11 step 12900 avg_loss=19.209
[ 638.1s] epoch 11 step 12950 avg_loss=19.484
[ 640.3s] epoch 11 step 13000 avg_loss=19.479
[ 642.6s] epoch 11 step 13050 avg_loss=19.454
[ 644.8s] epoch 11 step 13100 avg_loss=19.635
[ 647.3s] epoch 11 step 13150 avg_loss=19.701
[ 649.5s] epoch 11 step 13200 avg_loss=19.536
[ 652.0s] epoch 11 step 13250 avg_loss=19.457
[ 653.1s] === epoch 11 done: avg_loss=19.441 (n=1106 derivations) ===
[ 654.5s] epoch 12 step 13300 avg_loss=19.688
[ 657.0s] epoch 12 step 13350 avg_loss=18.355
[ 659.6s] epoch 12 step 13400 avg_loss=17.537
[ 661.8s] epoch 12 step 13450 avg_loss=17.867
[ 664.2s] epoch 12 step 13500 avg_loss=18.272
[ 666.5s] epoch 12 step 13550 avg_loss=18.358
[ 668.8s] epoch 12 step 13600 avg_loss=18.134
[ 671.2s] epoch 12 step 13650 avg_loss=18.194
[ 673.3s] epoch 12 step 13700 avg_loss=17.793
[ 675.9s] epoch 12 step 13750 avg_loss=17.660
[ 678.7s] epoch 12 step 13800 avg_loss=17.971
[ 681.1s] epoch 12 step 13850 avg_loss=17.897
[ 683.2s] epoch 12 step 13900 avg_loss=17.574
[ 685.9s] epoch 12 step 13950 avg_loss=17.827
[ 688.1s] epoch 12 step 14000 avg_loss=17.668
[ 690.6s] epoch 12 step 14050 avg_loss=17.817
[ 693.4s] epoch 12 step 14100 avg_loss=18.079
[ 696.1s] epoch 12 step 14150 avg_loss=18.129
[ 698.6s] epoch 12 step 14200 avg_loss=17.962
[ 700.9s] epoch 12 step 14250 avg_loss=18.081
[ 703.8s] epoch 12 step 14300 avg_loss=18.354
[ 706.2s] epoch 12 step 14350 avg_loss=18.289
[ 707.5s] === epoch 12 done: avg_loss=18.331 (n=1106 derivations) ===
[ 708.6s] epoch 13 step 14400 avg_loss=17.206
[ 711.0s] epoch 13 step 14450 avg_loss=17.404
[ 713.3s] epoch 13 step 14500 avg_loss=15.853
[ 715.7s] epoch 13 step 14550 avg_loss=16.793
[ 718.3s] epoch 13 step 14600 avg_loss=16.712
[ 720.5s] epoch 13 step 14650 avg_loss=16.313
[ 722.7s] epoch 13 step 14700 avg_loss=16.270
[ 725.0s] epoch 13 step 14750 avg_loss=16.336
[ 727.2s] epoch 13 step 14800 avg_loss=16.141
[ 729.9s] epoch 13 step 14850 avg_loss=16.297
[ 732.5s] epoch 13 step 14900 avg_loss=16.375
[ 735.1s] epoch 13 step 14950 avg_loss=16.541
[ 737.1s] epoch 13 step 15000 avg_loss=16.404
[ 739.7s] epoch 13 step 15050 avg_loss=16.666
[ 742.3s] epoch 13 step 15100 avg_loss=16.943
[ 745.0s] epoch 13 step 15150 avg_loss=17.036
[ 747.3s] epoch 13 step 15200 avg_loss=17.101
[ 749.4s] epoch 13 step 15250 avg_loss=17.063
[ 751.6s] epoch 13 step 15300 avg_loss=17.151
[ 754.0s] epoch 13 step 15350 avg_loss=17.255
[ 756.1s] epoch 13 step 15400 avg_loss=17.302
[ 758.7s] epoch 13 step 15450 avg_loss=17.327
[ 760.2s] === epoch 13 done: avg_loss=17.251 (n=1106 derivations) ===
[ 761.1s] epoch 14 step 15500 avg_loss=16.302
[ 763.6s] epoch 14 step 15550 avg_loss=17.761
[ 766.0s] epoch 14 step 15600 avg_loss=16.290
[ 768.4s] epoch 14 step 15650 avg_loss=15.879
[ 770.7s] epoch 14 step 15700 avg_loss=16.183
[ 772.9s] epoch 14 step 15750 avg_loss=15.493
[ 775.2s] epoch 14 step 15800 avg_loss=15.721
[ 777.4s] eval step=500 train_avg_loss=15.747 dev_rank1_f1=0.3249 dev_edge_p=0.2774 dev_edge_r=0.3920
[ 779.6s] epoch 14 step 15850 avg_loss=16.001
[ 781.8s] epoch 14 step 15900 avg_loss=15.859
[ 784.3s] epoch 14 step 15950 avg_loss=15.492
[ 786.5s] epoch 14 step 16000 avg_loss=15.655
[ 789.0s] epoch 14 step 16050 avg_loss=15.517
[ 791.5s] epoch 14 step 16100 avg_loss=15.739
[ 794.0s] epoch 14 step 16150 avg_loss=15.916
[ 796.4s] epoch 14 step 16200 avg_loss=16.030
[ 798.7s] epoch 14 step 16250 avg_loss=16.068
[ 801.4s] epoch 14 step 16300 avg_loss=16.147
[ 803.7s] epoch 14 step 16350 avg_loss=16.161
[ 805.9s] epoch 14 step 16400 avg_loss=16.017
[ 808.4s] epoch 14 step 16450 avg_loss=16.226
[ 810.8s] epoch 14 step 16500 avg_loss=16.302
[ 812.9s] epoch 14 step 16550 avg_loss=16.173
[ 815.2s] === epoch 14 done: avg_loss=16.221 (n=1106 derivations) ===
[ 815.7s] epoch 15 step 16600 avg_loss=13.411
[ 818.4s] epoch 15 step 16650 avg_loss=20.511
[ 820.8s] epoch 15 step 16700 avg_loss=17.819
[ 823.0s] epoch 15 step 16750 avg_loss=16.981
[ 825.3s] epoch 15 step 16800 avg_loss=16.362
[ 827.4s] epoch 15 step 16850 avg_loss=16.037
[ 830.1s] epoch 15 step 16900 avg_loss=16.018
[ 832.5s] epoch 15 step 16950 avg_loss=15.745
[ 835.1s] epoch 15 step 17000 avg_loss=15.850
[ 837.1s] epoch 15 step 17050 avg_loss=15.802
[ 839.4s] epoch 15 step 17100 avg_loss=15.795
[ 841.3s] epoch 15 step 17150 avg_loss=15.503
[ 843.1s] epoch 15 step 17200 avg_loss=15.235
[ 845.4s] epoch 15 step 17250 avg_loss=15.218
[ 847.2s] epoch 15 step 17300 avg_loss=14.929
[ 849.3s] epoch 15 step 17350 avg_loss=14.813
[ 851.5s] epoch 15 step 17400 avg_loss=14.924
[ 853.5s] epoch 15 step 17450 avg_loss=15.016
[ 855.9s] epoch 15 step 17500 avg_loss=15.211
[ 858.3s] epoch 15 step 17550 avg_loss=15.283
[ 860.4s] epoch 15 step 17600 avg_loss=15.304
[ 862.5s] epoch 15 step 17650 avg_loss=15.351
[ 864.2s] === epoch 15 done: avg_loss=15.248 (n=1106 derivations) ===
[ 864.3s] epoch 16 step 17700 avg_loss=24.557
[ 866.4s] epoch 16 step 17750 avg_loss=15.923
[ 868.5s] epoch 16 step 17800 avg_loss=14.843
[ 870.6s] epoch 16 step 17850 avg_loss=14.947
[ 872.5s] epoch 16 step 17900 avg_loss=14.297
[ 874.9s] epoch 16 step 17950 avg_loss=14.305
[ 876.9s] epoch 16 step 18000 avg_loss=14.090
[ 879.2s] epoch 16 step 18050 avg_loss=14.005
[ 881.2s] epoch 16 step 18100 avg_loss=13.882
[ 883.4s] epoch 16 step 18150 avg_loss=13.564
[ 885.6s] epoch 16 step 18200 avg_loss=13.708
[ 887.5s] epoch 16 step 18250 avg_loss=13.507
[ 889.7s] epoch 16 step 18300 avg_loss=13.582
[ 891.8s] epoch 16 step 18350 avg_loss=14.023
[ 894.0s] epoch 16 step 18400 avg_loss=14.249
[ 896.3s] epoch 16 step 18450 avg_loss=14.360
[ 898.4s] epoch 16 step 18500 avg_loss=14.338
[ 900.5s] epoch 16 step 18550 avg_loss=14.250
[ 902.6s] epoch 16 step 18600 avg_loss=14.244
[ 905.0s] epoch 16 step 18650 avg_loss=14.396
[ 907.0s] epoch 16 step 18700 avg_loss=14.405
[ 909.1s] epoch 16 step 18750 avg_loss=14.376
[ 911.2s] epoch 16 step 18800 avg_loss=14.270
[ 911.4s] === epoch 16 done: avg_loss=14.318 (n=1106 derivations) ===
[ 913.4s] epoch 17 step 18850 avg_loss=12.779
[ 915.5s] epoch 17 step 18900 avg_loss=13.176
[ 917.6s] epoch 17 step 18950 avg_loss=13.263
[ 919.7s] epoch 17 step 19000 avg_loss=13.678
[ 921.8s] epoch 17 step 19050 avg_loss=13.535
[ 923.9s] epoch 17 step 19100 avg_loss=13.240
[ 926.0s] epoch 17 step 19150 avg_loss=13.144
[ 928.4s] epoch 17 step 19200 avg_loss=13.115
[ 930.5s] epoch 17 step 19250 avg_loss=13.324
[ 932.9s] epoch 17 step 19300 avg_loss=13.179
[ 935.1s] epoch 17 step 19350 avg_loss=13.458
[ 937.1s] epoch 17 step 19400 avg_loss=13.385
[ 939.5s] epoch 17 step 19450 avg_loss=13.376
[ 941.8s] epoch 17 step 19500 avg_loss=13.417
[ 944.2s] epoch 17 step 19550 avg_loss=13.404
[ 946.6s] epoch 17 step 19600 avg_loss=13.373
[ 949.0s] epoch 17 step 19650 avg_loss=13.350
[ 951.1s] epoch 17 step 19700 avg_loss=13.341
[ 953.5s] epoch 17 step 19750 avg_loss=13.314
[ 955.5s] epoch 17 step 19800 avg_loss=13.366
[ 957.7s] epoch 17 step 19850 avg_loss=13.321
[ 960.0s] epoch 17 step 19900 avg_loss=13.413
[ 960.3s] === epoch 17 done: avg_loss=13.408 (n=1106 derivations) ===
[ 962.1s] epoch 18 step 19950 avg_loss=10.210
[ 964.2s] epoch 18 step 20000 avg_loss=11.872
[ 966.4s] epoch 18 step 20050 avg_loss=11.619
[ 968.8s] epoch 18 step 20100 avg_loss=12.434
[ 971.0s] epoch 18 step 20150 avg_loss=12.687
[ 972.8s] epoch 18 step 20200 avg_loss=12.178
[ 975.0s] epoch 18 step 20250 avg_loss=12.726
[ 977.3s] epoch 18 step 20300 avg_loss=12.425
[ 979.4s] epoch 18 step 20350 avg_loss=12.426
[ 981.6s] epoch 18 step 20400 avg_loss=12.280
[ 983.9s] epoch 18 step 20450 avg_loss=12.294
[ 985.9s] epoch 18 step 20500 avg_loss=12.238
[ 988.1s] epoch 18 step 20550 avg_loss=12.107
[ 990.5s] epoch 18 step 20600 avg_loss=12.381
[ 993.1s] epoch 18 step 20650 avg_loss=12.539
[ 995.3s] epoch 18 step 20700 avg_loss=12.570
[ 997.3s] epoch 18 step 20750 avg_loss=12.541
[ 999.6s] epoch 18 step 20800 avg_loss=12.570
[1001.5s] epoch 18 step 20850 avg_loss=12.535
[1003.3s] epoch 18 step 20900 avg_loss=12.399
[1005.0s] epoch 18 step 20950 avg_loss=12.392
[1007.2s] epoch 18 step 21000 avg_loss=12.521
[1007.8s] === epoch 18 done: avg_loss=12.550 (n=1106 derivations) ===
[1009.4s] epoch 19 step 21050 avg_loss=10.629
[1011.7s] epoch 19 step 21100 avg_loss=11.754
[1013.6s] epoch 19 step 21150 avg_loss=11.411
[1015.8s] epoch 19 step 21200 avg_loss=12.045
[1017.9s] epoch 19 step 21250 avg_loss=12.102
[1020.2s] epoch 19 step 21300 avg_loss=11.980
[1022.5s] epoch 19 step 21350 avg_loss=12.049
[1024.5s] epoch 19 step 21400 avg_loss=11.517
[1027.0s] epoch 19 step 21450 avg_loss=11.662
[1028.9s] epoch 19 step 21500 avg_loss=11.436
[1031.1s] epoch 19 step 21550 avg_loss=11.671
[1033.2s] epoch 19 step 21600 avg_loss=11.728
[1035.3s] epoch 19 step 21650 avg_loss=11.688
[1037.4s] epoch 19 step 21700 avg_loss=11.762
[1039.7s] epoch 19 step 21750 avg_loss=11.740
[1042.1s] epoch 19 step 21800 avg_loss=11.843
[1044.2s] epoch 19 step 21850 avg_loss=11.872
[1046.4s] epoch 19 step 21900 avg_loss=11.932
[1048.6s] epoch 19 step 21950 avg_loss=11.967
[1051.2s] epoch 19 step 22000 avg_loss=12.111
[1053.3s] epoch 19 step 22050 avg_loss=12.055
[1055.2s] epoch 19 step 22100 avg_loss=11.922
[1056.0s] === epoch 19 done: avg_loss=11.850 (n=1106 derivations) ===
[1057.4s] epoch 20 step 22150 avg_loss=9.738
[1059.6s] epoch 20 step 22200 avg_loss=10.939
[1062.0s] epoch 20 step 22250 avg_loss=11.425
[1064.5s] epoch 20 step 22300 avg_loss=11.623
[1066.9s] epoch 20 step 22350 avg_loss=11.902
[1068.7s] epoch 20 step 22400 avg_loss=11.188
[1071.1s] epoch 20 step 22450 avg_loss=11.163
[1073.4s] epoch 20 step 22500 avg_loss=11.588
[1075.5s] epoch 20 step 22550 avg_loss=11.457
[1077.5s] epoch 20 step 22600 avg_loss=11.338
[1079.7s] epoch 20 step 22650 avg_loss=11.041
[1082.0s] epoch 20 step 22700 avg_loss=11.225
[1084.0s] epoch 20 step 22750 avg_loss=11.033
[1086.4s] epoch 20 step 22800 avg_loss=11.189
[1088.3s] epoch 20 step 22850 avg_loss=11.164
[1090.3s] epoch 20 step 22900 avg_loss=11.073
[1092.4s] epoch 20 step 22950 avg_loss=11.060
[1094.6s] epoch 20 step 23000 avg_loss=11.138
[1096.5s] epoch 20 step 23050 avg_loss=11.074
[1098.9s] epoch 20 step 23100 avg_loss=11.075
[1101.1s] epoch 20 step 23150 avg_loss=11.157
[1103.5s] epoch 20 step 23200 avg_loss=11.197
[1104.7s] === epoch 20 done: avg_loss=11.242 (n=1106 derivations) ===
[1105.8s] epoch 21 step 23250 avg_loss=7.518
[1107.8s] epoch 21 step 23300 avg_loss=8.405
[1110.1s] epoch 21 step 23350 avg_loss=8.389
[1112.5s] epoch 21 step 23400 avg_loss=9.748
[1115.0s] epoch 21 step 23450 avg_loss=10.855
[1117.2s] epoch 21 step 23500 avg_loss=10.870
[1119.2s] epoch 21 step 23550 avg_loss=10.785
[1121.2s] epoch 21 step 23600 avg_loss=11.002
[1123.2s] epoch 21 step 23650 avg_loss=10.782
[1125.3s] epoch 21 step 23700 avg_loss=10.647
[1127.5s] eval step=750 train_avg_loss=10.629 dev_rank1_f1=0.3428 dev_edge_p=0.2968 dev_edge_r=0.4058
[1129.2s] epoch 21 step 23750 avg_loss=10.502
[1131.4s] epoch 21 step 23800 avg_loss=10.639
[1133.6s] epoch 21 step 23850 avg_loss=10.628
[1135.6s] epoch 21 step 23900 avg_loss=10.687
[1137.7s] epoch 21 step 23950 avg_loss=10.652
[1139.9s] epoch 21 step 24000 avg_loss=10.532
[1142.3s] epoch 21 step 24050 avg_loss=10.531
[1144.5s] epoch 21 step 24100 avg_loss=10.787
[1146.6s] epoch 21 step 24150 avg_loss=10.735
[1148.9s] epoch 21 step 24200 avg_loss=10.726
[1150.7s] epoch 21 step 24250 avg_loss=10.662
[1152.8s] epoch 21 step 24300 avg_loss=10.611
[1154.1s] === epoch 21 done: avg_loss=10.621 (n=1106 derivations) ===
[1154.6s] epoch 22 step 24350 avg_loss=7.124
[1156.9s] epoch 22 step 24400 avg_loss=8.977
[1159.1s] epoch 22 step 24450 avg_loss=9.594
[1161.5s] epoch 22 step 24500 avg_loss=9.434
[1163.8s] epoch 22 step 24550 avg_loss=9.871
[1165.8s] epoch 22 step 24600 avg_loss=9.658
[1167.8s] epoch 22 step 24650 avg_loss=9.543
[1169.9s] epoch 22 step 24700 avg_loss=9.413
[1172.5s] epoch 22 step 24750 avg_loss=9.617
[1175.0s] epoch 22 step 24800 avg_loss=9.647
[1176.9s] epoch 22 step 24850 avg_loss=9.515
[1179.0s] epoch 22 step 24900 avg_loss=9.709
[1181.1s] epoch 22 step 24950 avg_loss=9.685
[1183.1s] epoch 22 step 25000 avg_loss=9.613
[1185.3s] epoch 22 step 25050 avg_loss=9.773
[1187.2s] epoch 22 step 25100 avg_loss=9.764
[1189.3s] epoch 22 step 25150 avg_loss=9.892
[1191.1s] epoch 22 step 25200 avg_loss=9.740
[1193.2s] epoch 22 step 25250 avg_loss=9.843
[1195.3s] epoch 22 step 25300 avg_loss=9.982
[1197.3s] epoch 22 step 25350 avg_loss=10.038
[1199.4s] epoch 22 step 25400 avg_loss=10.053
[1200.9s] === epoch 22 done: avg_loss=10.073 (n=1106 derivations) ===
[1201.4s] epoch 23 step 25450 avg_loss=9.885
[1203.4s] epoch 23 step 25500 avg_loss=8.128
[1205.2s] epoch 23 step 25550 avg_loss=7.845
[1207.7s] epoch 23 step 25600 avg_loss=8.755
[1210.0s] epoch 23 step 25650 avg_loss=8.428
[1212.4s] epoch 23 step 25700 avg_loss=8.703
[1214.5s] epoch 23 step 25750 avg_loss=8.671
[1216.8s] epoch 23 step 25800 avg_loss=8.883
[1218.9s] epoch 23 step 25850 avg_loss=8.870
[1221.3s] epoch 23 step 25900 avg_loss=8.867
[1223.3s] epoch 23 step 25950 avg_loss=8.753
[1225.3s] epoch 23 step 26000 avg_loss=8.976
[1227.3s] epoch 23 step 26050 avg_loss=9.062
[1229.1s] epoch 23 step 26100 avg_loss=9.042
[1231.3s] epoch 23 step 26150 avg_loss=9.110
[1233.4s] epoch 23 step 26200 avg_loss=9.100
[1235.5s] epoch 23 step 26250 avg_loss=9.169
[1237.7s] epoch 23 step 26300 avg_loss=9.361
[1239.7s] epoch 23 step 26350 avg_loss=9.290
[1242.0s] epoch 23 step 26400 avg_loss=9.349
[1243.9s] epoch 23 step 26450 avg_loss=9.359
[1245.9s] epoch 23 step 26500 avg_loss=9.500
[1247.7s] === epoch 23 done: avg_loss=9.589 (n=1106 derivations) ===
[1248.0s] epoch 24 step 26550 avg_loss=5.814
[1250.3s] epoch 24 step 26600 avg_loss=9.294
[1252.2s] epoch 24 step 26650 avg_loss=8.839
[1254.7s] epoch 24 step 26700 avg_loss=9.368
[1257.1s] epoch 24 step 26750 avg_loss=9.479
[1258.9s] epoch 24 step 26800 avg_loss=9.490
[1261.1s] epoch 24 step 26850 avg_loss=9.224
[1263.5s] epoch 24 step 26900 avg_loss=9.271
[1265.6s] epoch 24 step 26950 avg_loss=9.615
[1267.8s] epoch 24 step 27000 avg_loss=9.563
[1270.0s] epoch 24 step 27050 avg_loss=9.538
[1272.2s] epoch 24 step 27100 avg_loss=9.420
[1274.3s] epoch 24 step 27150 avg_loss=9.279
[1276.4s] epoch 24 step 27200 avg_loss=9.181
[1278.6s] epoch 24 step 27250 avg_loss=9.205
[1280.8s] epoch 24 step 27300 avg_loss=9.165
[1282.9s] epoch 24 step 27350 avg_loss=9.066
[1284.9s] epoch 24 step 27400 avg_loss=9.069
[1287.2s] epoch 24 step 27450 avg_loss=9.048
[1289.6s] epoch 24 step 27500 avg_loss=9.094
[1291.9s] epoch 24 step 27550 avg_loss=9.119
[1294.1s] epoch 24 step 27600 avg_loss=9.144
[1296.3s] epoch 24 step 27650 avg_loss=9.227
[1296.3s] === epoch 24 done: avg_loss=9.227 (n=1106 derivations) ===
[1298.0s] epoch 25 step 27700 avg_loss=5.646
[1300.0s] epoch 25 step 27750 avg_loss=7.198
[1302.2s] epoch 25 step 27800 avg_loss=8.224
[1304.4s] epoch 25 step 27850 avg_loss=8.275
[1306.5s] epoch 25 step 27900 avg_loss=8.138
[1308.6s] epoch 25 step 27950 avg_loss=8.270
[1310.9s] epoch 25 step 28000 avg_loss=8.262
[1313.1s] epoch 25 step 28050 avg_loss=8.120
[1315.1s] epoch 25 step 28100 avg_loss=8.188
[1317.0s] epoch 25 step 28150 avg_loss=8.009
[1319.3s] epoch 25 step 28200 avg_loss=8.119
[1321.4s] epoch 25 step 28250 avg_loss=8.172
[1323.5s] epoch 25 step 28300 avg_loss=7.977
[1325.6s] epoch 25 step 28350 avg_loss=7.950
[1327.6s] epoch 25 step 28400 avg_loss=7.797
[1330.0s] epoch 25 step 28450 avg_loss=7.914
[1332.4s] epoch 25 step 28500 avg_loss=7.988
[1334.4s] epoch 25 step 28550 avg_loss=8.122
[1336.8s] epoch 25 step 28600 avg_loss=8.271
[1339.0s] epoch 25 step 28650 avg_loss=8.327
[1341.4s] epoch 25 step 28700 avg_loss=8.414
[1343.6s] epoch 25 step 28750 avg_loss=8.578
[1343.9s] === epoch 25 done: avg_loss=8.661 (n=1106 derivations) ===
[1345.8s] epoch 26 step 28800 avg_loss=7.284
[1348.1s] epoch 26 step 28850 avg_loss=8.585
[1350.4s] epoch 26 step 28900 avg_loss=9.143
[1352.5s] epoch 26 step 28950 avg_loss=8.299
[1354.3s] epoch 26 step 29000 avg_loss=8.321
[1356.2s] epoch 26 step 29050 avg_loss=7.959
[1358.2s] epoch 26 step 29100 avg_loss=8.008
[1360.5s] epoch 26 step 29150 avg_loss=7.983
[1363.2s] epoch 26 step 29200 avg_loss=8.133
[1365.4s] epoch 26 step 29250 avg_loss=8.118
[1367.3s] epoch 26 step 29300 avg_loss=8.014
[1369.2s] epoch 26 step 29350 avg_loss=8.044
[1371.3s] epoch 26 step 29400 avg_loss=8.091
[1373.4s] epoch 26 step 29450 avg_loss=7.952
[1375.6s] epoch 26 step 29500 avg_loss=7.970
[1377.8s] epoch 26 step 29550 avg_loss=7.902
[1379.7s] epoch 26 step 29600 avg_loss=7.910
[1382.1s] epoch 26 step 29650 avg_loss=8.082
[1384.3s] epoch 26 step 29700 avg_loss=8.132
[1386.6s] epoch 26 step 29750 avg_loss=8.102
[1388.8s] epoch 26 step 29800 avg_loss=8.293
[1391.0s] epoch 26 step 29850 avg_loss=8.369
[1391.6s] === epoch 26 done: avg_loss=8.348 (n=1106 derivations) ===
[1393.3s] epoch 27 step 29900 avg_loss=6.930
[1395.8s] epoch 27 step 29950 avg_loss=8.247
[1397.9s] epoch 27 step 30000 avg_loss=7.637
[1400.2s] epoch 27 step 30050 avg_loss=8.229
[1402.3s] epoch 27 step 30100 avg_loss=7.925
[1404.4s] epoch 27 step 30150 avg_loss=7.794
[1406.4s] epoch 27 step 30200 avg_loss=8.005
[1408.5s] epoch 27 step 30250 avg_loss=7.984
[1410.5s] epoch 27 step 30300 avg_loss=7.717
[1412.7s] epoch 27 step 30350 avg_loss=7.587
[1414.8s] epoch 27 step 30400 avg_loss=7.618
[1417.2s] epoch 27 step 30450 avg_loss=7.617
[1419.4s] epoch 27 step 30500 avg_loss=7.665
[1421.8s] epoch 27 step 30550 avg_loss=7.675
[1424.1s] epoch 27 step 30600 avg_loss=7.795
[1426.2s] epoch 27 step 30650 avg_loss=7.803
[1428.6s] epoch 27 step 30700 avg_loss=7.829
[1430.6s] epoch 27 step 30750 avg_loss=7.805
[1432.9s] epoch 27 step 30800 avg_loss=7.781
[1435.2s] epoch 27 step 30850 avg_loss=7.761
[1437.8s] epoch 27 step 30900 avg_loss=7.839
[1439.8s] epoch 27 step 30950 avg_loss=7.865
[1440.6s] === epoch 27 done: avg_loss=7.863 (n=1106 derivations) ===
[1442.1s] epoch 28 step 31000 avg_loss=10.963
[1444.6s] epoch 28 step 31050 avg_loss=8.414
[1446.4s] epoch 28 step 31100 avg_loss=7.030
[1448.9s] epoch 28 step 31150 avg_loss=7.275
[1451.4s] epoch 28 step 31200 avg_loss=7.431
[1453.6s] epoch 28 step 31250 avg_loss=7.360
[1455.6s] epoch 28 step 31300 avg_loss=7.129
[1458.0s] epoch 28 step 31350 avg_loss=7.182
[1460.2s] epoch 28 step 31400 avg_loss=7.145
[1462.6s] epoch 28 step 31450 avg_loss=7.294
[1464.5s] epoch 28 step 31500 avg_loss=7.257
[1466.7s] epoch 28 step 31550 avg_loss=7.154
[1469.1s] epoch 28 step 31600 avg_loss=7.039
[1471.3s] eval step=1000 train_avg_loss=7.001 dev_rank1_f1=0.3586 dev_edge_p=0.3103 dev_edge_r=0.4246
[1473.1s] epoch 28 step 31650 avg_loss=6.949
[1475.4s] epoch 28 step 31700 avg_loss=7.048
[1477.5s] epoch 28 step 31750 avg_loss=7.031
[1479.7s] epoch 28 step 31800 avg_loss=6.955
[1482.0s] epoch 28 step 31850 avg_loss=6.971
[1484.3s] epoch 28 step 31900 avg_loss=7.162
[1486.7s] epoch 28 step 31950 avg_loss=7.338
[1489.1s] epoch 28 step 32000 avg_loss=7.410
[1491.2s] epoch 28 step 32050 avg_loss=7.435
[1492.3s] === epoch 28 done: avg_loss=7.457 (n=1106 derivations) ===
[1493.6s] epoch 29 step 32100 avg_loss=10.441
[1495.7s] epoch 29 step 32150 avg_loss=6.754
[1497.8s] epoch 29 step 32200 avg_loss=6.955
[1500.1s] epoch 29 step 32250 avg_loss=7.184
[1502.6s] epoch 29 step 32300 avg_loss=7.203
[1504.6s] epoch 29 step 32350 avg_loss=6.913
[1506.7s] epoch 29 step 32400 avg_loss=6.926
[1508.8s] epoch 29 step 32450 avg_loss=6.858
[1511.0s] epoch 29 step 32500 avg_loss=7.047
[1513.0s] epoch 29 step 32550 avg_loss=6.904
[1515.4s] epoch 29 step 32600 avg_loss=7.033
[1517.9s] epoch 29 step 32650 avg_loss=7.092
[1520.0s] epoch 29 step 32700 avg_loss=7.089
[1521.9s] epoch 29 step 32750 avg_loss=7.034
[1523.9s] epoch 29 step 32800 avg_loss=7.166
[1525.8s] epoch 29 step 32850 avg_loss=7.148
[1528.2s] epoch 29 step 32900 avg_loss=7.238
[1530.3s] epoch 29 step 32950 avg_loss=7.271
[1532.6s] epoch 29 step 33000 avg_loss=7.234
[1534.9s] epoch 29 step 33050 avg_loss=7.157
[1536.9s] epoch 29 step 33100 avg_loss=7.080
[1538.9s] epoch 29 step 33150 avg_loss=7.126
[1540.2s] === epoch 29 done: avg_loss=7.111 (n=1106 derivations) ===
[1540.9s] epoch 30 step 33200 avg_loss=5.834
[1542.8s] epoch 30 step 33250 avg_loss=5.346
[1544.8s] epoch 30 step 33300 avg_loss=5.809
[1547.1s] epoch 30 step 33350 avg_loss=6.305
[1549.4s] epoch 30 step 33400 avg_loss=6.559
[1551.7s] epoch 30 step 33450 avg_loss=6.599
[1554.0s] epoch 30 step 33500 avg_loss=6.695
[1556.1s] epoch 30 step 33550 avg_loss=6.791
[1558.2s] epoch 30 step 33600 avg_loss=6.736
[1560.4s] epoch 30 step 33650 avg_loss=6.712
[1562.5s] epoch 30 step 33700 avg_loss=6.732
[1564.9s] epoch 30 step 33750 avg_loss=6.728
[1567.2s] epoch 30 step 33800 avg_loss=6.802
[1569.8s] epoch 30 step 33850 avg_loss=6.823
[1572.0s] epoch 30 step 33900 avg_loss=7.011
[1574.0s] epoch 30 step 33950 avg_loss=6.932
[1576.1s] epoch 30 step 34000 avg_loss=6.854
[1578.2s] epoch 30 step 34050 avg_loss=6.807
[1580.4s] epoch 30 step 34100 avg_loss=6.719
[1582.6s] epoch 30 step 34150 avg_loss=6.728
[1584.8s] epoch 30 step 34200 avg_loss=6.807
[1586.9s] epoch 30 step 34250 avg_loss=6.803
[1588.4s] === epoch 30 done: avg_loss=6.786 (n=1106 derivations) ===
[1589.0s] epoch 31 step 34300 avg_loss=8.876
[1591.0s] epoch 31 step 34350 avg_loss=5.949
[1593.2s] epoch 31 step 34400 avg_loss=5.932
[1595.7s] epoch 31 step 34450 avg_loss=7.111
[1598.0s] epoch 31 step 34500 avg_loss=6.765
[1600.1s] epoch 31 step 34550 avg_loss=6.438
[1602.2s] epoch 31 step 34600 avg_loss=6.319
[1604.6s] epoch 31 step 34650 avg_loss=6.449
[1606.9s] epoch 31 step 34700 avg_loss=6.553
[1609.1s] epoch 31 step 34750 avg_loss=6.515
[1611.2s] epoch 31 step 34800 avg_loss=6.381
[1613.4s] epoch 31 step 34850 avg_loss=6.350
[1615.8s] epoch 31 step 34900 avg_loss=6.327
[1617.8s] epoch 31 step 34950 avg_loss=6.234
[1620.1s] epoch 31 step 35000 avg_loss=6.423
[1622.5s] epoch 31 step 35050 avg_loss=6.442
[1624.6s] epoch 31 step 35100 avg_loss=6.648
[1626.3s] epoch 31 step 35150 avg_loss=6.537
[1628.4s] epoch 31 step 35200 avg_loss=6.569
[1630.3s] epoch 31 step 35250 avg_loss=6.578
[1632.6s] epoch 31 step 35300 avg_loss=6.670
[1634.6s] epoch 31 step 35350 avg_loss=6.599
[1636.2s] === epoch 31 done: avg_loss=6.555 (n=1106 derivations) ===
[1636.5s] epoch 32 step 35400 avg_loss=5.664
[1639.0s] epoch 32 step 35450 avg_loss=5.513
[1640.9s] epoch 32 step 35500 avg_loss=4.880
[1643.1s] epoch 32 step 35550 avg_loss=5.297
[1645.3s] epoch 32 step 35600 avg_loss=5.665
[1647.6s] epoch 32 step 35650 avg_loss=5.820
[1649.8s] epoch 32 step 35700 avg_loss=6.010
[1652.8s] epoch 32 step 35750 avg_loss=6.255
[1654.8s] epoch 32 step 35800 avg_loss=6.286
[1657.0s] epoch 32 step 35850 avg_loss=6.197
[1659.1s] epoch 32 step 35900 avg_loss=6.321
[1661.2s] epoch 32 step 35950 avg_loss=6.291
[1663.4s] epoch 32 step 36000 avg_loss=6.270
[1665.7s] epoch 32 step 36050 avg_loss=6.247
[1668.3s] epoch 32 step 36100 avg_loss=6.322
[1671.0s] epoch 32 step 36150 avg_loss=6.504
[1673.0s] epoch 32 step 36200 avg_loss=6.438
[1674.9s] epoch 32 step 36250 avg_loss=6.348
[1676.7s] epoch 32 step 36300 avg_loss=6.275
[1678.7s] epoch 32 step 36350 avg_loss=6.216
[1680.8s] epoch 32 step 36400 avg_loss=6.221
[1682.8s] epoch 32 step 36450 avg_loss=6.152
[1684.9s] === epoch 32 done: avg_loss=6.180 (n=1106 derivations) ===
[1685.1s] epoch 33 step 36500 avg_loss=16.278
[1687.7s] epoch 33 step 36550 avg_loss=7.837
[1690.0s] epoch 33 step 36600 avg_loss=6.185
[1692.0s] epoch 33 step 36650 avg_loss=5.481
[1694.6s] epoch 33 step 36700 avg_loss=5.535
[1696.7s] epoch 33 step 36750 avg_loss=5.388
[1699.1s] epoch 33 step 36800 avg_loss=5.592
[1701.1s] epoch 33 step 36850 avg_loss=5.346
[1703.6s] epoch 33 step 36900 avg_loss=5.433
[1705.6s] epoch 33 step 36950 avg_loss=5.475
[1707.6s] epoch 33 step 37000 avg_loss=5.470
[1709.8s] epoch 33 step 37050 avg_loss=5.497
[1712.0s] epoch 33 step 37100 avg_loss=5.506
[1714.1s] epoch 33 step 37150 avg_loss=5.553
[1716.7s] epoch 33 step 37200 avg_loss=5.657
[1718.8s] epoch 33 step 37250 avg_loss=5.813
[1720.8s] epoch 33 step 37300 avg_loss=5.883
[1722.9s] epoch 33 step 37350 avg_loss=5.961
[1724.9s] epoch 33 step 37400 avg_loss=5.945
[1727.2s] epoch 33 step 37450 avg_loss=5.965
[1729.3s] epoch 33 step 37500 avg_loss=5.890
[1731.6s] epoch 33 step 37550 avg_loss=5.879
[1733.8s] epoch 33 step 37600 avg_loss=5.964
[1733.9s] === epoch 33 done: avg_loss=5.959 (n=1106 derivations) ===
[1735.7s] epoch 34 step 37650 avg_loss=4.666
[1737.6s] epoch 34 step 37700 avg_loss=4.776
[1739.5s] epoch 34 step 37750 avg_loss=4.692
[1741.9s] epoch 34 step 37800 avg_loss=5.134
[1744.6s] epoch 34 step 37850 avg_loss=5.328
[1746.9s] epoch 34 step 37900 avg_loss=5.227
[1749.5s] epoch 34 step 37950 avg_loss=5.259
[1751.7s] epoch 34 step 38000 avg_loss=5.273
[1753.6s] epoch 34 step 38050 avg_loss=5.339
[1755.6s] epoch 34 step 38100 avg_loss=5.357
[1757.6s] epoch 34 step 38150 avg_loss=5.381
[1760.0s] epoch 34 step 38200 avg_loss=5.508
[1762.1s] epoch 34 step 38250 avg_loss=5.521
[1764.2s] epoch 34 step 38300 avg_loss=5.479
[1766.6s] epoch 34 step 38350 avg_loss=5.593
[1768.9s] epoch 34 step 38400 avg_loss=5.684
[1771.2s] epoch 34 step 38450 avg_loss=5.692
[1773.7s] epoch 34 step 38500 avg_loss=5.756
[1775.8s] epoch 34 step 38550 avg_loss=5.743
[1777.9s] epoch 34 step 38600 avg_loss=5.719
[1780.2s] epoch 34 step 38650 avg_loss=5.702
[1782.4s] epoch 34 step 38700 avg_loss=5.695
[1782.8s] === epoch 34 done: avg_loss=5.698 (n=1106 derivations) ===
[1784.8s] epoch 35 step 38750 avg_loss=5.054
[1787.1s] epoch 35 step 38800 avg_loss=4.964
[1789.6s] epoch 35 step 38850 avg_loss=4.684
[1791.8s] epoch 35 step 38900 avg_loss=4.478
[1793.9s] epoch 35 step 38950 avg_loss=4.800
[1796.0s] epoch 35 step 39000 avg_loss=4.713
[1798.2s] epoch 35 step 39050 avg_loss=4.943
[1800.0s] epoch 35 step 39100 avg_loss=4.828
[1801.9s] epoch 35 step 39150 avg_loss=4.789
[1803.8s] epoch 35 step 39200 avg_loss=4.826
[1806.0s] epoch 35 step 39250 avg_loss=5.000
[1807.9s] epoch 35 step 39300 avg_loss=4.959
[1810.3s] epoch 35 step 39350 avg_loss=5.163
[1812.4s] epoch 35 step 39400 avg_loss=5.228
[1814.4s] epoch 35 step 39450 avg_loss=5.349
[1816.8s] epoch 35 step 39500 avg_loss=5.344
[1818.9s] eval step=1250 train_avg_loss=5.362 dev_rank1_f1=0.3595 dev_edge_p=0.3126 dev_edge_r=0.4228
[1820.6s] epoch 35 step 39550 avg_loss=5.382
[1822.6s] epoch 35 step 39600 avg_loss=5.370
[1824.5s] epoch 35 step 39650 avg_loss=5.355
[1826.6s] epoch 35 step 39700 avg_loss=5.426
[1829.2s] epoch 35 step 39750 avg_loss=5.424
[1831.7s] epoch 35 step 39800 avg_loss=5.471
[1832.5s] === epoch 35 done: avg_loss=5.486 (n=1106 derivations) ===
[1834.0s] epoch 36 step 39850 avg_loss=4.418
[1835.9s] epoch 36 step 39900 avg_loss=4.249
[1838.0s] epoch 36 step 39950 avg_loss=3.956
[1840.0s] epoch 36 step 40000 avg_loss=3.979
[1842.1s] epoch 36 step 40050 avg_loss=4.074
[1844.1s] epoch 36 step 40100 avg_loss=3.990
[1846.2s] epoch 36 step 40150 avg_loss=4.154
[1848.5s] epoch 36 step 40200 avg_loss=4.362
[1850.4s] epoch 36 step 40250 avg_loss=4.372
[1852.7s] epoch 36 step 40300 avg_loss=4.634
[1854.8s] epoch 36 step 40350 avg_loss=4.757
[1857.0s] epoch 36 step 40400 avg_loss=4.860
[1859.4s] epoch 36 step 40450 avg_loss=4.912
[1861.5s] epoch 36 step 40500 avg_loss=4.942
[1864.0s] epoch 36 step 40550 avg_loss=5.139
[1866.4s] epoch 36 step 40600 avg_loss=5.186
[1868.5s] epoch 36 step 40650 avg_loss=5.178
[1870.7s] epoch 36 step 40700 avg_loss=5.185
[1873.1s] epoch 36 step 40750 avg_loss=5.148
[1875.2s] epoch 36 step 40800 avg_loss=5.168
[1877.8s] epoch 36 step 40850 avg_loss=5.221
[1880.1s] epoch 36 step 40900 avg_loss=5.200
[1881.4s] === epoch 36 done: avg_loss=5.232 (n=1106 derivations) ===
[1882.8s] epoch 37 step 40950 avg_loss=5.927
[1885.2s] epoch 37 step 41000 avg_loss=4.814
[1887.2s] epoch 37 step 41050 avg_loss=4.440
[1889.5s] epoch 37 step 41100 avg_loss=4.341
[1891.6s] epoch 37 step 41150 avg_loss=4.216
[1893.9s] epoch 37 step 41200 avg_loss=4.085
[1896.2s] epoch 37 step 41250 avg_loss=4.481
[1898.4s] epoch 37 step 41300 avg_loss=4.663
[1900.5s] epoch 37 step 41350 avg_loss=4.631
[1902.5s] epoch 37 step 41400 avg_loss=4.665
[1904.5s] epoch 37 step 41450 avg_loss=4.694
[1906.4s] epoch 37 step 41500 avg_loss=4.763
[1908.7s] epoch 37 step 41550 avg_loss=4.941
[1910.9s] epoch 37 step 41600 avg_loss=4.918
[1913.1s] epoch 37 step 41650 avg_loss=4.989
[1915.6s] epoch 37 step 41700 avg_loss=5.104
[1917.8s] epoch 37 step 41750 avg_loss=5.042
[1920.0s] epoch 37 step 41800 avg_loss=5.102
[1922.2s] epoch 37 step 41850 avg_loss=5.055
[1924.1s] epoch 37 step 41900 avg_loss=5.009
[1926.3s] epoch 37 step 41950 avg_loss=4.952
[1928.1s] epoch 37 step 42000 avg_loss=4.942
[1929.3s] === epoch 37 done: avg_loss=4.984 (n=1106 derivations) ===
[1930.4s] epoch 38 step 42050 avg_loss=5.781
[1932.6s] epoch 38 step 42100 avg_loss=4.889
[1935.0s] epoch 38 step 42150 avg_loss=4.886
[1937.1s] epoch 38 step 42200 avg_loss=4.824
[1939.6s] epoch 38 step 42250 avg_loss=4.933
[1941.8s] epoch 38 step 42300 avg_loss=4.960
[1944.0s] epoch 38 step 42350 avg_loss=4.810
[1946.4s] epoch 38 step 42400 avg_loss=4.888
[1948.2s] epoch 38 step 42450 avg_loss=4.724
[1950.2s] epoch 38 step 42500 avg_loss=4.835
[1952.4s] epoch 38 step 42550 avg_loss=4.848
[1954.4s] epoch 38 step 42600 avg_loss=4.792
[1956.4s] epoch 38 step 42650 avg_loss=4.794
[1958.2s] epoch 38 step 42700 avg_loss=4.641
[1960.5s] epoch 38 step 42750 avg_loss=4.699
[1962.8s] epoch 38 step 42800 avg_loss=4.776
[1965.0s] epoch 38 step 42850 avg_loss=4.696
[1967.0s] epoch 38 step 42900 avg_loss=4.690
[1968.9s] epoch 38 step 42950 avg_loss=4.783
[1971.2s] epoch 38 step 43000 avg_loss=4.791
[1973.1s] epoch 38 step 43050 avg_loss=4.775
[1975.3s] epoch 38 step 43100 avg_loss=4.861
[1976.6s] === epoch 38 done: avg_loss=4.846 (n=1106 derivations) ===
[1977.2s] epoch 39 step 43150 avg_loss=3.050
[1979.3s] epoch 39 step 43200 avg_loss=3.331
[1981.2s] epoch 39 step 43250 avg_loss=3.511
[1983.4s] epoch 39 step 43300 avg_loss=3.589
[1985.4s] epoch 39 step 43350 avg_loss=3.694
[1987.8s] epoch 39 step 43400 avg_loss=3.766
[1989.7s] epoch 39 step 43450 avg_loss=3.741
[1991.9s] epoch 39 step 43500 avg_loss=3.722
[1994.1s] epoch 39 step 43550 avg_loss=3.998
[1996.4s] epoch 39 step 43600 avg_loss=3.927
[1998.6s] epoch 39 step 43650 avg_loss=3.922
[2001.1s] epoch 39 step 43700 avg_loss=4.008
[2003.5s] epoch 39 step 43750 avg_loss=4.060
[2006.3s] epoch 39 step 43800 avg_loss=4.105
[2008.7s] epoch 39 step 43850 avg_loss=4.215
[2011.4s] epoch 39 step 43900 avg_loss=4.310
[2014.1s] epoch 39 step 43950 avg_loss=4.328
[2016.7s] epoch 39 step 44000 avg_loss=4.409
[2019.0s] epoch 39 step 44050 avg_loss=4.395
[2021.1s] epoch 39 step 44100 avg_loss=4.347
[2023.4s] epoch 39 step 44150 avg_loss=4.376
[2025.7s] epoch 39 step 44200 avg_loss=4.507
[2027.8s] === epoch 39 done: avg_loss=4.616 (n=1106 derivations) ===
[2028.4s] epoch 40 step 44250 avg_loss=2.770
[2030.6s] epoch 40 step 44300 avg_loss=3.797
[2033.3s] epoch 40 step 44350 avg_loss=4.172
[2035.6s] epoch 40 step 44400 avg_loss=3.880
[2037.7s] epoch 40 step 44450 avg_loss=3.883
[2040.1s] epoch 40 step 44500 avg_loss=4.052
[2042.4s] epoch 40 step 44550 avg_loss=4.080
[2044.7s] epoch 40 step 44600 avg_loss=4.148
[2047.3s] epoch 40 step 44650 avg_loss=4.406
[2049.9s] epoch 40 step 44700 avg_loss=4.454
[2052.8s] epoch 40 step 44750 avg_loss=4.435
[2055.2s] epoch 40 step 44800 avg_loss=4.461
[2057.4s] epoch 40 step 44850 avg_loss=4.518
[2059.5s] epoch 40 step 44900 avg_loss=4.361
[2061.6s] epoch 40 step 44950 avg_loss=4.339
[2063.7s] epoch 40 step 45000 avg_loss=4.328
[2065.9s] epoch 40 step 45050 avg_loss=4.303
[2068.2s] epoch 40 step 45100 avg_loss=4.303
[2070.1s] epoch 40 step 45150 avg_loss=4.235
[2072.3s] epoch 40 step 45200 avg_loss=4.264
[2074.4s] epoch 40 step 45250 avg_loss=4.266
[2076.5s] epoch 40 step 45300 avg_loss=4.335
[2078.6s] === epoch 40 done: avg_loss=4.398 (n=1106 derivations) ===
[2078.8s] epoch 41 step 45350 avg_loss=3.625
[2081.0s] epoch 41 step 45400 avg_loss=4.730
[2083.4s] epoch 41 step 45450 avg_loss=4.745
[2085.5s] epoch 41 step 45500 avg_loss=4.617
[2087.5s] epoch 41 step 45550 avg_loss=4.386
[2089.5s] epoch 41 step 45600 avg_loss=4.388
[2091.7s] epoch 41 step 45650 avg_loss=4.445
[2093.8s] epoch 41 step 45700 avg_loss=4.516
[2095.8s] epoch 41 step 45750 avg_loss=4.471
[2098.2s] epoch 41 step 45800 avg_loss=4.535
[2100.2s] epoch 41 step 45850 avg_loss=4.499
[2102.4s] epoch 41 step 45900 avg_loss=4.432
[2104.4s] epoch 41 step 45950 avg_loss=4.406
[2106.7s] epoch 41 step 46000 avg_loss=4.449
[2108.8s] epoch 41 step 46050 avg_loss=4.411
[2111.2s] epoch 41 step 46100 avg_loss=4.400
[2113.2s] epoch 41 step 46150 avg_loss=4.375
[2115.2s] epoch 41 step 46200 avg_loss=4.306
[2117.4s] epoch 41 step 46250 avg_loss=4.338
[2119.4s] epoch 41 step 46300 avg_loss=4.251
[2121.7s] epoch 41 step 46350 avg_loss=4.318
[2123.8s] epoch 41 step 46400 avg_loss=4.282
[2125.6s] epoch 41 step 46450 avg_loss=4.248
[2125.8s] === epoch 41 done: avg_loss=4.253 (n=1106 derivations) ===
[2127.8s] epoch 42 step 46500 avg_loss=4.202
[2130.1s] epoch 42 step 46550 avg_loss=4.071
[2132.5s] epoch 42 step 46600 avg_loss=3.809
[2135.0s] epoch 42 step 46650 avg_loss=4.148
[2137.1s] epoch 42 step 46700 avg_loss=4.222
[2139.5s] epoch 42 step 46750 avg_loss=4.240
[2141.5s] epoch 42 step 46800 avg_loss=4.082
[2143.3s] epoch 42 step 46850 avg_loss=4.127
[2145.6s] epoch 42 step 46900 avg_loss=3.981
[2148.1s] epoch 42 step 46950 avg_loss=4.015
[2150.3s] epoch 42 step 47000 avg_loss=4.032
[2152.5s] epoch 42 step 47050 avg_loss=4.008
[2154.9s] epoch 42 step 47100 avg_loss=4.096
[2157.2s] epoch 42 step 47150 avg_loss=4.093
[2159.3s] epoch 42 step 47200 avg_loss=4.177
[2161.6s] epoch 42 step 47250 avg_loss=4.191
[2163.8s] epoch 42 step 47300 avg_loss=4.195
[2165.6s] epoch 42 step 47350 avg_loss=4.141
[2167.7s] epoch 42 step 47400 avg_loss=4.151
[2170.0s] eval step=1500 train_avg_loss=4.165 dev_rank1_f1=0.3252 dev_edge_p=0.2858 dev_edge_r=0.3773
[2171.5s] epoch 42 step 47450 avg_loss=4.165
[2173.3s] epoch 42 step 47500 avg_loss=4.152
[2175.5s] epoch 42 step 47550 avg_loss=4.177
[2175.8s] === epoch 42 done: avg_loss=4.177 (n=1106 derivations) ===
[2177.6s] epoch 43 step 47600 avg_loss=3.834
[2179.5s] epoch 43 step 47650 avg_loss=3.442
[2181.5s] epoch 43 step 47700 avg_loss=3.411
[2183.7s] epoch 43 step 47750 avg_loss=3.469
[2185.9s] epoch 43 step 47800 avg_loss=3.790
[2187.8s] epoch 43 step 47850 avg_loss=4.063
[2189.9s] epoch 43 step 47900 avg_loss=4.020
[2192.0s] epoch 43 step 47950 avg_loss=4.003
[2194.6s] epoch 43 step 48000 avg_loss=4.015
[2196.8s] epoch 43 step 48050 avg_loss=3.941
[2198.8s] epoch 43 step 48100 avg_loss=3.883
[2200.8s] epoch 43 step 48150 avg_loss=3.848
[2203.3s] epoch 43 step 48200 avg_loss=3.847
[2205.4s] epoch 43 step 48250 avg_loss=3.931
[2207.7s] epoch 43 step 48300 avg_loss=3.998
[2209.7s] epoch 43 step 48350 avg_loss=4.069
[2211.7s] epoch 43 step 48400 avg_loss=4.055
[2213.7s] epoch 43 step 48450 avg_loss=4.022
[2216.0s] epoch 43 step 48500 avg_loss=3.955
[2218.4s] epoch 43 step 48550 avg_loss=4.013
[2220.5s] epoch 43 step 48600 avg_loss=3.971
[2222.6s] epoch 43 step 48650 avg_loss=3.988
[2223.3s] === epoch 43 done: avg_loss=3.990 (n=1106 derivations) ===
[2224.5s] epoch 44 step 48700 avg_loss=3.322
[2226.5s] epoch 44 step 48750 avg_loss=4.375
[2228.9s] epoch 44 step 48800 avg_loss=4.087
[2231.2s] epoch 44 step 48850 avg_loss=3.929
[2233.3s] epoch 44 step 48900 avg_loss=3.647
[2235.6s] epoch 44 step 48950 avg_loss=3.670
[2237.8s] epoch 44 step 49000 avg_loss=3.588
[2240.2s] epoch 44 step 49050 avg_loss=3.742
[2242.1s] epoch 44 step 49100 avg_loss=3.787
[2243.9s] epoch 44 step 49150 avg_loss=3.765
[2245.9s] epoch 44 step 49200 avg_loss=3.695
[2247.9s] epoch 44 step 49250 avg_loss=3.697
[2250.3s] epoch 44 step 49300 avg_loss=3.749
[2252.5s] epoch 44 step 49350 avg_loss=3.714
[2254.8s] epoch 44 step 49400 avg_loss=3.730
[2256.8s] epoch 44 step 49450 avg_loss=3.800
[2259.3s] epoch 44 step 49500 avg_loss=3.896
[2261.5s] epoch 44 step 49550 avg_loss=3.894
[2263.3s] epoch 44 step 49600 avg_loss=3.840
[2265.5s] epoch 44 step 49650 avg_loss=3.864
[2267.7s] epoch 44 step 49700 avg_loss=3.851
[2269.9s] epoch 44 step 49750 avg_loss=3.855
[2270.8s] === epoch 44 done: avg_loss=3.841 (n=1106 derivations) ===
[2272.3s] epoch 45 step 49800 avg_loss=4.797
[2274.3s] epoch 45 step 49850 avg_loss=3.723
[2276.5s] epoch 45 step 49900 avg_loss=3.738
[2278.5s] epoch 45 step 49950 avg_loss=3.775
[2280.6s] epoch 45 step 50000 avg_loss=3.694
[2282.6s] epoch 45 step 50050 avg_loss=3.427
[2284.7s] epoch 45 step 50100 avg_loss=3.356
[2287.0s] epoch 45 step 50150 avg_loss=3.395
[2289.3s] epoch 45 step 50200 avg_loss=3.514
[2291.5s] epoch 45 step 50250 avg_loss=3.433
[2293.4s] epoch 45 step 50300 avg_loss=3.368
[2295.2s] epoch 45 step 50350 avg_loss=3.432
[2297.5s] epoch 45 step 50400 avg_loss=3.508
[2299.5s] epoch 45 step 50450 avg_loss=3.536
[2301.5s] epoch 45 step 50500 avg_loss=3.591
[2303.7s] epoch 45 step 50550 avg_loss=3.720
[2306.0s] epoch 45 step 50600 avg_loss=3.770
[2308.6s] epoch 45 step 50650 avg_loss=3.769
[2310.9s] epoch 45 step 50700 avg_loss=3.805
[2313.4s] epoch 45 step 50750 avg_loss=3.779
[2315.3s] epoch 45 step 50800 avg_loss=3.741
[2317.4s] epoch 45 step 50850 avg_loss=3.742
[2318.4s] === epoch 45 done: avg_loss=3.735 (n=1106 derivations) ===
[2319.4s] epoch 46 step 50900 avg_loss=3.007
[2321.4s] epoch 46 step 50950 avg_loss=2.628
[2323.6s] epoch 46 step 51000 avg_loss=2.666
[2325.7s] epoch 46 step 51050 avg_loss=3.111
[2327.9s] epoch 46 step 51100 avg_loss=3.215
[2329.8s] epoch 46 step 51150 avg_loss=3.164
[2332.3s] epoch 46 step 51200 avg_loss=3.326
[2334.3s] epoch 46 step 51250 avg_loss=3.208
[2336.7s] epoch 46 step 51300 avg_loss=3.260
[2339.0s] epoch 46 step 51350 avg_loss=3.270
[2341.0s] epoch 46 step 51400 avg_loss=3.418
[2343.0s] epoch 46 step 51450 avg_loss=3.413
[2345.3s] epoch 46 step 51500 avg_loss=3.485
[2347.5s] epoch 46 step 51550 avg_loss=3.501
[2349.6s] epoch 46 step 51600 avg_loss=3.541
[2352.0s] epoch 46 step 51650 avg_loss=3.543
[2354.3s] epoch 46 step 51700 avg_loss=3.575
[2356.7s] epoch 46 step 51750 avg_loss=3.577
[2358.8s] epoch 46 step 51800 avg_loss=3.565
[2360.9s] epoch 46 step 51850 avg_loss=3.582
[2363.4s] epoch 46 step 51900 avg_loss=3.621
[2365.5s] epoch 46 step 51950 avg_loss=3.592
[2366.7s] === epoch 46 done: avg_loss=3.580 (n=1106 derivations) ===
[2367.5s] epoch 47 step 52000 avg_loss=2.539
[2369.8s] epoch 47 step 52050 avg_loss=3.487
[2371.9s] epoch 47 step 52100 avg_loss=3.650
[2374.1s] epoch 47 step 52150 avg_loss=3.542
[2376.5s] epoch 47 step 52200 avg_loss=3.433
[2378.7s] epoch 47 step 52250 avg_loss=3.353
[2380.8s] epoch 47 step 52300 avg_loss=3.402
[2382.6s] epoch 47 step 52350 avg_loss=3.251
[2384.6s] epoch 47 step 52400 avg_loss=3.238
[2386.7s] epoch 47 step 52450 avg_loss=3.279
[2388.9s] epoch 47 step 52500 avg_loss=3.287
[2390.8s] epoch 47 step 52550 avg_loss=3.294
[2392.9s] epoch 47 step 52600 avg_loss=3.248
[2395.2s] epoch 47 step 52650 avg_loss=3.229
[2397.4s] epoch 47 step 52700 avg_loss=3.223
[2399.5s] epoch 47 step 52750 avg_loss=3.219
[2401.9s] epoch 47 step 52800 avg_loss=3.355
[2404.0s] epoch 47 step 52850 avg_loss=3.300
[2406.3s] epoch 47 step 52900 avg_loss=3.388
[2408.5s] epoch 47 step 52950 avg_loss=3.383
[2411.1s] epoch 47 step 53000 avg_loss=3.456
[2413.3s] epoch 47 step 53050 avg_loss=3.467
[2414.7s] === epoch 47 done: avg_loss=3.482 (n=1106 derivations) ===
[2415.2s] epoch 48 step 53100 avg_loss=1.766
[2417.4s] epoch 48 step 53150 avg_loss=3.045
[2419.8s] epoch 48 step 53200 avg_loss=2.971
[2421.9s] epoch 48 step 53250 avg_loss=2.949
[2423.9s] epoch 48 step 53300 avg_loss=3.047
[2425.9s] epoch 48 step 53350 avg_loss=2.947
[2428.1s] epoch 48 step 53400 avg_loss=3.068
[2430.3s] epoch 48 step 53450 avg_loss=3.145
[2432.5s] epoch 48 step 53500 avg_loss=3.088
[2434.6s] epoch 48 step 53550 avg_loss=3.061
[2436.8s] epoch 48 step 53600 avg_loss=3.079
[2439.1s] epoch 48 step 53650 avg_loss=3.108
[2441.7s] epoch 48 step 53700 avg_loss=3.225
[2444.0s] epoch 48 step 53750 avg_loss=3.210
[2446.4s] epoch 48 step 53800 avg_loss=3.302
[2448.8s] epoch 48 step 53850 avg_loss=3.415
[2450.7s] epoch 48 step 53900 avg_loss=3.396
[2453.0s] epoch 48 step 53950 avg_loss=3.461
[2455.1s] epoch 48 step 54000 avg_loss=3.449
[2457.3s] epoch 48 step 54050 avg_loss=3.491
[2459.2s] epoch 48 step 54100 avg_loss=3.460
[2461.3s] epoch 48 step 54150 avg_loss=3.471
[2463.1s] === epoch 48 done: avg_loss=3.439 (n=1106 derivations) ===
[2463.4s] epoch 49 step 54200 avg_loss=4.273
[2465.5s] epoch 49 step 54250 avg_loss=3.238
[2468.0s] epoch 49 step 54300 avg_loss=3.665
[2470.0s] epoch 49 step 54350 avg_loss=3.562
[2472.4s] epoch 49 step 54400 avg_loss=3.449
[2474.4s] epoch 49 step 54450 avg_loss=3.277
[2476.6s] epoch 49 step 54500 avg_loss=3.527
[2478.8s] epoch 49 step 54550 avg_loss=3.381
[2480.9s] epoch 49 step 54600 avg_loss=3.429
[2483.1s] epoch 49 step 54650 avg_loss=3.392
[2485.1s] epoch 49 step 54700 avg_loss=3.360
[2487.5s] epoch 49 step 54750 avg_loss=3.356
[2489.3s] epoch 49 step 54800 avg_loss=3.237
[2491.6s] epoch 49 step 54850 avg_loss=3.310
[2493.9s] epoch 49 step 54900 avg_loss=3.315
[2496.1s] epoch 49 step 54950 avg_loss=3.337
[2498.0s] epoch 49 step 55000 avg_loss=3.282
[2499.9s] epoch 49 step 55050 avg_loss=3.241
[2502.1s] epoch 49 step 55100 avg_loss=3.253
[2504.0s] epoch 49 step 55150 avg_loss=3.273
[2505.7s] epoch 49 step 55200 avg_loss=3.240
[2507.7s] epoch 49 step 55250 avg_loss=3.228
[2510.0s] epoch 49 step 55300 avg_loss=3.257
[2511.8s] eval step=1750 train_avg_loss=3.257 dev_rank1_f1=0.3441 dev_edge_p=0.2896 dev_edge_r=0.4237
[2511.8s] === epoch 49 done: avg_loss=3.257 (n=1106 derivations) ===
[2514.4s] epoch 50 step 55350 avg_loss=3.884
[2516.6s] epoch 50 step 55400 avg_loss=3.438
[2518.8s] epoch 50 step 55450 avg_loss=3.331
[2520.9s] epoch 50 step 55500 avg_loss=3.078
[2523.1s] epoch 50 step 55550 avg_loss=3.175
[2525.0s] epoch 50 step 55600 avg_loss=3.203
[2527.1s] epoch 50 step 55650 avg_loss=3.208
[2528.9s] epoch 50 step 55700 avg_loss=3.111
[2530.8s] epoch 50 step 55750 avg_loss=3.107
[2532.9s] epoch 50 step 55800 avg_loss=3.070
[2534.7s] epoch 50 step 55850 avg_loss=3.077
[2536.7s] epoch 50 step 55900 avg_loss=3.082
[2538.9s] epoch 50 step 55950 avg_loss=3.045
[2541.3s] epoch 50 step 56000 avg_loss=3.052
[2543.2s] epoch 50 step 56050 avg_loss=3.021
[2545.4s] epoch 50 step 56100 avg_loss=3.056
[2547.7s] epoch 50 step 56150 avg_loss=3.095
[2550.2s] epoch 50 step 56200 avg_loss=3.077
[2552.6s] epoch 50 step 56250 avg_loss=3.130
[2554.9s] epoch 50 step 56300 avg_loss=3.159
[2557.4s] epoch 50 step 56350 avg_loss=3.201
[2559.6s] epoch 50 step 56400 avg_loss=3.189
[2560.0s] === epoch 50 done: avg_loss=3.218 (n=1106 derivations) ===
[2562.2s] epoch 51 step 56450 avg_loss=2.076
[2564.7s] epoch 51 step 56500 avg_loss=3.171
[2567.3s] epoch 51 step 56550 avg_loss=3.354
[2569.8s] epoch 51 step 56600 avg_loss=3.137
[2572.5s] epoch 51 step 56650 avg_loss=3.137
[2575.0s] epoch 51 step 56700 avg_loss=3.089
[2576.8s] epoch 51 step 56750 avg_loss=2.943
[2578.9s] epoch 51 step 56800 avg_loss=2.961
[2581.1s] epoch 51 step 56850 avg_loss=2.971
[2583.4s] epoch 51 step 56900 avg_loss=2.978
[2585.6s] epoch 51 step 56950 avg_loss=3.018
[2587.7s] epoch 51 step 57000 avg_loss=2.955
[2590.0s] epoch 51 step 57050 avg_loss=3.014
[2592.2s] epoch 51 step 57100 avg_loss=2.983
[2594.6s] epoch 51 step 57150 avg_loss=3.077
[2596.9s] epoch 51 step 57200 avg_loss=3.094
[2599.5s] epoch 51 step 57250 avg_loss=3.072
[2601.8s] epoch 51 step 57300 avg_loss=3.025
[2603.8s] epoch 51 step 57350 avg_loss=2.987
[2606.0s] epoch 51 step 57400 avg_loss=2.999
[2608.5s] epoch 51 step 57450 avg_loss=3.049
[2610.5s] epoch 51 step 57500 avg_loss=3.068
[2611.0s] === epoch 51 done: avg_loss=3.061 (n=1106 derivations) ===
[2612.8s] epoch 52 step 57550 avg_loss=3.633
[2614.9s] epoch 52 step 57600 avg_loss=3.072
[2616.9s] epoch 52 step 57650 avg_loss=2.933
[2619.0s] epoch 52 step 57700 avg_loss=3.116
[2621.0s] epoch 52 step 57750 avg_loss=3.029
[2623.3s] epoch 52 step 57800 avg_loss=2.929
[2625.4s] epoch 52 step 57850 avg_loss=2.899
[2627.4s] epoch 52 step 57900 avg_loss=2.962
[2629.6s] epoch 52 step 57950 avg_loss=2.953
[2631.7s] epoch 52 step 58000 avg_loss=2.877
[2634.0s] epoch 52 step 58050 avg_loss=2.849
[2636.2s] epoch 52 step 58100 avg_loss=2.897
[2638.3s] epoch 52 step 58150 avg_loss=2.909
[2640.3s] epoch 52 step 58200 avg_loss=2.910
[2642.7s] epoch 52 step 58250 avg_loss=2.930
[2645.0s] epoch 52 step 58300 avg_loss=2.919
[2647.3s] epoch 52 step 58350 avg_loss=2.935
[2649.7s] epoch 52 step 58400 avg_loss=2.957
[2651.9s] epoch 52 step 58450 avg_loss=2.992
[2654.2s] epoch 52 step 58500 avg_loss=2.983
[2656.6s] epoch 52 step 58550 avg_loss=3.021
[2658.6s] epoch 52 step 58600 avg_loss=2.978
[2659.5s] === epoch 52 done: avg_loss=3.006 (n=1106 derivations) ===
[2661.2s] epoch 53 step 58650 avg_loss=3.799
[2663.6s] epoch 53 step 58700 avg_loss=3.031
[2665.7s] epoch 53 step 58750 avg_loss=3.063
[2667.7s] epoch 53 step 58800 avg_loss=2.661
[2669.7s] epoch 53 step 58850 avg_loss=2.543
[2671.8s] epoch 53 step 58900 avg_loss=2.502
[2674.0s] epoch 53 step 58950 avg_loss=2.736
[2676.4s] epoch 53 step 59000 avg_loss=2.715
[2678.6s] epoch 53 step 59050 avg_loss=2.713
[2680.9s] epoch 53 step 59100 avg_loss=2.747
[2683.1s] epoch 53 step 59150 avg_loss=2.742
[2685.3s] epoch 53 step 59200 avg_loss=2.783
[2687.8s] epoch 53 step 59250 avg_loss=2.748
[2690.4s] epoch 53 step 59300 avg_loss=2.787
[2693.0s] epoch 53 step 59350 avg_loss=2.824
[2695.3s] epoch 53 step 59400 avg_loss=2.907
[2697.5s] epoch 53 step 59450 avg_loss=2.956
[2699.7s] epoch 53 step 59500 avg_loss=2.957
[2701.9s] epoch 53 step 59550 avg_loss=2.927
[2704.4s] epoch 53 step 59600 avg_loss=2.961
[2706.5s] epoch 53 step 59650 avg_loss=2.957
[2708.6s] epoch 53 step 59700 avg_loss=2.934
[2709.6s] === epoch 53 done: avg_loss=2.950 (n=1106 derivations) ===
[2710.7s] epoch 54 step 59750 avg_loss=2.335
[2713.0s] epoch 54 step 59800 avg_loss=2.959
[2715.1s] epoch 54 step 59850 avg_loss=2.624
[2717.3s] epoch 54 step 59900 avg_loss=2.633
[2719.1s] epoch 54 step 59950 avg_loss=2.583
[2721.3s] epoch 54 step 60000 avg_loss=2.598
[2723.3s] epoch 54 step 60050 avg_loss=2.595
[2725.4s] epoch 54 step 60100 avg_loss=2.625
[2727.5s] epoch 54 step 60150 avg_loss=2.565
[2729.7s] epoch 54 step 60200 avg_loss=2.657
[2731.7s] epoch 54 step 60250 avg_loss=2.628
[2734.0s] epoch 54 step 60300 avg_loss=2.645
[2736.1s] epoch 54 step 60350 avg_loss=2.728
[2738.4s] epoch 54 step 60400 avg_loss=2.743
[2740.5s] epoch 54 step 60450 avg_loss=2.829
[2742.6s] epoch 54 step 60500 avg_loss=2.852
[2744.7s] epoch 54 step 60550 avg_loss=2.851
[2746.7s] epoch 54 step 60600 avg_loss=2.829
[2748.8s] epoch 54 step 60650 avg_loss=2.837
[2751.2s] epoch 54 step 60700 avg_loss=2.860
[2753.9s] epoch 54 step 60750 avg_loss=2.894
[2755.9s] epoch 54 step 60800 avg_loss=2.889
[2757.0s] === epoch 54 done: avg_loss=2.847 (n=1106 derivations) ===
[2757.9s] epoch 55 step 60850 avg_loss=3.646
[2760.0s] epoch 55 step 60900 avg_loss=2.860
[2762.1s] epoch 55 step 60950 avg_loss=2.807
[2764.4s] epoch 55 step 61000 avg_loss=3.053
[2766.6s] epoch 55 step 61050 avg_loss=2.827
[2768.6s] epoch 55 step 61100 avg_loss=2.848
[2770.8s] epoch 55 step 61150 avg_loss=2.823
[2772.9s] epoch 55 step 61200 avg_loss=2.782
[2775.3s] epoch 55 step 61250 avg_loss=2.912
[2777.4s] epoch 55 step 61300 avg_loss=2.850
[2779.8s] epoch 55 step 61350 avg_loss=2.828
[2782.2s] epoch 55 step 61400 avg_loss=2.774
[2784.5s] epoch 55 step 61450 avg_loss=2.753
[2786.8s] epoch 55 step 61500 avg_loss=2.771
[2789.1s] epoch 55 step 61550 avg_loss=2.741
[2791.8s] epoch 55 step 61600 avg_loss=2.780
[2794.2s] epoch 55 step 61650 avg_loss=2.796
[2796.6s] epoch 55 step 61700 avg_loss=2.814
[2798.8s] epoch 55 step 61750 avg_loss=2.759
[2801.0s] epoch 55 step 61800 avg_loss=2.789
[2803.2s] epoch 55 step 61850 avg_loss=2.778
[2805.5s] epoch 55 step 61900 avg_loss=2.765
[2807.2s] === epoch 55 done: avg_loss=2.780 (n=1106 derivations) ===
[2807.9s] epoch 56 step 61950 avg_loss=3.688
[2810.1s] epoch 56 step 62000 avg_loss=2.425
[2812.4s] epoch 56 step 62050 avg_loss=2.521
[2814.7s] epoch 56 step 62100 avg_loss=2.380
[2817.3s] epoch 56 step 62150 avg_loss=2.535
[2819.8s] epoch 56 step 62200 avg_loss=2.584
[2822.4s] epoch 56 step 62250 avg_loss=2.688
[2824.9s] epoch 56 step 62300 avg_loss=2.639
[2827.3s] epoch 56 step 62350 avg_loss=2.705
[2829.4s] epoch 56 step 62400 avg_loss=2.673
[2831.8s] epoch 56 step 62450 avg_loss=2.674
[2834.3s] epoch 56 step 62500 avg_loss=2.701
[2836.5s] epoch 56 step 62550 avg_loss=2.677
[2838.5s] epoch 56 step 62600 avg_loss=2.746
[2840.8s] epoch 56 step 62650 avg_loss=2.749
[2843.1s] epoch 56 step 62700 avg_loss=2.735
[2845.4s] epoch 56 step 62750 avg_loss=2.747
[2847.6s] epoch 56 step 62800 avg_loss=2.696
[2850.2s] epoch 56 step 62850 avg_loss=2.775
[2852.5s] epoch 56 step 62900 avg_loss=2.780
[2854.6s] epoch 56 step 62950 avg_loss=2.804
[2856.6s] epoch 56 step 63000 avg_loss=2.764
[2858.1s] === epoch 56 done: avg_loss=2.753 (n=1106 derivations) ===
[2858.3s] epoch 57 step 63050 avg_loss=5.423
[2860.5s] epoch 57 step 63100 avg_loss=2.422
[2862.8s] epoch 57 step 63150 avg_loss=2.449
[2864.9s] epoch 57 step 63200 avg_loss=2.384
[2866.7s] eval step=2000 train_avg_loss=2.358 dev_rank1_f1=0.3484 dev_edge_p=0.3139 dev_edge_r=0.3915
[2869.0s] epoch 57 step 63250 avg_loss=2.224
[2871.2s] epoch 57 step 63300 avg_loss=2.256
[2873.4s] epoch 57 step 63350 avg_loss=2.434
[2875.4s] epoch 57 step 63400 avg_loss=2.313
[2877.6s] epoch 57 step 63450 avg_loss=2.360
[2880.5s] epoch 57 step 63500 avg_loss=2.495
[2882.6s] epoch 57 step 63550 avg_loss=2.531
[2884.9s] epoch 57 step 63600 avg_loss=2.524
[2887.2s] epoch 57 step 63650 avg_loss=2.548
[2889.8s] epoch 57 step 63700 avg_loss=2.597
[2892.3s] epoch 57 step 63750 avg_loss=2.608
[2894.7s] epoch 57 step 63800 avg_loss=2.660
[2897.0s] epoch 57 step 63850 avg_loss=2.661
[2899.4s] epoch 57 step 63900 avg_loss=2.702
[2901.8s] epoch 57 step 63950 avg_loss=2.692
[2903.8s] epoch 57 step 64000 avg_loss=2.688
[2906.0s] epoch 57 step 64050 avg_loss=2.700
[2908.0s] epoch 57 step 64100 avg_loss=2.681
[2909.9s] === epoch 57 done: avg_loss=2.655 (n=1106 derivations) ===
[2910.0s] epoch 58 step 64150 avg_loss=2.724
[2912.1s] epoch 58 step 64200 avg_loss=2.304
[2914.1s] epoch 58 step 64250 avg_loss=2.076
[2916.0s] epoch 58 step 64300 avg_loss=2.184
[2918.2s] epoch 58 step 64350 avg_loss=2.314
[2920.4s] epoch 58 step 64400 avg_loss=2.334
[2922.8s] epoch 58 step 64450 avg_loss=2.518
[2924.8s] epoch 58 step 64500 avg_loss=2.445
[2927.0s] epoch 58 step 64550 avg_loss=2.441
[2929.0s] epoch 58 step 64600 avg_loss=2.415
[2931.4s] epoch 58 step 64650 avg_loss=2.419
[2933.8s] epoch 58 step 64700 avg_loss=2.529
[2936.0s] epoch 58 step 64750 avg_loss=2.575
[2938.2s] epoch 58 step 64800 avg_loss=2.594
[2940.0s] epoch 58 step 64850 avg_loss=2.535
[2941.9s] epoch 58 step 64900 avg_loss=2.541
[2944.0s] epoch 58 step 64950 avg_loss=2.525
[2946.2s] epoch 58 step 65000 avg_loss=2.481
[2948.1s] epoch 58 step 65050 avg_loss=2.483
[2950.5s] epoch 58 step 65100 avg_loss=2.528
[2953.1s] epoch 58 step 65150 avg_loss=2.561
[2955.2s] epoch 58 step 65200 avg_loss=2.562
[2957.7s] epoch 58 step 65250 avg_loss=2.580
[2957.8s] === epoch 58 done: avg_loss=2.578 (n=1106 derivations) ===
[2959.7s] epoch 59 step 65300 avg_loss=1.980
[2962.3s] epoch 59 step 65350 avg_loss=2.373
[2964.4s] epoch 59 step 65400 avg_loss=2.384
[2966.6s] epoch 59 step 65450 avg_loss=2.423
[2968.7s] epoch 59 step 65500 avg_loss=2.416
[2970.7s] epoch 59 step 65550 avg_loss=2.452
[2972.7s] epoch 59 step 65600 avg_loss=2.404
[2974.8s] epoch 59 step 65650 avg_loss=2.400
[2977.1s] epoch 59 step 65700 avg_loss=2.440
[2979.3s] epoch 59 step 65750 avg_loss=2.426
[2981.5s] epoch 59 step 65800 avg_loss=2.412
[2983.6s] epoch 59 step 65850 avg_loss=2.388
[2986.3s] epoch 59 step 65900 avg_loss=2.461
[2988.7s] epoch 59 step 65950 avg_loss=2.436
[2990.8s] epoch 59 step 66000 avg_loss=2.378
[2993.2s] epoch 59 step 66050 avg_loss=2.424
[2995.5s] epoch 59 step 66100 avg_loss=2.470
[2997.9s] epoch 59 step 66150 avg_loss=2.495
[3000.3s] epoch 59 step 66200 avg_loss=2.536
[3002.4s] epoch 59 step 66250 avg_loss=2.549
[3004.5s] epoch 59 step 66300 avg_loss=2.564
[3006.5s] epoch 59 step 66350 avg_loss=2.536
[3006.9s] === epoch 59 done: avg_loss=2.548 (n=1106 derivations) ===
[3008.6s] epoch 60 step 66400 avg_loss=2.037
[3010.8s] epoch 60 step 66450 avg_loss=2.813
[3013.0s] epoch 60 step 66500 avg_loss=2.532
[3015.3s] epoch 60 step 66550 avg_loss=2.530
[3017.3s] epoch 60 step 66600 avg_loss=2.384
[3019.4s] epoch 60 step 66650 avg_loss=2.215
[3021.5s] epoch 60 step 66700 avg_loss=2.181
[3023.4s] epoch 60 step 66750 avg_loss=2.122
[3025.4s] epoch 60 step 66800 avg_loss=2.109
[3027.6s] epoch 60 step 66850 avg_loss=2.225
[3029.5s] epoch 60 step 66900 avg_loss=2.265
[3031.9s] epoch 60 step 66950 avg_loss=2.304
[3034.1s] epoch 60 step 67000 avg_loss=2.363
[3036.1s] epoch 60 step 67050 avg_loss=2.409
[3038.4s] epoch 60 step 67100 avg_loss=2.450
[3040.4s] epoch 60 step 67150 avg_loss=2.432
[3042.5s] epoch 60 step 67200 avg_loss=2.415
[3044.7s] epoch 60 step 67250 avg_loss=2.443
[3046.7s] epoch 60 step 67300 avg_loss=2.439
[3048.9s] epoch 60 step 67350 avg_loss=2.488
[3051.0s] epoch 60 step 67400 avg_loss=2.497
[3053.1s] epoch 60 step 67450 avg_loss=2.520
[3054.0s] === epoch 60 done: avg_loss=2.551 (n=1106 derivations) ===
[3055.5s] epoch 61 step 67500 avg_loss=1.553
[3057.4s] epoch 61 step 67550 avg_loss=1.616
[3059.6s] epoch 61 step 67600 avg_loss=1.921
[3061.7s] epoch 61 step 67650 avg_loss=2.031
[3063.8s] epoch 61 step 67700 avg_loss=2.199
[3066.2s] epoch 61 step 67750 avg_loss=2.247
[3068.6s] epoch 61 step 67800 avg_loss=2.276
[3070.6s] epoch 61 step 67850 avg_loss=2.238
[3072.4s] epoch 61 step 67900 avg_loss=2.246
[3074.9s] epoch 61 step 67950 avg_loss=2.296
[3077.1s] epoch 61 step 68000 avg_loss=2.286
[3079.4s] epoch 61 step 68050 avg_loss=2.291
[3081.8s] epoch 61 step 68100 avg_loss=2.315
[3084.0s] epoch 61 step 68150 avg_loss=2.316
[3086.1s] epoch 61 step 68200 avg_loss=2.342
[3088.2s] epoch 61 step 68250 avg_loss=2.357
[3090.4s] epoch 61 step 68300 avg_loss=2.354
[3092.8s] epoch 61 step 68350 avg_loss=2.450
[3094.7s] epoch 61 step 68400 avg_loss=2.429
[3096.6s] epoch 61 step 68450 avg_loss=2.406
[3098.3s] epoch 61 step 68500 avg_loss=2.384
[3100.8s] epoch 61 step 68550 avg_loss=2.410
[3101.7s] === epoch 61 done: avg_loss=2.425 (n=1106 derivations) ===
[3102.7s] epoch 62 step 68600 avg_loss=1.532
[3105.0s] epoch 62 step 68650 avg_loss=1.679
[3107.3s] epoch 62 step 68700 avg_loss=1.833
[3109.3s] epoch 62 step 68750 avg_loss=1.706
[3111.7s] epoch 62 step 68800 avg_loss=1.833
[3113.9s] epoch 62 step 68850 avg_loss=1.933
[3115.9s] epoch 62 step 68900 avg_loss=1.909
[3118.2s] epoch 62 step 68950 avg_loss=1.956
[3120.5s] epoch 62 step 69000 avg_loss=2.061
[3122.9s] epoch 62 step 69050 avg_loss=2.112
[3124.9s] epoch 62 step 69100 avg_loss=2.114
[3127.1s] epoch 62 step 69150 avg_loss=2.151
[3129.2s] epoch 62 step 69200 avg_loss=2.170
[3131.6s] epoch 62 step 69250 avg_loss=2.205
[3133.9s] epoch 62 step 69300 avg_loss=2.173
[3136.2s] epoch 62 step 69350 avg_loss=2.230
[3138.5s] epoch 62 step 69400 avg_loss=2.273
[3140.8s] epoch 62 step 69450 avg_loss=2.353
[3143.0s] epoch 62 step 69500 avg_loss=2.376
[3145.1s] epoch 62 step 69550 avg_loss=2.367
[3147.1s] epoch 62 step 69600 avg_loss=2.388
[3149.2s] epoch 62 step 69650 avg_loss=2.402
[3150.2s] === epoch 62 done: avg_loss=2.391 (n=1106 derivations) ===
[3151.3s] epoch 63 step 69700 avg_loss=2.530
[3153.5s] epoch 63 step 69750 avg_loss=1.946
[3155.6s] epoch 63 step 69800 avg_loss=1.769
[3157.5s] epoch 63 step 69850 avg_loss=1.615
[3159.9s] epoch 63 step 69900 avg_loss=1.837
[3162.2s] epoch 63 step 69950 avg_loss=1.961
[3164.2s] epoch 63 step 70000 avg_loss=2.031
[3166.3s] epoch 63 step 70050 avg_loss=1.982
[3168.2s] epoch 63 step 70100 avg_loss=2.055
[3170.6s] epoch 63 step 70150 avg_loss=2.092
[3172.7s] epoch 63 step 70200 avg_loss=2.082
[3175.1s] epoch 63 step 70250 avg_loss=2.112
[3177.6s] epoch 63 step 70300 avg_loss=2.162
[3179.9s] epoch 63 step 70350 avg_loss=2.182
[3182.2s] epoch 63 step 70400 avg_loss=2.208
[3184.7s] epoch 63 step 70450 avg_loss=2.258
[3187.1s] epoch 63 step 70500 avg_loss=2.252
[3189.1s] epoch 63 step 70550 avg_loss=2.249
[3190.9s] epoch 63 step 70600 avg_loss=2.240
[3193.0s] epoch 63 step 70650 avg_loss=2.275
[3195.3s] epoch 63 step 70700 avg_loss=2.281
[3197.6s] epoch 63 step 70750 avg_loss=2.323
[3199.1s] === epoch 63 done: avg_loss=2.333 (n=1106 derivations) ===
[3199.7s] epoch 64 step 70800 avg_loss=1.235
[3201.9s] epoch 64 step 70850 avg_loss=1.873
[3204.4s] epoch 64 step 70900 avg_loss=2.126
[3206.4s] epoch 64 step 70950 avg_loss=2.021
[3208.8s] epoch 64 step 71000 avg_loss=2.096
[3210.9s] epoch 64 step 71050 avg_loss=2.091
[3213.0s] epoch 64 step 71100 avg_loss=2.086
[3214.9s] eval step=2250 train_avg_loss=2.181 dev_rank1_f1=0.3542 dev_edge_p=0.3133 dev_edge_r=0.4074
[3217.0s] epoch 64 step 71150 avg_loss=2.184
[3219.3s] epoch 64 step 71200 avg_loss=2.136
[3221.4s] epoch 64 step 71250 avg_loss=2.111
[3223.4s] epoch 64 step 71300 avg_loss=2.090
[3225.4s] epoch 64 step 71350 avg_loss=2.053
[3227.8s] epoch 64 step 71400 avg_loss=2.061
[3230.1s] epoch 64 step 71450 avg_loss=2.075
[3232.4s] epoch 64 step 71500 avg_loss=2.085
[3234.6s] epoch 64 step 71550 avg_loss=2.087
[3236.5s] epoch 64 step 71600 avg_loss=2.095
[3238.9s] epoch 64 step 71650 avg_loss=2.182
[3241.2s] epoch 64 step 71700 avg_loss=2.240
[3243.3s] epoch 64 step 71750 avg_loss=2.227
[3245.6s] epoch 64 step 71800 avg_loss=2.247
[3247.7s] epoch 64 step 71850 avg_loss=2.265
[3249.5s] === epoch 64 done: avg_loss=2.290 (n=1106 derivations) ===
[3249.9s] epoch 65 step 71900 avg_loss=1.486
[3252.3s] epoch 65 step 71950 avg_loss=2.285
[3254.6s] epoch 65 step 72000 avg_loss=2.111
[3256.8s] epoch 65 step 72050 avg_loss=1.939
[3259.0s] epoch 65 step 72100 avg_loss=1.871
[3261.3s] epoch 65 step 72150 avg_loss=1.872
[3263.3s] epoch 65 step 72200 avg_loss=1.790
[3265.5s] epoch 65 step 72250 avg_loss=1.827
[3267.8s] epoch 65 step 72300 avg_loss=1.976
[3269.5s] epoch 65 step 72350 avg_loss=1.955
[3271.8s] epoch 65 step 72400 avg_loss=1.950
[3273.8s] epoch 65 step 72450 avg_loss=1.936
[3276.0s] epoch 65 step 72500 avg_loss=2.033
[3278.0s] epoch 65 step 72550 avg_loss=2.021
[3279.8s] epoch 65 step 72600 avg_loss=2.002
[3282.2s] epoch 65 step 72650 avg_loss=2.119
[3284.2s] epoch 65 step 72700 avg_loss=2.090
[3286.2s] epoch 65 step 72750 avg_loss=2.081
[3288.5s] epoch 65 step 72800 avg_loss=2.131
[3290.9s] epoch 65 step 72850 avg_loss=2.168
[3293.2s] epoch 65 step 72900 avg_loss=2.214
[3295.3s] epoch 65 step 72950 avg_loss=2.238
[3297.1s] === epoch 65 done: avg_loss=2.226 (n=1106 derivations) ===
[3297.4s] epoch 66 step 73000 avg_loss=2.886
[3299.2s] epoch 66 step 73050 avg_loss=1.860
[3301.8s] epoch 66 step 73100 avg_loss=2.163
[3304.0s] epoch 66 step 73150 avg_loss=2.135
[3305.9s] epoch 66 step 73200 avg_loss=1.969
[3307.9s] epoch 66 step 73250 avg_loss=1.996
[3309.9s] epoch 66 step 73300 avg_loss=1.939
[3312.0s] epoch 66 step 73350 avg_loss=1.928
[3314.2s] epoch 66 step 73400 avg_loss=1.967
[3316.3s] epoch 66 step 73450 avg_loss=2.029
[3318.4s] epoch 66 step 73500 avg_loss=2.004
[3320.8s] epoch 66 step 73550 avg_loss=2.018
[3322.9s] epoch 66 step 73600 avg_loss=2.010
[3325.1s] epoch 66 step 73650 avg_loss=2.045
[3327.5s] epoch 66 step 73700 avg_loss=2.054
[3329.9s] epoch 66 step 73750 avg_loss=2.084
[3332.2s] epoch 66 step 73800 avg_loss=2.111
[3334.3s] epoch 66 step 73850 avg_loss=2.106
[3336.4s] epoch 66 step 73900 avg_loss=2.111
[3338.7s] epoch 66 step 73950 avg_loss=2.166
[3340.6s] epoch 66 step 74000 avg_loss=2.155
[3342.6s] epoch 66 step 74050 avg_loss=2.188
[3344.4s] epoch 66 step 74100 avg_loss=2.191
[3344.5s] === epoch 66 done: avg_loss=2.190 (n=1106 derivations) ===
[3346.6s] epoch 67 step 74150 avg_loss=2.109
[3348.5s] epoch 67 step 74200 avg_loss=1.921
[3350.5s] epoch 67 step 74250 avg_loss=1.845
[3352.5s] epoch 67 step 74300 avg_loss=1.854
[3354.2s] epoch 67 step 74350 avg_loss=1.813
[3356.3s] epoch 67 step 74400 avg_loss=1.865
[3358.1s] epoch 67 step 74450 avg_loss=1.826
[3360.7s] epoch 67 step 74500 avg_loss=2.039
[3362.7s] epoch 67 step 74550 avg_loss=2.056
[3365.0s] epoch 67 step 74600 avg_loss=2.054
[3367.0s] epoch 67 step 74650 avg_loss=2.029
[3369.1s] epoch 67 step 74700 avg_loss=2.035
[3370.9s] epoch 67 step 74750 avg_loss=2.035
[3372.9s] epoch 67 step 74800 avg_loss=2.071
[3374.8s] epoch 67 step 74850 avg_loss=2.100
[3376.5s] epoch 67 step 74900 avg_loss=2.102
[3378.7s] epoch 67 step 74950 avg_loss=2.177
[3380.6s] epoch 67 step 75000 avg_loss=2.206
[3382.4s] epoch 67 step 75050 avg_loss=2.168
[3384.5s] epoch 67 step 75100 avg_loss=2.163
[3386.3s] epoch 67 step 75150 avg_loss=2.152
[3388.5s] epoch 67 step 75200 avg_loss=2.176
[3388.8s] === epoch 67 done: avg_loss=2.172 (n=1106 derivations) ===
[3390.4s] epoch 68 step 75250 avg_loss=1.834
[3392.4s] epoch 68 step 75300 avg_loss=1.846
[3394.5s] epoch 68 step 75350 avg_loss=2.066
[3396.5s] epoch 68 step 75400 avg_loss=2.009
[3398.5s] epoch 68 step 75450 avg_loss=2.053
[3400.7s] epoch 68 step 75500 avg_loss=2.042
[3402.6s] epoch 68 step 75550 avg_loss=2.084
[3404.8s] epoch 68 step 75600 avg_loss=2.034
[3406.8s] epoch 68 step 75650 avg_loss=2.033
[3409.0s] epoch 68 step 75700 avg_loss=2.043
[3411.2s] epoch 68 step 75750 avg_loss=1.992
[3413.5s] epoch 68 step 75800 avg_loss=1.982
[3415.7s] epoch 68 step 75850 avg_loss=2.001
[3417.7s] epoch 68 step 75900 avg_loss=1.970
[3419.9s] epoch 68 step 75950 avg_loss=2.031
[3422.2s] epoch 68 step 76000 avg_loss=2.084
[3424.4s] epoch 68 step 76050 avg_loss=2.102
[3426.5s] epoch 68 step 76100 avg_loss=2.118
[3428.2s] epoch 68 step 76150 avg_loss=2.073
[3430.5s] epoch 68 step 76200 avg_loss=2.126
[3432.7s] epoch 68 step 76250 avg_loss=2.121
[3434.9s] epoch 68 step 76300 avg_loss=2.106
[3435.4s] === epoch 68 done: avg_loss=2.093 (n=1106 derivations) ===
[3437.0s] epoch 69 step 76350 avg_loss=1.878
[3439.2s] epoch 69 step 76400 avg_loss=1.598
[3441.5s] epoch 69 step 76450 avg_loss=1.869
[3443.5s] epoch 69 step 76500 avg_loss=1.919
[3445.8s] epoch 69 step 76550 avg_loss=1.912
[3447.8s] epoch 69 step 76600 avg_loss=1.968
[3449.9s] epoch 69 step 76650 avg_loss=1.963
[3451.8s] epoch 69 step 76700 avg_loss=1.922
[3453.9s] epoch 69 step 76750 avg_loss=1.986
[3456.0s] epoch 69 step 76800 avg_loss=1.945
[3458.1s] epoch 69 step 76850 avg_loss=1.958
[3460.4s] epoch 69 step 76900 avg_loss=1.992
[3462.8s] epoch 69 step 76950 avg_loss=2.011
[3464.6s] epoch 69 step 77000 avg_loss=2.004
[3466.8s] epoch 69 step 77050 avg_loss=2.053
[3468.7s] epoch 69 step 77100 avg_loss=2.028
[3470.7s] epoch 69 step 77150 avg_loss=2.038
[3473.0s] epoch 69 step 77200 avg_loss=2.060
[3475.0s] epoch 69 step 77250 avg_loss=2.072
[3477.2s] epoch 69 step 77300 avg_loss=2.101
[3479.5s] epoch 69 step 77350 avg_loss=2.117
[3481.4s] epoch 69 step 77400 avg_loss=2.092
[3482.3s] === epoch 69 done: avg_loss=2.102 (n=1106 derivations) ===
[3483.8s] epoch 70 step 77450 avg_loss=2.001
[3486.0s] epoch 70 step 77500 avg_loss=2.081
[3488.0s] epoch 70 step 77550 avg_loss=2.002
[3490.2s] epoch 70 step 77600 avg_loss=2.088
[3492.6s] epoch 70 step 77650 avg_loss=2.058
[3495.3s] epoch 70 step 77700 avg_loss=2.150
[3497.4s] epoch 70 step 77750 avg_loss=2.035
[3499.5s] epoch 70 step 77800 avg_loss=1.970
[3502.2s] epoch 70 step 77850 avg_loss=2.064
[3504.4s] epoch 70 step 77900 avg_loss=1.968
[3506.9s] epoch 70 step 77950 avg_loss=1.978
[3508.9s] epoch 70 step 78000 avg_loss=1.964
[3511.3s] epoch 70 step 78050 avg_loss=1.967
[3513.1s] epoch 70 step 78100 avg_loss=2.010
[3515.3s] epoch 70 step 78150 avg_loss=2.006
[3517.1s] epoch 70 step 78200 avg_loss=1.991
[3519.0s] epoch 70 step 78250 avg_loss=1.995
[3521.0s] epoch 70 step 78300 avg_loss=2.027
[3523.1s] epoch 70 step 78350 avg_loss=2.033
[3525.1s] epoch 70 step 78400 avg_loss=2.029
[3527.3s] epoch 70 step 78450 avg_loss=2.052
[3529.1s] epoch 70 step 78500 avg_loss=2.040
[3529.9s] === epoch 70 done: avg_loss=2.035 (n=1106 derivations) ===
[3530.7s] epoch 71 step 78550 avg_loss=0.904
[3532.8s] epoch 71 step 78600 avg_loss=1.563
[3534.8s] epoch 71 step 78650 avg_loss=1.403
[3536.9s] epoch 71 step 78700 avg_loss=1.429
[3539.2s] epoch 71 step 78750 avg_loss=1.574
[3541.2s] epoch 71 step 78800 avg_loss=1.635
[3543.2s] epoch 71 step 78850 avg_loss=1.644
[3545.4s] epoch 71 step 78900 avg_loss=1.701
[3547.4s] epoch 71 step 78950 avg_loss=1.792
[3549.2s] epoch 71 step 79000 avg_loss=1.779
[3551.1s] eval step=2500 train_avg_loss=1.785 dev_rank1_f1=0.3581 dev_edge_p=0.3168 dev_edge_r=0.4119
[3552.9s] epoch 71 step 79050 avg_loss=1.787
[3554.9s] epoch 71 step 79100 avg_loss=1.784
[3557.0s] epoch 71 step 79150 avg_loss=1.760
[3559.0s] epoch 71 step 79200 avg_loss=1.764
[3560.9s] epoch 71 step 79250 avg_loss=1.785
[3563.3s] epoch 71 step 79300 avg_loss=1.822
[3565.4s] epoch 71 step 79350 avg_loss=1.875
[3567.8s] epoch 71 step 79400 avg_loss=1.887
[3570.2s] epoch 71 step 79450 avg_loss=1.914
[3572.6s] epoch 71 step 79500 avg_loss=1.946
[3574.6s] epoch 71 step 79550 avg_loss=1.948
[3577.0s] epoch 71 step 79600 avg_loss=1.975
[3578.6s] === epoch 71 done: avg_loss=1.993 (n=1106 derivations) ===
[3579.3s] epoch 72 step 79650 avg_loss=0.726
[3581.6s] epoch 72 step 79700 avg_loss=1.525
[3583.9s] epoch 72 step 79750 avg_loss=1.483
[3586.4s] epoch 72 step 79800 avg_loss=1.527
[3588.6s] epoch 72 step 79850 avg_loss=1.495
[3591.0s] epoch 72 step 79900 avg_loss=1.553
[3593.1s] epoch 72 step 79950 avg_loss=1.564
[3595.2s] epoch 72 step 80000 avg_loss=1.638
[3597.2s] epoch 72 step 80050 avg_loss=1.613
[3599.4s] epoch 72 step 80100 avg_loss=1.655
[3601.5s] epoch 72 step 80150 avg_loss=1.695
[3603.6s] epoch 72 step 80200 avg_loss=1.750
[3605.6s] epoch 72 step 80250 avg_loss=1.771
[3607.8s] epoch 72 step 80300 avg_loss=1.841
[3610.4s] epoch 72 step 80350 avg_loss=1.867
[3612.8s] epoch 72 step 80400 avg_loss=1.991
[3614.9s] epoch 72 step 80450 avg_loss=1.990
[3617.0s] epoch 72 step 80500 avg_loss=1.964
[3619.0s] epoch 72 step 80550 avg_loss=1.955
[3621.0s] epoch 72 step 80600 avg_loss=1.944
[3623.2s] epoch 72 step 80650 avg_loss=1.962
[3625.2s] epoch 72 step 80700 avg_loss=1.971
[3627.1s] === epoch 72 done: avg_loss=1.995 (n=1106 derivations) ===
[3627.6s] epoch 73 step 80750 avg_loss=3.019
[3629.9s] epoch 73 step 80800 avg_loss=2.251
[3632.2s] epoch 73 step 80850 avg_loss=2.006
[3634.1s] epoch 73 step 80900 avg_loss=1.820
[3636.6s] epoch 73 step 80950 avg_loss=1.778
[3638.9s] epoch 73 step 81000 avg_loss=1.738
[3640.8s] epoch 73 step 81050 avg_loss=1.726
[3642.9s] epoch 73 step 81100 avg_loss=1.699
[3644.9s] epoch 73 step 81150 avg_loss=1.675
[3647.3s] epoch 73 step 81200 avg_loss=1.731
[3649.3s] epoch 73 step 81250 avg_loss=1.732
[3651.3s] epoch 73 step 81300 avg_loss=1.761
[3653.6s] epoch 73 step 81350 avg_loss=1.803
[3655.3s] epoch 73 step 81400 avg_loss=1.785
[3657.3s] epoch 73 step 81450 avg_loss=1.791
[3659.6s] epoch 73 step 81500 avg_loss=1.846
[3661.5s] epoch 73 step 81550 avg_loss=1.835
[3663.5s] epoch 73 step 81600 avg_loss=1.864
[3665.8s] epoch 73 step 81650 avg_loss=1.837
[3668.1s] epoch 73 step 81700 avg_loss=1.879
[3670.5s] epoch 73 step 81750 avg_loss=1.926
[3672.8s] epoch 73 step 81800 avg_loss=1.924
[3675.2s] === epoch 73 done: avg_loss=1.973 (n=1106 derivations) ===
[3675.3s] epoch 74 step 81850 avg_loss=0.411
[3677.7s] epoch 74 step 81900 avg_loss=1.838
[3680.1s] epoch 74 step 81950 avg_loss=1.633
[3682.4s] epoch 74 step 82000 avg_loss=1.826
[3684.4s] epoch 74 step 82050 avg_loss=1.793
[3686.5s] epoch 74 step 82100 avg_loss=1.821
[3688.8s] epoch 74 step 82150 avg_loss=1.860
[3690.7s] epoch 74 step 82200 avg_loss=1.820
[3692.7s] epoch 74 step 82250 avg_loss=1.797
[3694.9s] epoch 74 step 82300 avg_loss=1.850
[3697.0s] epoch 74 step 82350 avg_loss=1.823
[3699.1s] epoch 74 step 82400 avg_loss=1.808
[3701.2s] epoch 74 step 82450 avg_loss=1.861
[3703.1s] epoch 74 step 82500 avg_loss=1.851
[3705.1s] epoch 74 step 82550 avg_loss=1.880
[3707.2s] epoch 74 step 82600 avg_loss=1.858
[3709.4s] epoch 74 step 82650 avg_loss=1.830
[3711.8s] epoch 74 step 82700 avg_loss=1.867
[3714.0s] epoch 74 step 82750 avg_loss=1.857
[3716.1s] epoch 74 step 82800 avg_loss=1.874
[3718.2s] epoch 74 step 82850 avg_loss=1.878
[3720.4s] epoch 74 step 82900 avg_loss=1.904
[3722.5s] epoch 74 step 82950 avg_loss=1.916
[3722.5s] === epoch 74 done: avg_loss=1.916 (n=1106 derivations) ===
[3724.9s] epoch 75 step 83000 avg_loss=1.632
[3726.9s] epoch 75 step 83050 avg_loss=1.464
[3729.0s] epoch 75 step 83100 avg_loss=1.483
[3731.4s] epoch 75 step 83150 avg_loss=1.609
[3733.6s] epoch 75 step 83200 avg_loss=1.659
[3735.4s] epoch 75 step 83250 avg_loss=1.611
[3737.5s] epoch 75 step 83300 avg_loss=1.640
[3739.7s] epoch 75 step 83350 avg_loss=1.656
[3741.9s] epoch 75 step 83400 avg_loss=1.629
[3744.4s] epoch 75 step 83450 avg_loss=1.700
[3746.5s] epoch 75 step 83500 avg_loss=1.741
[3748.8s] epoch 75 step 83550 avg_loss=1.755
[3750.8s] epoch 75 step 83600 avg_loss=1.753
[3752.8s] epoch 75 step 83650 avg_loss=1.762
[3754.7s] epoch 75 step 83700 avg_loss=1.771
[3756.8s] epoch 75 step 83750 avg_loss=1.793
[3758.8s] epoch 75 step 83800 avg_loss=1.773
[3760.6s] epoch 75 step 83850 avg_loss=1.798
[3762.7s] epoch 75 step 83900 avg_loss=1.812
[3764.9s] epoch 75 step 83950 avg_loss=1.832
[3767.2s] epoch 75 step 84000 avg_loss=1.848
[3769.5s] epoch 75 step 84050 avg_loss=1.878
[3769.8s] === epoch 75 done: avg_loss=1.889 (n=1106 derivations) ===
[3771.6s] epoch 76 step 84100 avg_loss=1.663
[3773.6s] epoch 76 step 84150 avg_loss=1.423
[3775.7s] epoch 76 step 84200 avg_loss=1.540
[3777.8s] epoch 76 step 84250 avg_loss=1.586
[3780.1s] epoch 76 step 84300 avg_loss=1.599
[3782.3s] epoch 76 step 84350 avg_loss=1.653
[3784.4s] epoch 76 step 84400 avg_loss=1.641
[3786.5s] epoch 76 step 84450 avg_loss=1.651
[3788.6s] epoch 76 step 84500 avg_loss=1.656
[3790.9s] epoch 76 step 84550 avg_loss=1.698
[3793.2s] epoch 76 step 84600 avg_loss=1.801
[3795.3s] epoch 76 step 84650 avg_loss=1.819
[3797.3s] epoch 76 step 84700 avg_loss=1.805
[3799.6s] epoch 76 step 84750 avg_loss=1.806
[3801.7s] epoch 76 step 84800 avg_loss=1.839
[3803.9s] epoch 76 step 84850 avg_loss=1.862
[3805.9s] epoch 76 step 84900 avg_loss=1.883
[3807.7s] epoch 76 step 84950 avg_loss=1.867
[3809.6s] epoch 76 step 85000 avg_loss=1.857
[3811.9s] epoch 76 step 85050 avg_loss=1.876
[3813.9s] epoch 76 step 85100 avg_loss=1.850
[3815.9s] epoch 76 step 85150 avg_loss=1.865
[3816.4s] === epoch 76 done: avg_loss=1.855 (n=1106 derivations) ===
[3818.1s] epoch 77 step 85200 avg_loss=1.796
[3820.5s] epoch 77 step 85250 avg_loss=1.961
[3823.1s] epoch 77 step 85300 avg_loss=1.761
[3825.4s] epoch 77 step 85350 avg_loss=1.686
[3827.7s] epoch 77 step 85400 avg_loss=1.622
[3829.9s] epoch 77 step 85450 avg_loss=1.610
[3832.1s] epoch 77 step 85500 avg_loss=1.673
[3834.0s] epoch 77 step 85550 avg_loss=1.658
[3836.5s] epoch 77 step 85600 avg_loss=1.740
[3838.6s] epoch 77 step 85650 avg_loss=1.696
[3840.8s] epoch 77 step 85700 avg_loss=1.711
[3843.1s] epoch 77 step 85750 avg_loss=1.722
[3845.2s] epoch 77 step 85800 avg_loss=1.677
[3847.6s] epoch 77 step 85850 avg_loss=1.722
[3849.7s] epoch 77 step 85900 avg_loss=1.702
[3851.7s] epoch 77 step 85950 avg_loss=1.741
[3853.8s] epoch 77 step 86000 avg_loss=1.758
[3855.8s] epoch 77 step 86050 avg_loss=1.746
[3857.9s] epoch 77 step 86100 avg_loss=1.750
[3860.2s] epoch 77 step 86150 avg_loss=1.775
[3862.2s] epoch 77 step 86200 avg_loss=1.795
[3864.3s] epoch 77 step 86250 avg_loss=1.825
[3865.0s] === epoch 77 done: avg_loss=1.834 (n=1106 derivations) ===
[3866.4s] epoch 78 step 86300 avg_loss=1.221
[3868.5s] epoch 78 step 86350 avg_loss=1.581
[3870.7s] epoch 78 step 86400 avg_loss=1.567
[3872.8s] epoch 78 step 86450 avg_loss=1.556
[3874.9s] epoch 78 step 86500 avg_loss=1.522
[3877.2s] epoch 78 step 86550 avg_loss=1.550
[3879.2s] epoch 78 step 86600 avg_loss=1.590
[3881.1s] epoch 78 step 86650 avg_loss=1.664
[3883.2s] epoch 78 step 86700 avg_loss=1.683
[3885.2s] epoch 78 step 86750 avg_loss=1.683
[3887.3s] epoch 78 step 86800 avg_loss=1.741
[3889.6s] epoch 78 step 86850 avg_loss=1.757
[3891.7s] epoch 78 step 86900 avg_loss=1.801
[3893.6s] eval step=2750 train_avg_loss=1.793 dev_rank1_f1=0.3485 dev_edge_p=0.3018 dev_edge_r=0.4124
[3895.7s] epoch 78 step 86950 avg_loss=1.809
[3897.9s] epoch 78 step 87000 avg_loss=1.789
[3900.1s] epoch 78 step 87050 avg_loss=1.781
[3902.5s] epoch 78 step 87100 avg_loss=1.783
[3905.0s] epoch 78 step 87150 avg_loss=1.790
[3907.2s] epoch 78 step 87200 avg_loss=1.790
[3909.4s] epoch 78 step 87250 avg_loss=1.808
[3912.0s] epoch 78 step 87300 avg_loss=1.816
[3913.9s] epoch 78 step 87350 avg_loss=1.805
[3915.1s] === epoch 78 done: avg_loss=1.814 (n=1106 derivations) ===
[3916.2s] epoch 79 step 87400 avg_loss=1.372
[3918.2s] epoch 79 step 87450 avg_loss=1.502
[3920.3s] epoch 79 step 87500 avg_loss=1.567
[3922.5s] epoch 79 step 87550 avg_loss=1.779
[3924.6s] epoch 79 step 87600 avg_loss=1.737
[3927.1s] epoch 79 step 87650 avg_loss=1.804
[3929.4s] epoch 79 step 87700 avg_loss=1.833
[3931.5s] epoch 79 step 87750 avg_loss=1.778
[3933.6s] epoch 79 step 87800 avg_loss=1.743
[3935.8s] epoch 79 step 87850 avg_loss=1.742
[3937.9s] epoch 79 step 87900 avg_loss=1.753
[3940.3s] epoch 79 step 87950 avg_loss=1.756
[3942.6s] epoch 79 step 88000 avg_loss=1.772
[3945.0s] epoch 79 step 88050 avg_loss=1.820
[3947.1s] epoch 79 step 88100 avg_loss=1.793
[3949.4s] epoch 79 step 88150 avg_loss=1.778
[3951.9s] epoch 79 step 88200 avg_loss=1.803
[3954.5s] epoch 79 step 88250 avg_loss=1.809
[3956.8s] epoch 79 step 88300 avg_loss=1.796
[3959.0s] epoch 79 step 88350 avg_loss=1.791
[3961.4s] epoch 79 step 88400 avg_loss=1.790
[3963.8s] epoch 79 step 88450 avg_loss=1.809
[3965.1s] === epoch 79 done: avg_loss=1.803 (n=1106 derivations) ===
[3966.1s] epoch 80 step 88500 avg_loss=2.046
[3968.5s] epoch 80 step 88550 avg_loss=1.721
[3970.8s] epoch 80 step 88600 avg_loss=1.483
[3973.0s] epoch 80 step 88650 avg_loss=1.724
[3975.0s] epoch 80 step 88700 avg_loss=1.675
[3977.0s] epoch 80 step 88750 avg_loss=1.644
[3979.1s] epoch 80 step 88800 avg_loss=1.574
[3981.4s] epoch 80 step 88850 avg_loss=1.598
[3983.7s] epoch 80 step 88900 avg_loss=1.649
[3985.7s] epoch 80 step 88950 avg_loss=1.649
[3987.5s] epoch 80 step 89000 avg_loss=1.633
[3989.6s] epoch 80 step 89050 avg_loss=1.615
[3991.7s] epoch 80 step 89100 avg_loss=1.632
[3993.8s] epoch 80 step 89150 avg_loss=1.622
[3996.0s] epoch 80 step 89200 avg_loss=1.661
[3998.3s] epoch 80 step 89250 avg_loss=1.655
[4000.1s] epoch 80 step 89300 avg_loss=1.639
[4002.0s] epoch 80 step 89350 avg_loss=1.667
[4004.1s] epoch 80 step 89400 avg_loss=1.713
[4006.3s] epoch 80 step 89450 avg_loss=1.724
[4008.5s] epoch 80 step 89500 avg_loss=1.739
[4010.9s] epoch 80 step 89550 avg_loss=1.747
[4012.6s] === epoch 80 done: avg_loss=1.777 (n=1106 derivations) ===
[4013.3s] epoch 81 step 89600 avg_loss=1.833
[4015.1s] epoch 81 step 89650 avg_loss=0.984
[4017.4s] epoch 81 step 89700 avg_loss=1.270
[4019.8s] epoch 81 step 89750 avg_loss=1.428
[4022.2s] epoch 81 step 89800 avg_loss=1.503
[4024.5s] epoch 81 step 89850 avg_loss=1.482
[4026.6s] epoch 81 step 89900 avg_loss=1.532
[4028.6s] epoch 81 step 89950 avg_loss=1.560
[4030.8s] epoch 81 step 90000 avg_loss=1.595
[4033.1s] epoch 81 step 90050 avg_loss=1.665
[4035.1s] epoch 81 step 90100 avg_loss=1.629
[4037.1s] epoch 81 step 90150 avg_loss=1.608
[4039.1s] epoch 81 step 90200 avg_loss=1.585
[4041.3s] epoch 81 step 90250 avg_loss=1.595
[4043.6s] epoch 81 step 90300 avg_loss=1.575
[4045.5s] epoch 81 step 90350 avg_loss=1.568
[4047.6s] epoch 81 step 90400 avg_loss=1.566
[4049.8s] epoch 81 step 90450 avg_loss=1.544
[4051.9s] epoch 81 step 90500 avg_loss=1.600
[4054.3s] epoch 81 step 90550 avg_loss=1.630
[4057.2s] epoch 81 step 90600 avg_loss=1.725
[4059.4s] epoch 81 step 90650 avg_loss=1.718
[4061.4s] === epoch 81 done: avg_loss=1.729 (n=1106 derivations) ===
[4061.9s] epoch 82 step 90700 avg_loss=3.667
[4064.2s] epoch 82 step 90750 avg_loss=1.833
[4066.6s] epoch 82 step 90800 avg_loss=1.915
[4068.9s] epoch 82 step 90850 avg_loss=1.928
[4071.0s] epoch 82 step 90900 avg_loss=1.829
[4073.1s] epoch 82 step 90950 avg_loss=1.720
[4075.1s] epoch 82 step 91000 avg_loss=1.674
[4077.2s] epoch 82 step 91050 avg_loss=1.683
[4079.1s] epoch 82 step 91100 avg_loss=1.664
[4081.3s] epoch 82 step 91150 avg_loss=1.642
[4083.3s] epoch 82 step 91200 avg_loss=1.580
[4085.1s] epoch 82 step 91250 avg_loss=1.563
[4087.2s] epoch 82 step 91300 avg_loss=1.614
[4089.3s] epoch 82 step 91350 avg_loss=1.640
[4091.4s] epoch 82 step 91400 avg_loss=1.626
[4093.2s] epoch 82 step 91450 avg_loss=1.621
[4095.4s] epoch 82 step 91500 avg_loss=1.673
[4097.8s] epoch 82 step 91550 avg_loss=1.713
[4099.8s] epoch 82 step 91600 avg_loss=1.722
[4102.2s] epoch 82 step 91650 avg_loss=1.721
[4104.5s] epoch 82 step 91700 avg_loss=1.753
[4106.6s] epoch 82 step 91750 avg_loss=1.737
[4108.8s] === epoch 82 done: avg_loss=1.748 (n=1106 derivations) ===
[4108.9s] epoch 83 step 91800 avg_loss=0.237
[4111.1s] epoch 83 step 91850 avg_loss=1.355
[4113.5s] epoch 83 step 91900 avg_loss=1.526
[4115.8s] epoch 83 step 91950 avg_loss=1.585
[4118.1s] epoch 83 step 92000 avg_loss=1.632
[4120.3s] epoch 83 step 92050 avg_loss=1.606
[4122.8s] epoch 83 step 92100 avg_loss=1.610
[4125.1s] epoch 83 step 92150 avg_loss=1.699
[4127.4s] epoch 83 step 92200 avg_loss=1.676
[4130.2s] epoch 83 step 92250 avg_loss=1.728
[4132.3s] epoch 83 step 92300 avg_loss=1.641
[4134.6s] epoch 83 step 92350 avg_loss=1.657
[4136.9s] epoch 83 step 92400 avg_loss=1.639
[4139.2s] epoch 83 step 92450 avg_loss=1.661
[4141.1s] epoch 83 step 92500 avg_loss=1.651
[4143.4s] epoch 83 step 92550 avg_loss=1.641
[4145.6s] epoch 83 step 92600 avg_loss=1.645
[4147.6s] epoch 83 step 92650 avg_loss=1.635
[4149.6s] epoch 83 step 92700 avg_loss=1.650
[4151.7s] epoch 83 step 92750 avg_loss=1.641
[4153.7s] epoch 83 step 92800 avg_loss=1.671
[4155.9s] epoch 83 step 92850 avg_loss=1.680
[4158.2s] epoch 83 step 92900 avg_loss=1.710
[4158.4s] === epoch 83 done: avg_loss=1.713 (n=1106 derivations) ===
[4160.6s] epoch 84 step 92950 avg_loss=1.851
[4162.8s] epoch 84 step 93000 avg_loss=1.559
[4164.6s] epoch 84 step 93050 avg_loss=1.333
[4166.5s] epoch 84 step 93100 avg_loss=1.344
[4168.8s] epoch 84 step 93150 avg_loss=1.412
[4171.2s] epoch 84 step 93200 avg_loss=1.479
[4173.6s] epoch 84 step 93250 avg_loss=1.528
[4175.5s] epoch 84 step 93300 avg_loss=1.511
[4177.8s] epoch 84 step 93350 avg_loss=1.490
[4179.9s] epoch 84 step 93400 avg_loss=1.503
[4181.8s] epoch 84 step 93450 avg_loss=1.495
[4183.9s] epoch 84 step 93500 avg_loss=1.545
[4185.9s] epoch 84 step 93550 avg_loss=1.608
[4188.2s] epoch 84 step 93600 avg_loss=1.642
[4190.1s] epoch 84 step 93650 avg_loss=1.614
[4192.1s] epoch 84 step 93700 avg_loss=1.611
[4194.3s] epoch 84 step 93750 avg_loss=1.659
[4196.3s] epoch 84 step 93800 avg_loss=1.667
[4198.3s] epoch 84 step 93850 avg_loss=1.662
[4200.1s] epoch 84 step 93900 avg_loss=1.649
[4202.1s] epoch 84 step 93950 avg_loss=1.656
[4204.6s] epoch 84 step 94000 avg_loss=1.662
[4205.0s] === epoch 84 done: avg_loss=1.669 (n=1106 derivations) ===
[4207.0s] epoch 85 step 94050 avg_loss=1.679
[4209.2s] epoch 85 step 94100 avg_loss=1.448
[4211.4s] epoch 85 step 94150 avg_loss=1.304
[4213.5s] epoch 85 step 94200 avg_loss=1.245
[4216.1s] epoch 85 step 94250 avg_loss=1.310
[4218.3s] epoch 85 step 94300 avg_loss=1.393
[4220.2s] epoch 85 step 94350 avg_loss=1.360
[4222.5s] epoch 85 step 94400 avg_loss=1.415
[4224.7s] epoch 85 step 94450 avg_loss=1.480
[4226.8s] epoch 85 step 94500 avg_loss=1.473
[4228.7s] epoch 85 step 94550 avg_loss=1.469
[4230.7s] epoch 85 step 94600 avg_loss=1.487
[4232.9s] epoch 85 step 94650 avg_loss=1.531
[4235.1s] epoch 85 step 94700 avg_loss=1.609
[4237.5s] epoch 85 step 94750 avg_loss=1.602
[4239.9s] epoch 85 step 94800 avg_loss=1.609
[4242.0s] eval step=3000 train_avg_loss=1.634 dev_rank1_f1=0.3569 dev_edge_p=0.3061 dev_edge_r=0.4278
[4243.7s] epoch 85 step 94850 avg_loss=1.626
[4245.9s] epoch 85 step 94900 avg_loss=1.621
[4248.2s] epoch 85 step 94950 avg_loss=1.657
[4250.0s] epoch 85 step 95000 avg_loss=1.662
[4252.3s] epoch 85 step 95050 avg_loss=1.676
[4254.2s] epoch 85 step 95100 avg_loss=1.692
[4254.7s] === epoch 85 done: avg_loss=1.681 (n=1106 derivations) ===
[4256.1s] epoch 86 step 95150 avg_loss=2.124
[4258.1s] epoch 86 step 95200 avg_loss=1.889
[4260.1s] epoch 86 step 95250 avg_loss=1.578
[4262.7s] epoch 86 step 95300 avg_loss=1.622
[4264.9s] epoch 86 step 95350 avg_loss=1.685
[4267.0s] epoch 86 step 95400 avg_loss=1.570
[4269.2s] epoch 86 step 95450 avg_loss=1.585
[4271.1s] epoch 86 step 95500 avg_loss=1.601
[4273.1s] epoch 86 step 95550 avg_loss=1.592
[4275.2s] epoch 86 step 95600 avg_loss=1.593
[4277.6s] epoch 86 step 95650 avg_loss=1.616
[4279.8s] epoch 86 step 95700 avg_loss=1.611
[4281.8s] epoch 86 step 95750 avg_loss=1.623
[4283.9s] epoch 86 step 95800 avg_loss=1.614
[4286.1s] epoch 86 step 95850 avg_loss=1.602
[4288.7s] epoch 86 step 95900 avg_loss=1.613
[4291.3s] epoch 86 step 95950 avg_loss=1.629
[4293.4s] epoch 86 step 96000 avg_loss=1.666
[4295.6s] epoch 86 step 96050 avg_loss=1.646
[4297.8s] epoch 86 step 96100 avg_loss=1.677
[4299.8s] epoch 86 step 96150 avg_loss=1.646
[4301.7s] epoch 86 step 96200 avg_loss=1.638
[4302.7s] === epoch 86 done: avg_loss=1.639 (n=1106 derivations) ===
[4303.8s] epoch 87 step 96250 avg_loss=1.619
[4305.8s] epoch 87 step 96300 avg_loss=1.272
[4308.0s] epoch 87 step 96350 avg_loss=1.472
[4310.2s] epoch 87 step 96400 avg_loss=1.511
[4312.3s] epoch 87 step 96450 avg_loss=1.456
[4314.4s] epoch 87 step 96500 avg_loss=1.444
[4316.6s] epoch 87 step 96550 avg_loss=1.420
[4318.7s] epoch 87 step 96600 avg_loss=1.394
[4321.1s] epoch 87 step 96650 avg_loss=1.363
[4323.4s] epoch 87 step 96700 avg_loss=1.442
[4325.6s] epoch 87 step 96750 avg_loss=1.481
[4327.5s] epoch 87 step 96800 avg_loss=1.480
[4329.7s] epoch 87 step 96850 avg_loss=1.487
[4331.9s] epoch 87 step 96900 avg_loss=1.492
[4334.0s] epoch 87 step 96950 avg_loss=1.480
[4335.9s] epoch 87 step 97000 avg_loss=1.504
[4338.4s] epoch 87 step 97050 avg_loss=1.520
[4340.9s] epoch 87 step 97100 avg_loss=1.538
[4343.1s] epoch 87 step 97150 avg_loss=1.544
[4345.2s] epoch 87 step 97200 avg_loss=1.587
[4347.4s] epoch 87 step 97250 avg_loss=1.596
[4349.3s] epoch 87 step 97300 avg_loss=1.616
[4350.9s] === epoch 87 done: avg_loss=1.643 (n=1106 derivations) ===
[4352.1s] epoch 88 step 97350 avg_loss=1.822
[4354.4s] epoch 88 step 97400 avg_loss=1.741
[4356.5s] epoch 88 step 97450 avg_loss=1.498
[4358.7s] epoch 88 step 97500 avg_loss=1.401
[4360.9s] epoch 88 step 97550 avg_loss=1.406
[4363.3s] epoch 88 step 97600 avg_loss=1.399
[4365.5s] epoch 88 step 97650 avg_loss=1.369
[4368.1s] epoch 88 step 97700 avg_loss=1.502
[4370.3s] epoch 88 step 97750 avg_loss=1.500
[4372.5s] epoch 88 step 97800 avg_loss=1.546
[4374.4s] epoch 88 step 97850 avg_loss=1.541
[4376.3s] epoch 88 step 97900 avg_loss=1.506
[4378.3s] epoch 88 step 97950 avg_loss=1.477
[4380.6s] epoch 88 step 98000 avg_loss=1.496
[4382.5s] epoch 88 step 98050 avg_loss=1.497
[4384.3s] epoch 88 step 98100 avg_loss=1.479
[4386.5s] epoch 88 step 98150 avg_loss=1.529
[4388.8s] epoch 88 step 98200 avg_loss=1.558
[4391.0s] epoch 88 step 98250 avg_loss=1.564
[4393.3s] epoch 88 step 98300 avg_loss=1.588
[4395.5s] epoch 88 step 98350 avg_loss=1.597
[4397.7s] epoch 88 step 98400 avg_loss=1.605
[4399.1s] === epoch 88 done: avg_loss=1.608 (n=1106 derivations) ===
[4399.8s] epoch 89 step 98450 avg_loss=1.082
[4401.8s] epoch 89 step 98500 avg_loss=1.240
[4404.0s] epoch 89 step 98550 avg_loss=1.254
[4406.2s] epoch 89 step 98600 avg_loss=1.377
[4408.3s] epoch 89 step 98650 avg_loss=1.350
[4410.2s] epoch 89 step 98700 avg_loss=1.327
[4412.4s] epoch 89 step 98750 avg_loss=1.285
[4414.4s] epoch 89 step 98800 avg_loss=1.264
[4416.2s] epoch 89 step 98850 avg_loss=1.300
[4418.5s] epoch 89 step 98900 avg_loss=1.336
[4420.7s] epoch 89 step 98950 avg_loss=1.380
[4422.9s] epoch 89 step 99000 avg_loss=1.427
[4425.0s] epoch 89 step 99050 avg_loss=1.464
[4427.5s] epoch 89 step 99100 avg_loss=1.497
[4429.6s] epoch 89 step 99150 avg_loss=1.491
[4431.8s] epoch 89 step 99200 avg_loss=1.494
[4434.0s] epoch 89 step 99250 avg_loss=1.524
[4436.4s] epoch 89 step 99300 avg_loss=1.527
[4438.4s] epoch 89 step 99350 avg_loss=1.554
[4440.4s] epoch 89 step 99400 avg_loss=1.562
[4442.3s] epoch 89 step 99450 avg_loss=1.550
[4444.2s] epoch 89 step 99500 avg_loss=1.556
[4445.9s] === epoch 89 done: avg_loss=1.584 (n=1106 derivations) ===
[4446.2s] epoch 90 step 99550 avg_loss=1.505
[4448.3s] epoch 90 step 99600 avg_loss=1.257
[4450.3s] epoch 90 step 99650 avg_loss=1.261
[4452.3s] epoch 90 step 99700 avg_loss=1.235
[4454.5s] epoch 90 step 99750 avg_loss=1.248
[4456.6s] epoch 90 step 99800 avg_loss=1.279
[4458.5s] epoch 90 step 99850 avg_loss=1.248
[4460.6s] epoch 90 step 99900 avg_loss=1.293
[4462.7s] epoch 90 step 99950 avg_loss=1.353
[4464.8s] epoch 90 step 100000 avg_loss=1.388
[4466.8s] epoch 90 step 100050 avg_loss=1.444
[4469.1s] epoch 90 step 100100 avg_loss=1.494
[4471.1s] epoch 90 step 100150 avg_loss=1.524
[4473.5s] epoch 90 step 100200 avg_loss=1.559
[4475.5s] epoch 90 step 100250 avg_loss=1.547
[4477.5s] epoch 90 step 100300 avg_loss=1.555
[4479.7s] epoch 90 step 100350 avg_loss=1.547
[4481.9s] epoch 90 step 100400 avg_loss=1.524
[4484.2s] epoch 90 step 100450 avg_loss=1.577
[4486.5s] epoch 90 step 100500 avg_loss=1.607
[4488.5s] epoch 90 step 100550 avg_loss=1.606
[4490.4s] epoch 90 step 100600 avg_loss=1.595
[4492.2s] === epoch 90 done: avg_loss=1.599 (n=1106 derivations) ===
[4492.5s] epoch 91 step 100650 avg_loss=1.685
[4494.4s] epoch 91 step 100700 avg_loss=1.181
[4496.5s] epoch 91 step 100750 avg_loss=1.092
[4498.3s] epoch 91 step 100800 avg_loss=1.154
[4500.4s] epoch 91 step 100850 avg_loss=1.294
[4502.5s] epoch 91 step 100900 avg_loss=1.266
[4504.6s] epoch 91 step 100950 avg_loss=1.219
[4506.8s] epoch 91 step 101000 avg_loss=1.230
[4509.2s] epoch 91 step 101050 avg_loss=1.268
[4511.2s] epoch 91 step 101100 avg_loss=1.313
[4513.3s] epoch 91 step 101150 avg_loss=1.348
[4515.3s] epoch 91 step 101200 avg_loss=1.355
[4517.8s] epoch 91 step 101250 avg_loss=1.420
[4520.1s] epoch 91 step 101300 avg_loss=1.429
[4522.5s] epoch 91 step 101350 avg_loss=1.461
[4524.6s] epoch 91 step 101400 avg_loss=1.468
[4526.9s] epoch 91 step 101450 avg_loss=1.523
[4528.9s] epoch 91 step 101500 avg_loss=1.535
[4531.1s] epoch 91 step 101550 avg_loss=1.575
[4533.0s] epoch 91 step 101600 avg_loss=1.569
[4535.1s] epoch 91 step 101650 avg_loss=1.583
[4536.9s] epoch 91 step 101700 avg_loss=1.575
[4539.1s] epoch 91 step 101750 avg_loss=1.573
[4539.2s] === epoch 91 done: avg_loss=1.573 (n=1106 derivations) ===
[4541.2s] epoch 92 step 101800 avg_loss=1.152
[4543.1s] epoch 92 step 101850 avg_loss=0.986
[4545.0s] epoch 92 step 101900 avg_loss=1.081
[4547.1s] epoch 92 step 101950 avg_loss=1.190
[4549.0s] epoch 92 step 102000 avg_loss=1.192
[4551.3s] epoch 92 step 102050 avg_loss=1.315
[4553.7s] epoch 92 step 102100 avg_loss=1.369
[4555.9s] epoch 92 step 102150 avg_loss=1.401
[4558.1s] epoch 92 step 102200 avg_loss=1.416
[4560.3s] epoch 92 step 102250 avg_loss=1.445
[4562.3s] epoch 92 step 102300 avg_loss=1.436
[4564.3s] epoch 92 step 102350 avg_loss=1.433
[4566.4s] epoch 92 step 102400 avg_loss=1.433
[4568.7s] epoch 92 step 102450 avg_loss=1.464
[4570.8s] epoch 92 step 102500 avg_loss=1.478
[4573.0s] epoch 92 step 102550 avg_loss=1.503
[4575.3s] epoch 92 step 102600 avg_loss=1.528
[4577.5s] epoch 92 step 102650 avg_loss=1.540
[4579.8s] epoch 92 step 102700 avg_loss=1.536
[4581.9s] eval step=3250 train_avg_loss=1.530 dev_rank1_f1=0.3732 dev_edge_p=0.3329 dev_edge_r=0.4248
[4583.7s] epoch 92 step 102750 avg_loss=1.553
[4586.3s] epoch 92 step 102800 avg_loss=1.572
[4588.7s] epoch 92 step 102850 avg_loss=1.573
[4589.1s] === epoch 92 done: avg_loss=1.576 (n=1106 derivations) ===
[4590.9s] epoch 93 step 102900 avg_loss=0.880
[4593.4s] epoch 93 step 102950 avg_loss=1.165
[4595.5s] epoch 93 step 103000 avg_loss=1.119
[4597.4s] epoch 93 step 103050 avg_loss=1.238
[4599.6s] epoch 93 step 103100 avg_loss=1.220
[4602.1s] epoch 93 step 103150 avg_loss=1.347
[4604.2s] epoch 93 step 103200 avg_loss=1.331
[4606.5s] epoch 93 step 103250 avg_loss=1.344
[4608.6s] epoch 93 step 103300 avg_loss=1.362
[4611.1s] epoch 93 step 103350 avg_loss=1.443
[4613.0s] epoch 93 step 103400 avg_loss=1.409
[4615.3s] epoch 93 step 103450 avg_loss=1.449
[4617.2s] epoch 93 step 103500 avg_loss=1.424
[4619.2s] epoch 93 step 103550 avg_loss=1.404
[4621.4s] epoch 93 step 103600 avg_loss=1.414
[4623.6s] epoch 93 step 103650 avg_loss=1.442
[4625.8s] epoch 93 step 103700 avg_loss=1.464
[4628.3s] epoch 93 step 103750 avg_loss=1.541
[4630.4s] epoch 93 step 103800 avg_loss=1.532
[4632.9s] epoch 93 step 103850 avg_loss=1.566
[4635.1s] epoch 93 step 103900 avg_loss=1.548
[4637.3s] epoch 93 step 103950 avg_loss=1.556
[4637.7s] === epoch 93 done: avg_loss=1.540 (n=1106 derivations) ===
[4639.2s] epoch 94 step 104000 avg_loss=1.540
[4641.4s] epoch 94 step 104050 avg_loss=1.277
[4643.5s] epoch 94 step 104100 avg_loss=1.225
[4645.4s] epoch 94 step 104150 avg_loss=1.229
[4647.6s] epoch 94 step 104200 avg_loss=1.248
[4649.8s] epoch 94 step 104250 avg_loss=1.363
[4651.6s] epoch 94 step 104300 avg_loss=1.372
[4653.8s] epoch 94 step 104350 avg_loss=1.399
[4655.6s] epoch 94 step 104400 avg_loss=1.394
[4657.8s] epoch 94 step 104450 avg_loss=1.428
[4659.8s] epoch 94 step 104500 avg_loss=1.450
[4661.8s] epoch 94 step 104550 avg_loss=1.446
[4664.2s] epoch 94 step 104600 avg_loss=1.468
[4666.4s] epoch 94 step 104650 avg_loss=1.510
[4668.8s] epoch 94 step 104700 avg_loss=1.517
[4670.9s] epoch 94 step 104750 avg_loss=1.500
[4672.8s] epoch 94 step 104800 avg_loss=1.486
[4675.1s] epoch 94 step 104850 avg_loss=1.476
[4677.4s] epoch 94 step 104900 avg_loss=1.474
[4679.6s] epoch 94 step 104950 avg_loss=1.468
[4681.9s] epoch 94 step 105000 avg_loss=1.481
[4684.3s] epoch 94 step 105050 avg_loss=1.512
[4685.2s] === epoch 94 done: avg_loss=1.521 (n=1106 derivations) ===
[4686.5s] epoch 95 step 105100 avg_loss=1.767
[4688.5s] epoch 95 step 105150 avg_loss=1.315
[4690.5s] epoch 95 step 105200 avg_loss=1.275
[4692.7s] epoch 95 step 105250 avg_loss=1.218
[4695.0s] epoch 95 step 105300 avg_loss=1.236
[4697.1s] epoch 95 step 105350 avg_loss=1.295
[4699.4s] epoch 95 step 105400 avg_loss=1.314
[4701.7s] epoch 95 step 105450 avg_loss=1.337
[4704.3s] epoch 95 step 105500 avg_loss=1.456
[4706.7s] epoch 95 step 105550 avg_loss=1.493
[4708.6s] epoch 95 step 105600 avg_loss=1.452
[4710.3s] epoch 95 step 105650 avg_loss=1.414
[4712.3s] epoch 95 step 105700 avg_loss=1.385
[4714.2s] epoch 95 step 105750 avg_loss=1.393
[4716.5s] epoch 95 step 105800 avg_loss=1.430
[4718.6s] epoch 95 step 105850 avg_loss=1.430
[4720.8s] epoch 95 step 105900 avg_loss=1.485
[4723.2s] epoch 95 step 105950 avg_loss=1.502
[4725.7s] epoch 95 step 106000 avg_loss=1.534
[4727.9s] epoch 95 step 106050 avg_loss=1.583
[4729.8s] epoch 95 step 106100 avg_loss=1.567
[4731.7s] epoch 95 step 106150 avg_loss=1.543
[4732.6s] === epoch 95 done: avg_loss=1.550 (n=1106 derivations) ===
[4733.5s] epoch 96 step 106200 avg_loss=1.451
[4735.6s] epoch 96 step 106250 avg_loss=1.631
[4737.8s] epoch 96 step 106300 avg_loss=1.645
[4740.0s] epoch 96 step 106350 avg_loss=1.602
[4742.0s] epoch 96 step 106400 avg_loss=1.551
[4744.6s] epoch 96 step 106450 avg_loss=1.546
[4746.6s] epoch 96 step 106500 avg_loss=1.509
[4748.7s] epoch 96 step 106550 avg_loss=1.507
[4750.8s] epoch 96 step 106600 avg_loss=1.496
[4753.0s] epoch 96 step 106650 avg_loss=1.550
[4755.3s] epoch 96 step 106700 avg_loss=1.561
[4757.4s] epoch 96 step 106750 avg_loss=1.565
[4759.6s] epoch 96 step 106800 avg_loss=1.537
[4761.7s] epoch 96 step 106850 avg_loss=1.562
[4763.6s] epoch 96 step 106900 avg_loss=1.545
[4765.9s] epoch 96 step 106950 avg_loss=1.546
[4768.1s] epoch 96 step 107000 avg_loss=1.561
[4770.4s] epoch 96 step 107050 avg_loss=1.576
[4772.4s] epoch 96 step 107100 avg_loss=1.569
[4774.2s] epoch 96 step 107150 avg_loss=1.562
[4776.3s] epoch 96 step 107200 avg_loss=1.542
[4778.2s] epoch 96 step 107250 avg_loss=1.528
[4779.3s] === epoch 96 done: avg_loss=1.523 (n=1106 derivations) ===
[4779.9s] epoch 97 step 107300 avg_loss=0.817
[4782.0s] epoch 97 step 107350 avg_loss=1.621
[4784.2s] epoch 97 step 107400 avg_loss=1.569
[4786.0s] epoch 97 step 107450 avg_loss=1.455
[4788.1s] epoch 97 step 107500 avg_loss=1.564
[4790.0s] epoch 97 step 107550 avg_loss=1.444
[4792.3s] epoch 97 step 107600 avg_loss=1.521
[4794.3s] epoch 97 step 107650 avg_loss=1.479
[4796.3s] epoch 97 step 107700 avg_loss=1.521
[4798.1s] epoch 97 step 107750 avg_loss=1.521
[4800.2s] epoch 97 step 107800 avg_loss=1.497
[4802.1s] epoch 97 step 107850 avg_loss=1.469
[4804.2s] epoch 97 step 107900 avg_loss=1.527
[4805.9s] epoch 97 step 107950 avg_loss=1.497
[4808.1s] epoch 97 step 108000 avg_loss=1.496
[4810.0s] epoch 97 step 108050 avg_loss=1.504
[4812.0s] epoch 97 step 108100 avg_loss=1.508
[4814.1s] epoch 97 step 108150 avg_loss=1.501
[4816.3s] epoch 97 step 108200 avg_loss=1.548
[4818.1s] epoch 97 step 108250 avg_loss=1.562
[4820.2s] epoch 97 step 108300 avg_loss=1.563
[4822.2s] epoch 97 step 108350 avg_loss=1.559
[4823.5s] === epoch 97 done: avg_loss=1.540 (n=1106 derivations) ===
[4823.9s] epoch 98 step 108400 avg_loss=0.224
[4825.9s] epoch 98 step 108450 avg_loss=1.279
[4828.0s] epoch 98 step 108500 avg_loss=1.425
[4829.8s] epoch 98 step 108550 avg_loss=1.408
[4831.8s] epoch 98 step 108600 avg_loss=1.330
[4833.9s] epoch 98 step 108650 avg_loss=1.304
[4836.0s] epoch 98 step 108700 avg_loss=1.233
[4837.6s] epoch 98 step 108750 avg_loss=1.180
[4839.5s] epoch 98 step 108800 avg_loss=1.185
[4841.6s] epoch 98 step 108850 avg_loss=1.261
[4843.7s] epoch 98 step 108900 avg_loss=1.274
[4845.7s] epoch 98 step 108950 avg_loss=1.265
[4847.6s] epoch 98 step 109000 avg_loss=1.230
[4849.7s] epoch 98 step 109050 avg_loss=1.279
[4851.7s] epoch 98 step 109100 avg_loss=1.289
[4853.7s] epoch 98 step 109150 avg_loss=1.315
[4855.7s] epoch 98 step 109200 avg_loss=1.364
[4857.8s] epoch 98 step 109250 avg_loss=1.369
[4859.6s] epoch 98 step 109300 avg_loss=1.385
[4862.1s] epoch 98 step 109350 avg_loss=1.420
[4864.2s] epoch 98 step 109400 avg_loss=1.468
[4866.3s] epoch 98 step 109450 avg_loss=1.487
[4868.1s] === epoch 98 done: avg_loss=1.506 (n=1106 derivations) ===
[4868.4s] epoch 99 step 109500 avg_loss=2.748
[4870.8s] epoch 99 step 109550 avg_loss=1.827
[4873.1s] epoch 99 step 109600 avg_loss=1.758
[4874.9s] epoch 99 step 109650 avg_loss=1.521
[4876.8s] epoch 99 step 109700 avg_loss=1.317
[4879.1s] epoch 99 step 109750 avg_loss=1.363
[4881.3s] epoch 99 step 109800 avg_loss=1.441
[4883.5s] epoch 99 step 109850 avg_loss=1.395
[4885.3s] epoch 99 step 109900 avg_loss=1.338
[4887.3s] epoch 99 step 109950 avg_loss=1.358
[4889.1s] epoch 99 step 110000 avg_loss=1.360
[4891.2s] epoch 99 step 110050 avg_loss=1.364
[4893.5s] epoch 99 step 110100 avg_loss=1.380
[4895.9s] epoch 99 step 110150 avg_loss=1.431
[4898.0s] epoch 99 step 110200 avg_loss=1.443
[4899.8s] epoch 99 step 110250 avg_loss=1.455
[4902.0s] epoch 99 step 110300 avg_loss=1.454
[4903.8s] epoch 99 step 110350 avg_loss=1.434
[4905.9s] epoch 99 step 110400 avg_loss=1.421
[4907.9s] epoch 99 step 110450 avg_loss=1.419
[4910.2s] epoch 99 step 110500 avg_loss=1.442
[4912.4s] epoch 99 step 110550 avg_loss=1.479
[4914.5s] epoch 99 step 110600 avg_loss=1.482
[4916.2s] eval step=3500 train_avg_loss=1.482 dev_rank1_f1=0.3682 dev_edge_p=0.3253 dev_edge_r=0.4243
[4916.2s] === epoch 99 done: avg_loss=1.482 (n=1106 derivations) ===
[4918.7s] epoch 100 step 110650 avg_loss=1.410
[4921.1s] epoch 100 step 110700 avg_loss=1.703
[4923.6s] epoch 100 step 110750 avg_loss=1.577
[4925.9s] epoch 100 step 110800 avg_loss=1.447
[4928.0s] epoch 100 step 110850 avg_loss=1.428
[4930.1s] epoch 100 step 110900 avg_loss=1.406
[4932.1s] epoch 100 step 110950 avg_loss=1.408
[4934.1s] epoch 100 step 111000 avg_loss=1.435
[4936.1s] epoch 100 step 111050 avg_loss=1.487
[4937.8s] epoch 100 step 111100 avg_loss=1.424
[4939.9s] epoch 100 step 111150 avg_loss=1.442
[4941.9s] epoch 100 step 111200 avg_loss=1.407
[4943.9s] epoch 100 step 111250 avg_loss=1.412
[4946.0s] epoch 100 step 111300 avg_loss=1.421
[4948.1s] epoch 100 step 111350 avg_loss=1.407
[4950.0s] epoch 100 step 111400 avg_loss=1.404
[4952.2s] epoch 100 step 111450 avg_loss=1.428
[4954.3s] epoch 100 step 111500 avg_loss=1.452
[4956.7s] epoch 100 step 111550 avg_loss=1.501
[4958.7s] epoch 100 step 111600 avg_loss=1.480
[4960.6s] epoch 100 step 111650 avg_loss=1.475
[4962.4s] epoch 100 step 111700 avg_loss=1.472
[4962.7s] === epoch 100 done: avg_loss=1.472 (n=1106 derivations) ===
[4964.5s] epoch 101 step 111750 avg_loss=1.153
[4966.5s] epoch 101 step 111800 avg_loss=1.303
[4968.8s] epoch 101 step 111850 avg_loss=1.275
[4970.9s] epoch 101 step 111900 avg_loss=1.213
[4973.1s] epoch 101 step 111950 avg_loss=1.194
[4975.3s] epoch 101 step 112000 avg_loss=1.150
[4977.4s] epoch 101 step 112050 avg_loss=1.170
[4979.5s] epoch 101 step 112100 avg_loss=1.208
[4981.7s] epoch 101 step 112150 avg_loss=1.187
[4984.1s] epoch 101 step 112200 avg_loss=1.232
[4986.5s] epoch 101 step 112250 avg_loss=1.293
[4988.9s] epoch 101 step 112300 avg_loss=1.317
[4991.2s] epoch 101 step 112350 avg_loss=1.307
[4993.0s] epoch 101 step 112400 avg_loss=1.307
[4994.9s] epoch 101 step 112450 avg_loss=1.307
[4997.2s] epoch 101 step 112500 avg_loss=1.330
[4999.6s] epoch 101 step 112550 avg_loss=1.340
[5002.1s] epoch 101 step 112600 avg_loss=1.356
[5004.5s] epoch 101 step 112650 avg_loss=1.389
[5006.6s] epoch 101 step 112700 avg_loss=1.402
[5008.7s] epoch 101 step 112750 avg_loss=1.401
[5011.3s] epoch 101 step 112800 avg_loss=1.432
[5011.8s] === epoch 101 done: avg_loss=1.435 (n=1106 derivations) ===
[5013.3s] epoch 102 step 112850 avg_loss=1.175
[5015.7s] epoch 102 step 112900 avg_loss=1.269
[5017.9s] epoch 102 step 112950 avg_loss=1.293
[5020.2s] epoch 102 step 113000 avg_loss=1.308
[5022.3s] epoch 102 step 113050 avg_loss=1.237
[5024.5s] epoch 102 step 113100 avg_loss=1.252
[5026.7s] epoch 102 step 113150 avg_loss=1.275
[5028.7s] epoch 102 step 113200 avg_loss=1.271
[5031.0s] epoch 102 step 113250 avg_loss=1.311
[5032.7s] epoch 102 step 113300 avg_loss=1.318
[5034.9s] epoch 102 step 113350 avg_loss=1.321
[5036.9s] epoch 102 step 113400 avg_loss=1.293
[5039.2s] epoch 102 step 113450 avg_loss=1.313
[5041.5s] epoch 102 step 113500 avg_loss=1.334
[5043.5s] epoch 102 step 113550 avg_loss=1.320
[5046.1s] epoch 102 step 113600 avg_loss=1.375
[5048.7s] epoch 102 step 113650 avg_loss=1.405
[5050.9s] epoch 102 step 113700 avg_loss=1.426
[5053.4s] epoch 102 step 113750 avg_loss=1.432
[5055.5s] epoch 102 step 113800 avg_loss=1.434
[5057.8s] epoch 102 step 113850 avg_loss=1.425
[5060.1s] epoch 102 step 113900 avg_loss=1.418
[5060.9s] === epoch 102 done: avg_loss=1.414 (n=1106 derivations) ===
[5062.7s] epoch 103 step 113950 avg_loss=1.371
[5065.0s] epoch 103 step 114000 avg_loss=1.543
[5067.2s] epoch 103 step 114050 avg_loss=1.266
[5069.8s] epoch 103 step 114100 avg_loss=1.279
[5072.3s] epoch 103 step 114150 avg_loss=1.218
[5074.5s] epoch 103 step 114200 avg_loss=1.283
[5076.6s] epoch 103 step 114250 avg_loss=1.265
[5079.1s] epoch 103 step 114300 avg_loss=1.309
[5081.4s] epoch 103 step 114350 avg_loss=1.312
[5083.6s] epoch 103 step 114400 avg_loss=1.306
[5086.0s] epoch 103 step 114450 avg_loss=1.350
[5088.5s] epoch 103 step 114500 avg_loss=1.374
[5091.0s] epoch 103 step 114550 avg_loss=1.378
[5093.2s] epoch 103 step 114600 avg_loss=1.355
[5095.4s] epoch 103 step 114650 avg_loss=1.373
[5097.5s] epoch 103 step 114700 avg_loss=1.353
[5099.7s] epoch 103 step 114750 avg_loss=1.366
[5101.7s] epoch 103 step 114800 avg_loss=1.343
[5103.9s] epoch 103 step 114850 avg_loss=1.363
[5106.2s] epoch 103 step 114900 avg_loss=1.373
[5108.5s] epoch 103 step 114950 avg_loss=1.405
[5110.9s] epoch 103 step 115000 avg_loss=1.422
[5112.1s] === epoch 103 done: avg_loss=1.411 (n=1106 derivations) ===
[5113.3s] epoch 104 step 115050 avg_loss=1.007
[5115.5s] epoch 104 step 115100 avg_loss=1.023
[5117.8s] epoch 104 step 115150 avg_loss=1.158
[5120.1s] epoch 104 step 115200 avg_loss=1.188
[5122.3s] epoch 104 step 115250 avg_loss=1.167
[5124.7s] epoch 104 step 115300 avg_loss=1.190
[5127.4s] epoch 104 step 115350 avg_loss=1.305
[5130.0s] epoch 104 step 115400 avg_loss=1.353
[5132.3s] epoch 104 step 115450 avg_loss=1.316
[5134.7s] epoch 104 step 115500 avg_loss=1.324
[5136.8s] epoch 104 step 115550 avg_loss=1.284
[5138.8s] epoch 104 step 115600 avg_loss=1.255
[5141.1s] epoch 104 step 115650 avg_loss=1.290
[5143.4s] epoch 104 step 115700 avg_loss=1.294
[5145.8s] epoch 104 step 115750 avg_loss=1.310
[5148.0s] epoch 104 step 115800 avg_loss=1.332
[5150.4s] epoch 104 step 115850 avg_loss=1.347
[5152.7s] epoch 104 step 115900 avg_loss=1.355
[5154.8s] epoch 104 step 115950 avg_loss=1.364
[5156.7s] epoch 104 step 116000 avg_loss=1.394
[5158.7s] epoch 104 step 116050 avg_loss=1.394
[5160.5s] epoch 104 step 116100 avg_loss=1.394
[5161.8s] === epoch 104 done: avg_loss=1.393 (n=1106 derivations) ===
[5162.5s] epoch 105 step 116150 avg_loss=0.572
[5164.4s] epoch 105 step 116200 avg_loss=0.965
[5166.1s] epoch 105 step 116250 avg_loss=0.859
[5168.3s] epoch 105 step 116300 avg_loss=1.012
[5170.7s] epoch 105 step 116350 avg_loss=1.075
[5172.9s] epoch 105 step 116400 avg_loss=1.096
[5174.8s] epoch 105 step 116450 avg_loss=1.131
[5177.4s] epoch 105 step 116500 avg_loss=1.194
[5179.7s] epoch 105 step 116550 avg_loss=1.253
[5181.8s] epoch 105 step 116600 avg_loss=1.276
[5183.6s] epoch 105 step 116650 avg_loss=1.247
[5185.7s] epoch 105 step 116700 avg_loss=1.279
[5187.8s] epoch 105 step 116750 avg_loss=1.284
[5189.5s] epoch 105 step 116800 avg_loss=1.273
[5191.3s] epoch 105 step 116850 avg_loss=1.286
[5193.4s] epoch 105 step 116900 avg_loss=1.295
[5195.6s] epoch 105 step 116950 avg_loss=1.311
[5197.6s] epoch 105 step 117000 avg_loss=1.327
[5199.6s] epoch 105 step 117050 avg_loss=1.331
[5202.0s] epoch 105 step 117100 avg_loss=1.352
[5204.1s] epoch 105 step 117150 avg_loss=1.370
[5206.2s] epoch 105 step 117200 avg_loss=1.376
[5207.8s] === epoch 105 done: avg_loss=1.375 (n=1106 derivations) ===
[5208.4s] epoch 106 step 117250 avg_loss=0.990
[5210.7s] epoch 106 step 117300 avg_loss=1.279
[5212.9s] epoch 106 step 117350 avg_loss=1.321
[5214.9s] epoch 106 step 117400 avg_loss=1.320
[5216.5s] epoch 106 step 117450 avg_loss=1.221
[5218.6s] epoch 106 step 117500 avg_loss=1.174
[5221.1s] epoch 106 step 117550 avg_loss=1.357
[5223.1s] epoch 106 step 117600 avg_loss=1.271
[5225.2s] epoch 106 step 117650 avg_loss=1.265
[5227.1s] epoch 106 step 117700 avg_loss=1.273
[5229.2s] epoch 106 step 117750 avg_loss=1.278
[5231.0s] epoch 106 step 117800 avg_loss=1.267
[5233.3s] epoch 106 step 117850 avg_loss=1.275
[5235.1s] epoch 106 step 117900 avg_loss=1.268
[5237.1s] epoch 106 step 117950 avg_loss=1.282
[5239.3s] epoch 106 step 118000 avg_loss=1.305
[5241.4s] epoch 106 step 118050 avg_loss=1.301
[5243.7s] epoch 106 step 118100 avg_loss=1.303
[5246.0s] epoch 106 step 118150 avg_loss=1.317
[5248.2s] epoch 106 step 118200 avg_loss=1.329
[5250.2s] epoch 106 step 118250 avg_loss=1.341
[5252.4s] epoch 106 step 118300 avg_loss=1.368
[5254.1s] === epoch 106 done: avg_loss=1.372 (n=1106 derivations) ===
[5254.3s] epoch 107 step 118350 avg_loss=0.385
[5256.2s] epoch 107 step 118400 avg_loss=0.856
[5258.2s] epoch 107 step 118450 avg_loss=0.895
[5260.4s] epoch 107 step 118500 avg_loss=1.146
[5262.4s] eval step=3750 train_avg_loss=1.135 dev_rank1_f1=0.3591 dev_edge_p=0.3156 dev_edge_r=0.4165
[5264.6s] epoch 107 step 118550 avg_loss=1.096
[5266.7s] epoch 107 step 118600 avg_loss=1.141
[5269.2s] epoch 107 step 118650 avg_loss=1.266
[5271.4s] epoch 107 step 118700 avg_loss=1.307
[5273.6s] epoch 107 step 118750 avg_loss=1.286
[5275.8s] epoch 107 step 118800 avg_loss=1.309
[5277.7s] epoch 107 step 118850 avg_loss=1.282
[5280.0s] epoch 107 step 118900 avg_loss=1.279
[5282.3s] epoch 107 step 118950 avg_loss=1.294
[5284.2s] epoch 107 step 119000 avg_loss=1.292
[5286.5s] epoch 107 step 119050 avg_loss=1.293
[5288.6s] epoch 107 step 119100 avg_loss=1.316
[5290.7s] epoch 107 step 119150 avg_loss=1.295
[5292.9s] epoch 107 step 119200 avg_loss=1.298
[5295.0s] epoch 107 step 119250 avg_loss=1.293
[5297.2s] epoch 107 step 119300 avg_loss=1.305
[5299.6s] epoch 107 step 119350 avg_loss=1.316
[5301.9s] epoch 107 step 119400 avg_loss=1.327
[5304.1s] === epoch 107 done: avg_loss=1.335 (n=1106 derivations) ===
[5304.3s] epoch 108 step 119450 avg_loss=5.082
[5306.4s] epoch 108 step 119500 avg_loss=0.918
[5308.4s] epoch 108 step 119550 avg_loss=1.146
[5310.4s] epoch 108 step 119600 avg_loss=1.022
[5312.5s] epoch 108 step 119650 avg_loss=1.100
[5314.8s] epoch 108 step 119700 avg_loss=1.209
[5317.2s] epoch 108 step 119750 avg_loss=1.252
[5319.3s] epoch 108 step 119800 avg_loss=1.250
[5321.6s] epoch 108 step 119850 avg_loss=1.250
[5323.7s] epoch 108 step 119900 avg_loss=1.242
[5326.0s] epoch 108 step 119950 avg_loss=1.247
[5328.0s] epoch 108 step 120000 avg_loss=1.221
[5330.2s] epoch 108 step 120050 avg_loss=1.217
[5332.3s] epoch 108 step 120100 avg_loss=1.232
[5334.3s] epoch 108 step 120150 avg_loss=1.237
[5336.4s] epoch 108 step 120200 avg_loss=1.250
[5338.6s] epoch 108 step 120250 avg_loss=1.283
[5340.7s] epoch 108 step 120300 avg_loss=1.291
[5343.0s] epoch 108 step 120350 avg_loss=1.305
[5345.0s] epoch 108 step 120400 avg_loss=1.294
[5347.0s] epoch 108 step 120450 avg_loss=1.290
[5349.1s] epoch 108 step 120500 avg_loss=1.299
[5351.0s] epoch 108 step 120550 avg_loss=1.310
[5351.3s] === epoch 108 done: avg_loss=1.310 (n=1106 derivations) ===
[5353.4s] epoch 109 step 120600 avg_loss=1.232
[5355.5s] epoch 109 step 120650 avg_loss=1.162
[5357.8s] epoch 109 step 120700 avg_loss=1.162
[5360.1s] epoch 109 step 120750 avg_loss=1.178
[5362.4s] epoch 109 step 120800 avg_loss=1.170
[5364.6s] epoch 109 step 120850 avg_loss=1.181
[5366.7s] epoch 109 step 120900 avg_loss=1.166
[5368.9s] epoch 109 step 120950 avg_loss=1.214
[5370.9s] epoch 109 step 121000 avg_loss=1.189
[5373.1s] epoch 109 step 121050 avg_loss=1.191
[5375.4s] epoch 109 step 121100 avg_loss=1.211
[5377.3s] epoch 109 step 121150 avg_loss=1.172
[5379.5s] epoch 109 step 121200 avg_loss=1.197
[5381.6s] epoch 109 step 121250 avg_loss=1.188
[5383.8s] epoch 109 step 121300 avg_loss=1.203
[5385.9s] epoch 109 step 121350 avg_loss=1.222
[5387.9s] epoch 109 step 121400 avg_loss=1.230
[5390.1s] epoch 109 step 121450 avg_loss=1.241
[5391.8s] epoch 109 step 121500 avg_loss=1.244
[5393.9s] epoch 109 step 121550 avg_loss=1.265
[5396.1s] epoch 109 step 121600 avg_loss=1.283
[5397.9s] epoch 109 step 121650 avg_loss=1.307
[5398.3s] === epoch 109 done: avg_loss=1.328 (n=1106 derivations) ===
[5400.1s] epoch 110 step 121700 avg_loss=1.027
[5402.1s] epoch 110 step 121750 avg_loss=1.105
[5404.0s] epoch 110 step 121800 avg_loss=1.008
[5405.9s] epoch 110 step 121850 avg_loss=1.027
[5407.8s] epoch 110 step 121900 avg_loss=1.147
[5409.8s] epoch 110 step 121950 avg_loss=1.155
[5411.7s] epoch 110 step 122000 avg_loss=1.191
[5413.5s] epoch 110 step 122050 avg_loss=1.148
[5415.7s] epoch 110 step 122100 avg_loss=1.162
[5417.8s] epoch 110 step 122150 avg_loss=1.187
[5419.7s] epoch 110 step 122200 avg_loss=1.144
[5421.7s] epoch 110 step 122250 avg_loss=1.190
[5423.6s] epoch 110 step 122300 avg_loss=1.192
[5425.5s] epoch 110 step 122350 avg_loss=1.184
[5427.5s] epoch 110 step 122400 avg_loss=1.203
[5429.5s] epoch 110 step 122450 avg_loss=1.235
[5431.6s] epoch 110 step 122500 avg_loss=1.249
[5433.7s] epoch 110 step 122550 avg_loss=1.237
[5435.7s] epoch 110 step 122600 avg_loss=1.262
[5438.4s] epoch 110 step 122650 avg_loss=1.312
[5440.7s] epoch 110 step 122700 avg_loss=1.316
[5443.1s] epoch 110 step 122750 avg_loss=1.309
[5443.9s] === epoch 110 done: avg_loss=1.314 (n=1106 derivations) ===
[5445.5s] epoch 111 step 122800 avg_loss=1.529
[5447.5s] epoch 111 step 122850 avg_loss=1.151
[5449.6s] epoch 111 step 122900 avg_loss=1.189
[5451.6s] epoch 111 step 122950 avg_loss=1.179
[5453.8s] epoch 111 step 123000 avg_loss=1.163
[5456.0s] epoch 111 step 123050 avg_loss=1.122
[5457.9s] epoch 111 step 123100 avg_loss=1.082
[5460.0s] epoch 111 step 123150 avg_loss=1.081
[5462.2s] epoch 111 step 123200 avg_loss=1.096
[5464.5s] epoch 111 step 123250 avg_loss=1.101
[5466.7s] epoch 111 step 123300 avg_loss=1.121
[5469.5s] epoch 111 step 123350 avg_loss=1.193
[5471.6s] epoch 111 step 123400 avg_loss=1.196
[5473.8s] epoch 111 step 123450 avg_loss=1.218
[5475.9s] epoch 111 step 123500 avg_loss=1.226
[5477.8s] epoch 111 step 123550 avg_loss=1.245
[5479.8s] epoch 111 step 123600 avg_loss=1.269
[5482.1s] epoch 111 step 123650 avg_loss=1.298
[5484.3s] epoch 111 step 123700 avg_loss=1.297
[5486.7s] epoch 111 step 123750 avg_loss=1.291
[5489.1s] epoch 111 step 123800 avg_loss=1.301
[5491.4s] epoch 111 step 123850 avg_loss=1.302
[5492.3s] === epoch 111 done: avg_loss=1.321 (n=1106 derivations) ===
[5493.6s] epoch 112 step 123900 avg_loss=1.100
[5495.8s] epoch 112 step 123950 avg_loss=1.120
[5497.7s] epoch 112 step 124000 avg_loss=0.938
[5499.6s] epoch 112 step 124050 avg_loss=0.942
[5501.7s] epoch 112 step 124100 avg_loss=1.076
[5503.9s] epoch 112 step 124150 avg_loss=1.038
[5506.2s] epoch 112 step 124200 avg_loss=1.062
[5509.1s] epoch 112 step 124250 avg_loss=1.194
[5511.2s] epoch 112 step 124300 avg_loss=1.205
[5513.6s] epoch 112 step 124350 avg_loss=1.243
[5515.8s] epoch 112 step 124400 avg_loss=1.254
[5517.7s] epoch 112 step 124450 avg_loss=1.223
[5519.8s] epoch 112 step 124500 avg_loss=1.207
[5522.1s] epoch 112 step 124550 avg_loss=1.225
[5524.3s] epoch 112 step 124600 avg_loss=1.231
[5526.8s] epoch 112 step 124650 avg_loss=1.245
[5528.9s] epoch 112 step 124700 avg_loss=1.259
[5531.1s] epoch 112 step 124750 avg_loss=1.256
[5533.5s] epoch 112 step 124800 avg_loss=1.269
[5535.9s] epoch 112 step 124850 avg_loss=1.295
[5538.1s] epoch 112 step 124900 avg_loss=1.290
[5540.2s] epoch 112 step 124950 avg_loss=1.321
[5541.1s] === epoch 112 done: avg_loss=1.311 (n=1106 derivations) ===
[5542.1s] epoch 113 step 125000 avg_loss=0.738
[5544.1s] epoch 113 step 125050 avg_loss=0.839
[5546.2s] epoch 113 step 125100 avg_loss=0.867
[5548.5s] epoch 113 step 125150 avg_loss=0.968
[5550.9s] epoch 113 step 125200 avg_loss=1.062
[5552.9s] epoch 113 step 125250 avg_loss=1.046
[5554.9s] epoch 113 step 125300 avg_loss=1.053
[5557.0s] epoch 113 step 125350 avg_loss=1.071
[5559.3s] epoch 113 step 125400 avg_loss=1.144
[5561.5s] epoch 113 step 125450 avg_loss=1.197
[5563.5s] epoch 113 step 125500 avg_loss=1.160
[5566.0s] epoch 113 step 125550 avg_loss=1.207
[5568.0s] epoch 113 step 125600 avg_loss=1.205
[5570.3s] epoch 113 step 125650 avg_loss=1.214
[5572.6s] epoch 113 step 125700 avg_loss=1.245
[5574.8s] epoch 113 step 125750 avg_loss=1.261
[5577.3s] epoch 113 step 125800 avg_loss=1.279
[5579.7s] epoch 113 step 125850 avg_loss=1.290
[5581.7s] epoch 113 step 125900 avg_loss=1.276
[5583.9s] epoch 113 step 125950 avg_loss=1.296
[5586.2s] epoch 113 step 126000 avg_loss=1.310
[5588.3s] epoch 113 step 126050 avg_loss=1.316
[5589.8s] === epoch 113 done: avg_loss=1.308 (n=1106 derivations) ===
[5590.6s] epoch 114 step 126100 avg_loss=0.727
[5593.3s] epoch 114 step 126150 avg_loss=0.991
[5596.2s] epoch 114 step 126200 avg_loss=1.127
[5598.3s] epoch 114 step 126250 avg_loss=1.073
[5600.5s] epoch 114 step 126300 avg_loss=1.045
[5602.8s] epoch 114 step 126350 avg_loss=1.017
[5605.2s] epoch 114 step 126400 avg_loss=1.096
[5607.1s] eval step=4000 train_avg_loss=1.085 dev_rank1_f1=0.3552 dev_edge_p=0.3062 dev_edge_r=0.4229
[5609.0s] epoch 114 step 126450 avg_loss=1.089
[5611.4s] epoch 114 step 126500 avg_loss=1.164
[5613.8s] epoch 114 step 126550 avg_loss=1.162
[5615.7s] epoch 114 step 126600 avg_loss=1.127
[5618.0s] epoch 114 step 126650 avg_loss=1.135
[5620.5s] epoch 114 step 126700 avg_loss=1.158
[5622.6s] epoch 114 step 126750 avg_loss=1.179
[5625.0s] epoch 114 step 126800 avg_loss=1.182
[5627.3s] epoch 114 step 126850 avg_loss=1.173
[5629.7s] epoch 114 step 126900 avg_loss=1.195
[5632.1s] epoch 114 step 126950 avg_loss=1.201
[5634.6s] epoch 114 step 127000 avg_loss=1.217
[5636.8s] epoch 114 step 127050 avg_loss=1.227
[5639.1s] epoch 114 step 127100 avg_loss=1.260
[5641.3s] epoch 114 step 127150 avg_loss=1.280
[5643.0s] === epoch 114 done: avg_loss=1.278 (n=1106 derivations) ===
[5643.5s] epoch 115 step 127200 avg_loss=1.426
[5645.9s] epoch 115 step 127250 avg_loss=1.369
[5648.0s] epoch 115 step 127300 avg_loss=1.349
[5650.3s] epoch 115 step 127350 avg_loss=1.442
[5652.4s] epoch 115 step 127400 avg_loss=1.339
[5654.7s] epoch 115 step 127450 avg_loss=1.293
[5657.1s] epoch 115 step 127500 avg_loss=1.269
[5659.4s] epoch 115 step 127550 avg_loss=1.204
[5662.0s] epoch 115 step 127600 avg_loss=1.183
[5664.3s] epoch 115 step 127650 avg_loss=1.198
[5666.3s] epoch 115 step 127700 avg_loss=1.222
[5668.4s] epoch 115 step 127750 avg_loss=1.204
[5670.9s] epoch 115 step 127800 avg_loss=1.256
[5673.0s] epoch 115 step 127850 avg_loss=1.230
[5675.2s] epoch 115 step 127900 avg_loss=1.231
[5677.4s] epoch 115 step 127950 avg_loss=1.237
[5679.7s] epoch 115 step 128000 avg_loss=1.241
[5681.8s] epoch 115 step 128050 avg_loss=1.215
[5684.3s] epoch 115 step 128100 avg_loss=1.243
[5686.6s] epoch 115 step 128150 avg_loss=1.258
[5689.1s] epoch 115 step 128200 avg_loss=1.257
[5691.6s] epoch 115 step 128250 avg_loss=1.264
[5693.7s] === epoch 115 done: avg_loss=1.279 (n=1106 derivations) ===
[5693.9s] epoch 116 step 128300 avg_loss=1.585
[5696.1s] epoch 116 step 128350 avg_loss=1.230
[5698.2s] epoch 116 step 128400 avg_loss=1.132
[5700.7s] epoch 116 step 128450 avg_loss=1.181
[5702.8s] epoch 116 step 128500 avg_loss=1.087
[5704.9s] epoch 116 step 128550 avg_loss=1.077
[5707.1s] epoch 116 step 128600 avg_loss=1.101
[5709.1s] epoch 116 step 128650 avg_loss=1.102
[5711.0s] epoch 116 step 128700 avg_loss=1.115
[5712.9s] epoch 116 step 128750 avg_loss=1.099
[5715.0s] epoch 116 step 128800 avg_loss=1.133
[5717.3s] epoch 116 step 128850 avg_loss=1.142
[5719.8s] epoch 116 step 128900 avg_loss=1.155
[5722.1s] epoch 116 step 128950 avg_loss=1.177
[5724.3s] epoch 116 step 129000 avg_loss=1.205
[5726.5s] epoch 116 step 129050 avg_loss=1.254
[5728.8s] epoch 116 step 129100 avg_loss=1.273
[5730.7s] epoch 116 step 129150 avg_loss=1.268
[5732.8s] epoch 116 step 129200 avg_loss=1.275
[5734.7s] epoch 116 step 129250 avg_loss=1.275
[5736.9s] epoch 116 step 129300 avg_loss=1.303
[5738.9s] epoch 116 step 129350 avg_loss=1.316
[5741.2s] epoch 116 step 129400 avg_loss=1.302
[5741.3s] === epoch 116 done: avg_loss=1.308 (n=1106 derivations) ===
[5743.4s] epoch 117 step 129450 avg_loss=1.022
[5745.4s] epoch 117 step 129500 avg_loss=0.818
[5747.7s] epoch 117 step 129550 avg_loss=0.996
[5749.9s] epoch 117 step 129600 avg_loss=0.965
[5751.8s] epoch 117 step 129650 avg_loss=0.924
[5754.1s] epoch 117 step 129700 avg_loss=0.948
[5756.4s] epoch 117 step 129750 avg_loss=1.055
[5758.4s] epoch 117 step 129800 avg_loss=1.103
[5760.6s] epoch 117 step 129850 avg_loss=1.117
[5762.8s] epoch 117 step 129900 avg_loss=1.114
[5764.9s] epoch 117 step 129950 avg_loss=1.138
[5766.9s] epoch 117 step 130000 avg_loss=1.134
[5769.5s] epoch 117 step 130050 avg_loss=1.189
[5772.0s] epoch 117 step 130100 avg_loss=1.221
[5774.1s] epoch 117 step 130150 avg_loss=1.259
[5776.3s] epoch 117 step 130200 avg_loss=1.267
[5778.4s] epoch 117 step 130250 avg_loss=1.257
[5780.4s] epoch 117 step 130300 avg_loss=1.279
[5782.6s] epoch 117 step 130350 avg_loss=1.275
[5784.2s] epoch 117 step 130400 avg_loss=1.260
[5786.0s] epoch 117 step 130450 avg_loss=1.275
[5788.0s] epoch 117 step 130500 avg_loss=1.276
[5788.4s] === epoch 117 done: avg_loss=1.274 (n=1106 derivations) ===
[5790.5s] epoch 118 step 130550 avg_loss=0.962
[5792.7s] epoch 118 step 130600 avg_loss=1.035
[5795.1s] epoch 118 step 130650 avg_loss=1.097
[5797.0s] epoch 118 step 130700 avg_loss=1.115
[5799.0s] epoch 118 step 130750 avg_loss=1.054
[5801.5s] epoch 118 step 130800 avg_loss=1.195
[5803.4s] epoch 118 step 130850 avg_loss=1.195
[5805.4s] epoch 118 step 130900 avg_loss=1.182
[5807.7s] epoch 118 step 130950 avg_loss=1.143
[5810.4s] epoch 118 step 131000 avg_loss=1.128
[5812.7s] epoch 118 step 131050 avg_loss=1.142
[5814.7s] epoch 118 step 131100 avg_loss=1.162
[5816.6s] epoch 118 step 131150 avg_loss=1.162
[5818.7s] epoch 118 step 131200 avg_loss=1.183
[5820.6s] epoch 118 step 131250 avg_loss=1.199
[5822.9s] epoch 118 step 131300 avg_loss=1.214
[5824.9s] epoch 118 step 131350 avg_loss=1.216
[5826.9s] epoch 118 step 131400 avg_loss=1.228
[5828.9s] epoch 118 step 131450 avg_loss=1.242
[5831.1s] epoch 118 step 131500 avg_loss=1.253
[5833.4s] epoch 118 step 131550 avg_loss=1.279
[5835.7s] epoch 118 step 131600 avg_loss=1.275
[5836.4s] === epoch 118 done: avg_loss=1.277 (n=1106 derivations) ===
[5837.8s] epoch 119 step 131650 avg_loss=1.326
[5839.9s] epoch 119 step 131700 avg_loss=1.271
[5841.9s] epoch 119 step 131750 avg_loss=1.242
[5844.0s] epoch 119 step 131800 avg_loss=1.319
[5846.0s] epoch 119 step 131850 avg_loss=1.241
[5847.9s] epoch 119 step 131900 avg_loss=1.246
[5850.1s] epoch 119 step 131950 avg_loss=1.202
[5852.4s] epoch 119 step 132000 avg_loss=1.187
[5854.3s] epoch 119 step 132050 avg_loss=1.144
[5856.4s] epoch 119 step 132100 avg_loss=1.156
[5858.5s] epoch 119 step 132150 avg_loss=1.202
[5860.9s] epoch 119 step 132200 avg_loss=1.211
[5863.2s] epoch 119 step 132250 avg_loss=1.185
[5865.4s] epoch 119 step 132300 avg_loss=1.173
[5868.2s] epoch 119 step 132350 avg_loss=1.181
[5870.6s] epoch 119 step 132400 avg_loss=1.200
[5873.1s] epoch 119 step 132450 avg_loss=1.228
[5875.4s] epoch 119 step 132500 avg_loss=1.223
[5877.5s] epoch 119 step 132550 avg_loss=1.225
[5879.7s] epoch 119 step 132600 avg_loss=1.221
[5882.0s] epoch 119 step 132650 avg_loss=1.244
[5884.0s] epoch 119 step 132700 avg_loss=1.269
[5884.9s] === epoch 119 done: avg_loss=1.275 (n=1106 derivations) ===
[5886.2s] epoch 120 step 132750 avg_loss=1.286
[5888.2s] epoch 120 step 132800 avg_loss=1.206
[5890.0s] epoch 120 step 132850 avg_loss=1.060
[5892.3s] epoch 120 step 132900 avg_loss=1.097
[5894.4s] epoch 120 step 132950 avg_loss=1.142
[5896.3s] epoch 120 step 133000 avg_loss=1.114
[5898.8s] epoch 120 step 133050 avg_loss=1.207
[5901.2s] epoch 120 step 133100 avg_loss=1.213
[5903.1s] epoch 120 step 133150 avg_loss=1.192
[5905.3s] epoch 120 step 133200 avg_loss=1.166
[5907.5s] epoch 120 step 133250 avg_loss=1.145
[5909.6s] epoch 120 step 133300 avg_loss=1.178
[5911.5s] epoch 120 step 133350 avg_loss=1.176
[5913.6s] epoch 120 step 133400 avg_loss=1.195
[5915.5s] epoch 120 step 133450 avg_loss=1.235
[5917.8s] epoch 120 step 133500 avg_loss=1.247
[5919.7s] epoch 120 step 133550 avg_loss=1.239
[5922.2s] epoch 120 step 133600 avg_loss=1.252
[5924.5s] epoch 120 step 133650 avg_loss=1.260
[5926.7s] epoch 120 step 133700 avg_loss=1.264
[5929.0s] epoch 120 step 133750 avg_loss=1.268
[5930.9s] epoch 120 step 133800 avg_loss=1.264
[5932.0s] === epoch 120 done: avg_loss=1.264 (n=1106 derivations) ===
[5933.0s] epoch 121 step 133850 avg_loss=1.032
[5935.1s] epoch 121 step 133900 avg_loss=1.303
[5936.8s] epoch 121 step 133950 avg_loss=1.025
[5938.8s] epoch 121 step 134000 avg_loss=1.101
[5940.9s] epoch 121 step 134050 avg_loss=1.113
[5943.0s] epoch 121 step 134100 avg_loss=1.090
[5945.0s] epoch 121 step 134150 avg_loss=1.133
[5946.9s] epoch 121 step 134200 avg_loss=1.134
[5949.1s] epoch 121 step 134250 avg_loss=1.141
[5951.5s] epoch 121 step 134300 avg_loss=1.142
[5953.4s] eval step=4250 train_avg_loss=1.150 dev_rank1_f1=0.3751 dev_edge_p=0.3328 dev_edge_r=0.4299
[5955.2s] epoch 121 step 134350 avg_loss=1.120
[5957.1s] epoch 121 step 134400 avg_loss=1.148
[5959.5s] epoch 121 step 134450 avg_loss=1.178
[5961.6s] epoch 121 step 134500 avg_loss=1.167
[5963.8s] epoch 121 step 134550 avg_loss=1.151
[5966.3s] epoch 121 step 134600 avg_loss=1.198
[5968.3s] epoch 121 step 134650 avg_loss=1.194
[5970.5s] epoch 121 step 134700 avg_loss=1.197
[5972.8s] epoch 121 step 134750 avg_loss=1.246
[5974.7s] epoch 121 step 134800 avg_loss=1.253
[5976.8s] epoch 121 step 134850 avg_loss=1.283
[5979.0s] epoch 121 step 134900 avg_loss=1.271
[5980.1s] === epoch 121 done: avg_loss=1.256 (n=1106 derivations) ===
[5980.9s] epoch 122 step 134950 avg_loss=0.727
[5982.8s] epoch 122 step 135000 avg_loss=0.964
[5984.8s] epoch 122 step 135050 avg_loss=0.806
[5986.8s] epoch 122 step 135100 avg_loss=0.969
[5989.5s] epoch 122 step 135150 avg_loss=0.980
[5991.7s] epoch 122 step 135200 avg_loss=1.067
[5993.7s] epoch 122 step 135250 avg_loss=1.063
[5995.6s] epoch 122 step 135300 avg_loss=1.038
[5997.6s] epoch 122 step 135350 avg_loss=1.094
[5999.7s] epoch 122 step 135400 avg_loss=1.105
[6001.7s] epoch 122 step 135450 avg_loss=1.095
[6003.9s] epoch 122 step 135500 avg_loss=1.087
[6006.2s] epoch 122 step 135550 avg_loss=1.148
[6008.6s] epoch 122 step 135600 avg_loss=1.170
[6010.6s] epoch 122 step 135650 avg_loss=1.196
[6012.6s] epoch 122 step 135700 avg_loss=1.180
[6014.6s] epoch 122 step 135750 avg_loss=1.198
[6016.7s] epoch 122 step 135800 avg_loss=1.210
[6018.9s] epoch 122 step 135850 avg_loss=1.202
[6021.1s] epoch 122 step 135900 avg_loss=1.195
[6023.2s] epoch 122 step 135950 avg_loss=1.219
[6025.2s] epoch 122 step 136000 avg_loss=1.213
[6026.6s] === epoch 122 done: avg_loss=1.235 (n=1106 derivations) ===
[6027.0s] epoch 123 step 136050 avg_loss=0.409
[6029.0s] epoch 123 step 136100 avg_loss=0.830
[6031.3s] epoch 123 step 136150 avg_loss=0.930
[6033.6s] epoch 123 step 136200 avg_loss=1.090
[6035.7s] epoch 123 step 136250 avg_loss=1.072
[6037.6s] epoch 123 step 136300 avg_loss=1.078
[6039.6s] epoch 123 step 136350 avg_loss=1.028
[6042.0s] epoch 123 step 136400 avg_loss=1.066
[6044.0s] epoch 123 step 136450 avg_loss=1.056
[6046.3s] epoch 123 step 136500 avg_loss=1.104
[6048.5s] epoch 123 step 136550 avg_loss=1.140
[6050.8s] epoch 123 step 136600 avg_loss=1.172
[6053.0s] epoch 123 step 136650 avg_loss=1.194
[6055.0s] epoch 123 step 136700 avg_loss=1.194
[6057.0s] epoch 123 step 136750 avg_loss=1.216
[6058.9s] epoch 123 step 136800 avg_loss=1.201
[6061.0s] epoch 123 step 136850 avg_loss=1.190
[6062.9s] epoch 123 step 136900 avg_loss=1.178
[6065.1s] epoch 123 step 136950 avg_loss=1.211
[6067.4s] epoch 123 step 137000 avg_loss=1.222
[6069.5s] epoch 123 step 137050 avg_loss=1.220
[6071.8s] epoch 123 step 137100 avg_loss=1.223
[6073.8s] === epoch 123 done: avg_loss=1.233 (n=1106 derivations) ===
[6074.1s] epoch 124 step 137150 avg_loss=0.771
[6076.3s] epoch 124 step 137200 avg_loss=1.332
[6078.4s] epoch 124 step 137250 avg_loss=1.199
[6080.4s] epoch 124 step 137300 avg_loss=1.172
[6082.5s] epoch 124 step 137350 avg_loss=1.175
[6084.7s] epoch 124 step 137400 avg_loss=1.102
[6086.7s] epoch 124 step 137450 avg_loss=1.100
[6088.8s] epoch 124 step 137500 avg_loss=1.095
[6091.0s] epoch 124 step 137550 avg_loss=1.137
[6093.0s] epoch 124 step 137600 avg_loss=1.114
[6095.2s] epoch 124 step 137650 avg_loss=1.137
[6097.3s] epoch 124 step 137700 avg_loss=1.125
[6099.4s] epoch 124 step 137750 avg_loss=1.166
[6101.6s] epoch 124 step 137800 avg_loss=1.186
[6103.6s] epoch 124 step 137850 avg_loss=1.173
[6106.0s] epoch 124 step 137900 avg_loss=1.194
[6108.0s] epoch 124 step 137950 avg_loss=1.188
[6110.0s] epoch 124 step 138000 avg_loss=1.208
[6112.3s] epoch 124 step 138050 avg_loss=1.213
[6114.2s] epoch 124 step 138100 avg_loss=1.222
[6116.6s] epoch 124 step 138150 avg_loss=1.238
[6118.8s] epoch 124 step 138200 avg_loss=1.239
[6121.1s] epoch 124 step 138250 avg_loss=1.241
[6121.1s] === epoch 124 done: avg_loss=1.241 (n=1106 derivations) ===
[6123.3s] epoch 125 step 138300 avg_loss=0.884
[6125.8s] epoch 125 step 138350 avg_loss=0.988
[6128.0s] epoch 125 step 138400 avg_loss=0.947
[6130.1s] epoch 125 step 138450 avg_loss=0.978
[6132.4s] epoch 125 step 138500 avg_loss=0.961
[6134.8s] epoch 125 step 138550 avg_loss=1.031
[6137.2s] epoch 125 step 138600 avg_loss=1.040
[6139.6s] epoch 125 step 138650 avg_loss=1.038
[6141.8s] epoch 125 step 138700 avg_loss=1.071
[6143.8s] epoch 125 step 138750 avg_loss=1.076
[6146.2s] epoch 125 step 138800 avg_loss=1.195
[6148.2s] epoch 125 step 138850 avg_loss=1.191
[6150.6s] epoch 125 step 138900 avg_loss=1.231
[6152.5s] epoch 125 step 138950 avg_loss=1.226
[6154.6s] epoch 125 step 139000 avg_loss=1.231
[6157.3s] epoch 125 step 139050 avg_loss=1.236
[6159.7s] epoch 125 step 139100 avg_loss=1.249
[6161.8s] epoch 125 step 139150 avg_loss=1.255
[6163.9s] epoch 125 step 139200 avg_loss=1.272
[6166.0s] epoch 125 step 139250 avg_loss=1.282
[6168.1s] epoch 125 step 139300 avg_loss=1.277
[6170.1s] epoch 125 step 139350 avg_loss=1.267
[6170.4s] === epoch 125 done: avg_loss=1.269 (n=1106 derivations) ===
[6172.2s] epoch 126 step 139400 avg_loss=1.280
[6174.3s] epoch 126 step 139450 avg_loss=1.176
[6176.4s] epoch 126 step 139500 avg_loss=1.085
[6178.6s] epoch 126 step 139550 avg_loss=1.015
[6180.5s] epoch 126 step 139600 avg_loss=0.967
[6182.9s] epoch 126 step 139650 avg_loss=1.045
[6185.1s] epoch 126 step 139700 avg_loss=1.046
[6187.2s] epoch 126 step 139750 avg_loss=1.054
[6189.5s] epoch 126 step 139800 avg_loss=1.088
[6191.9s] epoch 126 step 139850 avg_loss=1.075
[6194.2s] epoch 126 step 139900 avg_loss=1.128
[6196.3s] epoch 126 step 139950 avg_loss=1.093
[6198.6s] epoch 126 step 140000 avg_loss=1.117
[6201.2s] epoch 126 step 140050 avg_loss=1.132
[6203.4s] epoch 126 step 140100 avg_loss=1.131
[6205.7s] epoch 126 step 140150 avg_loss=1.121
[6208.0s] epoch 126 step 140200 avg_loss=1.149
[6210.0s] epoch 126 step 140250 avg_loss=1.160
[6212.1s] epoch 126 step 140300 avg_loss=1.183
[6214.5s] epoch 126 step 140350 avg_loss=1.202
[6216.6s] epoch 126 step 140400 avg_loss=1.269
[6218.8s] epoch 126 step 140450 avg_loss=1.253
[6219.3s] === epoch 126 done: avg_loss=1.249 (n=1106 derivations) ===
[6220.8s] epoch 127 step 140500 avg_loss=0.782
[6223.0s] epoch 127 step 140550 avg_loss=1.159
[6225.3s] epoch 127 step 140600 avg_loss=1.193
[6227.6s] epoch 127 step 140650 avg_loss=1.256
[6229.8s] epoch 127 step 140700 avg_loss=1.219
[6231.9s] epoch 127 step 140750 avg_loss=1.273
[6234.1s] epoch 127 step 140800 avg_loss=1.222
[6236.3s] epoch 127 step 140850 avg_loss=1.208
[6238.6s] epoch 127 step 140900 avg_loss=1.276
[6240.7s] epoch 127 step 140950 avg_loss=1.251
[6242.5s] epoch 127 step 141000 avg_loss=1.254
[6244.8s] epoch 127 step 141050 avg_loss=1.248
[6246.9s] epoch 127 step 141100 avg_loss=1.238
[6249.2s] epoch 127 step 141150 avg_loss=1.237
[6251.6s] epoch 127 step 141200 avg_loss=1.219
[6253.9s] epoch 127 step 141250 avg_loss=1.236
[6255.9s] epoch 127 step 141300 avg_loss=1.238
[6258.2s] epoch 127 step 141350 avg_loss=1.249
[6260.1s] epoch 127 step 141400 avg_loss=1.227
[6262.3s] epoch 127 step 141450 avg_loss=1.245
[6264.4s] epoch 127 step 141500 avg_loss=1.242
[6266.3s] epoch 127 step 141550 avg_loss=1.243
[6266.9s] === epoch 127 done: avg_loss=1.246 (n=1106 derivations) ===
[6268.2s] epoch 128 step 141600 avg_loss=1.136
[6270.3s] epoch 128 step 141650 avg_loss=1.162
[6272.6s] epoch 128 step 141700 avg_loss=1.062
[6274.6s] epoch 128 step 141750 avg_loss=1.081
[6276.6s] epoch 128 step 141800 avg_loss=1.123
[6278.6s] epoch 128 step 141850 avg_loss=1.080
[6280.5s] epoch 128 step 141900 avg_loss=1.033
[6282.4s] epoch 128 step 141950 avg_loss=1.029
[6284.6s] epoch 128 step 142000 avg_loss=1.083
[6286.4s] epoch 128 step 142050 avg_loss=1.107
[6288.4s] epoch 128 step 142100 avg_loss=1.129
[6290.8s] epoch 128 step 142150 avg_loss=1.117
[6292.9s] epoch 128 step 142200 avg_loss=1.148
[6294.9s] eval step=4500 train_avg_loss=1.142 dev_rank1_f1=0.3753 dev_edge_p=0.3274 dev_edge_r=0.4396
[6296.8s] epoch 128 step 142250 avg_loss=1.158
[6298.9s] epoch 128 step 142300 avg_loss=1.136
[6301.3s] epoch 128 step 142350 avg_loss=1.157
[6303.6s] epoch 128 step 142400 avg_loss=1.177
[6305.7s] epoch 128 step 142450 avg_loss=1.184
[6308.1s] epoch 128 step 142500 avg_loss=1.211
[6310.3s] epoch 128 step 142550 avg_loss=1.209
[6312.6s] epoch 128 step 142600 avg_loss=1.220
[6314.9s] epoch 128 step 142650 avg_loss=1.240
[6316.2s] === epoch 128 done: avg_loss=1.225 (n=1106 derivations) ===
[6317.6s] epoch 129 step 142700 avg_loss=1.401
[6319.8s] epoch 129 step 142750 avg_loss=1.128
[6322.1s] epoch 129 step 142800 avg_loss=1.039
[6323.8s] epoch 129 step 142850 avg_loss=0.929
[6326.2s] epoch 129 step 142900 avg_loss=1.030
[6328.4s] epoch 129 step 142950 avg_loss=1.082
[6330.6s] epoch 129 step 143000 avg_loss=1.180
[6332.5s] epoch 129 step 143050 avg_loss=1.173
[6334.9s] epoch 129 step 143100 avg_loss=1.166
[6337.2s] epoch 129 step 143150 avg_loss=1.154
[6339.4s] epoch 129 step 143200 avg_loss=1.193
[6341.6s] epoch 129 step 143250 avg_loss=1.163
[6343.6s] epoch 129 step 143300 avg_loss=1.160
[6345.8s] epoch 129 step 143350 avg_loss=1.171
[6348.0s] epoch 129 step 143400 avg_loss=1.185
[6349.7s] epoch 129 step 143450 avg_loss=1.159
[6351.8s] epoch 129 step 143500 avg_loss=1.165
[6354.1s] epoch 129 step 143550 avg_loss=1.176
[6356.4s] epoch 129 step 143600 avg_loss=1.207
[6358.5s] epoch 129 step 143650 avg_loss=1.194
[6360.4s] epoch 129 step 143700 avg_loss=1.185
[6362.3s] epoch 129 step 143750 avg_loss=1.207
[6363.8s] === epoch 129 done: avg_loss=1.203 (n=1106 derivations) ===
[6364.6s] epoch 130 step 143800 avg_loss=0.666
[6366.6s] epoch 130 step 143850 avg_loss=0.874
[6369.0s] epoch 130 step 143900 avg_loss=0.973
[6371.2s] epoch 130 step 143950 avg_loss=0.955
[6373.2s] epoch 130 step 144000 avg_loss=1.021
[6375.4s] epoch 130 step 144050 avg_loss=1.042
[6377.5s] epoch 130 step 144100 avg_loss=1.074
[6379.8s] epoch 130 step 144150 avg_loss=1.065
[6381.7s] epoch 130 step 144200 avg_loss=1.042
[6383.7s] epoch 130 step 144250 avg_loss=1.051
[6385.8s] epoch 130 step 144300 avg_loss=1.055
[6387.9s] epoch 130 step 144350 avg_loss=1.049
[6390.1s] epoch 130 step 144400 avg_loss=1.091
[6392.5s] epoch 130 step 144450 avg_loss=1.066
[6394.8s] epoch 130 step 144500 avg_loss=1.111
[6396.9s] epoch 130 step 144550 avg_loss=1.115
[6399.2s] epoch 130 step 144600 avg_loss=1.128
[6401.3s] epoch 130 step 144650 avg_loss=1.129
[6403.5s] epoch 130 step 144700 avg_loss=1.143
[6405.6s] epoch 130 step 144750 avg_loss=1.163
[6407.6s] epoch 130 step 144800 avg_loss=1.163
[6409.9s] epoch 130 step 144850 avg_loss=1.199
[6411.4s] === epoch 130 done: avg_loss=1.216 (n=1106 derivations) ===
[6411.8s] epoch 131 step 144900 avg_loss=0.713
[6413.7s] epoch 131 step 144950 avg_loss=0.772
[6415.7s] epoch 131 step 145000 avg_loss=0.796
[6417.7s] epoch 131 step 145050 avg_loss=0.849
[6419.7s] epoch 131 step 145100 avg_loss=0.807
[6422.0s] epoch 131 step 145150 avg_loss=0.877
[6424.3s] epoch 131 step 145200 avg_loss=0.943
[6426.3s] epoch 131 step 145250 avg_loss=0.977
[6428.7s] epoch 131 step 145300 avg_loss=0.967
[6430.7s] epoch 131 step 145350 avg_loss=0.981
[6433.1s] epoch 131 step 145400 avg_loss=1.038
[6435.1s] epoch 131 step 145450 avg_loss=1.064
[6437.3s] epoch 131 step 145500 avg_loss=1.054
[6439.4s] epoch 131 step 145550 avg_loss=1.049
[6441.6s] epoch 131 step 145600 avg_loss=1.071
[6443.8s] epoch 131 step 145650 avg_loss=1.080
[6445.9s] epoch 131 step 145700 avg_loss=1.091
[6448.1s] epoch 131 step 145750 avg_loss=1.136
[6450.4s] epoch 131 step 145800 avg_loss=1.146
[6452.5s] epoch 131 step 145850 avg_loss=1.156
[6454.4s] epoch 131 step 145900 avg_loss=1.166
[6456.5s] epoch 131 step 145950 avg_loss=1.172
[6458.2s] === epoch 131 done: avg_loss=1.186 (n=1106 derivations) ===
[6458.6s] epoch 132 step 146000 avg_loss=1.485
[6460.5s] epoch 132 step 146050 avg_loss=1.037
[6462.6s] epoch 132 step 146100 avg_loss=1.094
[6464.8s] epoch 132 step 146150 avg_loss=1.109
[6466.9s] epoch 132 step 146200 avg_loss=1.048
[6469.1s] epoch 132 step 146250 avg_loss=1.148
[6471.2s] epoch 132 step 146300 avg_loss=1.084
[6473.1s] epoch 132 step 146350 avg_loss=1.054
[6475.0s] epoch 132 step 146400 avg_loss=1.036
[6477.3s] epoch 132 step 146450 avg_loss=1.044
[6479.9s] epoch 132 step 146500 avg_loss=1.070
[6482.3s] epoch 132 step 146550 avg_loss=1.088
[6484.3s] epoch 132 step 146600 avg_loss=1.094
[6486.5s] epoch 132 step 146650 avg_loss=1.106
[6488.6s] epoch 132 step 146700 avg_loss=1.122
[6490.7s] epoch 132 step 146750 avg_loss=1.139
[6492.7s] epoch 132 step 146800 avg_loss=1.142
[6494.9s] epoch 132 step 146850 avg_loss=1.153
[6497.1s] epoch 132 step 146900 avg_loss=1.171
[6498.9s] epoch 132 step 146950 avg_loss=1.183
[6501.0s] epoch 132 step 147000 avg_loss=1.194
[6503.0s] epoch 132 step 147050 avg_loss=1.187
[6504.9s] === epoch 132 done: avg_loss=1.191 (n=1106 derivations) ===
[6505.0s] epoch 133 step 147100 avg_loss=0.494
[6507.1s] epoch 133 step 147150 avg_loss=0.837
[6509.0s] epoch 133 step 147200 avg_loss=0.887
[6511.1s] epoch 133 step 147250 avg_loss=0.968
[6513.6s] epoch 133 step 147300 avg_loss=1.150
[6516.0s] epoch 133 step 147350 avg_loss=1.146
[6518.1s] epoch 133 step 147400 avg_loss=1.176
[6519.9s] epoch 133 step 147450 avg_loss=1.188
[6522.1s] epoch 133 step 147500 avg_loss=1.190
[6524.4s] epoch 133 step 147550 avg_loss=1.196
[6526.4s] epoch 133 step 147600 avg_loss=1.133
[6528.7s] epoch 133 step 147650 avg_loss=1.132
[6531.2s] epoch 133 step 147700 avg_loss=1.133
[6533.4s] epoch 133 step 147750 avg_loss=1.130
[6535.6s] epoch 133 step 147800 avg_loss=1.137
[6537.5s] epoch 133 step 147850 avg_loss=1.140
[6539.4s] epoch 133 step 147900 avg_loss=1.133
[6541.3s] epoch 133 step 147950 avg_loss=1.145
[6543.5s] epoch 133 step 148000 avg_loss=1.144
[6545.4s] epoch 133 step 148050 avg_loss=1.162
[6547.5s] epoch 133 step 148100 avg_loss=1.198
[6549.6s] epoch 133 step 148150 avg_loss=1.217
[6551.6s] epoch 133 step 148200 avg_loss=1.231
[6551.7s] === epoch 133 done: avg_loss=1.228 (n=1106 derivations) ===
[6553.5s] epoch 134 step 148250 avg_loss=0.836
[6555.5s] epoch 134 step 148300 avg_loss=0.918
[6557.4s] epoch 134 step 148350 avg_loss=0.875
[6559.6s] epoch 134 step 148400 avg_loss=0.948
[6561.6s] epoch 134 step 148450 avg_loss=0.939
[6563.7s] epoch 134 step 148500 avg_loss=0.951
[6565.8s] epoch 134 step 148550 avg_loss=0.984
[6568.0s] epoch 134 step 148600 avg_loss=1.048
[6570.3s] epoch 134 step 148650 avg_loss=1.056
[6572.9s] epoch 134 step 148700 avg_loss=1.120
[6574.9s] epoch 134 step 148750 avg_loss=1.115
[6576.9s] epoch 134 step 148800 avg_loss=1.127
[6578.6s] epoch 134 step 148850 avg_loss=1.110
[6581.0s] epoch 134 step 148900 avg_loss=1.139
[6583.7s] epoch 134 step 148950 avg_loss=1.119
[6585.9s] epoch 134 step 149000 avg_loss=1.159
[6588.0s] epoch 134 step 149050 avg_loss=1.160
[6590.1s] epoch 134 step 149100 avg_loss=1.143
[6592.5s] epoch 134 step 149150 avg_loss=1.187
[6594.7s] epoch 134 step 149200 avg_loss=1.199
[6597.1s] epoch 134 step 149250 avg_loss=1.209
[6599.6s] epoch 134 step 149300 avg_loss=1.236
[6599.9s] === epoch 134 done: avg_loss=1.228 (n=1106 derivations) ===
[6602.1s] epoch 135 step 149350 avg_loss=1.077
[6604.2s] epoch 135 step 149400 avg_loss=1.089
[6606.2s] epoch 135 step 149450 avg_loss=1.083
[6608.5s] epoch 135 step 149500 avg_loss=1.132
[6610.6s] epoch 135 step 149550 avg_loss=1.183
[6612.8s] epoch 135 step 149600 avg_loss=1.185
[6615.2s] epoch 135 step 149650 avg_loss=1.175
[6617.4s] epoch 135 step 149700 avg_loss=1.178
[6619.5s] epoch 135 step 149750 avg_loss=1.132
[6621.7s] epoch 135 step 149800 avg_loss=1.114
[6624.1s] epoch 135 step 149850 avg_loss=1.101
[6626.8s] epoch 135 step 149900 avg_loss=1.107
[6629.0s] epoch 135 step 149950 avg_loss=1.091
[6631.6s] epoch 135 step 150000 avg_loss=1.128
[6634.0s] epoch 135 step 150050 avg_loss=1.125
[6636.4s] epoch 135 step 150100 avg_loss=1.145
[6638.7s] eval step=4750 train_avg_loss=1.137 dev_rank1_f1=0.3499 dev_edge_p=0.3049 dev_edge_r=0.4105
[6640.4s] epoch 135 step 150150 avg_loss=1.144
[6643.1s] epoch 135 step 150200 avg_loss=1.177
[6645.5s] epoch 135 step 150250 avg_loss=1.180
[6647.9s] epoch 135 step 150300 avg_loss=1.181
[6650.3s] epoch 135 step 150350 avg_loss=1.192
[6652.4s] epoch 135 step 150400 avg_loss=1.185
[6653.2s] === epoch 135 done: avg_loss=1.185 (n=1106 derivations) ===
[6654.7s] epoch 136 step 150450 avg_loss=1.212
[6657.2s] epoch 136 step 150500 avg_loss=1.387
[6659.7s] epoch 136 step 150550 avg_loss=1.228
[6661.9s] epoch 136 step 150600 avg_loss=1.228
[6664.0s] epoch 136 step 150650 avg_loss=1.226
[6666.3s] epoch 136 step 150700 avg_loss=1.219
[6668.6s] epoch 136 step 150750 avg_loss=1.201
[6671.1s] epoch 136 step 150800 avg_loss=1.198
[6673.6s] epoch 136 step 150850 avg_loss=1.200
[6676.0s] epoch 136 step 150900 avg_loss=1.156
[6678.8s] epoch 136 step 150950 avg_loss=1.185
[6681.1s] epoch 136 step 151000 avg_loss=1.175
[6683.5s] epoch 136 step 151050 avg_loss=1.175
[6685.8s] epoch 136 step 151100 avg_loss=1.158
[6688.3s] epoch 136 step 151150 avg_loss=1.146
[6690.6s] epoch 136 step 151200 avg_loss=1.140
[6692.9s] epoch 136 step 151250 avg_loss=1.127
[6695.2s] epoch 136 step 151300 avg_loss=1.115
[6697.7s] epoch 136 step 151350 avg_loss=1.120
[6700.1s] epoch 136 step 151400 avg_loss=1.131
[6702.3s] epoch 136 step 151450 avg_loss=1.152
[6704.6s] epoch 136 step 151500 avg_loss=1.178
[6705.5s] === epoch 136 done: avg_loss=1.168 (n=1106 derivations) ===
[6706.6s] epoch 137 step 151550 avg_loss=1.100
[6708.8s] epoch 137 step 151600 avg_loss=0.877
[6711.0s] epoch 137 step 151650 avg_loss=0.883
[6713.2s] epoch 137 step 151700 avg_loss=0.862
[6715.4s] epoch 137 step 151750 avg_loss=0.845
[6717.8s] epoch 137 step 151800 avg_loss=0.934
[6720.2s] epoch 137 step 151850 avg_loss=0.948
[6722.5s] epoch 137 step 151900 avg_loss=0.933
[6724.7s] epoch 137 step 151950 avg_loss=0.953
[6726.5s] epoch 137 step 152000 avg_loss=0.893
[6728.9s] epoch 137 step 152050 avg_loss=0.940
[6731.4s] epoch 137 step 152100 avg_loss=0.967
[6733.9s] epoch 137 step 152150 avg_loss=1.009
[6736.2s] epoch 137 step 152200 avg_loss=1.035
[6739.1s] epoch 137 step 152250 avg_loss=1.063
[6741.4s] epoch 137 step 152300 avg_loss=1.077
[6743.8s] epoch 137 step 152350 avg_loss=1.097
[6746.2s] epoch 137 step 152400 avg_loss=1.106
[6748.5s] epoch 137 step 152450 avg_loss=1.125
[6750.8s] epoch 137 step 152500 avg_loss=1.117
[6753.0s] epoch 137 step 152550 avg_loss=1.133
[6755.5s] epoch 137 step 152600 avg_loss=1.146
[6757.0s] === epoch 137 done: avg_loss=1.154 (n=1106 derivations) ===
[6758.0s] epoch 138 step 152650 avg_loss=0.433
[6760.4s] epoch 138 step 152700 avg_loss=0.712
[6762.4s] epoch 138 step 152750 avg_loss=0.745
[6764.7s] epoch 138 step 152800 avg_loss=0.815
[6767.4s] epoch 138 step 152850 avg_loss=0.878
[6770.0s] epoch 138 step 152900 avg_loss=0.927
[6772.5s] epoch 138 step 152950 avg_loss=1.031
[6774.9s] epoch 138 step 153000 avg_loss=1.033
[6777.1s] epoch 138 step 153050 avg_loss=1.026
[6779.2s] epoch 138 step 153100 avg_loss=1.039
[6781.4s] epoch 138 step 153150 avg_loss=1.042
[6783.7s] epoch 138 step 153200 avg_loss=1.050
[6786.1s] epoch 138 step 153250 avg_loss=1.071
[6788.2s] epoch 138 step 153300 avg_loss=1.082
[6790.6s] epoch 138 step 153350 avg_loss=1.087
[6793.1s] epoch 138 step 153400 avg_loss=1.118
[6795.2s] epoch 138 step 153450 avg_loss=1.128
[6797.6s] epoch 138 step 153500 avg_loss=1.121
[6800.3s] epoch 138 step 153550 avg_loss=1.148
[6802.7s] epoch 138 step 153600 avg_loss=1.153
[6805.0s] epoch 138 step 153650 avg_loss=1.151
[6807.4s] epoch 138 step 153700 avg_loss=1.161
[6809.1s] === epoch 138 done: avg_loss=1.191 (n=1106 derivations) ===
[6809.7s] epoch 139 step 153750 avg_loss=0.640
[6811.9s] epoch 139 step 153800 avg_loss=0.908
[6814.6s] epoch 139 step 153850 avg_loss=1.061
[6816.9s] epoch 139 step 153900 avg_loss=1.028
[6819.1s] epoch 139 step 153950 avg_loss=1.039
[6821.5s] epoch 139 step 154000 avg_loss=0.997
[6824.1s] epoch 139 step 154050 avg_loss=1.093
[6826.3s] epoch 139 step 154100 avg_loss=1.130
[6828.8s] epoch 139 step 154150 avg_loss=1.169
[6831.1s] epoch 139 step 154200 avg_loss=1.158
[6833.8s] epoch 139 step 154250 avg_loss=1.163
[6836.0s] epoch 139 step 154300 avg_loss=1.198
[6838.2s] epoch 139 step 154350 avg_loss=1.187
[6840.7s] epoch 139 step 154400 avg_loss=1.176
[6843.0s] epoch 139 step 154450 avg_loss=1.186
[6845.0s] epoch 139 step 154500 avg_loss=1.166
[6847.6s] epoch 139 step 154550 avg_loss=1.186
[6850.4s] epoch 139 step 154600 avg_loss=1.215
[6852.7s] epoch 139 step 154650 avg_loss=1.207
[6854.9s] epoch 139 step 154700 avg_loss=1.204
[6857.3s] epoch 139 step 154750 avg_loss=1.210
[6859.6s] epoch 139 step 154800 avg_loss=1.214
[6861.9s] === epoch 139 done: avg_loss=1.217 (n=1106 derivations) ===
[6862.3s] epoch 140 step 154850 avg_loss=0.662
[6864.2s] epoch 140 step 154900 avg_loss=0.667
[6866.6s] epoch 140 step 154950 avg_loss=0.882
[6869.0s] epoch 140 step 155000 avg_loss=0.913
[6871.5s] epoch 140 step 155050 avg_loss=0.996
[6874.2s] epoch 140 step 155100 avg_loss=1.053
[6876.6s] epoch 140 step 155150 avg_loss=1.048
[6879.2s] epoch 140 step 155200 avg_loss=1.118
[6881.4s] epoch 140 step 155250 avg_loss=1.106
[6883.7s] epoch 140 step 155300 avg_loss=1.122
[6886.0s] epoch 140 step 155350 avg_loss=1.164
[6888.2s] epoch 140 step 155400 avg_loss=1.133
[6890.7s] epoch 140 step 155450 avg_loss=1.107
[6892.9s] epoch 140 step 155500 avg_loss=1.099
[6895.2s] epoch 140 step 155550 avg_loss=1.118
[6897.4s] epoch 140 step 155600 avg_loss=1.107
[6899.8s] epoch 140 step 155650 avg_loss=1.107
[6902.4s] epoch 140 step 155700 avg_loss=1.139
[6904.8s] epoch 140 step 155750 avg_loss=1.163
[6907.0s] epoch 140 step 155800 avg_loss=1.176
[6908.8s] epoch 140 step 155850 avg_loss=1.171
[6910.9s] epoch 140 step 155900 avg_loss=1.175
[6912.9s] === epoch 140 done: avg_loss=1.199 (n=1106 derivations) ===
[6913.1s] epoch 141 step 155950 avg_loss=0.675
[6915.1s] epoch 141 step 156000 avg_loss=0.902
[6917.3s] epoch 141 step 156050 avg_loss=0.899
[6919.5s] epoch 141 step 156100 avg_loss=0.869
[6922.0s] epoch 141 step 156150 avg_loss=0.995
[6924.2s] epoch 141 step 156200 avg_loss=1.006
[6926.4s] epoch 141 step 156250 avg_loss=1.068
[6928.6s] epoch 141 step 156300 avg_loss=1.030
[6931.1s] epoch 141 step 156350 avg_loss=1.057
[6933.4s] epoch 141 step 156400 avg_loss=1.049
[6935.6s] epoch 141 step 156450 avg_loss=1.046
[6938.0s] epoch 141 step 156500 avg_loss=1.058
[6940.3s] epoch 141 step 156550 avg_loss=1.083
[6942.8s] epoch 141 step 156600 avg_loss=1.117
[6944.9s] epoch 141 step 156650 avg_loss=1.130
[6947.6s] epoch 141 step 156700 avg_loss=1.157
[6949.6s] epoch 141 step 156750 avg_loss=1.171
[6951.6s] epoch 141 step 156800 avg_loss=1.147
[6953.6s] epoch 141 step 156850 avg_loss=1.137
[6955.8s] epoch 141 step 156900 avg_loss=1.142
[6958.0s] epoch 141 step 156950 avg_loss=1.170
[6960.6s] epoch 141 step 157000 avg_loss=1.172
[6962.8s] epoch 141 step 157050 avg_loss=1.184
[6962.9s] === epoch 141 done: avg_loss=1.188 (n=1106 derivations) ===
[6964.8s] epoch 142 step 157100 avg_loss=0.726
[6966.9s] epoch 142 step 157150 avg_loss=0.846
[6969.3s] epoch 142 step 157200 avg_loss=0.946
[6971.7s] epoch 142 step 157250 avg_loss=1.028
[6974.2s] epoch 142 step 157300 avg_loss=1.031
[6976.3s] epoch 142 step 157350 avg_loss=1.018
[6978.6s] epoch 142 step 157400 avg_loss=0.987
[6980.9s] epoch 142 step 157450 avg_loss=0.948
[6983.5s] epoch 142 step 157500 avg_loss=0.985
[6985.8s] epoch 142 step 157550 avg_loss=0.990
[6988.4s] epoch 142 step 157600 avg_loss=1.034
[6991.1s] epoch 142 step 157650 avg_loss=1.049
[6993.5s] epoch 142 step 157700 avg_loss=1.069
[6995.7s] epoch 142 step 157750 avg_loss=1.083
[6998.1s] epoch 142 step 157800 avg_loss=1.122
[7000.5s] epoch 142 step 157850 avg_loss=1.130
[7002.9s] epoch 142 step 157900 avg_loss=1.150
[7005.6s] epoch 142 step 157950 avg_loss=1.159
[7008.2s] epoch 142 step 158000 avg_loss=1.154
[7010.7s] eval step=5000 train_avg_loss=1.152 dev_rank1_f1=0.3619 dev_edge_p=0.3098 dev_edge_r=0.4352
[7012.6s] epoch 142 step 158050 avg_loss=1.166
[7015.0s] epoch 142 step 158100 avg_loss=1.170
[7017.1s] epoch 142 step 158150 avg_loss=1.165
[7017.4s] === epoch 142 done: avg_loss=1.163 (n=1106 derivations) ===
[7019.2s] epoch 143 step 158200 avg_loss=1.061
[7022.0s] epoch 143 step 158250 avg_loss=1.250
[7024.3s] epoch 143 step 158300 avg_loss=1.023
[7026.7s] epoch 143 step 158350 avg_loss=1.108
[7029.1s] epoch 143 step 158400 avg_loss=1.166
[7032.0s] epoch 143 step 158450 avg_loss=1.140
[7034.3s] epoch 143 step 158500 avg_loss=1.108
[7036.4s] epoch 143 step 158550 avg_loss=1.120
[7038.7s] epoch 143 step 158600 avg_loss=1.110
[7041.0s] epoch 143 step 158650 avg_loss=1.098
[7043.1s] epoch 143 step 158700 avg_loss=1.099
[7045.5s] epoch 143 step 158750 avg_loss=1.097
[7047.6s] epoch 143 step 158800 avg_loss=1.112
[7050.3s] epoch 143 step 158850 avg_loss=1.136
[7052.8s] epoch 143 step 158900 avg_loss=1.137
[7055.6s] epoch 143 step 158950 avg_loss=1.161
[7057.9s] epoch 143 step 159000 avg_loss=1.156
[7060.4s] epoch 143 step 159050 avg_loss=1.173
[7062.7s] epoch 143 step 159100 avg_loss=1.146
[7064.7s] epoch 143 step 159150 avg_loss=1.139
[7067.4s] epoch 143 step 159200 avg_loss=1.149
[7069.7s] epoch 143 step 159250 avg_loss=1.139
[7070.2s] === epoch 143 done: avg_loss=1.136 (n=1106 derivations) ===
[7071.9s] epoch 144 step 159300 avg_loss=0.893
[7074.4s] epoch 144 step 159350 avg_loss=0.719
[7077.0s] epoch 144 step 159400 avg_loss=0.768
[7079.1s] epoch 144 step 159450 avg_loss=0.770
[7081.4s] epoch 144 step 159500 avg_loss=0.827
[7083.7s] epoch 144 step 159550 avg_loss=0.875
[7086.2s] epoch 144 step 159600 avg_loss=0.933
[7088.7s] epoch 144 step 159650 avg_loss=0.980
[7091.2s] epoch 144 step 159700 avg_loss=0.958
[7093.5s] epoch 144 step 159750 avg_loss=0.979
[7096.1s] epoch 144 step 159800 avg_loss=0.979
[7098.8s] epoch 144 step 159850 avg_loss=1.023
[7100.9s] epoch 144 step 159900 avg_loss=1.039
[7103.1s] epoch 144 step 159950 avg_loss=1.046
[7105.4s] epoch 144 step 160000 avg_loss=1.063
[7107.7s] epoch 144 step 160050 avg_loss=1.075
[7110.3s] epoch 144 step 160100 avg_loss=1.109
[7112.5s] epoch 144 step 160150 avg_loss=1.094
[7115.0s] epoch 144 step 160200 avg_loss=1.124
[7117.6s] epoch 144 step 160250 avg_loss=1.129
[7119.8s] epoch 144 step 160300 avg_loss=1.135
[7122.2s] epoch 144 step 160350 avg_loss=1.145
[7123.2s] === epoch 144 done: avg_loss=1.132 (n=1106 derivations) ===
[7124.7s] epoch 145 step 160400 avg_loss=0.750
[7127.3s] epoch 145 step 160450 avg_loss=1.053
[7129.8s] epoch 145 step 160500 avg_loss=0.968
[7132.7s] epoch 145 step 160550 avg_loss=1.120
[7135.2s] epoch 145 step 160600 avg_loss=1.109
[7137.7s] epoch 145 step 160650 avg_loss=1.200
[7140.2s] epoch 145 step 160700 avg_loss=1.164
[7142.7s] epoch 145 step 160750 avg_loss=1.126
[7145.1s] epoch 145 step 160800 avg_loss=1.122
[7147.6s] epoch 145 step 160850 avg_loss=1.130
[7149.7s] epoch 145 step 160900 avg_loss=1.112
[7152.2s] epoch 145 step 160950 avg_loss=1.094
[7154.9s] epoch 145 step 161000 avg_loss=1.089
[7157.4s] epoch 145 step 161050 avg_loss=1.085
[7159.8s] epoch 145 step 161100 avg_loss=1.090
[7162.2s] epoch 145 step 161150 avg_loss=1.076
[7164.5s] epoch 145 step 161200 avg_loss=1.078
[7167.1s] epoch 145 step 161250 avg_loss=1.074
[7169.2s] epoch 145 step 161300 avg_loss=1.080
[7171.8s] epoch 145 step 161350 avg_loss=1.097
[7174.4s] epoch 145 step 161400 avg_loss=1.113
[7177.0s] epoch 145 step 161450 avg_loss=1.111
[7178.3s] === epoch 145 done: avg_loss=1.114 (n=1106 derivations) ===
[7179.6s] epoch 146 step 161500 avg_loss=0.711
[7181.9s] epoch 146 step 161550 avg_loss=0.833
[7184.3s] epoch 146 step 161600 avg_loss=1.023
[7186.6s] epoch 146 step 161650 avg_loss=0.966
[7189.4s] epoch 146 step 161700 avg_loss=0.953
[7191.9s] epoch 146 step 161750 avg_loss=1.036
[7194.3s] epoch 146 step 161800 avg_loss=1.063
[7196.5s] epoch 146 step 161850 avg_loss=1.040
[7198.7s] epoch 146 step 161900 avg_loss=1.030
[7201.1s] epoch 146 step 161950 avg_loss=1.042
[7203.3s] epoch 146 step 162000 avg_loss=1.033
[7205.5s] epoch 146 step 162050 avg_loss=1.027
[7207.9s] epoch 146 step 162100 avg_loss=1.033
[7210.2s] epoch 146 step 162150 avg_loss=1.033
[7212.5s] epoch 146 step 162200 avg_loss=1.036
[7214.8s] epoch 146 step 162250 avg_loss=1.061
[7216.9s] epoch 146 step 162300 avg_loss=1.075
[7219.1s] epoch 146 step 162350 avg_loss=1.068
[7221.5s] epoch 146 step 162400 avg_loss=1.079
[7223.8s] epoch 146 step 162450 avg_loss=1.074
[7226.3s] epoch 146 step 162500 avg_loss=1.106
[7228.5s] epoch 146 step 162550 avg_loss=1.111
[7230.0s] === epoch 146 done: avg_loss=1.108 (n=1106 derivations) ===
[7230.7s] epoch 147 step 162600 avg_loss=0.871
[7232.9s] epoch 147 step 162650 avg_loss=1.151
[7235.2s] epoch 147 step 162700 avg_loss=0.973
[7237.6s] epoch 147 step 162750 avg_loss=1.058
[7239.7s] epoch 147 step 162800 avg_loss=0.992
[7241.9s] epoch 147 step 162850 avg_loss=0.989
[7244.0s] epoch 147 step 162900 avg_loss=1.003
[7246.1s] epoch 147 step 162950 avg_loss=1.000
[7248.2s] epoch 147 step 163000 avg_loss=1.002
[7250.8s] epoch 147 step 163050 avg_loss=1.043
[7253.0s] epoch 147 step 163100 avg_loss=1.043
[7255.4s] epoch 147 step 163150 avg_loss=1.043
[7257.6s] epoch 147 step 163200 avg_loss=1.047
[7259.7s] epoch 147 step 163250 avg_loss=1.031
[7261.8s] epoch 147 step 163300 avg_loss=1.031
[7263.8s] epoch 147 step 163350 avg_loss=1.019
[7266.1s] epoch 147 step 163400 avg_loss=1.022
[7268.6s] epoch 147 step 163450 avg_loss=1.055
[7271.0s] epoch 147 step 163500 avg_loss=1.073
[7273.3s] epoch 147 step 163550 avg_loss=1.076
[7275.3s] epoch 147 step 163600 avg_loss=1.095
[7277.5s] epoch 147 step 163650 avg_loss=1.090
[7279.0s] === epoch 147 done: avg_loss=1.099 (n=1106 derivations) ===
[7279.6s] epoch 148 step 163700 avg_loss=1.458
[7281.5s] epoch 148 step 163750 avg_loss=0.898
[7283.7s] epoch 148 step 163800 avg_loss=0.908
[7285.8s] epoch 148 step 163850 avg_loss=0.871
[7288.0s] epoch 148 step 163900 avg_loss=0.905
[7290.2s] epoch 148 step 163950 avg_loss=0.993
[7292.6s] epoch 148 step 164000 avg_loss=1.084
[7294.9s] epoch 148 step 164050 avg_loss=1.038
[7297.2s] epoch 148 step 164100 avg_loss=1.056
[7299.4s] epoch 148 step 164150 avg_loss=1.082
[7301.8s] epoch 148 step 164200 avg_loss=1.089
[7304.1s] epoch 148 step 164250 avg_loss=1.086
[7306.5s] epoch 148 step 164300 avg_loss=1.094
[7308.5s] epoch 148 step 164350 avg_loss=1.097
[7310.7s] epoch 148 step 164400 avg_loss=1.089
[7312.6s] epoch 148 step 164450 avg_loss=1.069
[7314.9s] epoch 148 step 164500 avg_loss=1.075
[7317.2s] epoch 148 step 164550 avg_loss=1.079
[7319.6s] epoch 148 step 164600 avg_loss=1.074
[7321.7s] epoch 148 step 164650 avg_loss=1.065
[7324.0s] epoch 148 step 164700 avg_loss=1.085
[7326.0s] epoch 148 step 164750 avg_loss=1.101
[7327.7s] === epoch 148 done: avg_loss=1.086 (n=1106 derivations) ===
[7327.9s] epoch 149 step 164800 avg_loss=0.524
[7330.1s] epoch 149 step 164850 avg_loss=0.854
[7332.7s] epoch 149 step 164900 avg_loss=1.143
[7334.9s] epoch 149 step 164950 avg_loss=1.066
[7337.3s] epoch 149 step 165000 avg_loss=1.072
[7339.7s] epoch 149 step 165050 avg_loss=1.042
[7341.9s] epoch 149 step 165100 avg_loss=1.034
[7344.0s] epoch 149 step 165150 avg_loss=1.041
[7346.0s] epoch 149 step 165200 avg_loss=0.988
[7348.0s] epoch 149 step 165250 avg_loss=1.022
[7350.0s] epoch 149 step 165300 avg_loss=1.025
[7352.1s] epoch 149 step 165350 avg_loss=1.002
[7354.4s] epoch 149 step 165400 avg_loss=1.009
[7356.6s] epoch 149 step 165450 avg_loss=1.031
[7358.7s] epoch 149 step 165500 avg_loss=1.029
[7361.0s] epoch 149 step 165550 avg_loss=1.064
[7363.1s] epoch 149 step 165600 avg_loss=1.058
[7364.9s] epoch 149 step 165650 avg_loss=1.056
[7366.9s] epoch 149 step 165700 avg_loss=1.053
[7369.0s] epoch 149 step 165750 avg_loss=1.078
[7371.0s] epoch 149 step 165800 avg_loss=1.086
[7372.8s] epoch 149 step 165850 avg_loss=1.088
[7374.8s] epoch 149 step 165900 avg_loss=1.093
[7376.3s] eval step=5250 train_avg_loss=1.093 dev_rank1_f1=0.3793 dev_edge_p=0.3314 dev_edge_r=0.4434
[7376.3s] === epoch 149 done: avg_loss=1.093 (n=1106 derivations) ===
[7378.4s] epoch 150 step 165950 avg_loss=0.924
[7380.4s] epoch 150 step 166000 avg_loss=0.764
[7382.3s] epoch 150 step 166050 avg_loss=0.833
[7384.4s] epoch 150 step 166100 avg_loss=0.875
[7386.6s] epoch 150 step 166150 avg_loss=0.882
[7388.7s] epoch 150 step 166200 avg_loss=0.886
[7390.8s] epoch 150 step 166250 avg_loss=0.918
[7393.1s] epoch 150 step 166300 avg_loss=0.941
[7395.3s] epoch 150 step 166350 avg_loss=0.976
[7397.5s] epoch 150 step 166400 avg_loss=0.986
[7399.6s] epoch 150 step 166450 avg_loss=0.971
[7401.8s] epoch 150 step 166500 avg_loss=0.981
[7404.3s] epoch 150 step 166550 avg_loss=1.016
[7406.2s] epoch 150 step 166600 avg_loss=1.033
[7408.2s] epoch 150 step 166650 avg_loss=1.035
[7410.0s] epoch 150 step 166700 avg_loss=1.009
[7411.9s] epoch 150 step 166750 avg_loss=0.998
[7414.4s] epoch 150 step 166800 avg_loss=1.037
[7416.4s] epoch 150 step 166850 avg_loss=1.028
[7418.7s] epoch 150 step 166900 avg_loss=1.056
[7421.0s] epoch 150 step 166950 avg_loss=1.080
[7422.9s] epoch 150 step 167000 avg_loss=1.080
[7423.2s] === epoch 150 done: avg_loss=1.079 (n=1106 derivations) ===
[7425.0s] epoch 151 step 167050 avg_loss=1.015
[7427.2s] epoch 151 step 167100 avg_loss=1.049
[7429.1s] epoch 151 step 167150 avg_loss=1.062
[7431.2s] epoch 151 step 167200 avg_loss=1.094
[7433.6s] epoch 151 step 167250 avg_loss=1.163
[7435.9s] epoch 151 step 167300 avg_loss=1.114
[7438.0s] epoch 151 step 167350 avg_loss=1.114
[7439.9s] epoch 151 step 167400 avg_loss=1.121
[7441.9s] epoch 151 step 167450 avg_loss=1.084
[7443.8s] epoch 151 step 167500 avg_loss=1.074
[7446.0s] epoch 151 step 167550 avg_loss=1.067
[7447.9s] epoch 151 step 167600 avg_loss=1.037
[7449.8s] epoch 151 step 167650 avg_loss=1.017
[7452.3s] epoch 151 step 167700 avg_loss=1.044
[7454.5s] epoch 151 step 167750 avg_loss=1.071
[7456.4s] epoch 151 step 167800 avg_loss=1.044
[7458.3s] epoch 151 step 167850 avg_loss=1.041
[7460.3s] epoch 151 step 167900 avg_loss=1.057
[7462.2s] epoch 151 step 167950 avg_loss=1.064
[7464.1s] epoch 151 step 168000 avg_loss=1.058
[7466.2s] epoch 151 step 168050 avg_loss=1.059
[7468.4s] epoch 151 step 168100 avg_loss=1.084
[7468.8s] === epoch 151 done: avg_loss=1.084 (n=1106 derivations) ===
[7470.2s] epoch 152 step 168150 avg_loss=0.867
[7472.2s] epoch 152 step 168200 avg_loss=0.936
[7474.1s] epoch 152 step 168250 avg_loss=0.884
[7476.0s] epoch 152 step 168300 avg_loss=0.981
[7478.4s] epoch 152 step 168350 avg_loss=1.001
[7480.9s] epoch 152 step 168400 avg_loss=0.976
[7483.2s] epoch 152 step 168450 avg_loss=0.979
[7485.5s] epoch 152 step 168500 avg_loss=0.984
[7487.9s] epoch 152 step 168550 avg_loss=0.974
[7490.1s] epoch 152 step 168600 avg_loss=0.958
[7492.2s] epoch 152 step 168650 avg_loss=0.962
[7494.4s] epoch 152 step 168700 avg_loss=0.984
[7496.8s] epoch 152 step 168750 avg_loss=1.003
[7498.7s] epoch 152 step 168800 avg_loss=1.008
[7501.0s] epoch 152 step 168850 avg_loss=0.999
[7503.4s] epoch 152 step 168900 avg_loss=1.018
[7505.8s] epoch 152 step 168950 avg_loss=1.022
[7508.0s] epoch 152 step 169000 avg_loss=1.037
[7510.3s] epoch 152 step 169050 avg_loss=1.059
[7512.8s] epoch 152 step 169100 avg_loss=1.083
[7514.9s] epoch 152 step 169150 avg_loss=1.080
[7517.6s] epoch 152 step 169200 avg_loss=1.073
[7518.6s] === epoch 152 done: avg_loss=1.072 (n=1106 derivations) ===
[7520.3s] epoch 153 step 169250 avg_loss=1.226
[7522.9s] epoch 153 step 169300 avg_loss=1.201
[7525.4s] epoch 153 step 169350 avg_loss=1.161
[7527.8s] epoch 153 step 169400 avg_loss=1.141
[7529.8s] epoch 153 step 169450 avg_loss=1.067
[7532.0s] epoch 153 step 169500 avg_loss=1.026
[7534.3s] epoch 153 step 169550 avg_loss=0.968
[7536.5s] epoch 153 step 169600 avg_loss=0.929
[7538.8s] epoch 153 step 169650 avg_loss=0.947
[7541.2s] epoch 153 step 169700 avg_loss=0.944
[7543.5s] epoch 153 step 169750 avg_loss=0.962
[7545.8s] epoch 153 step 169800 avg_loss=0.990
[7548.4s] epoch 153 step 169850 avg_loss=1.018
[7550.8s] epoch 153 step 169900 avg_loss=1.038
[7552.8s] epoch 153 step 169950 avg_loss=1.035
[7555.5s] epoch 153 step 170000 avg_loss=1.041
[7557.7s] epoch 153 step 170050 avg_loss=1.049
[7560.0s] epoch 153 step 170100 avg_loss=1.055
[7561.7s] epoch 153 step 170150 avg_loss=1.040
[7564.3s] epoch 153 step 170200 avg_loss=1.060
[7566.6s] epoch 153 step 170250 avg_loss=1.058
[7569.0s] epoch 153 step 170300 avg_loss=1.071
[7570.1s] === epoch 153 done: avg_loss=1.069 (n=1106 derivations) ===
[7571.3s] epoch 154 step 170350 avg_loss=1.332
[7573.4s] epoch 154 step 170400 avg_loss=0.957
[7575.8s] epoch 154 step 170450 avg_loss=0.938
[7578.1s] epoch 154 step 170500 avg_loss=1.000
[7580.3s] epoch 154 step 170550 avg_loss=1.023
[7582.2s] epoch 154 step 170600 avg_loss=0.999
[7584.3s] epoch 154 step 170650 avg_loss=1.031
[7586.4s] epoch 154 step 170700 avg_loss=1.023
[7588.5s] epoch 154 step 170750 avg_loss=1.021
[7590.4s] epoch 154 step 170800 avg_loss=1.020
[7592.7s] epoch 154 step 170850 avg_loss=1.041
[7594.7s] epoch 154 step 170900 avg_loss=1.025
[7596.6s] epoch 154 step 170950 avg_loss=1.000
[7598.8s] epoch 154 step 171000 avg_loss=1.018
[7600.8s] epoch 154 step 171050 avg_loss=1.019
[7602.9s] epoch 154 step 171100 avg_loss=1.014
[7605.1s] epoch 154 step 171150 avg_loss=1.020
[7607.4s] epoch 154 step 171200 avg_loss=1.027
[7609.2s] epoch 154 step 171250 avg_loss=1.019
[7611.5s] epoch 154 step 171300 avg_loss=1.055
[7613.4s] epoch 154 step 171350 avg_loss=1.048
[7615.3s] epoch 154 step 171400 avg_loss=1.071
[7616.5s] === epoch 154 done: avg_loss=1.072 (n=1106 derivations) ===
[7617.5s] epoch 155 step 171450 avg_loss=1.089
[7619.8s] epoch 155 step 171500 avg_loss=0.911
[7622.3s] epoch 155 step 171550 avg_loss=0.939
[7624.6s] epoch 155 step 171600 avg_loss=0.865
[7626.6s] epoch 155 step 171650 avg_loss=0.834
[7628.7s] epoch 155 step 171700 avg_loss=0.871
[7631.1s] epoch 155 step 171750 avg_loss=0.866
[7633.2s] epoch 155 step 171800 avg_loss=0.935
[7635.6s] epoch 155 step 171850 avg_loss=0.962
[7637.7s] epoch 155 step 171900 avg_loss=0.962
[7639.9s] epoch 155 step 171950 avg_loss=0.970
[7641.9s] epoch 155 step 172000 avg_loss=0.985
[7643.9s] epoch 155 step 172050 avg_loss=1.019
[7645.9s] epoch 155 step 172100 avg_loss=1.008
[7647.9s] epoch 155 step 172150 avg_loss=1.010
[7650.2s] epoch 155 step 172200 avg_loss=1.028
[7652.5s] epoch 155 step 172250 avg_loss=1.029
[7654.9s] epoch 155 step 172300 avg_loss=1.033
[7657.2s] epoch 155 step 172350 avg_loss=1.053
[7659.7s] epoch 155 step 172400 avg_loss=1.057
[7662.1s] epoch 155 step 172450 avg_loss=1.053
[7664.8s] epoch 155 step 172500 avg_loss=1.064
[7666.5s] === epoch 155 done: avg_loss=1.067 (n=1106 derivations) ===
[7667.2s] epoch 156 step 172550 avg_loss=1.086
[7669.5s] epoch 156 step 172600 avg_loss=0.965
[7671.6s] epoch 156 step 172650 avg_loss=0.788
[7673.7s] epoch 156 step 172700 avg_loss=0.797
[7675.8s] epoch 156 step 172750 avg_loss=0.903
[7677.8s] epoch 156 step 172800 avg_loss=0.868
[7679.8s] epoch 156 step 172850 avg_loss=0.889
[7682.1s] epoch 156 step 172900 avg_loss=0.919
[7684.6s] epoch 156 step 172950 avg_loss=0.927
[7686.7s] epoch 156 step 173000 avg_loss=0.963
[7689.2s] epoch 156 step 173050 avg_loss=0.979
[7691.0s] epoch 156 step 173100 avg_loss=0.977
[7693.0s] epoch 156 step 173150 avg_loss=0.980
[7694.9s] epoch 156 step 173200 avg_loss=0.990
[7696.6s] epoch 156 step 173250 avg_loss=0.954
[7699.1s] epoch 156 step 173300 avg_loss=0.984
[7701.4s] epoch 156 step 173350 avg_loss=0.985
[7704.1s] epoch 156 step 173400 avg_loss=1.007
[7706.2s] epoch 156 step 173450 avg_loss=1.006
[7708.4s] epoch 156 step 173500 avg_loss=1.039
[7710.9s] epoch 156 step 173550 avg_loss=1.056
[7713.3s] epoch 156 step 173600 avg_loss=1.072
[7715.2s] === epoch 156 done: avg_loss=1.081 (n=1106 derivations) ===
[7715.5s] epoch 157 step 173650 avg_loss=1.131
[7717.7s] epoch 157 step 173700 avg_loss=0.761
[7720.1s] epoch 157 step 173750 avg_loss=0.930
[7722.5s] epoch 157 step 173800 avg_loss=0.914
[7724.3s] eval step=5500 train_avg_loss=0.903 dev_rank1_f1=0.3606 dev_edge_p=0.3037 dev_edge_r=0.4437
[7726.4s] epoch 157 step 173850 avg_loss=0.888
[7728.2s] epoch 157 step 173900 avg_loss=0.908
[7730.5s] epoch 157 step 173950 avg_loss=0.938
[7732.5s] epoch 157 step 174000 avg_loss=0.903
[7734.9s] epoch 157 step 174050 avg_loss=0.921
[7737.1s] epoch 157 step 174100 avg_loss=0.947
[7739.2s] epoch 157 step 174150 avg_loss=0.947
[7741.5s] epoch 157 step 174200 avg_loss=0.972
[7743.9s] epoch 157 step 174250 avg_loss=1.020
[7745.8s] epoch 157 step 174300 avg_loss=1.025
[7748.0s] epoch 157 step 174350 avg_loss=1.041
[7750.2s] epoch 157 step 174400 avg_loss=1.050
[7752.3s] epoch 157 step 174450 avg_loss=1.053
[7754.3s] epoch 157 step 174500 avg_loss=1.048
[7756.7s] epoch 157 step 174550 avg_loss=1.077
[7758.7s] epoch 157 step 174600 avg_loss=1.075
[7761.0s] epoch 157 step 174650 avg_loss=1.080
[7763.1s] epoch 157 step 174700 avg_loss=1.073
[7764.9s] === epoch 157 done: avg_loss=1.075 (n=1106 derivations) ===
[7765.0s] epoch 158 step 174750 avg_loss=0.815
[7767.2s] epoch 158 step 174800 avg_loss=0.893
[7769.5s] epoch 158 step 174850 avg_loss=1.111
[7771.6s] epoch 158 step 174900 avg_loss=1.109
[7773.8s] epoch 158 step 174950 avg_loss=1.025
[7776.0s] epoch 158 step 175000 avg_loss=1.055
[7778.1s] epoch 158 step 175050 avg_loss=1.044
[7780.3s] epoch 158 step 175100 avg_loss=1.064
[7782.5s] epoch 158 step 175150 avg_loss=1.014
[7784.7s] epoch 158 step 175200 avg_loss=0.987
[7786.7s] epoch 158 step 175250 avg_loss=0.989
[7788.8s] epoch 158 step 175300 avg_loss=0.989
[7790.9s] epoch 158 step 175350 avg_loss=1.032
[7793.2s] epoch 158 step 175400 avg_loss=1.052
[7795.4s] epoch 158 step 175450 avg_loss=1.060
[7797.5s] epoch 158 step 175500 avg_loss=1.045
[7799.7s] epoch 158 step 175550 avg_loss=1.044
[7801.7s] epoch 158 step 175600 avg_loss=1.040
[7804.1s] epoch 158 step 175650 avg_loss=1.051
[7806.4s] epoch 158 step 175700 avg_loss=1.067
[7808.5s] epoch 158 step 175750 avg_loss=1.069
[7810.4s] epoch 158 step 175800 avg_loss=1.064
[7812.7s] epoch 158 step 175850 avg_loss=1.072
[7812.9s] === epoch 158 done: avg_loss=1.075 (n=1106 derivations) ===
[7815.0s] epoch 159 step 175900 avg_loss=0.966
[7817.5s] epoch 159 step 175950 avg_loss=1.004
[7819.9s] epoch 159 step 176000 avg_loss=1.007
[7822.1s] epoch 159 step 176050 avg_loss=1.040
[7824.5s] epoch 159 step 176100 avg_loss=1.068
[7826.7s] epoch 159 step 176150 avg_loss=1.128
[7828.4s] epoch 159 step 176200 avg_loss=1.091
[7830.4s] epoch 159 step 176250 avg_loss=1.034
[7832.7s] epoch 159 step 176300 avg_loss=1.027
[7834.8s] epoch 159 step 176350 avg_loss=1.083
[7836.7s] epoch 159 step 176400 avg_loss=1.069
[7838.6s] epoch 159 step 176450 avg_loss=1.054
[7840.4s] epoch 159 step 176500 avg_loss=1.036
[7842.3s] epoch 159 step 176550 avg_loss=1.029
[7844.3s] epoch 159 step 176600 avg_loss=1.016
[7846.6s] epoch 159 step 176650 avg_loss=1.023
[7848.7s] epoch 159 step 176700 avg_loss=1.021
[7850.7s] epoch 159 step 176750 avg_loss=1.019
[7852.7s] epoch 159 step 176800 avg_loss=1.025
[7854.8s] epoch 159 step 176850 avg_loss=1.041
[7856.9s] epoch 159 step 176900 avg_loss=1.057
[7859.1s] epoch 159 step 176950 avg_loss=1.052
[7859.6s] === epoch 159 done: avg_loss=1.059 (n=1106 derivations) ===
[7861.3s] epoch 160 step 177000 avg_loss=0.830
[7863.5s] epoch 160 step 177050 avg_loss=1.194
[7865.9s] epoch 160 step 177100 avg_loss=1.176
[7867.8s] epoch 160 step 177150 avg_loss=1.065
[7869.9s] epoch 160 step 177200 avg_loss=1.061
[7872.2s] epoch 160 step 177250 avg_loss=1.039
[7874.7s] epoch 160 step 177300 avg_loss=1.056
[7876.9s] epoch 160 step 177350 avg_loss=1.012
[7879.3s] epoch 160 step 177400 avg_loss=1.024
[7881.5s] epoch 160 step 177450 avg_loss=1.011
[7883.7s] epoch 160 step 177500 avg_loss=1.016
[7885.7s] epoch 160 step 177550 avg_loss=0.977
[7887.7s] epoch 160 step 177600 avg_loss=0.971
[7889.6s] epoch 160 step 177650 avg_loss=0.977
[7891.9s] epoch 160 step 177700 avg_loss=0.974
[7893.8s] epoch 160 step 177750 avg_loss=0.988
[7896.1s] epoch 160 step 177800 avg_loss=0.989
[7898.2s] epoch 160 step 177850 avg_loss=0.983
[7900.1s] epoch 160 step 177900 avg_loss=0.994
[7902.2s] epoch 160 step 177950 avg_loss=1.020
[7904.5s] epoch 160 step 178000 avg_loss=1.046
[7906.4s] epoch 160 step 178050 avg_loss=1.059
[7907.0s] === epoch 160 done: avg_loss=1.058 (n=1106 derivations) ===
[7908.5s] epoch 161 step 178100 avg_loss=0.687
[7910.4s] epoch 161 step 178150 avg_loss=0.772
[7912.2s] epoch 161 step 178200 avg_loss=0.898
[7914.5s] epoch 161 step 178250 avg_loss=1.028
[7916.6s] epoch 161 step 178300 avg_loss=0.989
[7918.8s] epoch 161 step 178350 avg_loss=0.992
[7921.2s] epoch 161 step 178400 avg_loss=0.984
[7923.3s] epoch 161 step 178450 avg_loss=1.027
[7925.4s] epoch 161 step 178500 avg_loss=0.981
[7927.8s] epoch 161 step 178550 avg_loss=1.003
[7930.3s] epoch 161 step 178600 avg_loss=1.011
[7932.7s] epoch 161 step 178650 avg_loss=1.054
[7935.2s] epoch 161 step 178700 avg_loss=1.055
[7937.4s] epoch 161 step 178750 avg_loss=1.057
[7939.4s] epoch 161 step 178800 avg_loss=1.046
[7941.5s] epoch 161 step 178850 avg_loss=1.088
[7943.7s] epoch 161 step 178900 avg_loss=1.087
[7945.6s] epoch 161 step 178950 avg_loss=1.065
[7947.4s] epoch 161 step 179000 avg_loss=1.052
[7949.6s] epoch 161 step 179050 avg_loss=1.051
[7951.6s] epoch 161 step 179100 avg_loss=1.041
[7953.9s] epoch 161 step 179150 avg_loss=1.064
[7954.9s] === epoch 161 done: avg_loss=1.073 (n=1106 derivations) ===
[7956.0s] epoch 162 step 179200 avg_loss=0.744
[7958.3s] epoch 162 step 179250 avg_loss=1.243
[7960.7s] epoch 162 step 179300 avg_loss=1.301
[7963.1s] epoch 162 step 179350 avg_loss=1.253
[7965.7s] epoch 162 step 179400 avg_loss=1.222
[7967.9s] epoch 162 step 179450 avg_loss=1.181
[7970.1s] epoch 162 step 179500 avg_loss=1.198
[7972.2s] epoch 162 step 179550 avg_loss=1.177
[7974.5s] epoch 162 step 179600 avg_loss=1.213
[7976.8s] epoch 162 step 179650 avg_loss=1.197
[7978.7s] epoch 162 step 179700 avg_loss=1.153
[7980.7s] epoch 162 step 179750 avg_loss=1.153
[7982.9s] epoch 162 step 179800 avg_loss=1.144
[7985.0s] epoch 162 step 179850 avg_loss=1.131
[7987.1s] epoch 162 step 179900 avg_loss=1.124
[7989.0s] epoch 162 step 179950 avg_loss=1.131
[7991.1s] epoch 162 step 180000 avg_loss=1.103
[7993.2s] epoch 162 step 180050 avg_loss=1.103
[7995.0s] epoch 162 step 180100 avg_loss=1.081
[7997.1s] epoch 162 step 180150 avg_loss=1.086
[7999.2s] epoch 162 step 180200 avg_loss=1.092
[8001.3s] epoch 162 step 180250 avg_loss=1.099
[8002.4s] === epoch 162 done: avg_loss=1.092 (n=1106 derivations) ===
[8003.2s] epoch 163 step 180300 avg_loss=0.491
[8004.9s] epoch 163 step 180350 avg_loss=0.542
[8007.4s] epoch 163 step 180400 avg_loss=0.924
[8009.7s] epoch 163 step 180450 avg_loss=1.022
[8012.0s] epoch 163 step 180500 avg_loss=1.042
[8014.4s] epoch 163 step 180550 avg_loss=1.143
[8016.7s] epoch 163 step 180600 avg_loss=1.136
[8019.1s] epoch 163 step 180650 avg_loss=1.115
[8021.3s] epoch 163 step 180700 avg_loss=1.101
[8023.5s] epoch 163 step 180750 avg_loss=1.107
[8025.8s] epoch 163 step 180800 avg_loss=1.109
[8028.1s] epoch 163 step 180850 avg_loss=1.085
[8030.3s] epoch 163 step 180900 avg_loss=1.119
[8032.1s] epoch 163 step 180950 avg_loss=1.132
[8034.1s] epoch 163 step 181000 avg_loss=1.117
[8036.2s] epoch 163 step 181050 avg_loss=1.125
[8038.1s] epoch 163 step 181100 avg_loss=1.120
[8040.2s] epoch 163 step 181150 avg_loss=1.114
[8042.3s] epoch 163 step 181200 avg_loss=1.132
[8044.5s] epoch 163 step 181250 avg_loss=1.129
[8046.6s] epoch 163 step 181300 avg_loss=1.131
[8048.9s] epoch 163 step 181350 avg_loss=1.134
[8050.5s] === epoch 163 done: avg_loss=1.147 (n=1106 derivations) ===
[8051.1s] epoch 164 step 181400 avg_loss=1.054
[8053.3s] epoch 164 step 181450 avg_loss=0.928
[8056.0s] epoch 164 step 181500 avg_loss=0.979
[8058.0s] epoch 164 step 181550 avg_loss=0.897
[8060.2s] epoch 164 step 181600 avg_loss=0.930
[8062.3s] epoch 164 step 181650 avg_loss=1.024
[8064.9s] epoch 164 step 181700 avg_loss=1.091
[8066.8s] eval step=5750 train_avg_loss=1.085 dev_rank1_f1=0.3759 dev_edge_p=0.3272 dev_edge_r=0.4417
[8068.7s] epoch 164 step 181750 avg_loss=1.108
[8070.9s] epoch 164 step 181800 avg_loss=1.129
[8073.2s] epoch 164 step 181850 avg_loss=1.153
[8075.5s] epoch 164 step 181900 avg_loss=1.123
[8077.6s] epoch 164 step 181950 avg_loss=1.167
[8079.9s] epoch 164 step 182000 avg_loss=1.211
[8081.9s] epoch 164 step 182050 avg_loss=1.213
[8084.0s] epoch 164 step 182100 avg_loss=1.210
[8086.2s] epoch 164 step 182150 avg_loss=1.249
[8088.0s] epoch 164 step 182200 avg_loss=1.247
[8089.9s] epoch 164 step 182250 avg_loss=1.242
[8092.0s] epoch 164 step 182300 avg_loss=1.241
[8094.3s] epoch 164 step 182350 avg_loss=1.271
[8096.3s] epoch 164 step 182400 avg_loss=1.263
[8099.1s] epoch 164 step 182450 avg_loss=1.275
[8100.8s] === epoch 164 done: avg_loss=1.285 (n=1106 derivations) ===
[8101.2s] epoch 165 step 182500 avg_loss=1.532
[8103.3s] epoch 165 step 182550 avg_loss=0.990
[8105.2s] epoch 165 step 182600 avg_loss=1.140
[8107.2s] epoch 165 step 182650 avg_loss=1.109
[8109.2s] epoch 165 step 182700 avg_loss=1.083
[8111.3s] epoch 165 step 182750 avg_loss=1.095
[8113.3s] epoch 165 step 182800 avg_loss=1.081
[8115.5s] epoch 165 step 182850 avg_loss=1.110
[8117.5s] epoch 165 step 182900 avg_loss=1.094
[8119.9s] epoch 165 step 182950 avg_loss=1.124
[8122.1s] epoch 165 step 183000 avg_loss=1.147
[8124.3s] epoch 165 step 183050 avg_loss=1.148
[8126.5s] epoch 165 step 183100 avg_loss=1.185
[8128.6s] epoch 165 step 183150 avg_loss=1.215
[8130.8s] epoch 165 step 183200 avg_loss=1.230
[8132.8s] epoch 165 step 183250 avg_loss=1.256
[8134.8s] epoch 165 step 183300 avg_loss=1.271
[8136.9s] epoch 165 step 183350 avg_loss=1.301
[8138.6s] epoch 165 step 183400 avg_loss=1.314
[8140.4s] epoch 165 step 183450 avg_loss=1.312
[8142.6s] epoch 165 step 183500 avg_loss=1.342
[8144.8s] epoch 165 step 183550 avg_loss=1.344
[8147.1s] === epoch 165 done: avg_loss=1.367 (n=1106 derivations) ===
[8147.3s] epoch 166 step 183600 avg_loss=1.468
[8149.3s] epoch 166 step 183650 avg_loss=1.021
[8151.5s] epoch 166 step 183700 avg_loss=1.062
[8153.3s] epoch 166 step 183750 avg_loss=0.964
[8155.6s] epoch 166 step 183800 avg_loss=1.055
[8157.6s] epoch 166 step 183850 avg_loss=1.039
[8159.8s] epoch 166 step 183900 avg_loss=1.102
[8162.1s] epoch 166 step 183950 avg_loss=1.096
[8164.2s] epoch 166 step 184000 avg_loss=1.067
[8166.6s] epoch 166 step 184050 avg_loss=1.130
[8168.9s] epoch 166 step 184100 avg_loss=1.167
[8170.9s] epoch 166 step 184150 avg_loss=1.162
[8172.9s] epoch 166 step 184200 avg_loss=1.203
[8175.3s] epoch 166 step 184250 avg_loss=1.275
[8177.3s] epoch 166 step 184300 avg_loss=1.273
[8179.4s] epoch 166 step 184350 avg_loss=1.300
[8181.7s] epoch 166 step 184400 avg_loss=1.314
[8183.6s] epoch 166 step 184450 avg_loss=1.312
[8186.0s] epoch 166 step 184500 avg_loss=1.335
[8188.0s] epoch 166 step 184550 avg_loss=1.349
[8190.2s] epoch 166 step 184600 avg_loss=1.360
[8192.1s] epoch 166 step 184650 avg_loss=1.352
[8194.3s] epoch 166 step 184700 avg_loss=1.356
[8194.4s] === epoch 166 done: avg_loss=1.355 (n=1106 derivations) ===
[8196.3s] epoch 167 step 184750 avg_loss=1.182
[8198.4s] epoch 167 step 184800 avg_loss=1.401
[8200.5s] epoch 167 step 184850 avg_loss=1.247
[8202.7s] epoch 167 step 184900 avg_loss=1.235
[8204.7s] epoch 167 step 184950 avg_loss=1.273
[8207.0s] epoch 167 step 185000 avg_loss=1.238
[8209.2s] epoch 167 step 185050 avg_loss=1.241
[8211.5s] epoch 167 step 185100 avg_loss=1.268
[8213.8s] epoch 167 step 185150 avg_loss=1.242
[8216.0s] epoch 167 step 185200 avg_loss=1.257
[8217.9s] epoch 167 step 185250 avg_loss=1.193
[8219.9s] epoch 167 step 185300 avg_loss=1.201
[8221.8s] epoch 167 step 185350 avg_loss=1.213
[8224.0s] epoch 167 step 185400 avg_loss=1.215
[8226.1s] epoch 167 step 185450 avg_loss=1.223
[8228.3s] epoch 167 step 185500 avg_loss=1.251
[8230.6s] epoch 167 step 185550 avg_loss=1.253
[8232.6s] epoch 167 step 185600 avg_loss=1.243
[8234.9s] epoch 167 step 185650 avg_loss=1.277
[8236.9s] epoch 167 step 185700 avg_loss=1.270
[8238.9s] epoch 167 step 185750 avg_loss=1.277
[8240.8s] epoch 167 step 185800 avg_loss=1.272
[8241.2s] === epoch 167 done: avg_loss=1.273 (n=1106 derivations) ===
[8243.0s] epoch 168 step 185850 avg_loss=0.810
[8245.0s] epoch 168 step 185900 avg_loss=1.163
[8247.4s] epoch 168 step 185950 avg_loss=1.182
[8249.9s] epoch 168 step 186000 avg_loss=1.217
[8251.9s] epoch 168 step 186050 avg_loss=1.202
[8253.9s] epoch 168 step 186100 avg_loss=1.220
[8255.9s] epoch 168 step 186150 avg_loss=1.220
[8257.8s] epoch 168 step 186200 avg_loss=1.185
[8259.9s] epoch 168 step 186250 avg_loss=1.240
[8261.8s] epoch 168 step 186300 avg_loss=1.230
[8263.8s] epoch 168 step 186350 avg_loss=1.223
[8265.6s] epoch 168 step 186400 avg_loss=1.205
[8268.0s] epoch 168 step 186450 avg_loss=1.263
[8270.0s] epoch 168 step 186500 avg_loss=1.253
[8272.1s] epoch 168 step 186550 avg_loss=1.256
[8274.5s] epoch 168 step 186600 avg_loss=1.252
[8276.5s] epoch 168 step 186650 avg_loss=1.239
[8278.8s] epoch 168 step 186700 avg_loss=1.251
[8280.7s] epoch 168 step 186750 avg_loss=1.268
[8282.7s] epoch 168 step 186800 avg_loss=1.291
[8284.8s] epoch 168 step 186850 avg_loss=1.284
[8286.7s] epoch 168 step 186900 avg_loss=1.283
[8287.2s] === epoch 168 done: avg_loss=1.289 (n=1106 derivations) ===
[8288.8s] epoch 169 step 186950 avg_loss=1.158
[8290.6s] epoch 169 step 187000 avg_loss=1.007
[8292.7s] epoch 169 step 187050 avg_loss=1.136
[8294.5s] epoch 169 step 187100 avg_loss=1.055
[8296.7s] epoch 169 step 187150 avg_loss=1.127
[8298.5s] epoch 169 step 187200 avg_loss=1.080
[8300.7s] epoch 169 step 187250 avg_loss=1.103
[8302.7s] epoch 169 step 187300 avg_loss=1.101
[8304.8s] epoch 169 step 187350 avg_loss=1.132
[8307.1s] epoch 169 step 187400 avg_loss=1.192
[8309.1s] epoch 169 step 187450 avg_loss=1.189
[8311.1s] epoch 169 step 187500 avg_loss=1.179
[8313.4s] epoch 169 step 187550 avg_loss=1.201
[8315.3s] epoch 169 step 187600 avg_loss=1.226
[8317.9s] epoch 169 step 187650 avg_loss=1.272
[8319.9s] epoch 169 step 187700 avg_loss=1.264
[8322.3s] epoch 169 step 187750 avg_loss=1.291
[8324.3s] epoch 169 step 187800 avg_loss=1.290
[8326.4s] epoch 169 step 187850 avg_loss=1.293
[8328.8s] epoch 169 step 187900 avg_loss=1.340
[8330.5s] epoch 169 step 187950 avg_loss=1.321
[8332.3s] epoch 169 step 188000 avg_loss=1.307
[8333.1s] === epoch 169 done: avg_loss=1.325 (n=1106 derivations) ===
[8334.3s] epoch 170 step 188050 avg_loss=0.939
[8336.4s] epoch 170 step 188100 avg_loss=0.983
[8338.6s] epoch 170 step 188150 avg_loss=1.228
[8340.8s] epoch 170 step 188200 avg_loss=1.213
[8343.0s] epoch 170 step 188250 avg_loss=1.196
[8344.9s] epoch 170 step 188300 avg_loss=1.186
[8346.9s] epoch 170 step 188350 avg_loss=1.194
[8349.0s] epoch 170 step 188400 avg_loss=1.160
[8350.8s] epoch 170 step 188450 avg_loss=1.212
[8353.0s] epoch 170 step 188500 avg_loss=1.248
[8354.9s] epoch 170 step 188550 avg_loss=1.235
[8356.7s] epoch 170 step 188600 avg_loss=1.226
[8358.9s] epoch 170 step 188650 avg_loss=1.229
[8361.3s] epoch 170 step 188700 avg_loss=1.253
[8363.4s] epoch 170 step 188750 avg_loss=1.241
[8365.6s] epoch 170 step 188800 avg_loss=1.269
[8367.6s] epoch 170 step 188850 avg_loss=1.253
[8369.6s] epoch 170 step 188900 avg_loss=1.254
[8371.8s] epoch 170 step 188950 avg_loss=1.285
[8373.8s] epoch 170 step 189000 avg_loss=1.295
[8375.7s] epoch 170 step 189050 avg_loss=1.286
[8377.7s] epoch 170 step 189100 avg_loss=1.312
[8378.8s] === epoch 170 done: avg_loss=1.324 (n=1106 derivations) ===
[8379.7s] epoch 171 step 189150 avg_loss=0.541
[8381.7s] epoch 171 step 189200 avg_loss=0.989
[8383.6s] epoch 171 step 189250 avg_loss=0.955
[8385.6s] epoch 171 step 189300 avg_loss=1.093
[8387.7s] epoch 171 step 189350 avg_loss=1.122
[8389.8s] epoch 171 step 189400 avg_loss=1.112
[8392.3s] epoch 171 step 189450 avg_loss=1.125
[8394.7s] epoch 171 step 189500 avg_loss=1.118
[8396.7s] epoch 171 step 189550 avg_loss=1.126
[8398.6s] epoch 171 step 189600 avg_loss=1.166
[8400.8s] eval step=6000 train_avg_loss=1.163 dev_rank1_f1=0.3550 dev_edge_p=0.3072 dev_edge_r=0.4204
[8403.0s] epoch 171 step 189650 avg_loss=1.183
[8405.6s] epoch 171 step 189700 avg_loss=1.200
[8407.9s] epoch 171 step 189750 avg_loss=1.214
[8410.0s] epoch 171 step 189800 avg_loss=1.245
[8411.9s] epoch 171 step 189850 avg_loss=1.273
[8413.8s] epoch 171 step 189900 avg_loss=1.269
[8415.8s] epoch 171 step 189950 avg_loss=1.266
[8418.1s] epoch 171 step 190000 avg_loss=1.287
[8420.3s] epoch 171 step 190050 avg_loss=1.288
[8422.6s] epoch 171 step 190100 avg_loss=1.276
[8425.3s] epoch 171 step 190150 avg_loss=1.302
[8427.4s] epoch 171 step 190200 avg_loss=1.289
[8428.8s] === epoch 171 done: avg_loss=1.285 (n=1106 derivations) ===
[8429.4s] epoch 172 step 190250 avg_loss=1.138
[8432.0s] epoch 172 step 190300 avg_loss=1.381
[8434.2s] epoch 172 step 190350 avg_loss=1.207
[8436.3s] epoch 172 step 190400 avg_loss=1.085
[8438.3s] epoch 172 step 190450 avg_loss=1.030
[8440.4s] epoch 172 step 190500 avg_loss=1.121
[8442.6s] epoch 172 step 190550 avg_loss=1.132
[8444.9s] epoch 172 step 190600 avg_loss=1.135
[8447.2s] epoch 172 step 190650 avg_loss=1.139
[8449.3s] epoch 172 step 190700 avg_loss=1.161
[8451.6s] epoch 172 step 190750 avg_loss=1.196
[8453.9s] epoch 172 step 190800 avg_loss=1.220
[8455.9s] epoch 172 step 190850 avg_loss=1.206
[8457.8s] epoch 172 step 190900 avg_loss=1.217
[8459.7s] epoch 172 step 190950 avg_loss=1.229
[8461.7s] epoch 172 step 191000 avg_loss=1.207
[8463.8s] epoch 172 step 191050 avg_loss=1.259
[8465.9s] epoch 172 step 191100 avg_loss=1.261
[8468.1s] epoch 172 step 191150 avg_loss=1.273
[8470.4s] epoch 172 step 191200 avg_loss=1.272
[8472.1s] epoch 172 step 191250 avg_loss=1.252
[8474.5s] epoch 172 step 191300 avg_loss=1.257
[8476.0s] === epoch 172 done: avg_loss=1.251 (n=1106 derivations) ===
[8476.5s] epoch 173 step 191350 avg_loss=1.283
[8478.9s] epoch 173 step 191400 avg_loss=1.169
[8481.2s] epoch 173 step 191450 avg_loss=1.134
[8483.4s] epoch 173 step 191500 avg_loss=1.056
[8485.5s] epoch 173 step 191550 avg_loss=1.030
[8487.3s] epoch 173 step 191600 avg_loss=1.061
[8489.5s] epoch 173 step 191650 avg_loss=1.085
[8491.9s] epoch 173 step 191700 avg_loss=1.101
[8493.9s] epoch 173 step 191750 avg_loss=1.102
[8496.1s] epoch 173 step 191800 avg_loss=1.099
[8498.4s] epoch 173 step 191850 avg_loss=1.150
[8500.4s] epoch 173 step 191900 avg_loss=1.137
[8502.7s] epoch 173 step 191950 avg_loss=1.141
[8504.7s] epoch 173 step 192000 avg_loss=1.137
[8507.0s] epoch 173 step 192050 avg_loss=1.139
[8509.5s] epoch 173 step 192100 avg_loss=1.181
[8511.9s] epoch 173 step 192150 avg_loss=1.190
[8514.0s] epoch 173 step 192200 avg_loss=1.225
[8516.1s] epoch 173 step 192250 avg_loss=1.228
[8518.2s] epoch 173 step 192300 avg_loss=1.207
[8520.6s] epoch 173 step 192350 avg_loss=1.217
[8522.9s] epoch 173 step 192400 avg_loss=1.196
[8524.7s] === epoch 173 done: avg_loss=1.195 (n=1106 derivations) ===
[8525.0s] epoch 174 step 192450 avg_loss=1.826
[8527.2s] epoch 174 step 192500 avg_loss=0.838
[8529.3s] epoch 174 step 192550 avg_loss=0.927
[8531.4s] epoch 174 step 192600 avg_loss=1.031
[8533.7s] epoch 174 step 192650 avg_loss=1.051
[8535.6s] epoch 174 step 192700 avg_loss=1.037
[8537.8s] epoch 174 step 192750 avg_loss=1.048
[8540.0s] epoch 174 step 192800 avg_loss=1.026
[8542.3s] epoch 174 step 192850 avg_loss=1.016
[8544.3s] epoch 174 step 192900 avg_loss=1.004
[8546.3s] epoch 174 step 192950 avg_loss=0.996
[8548.3s] epoch 174 step 193000 avg_loss=0.991
[8550.5s] epoch 174 step 193050 avg_loss=0.999
[8553.1s] epoch 174 step 193100 avg_loss=1.029
[8555.1s] epoch 174 step 193150 avg_loss=1.047
[8556.7s] epoch 174 step 193200 avg_loss=1.055
[8558.5s] epoch 174 step 193250 avg_loss=1.056
[8560.3s] epoch 174 step 193300 avg_loss=1.087
[8562.4s] epoch 174 step 193350 avg_loss=1.097
[8564.3s] epoch 174 step 193400 avg_loss=1.097
[8566.9s] epoch 174 step 193450 avg_loss=1.122
[8569.5s] epoch 174 step 193500 avg_loss=1.141
[8571.9s] epoch 174 step 193550 avg_loss=1.158
[8571.9s] === epoch 174 done: avg_loss=1.158 (n=1106 derivations) ===
[8574.1s] epoch 175 step 193600 avg_loss=1.280
[8576.2s] epoch 175 step 193650 avg_loss=1.103
[8578.5s] epoch 175 step 193700 avg_loss=1.048
[8581.0s] epoch 175 step 193750 avg_loss=1.136
[8583.3s] epoch 175 step 193800 avg_loss=1.139
[8585.2s] epoch 175 step 193850 avg_loss=1.129
[8587.4s] epoch 175 step 193900 avg_loss=1.110
[8589.3s] epoch 175 step 193950 avg_loss=1.085
[8591.3s] epoch 175 step 194000 avg_loss=1.043
[8593.3s] epoch 175 step 194050 avg_loss=1.064
[8595.2s] epoch 175 step 194100 avg_loss=1.048
[8597.3s] epoch 175 step 194150 avg_loss=1.062
[8599.2s] epoch 175 step 194200 avg_loss=1.052
[8601.3s] epoch 175 step 194250 avg_loss=1.064
[8603.4s] epoch 175 step 194300 avg_loss=1.065
[8605.5s] epoch 175 step 194350 avg_loss=1.068
[8607.7s] epoch 175 step 194400 avg_loss=1.077
[8609.5s] epoch 175 step 194450 avg_loss=1.086
[8611.7s] epoch 175 step 194500 avg_loss=1.101
[8614.0s] epoch 175 step 194550 avg_loss=1.128
[8616.2s] epoch 175 step 194600 avg_loss=1.122
[8618.4s] epoch 175 step 194650 avg_loss=1.139
[8618.6s] === epoch 175 done: avg_loss=1.136 (n=1106 derivations) ===
[8620.3s] epoch 176 step 194700 avg_loss=0.813
[8622.5s] epoch 176 step 194750 avg_loss=0.926
[8624.3s] epoch 176 step 194800 avg_loss=0.860
[8626.5s] epoch 176 step 194850 avg_loss=0.816
[8628.7s] epoch 176 step 194900 avg_loss=0.895
[8630.8s] epoch 176 step 194950 avg_loss=0.849
[8633.1s] epoch 176 step 195000 avg_loss=0.896
[8635.4s] epoch 176 step 195050 avg_loss=0.934
[8637.2s] epoch 176 step 195100 avg_loss=0.917
[8639.5s] epoch 176 step 195150 avg_loss=0.975
[8641.4s] epoch 176 step 195200 avg_loss=0.985
[8643.4s] epoch 176 step 195250 avg_loss=0.984
[8645.8s] epoch 176 step 195300 avg_loss=0.995
[8648.1s] epoch 176 step 195350 avg_loss=1.004
[8650.2s] epoch 176 step 195400 avg_loss=0.999
[8651.9s] epoch 176 step 195450 avg_loss=0.997
[8654.0s] epoch 176 step 195500 avg_loss=1.022
[8656.2s] epoch 176 step 195550 avg_loss=1.078
[8658.0s] epoch 176 step 195600 avg_loss=1.059
[8660.2s] epoch 176 step 195650 avg_loss=1.066
[8662.2s] epoch 176 step 195700 avg_loss=1.084
[8664.4s] epoch 176 step 195750 avg_loss=1.120
[8664.9s] === epoch 176 done: avg_loss=1.116 (n=1106 derivations) ===
[8666.6s] epoch 177 step 195800 avg_loss=1.213
[8668.6s] epoch 177 step 195850 avg_loss=1.162
[8670.5s] epoch 177 step 195900 avg_loss=0.996
[8672.5s] epoch 177 step 195950 avg_loss=1.080
[8674.7s] epoch 177 step 196000 avg_loss=1.012
[8676.8s] epoch 177 step 196050 avg_loss=0.973
[8679.4s] epoch 177 step 196100 avg_loss=0.994
[8681.8s] epoch 177 step 196150 avg_loss=1.014
[8684.1s] epoch 177 step 196200 avg_loss=1.034
[8686.4s] epoch 177 step 196250 avg_loss=1.037
[8688.8s] epoch 177 step 196300 avg_loss=1.041
[8690.9s] epoch 177 step 196350 avg_loss=1.077
[8692.9s] epoch 177 step 196400 avg_loss=1.047
[8695.2s] epoch 177 step 196450 avg_loss=1.042
[8697.4s] epoch 177 step 196500 avg_loss=1.052
[8699.5s] epoch 177 step 196550 avg_loss=1.048
[8701.6s] epoch 177 step 196600 avg_loss=1.053
[8703.8s] epoch 177 step 196650 avg_loss=1.059
[8705.7s] epoch 177 step 196700 avg_loss=1.059
[8707.8s] epoch 177 step 196750 avg_loss=1.086
[8709.8s] epoch 177 step 196800 avg_loss=1.084
[8712.0s] epoch 177 step 196850 avg_loss=1.082
[8712.7s] === epoch 177 done: avg_loss=1.092 (n=1106 derivations) ===
[8714.1s] epoch 178 step 196900 avg_loss=0.703
[8716.6s] epoch 178 step 196950 avg_loss=0.809
[8719.0s] epoch 178 step 197000 avg_loss=0.793
[8721.2s] epoch 178 step 197050 avg_loss=0.816
[8723.4s] epoch 178 step 197100 avg_loss=0.920
[8725.3s] epoch 178 step 197150 avg_loss=0.913
[8727.2s] epoch 178 step 197200 avg_loss=0.891
[8729.4s] epoch 178 step 197250 avg_loss=0.911
[8731.5s] epoch 178 step 197300 avg_loss=0.914
[8733.9s] epoch 178 step 197350 avg_loss=0.989
[8735.9s] epoch 178 step 197400 avg_loss=1.005
[8737.8s] epoch 178 step 197450 avg_loss=0.993
[8740.0s] epoch 178 step 197500 avg_loss=1.016
[8742.1s] eval step=6250 train_avg_loss=1.023 dev_rank1_f1=0.3646 dev_edge_p=0.3146 dev_edge_r=0.4334
[8744.0s] epoch 178 step 197550 avg_loss=1.023
[8745.9s] epoch 178 step 197600 avg_loss=1.028
[8748.1s] epoch 178 step 197650 avg_loss=1.037
[8750.0s] epoch 178 step 197700 avg_loss=1.029
[8752.3s] epoch 178 step 197750 avg_loss=1.069
[8754.4s] epoch 178 step 197800 avg_loss=1.069
[8756.8s] epoch 178 step 197850 avg_loss=1.086
[8758.9s] epoch 178 step 197900 avg_loss=1.087
[8760.9s] epoch 178 step 197950 avg_loss=1.079
[8761.8s] === epoch 178 done: avg_loss=1.085 (n=1106 derivations) ===
[8762.7s] epoch 179 step 198000 avg_loss=0.654
[8764.6s] epoch 179 step 198050 avg_loss=0.802
[8766.4s] epoch 179 step 198100 avg_loss=0.746
[8768.6s] epoch 179 step 198150 avg_loss=0.808
[8770.6s] epoch 179 step 198200 avg_loss=0.772
[8772.8s] epoch 179 step 198250 avg_loss=0.824
[8775.1s] epoch 179 step 198300 avg_loss=0.836
[8777.5s] epoch 179 step 198350 avg_loss=0.876
[8779.6s] epoch 179 step 198400 avg_loss=0.873
[8781.8s] epoch 179 step 198450 avg_loss=0.865
[8784.0s] epoch 179 step 198500 avg_loss=0.933
[8785.7s] epoch 179 step 198550 avg_loss=0.975
[8787.9s] epoch 179 step 198600 avg_loss=0.998
[8789.9s] epoch 179 step 198650 avg_loss=0.969
[8792.1s] epoch 179 step 198700 avg_loss=0.968
[8794.4s] epoch 179 step 198750 avg_loss=0.992
[8796.5s] epoch 179 step 198800 avg_loss=0.983
[8798.9s] epoch 179 step 198850 avg_loss=1.022
[8801.1s] epoch 179 step 198900 avg_loss=1.004
[8803.3s] epoch 179 step 198950 avg_loss=1.016
[8805.4s] epoch 179 step 199000 avg_loss=1.050
[8807.2s] epoch 179 step 199050 avg_loss=1.037
[8808.6s] === epoch 179 done: avg_loss=1.055 (n=1106 derivations) ===
[8809.3s] epoch 180 step 199100 avg_loss=0.644
[8811.4s] epoch 180 step 199150 avg_loss=0.622
[8813.5s] epoch 180 step 199200 avg_loss=0.897
[8815.6s] epoch 180 step 199250 avg_loss=1.007
[8817.9s] epoch 180 step 199300 avg_loss=1.000
[8820.2s] epoch 180 step 199350 avg_loss=1.016
[8822.4s] epoch 180 step 199400 avg_loss=0.982
[8824.7s] epoch 180 step 199450 avg_loss=0.946
[8827.0s] epoch 180 step 199500 avg_loss=0.937
[8829.1s] epoch 180 step 199550 avg_loss=0.998
[8831.2s] epoch 180 step 199600 avg_loss=1.017
[8833.4s] epoch 180 step 199650 avg_loss=1.015
[8835.3s] epoch 180 step 199700 avg_loss=1.027
[8837.4s] epoch 180 step 199750 avg_loss=1.027
[8839.7s] epoch 180 step 199800 avg_loss=1.033
[8841.5s] epoch 180 step 199850 avg_loss=1.008
[8843.5s] epoch 180 step 199900 avg_loss=1.028
[8845.7s] epoch 180 step 199950 avg_loss=1.043
[8847.8s] epoch 180 step 200000 avg_loss=1.056
[8849.8s] epoch 180 step 200050 avg_loss=1.055
[8851.8s] epoch 180 step 200100 avg_loss=1.033
[8853.8s] epoch 180 step 200150 avg_loss=1.039
[8855.4s] === epoch 180 done: avg_loss=1.034 (n=1106 derivations) ===
[8856.0s] epoch 181 step 200200 avg_loss=0.925
[8858.5s] epoch 181 step 200250 avg_loss=1.049
[8860.7s] epoch 181 step 200300 avg_loss=0.795
[8862.8s] epoch 181 step 200350 avg_loss=0.838
[8865.0s] epoch 181 step 200400 avg_loss=0.862
[8867.4s] epoch 181 step 200450 avg_loss=0.863
[8869.5s] epoch 181 step 200500 avg_loss=0.852
[8871.5s] epoch 181 step 200550 avg_loss=0.851
[8873.6s] epoch 181 step 200600 avg_loss=0.872
[8875.4s] epoch 181 step 200650 avg_loss=0.906
[8877.9s] epoch 181 step 200700 avg_loss=0.965
[8880.0s] epoch 181 step 200750 avg_loss=0.974
[8882.5s] epoch 181 step 200800 avg_loss=0.976
[8884.5s] epoch 181 step 200850 avg_loss=0.963
[8886.5s] epoch 181 step 200900 avg_loss=0.957
[8888.7s] epoch 181 step 200950 avg_loss=0.946
[8890.8s] epoch 181 step 201000 avg_loss=0.962
[8893.1s] epoch 181 step 201050 avg_loss=0.991
[8895.0s] epoch 181 step 201100 avg_loss=0.982
[8897.0s] epoch 181 step 201150 avg_loss=0.968
[8899.0s] epoch 181 step 201200 avg_loss=0.995
[8901.1s] epoch 181 step 201250 avg_loss=1.016
[8902.7s] === epoch 181 done: avg_loss=1.022 (n=1106 derivations) ===
[8903.0s] epoch 182 step 201300 avg_loss=0.786
[8905.3s] epoch 182 step 201350 avg_loss=1.074
[8907.5s] epoch 182 step 201400 avg_loss=1.011
[8910.1s] epoch 182 step 201450 avg_loss=1.080
[8912.3s] epoch 182 step 201500 avg_loss=0.997
[8914.5s] epoch 182 step 201550 avg_loss=1.005
[8916.6s] epoch 182 step 201600 avg_loss=0.990
[8918.5s] epoch 182 step 201650 avg_loss=0.994
[8920.6s] epoch 182 step 201700 avg_loss=1.019
[8923.0s] epoch 182 step 201750 avg_loss=1.009
[8924.9s] epoch 182 step 201800 avg_loss=0.964
[8926.8s] epoch 182 step 201850 avg_loss=0.990
[8928.9s] epoch 182 step 201900 avg_loss=0.985
[8930.6s] epoch 182 step 201950 avg_loss=0.961
[8932.5s] epoch 182 step 202000 avg_loss=0.949
[8934.9s] epoch 182 step 202050 avg_loss=0.959
[8936.8s] epoch 182 step 202100 avg_loss=0.948
[8938.7s] epoch 182 step 202150 avg_loss=0.942
[8940.6s] epoch 182 step 202200 avg_loss=0.959
[8942.7s] epoch 182 step 202250 avg_loss=0.960
[8945.0s] epoch 182 step 202300 avg_loss=0.996
[8947.0s] epoch 182 step 202350 avg_loss=1.001
[8949.2s] === epoch 182 done: avg_loss=1.008 (n=1106 derivations) ===
[8949.3s] epoch 183 step 202400 avg_loss=0.066
[8951.2s] epoch 183 step 202450 avg_loss=0.677
[8953.5s] epoch 183 step 202500 avg_loss=0.730
[8955.9s] epoch 183 step 202550 avg_loss=0.778
[8957.8s] epoch 183 step 202600 avg_loss=0.768
[8960.3s] epoch 183 step 202650 avg_loss=0.786
[8962.7s] epoch 183 step 202700 avg_loss=0.813
[8964.8s] epoch 183 step 202750 avg_loss=0.803
[8966.7s] epoch 183 step 202800 avg_loss=0.797
[8968.6s] epoch 183 step 202850 avg_loss=0.794
[8970.9s] epoch 183 step 202900 avg_loss=0.831
[8973.3s] epoch 183 step 202950 avg_loss=0.874
[8975.3s] epoch 183 step 203000 avg_loss=0.934
[8977.2s] epoch 183 step 203050 avg_loss=0.937
[8979.2s] epoch 183 step 203100 avg_loss=0.985
[8981.2s] epoch 183 step 203150 avg_loss=1.012
[8983.4s] epoch 183 step 203200 avg_loss=0.994
[8985.9s] epoch 183 step 203250 avg_loss=0.998
[8988.0s] epoch 183 step 203300 avg_loss=0.978
[8990.4s] epoch 183 step 203350 avg_loss=0.979
[8992.7s] epoch 183 step 203400 avg_loss=0.972
[8994.9s] epoch 183 step 203450 avg_loss=0.989
[8997.0s] epoch 183 step 203500 avg_loss=1.001
[8997.1s] === epoch 183 done: avg_loss=0.999 (n=1106 derivations) ===
[8999.0s] epoch 184 step 203550 avg_loss=0.972
[9001.3s] epoch 184 step 203600 avg_loss=1.062
[9003.4s] epoch 184 step 203650 avg_loss=0.997
[9005.3s] epoch 184 step 203700 avg_loss=0.968
[9007.5s] epoch 184 step 203750 avg_loss=0.979
[9009.8s] epoch 184 step 203800 avg_loss=0.947
[9011.8s] epoch 184 step 203850 avg_loss=0.969
[9014.2s] epoch 184 step 203900 avg_loss=1.041
[9016.5s] epoch 184 step 203950 avg_loss=1.041
[9018.9s] epoch 184 step 204000 avg_loss=1.035
[9020.9s] epoch 184 step 204050 avg_loss=1.000
[9023.0s] epoch 184 step 204100 avg_loss=0.993
[9024.9s] epoch 184 step 204150 avg_loss=1.000
[9027.0s] epoch 184 step 204200 avg_loss=0.999
[9029.0s] epoch 184 step 204250 avg_loss=0.998
[9030.8s] epoch 184 step 204300 avg_loss=0.983
[9033.1s] epoch 184 step 204350 avg_loss=0.996
[9035.3s] epoch 184 step 204400 avg_loss=0.983
[9037.5s] epoch 184 step 204450 avg_loss=0.997
[9039.5s] epoch 184 step 204500 avg_loss=0.995
[9041.3s] epoch 184 step 204550 avg_loss=0.985
[9043.4s] epoch 184 step 204600 avg_loss=0.987
[9043.9s] === epoch 184 done: avg_loss=0.996 (n=1106 derivations) ===
[9045.4s] epoch 185 step 204650 avg_loss=0.551
[9047.7s] epoch 185 step 204700 avg_loss=0.858
[9049.7s] epoch 185 step 204750 avg_loss=0.904
[9051.8s] epoch 185 step 204800 avg_loss=0.928
[9054.0s] epoch 185 step 204850 avg_loss=0.919
[9056.0s] epoch 185 step 204900 avg_loss=0.908
[9058.2s] epoch 185 step 204950 avg_loss=0.919
[9060.7s] epoch 185 step 205000 avg_loss=0.941
[9063.2s] epoch 185 step 205050 avg_loss=0.953
[9065.2s] epoch 185 step 205100 avg_loss=0.922
[9067.4s] epoch 185 step 205150 avg_loss=0.937
[9069.6s] epoch 185 step 205200 avg_loss=0.909
[9071.7s] epoch 185 step 205250 avg_loss=0.905
[9073.9s] epoch 185 step 205300 avg_loss=0.920
[9076.1s] epoch 185 step 205350 avg_loss=0.916
[9078.1s] epoch 185 step 205400 avg_loss=0.923
[9080.4s] eval step=6500 train_avg_loss=0.934 dev_rank1_f1=0.3702 dev_edge_p=0.3235 dev_edge_r=0.4326
[9082.1s] epoch 185 step 205450 avg_loss=0.958
[9084.3s] epoch 185 step 205500 avg_loss=0.966
[9086.6s] epoch 185 step 205550 avg_loss=0.967
[9088.8s] epoch 185 step 205600 avg_loss=0.987
[9091.0s] epoch 185 step 205650 avg_loss=0.980
[9093.3s] epoch 185 step 205700 avg_loss=0.985
[9094.0s] === epoch 185 done: avg_loss=0.992 (n=1106 derivations) ===
[9095.5s] epoch 186 step 205750 avg_loss=0.933
[9097.6s] epoch 186 step 205800 avg_loss=0.718
[9099.9s] epoch 186 step 205850 avg_loss=0.846
[9102.4s] epoch 186 step 205900 avg_loss=0.864
[9104.5s] epoch 186 step 205950 avg_loss=0.835
[9106.6s] epoch 186 step 206000 avg_loss=0.838
[9108.7s] epoch 186 step 206050 avg_loss=0.853
[9110.8s] epoch 186 step 206100 avg_loss=0.856
[9113.2s] epoch 186 step 206150 avg_loss=0.860
[9115.0s] epoch 186 step 206200 avg_loss=0.859
[9117.2s] epoch 186 step 206250 avg_loss=0.858
[9119.4s] epoch 186 step 206300 avg_loss=0.889
[9121.4s] epoch 186 step 206350 avg_loss=0.912
[9123.5s] epoch 186 step 206400 avg_loss=0.928
[9125.3s] epoch 186 step 206450 avg_loss=0.937
[9127.3s] epoch 186 step 206500 avg_loss=0.959
[9129.1s] epoch 186 step 206550 avg_loss=0.953
[9131.3s] epoch 186 step 206600 avg_loss=0.951
[9133.6s] epoch 186 step 206650 avg_loss=0.963
[9135.6s] epoch 186 step 206700 avg_loss=0.981
[9137.6s] epoch 186 step 206750 avg_loss=0.979
[9139.8s] epoch 186 step 206800 avg_loss=0.995
[9140.7s] === epoch 186 done: avg_loss=0.991 (n=1106 derivations) ===
[9141.8s] epoch 187 step 206850 avg_loss=0.916
[9143.9s] epoch 187 step 206900 avg_loss=1.104
[9145.9s] epoch 187 step 206950 avg_loss=1.019
[9147.9s] epoch 187 step 207000 avg_loss=0.870
[9149.7s] epoch 187 step 207050 avg_loss=0.861
[9151.6s] epoch 187 step 207100 avg_loss=0.815
[9153.8s] epoch 187 step 207150 avg_loss=0.856
[9155.8s] epoch 187 step 207200 avg_loss=0.886
[9157.8s] epoch 187 step 207250 avg_loss=0.915
[9159.4s] epoch 187 step 207300 avg_loss=0.912
[9161.4s] epoch 187 step 207350 avg_loss=0.913
[9163.3s] epoch 187 step 207400 avg_loss=0.906
[9165.3s] epoch 187 step 207450 avg_loss=0.898
[9167.4s] epoch 187 step 207500 avg_loss=0.907
[9170.0s] epoch 187 step 207550 avg_loss=0.924
[9172.0s] epoch 187 step 207600 avg_loss=0.920
[9174.1s] epoch 187 step 207650 avg_loss=0.940
[9176.0s] epoch 187 step 207700 avg_loss=0.950
[9177.8s] epoch 187 step 207750 avg_loss=0.945
[9179.6s] epoch 187 step 207800 avg_loss=0.975
[9181.8s] epoch 187 step 207850 avg_loss=0.992
[9183.9s] epoch 187 step 207900 avg_loss=0.983
[9185.2s] === epoch 187 done: avg_loss=0.991 (n=1106 derivations) ===
[9186.1s] epoch 188 step 207950 avg_loss=0.537
[9188.4s] epoch 188 step 208000 avg_loss=0.767
[9190.4s] epoch 188 step 208050 avg_loss=0.670
[9192.4s] epoch 188 step 208100 avg_loss=0.700
[9194.4s] epoch 188 step 208150 avg_loss=0.788
[9196.6s] epoch 188 step 208200 avg_loss=0.815
[9198.9s] epoch 188 step 208250 avg_loss=0.828
[9201.2s] epoch 188 step 208300 avg_loss=0.834
[9203.3s] epoch 188 step 208350 avg_loss=0.853
[9205.7s] epoch 188 step 208400 avg_loss=0.930
[9207.8s] epoch 188 step 208450 avg_loss=0.910
[9209.7s] epoch 188 step 208500 avg_loss=0.910
[9211.8s] epoch 188 step 208550 avg_loss=0.909
[9213.8s] epoch 188 step 208600 avg_loss=0.932
[9215.9s] epoch 188 step 208650 avg_loss=0.946
[9217.8s] epoch 188 step 208700 avg_loss=0.936
[9219.9s] epoch 188 step 208750 avg_loss=0.950
[9222.1s] epoch 188 step 208800 avg_loss=0.974
[9224.8s] epoch 188 step 208850 avg_loss=0.998
[9227.0s] epoch 188 step 208900 avg_loss=0.991
[9228.9s] epoch 188 step 208950 avg_loss=0.977
[9230.9s] epoch 188 step 209000 avg_loss=0.988
[9232.5s] === epoch 188 done: avg_loss=0.993 (n=1106 derivations) ===
[9233.1s] epoch 189 step 209050 avg_loss=0.303
[9234.9s] epoch 189 step 209100 avg_loss=0.578
[9237.1s] epoch 189 step 209150 avg_loss=0.682
[9239.3s] epoch 189 step 209200 avg_loss=0.761
[9241.8s] epoch 189 step 209250 avg_loss=0.807
[9243.9s] epoch 189 step 209300 avg_loss=0.783
[9245.8s] epoch 189 step 209350 avg_loss=0.771
[9247.9s] epoch 189 step 209400 avg_loss=0.773
[9250.2s] epoch 189 step 209450 avg_loss=0.791
[9252.5s] epoch 189 step 209500 avg_loss=0.844
[9254.2s] epoch 189 step 209550 avg_loss=0.830
[9256.3s] epoch 189 step 209600 avg_loss=0.863
[9258.5s] epoch 189 step 209650 avg_loss=0.859
[9260.7s] epoch 189 step 209700 avg_loss=0.891
[9262.6s] epoch 189 step 209750 avg_loss=0.878
[9264.5s] epoch 189 step 209800 avg_loss=0.891
[9266.4s] epoch 189 step 209850 avg_loss=0.912
[9268.5s] epoch 189 step 209900 avg_loss=0.946
[9270.5s] epoch 189 step 209950 avg_loss=0.949
[9272.8s] epoch 189 step 210000 avg_loss=0.957
[9274.9s] epoch 189 step 210050 avg_loss=0.980
[9276.9s] epoch 189 step 210100 avg_loss=0.980
[9278.5s] === epoch 189 done: avg_loss=0.977 (n=1106 derivations) ===
[9278.8s] epoch 190 step 210150 avg_loss=0.731
[9280.7s] epoch 190 step 210200 avg_loss=0.604
[9282.9s] epoch 190 step 210250 avg_loss=0.888
[9284.9s] epoch 190 step 210300 avg_loss=0.868
[9286.9s] epoch 190 step 210350 avg_loss=0.856
[9288.7s] epoch 190 step 210400 avg_loss=0.829
[9290.6s] epoch 190 step 210450 avg_loss=0.844
[9292.7s] epoch 190 step 210500 avg_loss=0.872
[9294.5s] epoch 190 step 210550 avg_loss=0.877
[9296.4s] epoch 190 step 210600 avg_loss=0.907
[9298.4s] epoch 190 step 210650 avg_loss=0.906
[9300.5s] epoch 190 step 210700 avg_loss=0.911
[9302.6s] epoch 190 step 210750 avg_loss=0.880
[9304.8s] epoch 190 step 210800 avg_loss=0.911
[9306.9s] epoch 190 step 210850 avg_loss=0.904
[9308.9s] epoch 190 step 210900 avg_loss=0.890
[9310.9s] epoch 190 step 210950 avg_loss=0.898
[9313.3s] epoch 190 step 211000 avg_loss=0.912
[9315.5s] epoch 190 step 211050 avg_loss=0.939
[9317.7s] epoch 190 step 211100 avg_loss=0.956
[9319.8s] epoch 190 step 211150 avg_loss=0.963
[9322.3s] epoch 190 step 211200 avg_loss=0.964
[9324.4s] === epoch 190 done: avg_loss=0.976 (n=1106 derivations) ===
[9324.7s] epoch 191 step 211250 avg_loss=3.423
[9326.9s] epoch 191 step 211300 avg_loss=1.012
[9328.8s] epoch 191 step 211350 avg_loss=0.901
[9330.7s] epoch 191 step 211400 avg_loss=0.878
[9332.7s] epoch 191 step 211450 avg_loss=0.867
[9334.8s] epoch 191 step 211500 avg_loss=0.885
[9336.6s] epoch 191 step 211550 avg_loss=0.901
[9338.4s] epoch 191 step 211600 avg_loss=0.907
[9340.6s] epoch 191 step 211650 avg_loss=0.904
[9342.9s] epoch 191 step 211700 avg_loss=0.928
[9344.9s] epoch 191 step 211750 avg_loss=0.907
[9346.9s] epoch 191 step 211800 avg_loss=0.888
[9349.0s] epoch 191 step 211850 avg_loss=0.878
[9351.3s] epoch 191 step 211900 avg_loss=0.898
[9353.8s] epoch 191 step 211950 avg_loss=0.933
[9356.2s] epoch 191 step 212000 avg_loss=0.943
[9358.5s] epoch 191 step 212050 avg_loss=0.947
[9360.8s] epoch 191 step 212100 avg_loss=0.961
[9362.9s] epoch 191 step 212150 avg_loss=0.952
[9364.6s] epoch 191 step 212200 avg_loss=0.941
[9366.8s] epoch 191 step 212250 avg_loss=0.956
[9369.1s] epoch 191 step 212300 avg_loss=0.967
[9371.2s] epoch 191 step 212350 avg_loss=0.979
[9371.3s] === epoch 191 done: avg_loss=0.977 (n=1106 derivations) ===
[9373.6s] epoch 192 step 212400 avg_loss=1.117
[9375.6s] epoch 192 step 212450 avg_loss=0.937
[9377.7s] epoch 192 step 212500 avg_loss=1.026
[9380.0s] epoch 192 step 212550 avg_loss=0.986
[9381.9s] epoch 192 step 212600 avg_loss=0.923
[9383.8s] epoch 192 step 212650 avg_loss=0.886
[9386.0s] epoch 192 step 212700 avg_loss=0.861
[9388.2s] epoch 192 step 212750 avg_loss=0.838
[9390.3s] epoch 192 step 212800 avg_loss=0.860
[9392.8s] epoch 192 step 212850 avg_loss=0.897
[9394.7s] epoch 192 step 212900 avg_loss=0.918
[9396.9s] epoch 192 step 212950 avg_loss=0.938
[9398.7s] epoch 192 step 213000 avg_loss=0.933
[9400.8s] epoch 192 step 213050 avg_loss=0.960
[9402.5s] epoch 192 step 213100 avg_loss=0.950
[9404.5s] epoch 192 step 213150 avg_loss=0.943
[9406.6s] epoch 192 step 213200 avg_loss=0.953
[9408.8s] epoch 192 step 213250 avg_loss=0.984
[9411.2s] epoch 192 step 213300 avg_loss=0.978
[9413.1s] eval step=6750 train_avg_loss=0.976 dev_rank1_f1=0.3823 dev_edge_p=0.3286 dev_edge_r=0.4569
[9414.7s] epoch 192 step 213350 avg_loss=0.980
[9416.7s] epoch 192 step 213400 avg_loss=0.980
[9418.7s] epoch 192 step 213450 avg_loss=0.974
[9419.0s] === epoch 192 done: avg_loss=0.979 (n=1106 derivations) ===
[9420.7s] epoch 193 step 213500 avg_loss=0.780
[9422.5s] epoch 193 step 213550 avg_loss=0.814
[9424.3s] epoch 193 step 213600 avg_loss=0.797
[9426.4s] epoch 193 step 213650 avg_loss=0.830
[9428.3s] epoch 193 step 213700 avg_loss=0.786
[9430.6s] epoch 193 step 213750 avg_loss=0.883
[9432.4s] epoch 193 step 213800 avg_loss=0.887
[9434.7s] epoch 193 step 213850 avg_loss=0.862
[9436.6s] epoch 193 step 213900 avg_loss=0.868
[9438.5s] epoch 193 step 213950 avg_loss=0.836
[9440.4s] epoch 193 step 214000 avg_loss=0.889
[9442.5s] epoch 193 step 214050 avg_loss=0.896
[9444.8s] epoch 193 step 214100 avg_loss=0.901
[9446.9s] epoch 193 step 214150 avg_loss=0.899
[9449.2s] epoch 193 step 214200 avg_loss=0.933
[9451.3s] epoch 193 step 214250 avg_loss=0.932
[9453.7s] epoch 193 step 214300 avg_loss=0.939
[9455.6s] epoch 193 step 214350 avg_loss=0.926
[9457.6s] epoch 193 step 214400 avg_loss=0.918
[9459.8s] epoch 193 step 214450 avg_loss=0.946
[9461.8s] epoch 193 step 214500 avg_loss=0.977
[9463.6s] epoch 193 step 214550 avg_loss=0.983
[9464.2s] === epoch 193 done: avg_loss=0.984 (n=1106 derivations) ===
[9465.6s] epoch 194 step 214600 avg_loss=0.843
[9467.6s] epoch 194 step 214650 avg_loss=0.934
[9469.3s] epoch 194 step 214700 avg_loss=0.856
[9471.4s] epoch 194 step 214750 avg_loss=0.883
[9473.6s] epoch 194 step 214800 avg_loss=0.954
[9475.5s] epoch 194 step 214850 avg_loss=0.910
[9477.8s] epoch 194 step 214900 avg_loss=0.978
[9479.9s] epoch 194 step 214950 avg_loss=0.966
[9481.8s] epoch 194 step 215000 avg_loss=0.943
[9483.8s] epoch 194 step 215050 avg_loss=0.929
[9486.0s] epoch 194 step 215100 avg_loss=0.930
[9488.1s] epoch 194 step 215150 avg_loss=0.922
[9490.2s] epoch 194 step 215200 avg_loss=0.943
[9492.0s] epoch 194 step 215250 avg_loss=0.956
[9494.5s] epoch 194 step 215300 avg_loss=0.970
[9496.5s] epoch 194 step 215350 avg_loss=0.963
[9498.9s] epoch 194 step 215400 avg_loss=0.959
[9500.8s] epoch 194 step 215450 avg_loss=0.940
[9502.8s] epoch 194 step 215500 avg_loss=0.978
[9505.3s] epoch 194 step 215550 avg_loss=0.972
[9507.7s] epoch 194 step 215600 avg_loss=0.962
[9509.6s] epoch 194 step 215650 avg_loss=0.977
[9510.5s] === epoch 194 done: avg_loss=0.980 (n=1106 derivations) ===
[9511.7s] epoch 195 step 215700 avg_loss=0.887
[9514.0s] epoch 195 step 215750 avg_loss=0.871
[9516.1s] epoch 195 step 215800 avg_loss=0.932
[9518.3s] epoch 195 step 215850 avg_loss=0.979
[9520.4s] epoch 195 step 215900 avg_loss=0.892
[9522.8s] epoch 195 step 215950 avg_loss=0.956
[9524.9s] epoch 195 step 216000 avg_loss=0.919
[9526.9s] epoch 195 step 216050 avg_loss=0.887
[9528.9s] epoch 195 step 216100 avg_loss=0.873
[9531.0s] epoch 195 step 216150 avg_loss=0.852
[9532.7s] epoch 195 step 216200 avg_loss=0.876
[9534.6s] epoch 195 step 216250 avg_loss=0.859
[9536.9s] epoch 195 step 216300 avg_loss=0.889
[9539.0s] epoch 195 step 216350 avg_loss=0.911
[9541.2s] epoch 195 step 216400 avg_loss=0.914
[9543.4s] epoch 195 step 216450 avg_loss=0.917
[9545.2s] epoch 195 step 216500 avg_loss=0.941
[9547.5s] epoch 195 step 216550 avg_loss=0.946
[9549.7s] epoch 195 step 216600 avg_loss=0.944
[9552.1s] epoch 195 step 216650 avg_loss=0.969
[9554.3s] epoch 195 step 216700 avg_loss=0.958
[9556.6s] epoch 195 step 216750 avg_loss=0.985
[9557.7s] === epoch 195 done: avg_loss=0.989 (n=1106 derivations) ===
[9558.7s] epoch 196 step 216800 avg_loss=1.300
[9560.9s] epoch 196 step 216850 avg_loss=1.190
[9562.9s] epoch 196 step 216900 avg_loss=0.949
[9565.2s] epoch 196 step 216950 avg_loss=0.935
[9567.2s] epoch 196 step 217000 avg_loss=0.940
[9569.5s] epoch 196 step 217050 avg_loss=0.970
[9571.5s] epoch 196 step 217100 avg_loss=0.968
[9573.4s] epoch 196 step 217150 avg_loss=0.924
[9575.4s] epoch 196 step 217200 avg_loss=0.898
[9577.6s] epoch 196 step 217250 avg_loss=0.887
[9579.8s] epoch 196 step 217300 avg_loss=0.887
[9582.1s] epoch 196 step 217350 avg_loss=0.891
[9584.0s] epoch 196 step 217400 avg_loss=0.876
[9585.9s] epoch 196 step 217450 avg_loss=0.872
[9588.0s] epoch 196 step 217500 avg_loss=0.907
[9590.0s] epoch 196 step 217550 avg_loss=0.935
[9592.0s] epoch 196 step 217600 avg_loss=0.941
[9594.0s] epoch 196 step 217650 avg_loss=0.934
[9596.0s] epoch 196 step 217700 avg_loss=0.953
[9598.2s] epoch 196 step 217750 avg_loss=0.942
[9600.1s] epoch 196 step 217800 avg_loss=0.961
[9602.2s] epoch 196 step 217850 avg_loss=0.983
[9603.5s] === epoch 196 done: avg_loss=0.977 (n=1106 derivations) ===
[9604.1s] epoch 197 step 217900 avg_loss=1.656
[9606.0s] epoch 197 step 217950 avg_loss=0.834
[9608.0s] epoch 197 step 218000 avg_loss=0.936
[9610.1s] epoch 197 step 218050 avg_loss=0.937
[9612.2s] epoch 197 step 218100 avg_loss=0.953
[9614.3s] epoch 197 step 218150 avg_loss=0.923
[9616.2s] epoch 197 step 218200 avg_loss=0.928
[9618.2s] epoch 197 step 218250 avg_loss=0.943
[9620.2s] epoch 197 step 218300 avg_loss=0.918
[9622.5s] epoch 197 step 218350 avg_loss=0.967
[9624.5s] epoch 197 step 218400 avg_loss=0.949
[9626.5s] epoch 197 step 218450 avg_loss=0.952
[9628.8s] epoch 197 step 218500 avg_loss=0.968
[9630.6s] epoch 197 step 218550 avg_loss=0.949
[9632.5s] epoch 197 step 218600 avg_loss=0.931
[9634.4s] epoch 197 step 218650 avg_loss=0.918
[9636.6s] epoch 197 step 218700 avg_loss=0.929
[9638.5s] epoch 197 step 218750 avg_loss=0.921
[9640.7s] epoch 197 step 218800 avg_loss=0.924
[9642.9s] epoch 197 step 218850 avg_loss=0.941
[9644.9s] epoch 197 step 218900 avg_loss=0.947
[9647.2s] epoch 197 step 218950 avg_loss=0.989
[9649.0s] === epoch 197 done: avg_loss=0.983 (n=1106 derivations) ===
[9649.5s] epoch 198 step 219000 avg_loss=0.745
[9651.3s] epoch 198 step 219050 avg_loss=0.791
[9653.7s] epoch 198 step 219100 avg_loss=0.912
[9655.7s] epoch 198 step 219150 avg_loss=0.822
[9657.8s] epoch 198 step 219200 avg_loss=0.798
[9660.0s] epoch 198 step 219250 avg_loss=0.882
[9662.3s] epoch 198 step 219300 avg_loss=0.945
[9664.5s] epoch 198 step 219350 avg_loss=0.931
[9666.7s] epoch 198 step 219400 avg_loss=0.946
[9668.6s] epoch 198 step 219450 avg_loss=0.944
[9670.5s] epoch 198 step 219500 avg_loss=0.958
[9672.6s] epoch 198 step 219550 avg_loss=0.968
[9674.5s] epoch 198 step 219600 avg_loss=0.963
[9676.6s] epoch 198 step 219650 avg_loss=0.964
[9678.7s] epoch 198 step 219700 avg_loss=0.964
[9680.7s] epoch 198 step 219750 avg_loss=0.952
[9682.9s] epoch 198 step 219800 avg_loss=0.975
[9684.6s] epoch 198 step 219850 avg_loss=0.968
[9686.7s] epoch 198 step 219900 avg_loss=1.001
[9688.3s] epoch 198 step 219950 avg_loss=0.970
[9690.5s] epoch 198 step 220000 avg_loss=0.962
[9692.8s] epoch 198 step 220050 avg_loss=0.979
[9694.7s] === epoch 198 done: avg_loss=0.977 (n=1106 derivations) ===
[9695.0s] epoch 199 step 220100 avg_loss=0.427
[9697.1s] epoch 199 step 220150 avg_loss=1.358
[9698.9s] epoch 199 step 220200 avg_loss=1.040
[9700.8s] epoch 199 step 220250 avg_loss=0.858
[9703.1s] epoch 199 step 220300 avg_loss=0.841
[9705.6s] epoch 199 step 220350 avg_loss=0.888
[9707.7s] epoch 199 step 220400 avg_loss=0.898
[9710.1s] epoch 199 step 220450 avg_loss=0.910
[9712.0s] epoch 199 step 220500 avg_loss=0.889
[9714.6s] epoch 199 step 220550 avg_loss=0.936
[9717.1s] epoch 199 step 220600 avg_loss=0.938
[9718.8s] epoch 199 step 220650 avg_loss=0.947
[9720.9s] epoch 199 step 220700 avg_loss=0.945
[9723.1s] epoch 199 step 220750 avg_loss=0.951
[9725.1s] epoch 199 step 220800 avg_loss=0.940
[9727.1s] epoch 199 step 220850 avg_loss=0.935
[9729.2s] epoch 199 step 220900 avg_loss=0.947
[9731.2s] epoch 199 step 220950 avg_loss=0.928
[9733.3s] epoch 199 step 221000 avg_loss=0.937
[9735.4s] epoch 199 step 221050 avg_loss=0.965
[9737.5s] epoch 199 step 221100 avg_loss=0.973
[9739.5s] epoch 199 step 221150 avg_loss=0.978
[9741.5s] epoch 199 step 221200 avg_loss=0.972
[9743.1s] eval step=7000 train_avg_loss=0.972 dev_rank1_f1=0.3664 dev_edge_p=0.3078 dev_edge_r=0.4527
[9743.1s] === epoch 199 done: avg_loss=0.972 (n=1106 derivations) ===
[9745.4s] epoch 200 step 221250 avg_loss=0.978
[9747.4s] epoch 200 step 221300 avg_loss=0.833
[9749.5s] epoch 200 step 221350 avg_loss=0.863
[9751.4s] epoch 200 step 221400 avg_loss=0.811
[9753.5s] epoch 200 step 221450 avg_loss=0.800
[9755.6s] epoch 200 step 221500 avg_loss=0.792
[9757.7s] epoch 200 step 221550 avg_loss=0.867
[9760.0s] epoch 200 step 221600 avg_loss=0.909
[9762.2s] epoch 200 step 221650 avg_loss=0.905
[9764.3s] epoch 200 step 221700 avg_loss=0.880
[9766.4s] epoch 200 step 221750 avg_loss=0.884
[9768.4s] epoch 200 step 221800 avg_loss=0.873
[9770.6s] epoch 200 step 221850 avg_loss=0.895
[9772.8s] epoch 200 step 221900 avg_loss=0.919
[9775.1s] epoch 200 step 221950 avg_loss=0.917
[9777.3s] epoch 200 step 222000 avg_loss=0.948
[9779.1s] epoch 200 step 222050 avg_loss=0.961
[9781.4s] epoch 200 step 222100 avg_loss=0.945
[9783.6s] epoch 200 step 222150 avg_loss=0.977
[9785.4s] epoch 200 step 222200 avg_loss=0.966
[9787.6s] epoch 200 step 222250 avg_loss=0.981
[9789.6s] epoch 200 step 222300 avg_loss=0.978
[9789.9s] === epoch 200 done: avg_loss=0.982 (n=1106 derivations) ===
[9792.1s] epoch 201 step 222350 avg_loss=1.151
[9794.2s] epoch 201 step 222400 avg_loss=1.122
[9796.1s] epoch 201 step 222450 avg_loss=0.993
[9798.1s] epoch 201 step 222500 avg_loss=0.901
[9800.1s] epoch 201 step 222550 avg_loss=0.945
[9802.2s] epoch 201 step 222600 avg_loss=0.944
[9804.0s] epoch 201 step 222650 avg_loss=0.932
[9805.8s] epoch 201 step 222700 avg_loss=0.893
[9807.9s] epoch 201 step 222750 avg_loss=0.923
[9810.0s] epoch 201 step 222800 avg_loss=0.950
[9812.3s] epoch 201 step 222850 avg_loss=0.943
[9814.8s] epoch 201 step 222900 avg_loss=0.942
[9816.8s] epoch 201 step 222950 avg_loss=0.919
[9818.7s] epoch 201 step 223000 avg_loss=0.931
[9820.8s] epoch 201 step 223050 avg_loss=0.924
[9823.2s] epoch 201 step 223100 avg_loss=0.949
[9825.2s] epoch 201 step 223150 avg_loss=0.953
[9827.3s] epoch 201 step 223200 avg_loss=0.945
[9829.2s] epoch 201 step 223250 avg_loss=0.950
[9831.4s] epoch 201 step 223300 avg_loss=0.959
[9833.6s] epoch 201 step 223350 avg_loss=0.965
[9835.6s] epoch 201 step 223400 avg_loss=0.977
[9836.0s] === epoch 201 done: avg_loss=0.975 (n=1106 derivations) ===
[9837.3s] epoch 202 step 223450 avg_loss=0.755
[9839.4s] epoch 202 step 223500 avg_loss=0.880
[9841.8s] epoch 202 step 223550 avg_loss=0.931
[9843.9s] epoch 202 step 223600 avg_loss=0.936
[9846.0s] epoch 202 step 223650 avg_loss=0.880
[9848.0s] epoch 202 step 223700 avg_loss=0.855
[9849.8s] epoch 202 step 223750 avg_loss=0.882
[9851.6s] epoch 202 step 223800 avg_loss=0.884
[9853.3s] epoch 202 step 223850 avg_loss=0.868
[9855.5s] epoch 202 step 223900 avg_loss=0.896
[9857.6s] epoch 202 step 223950 avg_loss=0.856
[9859.7s] epoch 202 step 224000 avg_loss=0.889
[9861.8s] epoch 202 step 224050 avg_loss=0.903
[9864.0s] epoch 202 step 224100 avg_loss=0.917
[9866.4s] epoch 202 step 224150 avg_loss=0.955
[9868.6s] epoch 202 step 224200 avg_loss=0.952
[9870.9s] epoch 202 step 224250 avg_loss=0.955
[9872.8s] epoch 202 step 224300 avg_loss=0.962
[9874.8s] epoch 202 step 224350 avg_loss=0.973
[9876.9s] epoch 202 step 224400 avg_loss=0.973
[9878.8s] epoch 202 step 224450 avg_loss=0.975
[9881.2s] epoch 202 step 224500 avg_loss=0.972
[9881.9s] === epoch 202 done: avg_loss=0.981 (n=1106 derivations) ===
[9883.0s] epoch 203 step 224550 avg_loss=0.786
[9884.9s] epoch 203 step 224600 avg_loss=0.827
[9887.2s] epoch 203 step 224650 avg_loss=0.881
[9889.2s] epoch 203 step 224700 avg_loss=0.802
[9891.3s] epoch 203 step 224750 avg_loss=0.841
[9893.5s] epoch 203 step 224800 avg_loss=0.848
[9895.5s] epoch 203 step 224850 avg_loss=0.839
[9897.6s] epoch 203 step 224900 avg_loss=0.872
[9900.1s] epoch 203 step 224950 avg_loss=0.900
[9902.4s] epoch 203 step 225000 avg_loss=0.919
[9904.6s] epoch 203 step 225050 avg_loss=0.923
[9906.6s] epoch 203 step 225100 avg_loss=0.900
[9908.9s] epoch 203 step 225150 avg_loss=0.920
[9910.9s] epoch 203 step 225200 avg_loss=0.907
[9913.2s] epoch 203 step 225250 avg_loss=0.897
[9915.1s] epoch 203 step 225300 avg_loss=0.915
[9917.4s] epoch 203 step 225350 avg_loss=0.935
[9919.5s] epoch 203 step 225400 avg_loss=0.951
[9921.6s] epoch 203 step 225450 avg_loss=0.957
[9923.7s] epoch 203 step 225500 avg_loss=0.980
[9925.8s] epoch 203 step 225550 avg_loss=0.986
[9927.7s] epoch 203 step 225600 avg_loss=0.982
[9928.5s] === epoch 203 done: avg_loss=0.984 (n=1106 derivations) ===
[9929.7s] epoch 204 step 225650 avg_loss=1.008
[9932.1s] epoch 204 step 225700 avg_loss=1.039
[9934.2s] epoch 204 step 225750 avg_loss=1.064
[9936.1s] epoch 204 step 225800 avg_loss=1.017
[9938.3s] epoch 204 step 225850 avg_loss=1.012
[9940.8s] epoch 204 step 225900 avg_loss=1.081
[9942.9s] epoch 204 step 225950 avg_loss=1.057
[9944.9s] epoch 204 step 226000 avg_loss=0.996
[9947.0s] epoch 204 step 226050 avg_loss=0.979
[9949.3s] epoch 204 step 226100 avg_loss=0.951
[9951.4s] epoch 204 step 226150 avg_loss=0.947
[9953.4s] epoch 204 step 226200 avg_loss=0.960
[9955.2s] epoch 204 step 226250 avg_loss=0.965
[9957.3s] epoch 204 step 226300 avg_loss=0.977
[9959.5s] epoch 204 step 226350 avg_loss=0.965
[9961.7s] epoch 204 step 226400 avg_loss=0.955
[9963.7s] epoch 204 step 226450 avg_loss=0.974
[9965.7s] epoch 204 step 226500 avg_loss=0.979
[9968.0s] epoch 204 step 226550 avg_loss=0.969
[9970.0s] epoch 204 step 226600 avg_loss=0.980
[9972.2s] epoch 204 step 226650 avg_loss=0.997
[9974.0s] epoch 204 step 226700 avg_loss=0.989
[9975.0s] === epoch 204 done: avg_loss=0.983 (n=1106 derivations) ===
[9975.9s] epoch 205 step 226750 avg_loss=1.134
[9978.0s] epoch 205 step 226800 avg_loss=1.133
[9980.1s] epoch 205 step 226850 avg_loss=0.874
[9982.3s] epoch 205 step 226900 avg_loss=0.963
[9984.3s] epoch 205 step 226950 avg_loss=0.904
[9986.7s] epoch 205 step 227000 avg_loss=0.904
[9989.0s] epoch 205 step 227050 avg_loss=0.872
[9991.0s] epoch 205 step 227100 avg_loss=0.872
[9993.3s] epoch 205 step 227150 avg_loss=0.915
[9995.5s] epoch 205 step 227200 avg_loss=0.928
[9997.6s] epoch 205 step 227250 avg_loss=0.970
[9999.8s] epoch 205 step 227300 avg_loss=0.958
[10001.7s] epoch 205 step 227350 avg_loss=0.969
[10003.8s] epoch 205 step 227400 avg_loss=0.954
[10006.1s] epoch 205 step 227450 avg_loss=0.964
[10008.1s] epoch 205 step 227500 avg_loss=0.944
[10010.3s] epoch 205 step 227550 avg_loss=0.958
[10012.6s] epoch 205 step 227600 avg_loss=0.979
[10014.5s] epoch 205 step 227650 avg_loss=0.981
[10016.5s] epoch 205 step 227700 avg_loss=1.020
[10018.2s] epoch 205 step 227750 avg_loss=1.007
[10020.5s] epoch 205 step 227800 avg_loss=1.022
[10022.0s] === epoch 205 done: avg_loss=1.028 (n=1106 derivations) ===
[10022.5s] epoch 206 step 227850 avg_loss=0.909
[10024.4s] epoch 206 step 227900 avg_loss=0.775
[10026.5s] epoch 206 step 227950 avg_loss=0.938
[10028.6s] epoch 206 step 228000 avg_loss=0.895
[10030.6s] epoch 206 step 228050 avg_loss=0.859
[10032.6s] epoch 206 step 228100 avg_loss=0.869
[10034.4s] epoch 206 step 228150 avg_loss=0.866
[10036.3s] epoch 206 step 228200 avg_loss=0.881
[10038.2s] epoch 206 step 228250 avg_loss=0.920
[10040.4s] epoch 206 step 228300 avg_loss=0.926
[10042.4s] epoch 206 step 228350 avg_loss=0.933
[10044.5s] epoch 206 step 228400 avg_loss=0.972
[10047.1s] epoch 206 step 228450 avg_loss=0.982
[10049.2s] epoch 206 step 228500 avg_loss=0.964
[10051.3s] epoch 206 step 228550 avg_loss=0.981
[10053.7s] epoch 206 step 228600 avg_loss=0.982
[10055.8s] epoch 206 step 228650 avg_loss=0.997
[10058.3s] epoch 206 step 228700 avg_loss=1.029
[10060.7s] epoch 206 step 228750 avg_loss=1.031
[10062.9s] epoch 206 step 228800 avg_loss=1.035
[10064.9s] epoch 206 step 228850 avg_loss=1.046
[10067.1s] epoch 206 step 228900 avg_loss=1.049
[10069.0s] === epoch 206 done: avg_loss=1.046 (n=1106 derivations) ===
[10069.3s] epoch 207 step 228950 avg_loss=1.386
[10071.2s] epoch 207 step 229000 avg_loss=0.830
[10073.5s] epoch 207 step 229050 avg_loss=0.988
[10075.8s] epoch 207 step 229100 avg_loss=0.975
[10077.5s] eval step=7250 train_avg_loss=0.968 dev_rank1_f1=0.3684 dev_edge_p=0.3169 dev_edge_r=0.4398
[10079.5s] epoch 207 step 229150 avg_loss=0.968
[10082.1s] epoch 207 step 229200 avg_loss=1.001
[10084.3s] epoch 207 step 229250 avg_loss=1.045
[10086.2s] epoch 207 step 229300 avg_loss=1.078
[10088.1s] epoch 207 step 229350 avg_loss=1.084
[10090.3s] epoch 207 step 229400 avg_loss=1.097
[10092.6s] epoch 207 step 229450 avg_loss=1.136
[10094.8s] epoch 207 step 229500 avg_loss=1.179
[10096.9s] epoch 207 step 229550 avg_loss=1.214
[10099.0s] epoch 207 step 229600 avg_loss=1.225
[10101.3s] epoch 207 step 229650 avg_loss=1.243
[10103.6s] epoch 207 step 229700 avg_loss=1.266
[10105.8s] epoch 207 step 229750 avg_loss=1.242
[10107.9s] epoch 207 step 229800 avg_loss=1.221
[10109.9s] epoch 207 step 229850 avg_loss=1.189
[10112.1s] epoch 207 step 229900 avg_loss=1.170
[10114.1s] epoch 207 step 229950 avg_loss=1.165
[10116.3s] epoch 207 step 230000 avg_loss=1.173
[10118.2s] === epoch 207 done: avg_loss=1.169 (n=1106 derivations) ===
[10118.3s] epoch 208 step 230050 avg_loss=5.295
[10120.2s] epoch 208 step 230100 avg_loss=1.204
[10122.2s] epoch 208 step 230150 avg_loss=1.393
[10124.4s] epoch 208 step 230200 avg_loss=1.309
[10126.4s] epoch 208 step 230250 avg_loss=1.296
[10128.5s] epoch 208 step 230300 avg_loss=1.249
[10130.7s] epoch 208 step 230350 avg_loss=1.258
[10132.4s] epoch 208 step 230400 avg_loss=1.196
[10134.3s] epoch 208 step 230450 avg_loss=1.168
[10136.3s] epoch 208 step 230500 avg_loss=1.192
[10138.5s] epoch 208 step 230550 avg_loss=1.237
[10140.8s] epoch 208 step 230600 avg_loss=1.245
[10143.0s] epoch 208 step 230650 avg_loss=1.242
[10145.0s] epoch 208 step 230700 avg_loss=1.233
[10147.2s] epoch 208 step 230750 avg_loss=1.231
[10149.2s] epoch 208 step 230800 avg_loss=1.228
[10151.4s] epoch 208 step 230850 avg_loss=1.239
[10153.7s] epoch 208 step 230900 avg_loss=1.272
[10155.6s] epoch 208 step 230950 avg_loss=1.282
[10157.7s] epoch 208 step 231000 avg_loss=1.301
[10159.9s] epoch 208 step 231050 avg_loss=1.338
[10162.2s] epoch 208 step 231100 avg_loss=1.325
[10164.5s] epoch 208 step 231150 avg_loss=1.316
[10164.6s] === epoch 208 done: avg_loss=1.316 (n=1106 derivations) ===
[10166.6s] epoch 209 step 231200 avg_loss=1.947
[10168.6s] epoch 209 step 231250 avg_loss=1.715
[10170.9s] epoch 209 step 231300 avg_loss=1.540
[10173.0s] epoch 209 step 231350 avg_loss=1.537
[10175.5s] epoch 209 step 231400 avg_loss=1.515
[10177.8s] epoch 209 step 231450 avg_loss=1.512
[10179.9s] epoch 209 step 231500 avg_loss=1.474
[10181.7s] epoch 209 step 231550 avg_loss=1.480
[10183.9s] epoch 209 step 231600 avg_loss=1.482
[10186.1s] epoch 209 step 231650 avg_loss=1.464
[10188.6s] epoch 209 step 231700 avg_loss=1.480
[10190.6s] epoch 209 step 231750 avg_loss=1.436
[10192.6s] epoch 209 step 231800 avg_loss=1.431
[10195.1s] epoch 209 step 231850 avg_loss=1.439
[10197.2s] epoch 209 step 231900 avg_loss=1.409
[10199.4s] epoch 209 step 231950 avg_loss=1.405
[10202.0s] epoch 209 step 232000 avg_loss=1.429
[10204.4s] epoch 209 step 232050 avg_loss=1.421
[10206.9s] epoch 209 step 232100 avg_loss=1.422
[10209.2s] epoch 209 step 232150 avg_loss=1.421
[10211.8s] epoch 209 step 232200 avg_loss=1.448
[10214.4s] epoch 209 step 232250 avg_loss=1.483
[10214.9s] === epoch 209 done: avg_loss=1.477 (n=1106 derivations) ===
[10216.9s] epoch 210 step 232300 avg_loss=1.241
[10219.6s] epoch 210 step 232350 avg_loss=1.470
[10222.1s] epoch 210 step 232400 avg_loss=1.243
[10224.1s] epoch 210 step 232450 avg_loss=1.305
[10226.4s] epoch 210 step 232500 avg_loss=1.380
[10228.2s] epoch 210 step 232550 avg_loss=1.313
[10230.9s] epoch 210 step 232600 avg_loss=1.443
[10233.1s] epoch 210 step 232650 avg_loss=1.451
[10235.2s] epoch 210 step 232700 avg_loss=1.474
[10237.5s] epoch 210 step 232750 avg_loss=1.506
[10239.9s] epoch 210 step 232800 avg_loss=1.501
[10242.1s] epoch 210 step 232850 avg_loss=1.459
[10244.3s] epoch 210 step 232900 avg_loss=1.448
[10246.4s] epoch 210 step 232950 avg_loss=1.441
[10248.8s] epoch 210 step 233000 avg_loss=1.454
[10250.8s] epoch 210 step 233050 avg_loss=1.445
[10253.5s] epoch 210 step 233100 avg_loss=1.530
[10256.2s] epoch 210 step 233150 avg_loss=1.568
[10258.5s] epoch 210 step 233200 avg_loss=1.527
[10261.4s] epoch 210 step 233250 avg_loss=1.506
[10264.3s] epoch 210 step 233300 avg_loss=1.518
[10266.3s] epoch 210 step 233350 avg_loss=1.507
[10267.0s] === epoch 210 done: avg_loss=1.506 (n=1106 derivations) ===
[10268.7s] epoch 211 step 233400 avg_loss=0.942
[10271.1s] epoch 211 step 233450 avg_loss=0.897
[10273.4s] epoch 211 step 233500 avg_loss=1.099
[10275.6s] epoch 211 step 233550 avg_loss=1.260
[10277.8s] epoch 211 step 233600 avg_loss=1.277
[10280.2s] epoch 211 step 233650 avg_loss=1.309
[10282.7s] epoch 211 step 233700 avg_loss=1.374
[10285.0s] epoch 211 step 233750 avg_loss=1.425
[10287.5s] epoch 211 step 233800 avg_loss=1.414
[10289.7s] epoch 211 step 233850 avg_loss=1.414
[10292.4s] epoch 211 step 233900 avg_loss=1.457
[10294.7s] epoch 211 step 233950 avg_loss=1.451
[10297.0s] epoch 211 step 234000 avg_loss=1.447
[10299.3s] epoch 211 step 234050 avg_loss=1.491
[10301.8s] epoch 211 step 234100 avg_loss=1.487
[10304.4s] epoch 211 step 234150 avg_loss=1.477
[10307.3s] epoch 211 step 234200 avg_loss=1.483
[10309.6s] epoch 211 step 234250 avg_loss=1.449
[10312.1s] epoch 211 step 234300 avg_loss=1.457
[10314.5s] epoch 211 step 234350 avg_loss=1.445
[10317.1s] epoch 211 step 234400 avg_loss=1.449
[10319.6s] epoch 211 step 234450 avg_loss=1.441
[10320.8s] === epoch 211 done: avg_loss=1.440 (n=1106 derivations) ===
[10322.1s] epoch 212 step 234500 avg_loss=1.776
[10324.7s] epoch 212 step 234550 avg_loss=1.292
[10327.0s] epoch 212 step 234600 avg_loss=1.165
[10329.5s] epoch 212 step 234650 avg_loss=1.212
[10332.1s] epoch 212 step 234700 avg_loss=1.235
[10334.5s] epoch 212 step 234750 avg_loss=1.340
[10336.7s] epoch 212 step 234800 avg_loss=1.351
[10339.0s] epoch 212 step 234850 avg_loss=1.384
[10341.0s] epoch 212 step 234900 avg_loss=1.357
[10343.3s] epoch 212 step 234950 avg_loss=1.394
[10345.4s] epoch 212 step 235000 avg_loss=1.365
[10347.2s] epoch 212 step 235050 avg_loss=1.356
[10349.5s] epoch 212 step 235100 avg_loss=1.348
[10351.9s] epoch 212 step 235150 avg_loss=1.326
[10354.2s] epoch 212 step 235200 avg_loss=1.328
[10356.3s] epoch 212 step 235250 avg_loss=1.328
[10358.3s] epoch 212 step 235300 avg_loss=1.333
[10360.5s] epoch 212 step 235350 avg_loss=1.326
[10362.6s] epoch 212 step 235400 avg_loss=1.337
[10364.9s] epoch 212 step 235450 avg_loss=1.325
[10367.4s] epoch 212 step 235500 avg_loss=1.331
[10369.7s] epoch 212 step 235550 avg_loss=1.346
[10371.2s] === epoch 212 done: avg_loss=1.368 (n=1106 derivations) ===
[10372.3s] epoch 213 step 235600 avg_loss=1.432
[10374.5s] epoch 213 step 235650 avg_loss=1.392
[10376.7s] epoch 213 step 235700 avg_loss=1.245
[10378.9s] epoch 213 step 235750 avg_loss=1.216
[10381.2s] epoch 213 step 235800 avg_loss=1.372
[10383.4s] epoch 213 step 235850 avg_loss=1.366
[10385.6s] epoch 213 step 235900 avg_loss=1.385
[10387.7s] epoch 213 step 235950 avg_loss=1.385
[10389.7s] epoch 213 step 236000 avg_loss=1.343
[10391.7s] epoch 213 step 236050 avg_loss=1.346
[10394.0s] epoch 213 step 236100 avg_loss=1.363
[10396.0s] epoch 213 step 236150 avg_loss=1.359
[10398.0s] epoch 213 step 236200 avg_loss=1.386
[10400.3s] epoch 213 step 236250 avg_loss=1.375
[10402.2s] epoch 213 step 236300 avg_loss=1.363
[10404.0s] epoch 213 step 236350 avg_loss=1.378
[10405.7s] epoch 213 step 236400 avg_loss=1.392
[10407.7s] epoch 213 step 236450 avg_loss=1.401
[10409.9s] epoch 213 step 236500 avg_loss=1.415
[10412.4s] epoch 213 step 236550 avg_loss=1.403
[10415.0s] epoch 213 step 236600 avg_loss=1.431
[10417.4s] epoch 213 step 236650 avg_loss=1.433
[10418.9s] === epoch 213 done: avg_loss=1.438 (n=1106 derivations) ===
[10419.6s] epoch 214 step 236700 avg_loss=1.077
[10421.8s] epoch 214 step 236750 avg_loss=1.277
[10423.8s] epoch 214 step 236800 avg_loss=1.149
[10425.8s] epoch 214 step 236850 avg_loss=1.241
[10428.1s] epoch 214 step 236900 avg_loss=1.214
[10430.4s] epoch 214 step 236950 avg_loss=1.214
[10432.9s] epoch 214 step 237000 avg_loss=1.194
[10434.7s] eval step=7500 train_avg_loss=1.185 dev_rank1_f1=0.3500 dev_edge_p=0.2935 dev_edge_r=0.4334
[10436.9s] epoch 214 step 237050 avg_loss=1.307
[10439.1s] epoch 214 step 237100 avg_loss=1.315
[10441.0s] epoch 214 step 237150 avg_loss=1.280
[10443.3s] epoch 214 step 237200 avg_loss=1.322
[10445.6s] epoch 214 step 237250 avg_loss=1.341
[10447.8s] epoch 214 step 237300 avg_loss=1.348
[10449.9s] epoch 214 step 237350 avg_loss=1.375
[10452.3s] epoch 214 step 237400 avg_loss=1.354
[10454.3s] epoch 214 step 237450 avg_loss=1.358
[10456.4s] epoch 214 step 237500 avg_loss=1.389
[10458.5s] epoch 214 step 237550 avg_loss=1.399
[10460.8s] epoch 214 step 237600 avg_loss=1.411
[10462.7s] epoch 214 step 237650 avg_loss=1.414
[10464.9s] epoch 214 step 237700 avg_loss=1.405
[10467.0s] epoch 214 step 237750 avg_loss=1.402
[10468.6s] === epoch 214 done: avg_loss=1.422 (n=1106 derivations) ===
[10469.2s] epoch 215 step 237800 avg_loss=0.832
[10471.4s] epoch 215 step 237850 avg_loss=1.254
[10473.7s] epoch 215 step 237900 avg_loss=1.258
[10475.9s] epoch 215 step 237950 avg_loss=1.216
[10478.1s] epoch 215 step 238000 avg_loss=1.168
[10480.7s] epoch 215 step 238050 avg_loss=1.223
[10483.1s] epoch 215 step 238100 avg_loss=1.270
[10485.4s] epoch 215 step 238150 avg_loss=1.291
[10487.7s] epoch 215 step 238200 avg_loss=1.285
[10489.8s] epoch 215 step 238250 avg_loss=1.298
[10492.1s] epoch 215 step 238300 avg_loss=1.332
[10494.1s] epoch 215 step 238350 avg_loss=1.314
[10496.0s] epoch 215 step 238400 avg_loss=1.304
[10498.2s] epoch 215 step 238450 avg_loss=1.302
[10500.2s] epoch 215 step 238500 avg_loss=1.314
[10502.4s] epoch 215 step 238550 avg_loss=1.301
[10504.5s] epoch 215 step 238600 avg_loss=1.299
[10506.8s] epoch 215 step 238650 avg_loss=1.315
[10508.9s] epoch 215 step 238700 avg_loss=1.317
[10511.2s] epoch 215 step 238750 avg_loss=1.328
[10513.1s] epoch 215 step 238800 avg_loss=1.312
[10515.5s] epoch 215 step 238850 avg_loss=1.307
[10517.1s] === epoch 215 done: avg_loss=1.300 (n=1106 derivations) ===
[10517.3s] epoch 216 step 238900 avg_loss=2.468
[10519.6s] epoch 216 step 238950 avg_loss=1.076
[10521.8s] epoch 216 step 239000 avg_loss=1.191
[10523.8s] epoch 216 step 239050 avg_loss=1.172
[10525.7s] epoch 216 step 239100 avg_loss=1.117
[10527.7s] epoch 216 step 239150 avg_loss=1.124
[10529.6s] epoch 216 step 239200 avg_loss=1.108
[10531.8s] epoch 216 step 239250 avg_loss=1.113
[10534.0s] epoch 216 step 239300 avg_loss=1.148
[10536.5s] epoch 216 step 239350 avg_loss=1.138
[10538.4s] epoch 216 step 239400 avg_loss=1.145
[10540.3s] epoch 216 step 239450 avg_loss=1.134
[10542.4s] epoch 216 step 239500 avg_loss=1.171
[10544.6s] epoch 216 step 239550 avg_loss=1.190
[10547.0s] epoch 216 step 239600 avg_loss=1.194
[10549.2s] epoch 216 step 239650 avg_loss=1.202
[10551.5s] epoch 216 step 239700 avg_loss=1.235
[10553.4s] epoch 216 step 239750 avg_loss=1.229
[10555.5s] epoch 216 step 239800 avg_loss=1.229
[10557.9s] epoch 216 step 239850 avg_loss=1.225
[10560.5s] epoch 216 step 239900 avg_loss=1.232
[10562.4s] epoch 216 step 239950 avg_loss=1.236
[10564.8s] epoch 216 step 240000 avg_loss=1.249
[10564.9s] === epoch 216 done: avg_loss=1.249 (n=1106 derivations) ===
[10567.2s] epoch 217 step 240050 avg_loss=1.088
[10569.0s] epoch 217 step 240100 avg_loss=0.947
[10570.9s] epoch 217 step 240150 avg_loss=0.885
[10573.3s] epoch 217 step 240200 avg_loss=0.901
[10575.5s] epoch 217 step 240250 avg_loss=0.933
[10577.6s] epoch 217 step 240300 avg_loss=0.979
[10579.9s] epoch 217 step 240350 avg_loss=1.014
[10582.3s] epoch 217 step 240400 avg_loss=1.036
[10584.6s] epoch 217 step 240450 avg_loss=1.067
[10586.9s] epoch 217 step 240500 avg_loss=1.098
[10589.2s] epoch 217 step 240550 avg_loss=1.166
[10591.4s] epoch 217 step 240600 avg_loss=1.202
[10593.8s] epoch 217 step 240650 avg_loss=1.230
[10596.4s] epoch 217 step 240700 avg_loss=1.259
[10598.5s] epoch 217 step 240750 avg_loss=1.242
[10600.7s] epoch 217 step 240800 avg_loss=1.248
[10602.8s] epoch 217 step 240850 avg_loss=1.239
[10605.1s] epoch 217 step 240900 avg_loss=1.251
