[   0.0s] loading gold from runs/encoder_gold_v4b.jsonl
[   0.1s] 987 gold records
[   0.1s] holdout mode: 98 held-out sentences, pool=791, train subset=788 (subset_seed=0)
[   0.1s] loading USVS from /home/user/NAOMI/consciousness_transformer/data/usvs
[  13.8s] USVS loaded: 117679 senses, d_axes=607
[  13.8s] pos_vocab=15 role_vocab=39
[  13.8s] policy params: 343,366 (~1.373 MB fp32)
[  13.8s] building features + derivations for 788 train records
[  14.6s] 788 teacher-forced derivations
[  14.7s] dev-holdout eval targets from runs/encoder_gold_v2.jsonl: matched=98 missing=0
[  18.1s] epoch 0 step 50 avg_loss=90.919
[  19.9s] epoch 0 step 100 avg_loss=94.348
[  21.9s] epoch 0 step 150 avg_loss=92.566
[  23.5s] epoch 0 step 200 avg_loss=89.304
[  25.1s] epoch 0 step 250 avg_loss=84.541
[  26.7s] epoch 0 step 300 avg_loss=81.620
[  28.6s] epoch 0 step 350 avg_loss=80.213
[  30.4s] epoch 0 step 400 avg_loss=77.723
[  32.4s] epoch 0 step 450 avg_loss=76.991
[  34.3s] epoch 0 step 500 avg_loss=75.853
[  36.0s] epoch 0 step 550 avg_loss=74.272
[  37.8s] epoch 0 step 600 avg_loss=72.775
[  39.5s] epoch 0 step 650 avg_loss=70.856
[  41.5s] epoch 0 step 700 avg_loss=69.541
[  43.3s] epoch 0 step 750 avg_loss=68.355
[  44.7s] === epoch 0 done: avg_loss=67.552 (n=788 derivations) ===
[  45.1s] epoch 1 step 800 avg_loss=49.476
[  46.9s] epoch 1 step 850 avg_loss=53.417
[  48.4s] epoch 1 step 900 avg_loss=48.249
[  50.0s] epoch 1 step 950 avg_loss=46.128
[  51.8s] epoch 1 step 1000 avg_loss=46.816
[  53.6s] epoch 1 step 1050 avg_loss=47.338
[  55.4s] epoch 1 step 1100 avg_loss=47.467
[  57.2s] epoch 1 step 1150 avg_loss=46.360
[  59.2s] epoch 1 step 1200 avg_loss=47.055
[  61.1s] epoch 1 step 1250 avg_loss=46.823
[  63.0s] epoch 1 step 1300 avg_loss=46.818
[  64.9s] epoch 1 step 1350 avg_loss=47.309
[  66.7s] epoch 1 step 1400 avg_loss=47.085
[  68.8s] epoch 1 step 1450 avg_loss=46.846
[  70.7s] epoch 1 step 1500 avg_loss=46.496
[  72.6s] epoch 1 step 1550 avg_loss=45.949
[  73.6s] === epoch 1 done: avg_loss=45.655 (n=788 derivations) ===
[  74.6s] epoch 2 step 1600 avg_loss=45.454
[  76.5s] epoch 2 step 1650 avg_loss=39.908
[  78.3s] epoch 2 step 1700 avg_loss=36.189
[  80.2s] epoch 2 step 1750 avg_loss=36.680
[  82.4s] epoch 2 step 1800 avg_loss=38.842
[  84.2s] epoch 2 step 1850 avg_loss=37.145
[  86.3s] epoch 2 step 1900 avg_loss=37.900
[  88.3s] epoch 2 step 1950 avg_loss=38.178
[  90.3s] epoch 2 step 2000 avg_loss=38.178
[  92.5s] epoch 2 step 2050 avg_loss=38.690
[  94.1s] epoch 2 step 2100 avg_loss=37.985
[  96.1s] epoch 2 step 2150 avg_loss=38.445
[  97.9s] epoch 2 step 2200 avg_loss=38.355
[  99.9s] epoch 2 step 2250 avg_loss=38.344
[ 102.0s] epoch 2 step 2300 avg_loss=38.175
[ 104.3s] epoch 2 step 2350 avg_loss=38.151
[ 105.0s] === epoch 2 done: avg_loss=38.100 (n=788 derivations) ===
[ 106.5s] epoch 3 step 2400 avg_loss=40.072
[ 108.8s] epoch 3 step 2450 avg_loss=41.400
[ 110.6s] epoch 3 step 2500 avg_loss=39.596
[ 112.5s] epoch 3 step 2550 avg_loss=37.601
[ 114.2s] epoch 3 step 2600 avg_loss=36.633
[ 116.2s] epoch 3 step 2650 avg_loss=36.254
[ 117.7s] epoch 3 step 2700 avg_loss=35.311
[ 119.7s] epoch 3 step 2750 avg_loss=35.678
[ 121.6s] epoch 3 step 2800 avg_loss=35.364
[ 123.1s] epoch 3 step 2850 avg_loss=34.525
[ 124.9s] epoch 3 step 2900 avg_loss=34.006
[ 126.8s] epoch 3 step 2950 avg_loss=34.091
[ 128.5s] epoch 3 step 3000 avg_loss=33.872
[ 130.3s] epoch 3 step 3050 avg_loss=33.962
[ 132.2s] epoch 3 step 3100 avg_loss=33.667
[ 134.1s] epoch 3 step 3150 avg_loss=33.862
[ 134.2s] === epoch 3 done: avg_loss=33.831 (n=788 derivations) ===
[ 136.2s] epoch 4 step 3200 avg_loss=34.605
[ 138.2s] epoch 4 step 3250 avg_loss=33.989
[ 140.3s] epoch 4 step 3300 avg_loss=34.964
[ 142.3s] epoch 4 step 3350 avg_loss=35.000
[ 144.4s] epoch 4 step 3400 avg_loss=35.459
[ 146.2s] epoch 4 step 3450 avg_loss=34.698
[ 148.0s] epoch 4 step 3500 avg_loss=33.201
[ 149.9s] epoch 4 step 3550 avg_loss=32.402
[ 151.8s] epoch 4 step 3600 avg_loss=32.314
[ 153.8s] epoch 4 step 3650 avg_loss=31.844
[ 155.4s] epoch 4 step 3700 avg_loss=31.018
[ 157.2s] epoch 4 step 3750 avg_loss=31.270
[ 159.1s] epoch 4 step 3800 avg_loss=31.069
[ 160.9s] epoch 4 step 3850 avg_loss=30.790
[ 162.9s] epoch 4 step 3900 avg_loss=30.720
[ 164.4s] === epoch 4 done: avg_loss=30.916 (n=788 derivations) ===
[ 164.8s] epoch 5 step 3950 avg_loss=36.373
[ 166.7s] epoch 5 step 4000 avg_loss=27.526
[ 168.5s] epoch 5 step 4050 avg_loss=27.365
[ 170.6s] epoch 5 step 4100 avg_loss=28.961
[ 173.0s] epoch 5 step 4150 avg_loss=31.140
[ 174.9s] epoch 5 step 4200 avg_loss=30.725
[ 176.9s] epoch 5 step 4250 avg_loss=30.326
[ 179.1s] epoch 5 step 4300 avg_loss=30.440
[ 181.3s] epoch 5 step 4350 avg_loss=30.428
[ 183.0s] epoch 5 step 4400 avg_loss=29.893
[ 184.9s] epoch 5 step 4450 avg_loss=30.026
[ 186.5s] epoch 5 step 4500 avg_loss=29.503
[ 188.2s] epoch 5 step 4550 avg_loss=29.116
[ 189.8s] epoch 5 step 4600 avg_loss=28.927
[ 191.5s] epoch 5 step 4650 avg_loss=28.652
[ 193.8s] epoch 5 step 4700 avg_loss=29.023
[ 194.7s] === epoch 5 done: avg_loss=28.694 (n=788 derivations) ===
[ 195.5s] epoch 6 step 4750 avg_loss=29.890
[ 197.5s] epoch 6 step 4800 avg_loss=28.620
[ 199.3s] epoch 6 step 4850 avg_loss=26.229
[ 201.4s] epoch 6 step 4900 avg_loss=27.188
[ 203.2s] epoch 6 step 4950 avg_loss=27.857
[ 205.2s] epoch 6 step 5000 avg_loss=27.803
[ 207.4s] epoch 6 step 5050 avg_loss=27.653
[ 209.4s] epoch 6 step 5100 avg_loss=27.855
[ 211.3s] epoch 6 step 5150 avg_loss=27.753
[ 213.2s] epoch 6 step 5200 avg_loss=27.984
[ 215.0s] epoch 6 step 5250 avg_loss=27.771
[ 217.0s] epoch 6 step 5300 avg_loss=27.684
[ 219.0s] epoch 6 step 5350 avg_loss=27.336
[ 220.9s] epoch 6 step 5400 avg_loss=27.182
[ 222.7s] epoch 6 step 5450 avg_loss=27.229
[ 224.4s] epoch 6 step 5500 avg_loss=27.113
[ 224.9s] === epoch 6 done: avg_loss=26.977 (n=788 derivations) ===
[ 226.3s] epoch 7 step 5550 avg_loss=29.251
[ 228.5s] epoch 7 step 5600 avg_loss=30.661
[ 230.1s] epoch 7 step 5650 avg_loss=27.362
[ 231.9s] epoch 7 step 5700 avg_loss=26.228
[ 233.9s] epoch 7 step 5750 avg_loss=26.708
[ 236.0s] epoch 7 step 5800 avg_loss=26.511
[ 237.7s] epoch 7 step 5850 avg_loss=26.623
[ 239.5s] epoch 7 step 5900 avg_loss=26.224
[ 241.4s] epoch 7 step 5950 avg_loss=26.056
[ 243.2s] epoch 7 step 6000 avg_loss=26.248
[ 244.8s] epoch 7 step 6050 avg_loss=25.779
[ 246.6s] epoch 7 step 6100 avg_loss=25.881
[ 248.6s] epoch 7 step 6150 avg_loss=26.068
[ 250.3s] epoch 7 step 6200 avg_loss=25.885
[ 251.9s] epoch 7 step 6250 avg_loss=25.683
[ 253.5s] epoch 7 step 6300 avg_loss=25.481
[ 253.6s] === epoch 7 done: avg_loss=25.535 (n=788 derivations) ===
[ 255.2s] epoch 8 step 6350 avg_loss=26.727
[ 256.9s] epoch 8 step 6400 avg_loss=23.993
[ 258.8s] epoch 8 step 6450 avg_loss=24.596
[ 260.7s] epoch 8 step 6500 avg_loss=24.394
[ 262.6s] epoch 8 step 6550 avg_loss=23.902
[ 264.6s] epoch 8 step 6600 avg_loss=24.716
[ 266.5s] epoch 8 step 6650 avg_loss=24.862
[ 268.1s] epoch 8 step 6700 avg_loss=24.301
[ 269.7s] epoch 8 step 6750 avg_loss=24.196
[ 271.7s] epoch 8 step 6800 avg_loss=24.937
[ 273.4s] epoch 8 step 6850 avg_loss=24.414
[ 275.2s] epoch 8 step 6900 avg_loss=24.744
[ 276.9s] epoch 8 step 6950 avg_loss=24.458
[ 278.7s] epoch 8 step 7000 avg_loss=24.296
[ 280.4s] epoch 8 step 7050 avg_loss=24.151
[ 282.0s] === epoch 8 done: avg_loss=24.416 (n=788 derivations) ===
[ 282.3s] epoch 9 step 7100 avg_loss=19.368
[ 284.1s] epoch 9 step 7150 avg_loss=22.763
[ 285.8s] epoch 9 step 7200 avg_loss=22.143
[ 287.6s] epoch 9 step 7250 avg_loss=20.985
[ 289.3s] epoch 9 step 7300 avg_loss=21.292
[ 291.2s] epoch 9 step 7350 avg_loss=22.772
[ 292.9s] epoch 9 step 7400 avg_loss=22.813
[ 294.9s] epoch 9 step 7450 avg_loss=23.407
[ 296.7s] epoch 9 step 7500 avg_loss=23.811
[ 298.5s] epoch 9 step 7550 avg_loss=23.756
[ 300.4s] epoch 9 step 7600 avg_loss=23.691
[ 302.3s] epoch 9 step 7650 avg_loss=23.546
[ 304.1s] epoch 9 step 7700 avg_loss=23.564
[ 305.8s] epoch 9 step 7750 avg_loss=22.997
[ 307.8s] epoch 9 step 7800 avg_loss=23.159
[ 309.8s] epoch 9 step 7850 avg_loss=23.141
[ 315.3s] eval step=250 train_avg_loss=23.398 dev_rank1_f1=0.2971 dev_edge_p=0.2650 dev_edge_r=0.3381
[ 315.3s] === epoch 9 done: avg_loss=23.398 (n=788 derivations) ===
[ 316.0s] epoch 10 step 7900 avg_loss=19.284
[ 318.0s] epoch 10 step 7950 avg_loss=21.894
[ 319.8s] epoch 10 step 8000 avg_loss=21.084
[ 322.1s] epoch 10 step 8050 avg_loss=23.318
[ 324.1s] epoch 10 step 8100 avg_loss=23.240
[ 326.2s] epoch 10 step 8150 avg_loss=23.070
[ 328.2s] epoch 10 step 8200 avg_loss=22.818
[ 330.0s] epoch 10 step 8250 avg_loss=22.647
[ 332.1s] epoch 10 step 8300 avg_loss=22.615
[ 334.1s] epoch 10 step 8350 avg_loss=23.086
[ 335.8s] epoch 10 step 8400 avg_loss=22.799
[ 337.6s] epoch 10 step 8450 avg_loss=22.485
[ 339.5s] epoch 10 step 8500 avg_loss=22.432
[ 341.2s] epoch 10 step 8550 avg_loss=22.199
[ 343.3s] epoch 10 step 8600 avg_loss=22.458
[ 345.3s] epoch 10 step 8650 avg_loss=22.434
[ 346.0s] === epoch 10 done: avg_loss=22.440 (n=788 derivations) ===
[ 347.4s] epoch 11 step 8700 avg_loss=26.477
[ 349.2s] epoch 11 step 8750 avg_loss=22.580
[ 351.0s] epoch 11 step 8800 avg_loss=21.192
[ 352.8s] epoch 11 step 8850 avg_loss=21.847
[ 354.6s] epoch 11 step 8900 avg_loss=21.058
[ 356.5s] epoch 11 step 8950 avg_loss=21.478
[ 358.3s] epoch 11 step 9000 avg_loss=21.487
[ 360.5s] epoch 11 step 9050 avg_loss=21.866
[ 362.7s] epoch 11 step 9100 avg_loss=21.790
[ 364.7s] epoch 11 step 9150 avg_loss=21.854
[ 366.9s] epoch 11 step 9200 avg_loss=22.177
[ 368.6s] epoch 11 step 9250 avg_loss=21.624
[ 370.7s] epoch 11 step 9300 avg_loss=21.748
[ 372.6s] epoch 11 step 9350 avg_loss=21.564
[ 374.5s] epoch 11 step 9400 avg_loss=21.291
[ 376.5s] epoch 11 step 9450 avg_loss=21.511
[ 376.8s] === epoch 11 done: avg_loss=21.557 (n=788 derivations) ===
[ 378.6s] epoch 12 step 9500 avg_loss=22.716
[ 380.5s] epoch 12 step 9550 avg_loss=20.104
[ 382.5s] epoch 12 step 9600 avg_loss=21.525
[ 384.5s] epoch 12 step 9650 avg_loss=22.415
[ 386.4s] epoch 12 step 9700 avg_loss=21.686
[ 388.4s] epoch 12 step 9750 avg_loss=20.768
[ 390.4s] epoch 12 step 9800 avg_loss=21.240
[ 392.0s] epoch 12 step 9850 avg_loss=20.851
[ 393.8s] epoch 12 step 9900 avg_loss=20.895
[ 395.4s] epoch 12 step 9950 avg_loss=20.748
[ 397.1s] epoch 12 step 10000 avg_loss=20.815
[ 398.7s] epoch 12 step 10050 avg_loss=20.364
[ 400.4s] epoch 12 step 10100 avg_loss=20.338
[ 402.5s] epoch 12 step 10150 avg_loss=20.562
[ 404.6s] epoch 12 step 10200 avg_loss=20.882
[ 406.4s] === epoch 12 done: avg_loss=20.752 (n=788 derivations) ===
[ 406.6s] epoch 13 step 10250 avg_loss=13.184
[ 408.6s] epoch 13 step 10300 avg_loss=18.804
[ 410.7s] epoch 13 step 10350 avg_loss=18.946
[ 412.6s] epoch 13 step 10400 avg_loss=18.201
[ 414.9s] epoch 13 step 10450 avg_loss=19.671
[ 416.7s] epoch 13 step 10500 avg_loss=18.510
[ 418.3s] epoch 13 step 10550 avg_loss=18.781
[ 420.3s] epoch 13 step 10600 avg_loss=19.057
[ 422.3s] epoch 13 step 10650 avg_loss=19.489
[ 424.3s] epoch 13 step 10700 avg_loss=19.560
[ 426.0s] epoch 13 step 10750 avg_loss=19.633
[ 427.7s] epoch 13 step 10800 avg_loss=19.687
[ 429.3s] epoch 13 step 10850 avg_loss=19.797
[ 431.1s] epoch 13 step 10900 avg_loss=20.049
[ 433.2s] epoch 13 step 10950 avg_loss=20.261
[ 434.8s] epoch 13 step 11000 avg_loss=20.091
[ 435.8s] === epoch 13 done: avg_loss=19.908 (n=788 derivations) ===
[ 436.4s] epoch 14 step 11050 avg_loss=23.625
[ 438.0s] epoch 14 step 11100 avg_loss=16.491
[ 439.7s] epoch 14 step 11150 avg_loss=17.624
[ 441.7s] epoch 14 step 11200 avg_loss=17.877
[ 443.4s] epoch 14 step 11250 avg_loss=17.577
[ 445.0s] epoch 14 step 11300 avg_loss=17.616
[ 447.1s] epoch 14 step 11350 avg_loss=17.725
[ 448.8s] epoch 14 step 11400 avg_loss=17.748
[ 450.7s] epoch 14 step 11450 avg_loss=18.124
[ 452.3s] epoch 14 step 11500 avg_loss=18.076
[ 454.0s] epoch 14 step 11550 avg_loss=18.138
[ 456.0s] epoch 14 step 11600 avg_loss=18.567
[ 457.9s] epoch 14 step 11650 avg_loss=19.060
[ 459.9s] epoch 14 step 11700 avg_loss=19.272
[ 461.8s] epoch 14 step 11750 avg_loss=19.090
[ 463.5s] epoch 14 step 11800 avg_loss=19.152
[ 464.1s] === epoch 14 done: avg_loss=19.062 (n=788 derivations) ===
[ 465.3s] epoch 15 step 11850 avg_loss=17.863
[ 467.3s] epoch 15 step 11900 avg_loss=21.683
[ 469.3s] epoch 15 step 11950 avg_loss=20.286
[ 470.9s] epoch 15 step 12000 avg_loss=19.000
[ 472.5s] epoch 15 step 12050 avg_loss=18.578
[ 474.5s] epoch 15 step 12100 avg_loss=18.957
[ 476.2s] epoch 15 step 12150 avg_loss=18.261
[ 478.2s] epoch 15 step 12200 avg_loss=18.317
[ 480.0s] epoch 15 step 12250 avg_loss=18.571
[ 481.6s] epoch 15 step 12300 avg_loss=18.108
[ 483.2s] epoch 15 step 12350 avg_loss=17.950
[ 484.8s] epoch 15 step 12400 avg_loss=17.888
[ 486.5s] epoch 15 step 12450 avg_loss=17.891
[ 488.6s] epoch 15 step 12500 avg_loss=18.245
[ 490.3s] epoch 15 step 12550 avg_loss=18.130
[ 492.2s] epoch 15 step 12600 avg_loss=18.238
[ 492.5s] === epoch 15 done: avg_loss=18.291 (n=788 derivations) ===
[ 494.3s] epoch 16 step 12650 avg_loss=18.340
[ 496.3s] epoch 16 step 12700 avg_loss=16.945
[ 498.3s] epoch 16 step 12750 avg_loss=17.435
[ 499.9s] epoch 16 step 12800 avg_loss=17.344
[ 501.6s] epoch 16 step 12850 avg_loss=17.149
[ 503.2s] epoch 16 step 12900 avg_loss=16.865
[ 505.0s] epoch 16 step 12950 avg_loss=16.634
[ 506.7s] epoch 16 step 13000 avg_loss=16.663
[ 508.8s] epoch 16 step 13050 avg_loss=17.637
[ 511.0s] epoch 16 step 13100 avg_loss=17.699
[ 512.9s] epoch 16 step 13150 avg_loss=17.506
[ 514.8s] epoch 16 step 13200 avg_loss=17.584
[ 516.7s] epoch 16 step 13250 avg_loss=17.482
[ 518.4s] epoch 16 step 13300 avg_loss=17.212
[ 520.3s] epoch 16 step 13350 avg_loss=17.282
[ 522.2s] === epoch 16 done: avg_loss=17.459 (n=788 derivations) ===
[ 522.4s] epoch 17 step 13400 avg_loss=30.253
[ 524.2s] epoch 17 step 13450 avg_loss=18.129
[ 526.2s] epoch 17 step 13500 avg_loss=16.928
[ 528.0s] epoch 17 step 13550 avg_loss=15.944
[ 529.9s] epoch 17 step 13600 avg_loss=16.653
[ 532.1s] epoch 17 step 13650 avg_loss=17.234
[ 533.9s] epoch 17 step 13700 avg_loss=17.505
[ 535.7s] epoch 17 step 13750 avg_loss=17.380
[ 537.4s] epoch 17 step 13800 avg_loss=16.821
[ 539.5s] epoch 17 step 13850 avg_loss=16.915
[ 541.1s] epoch 17 step 13900 avg_loss=17.097
[ 542.7s] epoch 17 step 13950 avg_loss=16.936
[ 544.4s] epoch 17 step 14000 avg_loss=16.891
[ 546.2s] epoch 17 step 14050 avg_loss=16.946
[ 547.9s] epoch 17 step 14100 avg_loss=16.716
[ 549.8s] epoch 17 step 14150 avg_loss=16.643
[ 551.3s] === epoch 17 done: avg_loss=16.699 (n=788 derivations) ===
[ 551.8s] epoch 18 step 14200 avg_loss=12.419
[ 553.4s] epoch 18 step 14250 avg_loss=13.266
[ 555.2s] epoch 18 step 14300 avg_loss=13.915
[ 557.6s] epoch 18 step 14350 avg_loss=15.541
[ 559.5s] epoch 18 step 14400 avg_loss=15.971
[ 561.8s] epoch 18 step 14450 avg_loss=16.048
[ 563.4s] epoch 18 step 14500 avg_loss=16.053
[ 565.0s] epoch 18 step 14550 avg_loss=15.560
[ 566.9s] epoch 18 step 14600 avg_loss=15.557
[ 568.5s] epoch 18 step 14650 avg_loss=15.443
[ 570.0s] epoch 18 step 14700 avg_loss=15.126
[ 571.7s] epoch 18 step 14750 avg_loss=15.259
[ 573.4s] epoch 18 step 14800 avg_loss=15.190
[ 575.1s] epoch 18 step 14850 avg_loss=15.367
[ 577.1s] epoch 18 step 14900 avg_loss=15.724
[ 579.0s] epoch 18 step 14950 avg_loss=15.789
[ 580.1s] === epoch 18 done: avg_loss=15.987 (n=788 derivations) ===
[ 581.4s] epoch 19 step 15000 avg_loss=17.126
[ 583.2s] epoch 19 step 15050 avg_loss=14.489
[ 585.0s] epoch 19 step 15100 avg_loss=14.917
[ 587.1s] epoch 19 step 15150 avg_loss=14.819
[ 589.1s] epoch 19 step 15200 avg_loss=15.325
[ 591.3s] epoch 19 step 15250 avg_loss=15.847
[ 593.3s] epoch 19 step 15300 avg_loss=15.479
[ 595.2s] epoch 19 step 15350 avg_loss=15.387
[ 596.9s] epoch 19 step 15400 avg_loss=15.042
[ 598.9s] epoch 19 step 15450 avg_loss=15.357
[ 600.7s] epoch 19 step 15500 avg_loss=15.251
[ 602.6s] epoch 19 step 15550 avg_loss=15.332
[ 604.7s] epoch 19 step 15600 avg_loss=15.399
[ 606.3s] epoch 19 step 15650 avg_loss=15.165
[ 608.3s] epoch 19 step 15700 avg_loss=15.322
[ 610.1s] epoch 19 step 15750 avg_loss=15.290
[ 612.3s] eval step=500 train_avg_loss=15.240 dev_rank1_f1=0.3166 dev_edge_p=0.2706 dev_edge_r=0.3813
[ 612.3s] === epoch 19 done: avg_loss=15.240 (n=788 derivations) ===
[ 613.8s] epoch 20 step 15800 avg_loss=12.418
[ 615.6s] epoch 20 step 15850 avg_loss=13.543
[ 617.9s] epoch 20 step 15900 avg_loss=14.407
[ 620.0s] epoch 20 step 15950 avg_loss=15.185
[ 621.7s] epoch 20 step 16000 avg_loss=14.486
[ 623.6s] epoch 20 step 16050 avg_loss=14.238
[ 625.3s] epoch 20 step 16100 avg_loss=13.868
[ 627.3s] epoch 20 step 16150 avg_loss=14.157
[ 628.9s] epoch 20 step 16200 avg_loss=13.689
[ 630.8s] epoch 20 step 16250 avg_loss=14.058
[ 632.8s] epoch 20 step 16300 avg_loss=14.055
[ 634.3s] epoch 20 step 16350 avg_loss=14.028
[ 636.3s] epoch 20 step 16400 avg_loss=13.921
[ 638.1s] epoch 20 step 16450 avg_loss=14.043
[ 640.0s] epoch 20 step 16500 avg_loss=14.141
[ 641.7s] === epoch 20 done: avg_loss=14.553 (n=788 derivations) ===
[ 641.8s] epoch 21 step 16550 avg_loss=25.332
[ 643.7s] epoch 21 step 16600 avg_loss=13.888
[ 645.4s] epoch 21 step 16650 avg_loss=12.902
[ 647.3s] epoch 21 step 16700 avg_loss=13.497
[ 649.1s] epoch 21 step 16750 avg_loss=13.484
[ 650.8s] epoch 21 step 16800 avg_loss=13.420
[ 652.9s] epoch 21 step 16850 avg_loss=13.719
[ 654.8s] epoch 21 step 16900 avg_loss=13.990
[ 656.5s] epoch 21 step 16950 avg_loss=13.950
[ 658.4s] epoch 21 step 17000 avg_loss=13.947
[ 660.2s] epoch 21 step 17050 avg_loss=13.851
[ 661.8s] epoch 21 step 17100 avg_loss=13.474
[ 663.6s] epoch 21 step 17150 avg_loss=13.783
[ 665.6s] epoch 21 step 17200 avg_loss=13.846
[ 667.5s] epoch 21 step 17250 avg_loss=13.862
[ 669.4s] epoch 21 step 17300 avg_loss=13.895
[ 670.7s] === epoch 21 done: avg_loss=13.939 (n=788 derivations) ===
[ 671.4s] epoch 22 step 17350 avg_loss=15.959
[ 673.2s] epoch 22 step 17400 avg_loss=11.878
[ 675.4s] epoch 22 step 17450 avg_loss=13.075
[ 677.1s] epoch 22 step 17500 avg_loss=12.523
[ 679.0s] epoch 22 step 17550 avg_loss=12.321
[ 681.0s] epoch 22 step 17600 avg_loss=12.306
[ 682.8s] epoch 22 step 17650 avg_loss=12.677
[ 684.5s] epoch 22 step 17700 avg_loss=12.380
[ 686.2s] epoch 22 step 17750 avg_loss=12.421
[ 688.0s] epoch 22 step 17800 avg_loss=12.441
[ 690.2s] epoch 22 step 17850 avg_loss=12.961
[ 692.0s] epoch 22 step 17900 avg_loss=12.920
[ 693.7s] epoch 22 step 17950 avg_loss=12.741
[ 695.9s] epoch 22 step 18000 avg_loss=13.013
[ 698.1s] epoch 22 step 18050 avg_loss=13.287
[ 700.0s] epoch 22 step 18100 avg_loss=13.401
[ 700.9s] === epoch 22 done: avg_loss=13.283 (n=788 derivations) ===
[ 701.9s] epoch 23 step 18150 avg_loss=14.446
[ 703.9s] epoch 23 step 18200 avg_loss=14.850
[ 705.7s] epoch 23 step 18250 avg_loss=13.739
[ 707.7s] epoch 23 step 18300 avg_loss=12.804
[ 709.4s] epoch 23 step 18350 avg_loss=12.276
[ 711.6s] epoch 23 step 18400 avg_loss=12.991
[ 713.4s] epoch 23 step 18450 avg_loss=12.717
[ 715.4s] epoch 23 step 18500 avg_loss=13.076
[ 717.1s] epoch 23 step 18550 avg_loss=12.849
[ 718.8s] epoch 23 step 18600 avg_loss=12.893
[ 720.9s] epoch 23 step 18650 avg_loss=12.988
[ 722.9s] epoch 23 step 18700 avg_loss=12.842
[ 725.1s] epoch 23 step 18750 avg_loss=13.081
[ 726.6s] epoch 23 step 18800 avg_loss=12.802
[ 728.8s] epoch 23 step 18850 avg_loss=12.870
[ 730.5s] epoch 23 step 18900 avg_loss=12.538
[ 730.9s] === epoch 23 done: avg_loss=12.497 (n=788 derivations) ===
[ 732.2s] epoch 24 step 18950 avg_loss=12.808
[ 734.1s] epoch 24 step 19000 avg_loss=12.320
[ 735.7s] epoch 24 step 19050 avg_loss=11.481
[ 737.5s] epoch 24 step 19100 avg_loss=11.417
[ 739.4s] epoch 24 step 19150 avg_loss=10.971
[ 741.2s] epoch 24 step 19200 avg_loss=11.099
[ 743.1s] epoch 24 step 19250 avg_loss=11.599
[ 744.7s] epoch 24 step 19300 avg_loss=11.365
[ 746.4s] epoch 24 step 19350 avg_loss=11.687
[ 748.2s] epoch 24 step 19400 avg_loss=11.674
[ 749.7s] epoch 24 step 19450 avg_loss=11.592
[ 751.6s] epoch 24 step 19500 avg_loss=11.593
[ 753.5s] epoch 24 step 19550 avg_loss=11.786
[ 755.3s] epoch 24 step 19600 avg_loss=11.821
[ 757.0s] epoch 24 step 19650 avg_loss=11.810
[ 758.7s] epoch 24 step 19700 avg_loss=11.892
[ 758.7s] === epoch 24 done: avg_loss=11.892 (n=788 derivations) ===
[ 760.6s] epoch 25 step 19750 avg_loss=12.518
[ 762.3s] epoch 25 step 19800 avg_loss=10.699
[ 764.3s] epoch 25 step 19850 avg_loss=11.448
[ 766.3s] epoch 25 step 19900 avg_loss=11.326
[ 768.1s] epoch 25 step 19950 avg_loss=11.291
[ 769.7s] epoch 25 step 20000 avg_loss=10.976
[ 771.4s] epoch 25 step 20050 avg_loss=10.908
[ 773.3s] epoch 25 step 20100 avg_loss=11.228
[ 775.2s] epoch 25 step 20150 avg_loss=11.290
[ 777.0s] epoch 25 step 20200 avg_loss=11.407
[ 778.6s] epoch 25 step 20250 avg_loss=11.746
[ 780.4s] epoch 25 step 20300 avg_loss=11.760
[ 782.1s] epoch 25 step 20350 avg_loss=11.614
[ 784.1s] epoch 25 step 20400 avg_loss=11.474
[ 785.9s] epoch 25 step 20450 avg_loss=11.341
[ 787.4s] === epoch 25 done: avg_loss=11.259 (n=788 derivations) ===
[ 787.9s] epoch 26 step 20500 avg_loss=10.609
[ 789.8s] epoch 26 step 20550 avg_loss=10.554
[ 791.7s] epoch 26 step 20600 avg_loss=10.938
[ 793.5s] epoch 26 step 20650 avg_loss=11.223
[ 795.4s] epoch 26 step 20700 avg_loss=11.180
[ 797.3s] epoch 26 step 20750 avg_loss=10.760
[ 799.2s] epoch 26 step 20800 avg_loss=11.130
[ 801.2s] epoch 26 step 20850 avg_loss=10.984
[ 803.0s] epoch 26 step 20900 avg_loss=10.882
[ 804.9s] epoch 26 step 20950 avg_loss=10.720
[ 806.6s] epoch 26 step 21000 avg_loss=10.596
[ 808.6s] epoch 26 step 21050 avg_loss=10.820
[ 810.2s] epoch 26 step 21100 avg_loss=10.357
[ 811.7s] epoch 26 step 21150 avg_loss=10.325
[ 813.5s] epoch 26 step 21200 avg_loss=10.466
[ 815.9s] epoch 26 step 21250 avg_loss=10.704
[ 817.0s] === epoch 26 done: avg_loss=10.654 (n=788 derivations) ===
[ 817.9s] epoch 27 step 21300 avg_loss=10.904
[ 819.7s] epoch 27 step 21350 avg_loss=10.136
[ 821.5s] epoch 27 step 21400 avg_loss=10.162
[ 823.7s] epoch 27 step 21450 avg_loss=10.032
[ 825.3s] epoch 27 step 21500 avg_loss=9.224
[ 827.4s] epoch 27 step 21550 avg_loss=9.507
[ 829.6s] epoch 27 step 21600 avg_loss=9.657
[ 831.6s] epoch 27 step 21650 avg_loss=9.537
[ 833.7s] epoch 27 step 21700 avg_loss=9.769
[ 835.7s] epoch 27 step 21750 avg_loss=9.991
[ 837.6s] epoch 27 step 21800 avg_loss=10.072
[ 839.4s] epoch 27 step 21850 avg_loss=10.133
[ 841.3s] epoch 27 step 21900 avg_loss=10.188
[ 843.2s] epoch 27 step 21950 avg_loss=10.201
[ 845.0s] epoch 27 step 22000 avg_loss=10.147
[ 846.9s] epoch 27 step 22050 avg_loss=10.166
[ 847.3s] === epoch 27 done: avg_loss=10.109 (n=788 derivations) ===
[ 848.8s] epoch 28 step 22100 avg_loss=9.887
[ 850.6s] epoch 28 step 22150 avg_loss=9.000
[ 852.2s] epoch 28 step 22200 avg_loss=9.439
[ 854.2s] epoch 28 step 22250 avg_loss=9.563
[ 856.0s] epoch 28 step 22300 avg_loss=9.960
[ 857.6s] epoch 28 step 22350 avg_loss=9.336
[ 859.4s] epoch 28 step 22400 avg_loss=9.423
[ 861.4s] epoch 28 step 22450 avg_loss=9.396
[ 863.0s] epoch 28 step 22500 avg_loss=9.167
[ 865.0s] epoch 28 step 22550 avg_loss=9.653
[ 866.5s] epoch 28 step 22600 avg_loss=9.648
[ 868.1s] epoch 28 step 22650 avg_loss=9.546
[ 870.0s] epoch 28 step 22700 avg_loss=9.775
[ 871.8s] epoch 28 step 22750 avg_loss=9.760
[ 873.6s] epoch 28 step 22800 avg_loss=9.728
[ 875.3s] epoch 28 step 22850 avg_loss=9.623
[ 875.4s] === epoch 28 done: avg_loss=9.610 (n=788 derivations) ===
[ 877.2s] epoch 29 step 22900 avg_loss=11.816
[ 879.0s] epoch 29 step 22950 avg_loss=8.916
[ 880.9s] epoch 29 step 23000 avg_loss=8.380
[ 882.9s] epoch 29 step 23050 avg_loss=8.497
[ 884.6s] epoch 29 step 23100 avg_loss=8.562
[ 886.1s] epoch 29 step 23150 avg_loss=8.384
[ 888.3s] epoch 29 step 23200 avg_loss=9.098
[ 890.1s] epoch 29 step 23250 avg_loss=8.992
[ 891.8s] epoch 29 step 23300 avg_loss=8.854
[ 893.6s] epoch 29 step 23350 avg_loss=8.984
[ 895.3s] epoch 29 step 23400 avg_loss=8.849
[ 897.1s] epoch 29 step 23450 avg_loss=8.758
[ 899.2s] epoch 29 step 23500 avg_loss=8.945
[ 900.8s] epoch 29 step 23550 avg_loss=8.923
[ 902.7s] epoch 29 step 23600 avg_loss=9.070
[ 906.1s] eval step=750 train_avg_loss=9.108 dev_rank1_f1=0.3321 dev_edge_p=0.2841 dev_edge_r=0.3997
[ 906.1s] === epoch 29 done: avg_loss=9.108 (n=788 derivations) ===
[ 906.6s] epoch 30 step 23650 avg_loss=14.724
[ 908.2s] epoch 30 step 23700 avg_loss=7.707
[ 910.1s] epoch 30 step 23750 avg_loss=8.272
[ 911.8s] epoch 30 step 23800 avg_loss=7.955
[ 913.7s] epoch 30 step 23850 avg_loss=7.951
[ 915.5s] epoch 30 step 23900 avg_loss=8.237
[ 917.3s] epoch 30 step 23950 avg_loss=8.165
[ 919.3s] epoch 30 step 24000 avg_loss=8.657
[ 921.0s] epoch 30 step 24050 avg_loss=8.427
[ 922.6s] epoch 30 step 24100 avg_loss=8.309
[ 924.4s] epoch 30 step 24150 avg_loss=8.218
[ 925.9s] epoch 30 step 24200 avg_loss=8.129
[ 927.8s] epoch 30 step 24250 avg_loss=8.181
[ 929.8s] epoch 30 step 24300 avg_loss=8.191
[ 931.6s] epoch 30 step 24350 avg_loss=8.356
[ 933.7s] epoch 30 step 24400 avg_loss=8.428
[ 935.0s] === epoch 30 done: avg_loss=8.560 (n=788 derivations) ===
[ 936.1s] epoch 31 step 24450 avg_loss=11.427
[ 937.9s] epoch 31 step 24500 avg_loss=7.313
[ 939.4s] epoch 31 step 24550 avg_loss=6.538
[ 941.2s] epoch 31 step 24600 avg_loss=6.528
[ 943.4s] epoch 31 step 24650 avg_loss=7.456
[ 945.5s] epoch 31 step 24700 avg_loss=7.579
[ 947.6s] epoch 31 step 24750 avg_loss=7.707
[ 949.7s] epoch 31 step 24800 avg_loss=8.202
[ 951.6s] epoch 31 step 24850 avg_loss=7.997
[ 953.3s] epoch 31 step 24900 avg_loss=7.903
[ 955.1s] epoch 31 step 24950 avg_loss=7.890
[ 957.0s] epoch 31 step 25000 avg_loss=7.804
[ 958.8s] epoch 31 step 25050 avg_loss=7.827
[ 960.8s] epoch 31 step 25100 avg_loss=7.925
[ 962.9s] epoch 31 step 25150 avg_loss=8.127
[ 964.7s] epoch 31 step 25200 avg_loss=8.194
[ 965.2s] === epoch 31 done: avg_loss=8.136 (n=788 derivations) ===
[ 966.5s] epoch 32 step 25250 avg_loss=7.441
[ 968.2s] epoch 32 step 25300 avg_loss=8.119
[ 969.9s] epoch 32 step 25350 avg_loss=7.483
[ 971.7s] epoch 32 step 25400 avg_loss=7.298
[ 973.7s] epoch 32 step 25450 avg_loss=7.048
[ 975.8s] epoch 32 step 25500 avg_loss=7.249
[ 977.8s] epoch 32 step 25550 avg_loss=7.446
[ 979.6s] epoch 32 step 25600 avg_loss=7.484
[ 981.5s] epoch 32 step 25650 avg_loss=7.314
[ 983.3s] epoch 32 step 25700 avg_loss=7.332
[ 985.1s] epoch 32 step 25750 avg_loss=7.527
[ 986.9s] epoch 32 step 25800 avg_loss=7.552
[ 988.6s] epoch 32 step 25850 avg_loss=7.531
[ 990.4s] epoch 32 step 25900 avg_loss=7.563
[ 992.4s] epoch 32 step 25950 avg_loss=7.727
[ 994.4s] epoch 32 step 26000 avg_loss=7.756
[ 994.6s] === epoch 32 done: avg_loss=7.806 (n=788 derivations) ===
[ 996.3s] epoch 33 step 26050 avg_loss=7.416
[ 998.1s] epoch 33 step 26100 avg_loss=7.134
[1000.0s] epoch 33 step 26150 avg_loss=7.408
[1002.0s] epoch 33 step 26200 avg_loss=8.159
[1003.8s] epoch 33 step 26250 avg_loss=8.083
[1005.4s] epoch 33 step 26300 avg_loss=7.757
[1007.1s] epoch 33 step 26350 avg_loss=7.777
[1008.8s] epoch 33 step 26400 avg_loss=7.519
[1010.4s] epoch 33 step 26450 avg_loss=7.448
[1012.3s] epoch 33 step 26500 avg_loss=7.481
[1014.1s] epoch 33 step 26550 avg_loss=7.384
[1016.0s] epoch 33 step 26600 avg_loss=7.388
[1017.9s] epoch 33 step 26650 avg_loss=7.567
[1019.7s] epoch 33 step 26700 avg_loss=7.560
[1021.4s] epoch 33 step 26750 avg_loss=7.409
[1023.0s] === epoch 33 done: avg_loss=7.413 (n=788 derivations) ===
[1023.2s] epoch 34 step 26800 avg_loss=2.500
[1024.9s] epoch 34 step 26850 avg_loss=6.598
[1027.0s] epoch 34 step 26900 avg_loss=7.742
[1028.9s] epoch 34 step 26950 avg_loss=7.932
[1030.8s] epoch 34 step 27000 avg_loss=7.417
[1032.6s] epoch 34 step 27050 avg_loss=7.074
[1034.4s] epoch 34 step 27100 avg_loss=6.751
[1036.4s] epoch 34 step 27150 avg_loss=7.105
[1038.3s] epoch 34 step 27200 avg_loss=6.955
[1040.4s] epoch 34 step 27250 avg_loss=7.027
[1042.2s] epoch 34 step 27300 avg_loss=6.963
[1044.0s] epoch 34 step 27350 avg_loss=7.023
[1046.0s] epoch 34 step 27400 avg_loss=7.231
[1047.8s] epoch 34 step 27450 avg_loss=7.271
[1049.6s] epoch 34 step 27500 avg_loss=7.204
[1051.1s] epoch 34 step 27550 avg_loss=7.017
[1052.3s] === epoch 34 done: avg_loss=6.981 (n=788 derivations) ===
[1052.9s] epoch 35 step 27600 avg_loss=5.239
[1054.8s] epoch 35 step 27650 avg_loss=6.442
[1056.7s] epoch 35 step 27700 avg_loss=6.526
[1058.7s] epoch 35 step 27750 avg_loss=6.684
[1060.3s] epoch 35 step 27800 avg_loss=6.024
[1061.9s] epoch 35 step 27850 avg_loss=5.720
[1063.9s] epoch 35 step 27900 avg_loss=6.148
[1065.8s] epoch 35 step 27950 avg_loss=6.062
[1067.9s] epoch 35 step 28000 avg_loss=6.550
[1070.0s] epoch 35 step 28050 avg_loss=6.666
[1071.9s] epoch 35 step 28100 avg_loss=6.853
[1073.6s] epoch 35 step 28150 avg_loss=6.769
[1075.5s] epoch 35 step 28200 avg_loss=6.657
[1077.4s] epoch 35 step 28250 avg_loss=6.809
[1079.2s] epoch 35 step 28300 avg_loss=6.659
[1081.2s] epoch 35 step 28350 avg_loss=6.709
[1081.8s] === epoch 35 done: avg_loss=6.632 (n=788 derivations) ===
[1083.1s] epoch 36 step 28400 avg_loss=6.952
[1084.7s] epoch 36 step 28450 avg_loss=5.961
[1086.4s] epoch 36 step 28500 avg_loss=6.313
[1088.2s] epoch 36 step 28550 avg_loss=6.257
[1089.9s] epoch 36 step 28600 avg_loss=6.007
[1091.7s] epoch 36 step 28650 avg_loss=6.297
[1093.5s] epoch 36 step 28700 avg_loss=6.252
[1095.5s] epoch 36 step 28750 avg_loss=6.553
[1097.6s] epoch 36 step 28800 avg_loss=6.437
[1099.6s] epoch 36 step 28850 avg_loss=6.511
[1101.5s] epoch 36 step 28900 avg_loss=6.519
[1103.4s] epoch 36 step 28950 avg_loss=6.555
[1105.4s] epoch 36 step 29000 avg_loss=6.539
[1107.5s] epoch 36 step 29050 avg_loss=6.525
[1109.3s] epoch 36 step 29100 avg_loss=6.428
[1111.3s] epoch 36 step 29150 avg_loss=6.335
[1111.5s] === epoch 36 done: avg_loss=6.308 (n=788 derivations) ===
[1113.2s] epoch 37 step 29200 avg_loss=5.526
[1115.4s] epoch 37 step 29250 avg_loss=6.790
[1116.9s] epoch 37 step 29300 avg_loss=6.481
[1118.4s] epoch 37 step 29350 avg_loss=6.313
[1120.1s] epoch 37 step 29400 avg_loss=6.166
[1122.0s] epoch 37 step 29450 avg_loss=6.105
[1123.5s] epoch 37 step 29500 avg_loss=5.775
[1125.4s] epoch 37 step 29550 avg_loss=5.863
[1127.2s] epoch 37 step 29600 avg_loss=5.710
[1129.2s] epoch 37 step 29650 avg_loss=5.841
[1130.8s] epoch 37 step 29700 avg_loss=5.922
[1132.6s] epoch 37 step 29750 avg_loss=5.947
[1134.3s] epoch 37 step 29800 avg_loss=5.781
[1135.9s] epoch 37 step 29850 avg_loss=5.785
[1137.6s] epoch 37 step 29900 avg_loss=5.822
[1139.4s] === epoch 37 done: avg_loss=5.916 (n=788 derivations) ===
[1139.6s] epoch 38 step 29950 avg_loss=4.865
[1141.6s] epoch 38 step 30000 avg_loss=5.935
[1143.6s] epoch 38 step 30050 avg_loss=6.583
[1145.2s] epoch 38 step 30100 avg_loss=6.138
[1146.8s] epoch 38 step 30150 avg_loss=5.794
[1148.6s] epoch 38 step 30200 avg_loss=5.693
[1150.3s] epoch 38 step 30250 avg_loss=5.476
[1152.3s] epoch 38 step 30300 avg_loss=5.694
[1154.2s] epoch 38 step 30350 avg_loss=5.721
[1156.1s] epoch 38 step 30400 avg_loss=5.532
[1157.8s] epoch 38 step 30450 avg_loss=5.383
[1159.7s] epoch 38 step 30500 avg_loss=5.392
[1161.6s] epoch 38 step 30550 avg_loss=5.429
[1163.2s] epoch 38 step 30600 avg_loss=5.489
[1164.8s] epoch 38 step 30650 avg_loss=5.425
[1166.6s] epoch 38 step 30700 avg_loss=5.604
[1167.9s] === epoch 38 done: avg_loss=5.642 (n=788 derivations) ===
[1168.3s] epoch 39 step 30750 avg_loss=2.779
[1170.3s] epoch 39 step 30800 avg_loss=5.083
[1171.8s] epoch 39 step 30850 avg_loss=4.254
[1173.7s] epoch 39 step 30900 avg_loss=4.454
[1175.6s] epoch 39 step 30950 avg_loss=4.528
[1177.5s] epoch 39 step 31000 avg_loss=4.974
[1179.4s] epoch 39 step 31050 avg_loss=5.195
[1181.1s] epoch 39 step 31100 avg_loss=5.154
[1182.7s] epoch 39 step 31150 avg_loss=5.124
[1184.5s] epoch 39 step 31200 avg_loss=5.289
[1186.3s] epoch 39 step 31250 avg_loss=5.408
[1187.9s] epoch 39 step 31300 avg_loss=5.286
[1189.5s] epoch 39 step 31350 avg_loss=5.224
[1191.3s] epoch 39 step 31400 avg_loss=5.204
[1193.0s] epoch 39 step 31450 avg_loss=5.197
[1194.8s] epoch 39 step 31500 avg_loss=5.302
[1197.1s] eval step=1000 train_avg_loss=5.320 dev_rank1_f1=0.3203 dev_edge_p=0.2679 dev_edge_r=0.3982
[1197.1s] === epoch 39 done: avg_loss=5.320 (n=788 derivations) ===
[1198.0s] epoch 40 step 31550 avg_loss=3.228
[1199.5s] epoch 40 step 31600 avg_loss=3.497
[1201.1s] epoch 40 step 31650 avg_loss=3.620
[1202.9s] epoch 40 step 31700 avg_loss=3.909
[1204.8s] epoch 40 step 31750 avg_loss=3.973
[1206.6s] epoch 40 step 31800 avg_loss=3.955
[1208.4s] epoch 40 step 31850 avg_loss=4.385
[1210.3s] epoch 40 step 31900 avg_loss=4.557
[1212.2s] epoch 40 step 31950 avg_loss=4.577
[1214.0s] epoch 40 step 32000 avg_loss=4.555
[1215.8s] epoch 40 step 32050 avg_loss=4.689
[1217.6s] epoch 40 step 32100 avg_loss=4.653
[1219.4s] epoch 40 step 32150 avg_loss=4.715
[1221.3s] epoch 40 step 32200 avg_loss=4.805
[1223.1s] epoch 40 step 32250 avg_loss=4.927
[1224.7s] epoch 40 step 32300 avg_loss=4.944
[1224.9s] === epoch 40 done: avg_loss=4.935 (n=788 derivations) ===
[1226.5s] epoch 41 step 32350 avg_loss=6.896
[1228.2s] epoch 41 step 32400 avg_loss=5.832
[1229.9s] epoch 41 step 32450 avg_loss=5.499
[1231.7s] epoch 41 step 32500 avg_loss=4.885
[1233.5s] epoch 41 step 32550 avg_loss=4.634
[1235.4s] epoch 41 step 32600 avg_loss=4.754
[1237.1s] epoch 41 step 32650 avg_loss=4.733
[1238.9s] epoch 41 step 32700 avg_loss=4.663
[1240.7s] epoch 41 step 32750 avg_loss=4.536
[1242.3s] epoch 41 step 32800 avg_loss=4.524
[1243.9s] epoch 41 step 32850 avg_loss=4.583
[1245.7s] epoch 41 step 32900 avg_loss=4.632
[1247.7s] epoch 41 step 32950 avg_loss=4.651
[1249.5s] epoch 41 step 33000 avg_loss=4.705
[1251.2s] epoch 41 step 33050 avg_loss=4.717
[1252.8s] === epoch 41 done: avg_loss=4.758 (n=788 derivations) ===
[1253.0s] epoch 42 step 33100 avg_loss=5.459
[1254.8s] epoch 42 step 33150 avg_loss=5.875
[1256.6s] epoch 42 step 33200 avg_loss=5.342
[1258.3s] epoch 42 step 33250 avg_loss=4.932
[1260.1s] epoch 42 step 33300 avg_loss=4.833
[1262.1s] epoch 42 step 33350 avg_loss=5.058
[1264.2s] epoch 42 step 33400 avg_loss=4.985
[1265.7s] epoch 42 step 33450 avg_loss=4.789
[1267.5s] epoch 42 step 33500 avg_loss=4.640
[1269.3s] epoch 42 step 33550 avg_loss=4.666
[1271.1s] epoch 42 step 33600 avg_loss=4.657
[1272.9s] epoch 42 step 33650 avg_loss=4.677
[1274.8s] epoch 42 step 33700 avg_loss=4.649
[1276.8s] epoch 42 step 33750 avg_loss=4.602
[1278.9s] epoch 42 step 33800 avg_loss=4.586
[1281.0s] epoch 42 step 33850 avg_loss=4.597
[1282.4s] === epoch 42 done: avg_loss=4.584 (n=788 derivations) ===
[1282.9s] epoch 43 step 33900 avg_loss=2.179
[1285.2s] epoch 43 step 33950 avg_loss=5.096
[1287.1s] epoch 43 step 34000 avg_loss=5.995
[1289.0s] epoch 43 step 34050 avg_loss=5.228
[1291.2s] epoch 43 step 34100 avg_loss=5.294
[1292.9s] epoch 43 step 34150 avg_loss=4.911
[1294.6s] epoch 43 step 34200 avg_loss=4.692
[1296.2s] epoch 43 step 34250 avg_loss=4.466
[1298.3s] epoch 43 step 34300 avg_loss=4.440
[1300.1s] epoch 43 step 34350 avg_loss=4.527
[1301.9s] epoch 43 step 34400 avg_loss=4.377
[1303.7s] epoch 43 step 34450 avg_loss=4.521
[1305.5s] epoch 43 step 34500 avg_loss=4.432
[1307.3s] epoch 43 step 34550 avg_loss=4.362
[1309.1s] epoch 43 step 34600 avg_loss=4.370
[1311.2s] epoch 43 step 34650 avg_loss=4.343
[1311.8s] === epoch 43 done: avg_loss=4.334 (n=788 derivations) ===
[1312.8s] epoch 44 step 34700 avg_loss=2.169
[1314.7s] epoch 44 step 34750 avg_loss=4.214
[1316.5s] epoch 44 step 34800 avg_loss=4.507
[1318.4s] epoch 44 step 34850 avg_loss=4.052
[1320.2s] epoch 44 step 34900 avg_loss=3.943
[1322.0s] epoch 44 step 34950 avg_loss=3.877
[1323.8s] epoch 44 step 35000 avg_loss=3.773
[1325.4s] epoch 44 step 35050 avg_loss=3.665
[1327.0s] epoch 44 step 35100 avg_loss=3.660
[1329.1s] epoch 44 step 35150 avg_loss=3.726
[1331.1s] epoch 44 step 35200 avg_loss=4.027
[1333.1s] epoch 44 step 35250 avg_loss=4.114
[1334.7s] epoch 44 step 35300 avg_loss=4.044
[1336.7s] epoch 44 step 35350 avg_loss=3.998
[1338.4s] epoch 44 step 35400 avg_loss=4.092
[1340.4s] epoch 44 step 35450 avg_loss=4.111
[1340.7s] === epoch 44 done: avg_loss=4.081 (n=788 derivations) ===
[1342.1s] epoch 45 step 35500 avg_loss=4.369
[1343.7s] epoch 45 step 35550 avg_loss=3.711
[1345.3s] epoch 45 step 35600 avg_loss=3.862
[1346.8s] epoch 45 step 35650 avg_loss=3.866
[1348.6s] epoch 45 step 35700 avg_loss=3.683
[1350.1s] epoch 45 step 35750 avg_loss=3.641
[1352.0s] epoch 45 step 35800 avg_loss=3.897
[1353.8s] epoch 45 step 35850 avg_loss=4.057
[1355.3s] epoch 45 step 35900 avg_loss=3.866
[1357.3s] epoch 45 step 35950 avg_loss=3.888
[1359.2s] epoch 45 step 36000 avg_loss=3.860
[1361.2s] epoch 45 step 36050 avg_loss=3.826
[1363.1s] epoch 45 step 36100 avg_loss=3.882
[1364.9s] epoch 45 step 36150 avg_loss=3.864
[1366.6s] epoch 45 step 36200 avg_loss=3.927
[1368.3s] === epoch 45 done: avg_loss=3.904 (n=788 derivations) ===
[1368.4s] epoch 46 step 36250 avg_loss=4.891
[1370.2s] epoch 46 step 36300 avg_loss=3.085
[1372.1s] epoch 46 step 36350 avg_loss=3.209
[1374.0s] epoch 46 step 36400 avg_loss=3.701
[1375.7s] epoch 46 step 36450 avg_loss=3.482
[1377.6s] epoch 46 step 36500 avg_loss=3.585
[1379.1s] epoch 46 step 36550 avg_loss=3.348
[1381.0s] epoch 46 step 36600 avg_loss=3.510
[1383.1s] epoch 46 step 36650 avg_loss=3.629
[1384.5s] epoch 46 step 36700 avg_loss=3.437
[1386.5s] epoch 46 step 36750 avg_loss=3.360
[1388.5s] epoch 46 step 36800 avg_loss=3.464
[1390.5s] epoch 46 step 36850 avg_loss=3.565
[1392.4s] epoch 46 step 36900 avg_loss=3.547
[1394.3s] epoch 46 step 36950 avg_loss=3.556
[1396.4s] epoch 46 step 37000 avg_loss=3.608
[1397.9s] === epoch 46 done: avg_loss=3.609 (n=788 derivations) ===
[1398.4s] epoch 47 step 37050 avg_loss=4.043
[1400.6s] epoch 47 step 37100 avg_loss=4.369
[1402.8s] epoch 47 step 37150 avg_loss=4.049
[1404.5s] epoch 47 step 37200 avg_loss=3.694
[1406.7s] epoch 47 step 37250 avg_loss=3.839
[1408.5s] epoch 47 step 37300 avg_loss=3.631
[1410.1s] epoch 47 step 37350 avg_loss=3.771
[1412.0s] epoch 47 step 37400 avg_loss=3.559
[1413.8s] epoch 47 step 37450 avg_loss=3.428
[1415.5s] epoch 47 step 37500 avg_loss=3.290
[1417.2s] epoch 47 step 37550 avg_loss=3.213
[1419.1s] epoch 47 step 37600 avg_loss=3.263
[1421.3s] epoch 47 step 37650 avg_loss=3.313
[1422.9s] epoch 47 step 37700 avg_loss=3.291
[1425.0s] epoch 47 step 37750 avg_loss=3.417
[1426.7s] epoch 47 step 37800 avg_loss=3.379
[1427.8s] === epoch 47 done: avg_loss=3.443 (n=788 derivations) ===
[1428.7s] epoch 48 step 37850 avg_loss=2.396
[1430.6s] epoch 48 step 37900 avg_loss=3.960
[1432.7s] epoch 48 step 37950 avg_loss=3.866
[1434.7s] epoch 48 step 38000 avg_loss=3.773
[1436.5s] epoch 48 step 38050 avg_loss=3.512
[1438.7s] epoch 48 step 38100 avg_loss=3.609
[1440.7s] epoch 48 step 38150 avg_loss=3.311
[1442.7s] epoch 48 step 38200 avg_loss=3.274
[1444.7s] epoch 48 step 38250 avg_loss=3.112
[1446.3s] epoch 48 step 38300 avg_loss=3.075
[1448.5s] epoch 48 step 38350 avg_loss=3.069
[1450.6s] epoch 48 step 38400 avg_loss=3.054
[1452.3s] epoch 48 step 38450 avg_loss=3.043
[1454.0s] epoch 48 step 38500 avg_loss=3.031
[1455.8s] epoch 48 step 38550 avg_loss=3.085
[1458.0s] epoch 48 step 38600 avg_loss=3.234
[1458.6s] === epoch 48 done: avg_loss=3.256 (n=788 derivations) ===
[1459.9s] epoch 49 step 38650 avg_loss=2.575
[1461.8s] epoch 49 step 38700 avg_loss=2.343
[1463.6s] epoch 49 step 38750 avg_loss=2.276
[1465.5s] epoch 49 step 38800 avg_loss=2.368
[1467.2s] epoch 49 step 38850 avg_loss=2.617
[1469.1s] epoch 49 step 38900 avg_loss=2.554
[1471.0s] epoch 49 step 38950 avg_loss=2.559
[1473.0s] epoch 49 step 39000 avg_loss=2.893
[1474.9s] epoch 49 step 39050 avg_loss=3.019
[1477.0s] epoch 49 step 39100 avg_loss=3.183
[1479.1s] epoch 49 step 39150 avg_loss=3.239
[1480.9s] epoch 49 step 39200 avg_loss=3.229
[1482.8s] epoch 49 step 39250 avg_loss=3.151
[1484.7s] epoch 49 step 39300 avg_loss=3.206
[1486.5s] epoch 49 step 39350 avg_loss=3.172
[1488.4s] epoch 49 step 39400 avg_loss=3.110
[1490.2s] eval step=1250 train_avg_loss=3.110 dev_rank1_f1=0.3356 dev_edge_p=0.2864 dev_edge_r=0.4054
[1490.2s] === epoch 49 done: avg_loss=3.110 (n=788 derivations) ===
[1492.2s] epoch 50 step 39450 avg_loss=3.332
[1494.2s] epoch 50 step 39500 avg_loss=3.303
[1496.2s] epoch 50 step 39550 avg_loss=3.247
[1498.2s] epoch 50 step 39600 avg_loss=3.188
[1500.2s] epoch 50 step 39650 avg_loss=3.086
[1502.2s] epoch 50 step 39700 avg_loss=3.171
[1503.8s] epoch 50 step 39750 avg_loss=3.067
[1505.7s] epoch 50 step 39800 avg_loss=2.944
[1507.5s] epoch 50 step 39850 avg_loss=2.953
[1509.0s] epoch 50 step 39900 avg_loss=2.904
[1510.7s] epoch 50 step 39950 avg_loss=2.931
[1512.7s] epoch 50 step 40000 avg_loss=2.915
[1514.5s] epoch 50 step 40050 avg_loss=2.958
[1516.6s] epoch 50 step 40100 avg_loss=2.990
[1518.4s] epoch 50 step 40150 avg_loss=2.939
[1519.7s] === epoch 50 done: avg_loss=2.960 (n=788 derivations) ===
[1520.0s] epoch 51 step 40200 avg_loss=1.158
[1521.5s] epoch 51 step 40250 avg_loss=2.174
[1523.4s] epoch 51 step 40300 avg_loss=2.374
[1525.6s] epoch 51 step 40350 avg_loss=2.734
[1527.2s] epoch 51 step 40400 avg_loss=2.511
[1529.2s] epoch 51 step 40450 avg_loss=2.509
[1531.0s] epoch 51 step 40500 avg_loss=2.609
[1532.8s] epoch 51 step 40550 avg_loss=2.599
[1534.7s] epoch 51 step 40600 avg_loss=2.553
[1536.7s] epoch 51 step 40650 avg_loss=2.717
[1538.7s] epoch 51 step 40700 avg_loss=2.808
[1540.6s] epoch 51 step 40750 avg_loss=2.708
[1542.4s] epoch 51 step 40800 avg_loss=2.749
[1544.4s] epoch 51 step 40850 avg_loss=2.815
[1546.3s] epoch 51 step 40900 avg_loss=2.816
[1548.0s] epoch 51 step 40950 avg_loss=2.818
[1548.7s] === epoch 51 done: avg_loss=2.812 (n=788 derivations) ===
[1549.5s] epoch 52 step 41000 avg_loss=1.798
[1551.6s] epoch 52 step 41050 avg_loss=2.525
[1553.3s] epoch 52 step 41100 avg_loss=2.583
[1555.0s] epoch 52 step 41150 avg_loss=2.618
[1556.8s] epoch 52 step 41200 avg_loss=2.449
[1558.7s] epoch 52 step 41250 avg_loss=2.705
[1560.4s] epoch 52 step 41300 avg_loss=2.662
[1562.3s] epoch 52 step 41350 avg_loss=2.652
[1563.9s] epoch 52 step 41400 avg_loss=2.530
[1565.8s] epoch 52 step 41450 avg_loss=2.506
[1567.7s] epoch 52 step 41500 avg_loss=2.482
[1569.7s] epoch 52 step 41550 avg_loss=2.563
[1571.5s] epoch 52 step 41600 avg_loss=2.615
[1573.5s] epoch 52 step 41650 avg_loss=2.671
[1575.3s] epoch 52 step 41700 avg_loss=2.646
[1577.4s] epoch 52 step 41750 avg_loss=2.664
[1577.9s] === epoch 52 done: avg_loss=2.647 (n=788 derivations) ===
[1579.2s] epoch 53 step 41800 avg_loss=2.105
[1581.1s] epoch 53 step 41850 avg_loss=2.494
[1582.8s] epoch 53 step 41900 avg_loss=2.321
[1584.5s] epoch 53 step 41950 avg_loss=2.269
[1586.1s] epoch 53 step 42000 avg_loss=2.178
[1587.9s] epoch 53 step 42050 avg_loss=2.137
[1589.7s] epoch 53 step 42100 avg_loss=2.351
[1591.7s] epoch 53 step 42150 avg_loss=2.412
[1593.4s] epoch 53 step 42200 avg_loss=2.352
[1595.2s] epoch 53 step 42250 avg_loss=2.341
[1597.2s] epoch 53 step 42300 avg_loss=2.403
[1599.1s] epoch 53 step 42350 avg_loss=2.431
[1600.9s] epoch 53 step 42400 avg_loss=2.405
[1602.7s] epoch 53 step 42450 avg_loss=2.442
[1605.0s] epoch 53 step 42500 avg_loss=2.491
[1606.8s] epoch 53 step 42550 avg_loss=2.448
[1606.9s] === epoch 53 done: avg_loss=2.443 (n=788 derivations) ===
[1608.8s] epoch 54 step 42600 avg_loss=2.327
[1610.9s] epoch 54 step 42650 avg_loss=2.546
[1613.1s] epoch 54 step 42700 avg_loss=2.475
[1615.0s] epoch 54 step 42750 avg_loss=2.319
[1616.4s] epoch 54 step 42800 avg_loss=2.438
[1618.1s] epoch 54 step 42850 avg_loss=2.444
[1619.8s] epoch 54 step 42900 avg_loss=2.322
[1621.8s] epoch 54 step 42950 avg_loss=2.394
[1623.6s] epoch 54 step 43000 avg_loss=2.367
[1625.1s] epoch 54 step 43050 avg_loss=2.303
[1626.7s] epoch 54 step 43100 avg_loss=2.298
[1628.5s] epoch 54 step 43150 avg_loss=2.303
[1630.3s] epoch 54 step 43200 avg_loss=2.399
[1632.5s] epoch 54 step 43250 avg_loss=2.363
[1634.4s] epoch 54 step 43300 avg_loss=2.373
[1636.0s] === epoch 54 done: avg_loss=2.383 (n=788 derivations) ===
[1636.3s] epoch 55 step 43350 avg_loss=1.085
[1638.6s] epoch 55 step 43400 avg_loss=2.320
[1640.5s] epoch 55 step 43450 avg_loss=2.308
[1642.5s] epoch 55 step 43500 avg_loss=2.102
[1644.4s] epoch 55 step 43550 avg_loss=2.245
[1646.1s] epoch 55 step 43600 avg_loss=2.293
[1647.9s] epoch 55 step 43650 avg_loss=2.206
[1650.1s] epoch 55 step 43700 avg_loss=2.264
[1651.9s] epoch 55 step 43750 avg_loss=2.181
[1653.7s] epoch 55 step 43800 avg_loss=2.088
[1655.4s] epoch 55 step 43850 avg_loss=2.124
[1657.3s] epoch 55 step 43900 avg_loss=2.380
[1658.7s] epoch 55 step 43950 avg_loss=2.307
[1660.3s] epoch 55 step 44000 avg_loss=2.292
[1662.3s] epoch 55 step 44050 avg_loss=2.258
[1664.1s] epoch 55 step 44100 avg_loss=2.263
[1665.1s] === epoch 55 done: avg_loss=2.254 (n=788 derivations) ===
[1666.0s] epoch 56 step 44150 avg_loss=2.590
[1668.2s] epoch 56 step 44200 avg_loss=2.389
[1670.2s] epoch 56 step 44250 avg_loss=2.274
[1672.1s] epoch 56 step 44300 avg_loss=2.308
[1673.8s] epoch 56 step 44350 avg_loss=2.154
[1675.6s] epoch 56 step 44400 avg_loss=2.019
[1677.1s] epoch 56 step 44450 avg_loss=1.935
[1678.9s] epoch 56 step 44500 avg_loss=1.974
[1680.7s] epoch 56 step 44550 avg_loss=1.929
[1682.4s] epoch 56 step 44600 avg_loss=1.872
[1684.2s] epoch 56 step 44650 avg_loss=2.010
[1686.4s] epoch 56 step 44700 avg_loss=2.069
[1688.4s] epoch 56 step 44750 avg_loss=2.105
[1689.9s] epoch 56 step 44800 avg_loss=2.087
[1692.0s] epoch 56 step 44850 avg_loss=2.177
[1693.8s] epoch 56 step 44900 avg_loss=2.218
[1694.5s] === epoch 56 done: avg_loss=2.210 (n=788 derivations) ===
[1695.9s] epoch 57 step 44950 avg_loss=2.094
[1697.4s] epoch 57 step 45000 avg_loss=1.898
[1699.5s] epoch 57 step 45050 avg_loss=1.857
[1701.3s] epoch 57 step 45100 avg_loss=1.875
[1702.9s] epoch 57 step 45150 avg_loss=1.790
[1704.9s] epoch 57 step 45200 avg_loss=2.023
[1707.1s] epoch 57 step 45250 avg_loss=2.025
[1708.7s] epoch 57 step 45300 avg_loss=1.971
[1710.4s] epoch 57 step 45350 avg_loss=1.887
[1712.1s] epoch 57 step 45400 avg_loss=1.873
[1714.0s] epoch 57 step 45450 avg_loss=1.916
[1716.0s] epoch 57 step 45500 avg_loss=1.933
[1717.7s] epoch 57 step 45550 avg_loss=1.919
[1719.5s] epoch 57 step 45600 avg_loss=1.933
[1721.3s] epoch 57 step 45650 avg_loss=1.980
[1723.2s] epoch 57 step 45700 avg_loss=2.022
[1723.3s] === epoch 57 done: avg_loss=2.021 (n=788 derivations) ===
[1724.7s] epoch 58 step 45750 avg_loss=0.765
[1726.7s] epoch 58 step 45800 avg_loss=1.456
[1728.6s] epoch 58 step 45850 avg_loss=1.646
[1730.3s] epoch 58 step 45900 avg_loss=1.549
[1732.3s] epoch 58 step 45950 avg_loss=1.921
[1734.0s] epoch 58 step 46000 avg_loss=1.958
[1735.9s] epoch 58 step 46050 avg_loss=2.050
[1737.5s] epoch 58 step 46100 avg_loss=1.967
[1739.5s] epoch 58 step 46150 avg_loss=2.108
[1741.6s] epoch 58 step 46200 avg_loss=2.087
[1743.3s] epoch 58 step 46250 avg_loss=2.092
[1745.1s] epoch 58 step 46300 avg_loss=2.092
[1746.9s] epoch 58 step 46350 avg_loss=2.037
[1749.1s] epoch 58 step 46400 avg_loss=2.043
[1750.9s] epoch 58 step 46450 avg_loss=2.036
[1752.4s] === epoch 58 done: avg_loss=2.052 (n=788 derivations) ===
[1752.7s] epoch 59 step 46500 avg_loss=0.910
[1754.4s] epoch 59 step 46550 avg_loss=1.801
[1756.1s] epoch 59 step 46600 avg_loss=1.724
[1758.0s] epoch 59 step 46650 avg_loss=1.700
[1759.9s] epoch 59 step 46700 avg_loss=1.878
[1761.8s] epoch 59 step 46750 avg_loss=1.887
[1763.7s] epoch 59 step 46800 avg_loss=1.871
[1765.5s] epoch 59 step 46850 avg_loss=1.828
[1767.3s] epoch 59 step 46900 avg_loss=1.911
[1769.3s] epoch 59 step 46950 avg_loss=1.931
[1771.6s] epoch 59 step 47000 avg_loss=1.923
[1773.3s] epoch 59 step 47050 avg_loss=1.912
[1775.1s] epoch 59 step 47100 avg_loss=1.882
[1776.9s] epoch 59 step 47150 avg_loss=1.854
[1778.7s] epoch 59 step 47200 avg_loss=1.802
[1780.6s] epoch 59 step 47250 avg_loss=1.846
[1783.8s] eval step=1500 train_avg_loss=1.946 dev_rank1_f1=0.3340 dev_edge_p=0.2870 dev_edge_r=0.3994
[1783.8s] === epoch 59 done: avg_loss=1.946 (n=788 derivations) ===
[1784.5s] epoch 60 step 47300 avg_loss=1.377
[1786.3s] epoch 60 step 47350 avg_loss=1.387
[1788.2s] epoch 60 step 47400 avg_loss=1.311
[1790.6s] epoch 60 step 47450 avg_loss=1.720
[1792.5s] epoch 60 step 47500 avg_loss=1.652
[1794.3s] epoch 60 step 47550 avg_loss=1.875
[1796.0s] epoch 60 step 47600 avg_loss=1.791
[1797.6s] epoch 60 step 47650 avg_loss=1.761
[1799.4s] epoch 60 step 47700 avg_loss=1.758
[1801.2s] epoch 60 step 47750 avg_loss=1.802
[1802.9s] epoch 60 step 47800 avg_loss=1.726
[1804.7s] epoch 60 step 47850 avg_loss=1.713
[1806.4s] epoch 60 step 47900 avg_loss=1.676
[1808.0s] epoch 60 step 47950 avg_loss=1.722
[1810.0s] epoch 60 step 48000 avg_loss=1.805
[1811.9s] epoch 60 step 48050 avg_loss=1.818
[1812.5s] === epoch 60 done: avg_loss=1.793 (n=788 derivations) ===
[1813.7s] epoch 61 step 48100 avg_loss=2.253
[1815.4s] epoch 61 step 48150 avg_loss=1.965
[1817.4s] epoch 61 step 48200 avg_loss=1.747
[1819.3s] epoch 61 step 48250 avg_loss=1.792
[1821.1s] epoch 61 step 48300 avg_loss=1.706
[1823.0s] epoch 61 step 48350 avg_loss=1.719
[1824.8s] epoch 61 step 48400 avg_loss=1.772
[1826.4s] epoch 61 step 48450 avg_loss=1.661
[1828.0s] epoch 61 step 48500 avg_loss=1.620
[1829.9s] epoch 61 step 48550 avg_loss=1.550
[1831.7s] epoch 61 step 48600 avg_loss=1.551
[1833.6s] epoch 61 step 48650 avg_loss=1.611
[1835.6s] epoch 61 step 48700 avg_loss=1.613
[1837.7s] epoch 61 step 48750 avg_loss=1.600
[1839.6s] epoch 61 step 48800 avg_loss=1.640
[1841.7s] epoch 61 step 48850 avg_loss=1.679
[1841.9s] === epoch 61 done: avg_loss=1.672 (n=788 derivations) ===
[1843.5s] epoch 62 step 48900 avg_loss=1.492
[1845.1s] epoch 62 step 48950 avg_loss=1.421
[1847.0s] epoch 62 step 49000 avg_loss=1.606
[1849.0s] epoch 62 step 49050 avg_loss=1.787
[1850.8s] epoch 62 step 49100 avg_loss=1.922
[1852.5s] epoch 62 step 49150 avg_loss=1.737
[1854.2s] epoch 62 step 49200 avg_loss=1.632
[1855.9s] epoch 62 step 49250 avg_loss=1.684
[1857.6s] epoch 62 step 49300 avg_loss=1.679
[1859.6s] epoch 62 step 49350 avg_loss=1.796
[1861.6s] epoch 62 step 49400 avg_loss=1.839
[1863.6s] epoch 62 step 49450 avg_loss=1.769
[1865.7s] epoch 62 step 49500 avg_loss=1.755
[1867.5s] epoch 62 step 49550 avg_loss=1.778
[1869.5s] epoch 62 step 49600 avg_loss=1.733
[1871.3s] === epoch 62 done: avg_loss=1.708 (n=788 derivations) ===
[1871.5s] epoch 63 step 49650 avg_loss=0.511
[1873.6s] epoch 63 step 49700 avg_loss=1.901
[1875.4s] epoch 63 step 49750 avg_loss=1.427
[1877.4s] epoch 63 step 49800 avg_loss=1.300
[1879.5s] epoch 63 step 49850 avg_loss=1.402
[1881.5s] epoch 63 step 49900 avg_loss=1.339
[1883.4s] epoch 63 step 49950 avg_loss=1.241
[1885.5s] epoch 63 step 50000 avg_loss=1.357
[1887.7s] epoch 63 step 50050 avg_loss=1.456
[1889.7s] epoch 63 step 50100 avg_loss=1.487
[1891.3s] epoch 63 step 50150 avg_loss=1.391
[1893.2s] epoch 63 step 50200 avg_loss=1.359
[1895.1s] epoch 63 step 50250 avg_loss=1.418
[1896.9s] epoch 63 step 50300 avg_loss=1.387
[1898.9s] epoch 63 step 50350 avg_loss=1.405
[1900.6s] epoch 63 step 50400 avg_loss=1.443
[1901.6s] === epoch 63 done: avg_loss=1.449 (n=788 derivations) ===
[1902.2s] epoch 64 step 50450 avg_loss=1.975
[1904.1s] epoch 64 step 50500 avg_loss=1.878
[1906.0s] epoch 64 step 50550 avg_loss=1.816
[1907.5s] epoch 64 step 50600 avg_loss=1.593
[1909.1s] epoch 64 step 50650 avg_loss=1.524
[1910.8s] epoch 64 step 50700 avg_loss=1.485
[1912.5s] epoch 64 step 50750 avg_loss=1.393
[1914.4s] epoch 64 step 50800 avg_loss=1.406
[1916.3s] epoch 64 step 50850 avg_loss=1.378
[1917.9s] epoch 64 step 50900 avg_loss=1.334
[1919.9s] epoch 64 step 50950 avg_loss=1.352
[1921.7s] epoch 64 step 51000 avg_loss=1.341
[1923.7s] epoch 64 step 51050 avg_loss=1.329
[1925.5s] epoch 64 step 51100 avg_loss=1.295
[1927.6s] epoch 64 step 51150 avg_loss=1.294
[1929.9s] epoch 64 step 51200 avg_loss=1.345
[1930.6s] === epoch 64 done: avg_loss=1.348 (n=788 derivations) ===
[1931.8s] epoch 65 step 51250 avg_loss=1.697
[1933.8s] epoch 65 step 51300 avg_loss=1.384
[1935.8s] epoch 65 step 51350 avg_loss=1.234
[1937.7s] epoch 65 step 51400 avg_loss=1.132
[1939.8s] epoch 65 step 51450 avg_loss=1.052
[1941.7s] epoch 65 step 51500 avg_loss=1.107
[1943.3s] epoch 65 step 51550 avg_loss=1.133
[1945.1s] epoch 65 step 51600 avg_loss=1.118
[1946.9s] epoch 65 step 51650 avg_loss=1.091
[1949.0s] epoch 65 step 51700 avg_loss=1.158
[1950.8s] epoch 65 step 51750 avg_loss=1.162
[1953.0s] epoch 65 step 51800 avg_loss=1.193
[1954.6s] epoch 65 step 51850 avg_loss=1.261
[1956.5s] epoch 65 step 51900 avg_loss=1.298
[1958.4s] epoch 65 step 51950 avg_loss=1.334
[1960.3s] epoch 65 step 52000 avg_loss=1.323
[1960.5s] === epoch 65 done: avg_loss=1.335 (n=788 derivations) ===
[1962.3s] epoch 66 step 52050 avg_loss=2.238
[1963.9s] epoch 66 step 52100 avg_loss=1.499
[1965.7s] epoch 66 step 52150 avg_loss=1.526
[1967.4s] epoch 66 step 52200 avg_loss=1.426
[1969.0s] epoch 66 step 52250 avg_loss=1.346
[1970.7s] epoch 66 step 52300 avg_loss=1.363
[1972.2s] epoch 66 step 52350 avg_loss=1.353
[1974.1s] epoch 66 step 52400 avg_loss=1.411
[1975.8s] epoch 66 step 52450 avg_loss=1.331
[1977.5s] epoch 66 step 52500 avg_loss=1.323
[1979.3s] epoch 66 step 52550 avg_loss=1.270
[1981.4s] epoch 66 step 52600 avg_loss=1.269
[1983.0s] epoch 66 step 52650 avg_loss=1.222
[1985.1s] epoch 66 step 52700 avg_loss=1.293
[1986.8s] epoch 66 step 52750 avg_loss=1.248
[1988.5s] === epoch 66 done: avg_loss=1.263 (n=788 derivations) ===
[1988.7s] epoch 67 step 52800 avg_loss=0.749
[1990.5s] epoch 67 step 52850 avg_loss=0.750
[1992.5s] epoch 67 step 52900 avg_loss=1.005
[1994.4s] epoch 67 step 52950 avg_loss=1.339
[1996.2s] epoch 67 step 53000 avg_loss=1.261
[1998.1s] epoch 67 step 53050 avg_loss=1.312
[1999.8s] epoch 67 step 53100 avg_loss=1.358
[2001.7s] epoch 67 step 53150 avg_loss=1.298
[2003.5s] epoch 67 step 53200 avg_loss=1.309
[2005.4s] epoch 67 step 53250 avg_loss=1.268
[2007.1s] epoch 67 step 53300 avg_loss=1.298
[2009.1s] epoch 67 step 53350 avg_loss=1.291
[2011.3s] epoch 67 step 53400 avg_loss=1.353
[2013.3s] epoch 67 step 53450 avg_loss=1.352
[2015.1s] epoch 67 step 53500 avg_loss=1.336
[2017.1s] epoch 67 step 53550 avg_loss=1.343
[2018.3s] === epoch 67 done: avg_loss=1.326 (n=788 derivations) ===
[2019.0s] epoch 68 step 53600 avg_loss=2.185
[2020.7s] epoch 68 step 53650 avg_loss=1.133
[2022.5s] epoch 68 step 53700 avg_loss=1.280
[2024.4s] epoch 68 step 53750 avg_loss=1.246
[2026.1s] epoch 68 step 53800 avg_loss=1.299
[2027.8s] epoch 68 step 53850 avg_loss=1.334
[2029.5s] epoch 68 step 53900 avg_loss=1.248
[2031.3s] epoch 68 step 53950 avg_loss=1.278
[2033.3s] epoch 68 step 54000 avg_loss=1.219
[2035.2s] epoch 68 step 54050 avg_loss=1.298
[2037.1s] epoch 68 step 54100 avg_loss=1.308
[2038.9s] epoch 68 step 54150 avg_loss=1.263
[2040.6s] epoch 68 step 54200 avg_loss=1.211
[2042.6s] epoch 68 step 54250 avg_loss=1.185
[2044.9s] epoch 68 step 54300 avg_loss=1.180
[2046.9s] epoch 68 step 54350 avg_loss=1.189
[2048.0s] === epoch 68 done: avg_loss=1.230 (n=788 derivations) ===
[2049.0s] epoch 69 step 54400 avg_loss=0.459
[2050.7s] epoch 69 step 54450 avg_loss=0.387
[2052.7s] epoch 69 step 54500 avg_loss=0.961
[2055.0s] epoch 69 step 54550 avg_loss=1.129
[2057.1s] epoch 69 step 54600 avg_loss=1.129
[2059.3s] epoch 69 step 54650 avg_loss=1.115
[2061.1s] epoch 69 step 54700 avg_loss=1.070
[2063.0s] epoch 69 step 54750 avg_loss=1.059
[2064.9s] epoch 69 step 54800 avg_loss=1.112
[2066.8s] epoch 69 step 54850 avg_loss=1.094
[2068.5s] epoch 69 step 54900 avg_loss=1.048
[2070.4s] epoch 69 step 54950 avg_loss=1.057
[2072.3s] epoch 69 step 55000 avg_loss=1.103
[2074.2s] epoch 69 step 55050 avg_loss=1.130
[2076.0s] epoch 69 step 55100 avg_loss=1.115
[2077.8s] epoch 69 step 55150 avg_loss=1.093
[2080.0s] eval step=1750 train_avg_loss=1.087 dev_rank1_f1=0.3274 dev_edge_p=0.2775 dev_edge_r=0.3991
[2080.0s] === epoch 69 done: avg_loss=1.087 (n=788 derivations) ===
[2081.2s] epoch 70 step 55200 avg_loss=1.971
[2082.9s] epoch 70 step 55250 avg_loss=1.531
[2084.8s] epoch 70 step 55300 avg_loss=1.199
[2086.8s] epoch 70 step 55350 avg_loss=1.247
[2088.6s] epoch 70 step 55400 avg_loss=1.138
[2090.5s] epoch 70 step 55450 avg_loss=1.182
[2092.1s] epoch 70 step 55500 avg_loss=1.231
[2094.0s] epoch 70 step 55550 avg_loss=1.147
[2095.6s] epoch 70 step 55600 avg_loss=1.176
[2097.4s] epoch 70 step 55650 avg_loss=1.210
[2099.3s] epoch 70 step 55700 avg_loss=1.170
[2101.4s] epoch 70 step 55750 avg_loss=1.150
[2103.2s] epoch 70 step 55800 avg_loss=1.113
[2104.8s] epoch 70 step 55850 avg_loss=1.071
[2106.5s] epoch 70 step 55900 avg_loss=1.063
[2108.2s] === epoch 70 done: avg_loss=1.069 (n=788 derivations) ===
[2108.2s] epoch 71 step 55950 avg_loss=0.757
[2109.9s] epoch 71 step 56000 avg_loss=2.139
[2111.8s] epoch 71 step 56050 avg_loss=1.586
[2113.9s] epoch 71 step 56100 avg_loss=1.413
[2115.5s] epoch 71 step 56150 avg_loss=1.236
[2117.2s] epoch 71 step 56200 avg_loss=1.138
[2119.1s] epoch 71 step 56250 avg_loss=1.055
[2120.6s] epoch 71 step 56300 avg_loss=0.966
[2122.3s] epoch 71 step 56350 avg_loss=0.959
[2124.1s] epoch 71 step 56400 avg_loss=0.949
[2126.0s] epoch 71 step 56450 avg_loss=0.942
[2128.1s] epoch 71 step 56500 avg_loss=1.000
[2130.2s] epoch 71 step 56550 avg_loss=0.982
[2132.1s] epoch 71 step 56600 avg_loss=1.008
[2134.1s] epoch 71 step 56650 avg_loss=0.994
[2136.3s] epoch 71 step 56700 avg_loss=1.028
[2137.6s] === epoch 71 done: avg_loss=1.030 (n=788 derivations) ===
[2138.1s] epoch 72 step 56750 avg_loss=0.596
[2139.8s] epoch 72 step 56800 avg_loss=0.826
[2141.8s] epoch 72 step 56850 avg_loss=0.964
[2143.8s] epoch 72 step 56900 avg_loss=1.109
[2145.7s] epoch 72 step 56950 avg_loss=0.990
[2147.6s] epoch 72 step 57000 avg_loss=1.003
[2149.4s] epoch 72 step 57050 avg_loss=0.888
[2151.6s] epoch 72 step 57100 avg_loss=0.905
[2153.7s] epoch 72 step 57150 avg_loss=0.986
[2155.8s] epoch 72 step 57200 avg_loss=1.042
[2157.8s] epoch 72 step 57250 avg_loss=1.027
[2159.7s] epoch 72 step 57300 avg_loss=1.009
[2161.3s] epoch 72 step 57350 avg_loss=0.973
[2162.9s] epoch 72 step 57400 avg_loss=0.989
[2164.8s] epoch 72 step 57450 avg_loss=0.978
[2166.6s] epoch 72 step 57500 avg_loss=0.965
[2167.4s] === epoch 72 done: avg_loss=0.993 (n=788 derivations) ===
[2168.3s] epoch 73 step 57550 avg_loss=0.701
[2170.0s] epoch 73 step 57600 avg_loss=0.748
[2171.7s] epoch 73 step 57650 avg_loss=0.662
[2173.6s] epoch 73 step 57700 avg_loss=0.745
[2175.4s] epoch 73 step 57750 avg_loss=0.684
[2177.3s] epoch 73 step 57800 avg_loss=0.716
[2178.9s] epoch 73 step 57850 avg_loss=0.750
[2180.7s] epoch 73 step 57900 avg_loss=0.794
[2182.7s] epoch 73 step 57950 avg_loss=0.800
[2184.5s] epoch 73 step 58000 avg_loss=0.789
[2186.6s] epoch 73 step 58050 avg_loss=0.806
[2188.5s] epoch 73 step 58100 avg_loss=0.860
[2190.1s] epoch 73 step 58150 avg_loss=0.857
[2191.9s] epoch 73 step 58200 avg_loss=0.851
[2193.8s] epoch 73 step 58250 avg_loss=0.882
[2195.8s] epoch 73 step 58300 avg_loss=0.870
[2196.1s] === epoch 73 done: avg_loss=0.861 (n=788 derivations) ===
[2197.2s] epoch 74 step 58350 avg_loss=0.717
[2199.0s] epoch 74 step 58400 avg_loss=1.022
[2200.8s] epoch 74 step 58450 avg_loss=1.049
[2202.9s] epoch 74 step 58500 avg_loss=1.040
[2204.6s] epoch 74 step 58550 avg_loss=0.910
[2206.3s] epoch 74 step 58600 avg_loss=0.816
[2208.0s] epoch 74 step 58650 avg_loss=0.826
[2209.8s] epoch 74 step 58700 avg_loss=0.902
[2211.6s] epoch 74 step 58750 avg_loss=0.890
[2213.6s] epoch 74 step 58800 avg_loss=0.920
[2215.8s] epoch 74 step 58850 avg_loss=0.926
[2217.7s] epoch 74 step 58900 avg_loss=0.892
[2219.5s] epoch 74 step 58950 avg_loss=0.919
[2221.2s] epoch 74 step 59000 avg_loss=0.902
[2222.7s] epoch 74 step 59050 avg_loss=0.893
[2224.4s] epoch 74 step 59100 avg_loss=0.902
[2224.4s] === epoch 74 done: avg_loss=0.902 (n=788 derivations) ===
[2226.3s] epoch 75 step 59150 avg_loss=1.320
[2228.1s] epoch 75 step 59200 avg_loss=0.944
[2229.9s] epoch 75 step 59250 avg_loss=0.872
[2231.9s] epoch 75 step 59300 avg_loss=0.851
[2233.9s] epoch 75 step 59350 avg_loss=0.855
[2235.8s] epoch 75 step 59400 avg_loss=0.849
[2237.8s] epoch 75 step 59450 avg_loss=0.809
[2239.8s] epoch 75 step 59500 avg_loss=0.803
[2241.5s] epoch 75 step 59550 avg_loss=0.797
[2243.0s] epoch 75 step 59600 avg_loss=0.764
[2244.9s] epoch 75 step 59650 avg_loss=0.809
[2246.4s] epoch 75 step 59700 avg_loss=0.822
[2248.1s] epoch 75 step 59750 avg_loss=0.795
[2249.9s] epoch 75 step 59800 avg_loss=0.816
[2251.8s] epoch 75 step 59850 avg_loss=0.799
[2253.2s] === epoch 75 done: avg_loss=0.805 (n=788 derivations) ===
[2253.6s] epoch 76 step 59900 avg_loss=0.373
[2255.3s] epoch 76 step 59950 avg_loss=0.314
[2257.4s] epoch 76 step 60000 avg_loss=0.579
[2259.3s] epoch 76 step 60050 avg_loss=0.539
[2261.4s] epoch 76 step 60100 avg_loss=0.624
[2263.1s] epoch 76 step 60150 avg_loss=0.728
[2265.2s] epoch 76 step 60200 avg_loss=0.724
[2267.3s] epoch 76 step 60250 avg_loss=0.796
[2269.0s] epoch 76 step 60300 avg_loss=0.797
[2271.0s] epoch 76 step 60350 avg_loss=0.843
[2272.9s] epoch 76 step 60400 avg_loss=0.863
[2274.5s] epoch 76 step 60450 avg_loss=0.838
[2276.3s] epoch 76 step 60500 avg_loss=0.809
[2278.0s] epoch 76 step 60550 avg_loss=0.781
[2279.8s] epoch 76 step 60600 avg_loss=0.788
[2281.7s] epoch 76 step 60650 avg_loss=0.774
[2282.6s] === epoch 76 done: avg_loss=0.767 (n=788 derivations) ===
[2283.3s] epoch 77 step 60700 avg_loss=0.271
[2285.3s] epoch 77 step 60750 avg_loss=0.459
[2287.3s] epoch 77 step 60800 avg_loss=0.543
[2289.5s] epoch 77 step 60850 avg_loss=0.562
[2291.2s] epoch 77 step 60900 avg_loss=0.538
[2293.2s] epoch 77 step 60950 avg_loss=0.624
[2294.9s] epoch 77 step 61000 avg_loss=0.670
[2296.7s] epoch 77 step 61050 avg_loss=0.672
[2298.3s] epoch 77 step 61100 avg_loss=0.647
[2300.2s] epoch 77 step 61150 avg_loss=0.697
[2301.7s] epoch 77 step 61200 avg_loss=0.659
[2303.5s] epoch 77 step 61250 avg_loss=0.637
[2305.3s] epoch 77 step 61300 avg_loss=0.642
[2307.3s] epoch 77 step 61350 avg_loss=0.663
[2309.2s] epoch 77 step 61400 avg_loss=0.738
[2311.2s] epoch 77 step 61450 avg_loss=0.723
[2311.8s] === epoch 77 done: avg_loss=0.728 (n=788 derivations) ===
[2313.3s] epoch 78 step 61500 avg_loss=0.438
[2315.2s] epoch 78 step 61550 avg_loss=0.505
[2317.2s] epoch 78 step 61600 avg_loss=0.697
[2319.1s] epoch 78 step 61650 avg_loss=0.949
[2321.0s] epoch 78 step 61700 avg_loss=0.912
[2322.8s] epoch 78 step 61750 avg_loss=0.848
[2324.8s] epoch 78 step 61800 avg_loss=0.813
[2326.8s] epoch 78 step 61850 avg_loss=0.833
[2328.6s] epoch 78 step 61900 avg_loss=0.819
[2330.4s] epoch 78 step 61950 avg_loss=0.782
[2332.1s] epoch 78 step 62000 avg_loss=0.784
[2333.8s] epoch 78 step 62050 avg_loss=0.749
[2335.5s] epoch 78 step 62100 avg_loss=0.734
[2337.3s] epoch 78 step 62150 avg_loss=0.713
[2338.9s] epoch 78 step 62200 avg_loss=0.692
[2341.1s] epoch 78 step 62250 avg_loss=0.733
[2341.2s] === epoch 78 done: avg_loss=0.734 (n=788 derivations) ===
[2342.9s] epoch 79 step 62300 avg_loss=0.548
[2344.5s] epoch 79 step 62350 avg_loss=0.519
[2346.5s] epoch 79 step 62400 avg_loss=0.537
[2348.3s] epoch 79 step 62450 avg_loss=0.600
[2350.4s] epoch 79 step 62500 avg_loss=0.678
[2352.6s] epoch 79 step 62550 avg_loss=0.804
[2355.0s] epoch 79 step 62600 avg_loss=0.815
[2357.2s] epoch 79 step 62650 avg_loss=0.768
[2359.7s] epoch 79 step 62700 avg_loss=0.743
[2361.7s] epoch 79 step 62750 avg_loss=0.725
[2363.8s] epoch 79 step 62800 avg_loss=0.723
[2366.0s] epoch 79 step 62850 avg_loss=0.709
[2368.0s] epoch 79 step 62900 avg_loss=0.722
[2370.2s] epoch 79 step 62950 avg_loss=0.777
[2372.3s] epoch 79 step 63000 avg_loss=0.754
[2375.7s] eval step=2000 train_avg_loss=0.754 dev_rank1_f1=0.3246 dev_edge_p=0.2747 dev_edge_r=0.3966
[2375.7s] === epoch 79 done: avg_loss=0.754 (n=788 derivations) ===
[2376.1s] epoch 80 step 63050 avg_loss=0.512
[2378.0s] epoch 80 step 63100 avg_loss=0.604
[2380.1s] epoch 80 step 63150 avg_loss=0.612
[2382.0s] epoch 80 step 63200 avg_loss=0.660
[2384.1s] epoch 80 step 63250 avg_loss=0.767
[2386.1s] epoch 80 step 63300 avg_loss=0.807
[2388.2s] epoch 80 step 63350 avg_loss=0.737
[2390.0s] epoch 80 step 63400 avg_loss=0.700
[2392.0s] epoch 80 step 63450 avg_loss=0.693
[2393.9s] epoch 80 step 63500 avg_loss=0.769
[2396.2s] epoch 80 step 63550 avg_loss=0.757
[2398.2s] epoch 80 step 63600 avg_loss=0.763
[2400.0s] epoch 80 step 63650 avg_loss=0.726
[2402.0s] epoch 80 step 63700 avg_loss=0.709
[2404.2s] epoch 80 step 63750 avg_loss=0.695
[2406.2s] epoch 80 step 63800 avg_loss=0.694
[2407.4s] === epoch 80 done: avg_loss=0.707 (n=788 derivations) ===
[2408.2s] epoch 81 step 63850 avg_loss=0.261
[2410.4s] epoch 81 step 63900 avg_loss=0.338
[2412.4s] epoch 81 step 63950 avg_loss=0.520
[2414.4s] epoch 81 step 64000 avg_loss=0.606
[2416.4s] epoch 81 step 64050 avg_loss=0.599
[2418.6s] epoch 81 step 64100 avg_loss=0.540
[2421.0s] epoch 81 step 64150 avg_loss=0.550
[2423.0s] epoch 81 step 64200 avg_loss=0.617
[2425.0s] epoch 81 step 64250 avg_loss=0.621
[2427.0s] epoch 81 step 64300 avg_loss=0.630
[2428.8s] epoch 81 step 64350 avg_loss=0.601
[2431.1s] epoch 81 step 64400 avg_loss=0.620
[2432.9s] epoch 81 step 64450 avg_loss=0.614
[2434.9s] epoch 81 step 64500 avg_loss=0.669
[2437.2s] epoch 81 step 64550 avg_loss=0.662
[2439.2s] epoch 81 step 64600 avg_loss=0.649
[2439.8s] === epoch 81 done: avg_loss=0.653 (n=788 derivations) ===
[2441.3s] epoch 82 step 64650 avg_loss=0.423
[2443.6s] epoch 82 step 64700 avg_loss=0.537
[2445.6s] epoch 82 step 64750 avg_loss=0.472
[2448.1s] epoch 82 step 64800 avg_loss=0.537
[2449.9s] epoch 82 step 64850 avg_loss=0.485
[2452.1s] epoch 82 step 64900 avg_loss=0.563
[2454.1s] epoch 82 step 64950 avg_loss=0.594
[2456.0s] epoch 82 step 65000 avg_loss=0.631
[2458.2s] epoch 82 step 65050 avg_loss=0.685
[2460.1s] epoch 82 step 65100 avg_loss=0.660
[2462.3s] epoch 82 step 65150 avg_loss=0.676
[2464.4s] epoch 82 step 65200 avg_loss=0.656
[2466.4s] epoch 82 step 65250 avg_loss=0.636
[2468.6s] epoch 82 step 65300 avg_loss=0.612
[2470.7s] epoch 82 step 65350 avg_loss=0.618
[2472.5s] epoch 82 step 65400 avg_loss=0.609
[2472.6s] === epoch 82 done: avg_loss=0.607 (n=788 derivations) ===
[2474.6s] epoch 83 step 65450 avg_loss=0.907
[2476.8s] epoch 83 step 65500 avg_loss=0.737
[2479.0s] epoch 83 step 65550 avg_loss=0.801
[2481.2s] epoch 83 step 65600 avg_loss=0.723
[2483.2s] epoch 83 step 65650 avg_loss=0.666
[2485.0s] epoch 83 step 65700 avg_loss=0.636
[2486.9s] epoch 83 step 65750 avg_loss=0.618
[2489.0s] epoch 83 step 65800 avg_loss=0.589
[2491.3s] epoch 83 step 65850 avg_loss=0.677
[2493.2s] epoch 83 step 65900 avg_loss=0.642
[2495.4s] epoch 83 step 65950 avg_loss=0.619
[2497.4s] epoch 83 step 66000 avg_loss=0.620
[2499.3s] epoch 83 step 66050 avg_loss=0.600
[2501.3s] epoch 83 step 66100 avg_loss=0.585
[2503.5s] epoch 83 step 66150 avg_loss=0.569
[2505.1s] === epoch 83 done: avg_loss=0.576 (n=788 derivations) ===
[2505.4s] epoch 84 step 66200 avg_loss=0.771
[2507.2s] epoch 84 step 66250 avg_loss=0.349
[2509.3s] epoch 84 step 66300 avg_loss=0.543
[2511.5s] epoch 84 step 66350 avg_loss=0.694
[2513.5s] epoch 84 step 66400 avg_loss=0.599
[2515.7s] epoch 84 step 66450 avg_loss=0.587
[2517.5s] epoch 84 step 66500 avg_loss=0.619
[2519.8s] epoch 84 step 66550 avg_loss=0.623
[2521.9s] epoch 84 step 66600 avg_loss=0.650
[2523.7s] epoch 84 step 66650 avg_loss=0.619
[2525.6s] epoch 84 step 66700 avg_loss=0.578
[2527.5s] epoch 84 step 66750 avg_loss=0.565
[2530.0s] epoch 84 step 66800 avg_loss=0.569
[2532.0s] epoch 84 step 66850 avg_loss=0.548
[2534.2s] epoch 84 step 66900 avg_loss=0.556
[2536.3s] epoch 84 step 66950 avg_loss=0.536
[2537.4s] === epoch 84 done: avg_loss=0.550 (n=788 derivations) ===
[2538.2s] epoch 85 step 67000 avg_loss=0.292
[2540.3s] epoch 85 step 67050 avg_loss=0.433
[2542.5s] epoch 85 step 67100 avg_loss=0.385
[2544.3s] epoch 85 step 67150 avg_loss=0.381
[2546.3s] epoch 85 step 67200 avg_loss=0.407
[2548.6s] epoch 85 step 67250 avg_loss=0.428
[2551.0s] epoch 85 step 67300 avg_loss=0.480
[2553.0s] epoch 85 step 67350 avg_loss=0.466
[2555.0s] epoch 85 step 67400 avg_loss=0.440
[2557.0s] epoch 85 step 67450 avg_loss=0.450
[2559.3s] epoch 85 step 67500 avg_loss=0.441
[2561.6s] epoch 85 step 67550 avg_loss=0.464
[2564.4s] epoch 85 step 67600 avg_loss=0.500
[2566.8s] epoch 85 step 67650 avg_loss=0.500
[2568.8s] epoch 85 step 67700 avg_loss=0.487
[2570.9s] epoch 85 step 67750 avg_loss=0.514
[2571.7s] === epoch 85 done: avg_loss=0.506 (n=788 derivations) ===
[2573.3s] epoch 86 step 67800 avg_loss=0.511
[2575.5s] epoch 86 step 67850 avg_loss=0.478
[2577.5s] epoch 86 step 67900 avg_loss=0.389
[2579.5s] epoch 86 step 67950 avg_loss=0.421
[2581.4s] epoch 86 step 68000 avg_loss=0.577
[2583.4s] epoch 86 step 68050 avg_loss=0.575
[2585.0s] epoch 86 step 68100 avg_loss=0.530
[2587.1s] epoch 86 step 68150 avg_loss=0.508
[2589.1s] epoch 86 step 68200 avg_loss=0.516
[2591.0s] epoch 86 step 68250 avg_loss=0.486
[2593.3s] epoch 86 step 68300 avg_loss=0.515
[2595.8s] epoch 86 step 68350 avg_loss=0.552
[2597.9s] epoch 86 step 68400 avg_loss=0.552
[2600.1s] epoch 86 step 68450 avg_loss=0.562
[2601.8s] epoch 86 step 68500 avg_loss=0.542
[2603.8s] epoch 86 step 68550 avg_loss=0.542
[2604.1s] === epoch 86 done: avg_loss=0.544 (n=788 derivations) ===
[2606.0s] epoch 87 step 68600 avg_loss=0.340
[2608.4s] epoch 87 step 68650 avg_loss=0.601
[2610.6s] epoch 87 step 68700 avg_loss=0.607
[2612.7s] epoch 87 step 68750 avg_loss=0.550
[2614.7s] epoch 87 step 68800 avg_loss=0.561
[2616.8s] epoch 87 step 68850 avg_loss=0.578
[2618.7s] epoch 87 step 68900 avg_loss=0.546
[2621.0s] epoch 87 step 68950 avg_loss=0.557
[2622.7s] epoch 87 step 69000 avg_loss=0.538
[2624.6s] epoch 87 step 69050 avg_loss=0.554
[2626.3s] epoch 87 step 69100 avg_loss=0.544
[2628.5s] epoch 87 step 69150 avg_loss=0.559
[2630.3s] epoch 87 step 69200 avg_loss=0.540
[2632.4s] epoch 87 step 69250 avg_loss=0.542
[2634.4s] epoch 87 step 69300 avg_loss=0.527
[2636.1s] === epoch 87 done: avg_loss=0.525 (n=788 derivations) ===
[2636.3s] epoch 88 step 69350 avg_loss=0.133
[2638.5s] epoch 88 step 69400 avg_loss=0.666
[2640.7s] epoch 88 step 69450 avg_loss=0.513
[2642.8s] epoch 88 step 69500 avg_loss=0.503
[2645.1s] epoch 88 step 69550 avg_loss=0.492
[2647.2s] epoch 88 step 69600 avg_loss=0.513
[2649.2s] epoch 88 step 69650 avg_loss=0.492
[2651.2s] epoch 88 step 69700 avg_loss=0.554
[2653.1s] epoch 88 step 69750 avg_loss=0.540
[2654.9s] epoch 88 step 69800 avg_loss=0.529
[2657.1s] epoch 88 step 69850 avg_loss=0.535
[2659.3s] epoch 88 step 69900 avg_loss=0.564
[2661.5s] epoch 88 step 69950 avg_loss=0.568
[2663.6s] epoch 88 step 70000 avg_loss=0.560
[2665.5s] epoch 88 step 70050 avg_loss=0.538
[2667.6s] epoch 88 step 70100 avg_loss=0.522
[2668.9s] === epoch 88 done: avg_loss=0.517 (n=788 derivations) ===
[2669.7s] epoch 89 step 70150 avg_loss=0.425
[2671.7s] epoch 89 step 70200 avg_loss=0.551
[2673.8s] epoch 89 step 70250 avg_loss=0.653
[2675.8s] epoch 89 step 70300 avg_loss=0.568
[2678.1s] epoch 89 step 70350 avg_loss=0.548
[2680.3s] epoch 89 step 70400 avg_loss=0.603
[2682.2s] epoch 89 step 70450 avg_loss=0.548
[2684.2s] epoch 89 step 70500 avg_loss=0.507
[2686.3s] epoch 89 step 70550 avg_loss=0.481
[2688.5s] epoch 89 step 70600 avg_loss=0.469
[2691.0s] epoch 89 step 70650 avg_loss=0.474
[2693.2s] epoch 89 step 70700 avg_loss=0.487
[2695.5s] epoch 89 step 70750 avg_loss=0.498
[2697.4s] epoch 89 step 70800 avg_loss=0.487
[2699.2s] epoch 89 step 70850 avg_loss=0.472
[2701.6s] epoch 89 step 70900 avg_loss=0.458
[2704.4s] eval step=2250 train_avg_loss=0.457 dev_rank1_f1=0.3082 dev_edge_p=0.2630 dev_edge_r=0.3721
[2704.4s] === epoch 89 done: avg_loss=0.457 (n=788 derivations) ===
[2705.6s] epoch 90 step 70950 avg_loss=0.467
[2707.7s] epoch 90 step 71000 avg_loss=0.667
[2709.5s] epoch 90 step 71050 avg_loss=0.500
[2711.6s] epoch 90 step 71100 avg_loss=0.484
[2713.8s] epoch 90 step 71150 avg_loss=0.496
[2715.8s] epoch 90 step 71200 avg_loss=0.454
[2717.9s] epoch 90 step 71250 avg_loss=0.422
[2719.9s] epoch 90 step 71300 avg_loss=0.430
[2721.9s] epoch 90 step 71350 avg_loss=0.425
[2724.0s] epoch 90 step 71400 avg_loss=0.418
[2726.0s] epoch 90 step 71450 avg_loss=0.425
[2728.2s] epoch 90 step 71500 avg_loss=0.442
[2730.2s] epoch 90 step 71550 avg_loss=0.450
[2732.3s] epoch 90 step 71600 avg_loss=0.445
[2734.1s] epoch 90 step 71650 avg_loss=0.433
[2736.4s] epoch 90 step 71700 avg_loss=0.423
[2736.7s] === epoch 90 done: avg_loss=0.420 (n=788 derivations) ===
[2738.5s] epoch 91 step 71750 avg_loss=0.526
[2740.4s] epoch 91 step 71800 avg_loss=0.345
[2742.6s] epoch 91 step 71850 avg_loss=0.365
[2744.8s] epoch 91 step 71900 avg_loss=0.350
[2747.0s] epoch 91 step 71950 avg_loss=0.336
[2748.9s] epoch 91 step 72000 avg_loss=0.305
[2751.2s] epoch 91 step 72050 avg_loss=0.480
[2753.2s] epoch 91 step 72100 avg_loss=0.453
[2755.1s] epoch 91 step 72150 avg_loss=0.457
[2756.8s] epoch 91 step 72200 avg_loss=0.459
[2758.6s] epoch 91 step 72250 avg_loss=0.451
[2760.3s] epoch 91 step 72300 avg_loss=0.436
[2762.2s] epoch 91 step 72350 avg_loss=0.463
[2763.9s] epoch 91 step 72400 avg_loss=0.458
[2765.6s] epoch 91 step 72450 avg_loss=0.457
[2767.1s] === epoch 91 done: avg_loss=0.466 (n=788 derivations) ===
[2767.3s] epoch 92 step 72500 avg_loss=0.145
[2769.1s] epoch 92 step 72550 avg_loss=0.281
[2771.0s] epoch 92 step 72600 avg_loss=0.339
[2773.0s] epoch 92 step 72650 avg_loss=0.380
[2774.8s] epoch 92 step 72700 avg_loss=0.355
[2776.6s] epoch 92 step 72750 avg_loss=0.414
[2778.6s] epoch 92 step 72800 avg_loss=0.472
[2780.5s] epoch 92 step 72850 avg_loss=0.452
[2782.5s] epoch 92 step 72900 avg_loss=0.461
[2784.3s] epoch 92 step 72950 avg_loss=0.435
[2786.2s] epoch 92 step 73000 avg_loss=0.434
[2788.3s] epoch 92 step 73050 avg_loss=0.425
[2790.4s] epoch 92 step 73100 avg_loss=0.410
[2792.7s] epoch 92 step 73150 avg_loss=0.434
[2794.4s] epoch 92 step 73200 avg_loss=0.418
[2796.5s] epoch 92 step 73250 avg_loss=0.429
[2797.9s] === epoch 92 done: avg_loss=0.442 (n=788 derivations) ===
[2798.7s] epoch 93 step 73300 avg_loss=1.386
[2800.6s] epoch 93 step 73350 avg_loss=0.618
[2802.6s] epoch 93 step 73400 avg_loss=0.433
[2804.6s] epoch 93 step 73450 avg_loss=0.481
[2806.8s] epoch 93 step 73500 avg_loss=0.445
[2808.8s] epoch 93 step 73550 avg_loss=0.419
[2810.8s] epoch 93 step 73600 avg_loss=0.388
[2812.7s] epoch 93 step 73650 avg_loss=0.367
[2814.6s] epoch 93 step 73700 avg_loss=0.349
[2816.8s] epoch 93 step 73750 avg_loss=0.340
[2819.2s] epoch 93 step 73800 avg_loss=0.395
[2821.2s] epoch 93 step 73850 avg_loss=0.375
[2822.9s] epoch 93 step 73900 avg_loss=0.380
[2825.0s] epoch 93 step 73950 avg_loss=0.397
[2826.9s] epoch 93 step 74000 avg_loss=0.389
[2829.1s] epoch 93 step 74050 avg_loss=0.389
[2829.9s] === epoch 93 done: avg_loss=0.384 (n=788 derivations) ===
[2831.1s] epoch 94 step 74100 avg_loss=0.326
[2833.0s] epoch 94 step 74150 avg_loss=0.254
[2835.0s] epoch 94 step 74200 avg_loss=0.292
[2836.9s] epoch 94 step 74250 avg_loss=0.306
[2839.1s] epoch 94 step 74300 avg_loss=0.352
[2841.1s] epoch 94 step 74350 avg_loss=0.375
[2843.2s] epoch 94 step 74400 avg_loss=0.354
[2845.3s] epoch 94 step 74450 avg_loss=0.380
[2847.3s] epoch 94 step 74500 avg_loss=0.364
[2849.0s] epoch 94 step 74550 avg_loss=0.340
[2850.8s] epoch 94 step 74600 avg_loss=0.320
[2852.5s] epoch 94 step 74650 avg_loss=0.340
[2854.7s] epoch 94 step 74700 avg_loss=0.350
[2856.5s] epoch 94 step 74750 avg_loss=0.341
[2858.3s] epoch 94 step 74800 avg_loss=0.337
[2860.2s] epoch 94 step 74850 avg_loss=0.341
[2860.6s] === epoch 94 done: avg_loss=0.338 (n=788 derivations) ===
[2862.3s] epoch 95 step 74900 avg_loss=0.384
[2863.9s] epoch 95 step 74950 avg_loss=0.337
[2865.6s] epoch 95 step 75000 avg_loss=0.302
[2867.8s] epoch 95 step 75050 avg_loss=0.336
[2869.7s] epoch 95 step 75100 avg_loss=0.307
[2871.3s] epoch 95 step 75150 avg_loss=0.284
[2873.0s] epoch 95 step 75200 avg_loss=0.319
[2874.9s] epoch 95 step 75250 avg_loss=0.351
[2876.9s] epoch 95 step 75300 avg_loss=0.365
[2878.8s] epoch 95 step 75350 avg_loss=0.352
[2880.8s] epoch 95 step 75400 avg_loss=0.343
[2882.9s] epoch 95 step 75450 avg_loss=0.332
[2884.8s] epoch 95 step 75500 avg_loss=0.338
[2887.1s] epoch 95 step 75550 avg_loss=0.346
[2889.2s] epoch 95 step 75600 avg_loss=0.341
[2890.9s] === epoch 95 done: avg_loss=0.344 (n=788 derivations) ===
[2891.0s] epoch 96 step 75650 avg_loss=0.060
[2893.0s] epoch 96 step 75700 avg_loss=0.715
[2894.8s] epoch 96 step 75750 avg_loss=0.442
[2897.0s] epoch 96 step 75800 avg_loss=0.394
[2898.9s] epoch 96 step 75850 avg_loss=0.321
[2900.7s] epoch 96 step 75900 avg_loss=0.319
[2902.6s] epoch 96 step 75950 avg_loss=0.304
[2904.3s] epoch 96 step 76000 avg_loss=0.299
[2906.2s] epoch 96 step 76050 avg_loss=0.301
[2908.1s] epoch 96 step 76100 avg_loss=0.302
[2909.9s] epoch 96 step 76150 avg_loss=0.287
[2911.7s] epoch 96 step 76200 avg_loss=0.282
[2913.4s] epoch 96 step 76250 avg_loss=0.285
[2915.1s] epoch 96 step 76300 avg_loss=0.292
[2916.8s] epoch 96 step 76350 avg_loss=0.285
[2918.6s] epoch 96 step 76400 avg_loss=0.301
[2920.2s] === epoch 96 done: avg_loss=0.314 (n=788 derivations) ===
[2920.6s] epoch 97 step 76450 avg_loss=0.094
[2922.4s] epoch 97 step 76500 avg_loss=0.249
[2924.2s] epoch 97 step 76550 avg_loss=0.303
[2926.1s] epoch 97 step 76600 avg_loss=0.372
[2927.7s] epoch 97 step 76650 avg_loss=0.310
[2929.7s] epoch 97 step 76700 avg_loss=0.351
[2931.7s] epoch 97 step 76750 avg_loss=0.349
[2933.5s] epoch 97 step 76800 avg_loss=0.338
[2935.3s] epoch 97 step 76850 avg_loss=0.312
[2937.4s] epoch 97 step 76900 avg_loss=0.314
[2939.1s] epoch 97 step 76950 avg_loss=0.306
[2941.0s] epoch 97 step 77000 avg_loss=0.303
[2942.7s] epoch 97 step 77050 avg_loss=0.289
[2944.2s] epoch 97 step 77100 avg_loss=0.282
[2946.1s] epoch 97 step 77150 avg_loss=0.279
[2948.4s] epoch 97 step 77200 avg_loss=0.276
[2949.5s] === epoch 97 done: avg_loss=0.275 (n=788 derivations) ===
[2950.5s] epoch 98 step 77250 avg_loss=0.188
[2952.2s] epoch 98 step 77300 avg_loss=0.195
[2954.0s] epoch 98 step 77350 avg_loss=0.190
[2955.9s] epoch 98 step 77400 avg_loss=0.190
[2957.8s] epoch 98 step 77450 avg_loss=0.214
[2959.5s] epoch 98 step 77500 avg_loss=0.216
[2961.6s] epoch 98 step 77550 avg_loss=0.289
[2963.4s] epoch 98 step 77600 avg_loss=0.285
[2965.2s] epoch 98 step 77650 avg_loss=0.267
[2967.3s] epoch 98 step 77700 avg_loss=0.263
[2969.3s] epoch 98 step 77750 avg_loss=0.285
[2971.3s] epoch 98 step 77800 avg_loss=0.273
[2973.2s] epoch 98 step 77850 avg_loss=0.264
[2974.9s] epoch 98 step 77900 avg_loss=0.254
[2976.6s] epoch 98 step 77950 avg_loss=0.247
[2978.5s] epoch 98 step 78000 avg_loss=0.260
[2979.1s] === epoch 98 done: avg_loss=0.260 (n=788 derivations) ===
[2980.6s] epoch 99 step 78050 avg_loss=0.158
[2983.2s] epoch 99 step 78100 avg_loss=0.277
[2985.3s] epoch 99 step 78150 avg_loss=0.362
[2987.3s] epoch 99 step 78200 avg_loss=0.335
[2989.5s] epoch 99 step 78250 avg_loss=0.308
[2991.6s] epoch 99 step 78300 avg_loss=0.287
[2993.4s] epoch 99 step 78350 avg_loss=0.263
[2995.2s] epoch 99 step 78400 avg_loss=0.247
[2997.4s] epoch 99 step 78450 avg_loss=0.264
[2999.1s] epoch 99 step 78500 avg_loss=0.254
[3000.9s] epoch 99 step 78550 avg_loss=0.244
[3003.0s] epoch 99 step 78600 avg_loss=0.251
[3004.9s] epoch 99 step 78650 avg_loss=0.263
[3006.4s] epoch 99 step 78700 avg_loss=0.260
[3008.0s] epoch 99 step 78750 avg_loss=0.253
[3009.9s] epoch 99 step 78800 avg_loss=0.260
[3011.6s] eval step=2500 train_avg_loss=0.260 dev_rank1_f1=0.3162 dev_edge_p=0.2669 dev_edge_r=0.3878
[3011.6s] === epoch 99 done: avg_loss=0.260 (n=788 derivations) ===
[3013.4s] epoch 100 step 78850 avg_loss=0.190
[3015.1s] epoch 100 step 78900 avg_loss=0.264
[3017.0s] epoch 100 step 78950 avg_loss=0.229
[3018.6s] epoch 100 step 79000 avg_loss=0.212
[3020.9s] epoch 100 step 79050 avg_loss=0.282
[3023.0s] epoch 100 step 79100 avg_loss=0.317
[3024.7s] epoch 100 step 79150 avg_loss=0.290
[3026.4s] epoch 100 step 79200 avg_loss=0.297
[3028.3s] epoch 100 step 79250 avg_loss=0.289
[3030.0s] epoch 100 step 79300 avg_loss=0.281
[3031.8s] epoch 100 step 79350 avg_loss=0.314
[3033.4s] epoch 100 step 79400 avg_loss=0.305
[3035.2s] epoch 100 step 79450 avg_loss=0.310
[3037.3s] epoch 100 step 79500 avg_loss=0.309
[3039.1s] epoch 100 step 79550 avg_loss=0.306
[3040.7s] === epoch 100 done: avg_loss=0.302 (n=788 derivations) ===
[3041.3s] epoch 101 step 79600 avg_loss=0.212
[3043.0s] epoch 101 step 79650 avg_loss=0.292
[3045.1s] epoch 101 step 79700 avg_loss=0.222
[3046.9s] epoch 101 step 79750 avg_loss=0.343
[3048.9s] epoch 101 step 79800 avg_loss=0.307
[3050.9s] epoch 101 step 79850 avg_loss=0.348
[3053.0s] epoch 101 step 79900 avg_loss=0.359
[3054.8s] epoch 101 step 79950 avg_loss=0.344
[3056.4s] epoch 101 step 80000 avg_loss=0.314
[3058.3s] epoch 101 step 80050 avg_loss=0.320
[3060.4s] epoch 101 step 80100 avg_loss=0.335
[3062.2s] epoch 101 step 80150 avg_loss=0.347
[3063.9s] epoch 101 step 80200 avg_loss=0.329
[3065.7s] epoch 101 step 80250 avg_loss=0.335
[3067.5s] epoch 101 step 80300 avg_loss=0.323
[3069.4s] epoch 101 step 80350 avg_loss=0.311
[3070.3s] === epoch 101 done: avg_loss=0.307 (n=788 derivations) ===
[3071.2s] epoch 102 step 80400 avg_loss=0.373
[3073.2s] epoch 102 step 80450 avg_loss=0.298
[3074.8s] epoch 102 step 80500 avg_loss=0.205
[3076.7s] epoch 102 step 80550 avg_loss=0.248
[3078.7s] epoch 102 step 80600 avg_loss=0.271
[3080.7s] epoch 102 step 80650 avg_loss=0.244
[3082.6s] epoch 102 step 80700 avg_loss=0.247
[3084.5s] epoch 102 step 80750 avg_loss=0.240
[3086.5s] epoch 102 step 80800 avg_loss=0.238
[3088.2s] epoch 102 step 80850 avg_loss=0.228
[3090.2s] epoch 102 step 80900 avg_loss=0.227
[3092.1s] epoch 102 step 80950 avg_loss=0.226
[3094.2s] epoch 102 step 81000 avg_loss=0.245
[3095.8s] epoch 102 step 81050 avg_loss=0.234
[3097.6s] epoch 102 step 81100 avg_loss=0.226
[3099.4s] epoch 102 step 81150 avg_loss=0.220
[3100.0s] === epoch 102 done: avg_loss=0.221 (n=788 derivations) ===
[3101.4s] epoch 103 step 81200 avg_loss=0.193
[3103.3s] epoch 103 step 81250 avg_loss=0.287
[3105.2s] epoch 103 step 81300 avg_loss=0.266
[3106.8s] epoch 103 step 81350 avg_loss=0.227
[3108.6s] epoch 103 step 81400 avg_loss=0.219
[3110.2s] epoch 103 step 81450 avg_loss=0.207
[3112.1s] epoch 103 step 81500 avg_loss=0.191
[3113.8s] epoch 103 step 81550 avg_loss=0.187
[3115.8s] epoch 103 step 81600 avg_loss=0.203
[3117.6s] epoch 103 step 81650 avg_loss=0.199
[3119.7s] epoch 103 step 81700 avg_loss=0.196
[3121.7s] epoch 103 step 81750 avg_loss=0.209
[3123.6s] epoch 103 step 81800 avg_loss=0.202
[3125.7s] epoch 103 step 81850 avg_loss=0.197
[3127.4s] epoch 103 step 81900 avg_loss=0.192
[3129.3s] epoch 103 step 81950 avg_loss=0.193
[3129.4s] === epoch 103 done: avg_loss=0.194 (n=788 derivations) ===
[3131.3s] epoch 104 step 82000 avg_loss=0.326
[3133.0s] epoch 104 step 82050 avg_loss=0.230
[3134.8s] epoch 104 step 82100 avg_loss=0.215
[3136.7s] epoch 104 step 82150 avg_loss=0.195
[3138.4s] epoch 104 step 82200 avg_loss=0.172
[3140.3s] epoch 104 step 82250 avg_loss=0.170
[3142.2s] epoch 104 step 82300 avg_loss=0.167
[3144.2s] epoch 104 step 82350 avg_loss=0.160
[3146.1s] epoch 104 step 82400 avg_loss=0.159
[3147.8s] epoch 104 step 82450 avg_loss=0.154
[3149.8s] epoch 104 step 82500 avg_loss=0.168
[3151.6s] epoch 104 step 82550 avg_loss=0.170
[3153.6s] epoch 104 step 82600 avg_loss=0.182
[3155.6s] epoch 104 step 82650 avg_loss=0.178
[3157.3s] epoch 104 step 82700 avg_loss=0.182
[3158.8s] === epoch 104 done: avg_loss=0.179 (n=788 derivations) ===
[3159.1s] epoch 105 step 82750 avg_loss=0.046
[3160.8s] epoch 105 step 82800 avg_loss=0.263
[3162.7s] epoch 105 step 82850 avg_loss=0.218
[3164.5s] epoch 105 step 82900 avg_loss=0.168
[3166.3s] epoch 105 step 82950 avg_loss=0.151
[3168.1s] epoch 105 step 83000 avg_loss=0.163
[3170.1s] epoch 105 step 83050 avg_loss=0.188
[3172.2s] epoch 105 step 83100 avg_loss=0.178
[3174.3s] epoch 105 step 83150 avg_loss=0.180
[3176.2s] epoch 105 step 83200 avg_loss=0.183
[3178.2s] epoch 105 step 83250 avg_loss=0.175
[3180.2s] epoch 105 step 83300 avg_loss=0.167
[3182.2s] epoch 105 step 83350 avg_loss=0.165
[3183.8s] epoch 105 step 83400 avg_loss=0.157
[3185.8s] epoch 105 step 83450 avg_loss=0.160
[3187.9s] epoch 105 step 83500 avg_loss=0.157
[3188.7s] === epoch 105 done: avg_loss=0.154 (n=788 derivations) ===
[3189.5s] epoch 106 step 83550 avg_loss=0.068
[3191.2s] epoch 106 step 83600 avg_loss=0.076
[3192.8s] epoch 106 step 83650 avg_loss=0.074
[3194.6s] epoch 106 step 83700 avg_loss=0.103
[3196.4s] epoch 106 step 83750 avg_loss=0.114
[3198.1s] epoch 106 step 83800 avg_loss=0.125
[3200.1s] epoch 106 step 83850 avg_loss=0.117
[3202.0s] epoch 106 step 83900 avg_loss=0.129
[3203.7s] epoch 106 step 83950 avg_loss=0.124
[3205.7s] epoch 106 step 84000 avg_loss=0.124
[3207.5s] epoch 106 step 84050 avg_loss=0.122
[3209.3s] epoch 106 step 84100 avg_loss=0.119
[3211.4s] epoch 106 step 84150 avg_loss=0.117
[3213.4s] epoch 106 step 84200 avg_loss=0.122
[3215.1s] epoch 106 step 84250 avg_loss=0.117
[3216.9s] epoch 106 step 84300 avg_loss=0.136
[3217.6s] === epoch 106 done: avg_loss=0.136 (n=788 derivations) ===
[3219.1s] epoch 107 step 84350 avg_loss=0.177
[3220.9s] epoch 107 step 84400 avg_loss=0.125
[3222.7s] epoch 107 step 84450 avg_loss=0.120
[3224.5s] epoch 107 step 84500 avg_loss=0.106
[3226.4s] epoch 107 step 84550 avg_loss=0.110
[3228.4s] epoch 107 step 84600 avg_loss=0.122
[3230.4s] epoch 107 step 84650 avg_loss=0.119
[3232.3s] epoch 107 step 84700 avg_loss=0.127
[3234.0s] epoch 107 step 84750 avg_loss=0.148
[3235.8s] epoch 107 step 84800 avg_loss=0.140
[3237.6s] epoch 107 step 84850 avg_loss=0.136
[3239.5s] epoch 107 step 84900 avg_loss=0.133
[3241.4s] epoch 107 step 84950 avg_loss=0.138
[3243.4s] epoch 107 step 85000 avg_loss=0.138
[3245.4s] epoch 107 step 85050 avg_loss=0.135
[3247.5s] epoch 107 step 85100 avg_loss=0.132
[3247.7s] === epoch 107 done: avg_loss=0.132 (n=788 derivations) ===
[3249.6s] epoch 108 step 85150 avg_loss=0.139
[3251.6s] epoch 108 step 85200 avg_loss=0.116
[3253.6s] epoch 108 step 85250 avg_loss=0.104
[3255.9s] epoch 108 step 85300 avg_loss=0.096
[3258.1s] epoch 108 step 85350 avg_loss=0.101
[3260.4s] epoch 108 step 85400 avg_loss=0.134
[3262.5s] epoch 108 step 85450 avg_loss=0.124
[3264.4s] epoch 108 step 85500 avg_loss=0.122
[3266.5s] epoch 108 step 85550 avg_loss=0.117
[3268.3s] epoch 108 step 85600 avg_loss=0.120
[3270.5s] epoch 108 step 85650 avg_loss=0.121
[3272.3s] epoch 108 step 85700 avg_loss=0.117
[3274.4s] epoch 108 step 85750 avg_loss=0.121
[3276.3s] epoch 108 step 85800 avg_loss=0.126
[3278.2s] epoch 108 step 85850 avg_loss=0.124
[3280.2s] === epoch 108 done: avg_loss=0.131 (n=788 derivations) ===
[3280.5s] epoch 109 step 85900 avg_loss=0.020
[3282.7s] epoch 109 step 85950 avg_loss=0.083
[3284.9s] epoch 109 step 86000 avg_loss=0.116
[3286.8s] epoch 109 step 86050 avg_loss=0.154
[3289.0s] epoch 109 step 86100 avg_loss=0.144
[3291.1s] epoch 109 step 86150 avg_loss=0.130
[3293.3s] epoch 109 step 86200 avg_loss=0.137
[3295.1s] epoch 109 step 86250 avg_loss=0.133
[3297.5s] epoch 109 step 86300 avg_loss=0.145
[3299.4s] epoch 109 step 86350 avg_loss=0.136
[3301.3s] epoch 109 step 86400 avg_loss=0.128
[3303.3s] epoch 109 step 86450 avg_loss=0.129
[3305.2s] epoch 109 step 86500 avg_loss=0.125
[3307.3s] epoch 109 step 86550 avg_loss=0.121
[3309.2s] epoch 109 step 86600 avg_loss=0.122
[3311.1s] epoch 109 step 86650 avg_loss=0.123
[3314.2s] eval step=2750 train_avg_loss=0.125 dev_rank1_f1=0.3132 dev_edge_p=0.2617 dev_edge_r=0.3899
[3314.2s] === epoch 109 done: avg_loss=0.125 (n=788 derivations) ===
[3315.0s] epoch 110 step 86700 avg_loss=0.063
[3316.9s] epoch 110 step 86750 avg_loss=0.084
[3319.1s] epoch 110 step 86800 avg_loss=0.095
[3321.3s] epoch 110 step 86850 avg_loss=0.090
[3323.3s] epoch 110 step 86900 avg_loss=0.104
[3325.7s] epoch 110 step 86950 avg_loss=0.120
[3327.9s] epoch 110 step 87000 avg_loss=0.114
[3330.0s] epoch 110 step 87050 avg_loss=0.106
[3332.2s] epoch 110 step 87100 avg_loss=0.119
[3334.5s] epoch 110 step 87150 avg_loss=0.119
[3336.7s] epoch 110 step 87200 avg_loss=0.120
[3338.7s] epoch 110 step 87250 avg_loss=0.117
[3340.4s] epoch 110 step 87300 avg_loss=0.113
[3342.7s] epoch 110 step 87350 avg_loss=0.122
[3344.2s] epoch 110 step 87400 avg_loss=0.118
[3346.0s] epoch 110 step 87450 avg_loss=0.121
[3346.8s] === epoch 110 done: avg_loss=0.124 (n=788 derivations) ===
[3348.0s] epoch 111 step 87500 avg_loss=0.075
[3350.0s] epoch 111 step 87550 avg_loss=0.161
[3352.2s] epoch 111 step 87600 avg_loss=0.151
[3354.2s] epoch 111 step 87650 avg_loss=0.140
[3356.1s] epoch 111 step 87700 avg_loss=0.133
[3357.9s] epoch 111 step 87750 avg_loss=0.127
[3359.7s] epoch 111 step 87800 avg_loss=0.121
[3361.8s] epoch 111 step 87850 avg_loss=0.115
[3363.7s] epoch 111 step 87900 avg_loss=0.112
[3365.4s] epoch 111 step 87950 avg_loss=0.109
[3367.4s] epoch 111 step 88000 avg_loss=0.117
[3369.1s] epoch 111 step 88050 avg_loss=0.115
[3370.7s] epoch 111 step 88100 avg_loss=0.112
[3372.6s] epoch 111 step 88150 avg_loss=0.115
[3374.1s] epoch 111 step 88200 avg_loss=0.115
[3375.5s] epoch 111 step 88250 avg_loss=0.111
[3375.7s] === epoch 111 done: avg_loss=0.111 (n=788 derivations) ===
[3377.4s] epoch 112 step 88300 avg_loss=0.068
[3379.2s] epoch 112 step 88350 avg_loss=0.083
[3381.0s] epoch 112 step 88400 avg_loss=0.084
[3382.6s] epoch 112 step 88450 avg_loss=0.091
[3384.3s] epoch 112 step 88500 avg_loss=0.108
[3386.0s] epoch 112 step 88550 avg_loss=0.098
[3387.6s] epoch 112 step 88600 avg_loss=0.115
[3389.3s] epoch 112 step 88650 avg_loss=0.109
[3390.9s] epoch 112 step 88700 avg_loss=0.104
[3392.9s] epoch 112 step 88750 avg_loss=0.101
[3394.4s] epoch 112 step 88800 avg_loss=0.101
[3396.1s] epoch 112 step 88850 avg_loss=0.099
[3397.8s] epoch 112 step 88900 avg_loss=0.099
[3399.5s] epoch 112 step 88950 avg_loss=0.097
[3401.2s] epoch 112 step 89000 avg_loss=0.102
[3403.1s] === epoch 112 done: avg_loss=0.103 (n=788 derivations) ===
[3403.3s] epoch 113 step 89050 avg_loss=0.029
[3405.2s] epoch 113 step 89100 avg_loss=0.107
[3407.2s] epoch 113 step 89150 avg_loss=0.101
[3409.1s] epoch 113 step 89200 avg_loss=0.098
[3411.2s] epoch 113 step 89250 avg_loss=0.100
[3413.1s] epoch 113 step 89300 avg_loss=0.092
[3415.1s] epoch 113 step 89350 avg_loss=0.100
[3417.0s] epoch 113 step 89400 avg_loss=0.099
[3418.8s] epoch 113 step 89450 avg_loss=0.099
[3420.7s] epoch 113 step 89500 avg_loss=0.100
[3422.4s] epoch 113 step 89550 avg_loss=0.097
[3424.1s] epoch 113 step 89600 avg_loss=0.101
[3425.9s] epoch 113 step 89650 avg_loss=0.099
[3427.6s] epoch 113 step 89700 avg_loss=0.108
[3429.2s] epoch 113 step 89750 avg_loss=0.104
[3431.2s] epoch 113 step 89800 avg_loss=0.106
[3432.6s] === epoch 113 done: avg_loss=0.105 (n=788 derivations) ===
[3433.2s] epoch 114 step 89850 avg_loss=0.071
[3435.0s] epoch 114 step 89900 avg_loss=0.074
[3436.9s] epoch 114 step 89950 avg_loss=0.096
[3438.8s] epoch 114 step 90000 avg_loss=0.092
[3440.6s] epoch 114 step 90050 avg_loss=0.086
[3442.5s] epoch 114 step 90100 avg_loss=0.092
[3444.3s] epoch 114 step 90150 avg_loss=0.090
[3446.1s] epoch 114 step 90200 avg_loss=0.113
[3447.8s] epoch 114 step 90250 avg_loss=0.109
[3449.5s] epoch 114 step 90300 avg_loss=0.106
[3451.5s] epoch 114 step 90350 avg_loss=0.105
[3453.0s] epoch 114 step 90400 avg_loss=0.099
[3454.8s] epoch 114 step 90450 avg_loss=0.110
[3456.5s] epoch 114 step 90500 avg_loss=0.110
[3458.4s] epoch 114 step 90550 avg_loss=0.108
[3460.0s] epoch 114 step 90600 avg_loss=0.109
[3460.8s] === epoch 114 done: avg_loss=0.108 (n=788 derivations) ===
[3462.0s] epoch 115 step 90650 avg_loss=0.279
[3463.7s] epoch 115 step 90700 avg_loss=0.170
[3465.3s] epoch 115 step 90750 avg_loss=0.147
[3467.3s] epoch 115 step 90800 avg_loss=0.139
[3469.3s] epoch 115 step 90850 avg_loss=0.123
[3471.3s] epoch 115 step 90900 avg_loss=0.117
[3473.2s] epoch 115 step 90950 avg_loss=0.112
[3475.0s] epoch 115 step 91000 avg_loss=0.103
[3477.3s] epoch 115 step 91050 avg_loss=0.103
[3479.2s] epoch 115 step 91100 avg_loss=0.100
[3480.7s] epoch 115 step 91150 avg_loss=0.098
[3482.5s] epoch 115 step 91200 avg_loss=0.100
[3484.6s] epoch 115 step 91250 avg_loss=0.099
[3486.3s] epoch 115 step 91300 avg_loss=0.096
[3488.0s] epoch 115 step 91350 avg_loss=0.093
[3489.8s] epoch 115 step 91400 avg_loss=0.092
[3490.1s] === epoch 115 done: avg_loss=0.108 (n=788 derivations) ===
[3491.6s] epoch 116 step 91450 avg_loss=0.072
[3493.5s] epoch 116 step 91500 avg_loss=0.100
[3495.7s] epoch 116 step 91550 avg_loss=0.089
[3497.8s] epoch 116 step 91600 avg_loss=0.097
[3499.7s] epoch 116 step 91650 avg_loss=0.087
[3501.9s] epoch 116 step 91700 avg_loss=0.094
[3504.0s] epoch 116 step 91750 avg_loss=0.088
[3506.0s] epoch 116 step 91800 avg_loss=0.106
[3508.0s] epoch 116 step 91850 avg_loss=0.102
[3509.8s] epoch 116 step 91900 avg_loss=0.103
[3511.4s] epoch 116 step 91950 avg_loss=0.099
[3512.8s] epoch 116 step 92000 avg_loss=0.093
[3514.8s] epoch 116 step 92050 avg_loss=0.096
[3516.8s] epoch 116 step 92100 avg_loss=0.100
[3518.4s] epoch 116 step 92150 avg_loss=0.099
[3520.1s] === epoch 116 done: avg_loss=0.099 (n=788 derivations) ===
[3520.2s] epoch 117 step 92200 avg_loss=0.012
[3522.0s] epoch 117 step 92250 avg_loss=0.160
[3523.7s] epoch 117 step 92300 avg_loss=0.109
[3525.4s] epoch 117 step 92350 avg_loss=0.109
[3527.3s] epoch 117 step 92400 avg_loss=0.101
[3529.0s] epoch 117 step 92450 avg_loss=0.099
[3530.6s] epoch 117 step 92500 avg_loss=0.103
[3532.3s] epoch 117 step 92550 avg_loss=0.103
[3534.0s] epoch 117 step 92600 avg_loss=0.114
[3535.7s] epoch 117 step 92650 avg_loss=0.109
[3537.7s] epoch 117 step 92700 avg_loss=0.104
[3539.3s] epoch 117 step 92750 avg_loss=0.113
[3541.2s] epoch 117 step 92800 avg_loss=0.110
[3543.1s] epoch 117 step 92850 avg_loss=0.107
[3544.9s] epoch 117 step 92900 avg_loss=0.105
[3546.6s] epoch 117 step 92950 avg_loss=0.108
[3547.8s] === epoch 117 done: avg_loss=0.108 (n=788 derivations) ===
[3548.6s] epoch 118 step 93000 avg_loss=0.080
[3550.1s] epoch 118 step 93050 avg_loss=0.057
[3551.9s] epoch 118 step 93100 avg_loss=0.068
[3553.6s] epoch 118 step 93150 avg_loss=0.275
[3555.4s] epoch 118 step 93200 avg_loss=0.227
[3557.1s] epoch 118 step 93250 avg_loss=0.193
[3558.9s] epoch 118 step 93300 avg_loss=0.240
[3560.4s] epoch 118 step 93350 avg_loss=0.214
[3562.2s] epoch 118 step 93400 avg_loss=0.195
[3563.9s] epoch 118 step 93450 avg_loss=0.181
[3565.7s] epoch 118 step 93500 avg_loss=0.174
[3567.7s] epoch 118 step 93550 avg_loss=0.173
[3569.7s] epoch 118 step 93600 avg_loss=0.174
[3571.7s] epoch 118 step 93650 avg_loss=0.170
[3573.9s] epoch 118 step 93700 avg_loss=0.172
[3575.8s] epoch 118 step 93750 avg_loss=0.168
[3576.6s] === epoch 118 done: avg_loss=0.166 (n=788 derivations) ===
[3577.8s] epoch 119 step 93800 avg_loss=0.172
[3579.8s] epoch 119 step 93850 avg_loss=0.102
[3581.9s] epoch 119 step 93900 avg_loss=0.114
[3583.7s] epoch 119 step 93950 avg_loss=0.103
[3586.0s] epoch 119 step 94000 avg_loss=0.137
[3587.8s] epoch 119 step 94050 avg_loss=0.128
[3590.0s] epoch 119 step 94100 avg_loss=0.122
[3591.9s] epoch 119 step 94150 avg_loss=0.115
[3593.7s] epoch 119 step 94200 avg_loss=0.110
[3595.5s] epoch 119 step 94250 avg_loss=0.119
[3597.0s] epoch 119 step 94300 avg_loss=0.115
[3598.8s] epoch 119 step 94350 avg_loss=0.111
[3600.5s] epoch 119 step 94400 avg_loss=0.109
[3602.3s] epoch 119 step 94450 avg_loss=0.113
[3604.0s] epoch 119 step 94500 avg_loss=0.119
[3605.7s] epoch 119 step 94550 avg_loss=0.116
[3607.8s] eval step=3000 train_avg_loss=0.116 dev_rank1_f1=0.3163 dev_edge_p=0.2669 dev_edge_r=0.3881
[3607.8s] === epoch 119 done: avg_loss=0.116 (n=788 derivations) ===
[3609.4s] epoch 120 step 94600 avg_loss=0.065
[3611.6s] epoch 120 step 94650 avg_loss=0.146
[3613.3s] epoch 120 step 94700 avg_loss=0.139
[3615.3s] epoch 120 step 94750 avg_loss=0.221
[3617.1s] epoch 120 step 94800 avg_loss=0.187
[3619.0s] epoch 120 step 94850 avg_loss=0.237
[3620.5s] epoch 120 step 94900 avg_loss=0.213
[3622.4s] epoch 120 step 94950 avg_loss=0.208
[3624.2s] epoch 120 step 95000 avg_loss=0.191
[3626.3s] epoch 120 step 95050 avg_loss=0.187
[3628.3s] epoch 120 step 95100 avg_loss=0.194
[3629.9s] epoch 120 step 95150 avg_loss=0.184
[3632.3s] epoch 120 step 95200 avg_loss=0.178
[3634.1s] epoch 120 step 95250 avg_loss=0.170
[3636.1s] epoch 120 step 95300 avg_loss=0.166
[3638.0s] === epoch 120 done: avg_loss=0.165 (n=788 derivations) ===
[3638.1s] epoch 121 step 95350 avg_loss=0.014
[3640.1s] epoch 121 step 95400 avg_loss=0.266
[3642.1s] epoch 121 step 95450 avg_loss=0.356
[3644.0s] epoch 121 step 95500 avg_loss=0.260
[3645.8s] epoch 121 step 95550 avg_loss=0.248
[3647.7s] epoch 121 step 95600 avg_loss=0.217
[3649.7s] epoch 121 step 95650 avg_loss=0.205
[3651.5s] epoch 121 step 95700 avg_loss=0.205
[3653.2s] epoch 121 step 95750 avg_loss=0.191
[3655.1s] epoch 121 step 95800 avg_loss=0.185
[3656.9s] epoch 121 step 95850 avg_loss=0.179
[3658.5s] epoch 121 step 95900 avg_loss=0.171
[3660.1s] epoch 121 step 95950 avg_loss=0.162
[3661.8s] epoch 121 step 96000 avg_loss=0.155
[3663.7s] epoch 121 step 96050 avg_loss=0.156
[3665.7s] epoch 121 step 96100 avg_loss=0.158
[3666.9s] === epoch 121 done: avg_loss=0.153 (n=788 derivations) ===
[3667.4s] epoch 122 step 96150 avg_loss=0.096
[3669.3s] epoch 122 step 96200 avg_loss=0.081
[3671.0s] epoch 122 step 96250 avg_loss=0.068
[3673.3s] epoch 122 step 96300 avg_loss=0.073
[3675.3s] epoch 122 step 96350 avg_loss=0.073
[3677.7s] epoch 122 step 96400 avg_loss=0.100
[3679.8s] epoch 122 step 96450 avg_loss=0.101
[3681.5s] epoch 122 step 96500 avg_loss=0.097
[3683.3s] epoch 122 step 96550 avg_loss=0.096
[3685.3s] epoch 122 step 96600 avg_loss=0.100
[3687.0s] epoch 122 step 96650 avg_loss=0.101
[3688.8s] epoch 122 step 96700 avg_loss=0.104
[3690.6s] epoch 122 step 96750 avg_loss=0.127
[3692.2s] epoch 122 step 96800 avg_loss=0.127
[3694.0s] epoch 122 step 96850 avg_loss=0.123
[3695.8s] epoch 122 step 96900 avg_loss=0.120
[3696.5s] === epoch 122 done: avg_loss=0.118 (n=788 derivations) ===
[3697.4s] epoch 123 step 96950 avg_loss=0.242
[3699.1s] epoch 123 step 97000 avg_loss=0.201
[3701.1s] epoch 123 step 97050 avg_loss=0.398
[3702.6s] epoch 123 step 97100 avg_loss=0.302
[3704.4s] epoch 123 step 97150 avg_loss=0.256
[3706.3s] epoch 123 step 97200 avg_loss=0.233
[3708.5s] epoch 123 step 97250 avg_loss=0.217
[3710.4s] epoch 123 step 97300 avg_loss=0.202
[3712.3s] epoch 123 step 97350 avg_loss=0.197
[3714.2s] epoch 123 step 97400 avg_loss=0.186
[3715.9s] epoch 123 step 97450 avg_loss=0.179
[3717.7s] epoch 123 step 97500 avg_loss=0.173
[3719.5s] epoch 123 step 97550 avg_loss=0.167
[3721.2s] epoch 123 step 97600 avg_loss=0.161
[3723.3s] epoch 123 step 97650 avg_loss=0.167
[3725.1s] epoch 123 step 97700 avg_loss=0.161
[3725.5s] === epoch 123 done: avg_loss=0.159 (n=788 derivations) ===
[3727.2s] epoch 124 step 97750 avg_loss=0.146
[3729.1s] epoch 124 step 97800 avg_loss=0.175
[3730.9s] epoch 124 step 97850 avg_loss=0.229
[3732.8s] epoch 124 step 97900 avg_loss=0.208
[3734.5s] epoch 124 step 97950 avg_loss=0.181
[3736.3s] epoch 124 step 98000 avg_loss=0.195
[3738.2s] epoch 124 step 98050 avg_loss=0.238
[3740.1s] epoch 124 step 98100 avg_loss=0.232
[3742.0s] epoch 124 step 98150 avg_loss=0.218
[3744.1s] epoch 124 step 98200 avg_loss=0.222
[3746.1s] epoch 124 step 98250 avg_loss=0.214
[3748.0s] epoch 124 step 98300 avg_loss=0.209
[3749.8s] epoch 124 step 98350 avg_loss=0.211
[3751.7s] epoch 124 step 98400 avg_loss=0.204
[3753.3s] epoch 124 step 98450 avg_loss=0.211
[3754.8s] epoch 124 step 98500 avg_loss=0.208
[3754.8s] === epoch 124 done: avg_loss=0.208 (n=788 derivations) ===
[3756.5s] epoch 125 step 98550 avg_loss=0.153
[3758.4s] epoch 125 step 98600 avg_loss=0.185
[3759.9s] epoch 125 step 98650 avg_loss=0.214
[3761.6s] epoch 125 step 98700 avg_loss=0.325
[3763.4s] epoch 125 step 98750 avg_loss=0.367
[3764.8s] epoch 125 step 98800 avg_loss=0.332
[3766.7s] epoch 125 step 98850 avg_loss=0.340
[3768.5s] epoch 125 step 98900 avg_loss=0.336
[3770.5s] epoch 125 step 98950 avg_loss=0.347
[3772.5s] epoch 125 step 99000 avg_loss=0.345
[3774.7s] epoch 125 step 99050 avg_loss=0.351
[3776.9s] epoch 125 step 99100 avg_loss=0.338
[3778.5s] epoch 125 step 99150 avg_loss=0.333
[3780.3s] epoch 125 step 99200 avg_loss=0.323
[3782.0s] epoch 125 step 99250 avg_loss=0.329
[3783.4s] === epoch 125 done: avg_loss=0.322 (n=788 derivations) ===
[3783.9s] epoch 126 step 99300 avg_loss=0.422
[3785.7s] epoch 126 step 99350 avg_loss=0.443
[3787.5s] epoch 126 step 99400 avg_loss=0.428
[3789.5s] epoch 126 step 99450 avg_loss=0.469
[3791.1s] epoch 126 step 99500 avg_loss=0.447
[3793.1s] epoch 126 step 99550 avg_loss=0.421
[3795.0s] epoch 126 step 99600 avg_loss=0.444
[3796.9s] epoch 126 step 99650 avg_loss=0.456
[3799.1s] epoch 126 step 99700 avg_loss=0.456
[3800.6s] epoch 126 step 99750 avg_loss=0.463
[3802.6s] epoch 126 step 99800 avg_loss=0.456
[3804.4s] epoch 126 step 99850 avg_loss=0.472
[3806.0s] epoch 126 step 99900 avg_loss=0.473
[3807.6s] epoch 126 step 99950 avg_loss=0.453
[3809.2s] epoch 126 step 100000 avg_loss=0.454
[3811.3s] epoch 126 step 100050 avg_loss=0.464
[3812.6s] === epoch 126 done: avg_loss=0.477 (n=788 derivations) ===
[3813.4s] epoch 127 step 100100 avg_loss=0.185
[3815.2s] epoch 127 step 100150 avg_loss=0.296
[3817.0s] epoch 127 step 100200 avg_loss=0.322
[3818.8s] epoch 127 step 100250 avg_loss=0.354
[3820.7s] epoch 127 step 100300 avg_loss=0.505
[3822.7s] epoch 127 step 100350 avg_loss=0.544
[3824.7s] epoch 127 step 100400 avg_loss=0.549
[3826.3s] epoch 127 step 100450 avg_loss=0.509
[3828.4s] epoch 127 step 100500 avg_loss=0.510
[3830.3s] epoch 127 step 100550 avg_loss=0.516
[3831.9s] epoch 127 step 100600 avg_loss=0.521
[3834.0s] epoch 127 step 100650 avg_loss=0.521
[3836.1s] epoch 127 step 100700 avg_loss=0.572
[3838.0s] epoch 127 step 100750 avg_loss=0.573
[3840.0s] epoch 127 step 100800 avg_loss=0.557
[3842.2s] epoch 127 step 100850 avg_loss=0.546
[3842.9s] === epoch 127 done: avg_loss=0.544 (n=788 derivations) ===
[3844.2s] epoch 128 step 100900 avg_loss=0.328
[3846.4s] epoch 128 step 100950 avg_loss=0.448
[3848.4s] epoch 128 step 101000 avg_loss=0.516
[3850.4s] epoch 128 step 101050 avg_loss=0.516
[3852.0s] epoch 128 step 101100 avg_loss=0.571
[3853.7s] epoch 128 step 101150 avg_loss=0.540
[3855.7s] epoch 128 step 101200 avg_loss=0.519
[3857.6s] epoch 128 step 101250 avg_loss=0.503
[3859.7s] epoch 128 step 101300 avg_loss=0.497
[3861.9s] epoch 128 step 101350 avg_loss=0.540
[3863.7s] epoch 128 step 101400 avg_loss=0.520
[3865.7s] epoch 128 step 101450 avg_loss=0.543
[3867.5s] epoch 128 step 101500 avg_loss=0.539
[3869.2s] epoch 128 step 101550 avg_loss=0.545
[3871.3s] epoch 128 step 101600 avg_loss=0.546
[3873.3s] epoch 128 step 101650 avg_loss=0.544
[3873.4s] === epoch 128 done: avg_loss=0.543 (n=788 derivations) ===
[3875.3s] epoch 129 step 101700 avg_loss=0.405
[3876.8s] epoch 129 step 101750 avg_loss=0.352
[3878.6s] epoch 129 step 101800 avg_loss=0.467
[3880.2s] epoch 129 step 101850 avg_loss=0.447
[3882.2s] epoch 129 step 101900 avg_loss=0.449
[3884.1s] epoch 129 step 101950 avg_loss=0.464
[3886.1s] epoch 129 step 102000 avg_loss=0.465
[3887.8s] epoch 129 step 102050 avg_loss=0.517
[3889.7s] epoch 129 step 102100 avg_loss=0.519
[3891.9s] epoch 129 step 102150 avg_loss=0.535
[3893.7s] epoch 129 step 102200 avg_loss=0.523
[3895.6s] epoch 129 step 102250 avg_loss=0.518
[3897.8s] epoch 129 step 102300 avg_loss=0.542
[3899.8s] epoch 129 step 102350 avg_loss=0.528
[3901.7s] epoch 129 step 102400 avg_loss=0.531
[3905.0s] eval step=3250 train_avg_loss=0.524 dev_rank1_f1=0.3109 dev_edge_p=0.2611 dev_edge_r=0.3842
[3905.0s] === epoch 129 done: avg_loss=0.524 (n=788 derivations) ===
[3905.4s] epoch 130 step 102450 avg_loss=0.196
[3907.5s] epoch 130 step 102500 avg_loss=0.457
[3909.3s] epoch 130 step 102550 avg_loss=0.407
[3911.3s] epoch 130 step 102600 avg_loss=0.393
[3913.0s] epoch 130 step 102650 avg_loss=0.378
[3915.2s] epoch 130 step 102700 avg_loss=0.386
[3917.2s] epoch 130 step 102750 avg_loss=0.382
[3918.9s] epoch 130 step 102800 avg_loss=0.378
[3920.5s] epoch 130 step 102850 avg_loss=0.385
[3922.1s] epoch 130 step 102900 avg_loss=0.399
[3923.7s] epoch 130 step 102950 avg_loss=0.402
[3925.5s] epoch 130 step 103000 avg_loss=0.404
[3927.5s] epoch 130 step 103050 avg_loss=0.407
[3929.2s] epoch 130 step 103100 avg_loss=0.416
[3931.4s] epoch 130 step 103150 avg_loss=0.418
[3933.2s] epoch 130 step 103200 avg_loss=0.418
[3934.2s] === epoch 130 done: avg_loss=0.411 (n=788 derivations) ===
[3935.1s] epoch 131 step 103250 avg_loss=0.718
[3936.5s] epoch 131 step 103300 avg_loss=0.391
[3938.1s] epoch 131 step 103350 avg_loss=0.336
[3940.1s] epoch 131 step 103400 avg_loss=0.437
[3942.3s] epoch 131 step 103450 avg_loss=0.499
[3944.0s] epoch 131 step 103500 avg_loss=0.453
[3945.7s] epoch 131 step 103550 avg_loss=0.467
[3947.7s] epoch 131 step 103600 avg_loss=0.518
[3949.6s] epoch 131 step 103650 avg_loss=0.503
[3951.8s] epoch 131 step 103700 avg_loss=0.503
[3953.9s] epoch 131 step 103750 avg_loss=0.499
[3956.1s] epoch 131 step 103800 avg_loss=0.505
[3958.0s] epoch 131 step 103850 avg_loss=0.496
[3960.1s] epoch 131 step 103900 avg_loss=0.492
[3962.4s] epoch 131 step 103950 avg_loss=0.491
[3964.6s] epoch 131 step 104000 avg_loss=0.485
[3965.1s] === epoch 131 done: avg_loss=0.488 (n=788 derivations) ===
[3966.3s] epoch 132 step 104050 avg_loss=0.254
[3968.3s] epoch 132 step 104100 avg_loss=0.280
[3969.9s] epoch 132 step 104150 avg_loss=0.263
[3971.8s] epoch 132 step 104200 avg_loss=0.280
[3973.6s] epoch 132 step 104250 avg_loss=0.297
[3975.4s] epoch 132 step 104300 avg_loss=0.303
[3977.5s] epoch 132 step 104350 avg_loss=0.323
[3979.2s] epoch 132 step 104400 avg_loss=0.309
[3980.9s] epoch 132 step 104450 avg_loss=0.333
[3982.5s] epoch 132 step 104500 avg_loss=0.340
[3984.3s] epoch 132 step 104550 avg_loss=0.342
[3986.2s] epoch 132 step 104600 avg_loss=0.353
[3988.0s] epoch 132 step 104650 avg_loss=0.353
[3989.6s] epoch 132 step 104700 avg_loss=0.346
[3991.5s] epoch 132 step 104750 avg_loss=0.343
[3993.5s] epoch 132 step 104800 avg_loss=0.343
[3993.7s] === epoch 132 done: avg_loss=0.343 (n=788 derivations) ===
[3995.6s] epoch 133 step 104850 avg_loss=0.534
[3997.1s] epoch 133 step 104900 avg_loss=0.354
[3998.7s] epoch 133 step 104950 avg_loss=0.312
[4000.4s] epoch 133 step 105000 avg_loss=0.280
[4002.3s] epoch 133 step 105050 avg_loss=0.272
[4004.3s] epoch 133 step 105100 avg_loss=0.315
[4006.1s] epoch 133 step 105150 avg_loss=0.320
[4008.0s] epoch 133 step 105200 avg_loss=0.318
[4009.7s] epoch 133 step 105250 avg_loss=0.318
[4011.7s] epoch 133 step 105300 avg_loss=0.333
[4013.5s] epoch 133 step 105350 avg_loss=0.325
[4015.5s] epoch 133 step 105400 avg_loss=0.337
[4017.2s] epoch 133 step 105450 avg_loss=0.328
[4019.0s] epoch 133 step 105500 avg_loss=0.325
[4021.0s] epoch 133 step 105550 avg_loss=0.332
[4022.5s] === epoch 133 done: avg_loss=0.327 (n=788 derivations) ===
[4022.8s] epoch 134 step 105600 avg_loss=0.321
[4024.6s] epoch 134 step 105650 avg_loss=0.208
[4026.4s] epoch 134 step 105700 avg_loss=0.245
[4028.1s] epoch 134 step 105750 avg_loss=0.224
[4029.8s] epoch 134 step 105800 avg_loss=0.231
[4031.5s] epoch 134 step 105850 avg_loss=0.225
[4033.3s] epoch 134 step 105900 avg_loss=0.249
[4035.1s] epoch 134 step 105950 avg_loss=0.244
[4036.9s] epoch 134 step 106000 avg_loss=0.279
[4038.7s] epoch 134 step 106050 avg_loss=0.276
[4040.7s] epoch 134 step 106100 avg_loss=0.296
[4042.6s] epoch 134 step 106150 avg_loss=0.303
[4044.5s] epoch 134 step 106200 avg_loss=0.303
[4046.2s] epoch 134 step 106250 avg_loss=0.309
[4048.4s] epoch 134 step 106300 avg_loss=0.318
[4050.4s] epoch 134 step 106350 avg_loss=0.320
[4051.7s] === epoch 134 done: avg_loss=0.317 (n=788 derivations) ===
[4052.5s] epoch 135 step 106400 avg_loss=0.190
[4054.5s] epoch 135 step 106450 avg_loss=0.179
[4056.3s] epoch 135 step 106500 avg_loss=0.256
[4058.4s] epoch 135 step 106550 avg_loss=0.246
[4060.2s] epoch 135 step 106600 avg_loss=0.219
[4062.0s] epoch 135 step 106650 avg_loss=0.234
[4063.9s] epoch 135 step 106700 avg_loss=0.233
[4065.8s] epoch 135 step 106750 avg_loss=0.264
[4067.5s] epoch 135 step 106800 avg_loss=0.257
[4069.6s] epoch 135 step 106850 avg_loss=0.263
[4071.4s] epoch 135 step 106900 avg_loss=0.263
[4073.2s] epoch 135 step 106950 avg_loss=0.264
[4074.9s] epoch 135 step 107000 avg_loss=0.263
[4076.9s] epoch 135 step 107050 avg_loss=0.269
[4078.7s] epoch 135 step 107100 avg_loss=0.267
[4080.6s] epoch 135 step 107150 avg_loss=0.266
[4081.3s] === epoch 135 done: avg_loss=0.269 (n=788 derivations) ===
[4082.4s] epoch 136 step 107200 avg_loss=0.094
[4084.3s] epoch 136 step 107250 avg_loss=0.111
[4086.1s] epoch 136 step 107300 avg_loss=0.127
[4087.9s] epoch 136 step 107350 avg_loss=0.175
[4089.9s] epoch 136 step 107400 avg_loss=0.180
[4091.9s] epoch 136 step 107450 avg_loss=0.188
[4093.5s] epoch 136 step 107500 avg_loss=0.198
[4095.1s] epoch 136 step 107550 avg_loss=0.193
[4096.8s] epoch 136 step 107600 avg_loss=0.191
[4098.7s] epoch 136 step 107650 avg_loss=0.213
[4100.5s] epoch 136 step 107700 avg_loss=0.217
[4102.4s] epoch 136 step 107750 avg_loss=0.213
[4104.3s] epoch 136 step 107800 avg_loss=0.217
[4106.1s] epoch 136 step 107850 avg_loss=0.215
[4107.9s] epoch 136 step 107900 avg_loss=0.218
[4110.0s] epoch 136 step 107950 avg_loss=0.234
[4110.3s] === epoch 136 done: avg_loss=0.235 (n=788 derivations) ===
[4112.0s] epoch 137 step 108000 avg_loss=0.292
[4113.9s] epoch 137 step 108050 avg_loss=0.221
[4115.7s] epoch 137 step 108100 avg_loss=0.219
[4117.4s] epoch 137 step 108150 avg_loss=0.214
[4119.6s] epoch 137 step 108200 avg_loss=0.210
[4121.6s] epoch 137 step 108250 avg_loss=0.197
[4123.4s] epoch 137 step 108300 avg_loss=0.192
[4125.5s] epoch 137 step 108350 avg_loss=0.188
[4127.2s] epoch 137 step 108400 avg_loss=0.195
[4129.1s] epoch 137 step 108450 avg_loss=0.193
[4131.0s] epoch 137 step 108500 avg_loss=0.192
[4132.8s] epoch 137 step 108550 avg_loss=0.194
[4134.8s] epoch 137 step 108600 avg_loss=0.191
[4136.5s] epoch 137 step 108650 avg_loss=0.187
[4138.7s] epoch 137 step 108700 avg_loss=0.187
[4140.1s] === epoch 137 done: avg_loss=0.184 (n=788 derivations) ===
[4140.3s] epoch 138 step 108750 avg_loss=0.067
[4142.2s] epoch 138 step 108800 avg_loss=0.121
[4144.1s] epoch 138 step 108850 avg_loss=0.131
[4146.0s] epoch 138 step 108900 avg_loss=0.130
[4147.7s] epoch 138 step 108950 avg_loss=0.147
[4149.9s] epoch 138 step 109000 avg_loss=0.154
[4151.8s] epoch 138 step 109050 avg_loss=0.150
[4153.7s] epoch 138 step 109100 avg_loss=0.152
[4155.5s] epoch 138 step 109150 avg_loss=0.149
[4157.4s] epoch 138 step 109200 avg_loss=0.145
[4159.4s] epoch 138 step 109250 avg_loss=0.141
[4161.4s] epoch 138 step 109300 avg_loss=0.146
[4163.4s] epoch 138 step 109350 avg_loss=0.140
[4165.6s] epoch 138 step 109400 avg_loss=0.137
[4167.3s] epoch 138 step 109450 avg_loss=0.132
[4169.4s] epoch 138 step 109500 avg_loss=0.132
[4170.8s] === epoch 138 done: avg_loss=0.129 (n=788 derivations) ===
[4171.4s] epoch 139 step 109550 avg_loss=0.090
[4173.3s] epoch 139 step 109600 avg_loss=0.059
[4175.2s] epoch 139 step 109650 avg_loss=0.065
[4177.1s] epoch 139 step 109700 avg_loss=0.074
[4179.1s] epoch 139 step 109750 avg_loss=0.091
[4180.9s] epoch 139 step 109800 avg_loss=0.094
[4182.8s] epoch 139 step 109850 avg_loss=0.148
[4184.4s] epoch 139 step 109900 avg_loss=0.136
[4186.0s] epoch 139 step 109950 avg_loss=0.128
[4187.9s] epoch 139 step 110000 avg_loss=0.127
[4189.6s] epoch 139 step 110050 avg_loss=0.124
[4191.3s] epoch 139 step 110100 avg_loss=0.118
[4193.1s] epoch 139 step 110150 avg_loss=0.118
[4194.7s] epoch 139 step 110200 avg_loss=0.115
[4196.5s] epoch 139 step 110250 avg_loss=0.117
[4198.4s] epoch 139 step 110300 avg_loss=0.115
[4201.0s] eval step=3500 train_avg_loss=0.116 dev_rank1_f1=0.3136 dev_edge_p=0.2640 dev_edge_r=0.3860
[4201.0s] === epoch 139 done: avg_loss=0.116 (n=788 derivations) ===
[4202.0s] epoch 140 step 110350 avg_loss=0.075
[4204.2s] epoch 140 step 110400 avg_loss=0.095
[4206.0s] epoch 140 step 110450 avg_loss=0.082
[4207.8s] epoch 140 step 110500 avg_loss=0.083
[4209.6s] epoch 140 step 110550 avg_loss=0.082
[4211.3s] epoch 140 step 110600 avg_loss=0.090
[4213.1s] epoch 140 step 110650 avg_loss=0.089
[4215.1s] epoch 140 step 110700 avg_loss=0.087
[4216.9s] epoch 140 step 110750 avg_loss=0.083
[4218.6s] epoch 140 step 110800 avg_loss=0.081
[4220.6s] epoch 140 step 110850 avg_loss=0.080
[4222.2s] epoch 140 step 110900 avg_loss=0.079
[4224.0s] epoch 140 step 110950 avg_loss=0.078
[4225.7s] epoch 140 step 111000 avg_loss=0.078
[4227.3s] epoch 140 step 111050 avg_loss=0.079
[4229.2s] epoch 140 step 111100 avg_loss=0.078
[4229.5s] === epoch 140 done: avg_loss=0.077 (n=788 derivations) ===
[4230.9s] epoch 141 step 111150 avg_loss=0.053
[4232.8s] epoch 141 step 111200 avg_loss=0.046
[4234.8s] epoch 141 step 111250 avg_loss=0.051
[4236.6s] epoch 141 step 111300 avg_loss=0.071
[4238.6s] epoch 141 step 111350 avg_loss=0.072
[4240.4s] epoch 141 step 111400 avg_loss=0.067
[4242.3s] epoch 141 step 111450 avg_loss=0.064
[4244.3s] epoch 141 step 111500 avg_loss=0.064
[4246.1s] epoch 141 step 111550 avg_loss=0.064
[4248.0s] epoch 141 step 111600 avg_loss=0.069
[4249.8s] epoch 141 step 111650 avg_loss=0.070
[4251.3s] epoch 141 step 111700 avg_loss=0.066
[4252.8s] epoch 141 step 111750 avg_loss=0.065
[4254.7s] epoch 141 step 111800 avg_loss=0.064
[4256.7s] epoch 141 step 111850 avg_loss=0.064
[4258.3s] === epoch 141 done: avg_loss=0.063 (n=788 derivations) ===
[4258.4s] epoch 142 step 111900 avg_loss=0.052
[4260.3s] epoch 142 step 111950 avg_loss=0.050
[4262.6s] epoch 142 step 112000 avg_loss=0.058
[4264.3s] epoch 142 step 112050 avg_loss=0.050
[4266.3s] epoch 142 step 112100 avg_loss=0.050
[4267.9s] epoch 142 step 112150 avg_loss=0.048
[4269.5s] epoch 142 step 112200 avg_loss=0.046
[4271.2s] epoch 142 step 112250 avg_loss=0.047
[4273.1s] epoch 142 step 112300 avg_loss=0.047
[4275.1s] epoch 142 step 112350 avg_loss=0.049
[4276.9s] epoch 142 step 112400 avg_loss=0.049
[4278.9s] epoch 142 step 112450 avg_loss=0.050
[4280.7s] epoch 142 step 112500 avg_loss=0.054
[4282.4s] epoch 142 step 112550 avg_loss=0.052
[4284.2s] epoch 142 step 112600 avg_loss=0.053
[4286.4s] epoch 142 step 112650 avg_loss=0.053
[4287.8s] === epoch 142 done: avg_loss=0.052 (n=788 derivations) ===
[4288.4s] epoch 143 step 112700 avg_loss=0.052
[4290.7s] epoch 143 step 112750 avg_loss=0.058
[4292.5s] epoch 143 step 112800 avg_loss=0.049
[4294.2s] epoch 143 step 112850 avg_loss=0.049
[4296.1s] epoch 143 step 112900 avg_loss=0.061
[4297.9s] epoch 143 step 112950 avg_loss=0.059
[4299.8s] epoch 143 step 113000 avg_loss=0.057
[4301.4s] epoch 143 step 113050 avg_loss=0.056
[4303.1s] epoch 143 step 113100 avg_loss=0.054
[4305.2s] epoch 143 step 113150 avg_loss=0.053
[4307.0s] epoch 143 step 113200 avg_loss=0.052
[4308.7s] epoch 143 step 113250 avg_loss=0.054
[4310.7s] epoch 143 step 113300 avg_loss=0.053
[4312.4s] epoch 143 step 113350 avg_loss=0.052
[4314.2s] epoch 143 step 113400 avg_loss=0.051
[4315.8s] epoch 143 step 113450 avg_loss=0.050
[4316.7s] === epoch 143 done: avg_loss=0.049 (n=788 derivations) ===
[4317.8s] epoch 144 step 113500 avg_loss=0.041
[4319.7s] epoch 144 step 113550 avg_loss=0.071
[4321.6s] epoch 144 step 113600 avg_loss=0.056
[4323.4s] epoch 144 step 113650 avg_loss=0.054
[4325.4s] epoch 144 step 113700 avg_loss=0.057
[4327.4s] epoch 144 step 113750 avg_loss=0.057
[4329.2s] epoch 144 step 113800 avg_loss=0.057
[4330.8s] epoch 144 step 113850 avg_loss=0.053
[4332.6s] epoch 144 step 113900 avg_loss=0.051
[4334.2s] epoch 144 step 113950 avg_loss=0.049
[4335.8s] epoch 144 step 114000 avg_loss=0.047
[4337.9s] epoch 144 step 114050 avg_loss=0.048
[4339.9s] epoch 144 step 114100 avg_loss=0.049
[4341.8s] epoch 144 step 114150 avg_loss=0.048
[4343.6s] epoch 144 step 114200 avg_loss=0.047
[4345.7s] epoch 144 step 114250 avg_loss=0.047
[4346.0s] === epoch 144 done: avg_loss=0.046 (n=788 derivations) ===
[4347.6s] epoch 145 step 114300 avg_loss=0.066
[4349.4s] epoch 145 step 114350 avg_loss=0.047
[4351.3s] epoch 145 step 114400 avg_loss=0.046
[4353.4s] epoch 145 step 114450 avg_loss=0.041
[4355.5s] epoch 145 step 114500 avg_loss=0.040
[4357.4s] epoch 145 step 114550 avg_loss=0.038
[4359.2s] epoch 145 step 114600 avg_loss=0.036
[4361.3s] epoch 145 step 114650 avg_loss=0.040
[4363.2s] epoch 145 step 114700 avg_loss=0.040
[4365.2s] epoch 145 step 114750 avg_loss=0.046
[4367.1s] epoch 145 step 114800 avg_loss=0.044
[4369.0s] epoch 145 step 114850 avg_loss=0.043
[4371.2s] epoch 145 step 114900 avg_loss=0.044
[4373.2s] epoch 145 step 114950 avg_loss=0.044
[4374.7s] epoch 145 step 115000 avg_loss=0.043
[4376.6s] === epoch 145 done: avg_loss=0.043 (n=788 derivations) ===
[4376.7s] epoch 146 step 115050 avg_loss=0.275
[4378.6s] epoch 146 step 115100 avg_loss=0.043
[4380.2s] epoch 146 step 115150 avg_loss=0.068
[4382.0s] epoch 146 step 115200 avg_loss=0.056
[4384.1s] epoch 146 step 115250 avg_loss=0.055
[4386.0s] epoch 146 step 115300 avg_loss=0.060
[4387.7s] epoch 146 step 115350 avg_loss=0.053
[4389.7s] epoch 146 step 115400 avg_loss=0.050
[4391.6s] epoch 146 step 115450 avg_loss=0.049
[4393.4s] epoch 146 step 115500 avg_loss=0.047
[4395.0s] epoch 146 step 115550 avg_loss=0.046
[4396.7s] epoch 146 step 115600 avg_loss=0.044
[4398.5s] epoch 146 step 115650 avg_loss=0.043
[4400.4s] epoch 146 step 115700 avg_loss=0.043
[4402.1s] epoch 146 step 115750 avg_loss=0.042
[4404.0s] epoch 146 step 115800 avg_loss=0.042
[4405.1s] === epoch 146 done: avg_loss=0.042 (n=788 derivations) ===
[4405.6s] epoch 147 step 115850 avg_loss=0.028
[4407.5s] epoch 147 step 115900 avg_loss=0.028
[4409.3s] epoch 147 step 115950 avg_loss=0.036
[4411.1s] epoch 147 step 116000 avg_loss=0.035
[4413.3s] epoch 147 step 116050 avg_loss=0.035
[4415.1s] epoch 147 step 116100 avg_loss=0.038
[4416.7s] epoch 147 step 116150 avg_loss=0.044
[4418.4s] epoch 147 step 116200 avg_loss=0.041
[4420.0s] epoch 147 step 116250 avg_loss=0.039
[4421.9s] epoch 147 step 116300 avg_loss=0.039
[4423.8s] epoch 147 step 116350 avg_loss=0.039
[4425.6s] epoch 147 step 116400 avg_loss=0.039
[4427.7s] epoch 147 step 116450 avg_loss=0.039
[4429.5s] epoch 147 step 116500 avg_loss=0.039
[4431.3s] epoch 147 step 116550 avg_loss=0.040
[4433.1s] epoch 147 step 116600 avg_loss=0.040
[4433.9s] === epoch 147 done: avg_loss=0.040 (n=788 derivations) ===
[4434.9s] epoch 148 step 116650 avg_loss=0.026
[4436.9s] epoch 148 step 116700 avg_loss=0.039
[4438.5s] epoch 148 step 116750 avg_loss=0.033
[4440.2s] epoch 148 step 116800 avg_loss=0.030
[4441.9s] epoch 148 step 116850 avg_loss=0.031
[4443.7s] epoch 148 step 116900 avg_loss=0.032
[4445.4s] epoch 148 step 116950 avg_loss=0.033
[4447.0s] epoch 148 step 117000 avg_loss=0.037
[4448.8s] epoch 148 step 117050 avg_loss=0.037
[4450.6s] epoch 148 step 117100 avg_loss=0.038
[4452.3s] epoch 148 step 117150 avg_loss=0.039
[4454.3s] epoch 148 step 117200 avg_loss=0.038
[4456.0s] epoch 148 step 117250 avg_loss=0.038
[4457.8s] epoch 148 step 117300 avg_loss=0.038
[4459.6s] epoch 148 step 117350 avg_loss=0.038
[4461.1s] epoch 148 step 117400 avg_loss=0.038
[4461.7s] === epoch 148 done: avg_loss=0.037 (n=788 derivations) ===
[4463.0s] epoch 149 step 117450 avg_loss=0.027
[4465.1s] epoch 149 step 117500 avg_loss=0.042
[4466.7s] epoch 149 step 117550 avg_loss=0.042
[4468.3s] epoch 149 step 117600 avg_loss=0.039
[4470.2s] epoch 149 step 117650 avg_loss=0.040
[4471.9s] epoch 149 step 117700 avg_loss=0.038
[4473.7s] epoch 149 step 117750 avg_loss=0.036
[4475.3s] epoch 149 step 117800 avg_loss=0.036
[4477.0s] epoch 149 step 117850 avg_loss=0.034
[4478.9s] epoch 149 step 117900 avg_loss=0.036
[4480.7s] epoch 149 step 117950 avg_loss=0.035
[4482.6s] epoch 149 step 118000 avg_loss=0.035
[4484.2s] epoch 149 step 118050 avg_loss=0.035
[4485.9s] epoch 149 step 118100 avg_loss=0.035
[4487.6s] epoch 149 step 118150 avg_loss=0.035
[4489.4s] epoch 149 step 118200 avg_loss=0.036
[4491.1s] eval step=3750 train_avg_loss=0.036 dev_rank1_f1=0.3302 dev_edge_p=0.2812 dev_edge_r=0.4000
[4491.1s] === epoch 149 done: avg_loss=0.036 (n=788 derivations) ===
[4493.1s] epoch 150 step 118250 avg_loss=0.041
[4494.7s] epoch 150 step 118300 avg_loss=0.040
[4496.7s] epoch 150 step 118350 avg_loss=0.040
[4498.4s] epoch 150 step 118400 avg_loss=0.042
[4500.4s] epoch 150 step 118450 avg_loss=0.045
[4502.4s] epoch 150 step 118500 avg_loss=0.043
[4504.0s] epoch 150 step 118550 avg_loss=0.044
[4505.7s] epoch 150 step 118600 avg_loss=0.041
[4507.6s] epoch 150 step 118650 avg_loss=0.039
[4509.6s] epoch 150 step 118700 avg_loss=0.039
[4511.4s] epoch 150 step 118750 avg_loss=0.038
[4513.3s] epoch 150 step 118800 avg_loss=0.038
[4515.1s] epoch 150 step 118850 avg_loss=0.037
[4516.7s] epoch 150 step 118900 avg_loss=0.036
[4518.5s] epoch 150 step 118950 avg_loss=0.035
[4519.8s] === epoch 150 done: avg_loss=0.035 (n=788 derivations) ===
[4520.1s] epoch 151 step 119000 avg_loss=0.010
[4521.7s] epoch 151 step 119050 avg_loss=0.028
[4523.6s] epoch 151 step 119100 avg_loss=0.039
[4525.4s] epoch 151 step 119150 avg_loss=0.038
[4527.4s] epoch 151 step 119200 avg_loss=0.036
[4529.2s] epoch 151 step 119250 avg_loss=0.035
[4530.9s] epoch 151 step 119300 avg_loss=0.033
[4532.8s] epoch 151 step 119350 avg_loss=0.033
[4534.6s] epoch 151 step 119400 avg_loss=0.033
[4536.4s] epoch 151 step 119450 avg_loss=0.033
[4538.2s] epoch 151 step 119500 avg_loss=0.033
[4540.0s] epoch 151 step 119550 avg_loss=0.032
[4541.9s] epoch 151 step 119600 avg_loss=0.035
[4543.8s] epoch 151 step 119650 avg_loss=0.035
[4545.8s] epoch 151 step 119700 avg_loss=0.035
[4547.3s] epoch 151 step 119750 avg_loss=0.034
[4548.3s] === epoch 151 done: avg_loss=0.033 (n=788 derivations) ===
[4549.1s] epoch 152 step 119800 avg_loss=0.022
[4550.8s] epoch 152 step 119850 avg_loss=0.031
[4552.3s] epoch 152 step 119900 avg_loss=0.030
[4554.1s] epoch 152 step 119950 avg_loss=0.037
[4556.0s] epoch 152 step 120000 avg_loss=0.035
[4557.7s] epoch 152 step 120050 avg_loss=0.033
[4559.2s] epoch 152 step 120100 avg_loss=0.033
[4561.4s] epoch 152 step 120150 avg_loss=0.034
[4563.5s] epoch 152 step 120200 avg_loss=0.035
[4565.7s] epoch 152 step 120250 avg_loss=0.036
[4567.6s] epoch 152 step 120300 avg_loss=0.035
[4569.2s] epoch 152 step 120350 avg_loss=0.034
[4571.0s] epoch 152 step 120400 avg_loss=0.035
[4572.7s] epoch 152 step 120450 avg_loss=0.034
[4574.7s] epoch 152 step 120500 avg_loss=0.033
[4576.5s] epoch 152 step 120550 avg_loss=0.033
[4577.0s] === epoch 152 done: avg_loss=0.032 (n=788 derivations) ===
[4578.3s] epoch 153 step 120600 avg_loss=0.037
[4580.1s] epoch 153 step 120650 avg_loss=0.033
[4582.0s] epoch 153 step 120700 avg_loss=0.030
[4584.3s] epoch 153 step 120750 avg_loss=0.040
[4586.0s] epoch 153 step 120800 avg_loss=0.039
[4588.0s] epoch 153 step 120850 avg_loss=0.036
[4589.7s] epoch 153 step 120900 avg_loss=0.034
[4591.6s] epoch 153 step 120950 avg_loss=0.032
[4593.6s] epoch 153 step 121000 avg_loss=0.032
[4595.6s] epoch 153 step 121050 avg_loss=0.032
[4597.6s] epoch 153 step 121100 avg_loss=0.031
[4599.2s] epoch 153 step 121150 avg_loss=0.030
[4601.0s] epoch 153 step 121200 avg_loss=0.031
[4602.7s] epoch 153 step 121250 avg_loss=0.030
[4604.5s] epoch 153 step 121300 avg_loss=0.031
[4606.2s] epoch 153 step 121350 avg_loss=0.031
[4606.3s] === epoch 153 done: avg_loss=0.031 (n=788 derivations) ===
[4607.8s] epoch 154 step 121400 avg_loss=0.028
[4609.5s] epoch 154 step 121450 avg_loss=0.030
[4611.5s] epoch 154 step 121500 avg_loss=0.029
[4613.3s] epoch 154 step 121550 avg_loss=0.027
[4614.9s] epoch 154 step 121600 avg_loss=0.026
[4616.6s] epoch 154 step 121650 avg_loss=0.027
[4618.4s] epoch 154 step 121700 avg_loss=0.032
[4620.0s] epoch 154 step 121750 avg_loss=0.031
[4621.8s] epoch 154 step 121800 avg_loss=0.031
[4623.5s] epoch 154 step 121850 avg_loss=0.032
[4625.4s] epoch 154 step 121900 avg_loss=0.031
[4627.4s] epoch 154 step 121950 avg_loss=0.032
[4629.5s] epoch 154 step 122000 avg_loss=0.031
[4631.4s] epoch 154 step 122050 avg_loss=0.031
[4633.6s] epoch 154 step 122100 avg_loss=0.030
[4635.4s] === epoch 154 done: avg_loss=0.030 (n=788 derivations) ===
[4635.9s] epoch 155 step 122150 avg_loss=0.019
[4637.7s] epoch 155 step 122200 avg_loss=0.027
[4639.6s] epoch 155 step 122250 avg_loss=0.037
[4641.2s] epoch 155 step 122300 avg_loss=0.031
[4643.0s] epoch 155 step 122350 avg_loss=0.029
[4644.6s] epoch 155 step 122400 avg_loss=0.028
[4646.5s] epoch 155 step 122450 avg_loss=0.028
[4648.1s] epoch 155 step 122500 avg_loss=0.029
[4650.1s] epoch 155 step 122550 avg_loss=0.031
[4651.9s] epoch 155 step 122600 avg_loss=0.031
[4654.0s] epoch 155 step 122650 avg_loss=0.031
[4655.8s] epoch 155 step 122700 avg_loss=0.031
[4657.5s] epoch 155 step 122750 avg_loss=0.030
[4659.1s] epoch 155 step 122800 avg_loss=0.030
[4660.9s] epoch 155 step 122850 avg_loss=0.029
[4662.8s] epoch 155 step 122900 avg_loss=0.030
[4663.6s] === epoch 155 done: avg_loss=0.030 (n=788 derivations) ===
[4664.4s] epoch 156 step 122950 avg_loss=0.029
[4666.5s] epoch 156 step 123000 avg_loss=0.036
[4668.1s] epoch 156 step 123050 avg_loss=0.030
[4670.2s] epoch 156 step 123100 avg_loss=0.028
[4672.2s] epoch 156 step 123150 avg_loss=0.027
[4673.8s] epoch 156 step 123200 avg_loss=0.026
[4675.7s] epoch 156 step 123250 avg_loss=0.026
[4677.3s] epoch 156 step 123300 avg_loss=0.024
[4679.3s] epoch 156 step 123350 avg_loss=0.024
[4681.4s] epoch 156 step 123400 avg_loss=0.026
[4683.3s] epoch 156 step 123450 avg_loss=0.026
[4685.2s] epoch 156 step 123500 avg_loss=0.027
[4687.1s] epoch 156 step 123550 avg_loss=0.027
[4689.3s] epoch 156 step 123600 avg_loss=0.029
[4691.1s] epoch 156 step 123650 avg_loss=0.029
[4693.1s] epoch 156 step 123700 avg_loss=0.029
[4693.9s] === epoch 156 done: avg_loss=0.029 (n=788 derivations) ===
[4695.0s] epoch 157 step 123750 avg_loss=0.018
[4697.1s] epoch 157 step 123800 avg_loss=0.032
[4698.9s] epoch 157 step 123850 avg_loss=0.028
[4700.5s] epoch 157 step 123900 avg_loss=0.024
[4702.5s] epoch 157 step 123950 avg_loss=0.026
[4704.3s] epoch 157 step 124000 avg_loss=0.027
[4706.3s] epoch 157 step 124050 avg_loss=0.026
[4708.2s] epoch 157 step 124100 avg_loss=0.027
[4710.3s] epoch 157 step 124150 avg_loss=0.029
[4712.6s] epoch 157 step 124200 avg_loss=0.031
[4714.4s] epoch 157 step 124250 avg_loss=0.029
[4716.3s] epoch 157 step 124300 avg_loss=0.029
[4718.2s] epoch 157 step 124350 avg_loss=0.029
[4720.2s] epoch 157 step 124400 avg_loss=0.028
[4722.4s] epoch 157 step 124450 avg_loss=0.028
[4724.8s] epoch 157 step 124500 avg_loss=0.028
[4725.0s] === epoch 157 done: avg_loss=0.028 (n=788 derivations) ===
[4727.0s] epoch 158 step 124550 avg_loss=0.032
[4728.9s] epoch 158 step 124600 avg_loss=0.023
[4730.7s] epoch 158 step 124650 avg_loss=0.028
[4733.0s] epoch 158 step 124700 avg_loss=0.033
[4734.9s] epoch 158 step 124750 avg_loss=0.034
[4737.1s] epoch 158 step 124800 avg_loss=0.032
[4739.0s] epoch 158 step 124850 avg_loss=0.031
[4740.9s] epoch 158 step 124900 avg_loss=0.030
[4742.7s] epoch 158 step 124950 avg_loss=0.029
[4744.8s] epoch 158 step 125000 avg_loss=0.028
[4747.0s] epoch 158 step 125050 avg_loss=0.028
[4749.2s] epoch 158 step 125100 avg_loss=0.029
[4751.2s] epoch 158 step 125150 avg_loss=0.028
[4753.1s] epoch 158 step 125200 avg_loss=0.028
[4755.4s] epoch 158 step 125250 avg_loss=0.028
[4757.1s] === epoch 158 done: avg_loss=0.027 (n=788 derivations) ===
[4757.5s] epoch 159 step 125300 avg_loss=0.018
[4759.6s] epoch 159 step 125350 avg_loss=0.029
[4761.7s] epoch 159 step 125400 avg_loss=0.028
[4763.5s] epoch 159 step 125450 avg_loss=0.024
[4765.3s] epoch 159 step 125500 avg_loss=0.026
[4767.4s] epoch 159 step 125550 avg_loss=0.028
[4769.5s] epoch 159 step 125600 avg_loss=0.028
[4771.4s] epoch 159 step 125650 avg_loss=0.030
[4773.3s] epoch 159 step 125700 avg_loss=0.029
[4775.2s] epoch 159 step 125750 avg_loss=0.030
[4777.4s] epoch 159 step 125800 avg_loss=0.030
[4779.2s] epoch 159 step 125850 avg_loss=0.029
[4781.0s] epoch 159 step 125900 avg_loss=0.028
[4782.9s] epoch 159 step 125950 avg_loss=0.027
[4784.9s] epoch 159 step 126000 avg_loss=0.027
[4787.1s] epoch 159 step 126050 avg_loss=0.027
[4790.3s] eval step=4000 train_avg_loss=0.027 dev_rank1_f1=0.3275 dev_edge_p=0.2757 dev_edge_r=0.4034
[4790.3s] === epoch 159 done: avg_loss=0.027 (n=788 derivations) ===
[4791.0s] epoch 160 step 126100 avg_loss=0.014
[4792.8s] epoch 160 step 126150 avg_loss=0.017
[4794.6s] epoch 160 step 126200 avg_loss=0.022
[4796.7s] epoch 160 step 126250 avg_loss=0.026
[4798.7s] epoch 160 step 126300 avg_loss=0.029
[4800.8s] epoch 160 step 126350 avg_loss=0.028
[4802.7s] epoch 160 step 126400 avg_loss=0.027
[4804.6s] epoch 160 step 126450 avg_loss=0.026
[4806.6s] epoch 160 step 126500 avg_loss=0.025
[4808.5s] epoch 160 step 126550 avg_loss=0.025
[4810.5s] epoch 160 step 126600 avg_loss=0.026
[4812.7s] epoch 160 step 126650 avg_loss=0.026
[4814.8s] epoch 160 step 126700 avg_loss=0.026
[4816.7s] epoch 160 step 126750 avg_loss=0.026
[4818.6s] epoch 160 step 126800 avg_loss=0.027
[4820.3s] epoch 160 step 126850 avg_loss=0.026
[4820.9s] === epoch 160 done: avg_loss=0.026 (n=788 derivations) ===
[4822.3s] epoch 161 step 126900 avg_loss=0.031
[4824.1s] epoch 161 step 126950 avg_loss=0.028
[4825.8s] epoch 161 step 127000 avg_loss=0.025
[4827.9s] epoch 161 step 127050 avg_loss=0.022
[4830.1s] epoch 161 step 127100 avg_loss=0.024
[4831.9s] epoch 161 step 127150 avg_loss=0.023
[4833.8s] epoch 161 step 127200 avg_loss=0.022
[4835.7s] epoch 161 step 127250 avg_loss=0.022
[4837.4s] epoch 161 step 127300 avg_loss=0.025
[4839.2s] epoch 161 step 127350 avg_loss=0.024
[4841.3s] epoch 161 step 127400 avg_loss=0.024
[4843.3s] epoch 161 step 127450 avg_loss=0.025
[4845.4s] epoch 161 step 127500 avg_loss=0.025
[4847.2s] epoch 161 step 127550 avg_loss=0.025
[4849.3s] epoch 161 step 127600 avg_loss=0.025
[4851.4s] epoch 161 step 127650 avg_loss=0.025
[4851.6s] === epoch 161 done: avg_loss=0.025 (n=788 derivations) ===
[4853.5s] epoch 162 step 127700 avg_loss=0.022
[4855.1s] epoch 162 step 127750 avg_loss=0.029
[4857.1s] epoch 162 step 127800 avg_loss=0.028
[4859.0s] epoch 162 step 127850 avg_loss=0.028
[4861.1s] epoch 162 step 127900 avg_loss=0.025
[4863.1s] epoch 162 step 127950 avg_loss=0.026
[4865.1s] epoch 162 step 128000 avg_loss=0.025
[4867.0s] epoch 162 step 128050 avg_loss=0.024
[4869.0s] epoch 162 step 128100 avg_loss=0.024
[4870.8s] epoch 162 step 128150 avg_loss=0.024
[4872.6s] epoch 162 step 128200 avg_loss=0.024
[4874.5s] epoch 162 step 128250 avg_loss=0.024
[4876.6s] epoch 162 step 128300 avg_loss=0.025
[4878.4s] epoch 162 step 128350 avg_loss=0.024
[4880.6s] epoch 162 step 128400 avg_loss=0.024
[4882.4s] === epoch 162 done: avg_loss=0.025 (n=788 derivations) ===
[4882.6s] epoch 163 step 128450 avg_loss=0.024
[4884.4s] epoch 163 step 128500 avg_loss=0.017
[4886.5s] epoch 163 step 128550 avg_loss=0.020
[4888.4s] epoch 163 step 128600 avg_loss=0.019
[4890.4s] epoch 163 step 128650 avg_loss=0.021
[4892.4s] epoch 163 step 128700 avg_loss=0.022
[4894.4s] epoch 163 step 128750 avg_loss=0.022
[4896.3s] epoch 163 step 128800 avg_loss=0.021
[4898.4s] epoch 163 step 128850 avg_loss=0.023
[4900.1s] epoch 163 step 128900 avg_loss=0.023
[4902.0s] epoch 163 step 128950 avg_loss=0.024
[4903.8s] epoch 163 step 129000 avg_loss=0.023
[4905.6s] epoch 163 step 129050 avg_loss=0.023
[4908.0s] epoch 163 step 129100 avg_loss=0.024
[4910.2s] epoch 163 step 129150 avg_loss=0.024
[4912.2s] epoch 163 step 129200 avg_loss=0.024
[4913.8s] === epoch 163 done: avg_loss=0.024 (n=788 derivations) ===
[4914.4s] epoch 164 step 129250 avg_loss=0.018
[4916.5s] epoch 164 step 129300 avg_loss=0.027
[4918.8s] epoch 164 step 129350 avg_loss=0.026
[4921.2s] epoch 164 step 129400 avg_loss=0.025
[4923.3s] epoch 164 step 129450 avg_loss=0.028
[4925.4s] epoch 164 step 129500 avg_loss=0.027
[4927.2s] epoch 164 step 129550 avg_loss=0.028
[4928.8s] epoch 164 step 129600 avg_loss=0.027
[4930.5s] epoch 164 step 129650 avg_loss=0.026
[4932.4s] epoch 164 step 129700 avg_loss=0.025
[4934.3s] epoch 164 step 129750 avg_loss=0.025
[4936.2s] epoch 164 step 129800 avg_loss=0.024
[4937.9s] epoch 164 step 129850 avg_loss=0.024
[4939.7s] epoch 164 step 129900 avg_loss=0.024
[4941.9s] epoch 164 step 129950 avg_loss=0.024
[4943.8s] epoch 164 step 130000 avg_loss=0.024
[4944.6s] === epoch 164 done: avg_loss=0.024 (n=788 derivations) ===
[4945.6s] epoch 165 step 130050 avg_loss=0.013
[4947.3s] epoch 165 step 130100 avg_loss=0.024
[4949.2s] epoch 165 step 130150 avg_loss=0.026
[4951.1s] epoch 165 step 130200 avg_loss=0.025
[4953.0s] epoch 165 step 130250 avg_loss=0.025
[4955.0s] epoch 165 step 130300 avg_loss=0.024
[4956.8s] epoch 165 step 130350 avg_loss=0.023
[4958.8s] epoch 165 step 130400 avg_loss=0.024
[4960.6s] epoch 165 step 130450 avg_loss=0.025
[4962.8s] epoch 165 step 130500 avg_loss=0.024
[4964.6s] epoch 165 step 130550 avg_loss=0.024
[4966.4s] epoch 165 step 130600 avg_loss=0.024
[4968.5s] epoch 165 step 130650 avg_loss=0.024
[4970.5s] epoch 165 step 130700 avg_loss=0.023
[4972.3s] epoch 165 step 130750 avg_loss=0.023
[4974.8s] epoch 165 step 130800 avg_loss=0.023
[4975.2s] === epoch 165 done: avg_loss=0.023 (n=788 derivations) ===
[4976.9s] epoch 166 step 130850 avg_loss=0.016
[4978.9s] epoch 166 step 130900 avg_loss=0.022
[4981.0s] epoch 166 step 130950 avg_loss=0.023
[4983.0s] epoch 166 step 131000 avg_loss=0.026
[4985.1s] epoch 166 step 131050 avg_loss=0.025
[4987.2s] epoch 166 step 131100 avg_loss=0.025
[4989.5s] epoch 166 step 131150 avg_loss=0.024
[4991.6s] epoch 166 step 131200 avg_loss=0.024
[4993.8s] epoch 166 step 131250 avg_loss=0.025
[4995.7s] epoch 166 step 131300 avg_loss=0.024
[4997.9s] epoch 166 step 131350 avg_loss=0.024
[5000.2s] epoch 166 step 131400 avg_loss=0.024
[5002.2s] epoch 166 step 131450 avg_loss=0.023
[5004.0s] epoch 166 step 131500 avg_loss=0.022
[5005.7s] epoch 166 step 131550 avg_loss=0.022
[5007.9s] === epoch 166 done: avg_loss=0.023 (n=788 derivations) ===
[5008.1s] epoch 167 step 131600 avg_loss=0.037
[5010.2s] epoch 167 step 131650 avg_loss=0.025
[5012.0s] epoch 167 step 131700 avg_loss=0.021
[5014.1s] epoch 167 step 131750 avg_loss=0.021
[5016.0s] epoch 167 step 131800 avg_loss=0.023
[5017.9s] epoch 167 step 131850 avg_loss=0.021
[5020.0s] epoch 167 step 131900 avg_loss=0.021
[5022.5s] epoch 167 step 131950 avg_loss=0.023
[5024.8s] epoch 167 step 132000 avg_loss=0.023
[5027.0s] epoch 167 step 132050 avg_loss=0.024
[5028.8s] epoch 167 step 132100 avg_loss=0.023
[5030.6s] epoch 167 step 132150 avg_loss=0.022
[5032.3s] epoch 167 step 132200 avg_loss=0.023
[5034.0s] epoch 167 step 132250 avg_loss=0.023
[5036.0s] epoch 167 step 132300 avg_loss=0.023
[5037.8s] epoch 167 step 132350 avg_loss=0.022
[5039.0s] === epoch 167 done: avg_loss=0.022 (n=788 derivations) ===
[5039.6s] epoch 168 step 132400 avg_loss=0.012
[5041.4s] epoch 168 step 132450 avg_loss=0.027
[5043.1s] epoch 168 step 132500 avg_loss=0.023
[5044.9s] epoch 168 step 132550 avg_loss=0.026
[5046.7s] epoch 168 step 132600 avg_loss=0.025
[5048.6s] epoch 168 step 132650 avg_loss=0.024
[5050.8s] epoch 168 step 132700 avg_loss=0.024
[5052.5s] epoch 168 step 132750 avg_loss=0.022
[5054.3s] epoch 168 step 132800 avg_loss=0.022
[5056.1s] epoch 168 step 132850 avg_loss=0.021
[5057.7s] epoch 168 step 132900 avg_loss=0.021
[5059.6s] epoch 168 step 132950 avg_loss=0.020
[5061.8s] epoch 168 step 133000 avg_loss=0.021
[5063.6s] epoch 168 step 133050 avg_loss=0.021
[5065.5s] epoch 168 step 133100 avg_loss=0.022
[5067.2s] epoch 168 step 133150 avg_loss=0.022
[5068.2s] === epoch 168 done: avg_loss=0.022 (n=788 derivations) ===
[5069.3s] epoch 169 step 133200 avg_loss=0.012
[5071.3s] epoch 169 step 133250 avg_loss=0.012
[5073.3s] epoch 169 step 133300 avg_loss=0.014
[5075.3s] epoch 169 step 133350 avg_loss=0.017
[5077.1s] epoch 169 step 133400 avg_loss=0.019
[5079.0s] epoch 169 step 133450 avg_loss=0.020
[5080.7s] epoch 169 step 133500 avg_loss=0.020
[5082.6s] epoch 169 step 133550 avg_loss=0.020
[5084.3s] epoch 169 step 133600 avg_loss=0.020
[5086.0s] epoch 169 step 133650 avg_loss=0.021
[5087.8s] epoch 169 step 133700 avg_loss=0.021
[5089.8s] epoch 169 step 133750 avg_loss=0.021
[5091.9s] epoch 169 step 133800 avg_loss=0.021
[5093.7s] epoch 169 step 133850 avg_loss=0.022
[5095.5s] epoch 169 step 133900 avg_loss=0.021
[5097.5s] epoch 169 step 133950 avg_loss=0.021
[5099.5s] eval step=4250 train_avg_loss=0.021 dev_rank1_f1=0.3202 dev_edge_p=0.2716 dev_edge_r=0.3901
[5099.5s] === epoch 169 done: avg_loss=0.021 (n=788 derivations) ===
[5100.9s] epoch 170 step 134000 avg_loss=0.034
[5102.7s] epoch 170 step 134050 avg_loss=0.028
[5104.4s] epoch 170 step 134100 avg_loss=0.022
[5106.1s] epoch 170 step 134150 avg_loss=0.020
[5107.9s] epoch 170 step 134200 avg_loss=0.019
[5109.5s] epoch 170 step 134250 avg_loss=0.019
[5111.4s] epoch 170 step 134300 avg_loss=0.019
[5113.3s] epoch 170 step 134350 avg_loss=0.019
[5115.2s] epoch 170 step 134400 avg_loss=0.019
[5117.0s] epoch 170 step 134450 avg_loss=0.019
[5118.9s] epoch 170 step 134500 avg_loss=0.020
[5120.6s] epoch 170 step 134550 avg_loss=0.020
[5122.5s] epoch 170 step 134600 avg_loss=0.020
[5124.4s] epoch 170 step 134650 avg_loss=0.020
[5126.2s] epoch 170 step 134700 avg_loss=0.020
[5128.0s] === epoch 170 done: avg_loss=0.021 (n=788 derivations) ===
[5128.1s] epoch 171 step 134750 avg_loss=0.009
[5129.8s] epoch 171 step 134800 avg_loss=0.025
[5131.8s] epoch 171 step 134850 avg_loss=0.021
[5133.8s] epoch 171 step 134900 avg_loss=0.021
[5135.8s] epoch 171 step 134950 avg_loss=0.023
[5137.7s] epoch 171 step 135000 avg_loss=0.022
[5139.5s] epoch 171 step 135050 avg_loss=0.023
[5141.4s] epoch 171 step 135100 avg_loss=0.023
[5143.0s] epoch 171 step 135150 avg_loss=0.022
[5144.9s] epoch 171 step 135200 avg_loss=0.022
[5146.9s] epoch 171 step 135250 avg_loss=0.022
[5149.0s] epoch 171 step 135300 avg_loss=0.022
[5151.0s] epoch 171 step 135350 avg_loss=0.021
[5152.9s] epoch 171 step 135400 avg_loss=0.021
[5154.5s] epoch 171 step 135450 avg_loss=0.020
[5156.4s] epoch 171 step 135500 avg_loss=0.021
[5157.5s] === epoch 171 done: avg_loss=0.020 (n=788 derivations) ===
[5158.0s] epoch 172 step 135550 avg_loss=0.017
[5160.1s] epoch 172 step 135600 avg_loss=0.034
[5161.7s] epoch 172 step 135650 avg_loss=0.027
[5163.6s] epoch 172 step 135700 avg_loss=0.024
[5165.2s] epoch 172 step 135750 avg_loss=0.021
[5166.8s] epoch 172 step 135800 avg_loss=0.020
[5168.4s] epoch 172 step 135850 avg_loss=0.019
[5170.3s] epoch 172 step 135900 avg_loss=0.019
[5172.4s] epoch 172 step 135950 avg_loss=0.020
[5174.3s] epoch 172 step 136000 avg_loss=0.020
[5176.2s] epoch 172 step 136050 avg_loss=0.020
[5178.5s] epoch 172 step 136100 avg_loss=0.020
[5180.3s] epoch 172 step 136150 avg_loss=0.020
[5182.0s] epoch 172 step 136200 avg_loss=0.020
[5183.7s] epoch 172 step 136250 avg_loss=0.020
[5185.3s] epoch 172 step 136300 avg_loss=0.020
[5186.1s] === epoch 172 done: avg_loss=0.020 (n=788 derivations) ===
[5187.1s] epoch 173 step 136350 avg_loss=0.033
[5188.9s] epoch 173 step 136400 avg_loss=0.023
[5190.5s] epoch 173 step 136450 avg_loss=0.020
[5192.1s] epoch 173 step 136500 avg_loss=0.018
[5194.1s] epoch 173 step 136550 avg_loss=0.021
[5195.8s] epoch 173 step 136600 avg_loss=0.020
[5197.4s] epoch 173 step 136650 avg_loss=0.019
[5198.9s] epoch 173 step 136700 avg_loss=0.018
[5200.7s] epoch 173 step 136750 avg_loss=0.019
[5202.4s] epoch 173 step 136800 avg_loss=0.019
[5204.4s] epoch 173 step 136850 avg_loss=0.019
[5206.3s] epoch 173 step 136900 avg_loss=0.019
[5208.1s] epoch 173 step 136950 avg_loss=0.018
[5209.7s] epoch 173 step 137000 avg_loss=0.019
[5211.7s] epoch 173 step 137050 avg_loss=0.020
[5213.4s] epoch 173 step 137100 avg_loss=0.020
[5213.8s] === epoch 173 done: avg_loss=0.019 (n=788 derivations) ===
[5215.1s] epoch 174 step 137150 avg_loss=0.018
[5216.9s] epoch 174 step 137200 avg_loss=0.019
[5218.5s] epoch 174 step 137250 avg_loss=0.016
[5220.2s] epoch 174 step 137300 avg_loss=0.018
[5222.0s] epoch 174 step 137350 avg_loss=0.019
[5224.0s] epoch 174 step 137400 avg_loss=0.018
[5225.8s] epoch 174 step 137450 avg_loss=0.018
[5227.6s] epoch 174 step 137500 avg_loss=0.018
[5229.2s] epoch 174 step 137550 avg_loss=0.019
[5231.1s] epoch 174 step 137600 avg_loss=0.019
[5232.7s] epoch 174 step 137650 avg_loss=0.020
[5234.4s] epoch 174 step 137700 avg_loss=0.019
[5236.4s] epoch 174 step 137750 avg_loss=0.019
[5238.2s] epoch 174 step 137800 avg_loss=0.020
[5239.9s] epoch 174 step 137850 avg_loss=0.019
[5241.5s] epoch 174 step 137900 avg_loss=0.019
[5241.5s] === epoch 174 done: avg_loss=0.019 (n=788 derivations) ===
[5243.4s] epoch 175 step 137950 avg_loss=0.015
[5245.5s] epoch 175 step 138000 avg_loss=0.021
[5247.4s] epoch 175 step 138050 avg_loss=0.020
[5249.3s] epoch 175 step 138100 avg_loss=0.018
[5251.0s] epoch 175 step 138150 avg_loss=0.018
[5252.9s] epoch 175 step 138200 avg_loss=0.018
[5254.5s] epoch 175 step 138250 avg_loss=0.018
[5256.2s] epoch 175 step 138300 avg_loss=0.018
[5257.9s] epoch 175 step 138350 avg_loss=0.017
[5259.8s] epoch 175 step 138400 avg_loss=0.018
[5261.8s] epoch 175 step 138450 avg_loss=0.018
[5263.7s] epoch 175 step 138500 avg_loss=0.019
[5265.4s] epoch 175 step 138550 avg_loss=0.020
[5266.9s] epoch 175 step 138600 avg_loss=0.019
[5268.6s] epoch 175 step 138650 avg_loss=0.019
[5270.1s] === epoch 175 done: avg_loss=0.019 (n=788 derivations) ===
[5270.5s] epoch 176 step 138700 avg_loss=0.017
[5272.3s] epoch 176 step 138750 avg_loss=0.022
[5274.2s] epoch 176 step 138800 avg_loss=0.023
[5276.0s] epoch 176 step 138850 avg_loss=0.023
[5277.4s] epoch 176 step 138900 avg_loss=0.020
[5279.3s] epoch 176 step 138950 avg_loss=0.020
[5281.2s] epoch 176 step 139000 avg_loss=0.020
[5283.0s] epoch 176 step 139050 avg_loss=0.019
[5284.8s] epoch 176 step 139100 avg_loss=0.019
[5286.6s] epoch 176 step 139150 avg_loss=0.019
[5288.2s] epoch 176 step 139200 avg_loss=0.018
[5290.2s] epoch 176 step 139250 avg_loss=0.018
[5292.0s] epoch 176 step 139300 avg_loss=0.018
[5293.7s] epoch 176 step 139350 avg_loss=0.017
[5295.7s] epoch 176 step 139400 avg_loss=0.018
[5297.8s] epoch 176 step 139450 avg_loss=0.018
[5299.0s] === epoch 176 done: avg_loss=0.018 (n=788 derivations) ===
[5299.8s] epoch 177 step 139500 avg_loss=0.016
[5301.6s] epoch 177 step 139550 avg_loss=0.019
[5303.4s] epoch 177 step 139600 avg_loss=0.018
[5305.4s] epoch 177 step 139650 avg_loss=0.020
[5307.3s] epoch 177 step 139700 avg_loss=0.018
[5309.1s] epoch 177 step 139750 avg_loss=0.018
[5310.9s] epoch 177 step 139800 avg_loss=0.019
[5312.7s] epoch 177 step 139850 avg_loss=0.018
[5314.6s] epoch 177 step 139900 avg_loss=0.019
[5316.2s] epoch 177 step 139950 avg_loss=0.019
[5317.9s] epoch 177 step 140000 avg_loss=0.018
[5319.7s] epoch 177 step 140050 avg_loss=0.018
[5321.5s] epoch 177 step 140100 avg_loss=0.018
[5323.0s] epoch 177 step 140150 avg_loss=0.018
[5324.7s] epoch 177 step 140200 avg_loss=0.018
[5326.5s] epoch 177 step 140250 avg_loss=0.018
[5327.0s] === epoch 177 done: avg_loss=0.018 (n=788 derivations) ===
[5328.1s] epoch 178 step 140300 avg_loss=0.010
[5330.0s] epoch 178 step 140350 avg_loss=0.015
[5332.0s] epoch 178 step 140400 avg_loss=0.015
[5334.0s] epoch 178 step 140450 avg_loss=0.015
[5336.0s] epoch 178 step 140500 avg_loss=0.017
[5337.7s] epoch 178 step 140550 avg_loss=0.017
[5339.3s] epoch 178 step 140600 avg_loss=0.017
[5341.2s] epoch 178 step 140650 avg_loss=0.017
[5343.1s] epoch 178 step 140700 avg_loss=0.017
[5345.1s] epoch 178 step 140750 avg_loss=0.017
[5346.7s] epoch 178 step 140800 avg_loss=0.017
[5348.6s] epoch 178 step 140850 avg_loss=0.017
[5350.8s] epoch 178 step 140900 avg_loss=0.017
[5352.8s] epoch 178 step 140950 avg_loss=0.017
[5354.4s] epoch 178 step 141000 avg_loss=0.018
[5356.2s] epoch 178 step 141050 avg_loss=0.018
[5356.3s] === epoch 178 done: avg_loss=0.018 (n=788 derivations) ===
[5358.0s] epoch 179 step 141100 avg_loss=0.030
[5359.8s] epoch 179 step 141150 avg_loss=0.021
[5361.7s] epoch 179 step 141200 avg_loss=0.021
[5363.6s] epoch 179 step 141250 avg_loss=0.021
[5365.4s] epoch 179 step 141300 avg_loss=0.021
[5367.4s] epoch 179 step 141350 avg_loss=0.019
[5369.2s] epoch 179 step 141400 avg_loss=0.021
[5370.9s] epoch 179 step 141450 avg_loss=0.020
[5372.7s] epoch 179 step 141500 avg_loss=0.019
[5374.3s] epoch 179 step 141550 avg_loss=0.019
[5376.2s] epoch 179 step 141600 avg_loss=0.019
[5377.9s] epoch 179 step 141650 avg_loss=0.019
[5379.8s] epoch 179 step 141700 avg_loss=0.018
[5381.7s] epoch 179 step 141750 avg_loss=0.018
[5383.3s] epoch 179 step 141800 avg_loss=0.018
[5386.1s] eval step=4500 train_avg_loss=0.017 dev_rank1_f1=0.3195 dev_edge_p=0.2715 dev_edge_r=0.3881
[5386.1s] === epoch 179 done: avg_loss=0.017 (n=788 derivations) ===
[5386.5s] epoch 180 step 141850 avg_loss=0.038
[5388.3s] epoch 180 step 141900 avg_loss=0.020
[5389.8s] epoch 180 step 141950 avg_loss=0.017
[5391.5s] epoch 180 step 142000 avg_loss=0.015
[5393.1s] epoch 180 step 142050 avg_loss=0.014
[5394.8s] epoch 180 step 142100 avg_loss=0.016
[5396.6s] epoch 180 step 142150 avg_loss=0.015
[5398.4s] epoch 180 step 142200 avg_loss=0.015
[5400.1s] epoch 180 step 142250 avg_loss=0.016
[5401.8s] epoch 180 step 142300 avg_loss=0.016
[5403.7s] epoch 180 step 142350 avg_loss=0.016
[5405.6s] epoch 180 step 142400 avg_loss=0.016
[5407.7s] epoch 180 step 142450 avg_loss=0.017
[5409.7s] epoch 180 step 142500 avg_loss=0.018
[5411.5s] epoch 180 step 142550 avg_loss=0.017
[5413.4s] epoch 180 step 142600 avg_loss=0.017
[5414.3s] === epoch 180 done: avg_loss=0.017 (n=788 derivations) ===
[5415.3s] epoch 181 step 142650 avg_loss=0.012
[5417.5s] epoch 181 step 142700 avg_loss=0.019
[5419.1s] epoch 181 step 142750 avg_loss=0.016
[5420.9s] epoch 181 step 142800 avg_loss=0.014
[5422.7s] epoch 181 step 142850 avg_loss=0.015
[5424.7s] epoch 181 step 142900 avg_loss=0.016
[5426.5s] epoch 181 step 142950 avg_loss=0.015
[5428.5s] epoch 181 step 143000 avg_loss=0.015
[5430.7s] epoch 181 step 143050 avg_loss=0.017
[5432.6s] epoch 181 step 143100 avg_loss=0.017
[5434.4s] epoch 181 step 143150 avg_loss=0.016
[5436.1s] epoch 181 step 143200 avg_loss=0.016
[5438.1s] epoch 181 step 143250 avg_loss=0.016
[5440.0s] epoch 181 step 143300 avg_loss=0.016
[5441.9s] epoch 181 step 143350 avg_loss=0.016
[5443.7s] epoch 181 step 143400 avg_loss=0.017
[5444.2s] === epoch 181 done: avg_loss=0.017 (n=788 derivations) ===
[5445.5s] epoch 182 step 143450 avg_loss=0.036
[5447.4s] epoch 182 step 143500 avg_loss=0.026
[5449.0s] epoch 182 step 143550 avg_loss=0.021
[5451.0s] epoch 182 step 143600 avg_loss=0.022
[5452.9s] epoch 182 step 143650 avg_loss=0.020
[5454.9s] epoch 182 step 143700 avg_loss=0.018
[5456.7s] epoch 182 step 143750 avg_loss=0.019
[5458.6s] epoch 182 step 143800 avg_loss=0.018
[5460.3s] epoch 182 step 143850 avg_loss=0.017
[5462.3s] epoch 182 step 143900 avg_loss=0.017
[5464.2s] epoch 182 step 143950 avg_loss=0.017
[5466.2s] epoch 182 step 144000 avg_loss=0.017
[5468.0s] epoch 182 step 144050 avg_loss=0.017
[5470.0s] epoch 182 step 144100 avg_loss=0.017
[5472.1s] epoch 182 step 144150 avg_loss=0.017
[5473.4s] epoch 182 step 144200 avg_loss=0.016
[5473.6s] === epoch 182 done: avg_loss=0.016 (n=788 derivations) ===
[5475.4s] epoch 183 step 144250 avg_loss=0.019
[5477.3s] epoch 183 step 144300 avg_loss=0.016
[5479.0s] epoch 183 step 144350 avg_loss=0.022
[5480.8s] epoch 183 step 144400 avg_loss=0.020
[5482.7s] epoch 183 step 144450 avg_loss=0.018
[5484.7s] epoch 183 step 144500 avg_loss=0.018
[5486.8s] epoch 183 step 144550 avg_loss=0.019
[5488.6s] epoch 183 step 144600 avg_loss=0.018
[5490.6s] epoch 183 step 144650 avg_loss=0.019
[5492.3s] epoch 183 step 144700 avg_loss=0.018
[5494.0s] epoch 183 step 144750 avg_loss=0.017
[5495.6s] epoch 183 step 144800 avg_loss=0.017
[5497.4s] epoch 183 step 144850 avg_loss=0.017
[5499.1s] epoch 183 step 144900 avg_loss=0.016
[5501.1s] epoch 183 step 144950 avg_loss=0.016
[5502.6s] === epoch 183 done: avg_loss=0.016 (n=788 derivations) ===
[5502.9s] epoch 184 step 145000 avg_loss=0.008
[5505.0s] epoch 184 step 145050 avg_loss=0.015
[5506.8s] epoch 184 step 145100 avg_loss=0.016
[5508.9s] epoch 184 step 145150 avg_loss=0.018
[5510.8s] epoch 184 step 145200 avg_loss=0.017
[5512.5s] epoch 184 step 145250 avg_loss=0.016
[5514.6s] epoch 184 step 145300 avg_loss=0.019
[5516.3s] epoch 184 step 145350 avg_loss=0.018
[5518.0s] epoch 184 step 145400 avg_loss=0.017
[5519.6s] epoch 184 step 145450 avg_loss=0.016
[5521.3s] epoch 184 step 145500 avg_loss=0.016
[5523.2s] epoch 184 step 145550 avg_loss=0.016
[5525.1s] epoch 184 step 145600 avg_loss=0.016
[5526.9s] epoch 184 step 145650 avg_loss=0.016
[5528.5s] epoch 184 step 145700 avg_loss=0.016
[5530.5s] epoch 184 step 145750 avg_loss=0.016
[5531.4s] === epoch 184 done: avg_loss=0.016 (n=788 derivations) ===
[5532.0s] epoch 185 step 145800 avg_loss=0.007
[5534.1s] epoch 185 step 145850 avg_loss=0.013
[5536.2s] epoch 185 step 145900 avg_loss=0.014
[5538.2s] epoch 185 step 145950 avg_loss=0.016
[5540.1s] epoch 185 step 146000 avg_loss=0.016
[5541.9s] epoch 185 step 146050 avg_loss=0.015
[5543.7s] epoch 185 step 146100 avg_loss=0.016
[5545.4s] epoch 185 step 146150 avg_loss=0.015
[5547.3s] epoch 185 step 146200 avg_loss=0.016
[5549.1s] epoch 185 step 146250 avg_loss=0.015
[5551.0s] epoch 185 step 146300 avg_loss=0.016
[5552.6s] epoch 185 step 146350 avg_loss=0.016
[5554.3s] epoch 185 step 146400 avg_loss=0.016
[5556.1s] epoch 185 step 146450 avg_loss=0.016
[5558.0s] epoch 185 step 146500 avg_loss=0.016
[5559.7s] epoch 185 step 146550 avg_loss=0.015
[5560.3s] === epoch 185 done: avg_loss=0.015 (n=788 derivations) ===
[5561.3s] epoch 186 step 146600 avg_loss=0.012
[5563.3s] epoch 186 step 146650 avg_loss=0.013
[5565.1s] epoch 186 step 146700 avg_loss=0.013
[5567.0s] epoch 186 step 146750 avg_loss=0.013
[5568.8s] epoch 186 step 146800 avg_loss=0.013
[5570.7s] epoch 186 step 146850 avg_loss=0.016
[5572.3s] epoch 186 step 146900 avg_loss=0.015
[5574.1s] epoch 186 step 146950 avg_loss=0.015
[5575.8s] epoch 186 step 147000 avg_loss=0.014
[5577.4s] epoch 186 step 147050 avg_loss=0.015
[5579.1s] epoch 186 step 147100 avg_loss=0.015
[5580.9s] epoch 186 step 147150 avg_loss=0.015
[5582.9s] epoch 186 step 147200 avg_loss=0.015
[5584.8s] epoch 186 step 147250 avg_loss=0.015
[5586.4s] epoch 186 step 147300 avg_loss=0.015
[5588.2s] epoch 186 step 147350 avg_loss=0.015
[5588.6s] === epoch 186 done: avg_loss=0.015 (n=788 derivations) ===
[5590.5s] epoch 187 step 147400 avg_loss=0.024
[5592.4s] epoch 187 step 147450 avg_loss=0.018
[5594.4s] epoch 187 step 147500 avg_loss=0.016
[5596.8s] epoch 187 step 147550 avg_loss=0.015
[5598.8s] epoch 187 step 147600 avg_loss=0.014
[5600.7s] epoch 187 step 147650 avg_loss=0.014
[5602.6s] epoch 187 step 147700 avg_loss=0.013
[5604.7s] epoch 187 step 147750 avg_loss=0.014
[5606.7s] epoch 187 step 147800 avg_loss=0.014
[5608.7s] epoch 187 step 147850 avg_loss=0.014
[5610.9s] epoch 187 step 147900 avg_loss=0.014
[5612.9s] epoch 187 step 147950 avg_loss=0.014
[5614.8s] epoch 187 step 148000 avg_loss=0.014
[5616.8s] epoch 187 step 148050 avg_loss=0.014
[5618.6s] epoch 187 step 148100 avg_loss=0.015
[5620.4s] === epoch 187 done: avg_loss=0.015 (n=788 derivations) ===
[5620.6s] epoch 188 step 148150 avg_loss=0.004
[5622.3s] epoch 188 step 148200 avg_loss=0.013
[5624.2s] epoch 188 step 148250 avg_loss=0.011
[5625.9s] epoch 188 step 148300 avg_loss=0.010
[5627.9s] epoch 188 step 148350 avg_loss=0.012
[5629.9s] epoch 188 step 148400 avg_loss=0.012
[5631.9s] epoch 188 step 148450 avg_loss=0.012
[5633.7s] epoch 188 step 148500 avg_loss=0.012
[5635.6s] epoch 188 step 148550 avg_loss=0.012
[5637.4s] epoch 188 step 148600 avg_loss=0.013
[5639.2s] epoch 188 step 148650 avg_loss=0.013
[5640.9s] epoch 188 step 148700 avg_loss=0.012
[5642.9s] epoch 188 step 148750 avg_loss=0.013
[5644.9s] epoch 188 step 148800 avg_loss=0.013
[5646.9s] epoch 188 step 148850 avg_loss=0.013
[5649.1s] epoch 188 step 148900 avg_loss=0.014
[5650.4s] === epoch 188 done: avg_loss=0.015 (n=788 derivations) ===
[5651.3s] epoch 189 step 148950 avg_loss=0.013
[5653.3s] epoch 189 step 149000 avg_loss=0.015
[5655.1s] epoch 189 step 149050 avg_loss=0.014
[5657.0s] epoch 189 step 149100 avg_loss=0.014
[5659.0s] epoch 189 step 149150 avg_loss=0.013
[5660.8s] epoch 189 step 149200 avg_loss=0.013
[5662.6s] epoch 189 step 149250 avg_loss=0.013
[5664.6s] epoch 189 step 149300 avg_loss=0.013
[5666.4s] epoch 189 step 149350 avg_loss=0.014
[5668.4s] epoch 189 step 149400 avg_loss=0.014
[5670.1s] epoch 189 step 149450 avg_loss=0.013
[5671.9s] epoch 189 step 149500 avg_loss=0.014
[5673.8s] epoch 189 step 149550 avg_loss=0.014
[5675.8s] epoch 189 step 149600 avg_loss=0.014
[5677.7s] epoch 189 step 149650 avg_loss=0.014
[5679.6s] epoch 189 step 149700 avg_loss=0.014
[5682.4s] eval step=4750 train_avg_loss=0.014 dev_rank1_f1=0.3211 dev_edge_p=0.2747 dev_edge_r=0.3862
[5682.4s] === epoch 189 done: avg_loss=0.014 (n=788 derivations) ===
[5683.5s] epoch 190 step 149750 avg_loss=0.018
[5685.7s] epoch 190 step 149800 avg_loss=0.016
[5687.6s] epoch 190 step 149850 avg_loss=0.014
[5689.9s] epoch 190 step 149900 avg_loss=0.015
[5692.2s] epoch 190 step 149950 avg_loss=0.017
[5694.0s] epoch 190 step 150000 avg_loss=0.017
[5696.0s] epoch 190 step 150050 avg_loss=0.016
[5697.6s] epoch 190 step 150100 avg_loss=0.016
[5699.6s] epoch 190 step 150150 avg_loss=0.015
[5701.3s] epoch 190 step 150200 avg_loss=0.014
[5703.3s] epoch 190 step 150250 avg_loss=0.015
[5705.0s] epoch 190 step 150300 avg_loss=0.015
[5707.0s] epoch 190 step 150350 avg_loss=0.015
[5708.8s] epoch 190 step 150400 avg_loss=0.015
[5710.4s] epoch 190 step 150450 avg_loss=0.014
[5712.1s] epoch 190 step 150500 avg_loss=0.014
[5712.4s] === epoch 190 done: avg_loss=0.014 (n=788 derivations) ===
[5714.0s] epoch 191 step 150550 avg_loss=0.020
[5715.7s] epoch 191 step 150600 avg_loss=0.017
[5717.5s] epoch 191 step 150650 avg_loss=0.014
[5719.7s] epoch 191 step 150700 avg_loss=0.014
[5721.8s] epoch 191 step 150750 avg_loss=0.015
[5724.0s] epoch 191 step 150800 avg_loss=0.016
[5726.0s] epoch 191 step 150850 avg_loss=0.016
[5727.7s] epoch 191 step 150900 avg_loss=0.015
[5729.4s] epoch 191 step 150950 avg_loss=0.015
[5731.0s] epoch 191 step 151000 avg_loss=0.014
[5732.9s] epoch 191 step 151050 avg_loss=0.014
[5734.8s] epoch 191 step 151100 avg_loss=0.014
[5736.4s] epoch 191 step 151150 avg_loss=0.013
[5738.3s] epoch 191 step 151200 avg_loss=0.013
[5740.0s] epoch 191 step 151250 avg_loss=0.014
[5741.6s] === epoch 191 done: avg_loss=0.014 (n=788 derivations) ===
[5741.7s] epoch 192 step 151300 avg_loss=0.011
[5743.7s] epoch 192 step 151350 avg_loss=0.018
[5745.7s] epoch 192 step 151400 avg_loss=0.016
[5747.5s] epoch 192 step 151450 avg_loss=0.015
[5749.2s] epoch 192 step 151500 avg_loss=0.014
[5751.0s] epoch 192 step 151550 avg_loss=0.013
[5753.0s] epoch 192 step 151600 avg_loss=0.013
[5754.7s] epoch 192 step 151650 avg_loss=0.013
[5756.6s] epoch 192 step 151700 avg_loss=0.013
[5758.5s] epoch 192 step 151750 avg_loss=0.013
[5760.2s] epoch 192 step 151800 avg_loss=0.013
[5761.9s] epoch 192 step 151850 avg_loss=0.013
[5764.1s] epoch 192 step 151900 avg_loss=0.014
[5765.7s] epoch 192 step 151950 avg_loss=0.014
[5767.4s] epoch 192 step 152000 avg_loss=0.014
[5769.2s] epoch 192 step 152050 avg_loss=0.014
[5770.6s] === epoch 192 done: avg_loss=0.014 (n=788 derivations) ===
[5771.5s] epoch 193 step 152100 avg_loss=0.032
[5773.0s] epoch 193 step 152150 avg_loss=0.016
[5775.1s] epoch 193 step 152200 avg_loss=0.015
[5776.9s] epoch 193 step 152250 avg_loss=0.015
[5778.8s] epoch 193 step 152300 avg_loss=0.014
[5780.6s] epoch 193 step 152350 avg_loss=0.014
[5782.1s] epoch 193 step 152400 avg_loss=0.015
[5783.9s] epoch 193 step 152450 avg_loss=0.014
[5785.5s] epoch 193 step 152500 avg_loss=0.013
[5787.3s] epoch 193 step 152550 avg_loss=0.013
[5789.1s] epoch 193 step 152600 avg_loss=0.013
[5791.0s] epoch 193 step 152650 avg_loss=0.014
[5792.7s] epoch 193 step 152700 avg_loss=0.013
[5794.5s] epoch 193 step 152750 avg_loss=0.014
[5796.2s] epoch 193 step 152800 avg_loss=0.014
[5797.8s] epoch 193 step 152850 avg_loss=0.013
[5798.7s] === epoch 193 done: avg_loss=0.013 (n=788 derivations) ===
[5799.9s] epoch 194 step 152900 avg_loss=0.010
[5801.7s] epoch 194 step 152950 avg_loss=0.012
[5803.5s] epoch 194 step 153000 avg_loss=0.012
[5805.2s] epoch 194 step 153050 avg_loss=0.013
[5807.2s] epoch 194 step 153100 avg_loss=0.013
[5809.2s] epoch 194 step 153150 avg_loss=0.013
[5811.3s] epoch 194 step 153200 avg_loss=0.013
[5812.8s] epoch 194 step 153250 avg_loss=0.013
[5814.3s] epoch 194 step 153300 avg_loss=0.012
[5816.2s] epoch 194 step 153350 avg_loss=0.012
[5818.2s] epoch 194 step 153400 avg_loss=0.013
[5819.8s] epoch 194 step 153450 avg_loss=0.013
[5821.5s] epoch 194 step 153500 avg_loss=0.013
[5823.4s] epoch 194 step 153550 avg_loss=0.013
[5825.2s] epoch 194 step 153600 avg_loss=0.013
[5826.8s] epoch 194 step 153650 avg_loss=0.013
[5827.2s] === epoch 194 done: avg_loss=0.013 (n=788 derivations) ===
[5828.9s] epoch 195 step 153700 avg_loss=0.025
[5831.0s] epoch 195 step 153750 avg_loss=0.023
[5833.1s] epoch 195 step 153800 avg_loss=0.020
[5834.8s] epoch 195 step 153850 avg_loss=0.017
[5836.5s] epoch 195 step 153900 avg_loss=0.016
[5838.3s] epoch 195 step 153950 avg_loss=0.014
[5839.9s] epoch 195 step 154000 avg_loss=0.013
[5841.4s] epoch 195 step 154050 avg_loss=0.013
[5843.2s] epoch 195 step 154100 avg_loss=0.012
[5845.0s] epoch 195 step 154150 avg_loss=0.012
[5846.8s] epoch 195 step 154200 avg_loss=0.014
[5848.8s] epoch 195 step 154250 avg_loss=0.013
[5850.6s] epoch 195 step 154300 avg_loss=0.013
[5852.6s] epoch 195 step 154350 avg_loss=0.013
[5854.1s] epoch 195 step 154400 avg_loss=0.013
[5855.8s] === epoch 195 done: avg_loss=0.013 (n=788 derivations) ===
[5855.8s] epoch 196 step 154450 avg_loss=0.038
[5857.6s] epoch 196 step 154500 avg_loss=0.018
[5859.5s] epoch 196 step 154550 avg_loss=0.015
[5861.7s] epoch 196 step 154600 avg_loss=0.014
[5863.6s] epoch 196 step 154650 avg_loss=0.015
[5865.3s] epoch 196 step 154700 avg_loss=0.015
[5867.1s] epoch 196 step 154750 avg_loss=0.015
[5868.9s] epoch 196 step 154800 avg_loss=0.014
[5870.6s] epoch 196 step 154850 avg_loss=0.014
[5872.3s] epoch 196 step 154900 avg_loss=0.013
[5874.0s] epoch 196 step 154950 avg_loss=0.013
[5875.6s] epoch 196 step 155000 avg_loss=0.013
[5877.4s] epoch 196 step 155050 avg_loss=0.013
[5879.0s] epoch 196 step 155100 avg_loss=0.013
[5880.7s] epoch 196 step 155150 avg_loss=0.013
[5882.6s] epoch 196 step 155200 avg_loss=0.013
[5883.9s] === epoch 196 done: avg_loss=0.013 (n=788 derivations) ===
[5884.4s] epoch 197 step 155250 avg_loss=0.014
[5886.2s] epoch 197 step 155300 avg_loss=0.015
[5887.9s] epoch 197 step 155350 avg_loss=0.014
[5889.8s] epoch 197 step 155400 avg_loss=0.014
[5891.5s] epoch 197 step 155450 avg_loss=0.015
[5893.1s] epoch 197 step 155500 avg_loss=0.015
[5895.0s] epoch 197 step 155550 avg_loss=0.014
[5896.7s] epoch 197 step 155600 avg_loss=0.014
[5898.4s] epoch 197 step 155650 avg_loss=0.014
[5900.4s] epoch 197 step 155700 avg_loss=0.014
[5902.2s] epoch 197 step 155750 avg_loss=0.013
[5904.0s] epoch 197 step 155800 avg_loss=0.013
[5905.7s] epoch 197 step 155850 avg_loss=0.013
[5907.7s] epoch 197 step 155900 avg_loss=0.013
[5909.3s] epoch 197 step 155950 avg_loss=0.013
[5911.0s] epoch 197 step 156000 avg_loss=0.013
[5912.0s] === epoch 197 done: avg_loss=0.012 (n=788 derivations) ===
[5912.9s] epoch 198 step 156050 avg_loss=0.011
[5914.5s] epoch 198 step 156100 avg_loss=0.011
[5916.2s] epoch 198 step 156150 avg_loss=0.010
[5917.9s] epoch 198 step 156200 avg_loss=0.010
[5919.9s] epoch 198 step 156250 avg_loss=0.011
[5922.0s] epoch 198 step 156300 avg_loss=0.011
[5923.9s] epoch 198 step 156350 avg_loss=0.011
[5925.8s] epoch 198 step 156400 avg_loss=0.012
[5927.9s] epoch 198 step 156450 avg_loss=0.012
[5929.4s] epoch 198 step 156500 avg_loss=0.012
[5931.2s] epoch 198 step 156550 avg_loss=0.012
[5932.7s] epoch 198 step 156600 avg_loss=0.012
[5934.4s] epoch 198 step 156650 avg_loss=0.012
[5936.2s] epoch 198 step 156700 avg_loss=0.012
[5937.8s] epoch 198 step 156750 avg_loss=0.012
[5939.7s] epoch 198 step 156800 avg_loss=0.012
[5940.1s] === epoch 198 done: avg_loss=0.012 (n=788 derivations) ===
[5941.6s] epoch 199 step 156850 avg_loss=0.015
[5943.5s] epoch 199 step 156900 avg_loss=0.013
[5945.2s] epoch 199 step 156950 avg_loss=0.013
[5947.1s] epoch 199 step 157000 avg_loss=0.013
[5948.7s] epoch 199 step 157050 avg_loss=0.015
[5950.6s] epoch 199 step 157100 avg_loss=0.015
[5952.4s] epoch 199 step 157150 avg_loss=0.014
[5954.4s] epoch 199 step 157200 avg_loss=0.014
[5956.4s] epoch 199 step 157250 avg_loss=0.013
[5958.1s] epoch 199 step 157300 avg_loss=0.013
[5959.9s] epoch 199 step 157350 avg_loss=0.013
[5961.7s] epoch 199 step 157400 avg_loss=0.013
[5963.3s] epoch 199 step 157450 avg_loss=0.013
[5965.2s] epoch 199 step 157500 avg_loss=0.013
[5967.1s] epoch 199 step 157550 avg_loss=0.012
[5968.8s] epoch 199 step 157600 avg_loss=0.012
[5970.7s] eval step=5000 train_avg_loss=0.012 dev_rank1_f1=0.3237 dev_edge_p=0.2777 dev_edge_r=0.3880
[5970.7s] === epoch 199 done: avg_loss=0.012 (n=788 derivations) ===
[5972.7s] epoch 200 step 157650 avg_loss=0.016
[5974.3s] epoch 200 step 157700 avg_loss=0.016
[5976.1s] epoch 200 step 157750 avg_loss=0.013
[5978.0s] epoch 200 step 157800 avg_loss=0.013
[5979.7s] epoch 200 step 157850 avg_loss=0.014
[5981.5s] epoch 200 step 157900 avg_loss=0.013
[5983.5s] epoch 200 step 157950 avg_loss=0.014
[5985.2s] epoch 200 step 158000 avg_loss=0.013
[5986.8s] epoch 200 step 158050 avg_loss=0.013
[5988.5s] epoch 200 step 158100 avg_loss=0.012
[5990.2s] epoch 200 step 158150 avg_loss=0.012
[5992.1s] epoch 200 step 158200 avg_loss=0.012
[5993.7s] epoch 200 step 158250 avg_loss=0.012
[5995.2s] epoch 200 step 158300 avg_loss=0.012
[5996.8s] epoch 200 step 158350 avg_loss=0.012
[5998.1s] === epoch 200 done: avg_loss=0.012 (n=788 derivations) ===
[5998.6s] epoch 201 step 158400 avg_loss=0.021
[6000.6s] epoch 201 step 158450 avg_loss=0.018
[6002.4s] epoch 201 step 158500 avg_loss=0.013
[6004.4s] epoch 201 step 158550 avg_loss=0.012
[6006.2s] epoch 201 step 158600 avg_loss=0.012
[6008.3s] epoch 201 step 158650 avg_loss=0.012
[6010.4s] epoch 201 step 158700 avg_loss=0.012
[6012.3s] epoch 201 step 158750 avg_loss=0.013
[6013.9s] epoch 201 step 158800 avg_loss=0.012
[6015.5s] epoch 201 step 158850 avg_loss=0.012
[6017.1s] epoch 201 step 158900 avg_loss=0.012
[6018.8s] epoch 201 step 158950 avg_loss=0.012
[6020.4s] epoch 201 step 159000 avg_loss=0.012
[6022.0s] epoch 201 step 159050 avg_loss=0.012
[6024.0s] epoch 201 step 159100 avg_loss=0.012
[6025.6s] epoch 201 step 159150 avg_loss=0.012
[6026.6s] === epoch 201 done: avg_loss=0.012 (n=788 derivations) ===
[6027.5s] epoch 202 step 159200 avg_loss=0.010
[6029.2s] epoch 202 step 159250 avg_loss=0.009
[6031.3s] epoch 202 step 159300 avg_loss=0.012
[6033.1s] epoch 202 step 159350 avg_loss=0.011
[6035.2s] epoch 202 step 159400 avg_loss=0.011
[6037.1s] epoch 202 step 159450 avg_loss=0.012
[6038.9s] epoch 202 step 159500 avg_loss=0.012
[6040.9s] epoch 202 step 159550 avg_loss=0.012
[6042.8s] epoch 202 step 159600 avg_loss=0.011
[6044.5s] epoch 202 step 159650 avg_loss=0.012
[6046.3s] epoch 202 step 159700 avg_loss=0.012
[6048.1s] epoch 202 step 159750 avg_loss=0.012
[6049.9s] epoch 202 step 159800 avg_loss=0.012
[6051.7s] epoch 202 step 159850 avg_loss=0.012
[6053.6s] epoch 202 step 159900 avg_loss=0.012
[6055.4s] epoch 202 step 159950 avg_loss=0.011
[6056.0s] === epoch 202 done: avg_loss=0.011 (n=788 derivations) ===
[6057.5s] epoch 203 step 160000 avg_loss=0.011
[6059.4s] epoch 203 step 160050 avg_loss=0.010
[6061.1s] epoch 203 step 160100 avg_loss=0.011
[6062.7s] epoch 203 step 160150 avg_loss=0.010
[6064.6s] epoch 203 step 160200 avg_loss=0.011
[6067.1s] epoch 203 step 160250 avg_loss=0.013
[6069.0s] epoch 203 step 160300 avg_loss=0.012
[6070.8s] epoch 203 step 160350 avg_loss=0.011
[6072.9s] epoch 203 step 160400 avg_loss=0.011
[6074.9s] epoch 203 step 160450 avg_loss=0.011
[6076.9s] epoch 203 step 160500 avg_loss=0.011
[6078.8s] epoch 203 step 160550 avg_loss=0.011
[6080.5s] epoch 203 step 160600 avg_loss=0.011
[6082.4s] epoch 203 step 160650 avg_loss=0.011
[6084.2s] epoch 203 step 160700 avg_loss=0.011
[6085.9s] epoch 203 step 160750 avg_loss=0.011
[6086.0s] === epoch 203 done: avg_loss=0.011 (n=788 derivations) ===
[6087.6s] epoch 204 step 160800 avg_loss=0.013
[6089.3s] epoch 204 step 160850 avg_loss=0.014
[6091.0s] epoch 204 step 160900 avg_loss=0.012
[6093.0s] epoch 204 step 160950 avg_loss=0.015
[6094.7s] epoch 204 step 161000 avg_loss=0.013
[6096.5s] epoch 204 step 161050 avg_loss=0.013
[6098.1s] epoch 204 step 161100 avg_loss=0.012
[6099.9s] epoch 204 step 161150 avg_loss=0.011
[6101.8s] epoch 204 step 161200 avg_loss=0.012
[6103.6s] epoch 204 step 161250 avg_loss=0.012
[6105.2s] epoch 204 step 161300 avg_loss=0.011
[6107.3s] epoch 204 step 161350 avg_loss=0.011
[6109.1s] epoch 204 step 161400 avg_loss=0.011
[6110.9s] epoch 204 step 161450 avg_loss=0.011
[6112.8s] epoch 204 step 161500 avg_loss=0.011
[6114.6s] === epoch 204 done: avg_loss=0.011 (n=788 derivations) ===
[6115.0s] epoch 205 step 161550 avg_loss=0.005
[6117.2s] epoch 205 step 161600 avg_loss=0.015
[6119.5s] epoch 205 step 161650 avg_loss=0.014
[6121.7s] epoch 205 step 161700 avg_loss=0.014
[6124.0s] epoch 205 step 161750 avg_loss=0.013
[6126.2s] epoch 205 step 161800 avg_loss=0.013
[6128.1s] epoch 205 step 161850 avg_loss=0.012
[6129.9s] epoch 205 step 161900 avg_loss=0.011
[6131.6s] epoch 205 step 161950 avg_loss=0.011
[6133.2s] epoch 205 step 162000 avg_loss=0.011
[6135.0s] epoch 205 step 162050 avg_loss=0.011
[6137.0s] epoch 205 step 162100 avg_loss=0.011
[6138.9s] epoch 205 step 162150 avg_loss=0.011
[6140.8s] epoch 205 step 162200 avg_loss=0.011
[6142.5s] epoch 205 step 162250 avg_loss=0.011
[6144.5s] epoch 205 step 162300 avg_loss=0.011
[6145.5s] === epoch 205 done: avg_loss=0.011 (n=788 derivations) ===
[6146.5s] epoch 206 step 162350 avg_loss=0.007
[6148.4s] epoch 206 step 162400 avg_loss=0.011
[6150.3s] epoch 206 step 162450 avg_loss=0.012
[6152.0s] epoch 206 step 162500 avg_loss=0.011
[6153.8s] epoch 206 step 162550 avg_loss=0.011
[6155.7s] epoch 206 step 162600 avg_loss=0.010
[6157.7s] epoch 206 step 162650 avg_loss=0.010
[6159.7s] epoch 206 step 162700 avg_loss=0.010
[6161.4s] epoch 206 step 162750 avg_loss=0.010
[6163.0s] epoch 206 step 162800 avg_loss=0.010
[6164.9s] epoch 206 step 162850 avg_loss=0.010
[6166.7s] epoch 206 step 162900 avg_loss=0.010
[6168.6s] epoch 206 step 162950 avg_loss=0.010
[6170.3s] epoch 206 step 163000 avg_loss=0.011
[6172.3s] epoch 206 step 163050 avg_loss=0.011
[6174.2s] epoch 206 step 163100 avg_loss=0.011
[6174.7s] === epoch 206 done: avg_loss=0.011 (n=788 derivations) ===
[6175.8s] epoch 207 step 163150 avg_loss=0.006
[6177.6s] epoch 207 step 163200 avg_loss=0.007
[6179.1s] epoch 207 step 163250 avg_loss=0.006
[6180.8s] epoch 207 step 163300 avg_loss=0.008
[6182.9s] epoch 207 step 163350 avg_loss=0.009
[6184.9s] epoch 207 step 163400 avg_loss=0.010
[6186.7s] epoch 207 step 163450 avg_loss=0.010
[6188.5s] epoch 207 step 163500 avg_loss=0.010
[6190.6s] epoch 207 step 163550 avg_loss=0.010
[6192.7s] epoch 207 step 163600 avg_loss=0.010
[6194.8s] epoch 207 step 163650 avg_loss=0.010
[6196.7s] epoch 207 step 163700 avg_loss=0.010
[6198.7s] epoch 207 step 163750 avg_loss=0.010
[6200.9s] epoch 207 step 163800 avg_loss=0.010
[6202.9s] epoch 207 step 163850 avg_loss=0.010
[6204.5s] epoch 207 step 163900 avg_loss=0.010
[6204.7s] === epoch 207 done: avg_loss=0.010 (n=788 derivations) ===
[6206.4s] epoch 208 step 163950 avg_loss=0.013
[6208.5s] epoch 208 step 164000 avg_loss=0.012
[6210.0s] epoch 208 step 164050 avg_loss=0.010
[6211.7s] epoch 208 step 164100 avg_loss=0.010
[6213.7s] epoch 208 step 164150 avg_loss=0.010
[6215.7s] epoch 208 step 164200 avg_loss=0.010
[6217.7s] epoch 208 step 164250 avg_loss=0.010
[6219.6s] epoch 208 step 164300 avg_loss=0.009
[6221.5s] epoch 208 step 164350 avg_loss=0.009
[6223.3s] epoch 208 step 164400 avg_loss=0.009
[6225.2s] epoch 208 step 164450 avg_loss=0.009
[6227.3s] epoch 208 step 164500 avg_loss=0.010
[6229.0s] epoch 208 step 164550 avg_loss=0.010
[6231.0s] epoch 208 step 164600 avg_loss=0.010
[6232.8s] epoch 208 step 164650 avg_loss=0.010
[6234.7s] === epoch 208 done: avg_loss=0.010 (n=788 derivations) ===
[6235.1s] epoch 209 step 164700 avg_loss=0.013
[6236.7s] epoch 209 step 164750 avg_loss=0.005
[6238.5s] epoch 209 step 164800 avg_loss=0.007
[6240.2s] epoch 209 step 164850 avg_loss=0.008
[6242.1s] epoch 209 step 164900 avg_loss=0.008
[6244.0s] epoch 209 step 164950 avg_loss=0.009
[6245.9s] epoch 209 step 165000 avg_loss=0.010
[6247.6s] epoch 209 step 165050 avg_loss=0.010
[6249.5s] epoch 209 step 165100 avg_loss=0.010
[6251.7s] epoch 209 step 165150 avg_loss=0.010
[6253.8s] epoch 209 step 165200 avg_loss=0.010
[6255.7s] epoch 209 step 165250 avg_loss=0.010
[6257.8s] epoch 209 step 165300 avg_loss=0.010
[6259.6s] epoch 209 step 165350 avg_loss=0.010
[6261.7s] epoch 209 step 165400 avg_loss=0.010
[6263.4s] epoch 209 step 165450 avg_loss=0.010
[6266.1s] eval step=5250 train_avg_loss=0.010 dev_rank1_f1=0.3247 dev_edge_p=0.2778 dev_edge_r=0.3906
[6266.1s] === epoch 209 done: avg_loss=0.010 (n=788 derivations) ===
[6266.8s] epoch 210 step 165500 avg_loss=0.009
[6268.5s] epoch 210 step 165550 avg_loss=0.010
[6270.1s] epoch 210 step 165600 avg_loss=0.008
[6272.1s] epoch 210 step 165650 avg_loss=0.008
[6274.1s] epoch 210 step 165700 avg_loss=0.008
[6276.0s] epoch 210 step 165750 avg_loss=0.008
[6277.8s] epoch 210 step 165800 avg_loss=0.008
[6279.9s] epoch 210 step 165850 avg_loss=0.008
[6281.7s] epoch 210 step 165900 avg_loss=0.009
[6283.6s] epoch 210 step 165950 avg_loss=0.009
[6285.5s] epoch 210 step 166000 avg_loss=0.010
[6287.4s] epoch 210 step 166050 avg_loss=0.010
[6289.3s] epoch 210 step 166100 avg_loss=0.010
[6291.3s] epoch 210 step 166150 avg_loss=0.010
[6293.2s] epoch 210 step 166200 avg_loss=0.010
[6295.2s] epoch 210 step 166250 avg_loss=0.010
[6295.8s] === epoch 210 done: avg_loss=0.010 (n=788 derivations) ===
[6296.9s] epoch 211 step 166300 avg_loss=0.009
[6298.8s] epoch 211 step 166350 avg_loss=0.008
[6300.6s] epoch 211 step 166400 avg_loss=0.008
[6302.4s] epoch 211 step 166450 avg_loss=0.008
[6304.3s] epoch 211 step 166500 avg_loss=0.009
[6305.9s] epoch 211 step 166550 avg_loss=0.008
[6307.7s] epoch 211 step 166600 avg_loss=0.009
[6309.7s] epoch 211 step 166650 avg_loss=0.009
[6311.3s] epoch 211 step 166700 avg_loss=0.009
[6313.4s] epoch 211 step 166750 avg_loss=0.009
[6315.4s] epoch 211 step 166800 avg_loss=0.010
[6317.4s] epoch 211 step 166850 avg_loss=0.010
[6319.4s] epoch 211 step 166900 avg_loss=0.010
[6321.3s] epoch 211 step 166950 avg_loss=0.010
[6323.2s] epoch 211 step 167000 avg_loss=0.010
[6325.0s] epoch 211 step 167050 avg_loss=0.010
[6325.2s] === epoch 211 done: avg_loss=0.010 (n=788 derivations) ===
[6326.7s] epoch 212 step 167100 avg_loss=0.007
[6328.6s] epoch 212 step 167150 avg_loss=0.012
[6330.3s] epoch 212 step 167200 avg_loss=0.010
[6332.1s] epoch 212 step 167250 avg_loss=0.010
[6334.0s] epoch 212 step 167300 avg_loss=0.010
[6336.1s] epoch 212 step 167350 avg_loss=0.010
[6337.9s] epoch 212 step 167400 avg_loss=0.010
[6339.6s] epoch 212 step 167450 avg_loss=0.010
[6341.5s] epoch 212 step 167500 avg_loss=0.010
[6343.2s] epoch 212 step 167550 avg_loss=0.010
[6344.9s] epoch 212 step 167600 avg_loss=0.010
[6346.5s] epoch 212 step 167650 avg_loss=0.010
[6348.4s] epoch 212 step 167700 avg_loss=0.010
[6350.5s] epoch 212 step 167750 avg_loss=0.010
[6352.4s] epoch 212 step 167800 avg_loss=0.010
[6354.0s] === epoch 212 done: avg_loss=0.010 (n=788 derivations) ===
[6354.2s] epoch 213 step 167850 avg_loss=0.009
[6356.0s] epoch 213 step 167900 avg_loss=0.010
[6357.7s] epoch 213 step 167950 avg_loss=0.009
[6359.4s] epoch 213 step 168000 avg_loss=0.008
[6361.1s] epoch 213 step 168050 avg_loss=0.008
[6363.2s] epoch 213 step 168100 avg_loss=0.009
[6365.0s] epoch 213 step 168150 avg_loss=0.009
[6367.0s] epoch 213 step 168200 avg_loss=0.009
[6369.1s] epoch 213 step 168250 avg_loss=0.009
[6371.2s] epoch 213 step 168300 avg_loss=0.009
[6373.3s] epoch 213 step 168350 avg_loss=0.010
[6374.9s] epoch 213 step 168400 avg_loss=0.010
[6376.6s] epoch 213 step 168450 avg_loss=0.010
[6378.3s] epoch 213 step 168500 avg_loss=0.010
[6379.9s] epoch 213 step 168550 avg_loss=0.010
[6381.8s] epoch 213 step 168600 avg_loss=0.010
[6382.8s] === epoch 213 done: avg_loss=0.010 (n=788 derivations) ===
[6383.4s] epoch 214 step 168650 avg_loss=0.018
[6385.1s] epoch 214 step 168700 avg_loss=0.012
[6386.7s] epoch 214 step 168750 avg_loss=0.011
[6388.5s] epoch 214 step 168800 avg_loss=0.010
[6390.6s] epoch 214 step 168850 avg_loss=0.011
[6392.5s] epoch 214 step 168900 avg_loss=0.010
[6394.3s] epoch 214 step 168950 avg_loss=0.009
[6396.3s] epoch 214 step 169000 avg_loss=0.008
[6398.3s] epoch 214 step 169050 avg_loss=0.009
[6400.5s] epoch 214 step 169100 avg_loss=0.009
[6402.2s] epoch 214 step 169150 avg_loss=0.010
[6404.0s] epoch 214 step 169200 avg_loss=0.010
[6405.7s] epoch 214 step 169250 avg_loss=0.010
[6407.5s] epoch 214 step 169300 avg_loss=0.009
[6409.3s] epoch 214 step 169350 avg_loss=0.009
[6411.1s] epoch 214 step 169400 avg_loss=0.009
[6411.7s] === epoch 214 done: avg_loss=0.009 (n=788 derivations) ===
[6412.7s] epoch 215 step 169450 avg_loss=0.009
[6414.4s] epoch 215 step 169500 avg_loss=0.008
[6416.2s] epoch 215 step 169550 avg_loss=0.008
[6418.0s] epoch 215 step 169600 avg_loss=0.007
[6419.9s] epoch 215 step 169650 avg_loss=0.008
[6422.0s] epoch 215 step 169700 avg_loss=0.009
[6423.7s] epoch 215 step 169750 avg_loss=0.008
[6425.7s] epoch 215 step 169800 avg_loss=0.009
[6427.5s] epoch 215 step 169850 avg_loss=0.009
[6429.5s] epoch 215 step 169900 avg_loss=0.009
[6431.4s] epoch 215 step 169950 avg_loss=0.009
[6433.5s] epoch 215 step 170000 avg_loss=0.009
[6435.3s] epoch 215 step 170050 avg_loss=0.009
[6437.1s] epoch 215 step 170100 avg_loss=0.009
[6438.9s] epoch 215 step 170150 avg_loss=0.009
[6441.0s] epoch 215 step 170200 avg_loss=0.009
[6441.2s] === epoch 215 done: avg_loss=0.009 (n=788 derivations) ===
[6443.1s] epoch 216 step 170250 avg_loss=0.007
[6445.4s] epoch 216 step 170300 avg_loss=0.010
[6447.5s] epoch 216 step 170350 avg_loss=0.011
[6449.7s] epoch 216 step 170400 avg_loss=0.010
[6451.7s] epoch 216 step 170450 avg_loss=0.010
[6453.7s] epoch 216 step 170500 avg_loss=0.010
[6455.5s] epoch 216 step 170550 avg_loss=0.009
[6457.1s] epoch 216 step 170600 avg_loss=0.009
[6459.0s] epoch 216 step 170650 avg_loss=0.009
[6461.2s] epoch 216 step 170700 avg_loss=0.010
[6463.2s] epoch 216 step 170750 avg_loss=0.010
[6465.1s] epoch 216 step 170800 avg_loss=0.009
[6467.1s] epoch 216 step 170850 avg_loss=0.009
[6469.1s] epoch 216 step 170900 avg_loss=0.009
[6470.9s] epoch 216 step 170950 avg_loss=0.009
[6472.6s] === epoch 216 done: avg_loss=0.009 (n=788 derivations) ===
[6472.9s] epoch 217 step 171000 avg_loss=0.004
[6474.6s] epoch 217 step 171050 avg_loss=0.006
[6476.7s] epoch 217 step 171100 avg_loss=0.008
[6478.9s] epoch 217 step 171150 avg_loss=0.008
[6481.1s] epoch 217 step 171200 avg_loss=0.009
[6483.1s] epoch 217 step 171250 avg_loss=0.009
[6485.2s] epoch 217 step 171300 avg_loss=0.009
[6487.1s] epoch 217 step 171350 avg_loss=0.009
[6489.3s] epoch 217 step 171400 avg_loss=0.009
[6491.5s] epoch 217 step 171450 avg_loss=0.010
[6493.2s] epoch 217 step 171500 avg_loss=0.009
[6495.2s] epoch 217 step 171550 avg_loss=0.009
[6497.3s] epoch 217 step 171600 avg_loss=0.009
[6499.4s] epoch 217 step 171650 avg_loss=0.009
[6501.3s] epoch 217 step 171700 avg_loss=0.009
[6503.0s] epoch 217 step 171750 avg_loss=0.009
[6504.3s] === epoch 217 done: avg_loss=0.009 (n=788 derivations) ===
[6505.0s] epoch 218 step 171800 avg_loss=0.009
[6507.0s] epoch 218 step 171850 avg_loss=0.011
[6508.8s] epoch 218 step 171900 avg_loss=0.009
[6510.6s] epoch 218 step 171950 avg_loss=0.009
[6512.8s] epoch 218 step 172000 avg_loss=0.009
[6515.1s] epoch 218 step 172050 avg_loss=0.009
[6517.0s] epoch 218 step 172100 avg_loss=0.009
[6519.0s] epoch 218 step 172150 avg_loss=0.009
[6520.9s] epoch 218 step 172200 avg_loss=0.009
[6522.8s] epoch 218 step 172250 avg_loss=0.008
[6524.8s] epoch 218 step 172300 avg_loss=0.008
[6527.1s] epoch 218 step 172350 avg_loss=0.008
[6529.3s] epoch 218 step 172400 avg_loss=0.008
[6531.2s] epoch 218 step 172450 avg_loss=0.008
[6533.1s] epoch 218 step 172500 avg_loss=0.008
[6535.4s] epoch 218 step 172550 avg_loss=0.009
[6536.1s] === epoch 218 done: avg_loss=0.009 (n=788 derivations) ===
[6537.2s] epoch 219 step 172600 avg_loss=0.007
[6539.3s] epoch 219 step 172650 avg_loss=0.009
[6541.4s] epoch 219 step 172700 avg_loss=0.009
[6543.4s] epoch 219 step 172750 avg_loss=0.009
[6545.3s] epoch 219 step 172800 avg_loss=0.008
[6547.3s] epoch 219 step 172850 avg_loss=0.009
[6549.6s] epoch 219 step 172900 avg_loss=0.010
[6551.5s] epoch 219 step 172950 avg_loss=0.010
[6553.6s] epoch 219 step 173000 avg_loss=0.010
[6555.5s] epoch 219 step 173050 avg_loss=0.010
[6557.8s] epoch 219 step 173100 avg_loss=0.010
[6559.7s] epoch 219 step 173150 avg_loss=0.009
[6561.9s] epoch 219 step 173200 avg_loss=0.009
[6563.9s] epoch 219 step 173250 avg_loss=0.009
[6565.7s] epoch 219 step 173300 avg_loss=0.009
[6567.3s] epoch 219 step 173350 avg_loss=0.009
[6569.4s] eval step=5500 train_avg_loss=0.009 dev_rank1_f1=0.3237 dev_edge_p=0.2757 dev_edge_r=0.3921
[6569.4s] === epoch 219 done: avg_loss=0.009 (n=788 derivations) ===
[6571.0s] epoch 220 step 173400 avg_loss=0.014
[6573.1s] epoch 220 step 173450 avg_loss=0.015
[6575.1s] epoch 220 step 173500 avg_loss=0.013
[6576.8s] epoch 220 step 173550 avg_loss=0.011
[6578.6s] epoch 220 step 173600 avg_loss=0.011
[6581.0s] epoch 220 step 173650 avg_loss=0.010
[6583.8s] epoch 220 step 173700 avg_loss=0.010
[6585.7s] epoch 220 step 173750 avg_loss=0.010
[6587.6s] epoch 220 step 173800 avg_loss=0.010
[6589.3s] epoch 220 step 173850 avg_loss=0.009
[6590.9s] epoch 220 step 173900 avg_loss=0.009
[6592.5s] epoch 220 step 173950 avg_loss=0.009
[6594.2s] epoch 220 step 174000 avg_loss=0.009
[6595.7s] epoch 220 step 174050 avg_loss=0.009
[6597.4s] epoch 220 step 174100 avg_loss=0.009
[6599.0s] === epoch 220 done: avg_loss=0.008 (n=788 derivations) ===
[6599.0s] epoch 221 step 174150 avg_loss=0.001
[6600.8s] epoch 221 step 174200 avg_loss=0.007
[6602.3s] epoch 221 step 174250 avg_loss=0.006
[6603.8s] epoch 221 step 174300 avg_loss=0.007
[6605.6s] epoch 221 step 174350 avg_loss=0.007
[6607.7s] epoch 221 step 174400 avg_loss=0.008
[6609.5s] epoch 221 step 174450 avg_loss=0.009
[6611.1s] epoch 221 step 174500 avg_loss=0.009
[6612.7s] epoch 221 step 174550 avg_loss=0.009
[6614.5s] epoch 221 step 174600 avg_loss=0.008
[6616.2s] epoch 221 step 174650 avg_loss=0.008
[6617.7s] epoch 221 step 174700 avg_loss=0.008
[6619.3s] epoch 221 step 174750 avg_loss=0.008
[6621.1s] epoch 221 step 174800 avg_loss=0.008
[6622.6s] epoch 221 step 174850 avg_loss=0.008
[6624.5s] epoch 221 step 174900 avg_loss=0.008
[6626.0s] === epoch 221 done: avg_loss=0.008 (n=788 derivations) ===
[6626.4s] epoch 222 step 174950 avg_loss=0.004
[6628.1s] epoch 222 step 175000 avg_loss=0.008
[6629.9s] epoch 222 step 175050 avg_loss=0.008
[6631.6s] epoch 222 step 175100 avg_loss=0.007
[6633.6s] epoch 222 step 175150 avg_loss=0.007
[6635.4s] epoch 222 step 175200 avg_loss=0.007
[6636.9s] epoch 222 step 175250 avg_loss=0.007
[6638.8s] epoch 222 step 175300 avg_loss=0.008
[6640.4s] epoch 222 step 175350 avg_loss=0.007
[6642.3s] epoch 222 step 175400 avg_loss=0.008
[6644.2s] epoch 222 step 175450 avg_loss=0.008
[6646.1s] epoch 222 step 175500 avg_loss=0.008
[6647.9s] epoch 222 step 175550 avg_loss=0.008
[6649.8s] epoch 222 step 175600 avg_loss=0.008
[6651.8s] epoch 222 step 175650 avg_loss=0.008
[6653.4s] epoch 222 step 175700 avg_loss=0.008
[6654.1s] === epoch 222 done: avg_loss=0.008 (n=788 derivations) ===
[6655.1s] epoch 223 step 175750 avg_loss=0.009
[6656.9s] epoch 223 step 175800 avg_loss=0.007
[6658.8s] epoch 223 step 175850 avg_loss=0.006
[6660.6s] epoch 223 step 175900 avg_loss=0.007
[6662.5s] epoch 223 step 175950 avg_loss=0.008
[6664.2s] epoch 223 step 176000 avg_loss=0.008
[6665.8s] epoch 223 step 176050 avg_loss=0.008
[6667.5s] epoch 223 step 176100 avg_loss=0.008
[6669.5s] epoch 223 step 176150 avg_loss=0.008
[6671.2s] epoch 223 step 176200 avg_loss=0.009
[6672.7s] epoch 223 step 176250 avg_loss=0.008
[6674.4s] epoch 223 step 176300 avg_loss=0.008
[6676.3s] epoch 223 step 176350 avg_loss=0.008
[6678.1s] epoch 223 step 176400 avg_loss=0.008
[6679.9s] epoch 223 step 176450 avg_loss=0.008
[6681.5s] epoch 223 step 176500 avg_loss=0.008
[6682.1s] === epoch 223 done: avg_loss=0.008 (n=788 derivations) ===
[6683.6s] epoch 224 step 176550 avg_loss=0.010
[6685.4s] epoch 224 step 176600 avg_loss=0.008
[6687.1s] epoch 224 step 176650 avg_loss=0.008
[6688.7s] epoch 224 step 176700 avg_loss=0.008
[6690.5s] epoch 224 step 176750 avg_loss=0.008
[6692.6s] epoch 224 step 176800 avg_loss=0.008
[6694.3s] epoch 224 step 176850 avg_loss=0.008
[6696.1s] epoch 224 step 176900 avg_loss=0.009
[6697.8s] epoch 224 step 176950 avg_loss=0.009
[6699.7s] epoch 224 step 177000 avg_loss=0.009
[6701.3s] epoch 224 step 177050 avg_loss=0.008
[6703.0s] epoch 224 step 177100 avg_loss=0.008
[6704.7s] epoch 224 step 177150 avg_loss=0.008
[6706.5s] epoch 224 step 177200 avg_loss=0.008
[6708.2s] epoch 224 step 177250 avg_loss=0.008
[6709.9s] epoch 224 step 177300 avg_loss=0.008
[6709.9s] === epoch 224 done: avg_loss=0.008 (n=788 derivations) ===
[6711.6s] epoch 225 step 177350 avg_loss=0.005
[6713.4s] epoch 225 step 177400 avg_loss=0.006
[6715.1s] epoch 225 step 177450 avg_loss=0.007
[6716.9s] epoch 225 step 177500 avg_loss=0.007
[6719.0s] epoch 225 step 177550 avg_loss=0.008
[6720.9s] epoch 225 step 177600 avg_loss=0.008
[6722.7s] epoch 225 step 177650 avg_loss=0.008
[6724.7s] epoch 225 step 177700 avg_loss=0.008
[6726.3s] epoch 225 step 177750 avg_loss=0.008
[6728.2s] epoch 225 step 177800 avg_loss=0.008
[6729.8s] epoch 225 step 177850 avg_loss=0.008
[6731.5s] epoch 225 step 177900 avg_loss=0.008
[6733.4s] epoch 225 step 177950 avg_loss=0.008
[6735.0s] epoch 225 step 178000 avg_loss=0.008
[6736.9s] epoch 225 step 178050 avg_loss=0.008
[6738.5s] === epoch 225 done: avg_loss=0.008 (n=788 derivations) ===
[6739.0s] epoch 226 step 178100 avg_loss=0.010
[6741.1s] epoch 226 step 178150 avg_loss=0.012
[6742.6s] epoch 226 step 178200 avg_loss=0.010
[6744.2s] epoch 226 step 178250 avg_loss=0.008
[6746.0s] epoch 226 step 178300 avg_loss=0.008
[6747.7s] epoch 226 step 178350 avg_loss=0.008
[6749.6s] epoch 226 step 178400 avg_loss=0.008
[6751.4s] epoch 226 step 178450 avg_loss=0.008
[6753.2s] epoch 226 step 178500 avg_loss=0.008
[6755.2s] epoch 226 step 178550 avg_loss=0.008
[6756.9s] epoch 226 step 178600 avg_loss=0.008
[6758.9s] epoch 226 step 178650 avg_loss=0.008
[6760.7s] epoch 226 step 178700 avg_loss=0.008
[6762.6s] epoch 226 step 178750 avg_loss=0.008
[6764.3s] epoch 226 step 178800 avg_loss=0.008
[6766.0s] epoch 226 step 178850 avg_loss=0.008
[6767.0s] === epoch 226 done: avg_loss=0.008 (n=788 derivations) ===
[6767.8s] epoch 227 step 178900 avg_loss=0.007
[6769.5s] epoch 227 step 178950 avg_loss=0.006
[6771.2s] epoch 227 step 179000 avg_loss=0.007
[6772.8s] epoch 227 step 179050 avg_loss=0.007
[6774.4s] epoch 227 step 179100 avg_loss=0.007
[6776.2s] epoch 227 step 179150 avg_loss=0.007
[6778.1s] epoch 227 step 179200 avg_loss=0.007
[6779.9s] epoch 227 step 179250 avg_loss=0.007
[6781.9s] epoch 227 step 179300 avg_loss=0.008
[6783.6s] epoch 227 step 179350 avg_loss=0.008
[6785.1s] epoch 227 step 179400 avg_loss=0.008
[6786.9s] epoch 227 step 179450 avg_loss=0.008
[6788.8s] epoch 227 step 179500 avg_loss=0.008
[6790.4s] epoch 227 step 179550 avg_loss=0.007
[6792.8s] epoch 227 step 179600 avg_loss=0.008
[6794.5s] epoch 227 step 179650 avg_loss=0.008
[6794.8s] === epoch 227 done: avg_loss=0.008 (n=788 derivations) ===
[6796.4s] epoch 228 step 179700 avg_loss=0.010
[6798.4s] epoch 228 step 179750 avg_loss=0.008
[6800.4s] epoch 228 step 179800 avg_loss=0.007
[6802.1s] epoch 228 step 179850 avg_loss=0.007
[6803.9s] epoch 228 step 179900 avg_loss=0.007
[6805.8s] epoch 228 step 179950 avg_loss=0.007
[6807.5s] epoch 228 step 180000 avg_loss=0.007
[6809.3s] epoch 228 step 180050 avg_loss=0.007
[6811.0s] epoch 228 step 180100 avg_loss=0.007
[6813.4s] epoch 228 step 180150 avg_loss=0.007
[6815.6s] epoch 228 step 180200 avg_loss=0.007
[6817.4s] epoch 228 step 180250 avg_loss=0.007
[6819.2s] epoch 228 step 180300 avg_loss=0.007
[6820.8s] epoch 228 step 180350 avg_loss=0.007
[6822.8s] epoch 228 step 180400 avg_loss=0.008
[6824.5s] epoch 228 step 180450 avg_loss=0.007
[6824.5s] === epoch 228 done: avg_loss=0.007 (n=788 derivations) ===
[6826.3s] epoch 229 step 180500 avg_loss=0.006
[6828.1s] epoch 229 step 180550 avg_loss=0.006
[6829.7s] epoch 229 step 180600 avg_loss=0.005
[6831.6s] epoch 229 step 180650 avg_loss=0.006
[6833.1s] epoch 229 step 180700 avg_loss=0.006
[6834.8s] epoch 229 step 180750 avg_loss=0.006
[6836.7s] epoch 229 step 180800 avg_loss=0.006
[6838.2s] epoch 229 step 180850 avg_loss=0.006
[6839.7s] epoch 229 step 180900 avg_loss=0.006
[6841.6s] epoch 229 step 180950 avg_loss=0.006
[6843.5s] epoch 229 step 181000 avg_loss=0.006
[6845.3s] epoch 229 step 181050 avg_loss=0.006
[6847.4s] epoch 229 step 181100 avg_loss=0.007
[6849.1s] epoch 229 step 181150 avg_loss=0.007
[6851.1s] epoch 229 step 181200 avg_loss=0.007
[6854.6s] eval step=5750 train_avg_loss=0.007 dev_rank1_f1=0.3239 dev_edge_p=0.2758 dev_edge_r=0.3922
[6854.6s] === epoch 229 done: avg_loss=0.007 (n=788 derivations) ===
[6854.9s] epoch 230 step 181250 avg_loss=0.003
[6856.9s] epoch 230 step 181300 avg_loss=0.006
[6858.6s] epoch 230 step 181350 avg_loss=0.006
[6860.3s] epoch 230 step 181400 avg_loss=0.007
[6862.0s] epoch 230 step 181450 avg_loss=0.007
[6863.5s] epoch 230 step 181500 avg_loss=0.007
[6865.4s] epoch 230 step 181550 avg_loss=0.006
[6867.5s] epoch 230 step 181600 avg_loss=0.007
[6869.1s] epoch 230 step 181650 avg_loss=0.007
[6871.0s] epoch 230 step 181700 avg_loss=0.007
[6873.1s] epoch 230 step 181750 avg_loss=0.007
[6875.1s] epoch 230 step 181800 avg_loss=0.007
[6877.2s] epoch 230 step 181850 avg_loss=0.007
[6878.9s] epoch 230 step 181900 avg_loss=0.007
[6880.9s] epoch 230 step 181950 avg_loss=0.007
[6882.4s] epoch 230 step 182000 avg_loss=0.007
[6883.3s] === epoch 230 done: avg_loss=0.007 (n=788 derivations) ===
[6884.1s] epoch 231 step 182050 avg_loss=0.006
[6885.7s] epoch 231 step 182100 avg_loss=0.005
[6887.5s] epoch 231 step 182150 avg_loss=0.005
[6889.5s] epoch 231 step 182200 avg_loss=0.006
[6891.6s] epoch 231 step 182250 avg_loss=0.007
[6893.6s] epoch 231 step 182300 avg_loss=0.007
[6895.3s] epoch 231 step 182350 avg_loss=0.007
[6897.4s] epoch 231 step 182400 avg_loss=0.007
[6899.5s] epoch 231 step 182450 avg_loss=0.007
[6901.6s] epoch 231 step 182500 avg_loss=0.008
[6903.3s] epoch 231 step 182550 avg_loss=0.007
[6905.0s] epoch 231 step 182600 avg_loss=0.007
[6906.7s] epoch 231 step 182650 avg_loss=0.007
[6908.5s] epoch 231 step 182700 avg_loss=0.007
[6910.1s] epoch 231 step 182750 avg_loss=0.007
[6911.8s] epoch 231 step 182800 avg_loss=0.007
[6912.4s] === epoch 231 done: avg_loss=0.007 (n=788 derivations) ===
[6913.5s] epoch 232 step 182850 avg_loss=0.006
[6915.3s] epoch 232 step 182900 avg_loss=0.006
[6917.0s] epoch 232 step 182950 avg_loss=0.006
[6919.0s] epoch 232 step 183000 avg_loss=0.006
[6920.8s] epoch 232 step 183050 avg_loss=0.006
[6922.3s] epoch 232 step 183100 avg_loss=0.006
[6924.4s] epoch 232 step 183150 avg_loss=0.007
[6926.2s] epoch 232 step 183200 avg_loss=0.006
[6927.9s] epoch 232 step 183250 avg_loss=0.007
[6929.7s] epoch 232 step 183300 avg_loss=0.006
[6931.7s] epoch 232 step 183350 avg_loss=0.007
[6933.6s] epoch 232 step 183400 avg_loss=0.007
[6935.5s] epoch 232 step 183450 avg_loss=0.007
[6937.2s] epoch 232 step 183500 avg_loss=0.007
[6939.1s] epoch 232 step 183550 avg_loss=0.007
[6941.1s] epoch 232 step 183600 avg_loss=0.007
[6941.2s] === epoch 232 done: avg_loss=0.007 (n=788 derivations) ===
[6942.6s] epoch 233 step 183650 avg_loss=0.008
[6944.3s] epoch 233 step 183700 avg_loss=0.006
[6945.9s] epoch 233 step 183750 avg_loss=0.007
[6947.6s] epoch 233 step 183800 avg_loss=0.007
[6949.4s] epoch 233 step 183850 avg_loss=0.007
[6951.0s] epoch 233 step 183900 avg_loss=0.006
[6953.0s] epoch 233 step 183950 avg_loss=0.007
[6954.8s] epoch 233 step 184000 avg_loss=0.007
[6956.6s] epoch 233 step 184050 avg_loss=0.007
[6958.6s] epoch 233 step 184100 avg_loss=0.007
[6960.2s] epoch 233 step 184150 avg_loss=0.007
[6961.8s] epoch 233 step 184200 avg_loss=0.007
[6964.0s] epoch 233 step 184250 avg_loss=0.007
[6965.6s] epoch 233 step 184300 avg_loss=0.007
[6967.4s] epoch 233 step 184350 avg_loss=0.007
[6968.8s] === epoch 233 done: avg_loss=0.007 (n=788 derivations) ===
[6969.1s] epoch 234 step 184400 avg_loss=0.006
[6970.8s] epoch 234 step 184450 avg_loss=0.008
[6972.6s] epoch 234 step 184500 avg_loss=0.007
[6974.3s] epoch 234 step 184550 avg_loss=0.007
[6975.9s] epoch 234 step 184600 avg_loss=0.006
[6977.9s] epoch 234 step 184650 avg_loss=0.006
[6979.9s] epoch 234 step 184700 avg_loss=0.006
[6981.9s] epoch 234 step 184750 avg_loss=0.006
[6983.8s] epoch 234 step 184800 avg_loss=0.006
[6985.8s] epoch 234 step 184850 avg_loss=0.006
[6987.5s] epoch 234 step 184900 avg_loss=0.006
[6989.4s] epoch 234 step 184950 avg_loss=0.006
[6991.3s] epoch 234 step 185000 avg_loss=0.006
[6993.7s] epoch 234 step 185050 avg_loss=0.007
[6995.5s] epoch 234 step 185100 avg_loss=0.007
[6997.3s] epoch 234 step 185150 avg_loss=0.007
[6998.3s] === epoch 234 done: avg_loss=0.007 (n=788 derivations) ===
[6999.0s] epoch 235 step 185200 avg_loss=0.005
[7000.8s] epoch 235 step 185250 avg_loss=0.005
[7002.7s] epoch 235 step 185300 avg_loss=0.006
[7004.6s] epoch 235 step 185350 avg_loss=0.007
[7006.7s] epoch 235 step 185400 avg_loss=0.007
[7008.5s] epoch 235 step 185450 avg_loss=0.007
[7010.6s] epoch 235 step 185500 avg_loss=0.007
[7012.3s] epoch 235 step 185550 avg_loss=0.007
[7014.1s] epoch 235 step 185600 avg_loss=0.007
[7015.8s] epoch 235 step 185650 avg_loss=0.007
[7017.6s] epoch 235 step 185700 avg_loss=0.007
[7019.5s] epoch 235 step 185750 avg_loss=0.007
[7021.4s] epoch 235 step 185800 avg_loss=0.007
[7023.3s] epoch 235 step 185850 avg_loss=0.007
[7025.3s] epoch 235 step 185900 avg_loss=0.007
[7026.9s] epoch 235 step 185950 avg_loss=0.007
[7027.4s] === epoch 235 done: avg_loss=0.007 (n=788 derivations) ===
[7028.6s] epoch 236 step 186000 avg_loss=0.006
[7030.5s] epoch 236 step 186050 avg_loss=0.006
[7032.6s] epoch 236 step 186100 avg_loss=0.008
[7034.4s] epoch 236 step 186150 avg_loss=0.007
[7036.0s] epoch 236 step 186200 avg_loss=0.007
[7037.9s] epoch 236 step 186250 avg_loss=0.007
[7039.8s] epoch 236 step 186300 avg_loss=0.007
[7041.7s] epoch 236 step 186350 avg_loss=0.007
[7043.8s] epoch 236 step 186400 avg_loss=0.007
[7045.4s] epoch 236 step 186450 avg_loss=0.007
[7047.3s] epoch 236 step 186500 avg_loss=0.007
[7049.1s] epoch 236 step 186550 avg_loss=0.007
[7051.1s] epoch 236 step 186600 avg_loss=0.007
[7053.2s] epoch 236 step 186650 avg_loss=0.007
[7055.1s] epoch 236 step 186700 avg_loss=0.007
[7056.7s] epoch 236 step 186750 avg_loss=0.007
[7057.0s] === epoch 236 done: avg_loss=0.007 (n=788 derivations) ===
[7058.6s] epoch 237 step 186800 avg_loss=0.007
[7060.2s] epoch 237 step 186850 avg_loss=0.006
[7061.9s] epoch 237 step 186900 avg_loss=0.006
[7063.9s] epoch 237 step 186950 avg_loss=0.006
[7065.6s] epoch 237 step 187000 avg_loss=0.006
[7067.6s] epoch 237 step 187050 avg_loss=0.006
[7069.4s] epoch 237 step 187100 avg_loss=0.006
[7071.5s] epoch 237 step 187150 avg_loss=0.006
[7073.5s] epoch 237 step 187200 avg_loss=0.006
[7075.7s] epoch 237 step 187250 avg_loss=0.006
[7078.0s] epoch 237 step 187300 avg_loss=0.007
[7079.6s] epoch 237 step 187350 avg_loss=0.006
[7081.7s] epoch 237 step 187400 avg_loss=0.007
[7083.7s] epoch 237 step 187450 avg_loss=0.006
[7085.6s] epoch 237 step 187500 avg_loss=0.007
[7087.1s] === epoch 237 done: avg_loss=0.007 (n=788 derivations) ===
[7087.3s] epoch 238 step 187550 avg_loss=0.004
[7089.0s] epoch 238 step 187600 avg_loss=0.005
[7090.7s] epoch 238 step 187650 avg_loss=0.004
[7092.7s] epoch 238 step 187700 avg_loss=0.005
[7094.5s] epoch 238 step 187750 avg_loss=0.005
[7096.4s] epoch 238 step 187800 avg_loss=0.005
[7098.3s] epoch 238 step 187850 avg_loss=0.005
[7100.3s] epoch 238 step 187900 avg_loss=0.006
[7102.3s] epoch 238 step 187950 avg_loss=0.006
[7104.2s] epoch 238 step 188000 avg_loss=0.006
[7106.1s] epoch 238 step 188050 avg_loss=0.006
[7107.9s] epoch 238 step 188100 avg_loss=0.006
[7109.9s] epoch 238 step 188150 avg_loss=0.006
[7111.9s] epoch 238 step 188200 avg_loss=0.006
[7114.0s] epoch 238 step 188250 avg_loss=0.006
[7116.1s] epoch 238 step 188300 avg_loss=0.006
[7117.4s] === epoch 238 done: avg_loss=0.006 (n=788 derivations) ===
[7118.1s] epoch 239 step 188350 avg_loss=0.004
[7119.9s] epoch 239 step 188400 avg_loss=0.005
[7122.0s] epoch 239 step 188450 avg_loss=0.006
[7124.1s] epoch 239 step 188500 avg_loss=0.007
[7126.2s] epoch 239 step 188550 avg_loss=0.007
[7128.0s] epoch 239 step 188600 avg_loss=0.006
[7130.4s] epoch 239 step 188650 avg_loss=0.006
[7132.2s] epoch 239 step 188700 avg_loss=0.006
[7134.0s] epoch 239 step 188750 avg_loss=0.006
[7135.8s] epoch 239 step 188800 avg_loss=0.006
[7137.8s] epoch 239 step 188850 avg_loss=0.006
[7140.0s] epoch 239 step 188900 avg_loss=0.006
[7142.0s] epoch 239 step 188950 avg_loss=0.006
[7143.8s] epoch 239 step 189000 avg_loss=0.006
[7145.5s] epoch 239 step 189050 avg_loss=0.006
[7147.6s] epoch 239 step 189100 avg_loss=0.006
[7150.2s] eval step=6000 train_avg_loss=0.006 dev_rank1_f1=0.3230 dev_edge_p=0.2746 dev_edge_r=0.3921
[7150.2s] === epoch 239 done: avg_loss=0.006 (n=788 derivations) ===
[7151.4s] epoch 240 step 189150 avg_loss=0.005
[7153.4s] epoch 240 step 189200 avg_loss=0.006
[7155.6s] epoch 240 step 189250 avg_loss=0.006
[7157.6s] epoch 240 step 189300 avg_loss=0.005
[7159.8s] epoch 240 step 189350 avg_loss=0.006
[7161.8s] epoch 240 step 189400 avg_loss=0.006
[7163.8s] epoch 240 step 189450 avg_loss=0.006
[7165.8s] epoch 240 step 189500 avg_loss=0.006
[7167.7s] epoch 240 step 189550 avg_loss=0.006
[7169.6s] epoch 240 step 189600 avg_loss=0.006
[7171.8s] epoch 240 step 189650 avg_loss=0.006
[7173.9s] epoch 240 step 189700 avg_loss=0.006
[7175.9s] epoch 240 step 189750 avg_loss=0.006
[7177.8s] epoch 240 step 189800 avg_loss=0.006
[7179.8s] epoch 240 step 189850 avg_loss=0.006
[7181.5s] epoch 240 step 189900 avg_loss=0.006
[7181.9s] === epoch 240 done: avg_loss=0.006 (n=788 derivations) ===
[7183.6s] epoch 241 step 189950 avg_loss=0.004
[7185.6s] epoch 241 step 190000 avg_loss=0.005
[7187.4s] epoch 241 step 190050 avg_loss=0.005
[7189.6s] epoch 241 step 190100 avg_loss=0.005
[7191.5s] epoch 241 step 190150 avg_loss=0.006
[7193.5s] epoch 241 step 190200 avg_loss=0.006
[7195.6s] epoch 241 step 190250 avg_loss=0.006
[7197.7s] epoch 241 step 190300 avg_loss=0.007
[7199.5s] epoch 241 step 190350 avg_loss=0.007
[7201.3s] epoch 241 step 190400 avg_loss=0.006
[7203.3s] epoch 241 step 190450 avg_loss=0.006
[7205.3s] epoch 241 step 190500 avg_loss=0.006
[7207.3s] epoch 241 step 190550 avg_loss=0.006
[7209.4s] epoch 241 step 190600 avg_loss=0.006
[7211.4s] epoch 241 step 190650 avg_loss=0.006
[7213.1s] === epoch 241 done: avg_loss=0.006 (n=788 derivations) ===
[7213.2s] epoch 242 step 190700 avg_loss=0.004
[7215.6s] epoch 242 step 190750 avg_loss=0.008
[7217.8s] epoch 242 step 190800 avg_loss=0.007
[7219.9s] epoch 242 step 190850 avg_loss=0.007
[7222.4s] epoch 242 step 190900 avg_loss=0.006
[7224.6s] epoch 242 step 190950 avg_loss=0.006
[7226.9s] epoch 242 step 191000 avg_loss=0.006
[7229.0s] epoch 242 step 191050 avg_loss=0.006
[7230.6s] epoch 242 step 191100 avg_loss=0.006
[7232.7s] epoch 242 step 191150 avg_loss=0.006
[7234.4s] epoch 242 step 191200 avg_loss=0.006
[7236.1s] epoch 242 step 191250 avg_loss=0.006
[7238.0s] epoch 242 step 191300 avg_loss=0.006
[7239.9s] epoch 242 step 191350 avg_loss=0.006
[7241.8s] epoch 242 step 191400 avg_loss=0.006
[7243.7s] epoch 242 step 191450 avg_loss=0.006
[7245.0s] === epoch 242 done: avg_loss=0.006 (n=788 derivations) ===
[7245.4s] epoch 243 step 191500 avg_loss=0.003
[7247.5s] epoch 243 step 191550 avg_loss=0.006
[7249.2s] epoch 243 step 191600 avg_loss=0.005
[7251.0s] epoch 243 step 191650 avg_loss=0.005
[7253.0s] epoch 243 step 191700 avg_loss=0.005
[7254.9s] epoch 243 step 191750 avg_loss=0.005
[7256.7s] epoch 243 step 191800 avg_loss=0.005
[7258.3s] epoch 243 step 191850 avg_loss=0.005
[7260.3s] epoch 243 step 191900 avg_loss=0.005
[7262.2s] epoch 243 step 191950 avg_loss=0.005
[7264.1s] epoch 243 step 192000 avg_loss=0.005
[7266.0s] epoch 243 step 192050 avg_loss=0.006
[7268.1s] epoch 243 step 192100 avg_loss=0.006
[7270.2s] epoch 243 step 192150 avg_loss=0.006
[7272.1s] epoch 243 step 192200 avg_loss=0.006
[7273.9s] epoch 243 step 192250 avg_loss=0.006
[7274.6s] === epoch 243 done: avg_loss=0.006 (n=788 derivations) ===
[7275.5s] epoch 244 step 192300 avg_loss=0.003
[7277.2s] epoch 244 step 192350 avg_loss=0.004
[7278.8s] epoch 244 step 192400 avg_loss=0.005
[7280.5s] epoch 244 step 192450 avg_loss=0.005
[7282.4s] epoch 244 step 192500 avg_loss=0.005
[7284.4s] epoch 244 step 192550 avg_loss=0.006
[7286.3s] epoch 244 step 192600 avg_loss=0.006
[7288.1s] epoch 244 step 192650 avg_loss=0.006
[7290.0s] epoch 244 step 192700 avg_loss=0.006
[7291.6s] epoch 244 step 192750 avg_loss=0.006
[7293.4s] epoch 244 step 192800 avg_loss=0.006
[7295.2s] epoch 244 step 192850 avg_loss=0.006
[7297.5s] epoch 244 step 192900 avg_loss=0.006
[7299.4s] epoch 244 step 192950 avg_loss=0.006
[7301.3s] epoch 244 step 193000 avg_loss=0.006
[7303.1s] epoch 244 step 193050 avg_loss=0.006
[7303.4s] === epoch 244 done: avg_loss=0.006 (n=788 derivations) ===
[7305.2s] epoch 245 step 193100 avg_loss=0.009
[7307.1s] epoch 245 step 193150 avg_loss=0.007
[7309.0s] epoch 245 step 193200 avg_loss=0.007
[7310.9s] epoch 245 step 193250 avg_loss=0.006
[7312.6s] epoch 245 step 193300 avg_loss=0.006
[7314.8s] epoch 245 step 193350 avg_loss=0.006
[7316.7s] epoch 245 step 193400 avg_loss=0.006
[7318.9s] epoch 245 step 193450 avg_loss=0.006
[7320.8s] epoch 245 step 193500 avg_loss=0.006
[7322.8s] epoch 245 step 193550 avg_loss=0.005
[7324.6s] epoch 245 step 193600 avg_loss=0.006
[7326.2s] epoch 245 step 193650 avg_loss=0.006
[7327.9s] epoch 245 step 193700 avg_loss=0.006
[7329.8s] epoch 245 step 193750 avg_loss=0.006
[7331.6s] epoch 245 step 193800 avg_loss=0.006
[7333.3s] === epoch 245 done: avg_loss=0.006 (n=788 derivations) ===
[7333.4s] epoch 246 step 193850 avg_loss=0.001
[7335.5s] epoch 246 step 193900 avg_loss=0.008
[7337.6s] epoch 246 step 193950 avg_loss=0.008
[7339.6s] epoch 246 step 194000 avg_loss=0.007
[7341.5s] epoch 246 step 194050 avg_loss=0.006
[7343.3s] epoch 246 step 194100 avg_loss=0.006
[7344.9s] epoch 246 step 194150 avg_loss=0.006
[7346.7s] epoch 246 step 194200 avg_loss=0.006
[7348.4s] epoch 246 step 194250 avg_loss=0.006
[7350.3s] epoch 246 step 194300 avg_loss=0.006
[7352.3s] epoch 246 step 194350 avg_loss=0.005
[7354.2s] epoch 246 step 194400 avg_loss=0.005
[7355.9s] epoch 246 step 194450 avg_loss=0.006
[7357.9s] epoch 246 step 194500 avg_loss=0.006
[7359.8s] epoch 246 step 194550 avg_loss=0.006
[7361.5s] epoch 246 step 194600 avg_loss=0.006
[7362.7s] === epoch 246 done: avg_loss=0.006 (n=788 derivations) ===
[7363.2s] epoch 247 step 194650 avg_loss=0.004
[7364.8s] epoch 247 step 194700 avg_loss=0.006
[7366.4s] epoch 247 step 194750 avg_loss=0.005
[7367.9s] epoch 247 step 194800 avg_loss=0.005
[7369.7s] epoch 247 step 194850 avg_loss=0.005
[7371.5s] epoch 247 step 194900 avg_loss=0.005
[7373.4s] epoch 247 step 194950 avg_loss=0.006
[7375.2s] epoch 247 step 195000 avg_loss=0.006
[7377.2s] epoch 247 step 195050 avg_loss=0.005
[7378.9s] epoch 247 step 195100 avg_loss=0.005
[7380.9s] epoch 247 step 195150 avg_loss=0.005
[7382.9s] epoch 247 step 195200 avg_loss=0.005
[7384.8s] epoch 247 step 195250 avg_loss=0.006
[7386.8s] epoch 247 step 195300 avg_loss=0.006
[7388.7s] epoch 247 step 195350 avg_loss=0.006
[7390.3s] epoch 247 step 195400 avg_loss=0.006
[7391.1s] === epoch 247 done: avg_loss=0.006 (n=788 derivations) ===
[7392.1s] epoch 248 step 195450 avg_loss=0.005
[7394.1s] epoch 248 step 195500 avg_loss=0.007
[7395.8s] epoch 248 step 195550 avg_loss=0.006
[7397.8s] epoch 248 step 195600 avg_loss=0.005
[7399.7s] epoch 248 step 195650 avg_loss=0.006
[7401.6s] epoch 248 step 195700 avg_loss=0.006
[7403.5s] epoch 248 step 195750 avg_loss=0.006
[7405.3s] epoch 248 step 195800 avg_loss=0.006
[7407.0s] epoch 248 step 195850 avg_loss=0.006
[7408.4s] epoch 248 step 195900 avg_loss=0.005
[7410.2s] epoch 248 step 195950 avg_loss=0.005
[7411.9s] epoch 248 step 196000 avg_loss=0.005
[7413.6s] epoch 248 step 196050 avg_loss=0.005
[7415.5s] epoch 248 step 196100 avg_loss=0.005
[7417.2s] epoch 248 step 196150 avg_loss=0.005
[7419.4s] epoch 248 step 196200 avg_loss=0.005
[7419.8s] === epoch 248 done: avg_loss=0.006 (n=788 derivations) ===
[7421.2s] epoch 249 step 196250 avg_loss=0.005
[7422.9s] epoch 249 step 196300 avg_loss=0.004
[7424.7s] epoch 249 step 196350 avg_loss=0.004
[7426.4s] epoch 249 step 196400 avg_loss=0.004
[7428.1s] epoch 249 step 196450 avg_loss=0.004
[7429.5s] epoch 249 step 196500 avg_loss=0.004
[7431.3s] epoch 249 step 196550 avg_loss=0.004
[7433.2s] epoch 249 step 196600 avg_loss=0.005
[7434.9s] epoch 249 step 196650 avg_loss=0.005
[7436.5s] epoch 249 step 196700 avg_loss=0.005
[7438.1s] epoch 249 step 196750 avg_loss=0.005
[7440.0s] epoch 249 step 196800 avg_loss=0.005
[7442.1s] epoch 249 step 196850 avg_loss=0.005
[7444.1s] epoch 249 step 196900 avg_loss=0.005
[7446.0s] epoch 249 step 196950 avg_loss=0.005
[7447.6s] epoch 249 step 197000 avg_loss=0.005
[7449.3s] eval step=6250 train_avg_loss=0.005 dev_rank1_f1=0.3246 dev_edge_p=0.2766 dev_edge_r=0.3928
[7449.3s] === epoch 249 done: avg_loss=0.005 (n=788 derivations) ===
[7450.8s] epoch 250 step 197050 avg_loss=0.005
[7452.6s] epoch 250 step 197100 avg_loss=0.004
[7454.2s] epoch 250 step 197150 avg_loss=0.004
[7456.0s] epoch 250 step 197200 avg_loss=0.005
[7457.5s] epoch 250 step 197250 avg_loss=0.005
[7459.4s] epoch 250 step 197300 avg_loss=0.006
[7461.0s] epoch 250 step 197350 avg_loss=0.005
[7462.8s] epoch 250 step 197400 avg_loss=0.005
[7464.7s] epoch 250 step 197450 avg_loss=0.006
[7466.7s] epoch 250 step 197500 avg_loss=0.006
[7468.7s] epoch 250 step 197550 avg_loss=0.006
[7470.7s] epoch 250 step 197600 avg_loss=0.006
[7472.4s] epoch 250 step 197650 avg_loss=0.006
[7474.1s] epoch 250 step 197700 avg_loss=0.005
[7475.8s] epoch 250 step 197750 avg_loss=0.005
[7477.1s] === epoch 250 done: avg_loss=0.005 (n=788 derivations) ===
[7477.6s] epoch 251 step 197800 avg_loss=0.003
[7479.5s] epoch 251 step 197850 avg_loss=0.005
[7481.4s] epoch 251 step 197900 avg_loss=0.004
[7483.1s] epoch 251 step 197950 avg_loss=0.005
[7485.0s] epoch 251 step 198000 avg_loss=0.004
[7486.8s] epoch 251 step 198050 avg_loss=0.005
[7488.7s] epoch 251 step 198100 avg_loss=0.005
[7490.7s] epoch 251 step 198150 avg_loss=0.005
[7492.6s] epoch 251 step 198200 avg_loss=0.006
[7494.1s] epoch 251 step 198250 avg_loss=0.005
[7496.1s] epoch 251 step 198300 avg_loss=0.005
[7498.0s] epoch 251 step 198350 avg_loss=0.005
[7499.8s] epoch 251 step 198400 avg_loss=0.005
[7501.5s] epoch 251 step 198450 avg_loss=0.005
[7503.4s] epoch 251 step 198500 avg_loss=0.005
[7505.3s] epoch 251 step 198550 avg_loss=0.005
[7506.5s] === epoch 251 done: avg_loss=0.005 (n=788 derivations) ===
[7507.5s] epoch 252 step 198600 avg_loss=0.009
[7509.1s] epoch 252 step 198650 avg_loss=0.005
[7510.8s] epoch 252 step 198700 avg_loss=0.005
[7512.5s] epoch 252 step 198750 avg_loss=0.005
[7514.1s] epoch 252 step 198800 avg_loss=0.004
[7516.0s] epoch 252 step 198850 avg_loss=0.005
[7517.6s] epoch 252 step 198900 avg_loss=0.005
[7519.4s] epoch 252 step 198950 avg_loss=0.005
[7521.6s] epoch 252 step 199000 avg_loss=0.005
[7523.5s] epoch 252 step 199050 avg_loss=0.005
[7525.3s] epoch 252 step 199100 avg_loss=0.005
[7527.0s] epoch 252 step 199150 avg_loss=0.005
[7528.7s] epoch 252 step 199200 avg_loss=0.005
[7530.6s] epoch 252 step 199250 avg_loss=0.005
[7532.5s] epoch 252 step 199300 avg_loss=0.005
[7534.1s] epoch 252 step 199350 avg_loss=0.005
[7534.6s] === epoch 252 done: avg_loss=0.005 (n=788 derivations) ===
[7536.0s] epoch 253 step 199400 avg_loss=0.007
[7537.7s] epoch 253 step 199450 avg_loss=0.005
[7539.6s] epoch 253 step 199500 avg_loss=0.005
[7541.4s] epoch 253 step 199550 avg_loss=0.005
[7543.2s] epoch 253 step 199600 avg_loss=0.005
[7544.9s] epoch 253 step 199650 avg_loss=0.005
[7546.6s] epoch 253 step 199700 avg_loss=0.005
[7548.4s] epoch 253 step 199750 avg_loss=0.006
[7550.2s] epoch 253 step 199800 avg_loss=0.005
[7551.9s] epoch 253 step 199850 avg_loss=0.005
[7553.9s] epoch 253 step 199900 avg_loss=0.005
[7555.8s] epoch 253 step 199950 avg_loss=0.005
[7557.4s] epoch 253 step 200000 avg_loss=0.005
[7559.2s] epoch 253 step 200050 avg_loss=0.005
[7560.9s] epoch 253 step 200100 avg_loss=0.005
[7562.9s] epoch 253 step 200150 avg_loss=0.005
[7562.9s] === epoch 253 done: avg_loss=0.005 (n=788 derivations) ===
[7564.4s] epoch 254 step 200200 avg_loss=0.004
[7566.2s] epoch 254 step 200250 avg_loss=0.005
[7568.2s] epoch 254 step 200300 avg_loss=0.005
[7570.0s] epoch 254 step 200350 avg_loss=0.005
[7571.9s] epoch 254 step 200400 avg_loss=0.005
[7574.1s] epoch 254 step 200450 avg_loss=0.006
[7575.6s] epoch 254 step 200500 avg_loss=0.005
[7577.5s] epoch 254 step 200550 avg_loss=0.005
[7579.6s] epoch 254 step 200600 avg_loss=0.005
[7581.3s] epoch 254 step 200650 avg_loss=0.005
[7583.2s] epoch 254 step 200700 avg_loss=0.005
[7584.8s] epoch 254 step 200750 avg_loss=0.005
[7586.7s] epoch 254 step 200800 avg_loss=0.005
[7588.5s] epoch 254 step 200850 avg_loss=0.005
[7590.0s] epoch 254 step 200900 avg_loss=0.005
[7591.4s] === epoch 254 done: avg_loss=0.005 (n=788 derivations) ===
[7591.7s] epoch 255 step 200950 avg_loss=0.005
[7593.4s] epoch 255 step 201000 avg_loss=0.004
[7595.3s] epoch 255 step 201050 avg_loss=0.005
[7597.1s] epoch 255 step 201100 avg_loss=0.005
[7599.0s] epoch 255 step 201150 avg_loss=0.005
[7600.8s] epoch 255 step 201200 avg_loss=0.005
[7602.5s] epoch 255 step 201250 avg_loss=0.005
[7604.4s] epoch 255 step 201300 avg_loss=0.005
[7606.0s] epoch 255 step 201350 avg_loss=0.005
[7608.1s] epoch 255 step 201400 avg_loss=0.005
[7609.8s] epoch 255 step 201450 avg_loss=0.005
[7611.6s] epoch 255 step 201500 avg_loss=0.005
[7613.3s] epoch 255 step 201550 avg_loss=0.005
[7614.9s] epoch 255 step 201600 avg_loss=0.005
[7616.7s] epoch 255 step 201650 avg_loss=0.005
[7618.8s] epoch 255 step 201700 avg_loss=0.005
[7619.9s] === epoch 255 done: avg_loss=0.005 (n=788 derivations) ===
[7620.7s] epoch 256 step 201750 avg_loss=0.005
[7622.9s] epoch 256 step 201800 avg_loss=0.004
[7624.9s] epoch 256 step 201850 avg_loss=0.004
[7626.7s] epoch 256 step 201900 avg_loss=0.004
[7628.7s] epoch 256 step 201950 avg_loss=0.005
[7630.6s] epoch 256 step 202000 avg_loss=0.005
[7632.4s] epoch 256 step 202050 avg_loss=0.005
[7634.1s] epoch 256 step 202100 avg_loss=0.005
[7636.2s] epoch 256 step 202150 avg_loss=0.005
[7638.0s] epoch 256 step 202200 avg_loss=0.005
[7639.7s] epoch 256 step 202250 avg_loss=0.005
[7641.5s] epoch 256 step 202300 avg_loss=0.005
[7643.4s] epoch 256 step 202350 avg_loss=0.005
[7645.0s] epoch 256 step 202400 avg_loss=0.005
[7646.8s] epoch 256 step 202450 avg_loss=0.005
[7648.6s] epoch 256 step 202500 avg_loss=0.005
[7649.1s] === epoch 256 done: avg_loss=0.005 (n=788 derivations) ===
[7650.5s] epoch 257 step 202550 avg_loss=0.004
[7652.5s] epoch 257 step 202600 avg_loss=0.006
[7654.5s] epoch 257 step 202650 avg_loss=0.005
[7656.4s] epoch 257 step 202700 avg_loss=0.005
[7658.6s] epoch 257 step 202750 avg_loss=0.005
[7660.6s] epoch 257 step 202800 avg_loss=0.005
[7662.6s] epoch 257 step 202850 avg_loss=0.005
[7664.6s] epoch 257 step 202900 avg_loss=0.005
[7666.9s] epoch 257 step 202950 avg_loss=0.005
[7669.0s] epoch 257 step 203000 avg_loss=0.005
[7670.8s] epoch 257 step 203050 avg_loss=0.005
[7672.7s] epoch 257 step 203100 avg_loss=0.005
[7674.6s] epoch 257 step 203150 avg_loss=0.005
[7676.3s] epoch 257 step 203200 avg_loss=0.005
[7678.1s] epoch 257 step 203250 avg_loss=0.005
[7680.0s] epoch 257 step 203300 avg_loss=0.005
[7680.3s] === epoch 257 done: avg_loss=0.005 (n=788 derivations) ===
[7682.0s] epoch 258 step 203350 avg_loss=0.003
[7684.1s] epoch 258 step 203400 avg_loss=0.004
[7686.0s] epoch 258 step 203450 avg_loss=0.005
[7687.7s] epoch 258 step 203500 avg_loss=0.005
[7689.6s] epoch 258 step 203550 avg_loss=0.005
[7691.3s] epoch 258 step 203600 avg_loss=0.004
[7693.0s] epoch 258 step 203650 avg_loss=0.004
[7694.6s] epoch 258 step 203700 avg_loss=0.005
[7696.4s] epoch 258 step 203750 avg_loss=0.005
[7698.2s] epoch 258 step 203800 avg_loss=0.005
[7700.2s] epoch 258 step 203850 avg_loss=0.005
[7701.9s] epoch 258 step 203900 avg_loss=0.005
[7703.8s] epoch 258 step 203950 avg_loss=0.005
[7705.8s] epoch 258 step 204000 avg_loss=0.005
[7707.8s] epoch 258 step 204050 avg_loss=0.005
[7709.3s] === epoch 258 done: avg_loss=0.005 (n=788 derivations) ===
[7709.6s] epoch 259 step 204100 avg_loss=0.006
[7711.9s] epoch 259 step 204150 avg_loss=0.006
[7713.9s] epoch 259 step 204200 avg_loss=0.005
[7715.8s] epoch 259 step 204250 avg_loss=0.005
[7717.7s] epoch 259 step 204300 avg_loss=0.005
[7719.6s] epoch 259 step 204350 avg_loss=0.005
[7721.8s] epoch 259 step 204400 avg_loss=0.006
[7723.7s] epoch 259 step 204450 avg_loss=0.006
[7725.5s] epoch 259 step 204500 avg_loss=0.005
[7727.4s] epoch 259 step 204550 avg_loss=0.005
[7729.4s] epoch 259 step 204600 avg_loss=0.005
[7731.4s] epoch 259 step 204650 avg_loss=0.005
[7733.2s] epoch 259 step 204700 avg_loss=0.005
[7734.9s] epoch 259 step 204750 avg_loss=0.005
[7736.6s] epoch 259 step 204800 avg_loss=0.005
[7738.3s] epoch 259 step 204850 avg_loss=0.005
[7741.0s] eval step=6500 train_avg_loss=0.005 dev_rank1_f1=0.3253 dev_edge_p=0.2782 dev_edge_r=0.3915
[7741.0s] === epoch 259 done: avg_loss=0.005 (n=788 derivations) ===
[7741.7s] epoch 260 step 204900 avg_loss=0.004
[7743.8s] epoch 260 step 204950 avg_loss=0.004
[7745.7s] epoch 260 step 205000 avg_loss=0.005
[7747.5s] epoch 260 step 205050 avg_loss=0.004
[7749.0s] epoch 260 step 205100 avg_loss=0.004
[7750.8s] epoch 260 step 205150 avg_loss=0.004
[7752.6s] epoch 260 step 205200 avg_loss=0.004
[7754.1s] epoch 260 step 205250 avg_loss=0.005
[7756.2s] epoch 260 step 205300 avg_loss=0.005
[7757.8s] epoch 260 step 205350 avg_loss=0.005
[7759.5s] epoch 260 step 205400 avg_loss=0.005
[7761.1s] epoch 260 step 205450 avg_loss=0.005
[7762.8s] epoch 260 step 205500 avg_loss=0.005
[7764.6s] epoch 260 step 205550 avg_loss=0.005
[7766.5s] epoch 260 step 205600 avg_loss=0.005
[7768.5s] epoch 260 step 205650 avg_loss=0.005
[7769.2s] === epoch 260 done: avg_loss=0.005 (n=788 derivations) ===
[7770.4s] epoch 261 step 205700 avg_loss=0.004
[7772.5s] epoch 261 step 205750 avg_loss=0.007
[7774.1s] epoch 261 step 205800 avg_loss=0.006
[7775.9s] epoch 261 step 205850 avg_loss=0.005
[7777.7s] epoch 261 step 205900 avg_loss=0.005
[7779.5s] epoch 261 step 205950 avg_loss=0.005
[7781.1s] epoch 261 step 206000 avg_loss=0.005
[7783.3s] epoch 261 step 206050 avg_loss=0.005
[7785.1s] epoch 261 step 206100 avg_loss=0.004
[7787.0s] epoch 261 step 206150 avg_loss=0.005
[7788.9s] epoch 261 step 206200 avg_loss=0.005
[7790.6s] epoch 261 step 206250 avg_loss=0.005
[7792.5s] epoch 261 step 206300 avg_loss=0.005
[7794.4s] epoch 261 step 206350 avg_loss=0.005
[7796.1s] epoch 261 step 206400 avg_loss=0.005
[7797.9s] epoch 261 step 206450 avg_loss=0.005
[7798.0s] === epoch 261 done: avg_loss=0.005 (n=788 derivations) ===
[7799.8s] epoch 262 step 206500 avg_loss=0.006
[7801.8s] epoch 262 step 206550 avg_loss=0.005
[7803.9s] epoch 262 step 206600 avg_loss=0.005
[7805.8s] epoch 262 step 206650 avg_loss=0.004
[7807.8s] epoch 262 step 206700 avg_loss=0.004
[7809.7s] epoch 262 step 206750 avg_loss=0.004
[7811.6s] epoch 262 step 206800 avg_loss=0.004
[7813.9s] epoch 262 step 206850 avg_loss=0.005
[7815.6s] epoch 262 step 206900 avg_loss=0.005
[7817.7s] epoch 262 step 206950 avg_loss=0.005
[7819.5s] epoch 262 step 207000 avg_loss=0.005
[7821.3s] epoch 262 step 207050 avg_loss=0.004
[7823.0s] epoch 262 step 207100 avg_loss=0.004
[7824.6s] epoch 262 step 207150 avg_loss=0.004
[7826.3s] epoch 262 step 207200 avg_loss=0.004
[7827.7s] === epoch 262 done: avg_loss=0.004 (n=788 derivations) ===
[7827.9s] epoch 263 step 207250 avg_loss=0.003
[7829.7s] epoch 263 step 207300 avg_loss=0.003
[7831.4s] epoch 263 step 207350 avg_loss=0.003
[7833.1s] epoch 263 step 207400 avg_loss=0.003
[7835.1s] epoch 263 step 207450 avg_loss=0.004
[7836.9s] epoch 263 step 207500 avg_loss=0.004
[7838.6s] epoch 263 step 207550 avg_loss=0.004
[7840.2s] epoch 263 step 207600 avg_loss=0.004
[7841.8s] epoch 263 step 207650 avg_loss=0.004
[7843.8s] epoch 263 step 207700 avg_loss=0.004
[7845.7s] epoch 263 step 207750 avg_loss=0.004
[7847.6s] epoch 263 step 207800 avg_loss=0.004
[7849.5s] epoch 263 step 207850 avg_loss=0.004
[7851.2s] epoch 263 step 207900 avg_loss=0.004
[7853.2s] epoch 263 step 207950 avg_loss=0.004
[7854.9s] epoch 263 step 208000 avg_loss=0.004
[7856.5s] === epoch 263 done: avg_loss=0.004 (n=788 derivations) ===
[7857.2s] epoch 264 step 208050 avg_loss=0.007
[7858.7s] epoch 264 step 208100 avg_loss=0.006
[7860.5s] epoch 264 step 208150 avg_loss=0.005
[7862.4s] epoch 264 step 208200 avg_loss=0.004
[7864.5s] epoch 264 step 208250 avg_loss=0.004
[7866.5s] epoch 264 step 208300 avg_loss=0.004
[7868.6s] epoch 264 step 208350 avg_loss=0.004
[7870.9s] epoch 264 step 208400 avg_loss=0.004
[7873.0s] epoch 264 step 208450 avg_loss=0.004
[7875.0s] epoch 264 step 208500 avg_loss=0.004
[7877.1s] epoch 264 step 208550 avg_loss=0.004
[7879.3s] epoch 264 step 208600 avg_loss=0.004
[7881.5s] epoch 264 step 208650 avg_loss=0.004
[7883.4s] epoch 264 step 208700 avg_loss=0.004
[7885.2s] epoch 264 step 208750 avg_loss=0.004
[7887.2s] epoch 264 step 208800 avg_loss=0.004
[7888.0s] === epoch 264 done: avg_loss=0.004 (n=788 derivations) ===
[7889.1s] epoch 265 step 208850 avg_loss=0.004
[7891.1s] epoch 265 step 208900 avg_loss=0.003
[7893.4s] epoch 265 step 208950 avg_loss=0.003
[7895.8s] epoch 265 step 209000 avg_loss=0.005
[7898.0s] epoch 265 step 209050 avg_loss=0.005
[7899.7s] epoch 265 step 209100 avg_loss=0.005
[7902.0s] epoch 265 step 209150 avg_loss=0.005
[7904.1s] epoch 265 step 209200 avg_loss=0.004
[7906.1s] epoch 265 step 209250 avg_loss=0.005
[7908.2s] epoch 265 step 209300 avg_loss=0.004
[7910.0s] epoch 265 step 209350 avg_loss=0.004
[7911.7s] epoch 265 step 209400 avg_loss=0.004
[7913.6s] epoch 265 step 209450 avg_loss=0.004
[7915.3s] epoch 265 step 209500 avg_loss=0.004
[7917.1s] epoch 265 step 209550 avg_loss=0.004
[7919.1s] epoch 265 step 209600 avg_loss=0.004
[7919.4s] === epoch 265 done: avg_loss=0.004 (n=788 derivations) ===
[7921.1s] epoch 266 step 209650 avg_loss=0.002
[7923.0s] epoch 266 step 209700 avg_loss=0.003
[7925.3s] epoch 266 step 209750 avg_loss=0.004
[7927.3s] epoch 266 step 209800 avg_loss=0.004
[7929.5s] epoch 266 step 209850 avg_loss=0.004
[7931.4s] epoch 266 step 209900 avg_loss=0.004
[7933.4s] epoch 266 step 209950 avg_loss=0.004
[7935.5s] epoch 266 step 210000 avg_loss=0.004
[7937.5s] epoch 266 step 210050 avg_loss=0.004
[7940.1s] epoch 266 step 210100 avg_loss=0.004
[7942.2s] epoch 266 step 210150 avg_loss=0.004
[7944.2s] epoch 266 step 210200 avg_loss=0.004
[7946.1s] epoch 266 step 210250 avg_loss=0.004
[7948.1s] epoch 266 step 210300 avg_loss=0.004
[7950.1s] epoch 266 step 210350 avg_loss=0.004
[7951.9s] === epoch 266 done: avg_loss=0.004 (n=788 derivations) ===
[7952.0s] epoch 267 step 210400 avg_loss=0.003
[7954.1s] epoch 267 step 210450 avg_loss=0.003
[7956.1s] epoch 267 step 210500 avg_loss=0.003
[7957.9s] epoch 267 step 210550 avg_loss=0.003
[7960.1s] epoch 267 step 210600 avg_loss=0.004
[7961.9s] epoch 267 step 210650 avg_loss=0.004
[7963.7s] epoch 267 step 210700 avg_loss=0.004
[7965.9s] epoch 267 step 210750 avg_loss=0.004
[7967.9s] epoch 267 step 210800 avg_loss=0.004
[7970.1s] epoch 267 step 210850 avg_loss=0.004
[7972.4s] epoch 267 step 210900 avg_loss=0.004
[7974.4s] epoch 267 step 210950 avg_loss=0.004
[7976.4s] epoch 267 step 211000 avg_loss=0.004
[7978.6s] epoch 267 step 211050 avg_loss=0.004
[7980.6s] epoch 267 step 211100 avg_loss=0.004
[7982.6s] epoch 267 step 211150 avg_loss=0.004
[7984.1s] === epoch 267 done: avg_loss=0.004 (n=788 derivations) ===
[7984.6s] epoch 268 step 211200 avg_loss=0.003
[7986.7s] epoch 268 step 211250 avg_loss=0.003
[7988.9s] epoch 268 step 211300 avg_loss=0.003
[7991.0s] epoch 268 step 211350 avg_loss=0.003
[7993.0s] epoch 268 step 211400 avg_loss=0.003
[7994.8s] epoch 268 step 211450 avg_loss=0.003
[7996.8s] epoch 268 step 211500 avg_loss=0.004
[7998.9s] epoch 268 step 211550 avg_loss=0.004
[8000.8s] epoch 268 step 211600 avg_loss=0.004
[8002.7s] epoch 268 step 211650 avg_loss=0.004
[8004.6s] epoch 268 step 211700 avg_loss=0.004
[8006.7s] epoch 268 step 211750 avg_loss=0.004
[8008.7s] epoch 268 step 211800 avg_loss=0.004
[8010.8s] epoch 268 step 211850 avg_loss=0.004
[8012.9s] epoch 268 step 211900 avg_loss=0.004
[8015.1s] epoch 268 step 211950 avg_loss=0.004
[8016.1s] === epoch 268 done: avg_loss=0.004 (n=788 derivations) ===
[8017.2s] epoch 269 step 212000 avg_loss=0.003
[8019.2s] epoch 269 step 212050 avg_loss=0.003
[8021.4s] epoch 269 step 212100 avg_loss=0.003
[8023.4s] epoch 269 step 212150 avg_loss=0.004
[8025.5s] epoch 269 step 212200 avg_loss=0.004
[8027.6s] epoch 269 step 212250 avg_loss=0.004
[8029.4s] epoch 269 step 212300 avg_loss=0.004
[8031.4s] epoch 269 step 212350 avg_loss=0.004
[8033.2s] epoch 269 step 212400 avg_loss=0.004
[8035.2s] epoch 269 step 212450 avg_loss=0.004
[8037.3s] epoch 269 step 212500 avg_loss=0.004
[8039.5s] epoch 269 step 212550 avg_loss=0.004
[8041.8s] epoch 269 step 212600 avg_loss=0.004
[8043.9s] epoch 269 step 212650 avg_loss=0.004
[8046.0s] epoch 269 step 212700 avg_loss=0.004
[8048.1s] epoch 269 step 212750 avg_loss=0.004
[8050.6s] eval step=6750 train_avg_loss=0.004 dev_rank1_f1=0.3174 dev_edge_p=0.2686 dev_edge_r=0.3880
[8050.6s] === epoch 269 done: avg_loss=0.004 (n=788 derivations) ===
[8052.6s] epoch 270 step 212800 avg_loss=0.003
[8054.8s] epoch 270 step 212850 avg_loss=0.004
[8056.7s] epoch 270 step 212900 avg_loss=0.003
[8058.8s] epoch 270 step 212950 avg_loss=0.004
[8061.1s] epoch 270 step 213000 avg_loss=0.004
[8063.1s] epoch 270 step 213050 avg_loss=0.004
[8065.2s] epoch 270 step 213100 avg_loss=0.004
[8067.7s] epoch 270 step 213150 avg_loss=0.004
[8069.9s] epoch 270 step 213200 avg_loss=0.004
[8072.2s] epoch 270 step 213250 avg_loss=0.004
[8074.4s] epoch 270 step 213300 avg_loss=0.004
[8076.2s] epoch 270 step 213350 avg_loss=0.004
[8078.3s] epoch 270 step 213400 avg_loss=0.004
[8080.2s] epoch 270 step 213450 avg_loss=0.004
[8082.2s] epoch 270 step 213500 avg_loss=0.004
[8083.8s] === epoch 270 done: avg_loss=0.004 (n=788 derivations) ===
[8083.8s] epoch 271 step 213550 avg_loss=0.000
[8085.7s] epoch 271 step 213600 avg_loss=0.004
[8087.5s] epoch 271 step 213650 avg_loss=0.005
[8089.5s] epoch 271 step 213700 avg_loss=0.005
[8091.9s] epoch 271 step 213750 avg_loss=0.004
[8093.6s] epoch 271 step 213800 avg_loss=0.004
[8096.0s] epoch 271 step 213850 avg_loss=0.004
[8098.1s] epoch 271 step 213900 avg_loss=0.004
[8100.0s] epoch 271 step 213950 avg_loss=0.004
[8102.0s] epoch 271 step 214000 avg_loss=0.004
[8104.0s] epoch 271 step 214050 avg_loss=0.004
[8106.1s] epoch 271 step 214100 avg_loss=0.004
[8108.2s] epoch 271 step 214150 avg_loss=0.004
[8110.1s] epoch 271 step 214200 avg_loss=0.004
[8112.0s] epoch 271 step 214250 avg_loss=0.004
[8114.2s] epoch 271 step 214300 avg_loss=0.004
[8115.6s] === epoch 271 done: avg_loss=0.004 (n=788 derivations) ===
[8116.3s] epoch 272 step 214350 avg_loss=0.006
[8118.7s] epoch 272 step 214400 avg_loss=0.005
[8120.4s] epoch 272 step 214450 avg_loss=0.004
[8122.5s] epoch 272 step 214500 avg_loss=0.004
[8124.9s] epoch 272 step 214550 avg_loss=0.004
[8127.0s] epoch 272 step 214600 avg_loss=0.004
[8129.3s] epoch 272 step 214650 avg_loss=0.004
[8131.3s] epoch 272 step 214700 avg_loss=0.004
[8133.1s] epoch 272 step 214750 avg_loss=0.004
[8134.8s] epoch 272 step 214800 avg_loss=0.004
[8136.5s] epoch 272 step 214850 avg_loss=0.004
[8138.4s] epoch 272 step 214900 avg_loss=0.004
[8140.3s] epoch 272 step 214950 avg_loss=0.004
[8142.3s] epoch 272 step 215000 avg_loss=0.004
[8144.4s] epoch 272 step 215050 avg_loss=0.004
[8146.4s] epoch 272 step 215100 avg_loss=0.004
[8147.4s] === epoch 272 done: avg_loss=0.004 (n=788 derivations) ===
[8148.6s] epoch 273 step 215150 avg_loss=0.005
[8150.6s] epoch 273 step 215200 avg_loss=0.004
[8152.4s] epoch 273 step 215250 avg_loss=0.004
[8154.4s] epoch 273 step 215300 avg_loss=0.004
[8156.5s] epoch 273 step 215350 avg_loss=0.004
[8158.7s] epoch 273 step 215400 avg_loss=0.004
[8161.0s] epoch 273 step 215450 avg_loss=0.004
[8163.2s] epoch 273 step 215500 avg_loss=0.004
[8165.4s] epoch 273 step 215550 avg_loss=0.004
[8167.5s] epoch 273 step 215600 avg_loss=0.004
[8169.1s] epoch 273 step 215650 avg_loss=0.004
[8171.1s] epoch 273 step 215700 avg_loss=0.004
[8173.3s] epoch 273 step 215750 avg_loss=0.004
[8175.3s] epoch 273 step 215800 avg_loss=0.004
[8177.2s] epoch 273 step 215850 avg_loss=0.004
[8179.3s] epoch 273 step 215900 avg_loss=0.004
[8179.9s] === epoch 273 done: avg_loss=0.004 (n=788 derivations) ===
[8181.2s] epoch 274 step 215950 avg_loss=0.003
[8183.3s] epoch 274 step 216000 avg_loss=0.004
[8185.5s] epoch 274 step 216050 avg_loss=0.004
[8187.4s] epoch 274 step 216100 avg_loss=0.004
[8189.5s] epoch 274 step 216150 avg_loss=0.004
[8191.4s] epoch 274 step 216200 avg_loss=0.004
[8193.5s] epoch 274 step 216250 avg_loss=0.004
[8195.7s] epoch 274 step 216300 avg_loss=0.004
[8197.7s] epoch 274 step 216350 avg_loss=0.004
[8199.7s] epoch 274 step 216400 avg_loss=0.004
[8201.9s] epoch 274 step 216450 avg_loss=0.004
[8204.2s] epoch 274 step 216500 avg_loss=0.004
[8206.0s] epoch 274 step 216550 avg_loss=0.004
[8207.9s] epoch 274 step 216600 avg_loss=0.004
[8210.1s] epoch 274 step 216650 avg_loss=0.004
[8212.1s] epoch 274 step 216700 avg_loss=0.004
[8212.1s] === epoch 274 done: avg_loss=0.004 (n=788 derivations) ===
[8214.5s] epoch 275 step 216750 avg_loss=0.005
[8216.6s] epoch 275 step 216800 avg_loss=0.005
[8218.8s] epoch 275 step 216850 avg_loss=0.005
[8221.0s] epoch 275 step 216900 avg_loss=0.005
[8223.1s] epoch 275 step 216950 avg_loss=0.005
[8225.0s] epoch 275 step 217000 avg_loss=0.004
[8227.3s] epoch 275 step 217050 avg_loss=0.004
[8229.3s] epoch 275 step 217100 avg_loss=0.004
[8231.4s] epoch 275 step 217150 avg_loss=0.004
[8233.3s] epoch 275 step 217200 avg_loss=0.004
[8235.5s] epoch 275 step 217250 avg_loss=0.004
[8237.6s] epoch 275 step 217300 avg_loss=0.004
[8239.3s] epoch 275 step 217350 avg_loss=0.004
[8240.8s] epoch 275 step 217400 avg_loss=0.004
[8242.8s] epoch 275 step 217450 avg_loss=0.004
[8244.1s] === epoch 275 done: avg_loss=0.004 (n=788 derivations) ===
[8244.6s] epoch 276 step 217500 avg_loss=0.003
[8246.7s] epoch 276 step 217550 avg_loss=0.003
[8248.8s] epoch 276 step 217600 avg_loss=0.004
[8250.7s] epoch 276 step 217650 avg_loss=0.004
[8252.6s] epoch 276 step 217700 avg_loss=0.004
[8254.6s] epoch 276 step 217750 avg_loss=0.004
[8256.6s] epoch 276 step 217800 avg_loss=0.004
[8258.6s] epoch 276 step 217850 avg_loss=0.004
[8260.7s] epoch 276 step 217900 avg_loss=0.004
[8262.5s] epoch 276 step 217950 avg_loss=0.004
[8264.4s] epoch 276 step 218000 avg_loss=0.003
[8266.4s] epoch 276 step 218050 avg_loss=0.003
[8268.5s] epoch 276 step 218100 avg_loss=0.004
[8270.5s] epoch 276 step 218150 avg_loss=0.004
[8272.7s] epoch 276 step 218200 avg_loss=0.004
[8274.9s] epoch 276 step 218250 avg_loss=0.004
[8276.1s] === epoch 276 done: avg_loss=0.004 (n=788 derivations) ===
[8276.9s] epoch 277 step 218300 avg_loss=0.002
[8278.9s] epoch 277 step 218350 avg_loss=0.003
[8280.9s] epoch 277 step 218400 avg_loss=0.003
[8282.8s] epoch 277 step 218450 avg_loss=0.004
[8284.8s] epoch 277 step 218500 avg_loss=0.003
[8286.7s] epoch 277 step 218550 avg_loss=0.003
[8288.5s] epoch 277 step 218600 avg_loss=0.003
[8290.5s] epoch 277 step 218650 avg_loss=0.003
[8292.3s] epoch 277 step 218700 avg_loss=0.003
[8294.3s] epoch 277 step 218750 avg_loss=0.003
[8296.4s] epoch 277 step 218800 avg_loss=0.003
[8298.4s] epoch 277 step 218850 avg_loss=0.003
[8300.2s] epoch 277 step 218900 avg_loss=0.003
[8302.3s] epoch 277 step 218950 avg_loss=0.003
[8304.3s] epoch 277 step 219000 avg_loss=0.004
[8306.5s] epoch 277 step 219050 avg_loss=0.004
[8306.9s] === epoch 277 done: avg_loss=0.004 (n=788 derivations) ===
[8308.4s] epoch 278 step 219100 avg_loss=0.003
[8310.3s] epoch 278 step 219150 avg_loss=0.004
[8312.2s] epoch 278 step 219200 avg_loss=0.003
[8314.4s] epoch 278 step 219250 avg_loss=0.003
[8316.6s] epoch 278 step 219300 avg_loss=0.004
[8318.8s] epoch 278 step 219350 avg_loss=0.003
[8321.0s] epoch 278 step 219400 avg_loss=0.003
[8322.7s] epoch 278 step 219450 avg_loss=0.003
[8324.6s] epoch 278 step 219500 avg_loss=0.004
[8326.6s] epoch 278 step 219550 avg_loss=0.004
[8328.7s] epoch 278 step 219600 avg_loss=0.004
[8330.9s] epoch 278 step 219650 avg_loss=0.004
[8333.1s] epoch 278 step 219700 avg_loss=0.004
[8335.0s] epoch 278 step 219750 avg_loss=0.004
[8337.1s] epoch 278 step 219800 avg_loss=0.004
[8338.9s] epoch 278 step 219850 avg_loss=0.004
[8339.0s] === epoch 278 done: avg_loss=0.004 (n=788 derivations) ===
[8341.0s] epoch 279 step 219900 avg_loss=0.003
[8343.1s] epoch 279 step 219950 avg_loss=0.003
[8345.1s] epoch 279 step 220000 avg_loss=0.004
[8347.1s] epoch 279 step 220050 avg_loss=0.003
[8349.1s] epoch 279 step 220100 avg_loss=0.003
[8350.9s] epoch 279 step 220150 avg_loss=0.003
[8352.9s] epoch 279 step 220200 avg_loss=0.003
[8355.0s] epoch 279 step 220250 avg_loss=0.003
[8357.0s] epoch 279 step 220300 avg_loss=0.003
[8359.1s] epoch 279 step 220350 avg_loss=0.003
[8361.0s] epoch 279 step 220400 avg_loss=0.003
[8363.1s] epoch 279 step 220450 avg_loss=0.003
[8365.1s] epoch 279 step 220500 avg_loss=0.003
[8367.1s] epoch 279 step 220550 avg_loss=0.003
[8369.2s] epoch 279 step 220600 avg_loss=0.003
[8373.0s] eval step=7000 train_avg_loss=0.003 dev_rank1_f1=0.3152 dev_edge_p=0.2706 dev_edge_r=0.3776
[8373.0s] === epoch 279 done: avg_loss=0.003 (n=788 derivations) ===
[8373.4s] epoch 280 step 220650 avg_loss=0.004
[8375.3s] epoch 280 step 220700 avg_loss=0.003
[8377.4s] epoch 280 step 220750 avg_loss=0.004
[8379.5s] epoch 280 step 220800 avg_loss=0.004
[8381.5s] epoch 280 step 220850 avg_loss=0.004
[8383.6s] epoch 280 step 220900 avg_loss=0.004
[8385.4s] epoch 280 step 220950 avg_loss=0.004
[8387.2s] epoch 280 step 221000 avg_loss=0.003
[8389.2s] epoch 280 step 221050 avg_loss=0.004
[8391.5s] epoch 280 step 221100 avg_loss=0.004
[8393.7s] epoch 280 step 221150 avg_loss=0.004
[8395.6s] epoch 280 step 221200 avg_loss=0.004
[8397.4s] epoch 280 step 221250 avg_loss=0.004
[8399.5s] epoch 280 step 221300 avg_loss=0.004
[8401.8s] epoch 280 step 221350 avg_loss=0.003
[8403.8s] epoch 280 step 221400 avg_loss=0.003
[8405.1s] === epoch 280 done: avg_loss=0.003 (n=788 derivations) ===
[8406.1s] epoch 281 step 221450 avg_loss=0.002
[8408.5s] epoch 281 step 221500 avg_loss=0.003
[8410.8s] epoch 281 step 221550 avg_loss=0.003
[8413.0s] epoch 281 step 221600 avg_loss=0.003
[8414.9s] epoch 281 step 221650 avg_loss=0.003
[8417.2s] epoch 281 step 221700 avg_loss=0.003
[8419.3s] epoch 281 step 221750 avg_loss=0.003
[8421.4s] epoch 281 step 221800 avg_loss=0.003
[8423.3s] epoch 281 step 221850 avg_loss=0.003
[8425.2s] epoch 281 step 221900 avg_loss=0.003
[8427.2s] epoch 281 step 221950 avg_loss=0.003
[8429.0s] epoch 281 step 222000 avg_loss=0.003
[8431.0s] epoch 281 step 222050 avg_loss=0.003
[8433.0s] epoch 281 step 222100 avg_loss=0.003
[8435.0s] epoch 281 step 222150 avg_loss=0.003
[8437.3s] epoch 281 step 222200 avg_loss=0.003
[8438.1s] === epoch 281 done: avg_loss=0.003 (n=788 derivations) ===
[8439.4s] epoch 282 step 222250 avg_loss=0.002
[8441.2s] epoch 282 step 222300 avg_loss=0.004
[8443.3s] epoch 282 step 222350 avg_loss=0.004
[8445.1s] epoch 282 step 222400 avg_loss=0.003
[8447.1s] epoch 282 step 222450 avg_loss=0.003
[8449.0s] epoch 282 step 222500 avg_loss=0.003
[8450.8s] epoch 282 step 222550 avg_loss=0.003
[8452.9s] epoch 282 step 222600 avg_loss=0.003
[8455.0s] epoch 282 step 222650 avg_loss=0.003
[8457.1s] epoch 282 step 222700 avg_loss=0.003
[8458.9s] epoch 282 step 222750 avg_loss=0.003
[8461.0s] epoch 282 step 222800 avg_loss=0.003
[8463.3s] epoch 282 step 222850 avg_loss=0.003
[8465.3s] epoch 282 step 222900 avg_loss=0.003
[8467.2s] epoch 282 step 222950 avg_loss=0.003
[8469.3s] epoch 282 step 223000 avg_loss=0.003
[8469.5s] === epoch 282 done: avg_loss=0.003 (n=788 derivations) ===
[8471.4s] epoch 283 step 223050 avg_loss=0.004
[8473.5s] epoch 283 step 223100 avg_loss=0.004
[8475.6s] epoch 283 step 223150 avg_loss=0.003
[8477.7s] epoch 283 step 223200 avg_loss=0.003
[8479.6s] epoch 283 step 223250 avg_loss=0.003
[8481.6s] epoch 283 step 223300 avg_loss=0.003
[8483.9s] epoch 283 step 223350 avg_loss=0.003
[8486.0s] epoch 283 step 223400 avg_loss=0.003
[8488.0s] epoch 283 step 223450 avg_loss=0.003
[8490.1s] epoch 283 step 223500 avg_loss=0.003
[8492.1s] epoch 283 step 223550 avg_loss=0.003
[8494.2s] epoch 283 step 223600 avg_loss=0.003
[8496.5s] epoch 283 step 223650 avg_loss=0.003
[8498.5s] epoch 283 step 223700 avg_loss=0.003
[8500.3s] epoch 283 step 223750 avg_loss=0.003
[8502.1s] === epoch 283 done: avg_loss=0.003 (n=788 derivations) ===
[8502.5s] epoch 284 step 223800 avg_loss=0.002
[8504.7s] epoch 284 step 223850 avg_loss=0.003
[8506.4s] epoch 284 step 223900 avg_loss=0.003
[8508.4s] epoch 284 step 223950 avg_loss=0.003
[8510.6s] epoch 284 step 224000 avg_loss=0.003
[8512.5s] epoch 284 step 224050 avg_loss=0.003
[8514.5s] epoch 284 step 224100 avg_loss=0.003
[8516.3s] epoch 284 step 224150 avg_loss=0.003
[8518.5s] epoch 284 step 224200 avg_loss=0.003
[8520.7s] epoch 284 step 224250 avg_loss=0.003
[8523.0s] epoch 284 step 224300 avg_loss=0.003
[8525.2s] epoch 284 step 224350 avg_loss=0.003
[8527.2s] epoch 284 step 224400 avg_loss=0.003
[8529.5s] epoch 284 step 224450 avg_loss=0.003
[8531.6s] epoch 284 step 224500 avg_loss=0.003
[8533.7s] epoch 284 step 224550 avg_loss=0.003
[8535.0s] === epoch 284 done: avg_loss=0.003 (n=788 derivations) ===
[8535.8s] epoch 285 step 224600 avg_loss=0.004
[8537.6s] epoch 285 step 224650 avg_loss=0.003
[8539.8s] epoch 285 step 224700 avg_loss=0.003
[8541.7s] epoch 285 step 224750 avg_loss=0.003
[8544.0s] epoch 285 step 224800 avg_loss=0.003
[8546.0s] epoch 285 step 224850 avg_loss=0.003
[8548.2s] epoch 285 step 224900 avg_loss=0.004
[8550.0s] epoch 285 step 224950 avg_loss=0.003
[8552.0s] epoch 285 step 225000 avg_loss=0.003
[8554.1s] epoch 285 step 225050 avg_loss=0.003
[8555.9s] epoch 285 step 225100 avg_loss=0.003
[8557.7s] epoch 285 step 225150 avg_loss=0.003
[8559.6s] epoch 285 step 225200 avg_loss=0.003
[8561.7s] epoch 285 step 225250 avg_loss=0.003
[8563.6s] epoch 285 step 225300 avg_loss=0.003
[8565.8s] epoch 285 step 225350 avg_loss=0.003
[8566.5s] === epoch 285 done: avg_loss=0.003 (n=788 derivations) ===
[8567.8s] epoch 286 step 225400 avg_loss=0.003
[8569.8s] epoch 286 step 225450 avg_loss=0.003
[8572.0s] epoch 286 step 225500 avg_loss=0.003
[8574.2s] epoch 286 step 225550 avg_loss=0.003
[8576.2s] epoch 286 step 225600 avg_loss=0.003
[8578.3s] epoch 286 step 225650 avg_loss=0.003
[8580.5s] epoch 286 step 225700 avg_loss=0.003
[8582.5s] epoch 286 step 225750 avg_loss=0.003
[8584.3s] epoch 286 step 225800 avg_loss=0.003
[8586.3s] epoch 286 step 225850 avg_loss=0.003
[8588.2s] epoch 286 step 225900 avg_loss=0.003
[8590.2s] epoch 286 step 225950 avg_loss=0.003
[8592.2s] epoch 286 step 226000 avg_loss=0.003
[8594.5s] epoch 286 step 226050 avg_loss=0.003
[8596.7s] epoch 286 step 226100 avg_loss=0.003
[8598.7s] epoch 286 step 226150 avg_loss=0.003
[8599.0s] === epoch 286 done: avg_loss=0.003 (n=788 derivations) ===
[8601.0s] epoch 287 step 226200 avg_loss=0.004
[8602.7s] epoch 287 step 226250 avg_loss=0.003
[8604.9s] epoch 287 step 226300 avg_loss=0.004
[8606.9s] epoch 287 step 226350 avg_loss=0.003
[8608.8s] epoch 287 step 226400 avg_loss=0.003
[8610.8s] epoch 287 step 226450 avg_loss=0.003
[8613.1s] epoch 287 step 226500 avg_loss=0.003
[8614.9s] epoch 287 step 226550 avg_loss=0.003
[8617.1s] epoch 287 step 226600 avg_loss=0.003
[8619.0s] epoch 287 step 226650 avg_loss=0.003
[8621.1s] epoch 287 step 226700 avg_loss=0.003
[8623.2s] epoch 287 step 226750 avg_loss=0.003
[8625.2s] epoch 287 step 226800 avg_loss=0.003
[8627.0s] epoch 287 step 226850 avg_loss=0.003
[8629.1s] epoch 287 step 226900 avg_loss=0.003
[8630.9s] === epoch 287 done: avg_loss=0.003 (n=788 derivations) ===
[8631.1s] epoch 288 step 226950 avg_loss=0.002
[8633.1s] epoch 288 step 227000 avg_loss=0.003
[8635.0s] epoch 288 step 227050 avg_loss=0.003
[8636.8s] epoch 288 step 227100 avg_loss=0.003
[8638.7s] epoch 288 step 227150 avg_loss=0.003
[8640.6s] epoch 288 step 227200 avg_loss=0.003
[8642.6s] epoch 288 step 227250 avg_loss=0.003
[8644.6s] epoch 288 step 227300 avg_loss=0.003
[8646.4s] epoch 288 step 227350 avg_loss=0.003
[8648.3s] epoch 288 step 227400 avg_loss=0.003
[8650.4s] epoch 288 step 227450 avg_loss=0.003
[8652.3s] epoch 288 step 227500 avg_loss=0.003
[8654.5s] epoch 288 step 227550 avg_loss=0.003
[8656.7s] epoch 288 step 227600 avg_loss=0.003
[8658.8s] epoch 288 step 227650 avg_loss=0.003
[8660.8s] epoch 288 step 227700 avg_loss=0.003
[8662.3s] === epoch 288 done: avg_loss=0.003 (n=788 derivations) ===
[8662.9s] epoch 289 step 227750 avg_loss=0.001
[8665.0s] epoch 289 step 227800 avg_loss=0.003
[8667.3s] epoch 289 step 227850 avg_loss=0.003
[8669.2s] epoch 289 step 227900 avg_loss=0.003
[8671.3s] epoch 289 step 227950 avg_loss=0.003
[8673.1s] epoch 289 step 228000 avg_loss=0.003
[8675.1s] epoch 289 step 228050 avg_loss=0.003
[8677.2s] epoch 289 step 228100 avg_loss=0.003
[8679.6s] epoch 289 step 228150 avg_loss=0.003
[8681.6s] epoch 289 step 228200 avg_loss=0.003
[8683.6s] epoch 289 step 228250 avg_loss=0.003
[8685.5s] epoch 289 step 228300 avg_loss=0.003
[8687.6s] epoch 289 step 228350 avg_loss=0.003
[8689.9s] epoch 289 step 228400 avg_loss=0.003
[8691.9s] epoch 289 step 228450 avg_loss=0.003
[8694.0s] epoch 289 step 228500 avg_loss=0.003
[8696.7s] eval step=7250 train_avg_loss=0.003 dev_rank1_f1=0.3145 dev_edge_p=0.2690 dev_edge_r=0.3785
[8696.7s] === epoch 289 done: avg_loss=0.003 (n=788 derivations) ===
[8697.9s] epoch 290 step 228550 avg_loss=0.003
[8699.7s] epoch 290 step 228600 avg_loss=0.003
[8701.7s] epoch 290 step 228650 avg_loss=0.003
[8703.9s] epoch 290 step 228700 avg_loss=0.003
[8705.8s] epoch 290 step 228750 avg_loss=0.003
[8707.8s] epoch 290 step 228800 avg_loss=0.003
[8709.7s] epoch 290 step 228850 avg_loss=0.003
[8711.7s] epoch 290 step 228900 avg_loss=0.003
[8713.8s] epoch 290 step 228950 avg_loss=0.003
[8715.8s] epoch 290 step 229000 avg_loss=0.003
[8718.1s] epoch 290 step 229050 avg_loss=0.003
[8720.2s] epoch 290 step 229100 avg_loss=0.003
[8722.4s] epoch 290 step 229150 avg_loss=0.003
[8724.3s] epoch 290 step 229200 avg_loss=0.003
[8726.1s] epoch 290 step 229250 avg_loss=0.003
[8728.2s] epoch 290 step 229300 avg_loss=0.003
[8728.5s] === epoch 290 done: avg_loss=0.003 (n=788 derivations) ===
[8730.1s] epoch 291 step 229350 avg_loss=0.003
[8732.2s] epoch 291 step 229400 avg_loss=0.003
[8734.1s] epoch 291 step 229450 avg_loss=0.003
[8735.9s] epoch 291 step 229500 avg_loss=0.003
[8737.8s] epoch 291 step 229550 avg_loss=0.003
[8739.8s] epoch 291 step 229600 avg_loss=0.003
[8742.0s] epoch 291 step 229650 avg_loss=0.003
[8744.2s] epoch 291 step 229700 avg_loss=0.003
[8746.1s] epoch 291 step 229750 avg_loss=0.003
[8748.3s] epoch 291 step 229800 avg_loss=0.003
[8750.6s] epoch 291 step 229850 avg_loss=0.003
[8752.4s] epoch 291 step 229900 avg_loss=0.003
[8754.3s] epoch 291 step 229950 avg_loss=0.003
[8756.4s] epoch 291 step 230000 avg_loss=0.003
[8758.2s] epoch 291 step 230050 avg_loss=0.003
[8760.3s] === epoch 291 done: avg_loss=0.003 (n=788 derivations) ===
[8760.4s] epoch 292 step 230100 avg_loss=0.004
[8762.4s] epoch 292 step 230150 avg_loss=0.003
[8764.6s] epoch 292 step 230200 avg_loss=0.003
[8766.4s] epoch 292 step 230250 avg_loss=0.003
[8768.4s] epoch 292 step 230300 avg_loss=0.003
[8770.5s] epoch 292 step 230350 avg_loss=0.003
[8772.2s] epoch 292 step 230400 avg_loss=0.003
[8774.2s] epoch 292 step 230450 avg_loss=0.003
[8776.1s] epoch 292 step 230500 avg_loss=0.003
[8778.2s] epoch 292 step 230550 avg_loss=0.003
[8780.4s] epoch 292 step 230600 avg_loss=0.003
[8782.6s] epoch 292 step 230650 avg_loss=0.003
[8784.7s] epoch 292 step 230700 avg_loss=0.003
[8786.6s] epoch 292 step 230750 avg_loss=0.003
[8788.5s] epoch 292 step 230800 avg_loss=0.003
[8790.5s] epoch 292 step 230850 avg_loss=0.003
[8791.7s] === epoch 292 done: avg_loss=0.003 (n=788 derivations) ===
[8792.2s] epoch 293 step 230900 avg_loss=0.002
[8793.9s] epoch 293 step 230950 avg_loss=0.002
[8795.8s] epoch 293 step 231000 avg_loss=0.002
[8797.8s] epoch 293 step 231050 avg_loss=0.003
[8799.8s] epoch 293 step 231100 avg_loss=0.003
[8801.5s] epoch 293 step 231150 avg_loss=0.003
[8803.3s] epoch 293 step 231200 avg_loss=0.003
[8804.7s] epoch 293 step 231250 avg_loss=0.003
[8806.3s] epoch 293 step 231300 avg_loss=0.003
[8808.2s] epoch 293 step 231350 avg_loss=0.003
[8809.9s] epoch 293 step 231400 avg_loss=0.003
[8811.6s] epoch 293 step 231450 avg_loss=0.003
[8813.4s] epoch 293 step 231500 avg_loss=0.003
[8814.9s] epoch 293 step 231550 avg_loss=0.003
[8816.9s] epoch 293 step 231600 avg_loss=0.003
[8818.9s] epoch 293 step 231650 avg_loss=0.003
[8819.7s] === epoch 293 done: avg_loss=0.003 (n=788 derivations) ===
[8820.9s] epoch 294 step 231700 avg_loss=0.004
[8822.6s] epoch 294 step 231750 avg_loss=0.003
[8824.3s] epoch 294 step 231800 avg_loss=0.003
[8826.1s] epoch 294 step 231850 avg_loss=0.003
[8827.8s] epoch 294 step 231900 avg_loss=0.003
[8829.6s] epoch 294 step 231950 avg_loss=0.003
[8831.4s] epoch 294 step 232000 avg_loss=0.003
[8833.2s] epoch 294 step 232050 avg_loss=0.003
[8834.8s] epoch 294 step 232100 avg_loss=0.003
[8836.8s] epoch 294 step 232150 avg_loss=0.003
[8838.5s] epoch 294 step 232200 avg_loss=0.003
[8840.3s] epoch 294 step 232250 avg_loss=0.003
[8842.1s] epoch 294 step 232300 avg_loss=0.003
[8844.0s] epoch 294 step 232350 avg_loss=0.003
[8845.8s] epoch 294 step 232400 avg_loss=0.003
[8847.6s] epoch 294 step 232450 avg_loss=0.003
[8848.0s] === epoch 294 done: avg_loss=0.003 (n=788 derivations) ===
[8849.6s] epoch 295 step 232500 avg_loss=0.002
[8851.4s] epoch 295 step 232550 avg_loss=0.002
[8853.5s] epoch 295 step 232600 avg_loss=0.003
[8855.3s] epoch 295 step 232650 avg_loss=0.003
[8857.0s] epoch 295 step 232700 avg_loss=0.003
[8859.0s] epoch 295 step 232750 avg_loss=0.003
[8860.7s] epoch 295 step 232800 avg_loss=0.003
[8862.7s] epoch 295 step 232850 avg_loss=0.003
[8864.7s] epoch 295 step 232900 avg_loss=0.003
[8866.5s] epoch 295 step 232950 avg_loss=0.003
[8868.7s] epoch 295 step 233000 avg_loss=0.003
[8870.4s] epoch 295 step 233050 avg_loss=0.003
[8872.2s] epoch 295 step 233100 avg_loss=0.003
[8873.8s] epoch 295 step 233150 avg_loss=0.003
[8875.2s] epoch 295 step 233200 avg_loss=0.003
[8876.9s] === epoch 295 done: avg_loss=0.003 (n=788 derivations) ===
[8877.0s] epoch 296 step 233250 avg_loss=0.008
[8878.7s] epoch 296 step 233300 avg_loss=0.003
[8880.5s] epoch 296 step 233350 avg_loss=0.003
[8882.3s] epoch 296 step 233400 avg_loss=0.003
[8884.1s] epoch 296 step 233450 avg_loss=0.002
[8885.7s] epoch 296 step 233500 avg_loss=0.003
[8887.7s] epoch 296 step 233550 avg_loss=0.003
[8889.7s] epoch 296 step 233600 avg_loss=0.002
[8891.4s] epoch 296 step 233650 avg_loss=0.003
[8893.5s] epoch 296 step 233700 avg_loss=0.003
[8895.2s] epoch 296 step 233750 avg_loss=0.003
[8897.3s] epoch 296 step 233800 avg_loss=0.003
[8898.9s] epoch 296 step 233850 avg_loss=0.003
[8900.5s] epoch 296 step 233900 avg_loss=0.003
[8902.3s] epoch 296 step 233950 avg_loss=0.003
[8903.7s] epoch 296 step 234000 avg_loss=0.003
[8905.2s] === epoch 296 done: avg_loss=0.003 (n=788 derivations) ===
[8905.7s] epoch 297 step 234050 avg_loss=0.002
[8907.7s] epoch 297 step 234100 avg_loss=0.003
[8909.5s] epoch 297 step 234150 avg_loss=0.002
[8911.2s] epoch 297 step 234200 avg_loss=0.003
[8912.9s] epoch 297 step 234250 avg_loss=0.002
[8914.5s] epoch 297 step 234300 avg_loss=0.002
[8916.3s] epoch 297 step 234350 avg_loss=0.003
[8918.3s] epoch 297 step 234400 avg_loss=0.003
[8920.2s] epoch 297 step 234450 avg_loss=0.003
[8921.9s] epoch 297 step 234500 avg_loss=0.003
[8923.8s] epoch 297 step 234550 avg_loss=0.003
[8925.5s] epoch 297 step 234600 avg_loss=0.003
[8927.2s] epoch 297 step 234650 avg_loss=0.003
[8929.0s] epoch 297 step 234700 avg_loss=0.003
[8930.8s] epoch 297 step 234750 avg_loss=0.003
[8932.5s] epoch 297 step 234800 avg_loss=0.003
[8933.4s] === epoch 297 done: avg_loss=0.003 (n=788 derivations) ===
[8934.2s] epoch 298 step 234850 avg_loss=0.003
[8935.9s] epoch 298 step 234900 avg_loss=0.003
[8937.6s] epoch 298 step 234950 avg_loss=0.002
[8939.1s] epoch 298 step 235000 avg_loss=0.003
[8941.0s] epoch 298 step 235050 avg_loss=0.003
[8943.1s] epoch 298 step 235100 avg_loss=0.003
[8945.1s] epoch 298 step 235150 avg_loss=0.003
[8947.0s] epoch 298 step 235200 avg_loss=0.003
[8948.9s] epoch 298 step 235250 avg_loss=0.003
[8950.8s] epoch 298 step 235300 avg_loss=0.003
[8952.5s] epoch 298 step 235350 avg_loss=0.003
[8954.2s] epoch 298 step 235400 avg_loss=0.003
[8956.0s] epoch 298 step 235450 avg_loss=0.002
[8958.0s] epoch 298 step 235500 avg_loss=0.003
[8960.3s] epoch 298 step 235550 avg_loss=0.003
[8962.2s] epoch 298 step 235600 avg_loss=0.003
[8962.6s] === epoch 298 done: avg_loss=0.003 (n=788 derivations) ===
[8964.2s] epoch 299 step 235650 avg_loss=0.002
[8966.1s] epoch 299 step 235700 avg_loss=0.003
[8967.6s] epoch 299 step 235750 avg_loss=0.002
[8969.3s] epoch 299 step 235800 avg_loss=0.002
[8971.1s] epoch 299 step 235850 avg_loss=0.003
[8972.9s] epoch 299 step 235900 avg_loss=0.002
[8974.6s] epoch 299 step 235950 avg_loss=0.003
[8976.3s] epoch 299 step 236000 avg_loss=0.003
[8978.2s] epoch 299 step 236050 avg_loss=0.003
[8980.2s] epoch 299 step 236100 avg_loss=0.003
[8982.2s] epoch 299 step 236150 avg_loss=0.003
[8984.1s] epoch 299 step 236200 avg_loss=0.003
[8985.9s] epoch 299 step 236250 avg_loss=0.003
[8987.9s] epoch 299 step 236300 avg_loss=0.003
[8989.3s] epoch 299 step 236350 avg_loss=0.003
[8990.9s] epoch 299 step 236400 avg_loss=0.003
[8992.7s] eval step=7500 train_avg_loss=0.003 dev_rank1_f1=0.3098 dev_edge_p=0.2645 dev_edge_r=0.3739
[8992.7s] === epoch 299 done: avg_loss=0.003 (n=788 derivations) ===
[8994.4s] epoch 300 step 236450 avg_loss=0.003
[8996.3s] epoch 300 step 236500 avg_loss=0.003
[8997.9s] epoch 300 step 236550 avg_loss=0.003
[8999.5s] epoch 300 step 236600 avg_loss=0.003
[9001.2s] epoch 300 step 236650 avg_loss=0.003
[9003.0s] epoch 300 step 236700 avg_loss=0.003
[9004.9s] epoch 300 step 236750 avg_loss=0.002
[9006.6s] epoch 300 step 236800 avg_loss=0.003
[9008.8s] epoch 300 step 236850 avg_loss=0.003
[9010.9s] epoch 300 step 236900 avg_loss=0.003
[9012.8s] epoch 300 step 236950 avg_loss=0.003
[9014.9s] epoch 300 step 237000 avg_loss=0.003
[9016.6s] epoch 300 step 237050 avg_loss=0.003
[9018.5s] epoch 300 step 237100 avg_loss=0.003
[9020.3s] epoch 300 step 237150 avg_loss=0.003
[9021.7s] === epoch 300 done: avg_loss=0.003 (n=788 derivations) ===
[9022.1s] epoch 301 step 237200 avg_loss=0.002
[9023.8s] epoch 301 step 237250 avg_loss=0.002
[9025.5s] epoch 301 step 237300 avg_loss=0.002
[9027.2s] epoch 301 step 237350 avg_loss=0.003
[9028.9s] epoch 301 step 237400 avg_loss=0.003
[9030.5s] epoch 301 step 237450 avg_loss=0.002
[9032.2s] epoch 301 step 237500 avg_loss=0.002
[9034.2s] epoch 301 step 237550 avg_loss=0.002
[9036.1s] epoch 301 step 237600 avg_loss=0.002
[9038.2s] epoch 301 step 237650 avg_loss=0.003
[9039.8s] epoch 301 step 237700 avg_loss=0.002
[9041.8s] epoch 301 step 237750 avg_loss=0.003
[9043.2s] epoch 301 step 237800 avg_loss=0.002
[9044.9s] epoch 301 step 237850 avg_loss=0.002
[9046.6s] epoch 301 step 237900 avg_loss=0.002
[9048.5s] epoch 301 step 237950 avg_loss=0.003
[9049.5s] === epoch 301 done: avg_loss=0.003 (n=788 derivations) ===
[9050.3s] epoch 302 step 238000 avg_loss=0.003
[9052.1s] epoch 302 step 238050 avg_loss=0.003
[9054.0s] epoch 302 step 238100 avg_loss=0.003
[9055.9s] epoch 302 step 238150 avg_loss=0.003
[9057.8s] epoch 302 step 238200 avg_loss=0.003
[9059.5s] epoch 302 step 238250 avg_loss=0.003
[9061.3s] epoch 302 step 238300 avg_loss=0.003
[9063.2s] epoch 302 step 238350 avg_loss=0.003
[9064.9s] epoch 302 step 238400 avg_loss=0.003
[9066.7s] epoch 302 step 238450 avg_loss=0.003
[9068.6s] epoch 302 step 238500 avg_loss=0.003
[9070.7s] epoch 302 step 238550 avg_loss=0.003
[9072.4s] epoch 302 step 238600 avg_loss=0.003
[9074.1s] epoch 302 step 238650 avg_loss=0.003
[9075.7s] epoch 302 step 238700 avg_loss=0.003
[9077.4s] epoch 302 step 238750 avg_loss=0.003
[9077.9s] === epoch 302 done: avg_loss=0.003 (n=788 derivations) ===
[9079.2s] epoch 303 step 238800 avg_loss=0.003
[9081.1s] epoch 303 step 238850 avg_loss=0.003
[9082.8s] epoch 303 step 238900 avg_loss=0.002
[9084.6s] epoch 303 step 238950 avg_loss=0.002
[9086.3s] epoch 303 step 239000 avg_loss=0.002
[9088.1s] epoch 303 step 239050 avg_loss=0.002
[9090.1s] epoch 303 step 239100 avg_loss=0.002
[9092.3s] epoch 303 step 239150 avg_loss=0.003
[9094.3s] epoch 303 step 239200 avg_loss=0.002
[9096.1s] epoch 303 step 239250 avg_loss=0.002
[9097.7s] epoch 303 step 239300 avg_loss=0.002
[9099.5s] epoch 303 step 239350 avg_loss=0.002
[9101.4s] epoch 303 step 239400 avg_loss=0.002
[9103.5s] epoch 303 step 239450 avg_loss=0.002
[9105.7s] epoch 303 step 239500 avg_loss=0.002
[9107.4s] epoch 303 step 239550 avg_loss=0.002
[9107.5s] === epoch 303 done: avg_loss=0.002 (n=788 derivations) ===
[9109.0s] epoch 304 step 239600 avg_loss=0.003
[9110.9s] epoch 304 step 239650 avg_loss=0.003
[9112.9s] epoch 304 step 239700 avg_loss=0.003
[9114.5s] epoch 304 step 239750 avg_loss=0.003
[9116.2s] epoch 304 step 239800 avg_loss=0.002
[9117.9s] epoch 304 step 239850 avg_loss=0.002
[9120.0s] epoch 304 step 239900 avg_loss=0.002
[9121.9s] epoch 304 step 239950 avg_loss=0.002
[9123.8s] epoch 304 step 240000 avg_loss=0.003
[9125.8s] epoch 304 step 240050 avg_loss=0.003
[9127.3s] epoch 304 step 240100 avg_loss=0.002
[9129.0s] epoch 304 step 240150 avg_loss=0.002
[9130.8s] epoch 304 step 240200 avg_loss=0.003
[9132.4s] epoch 304 step 240250 avg_loss=0.002
[9134.1s] epoch 304 step 240300 avg_loss=0.002
[9135.4s] === epoch 304 done: avg_loss=0.002 (n=788 derivations) ===
[9136.0s] epoch 305 step 240350 avg_loss=0.009
[9137.6s] epoch 305 step 240400 avg_loss=0.003
[9139.3s] epoch 305 step 240450 avg_loss=0.002
[9141.0s] epoch 305 step 240500 avg_loss=0.002
[9142.6s] epoch 305 step 240550 avg_loss=0.002
[9144.4s] epoch 305 step 240600 avg_loss=0.002
[9146.2s] epoch 305 step 240650 avg_loss=0.002
[9148.0s] epoch 305 step 240700 avg_loss=0.002
[9149.6s] epoch 305 step 240750 avg_loss=0.002
[9151.3s] epoch 305 step 240800 avg_loss=0.002
[9152.7s] epoch 305 step 240850 avg_loss=0.002
[9154.7s] epoch 305 step 240900 avg_loss=0.002
[9156.7s] epoch 305 step 240950 avg_loss=0.002
[9158.4s] epoch 305 step 241000 avg_loss=0.002
[9160.0s] epoch 305 step 241050 avg_loss=0.002
[9161.5s] epoch 305 step 241100 avg_loss=0.002
[9162.6s] === epoch 305 done: avg_loss=0.002 (n=788 derivations) ===
[9163.4s] epoch 306 step 241150 avg_loss=0.002
[9164.9s] epoch 306 step 241200 avg_loss=0.002
[9166.7s] epoch 306 step 241250 avg_loss=0.002
[9168.6s] epoch 306 step 241300 avg_loss=0.002
[9170.3s] epoch 306 step 241350 avg_loss=0.002
[9172.1s] epoch 306 step 241400 avg_loss=0.002
[9173.7s] epoch 306 step 241450 avg_loss=0.002
[9175.3s] epoch 306 step 241500 avg_loss=0.002
[9177.2s] epoch 306 step 241550 avg_loss=0.002
[9178.9s] epoch 306 step 241600 avg_loss=0.002
[9180.7s] epoch 306 step 241650 avg_loss=0.002
[9182.6s] epoch 306 step 241700 avg_loss=0.002
[9184.2s] epoch 306 step 241750 avg_loss=0.002
[9185.6s] epoch 306 step 241800 avg_loss=0.002
[9187.3s] epoch 306 step 241850 avg_loss=0.002
[9189.0s] epoch 306 step 241900 avg_loss=0.002
[9189.7s] === epoch 306 done: avg_loss=0.002 (n=788 derivations) ===
[9190.9s] epoch 307 step 241950 avg_loss=0.001
[9192.7s] epoch 307 step 242000 avg_loss=0.002
[9194.5s] epoch 307 step 242050 avg_loss=0.002
[9196.3s] epoch 307 step 242100 avg_loss=0.002
[9198.2s] epoch 307 step 242150 avg_loss=0.002
[9200.0s] epoch 307 step 242200 avg_loss=0.002
[9202.0s] epoch 307 step 242250 avg_loss=0.002
[9203.6s] epoch 307 step 242300 avg_loss=0.002
[9205.5s] epoch 307 step 242350 avg_loss=0.002
[9207.1s] epoch 307 step 242400 avg_loss=0.002
[9208.8s] epoch 307 step 242450 avg_loss=0.002
[9210.4s] epoch 307 step 242500 avg_loss=0.002
[9212.2s] epoch 307 step 242550 avg_loss=0.002
[9214.1s] epoch 307 step 242600 avg_loss=0.002
[9215.9s] epoch 307 step 242650 avg_loss=0.002
[9217.6s] epoch 307 step 242700 avg_loss=0.002
[9217.8s] === epoch 307 done: avg_loss=0.002 (n=788 derivations) ===
[9219.3s] epoch 308 step 242750 avg_loss=0.001
[9221.2s] epoch 308 step 242800 avg_loss=0.002
[9223.2s] epoch 308 step 242850 avg_loss=0.002
[9225.3s] epoch 308 step 242900 avg_loss=0.002
[9227.1s] epoch 308 step 242950 avg_loss=0.002
[9229.0s] epoch 308 step 243000 avg_loss=0.002
[9231.0s] epoch 308 step 243050 avg_loss=0.002
[9232.7s] epoch 308 step 243100 avg_loss=0.003
[9234.5s] epoch 308 step 243150 avg_loss=0.003
[9236.2s] epoch 308 step 243200 avg_loss=0.002
[9238.4s] epoch 308 step 243250 avg_loss=0.002
[9240.2s] epoch 308 step 243300 avg_loss=0.002
[9241.9s] epoch 308 step 243350 avg_loss=0.002
[9243.7s] epoch 308 step 243400 avg_loss=0.002
[9245.4s] epoch 308 step 243450 avg_loss=0.002
[9247.0s] === epoch 308 done: avg_loss=0.002 (n=788 derivations) ===
[9247.3s] epoch 309 step 243500 avg_loss=0.003
[9249.0s] epoch 309 step 243550 avg_loss=0.002
[9250.8s] epoch 309 step 243600 avg_loss=0.002
[9252.6s] epoch 309 step 243650 avg_loss=0.002
[9254.3s] epoch 309 step 243700 avg_loss=0.003
[9255.9s] epoch 309 step 243750 avg_loss=0.003
[9257.8s] epoch 309 step 243800 avg_loss=0.003
[9259.5s] epoch 309 step 243850 avg_loss=0.003
[9261.3s] epoch 309 step 243900 avg_loss=0.002
[9263.3s] epoch 309 step 243950 avg_loss=0.002
[9264.9s] epoch 309 step 244000 avg_loss=0.002
[9266.7s] epoch 309 step 244050 avg_loss=0.002
[9268.3s] epoch 309 step 244100 avg_loss=0.002
[9269.9s] epoch 309 step 244150 avg_loss=0.002
[9271.7s] epoch 309 step 244200 avg_loss=0.002
[9273.4s] epoch 309 step 244250 avg_loss=0.002
[9276.1s] eval step=7750 train_avg_loss=0.002 dev_rank1_f1=0.3079 dev_edge_p=0.2631 dev_edge_r=0.3710
[9276.1s] === epoch 309 done: avg_loss=0.002 (n=788 derivations) ===
[9276.9s] epoch 310 step 244300 avg_loss=0.002
[9279.0s] epoch 310 step 244350 avg_loss=0.003
[9280.7s] epoch 310 step 244400 avg_loss=0.002
[9282.2s] epoch 310 step 244450 avg_loss=0.002
[9283.8s] epoch 310 step 244500 avg_loss=0.002
[9285.6s] epoch 310 step 244550 avg_loss=0.002
[9287.2s] epoch 310 step 244600 avg_loss=0.002
[9289.0s] epoch 310 step 244650 avg_loss=0.002
[9290.6s] epoch 310 step 244700 avg_loss=0.002
[9292.3s] epoch 310 step 244750 avg_loss=0.002
[9294.0s] epoch 310 step 244800 avg_loss=0.002
[9295.7s] epoch 310 step 244850 avg_loss=0.002
[9297.4s] epoch 310 step 244900 avg_loss=0.002
[9298.9s] epoch 310 step 244950 avg_loss=0.002
[9300.8s] epoch 310 step 245000 avg_loss=0.002
[9302.8s] epoch 310 step 245050 avg_loss=0.002
[9303.3s] === epoch 310 done: avg_loss=0.002 (n=788 derivations) ===
[9304.3s] epoch 311 step 245100 avg_loss=0.002
[9306.1s] epoch 311 step 245150 avg_loss=0.002
[9308.0s] epoch 311 step 245200 avg_loss=0.002
[9309.8s] epoch 311 step 245250 avg_loss=0.002
[9311.4s] epoch 311 step 245300 avg_loss=0.002
[9313.1s] epoch 311 step 245350 avg_loss=0.002
[9315.2s] epoch 311 step 245400 avg_loss=0.002
[9316.9s] epoch 311 step 245450 avg_loss=0.002
[9318.8s] epoch 311 step 245500 avg_loss=0.002
[9321.0s] epoch 311 step 245550 avg_loss=0.002
[9323.1s] epoch 311 step 245600 avg_loss=0.002
[9325.2s] epoch 311 step 245650 avg_loss=0.002
[9327.0s] epoch 311 step 245700 avg_loss=0.002
[9328.9s] epoch 311 step 245750 avg_loss=0.002
[9330.6s] epoch 311 step 245800 avg_loss=0.002
[9332.2s] epoch 311 step 245850 avg_loss=0.002
[9332.4s] === epoch 311 done: avg_loss=0.002 (n=788 derivations) ===
[9334.1s] epoch 312 step 245900 avg_loss=0.003
[9335.6s] epoch 312 step 245950 avg_loss=0.002
[9337.3s] epoch 312 step 246000 avg_loss=0.002
[9339.0s] epoch 312 step 246050 avg_loss=0.002
[9340.7s] epoch 312 step 246100 avg_loss=0.002
[9342.4s] epoch 312 step 246150 avg_loss=0.002
[9344.2s] epoch 312 step 246200 avg_loss=0.002
[9346.1s] epoch 312 step 246250 avg_loss=0.002
[9347.6s] epoch 312 step 246300 avg_loss=0.002
[9349.3s] epoch 312 step 246350 avg_loss=0.002
[9351.1s] epoch 312 step 246400 avg_loss=0.002
[9353.3s] epoch 312 step 246450 avg_loss=0.002
[9355.2s] epoch 312 step 246500 avg_loss=0.002
[9357.2s] epoch 312 step 246550 avg_loss=0.002
[9359.5s] epoch 312 step 246600 avg_loss=0.002
[9360.9s] === epoch 312 done: avg_loss=0.002 (n=788 derivations) ===
[9361.1s] epoch 313 step 246650 avg_loss=0.001
[9362.8s] epoch 313 step 246700 avg_loss=0.003
[9364.6s] epoch 313 step 246750 avg_loss=0.002
[9366.2s] epoch 313 step 246800 avg_loss=0.002
[9368.1s] epoch 313 step 246850 avg_loss=0.002
[9370.0s] epoch 313 step 246900 avg_loss=0.002
[9371.5s] epoch 313 step 246950 avg_loss=0.002
[9373.2s] epoch 313 step 247000 avg_loss=0.002
[9375.1s] epoch 313 step 247050 avg_loss=0.002
[9376.7s] epoch 313 step 247100 avg_loss=0.002
[9378.6s] epoch 313 step 247150 avg_loss=0.003
[9380.5s] epoch 313 step 247200 avg_loss=0.004
[9382.5s] epoch 313 step 247250 avg_loss=0.007
[9384.2s] epoch 313 step 247300 avg_loss=0.033
[9386.0s] epoch 313 step 247350 avg_loss=0.136
[9387.8s] epoch 313 step 247400 avg_loss=0.268
[9388.7s] === epoch 313 done: avg_loss=0.450 (n=788 derivations) ===
[9389.5s] epoch 314 step 247450 avg_loss=6.821
[9391.5s] epoch 314 step 247500 avg_loss=5.340
[9393.2s] epoch 314 step 247550 avg_loss=5.536
[9395.3s] epoch 314 step 247600 avg_loss=5.963
[9397.1s] epoch 314 step 247650 avg_loss=7.497
[9398.7s] epoch 314 step 247700 avg_loss=7.931
[9400.2s] epoch 314 step 247750 avg_loss=8.438
[9401.8s] epoch 314 step 247800 avg_loss=8.905
[9403.4s] epoch 314 step 247850 avg_loss=8.968
[9405.4s] epoch 314 step 247900 avg_loss=9.435
[9407.3s] epoch 314 step 247950 avg_loss=9.680
[9409.2s] epoch 314 step 248000 avg_loss=9.816
[9410.6s] epoch 314 step 248050 avg_loss=9.620
[9412.4s] epoch 314 step 248100 avg_loss=9.555
[9414.0s] epoch 314 step 248150 avg_loss=9.888
[9415.8s] epoch 314 step 248200 avg_loss=9.980
[9416.4s] === epoch 314 done: avg_loss=9.861 (n=788 derivations) ===
[9417.6s] epoch 315 step 248250 avg_loss=11.870
[9419.5s] epoch 315 step 248300 avg_loss=10.533
[9421.1s] epoch 315 step 248350 avg_loss=9.464
[9422.9s] epoch 315 step 248400 avg_loss=9.982
[9424.6s] epoch 315 step 248450 avg_loss=9.970
[9426.1s] epoch 315 step 248500 avg_loss=9.887
[9427.7s] epoch 315 step 248550 avg_loss=9.927
[9429.6s] epoch 315 step 248600 avg_loss=10.041
[9431.2s] epoch 315 step 248650 avg_loss=9.871
[9433.2s] epoch 315 step 248700 avg_loss=10.081
[9434.9s] epoch 315 step 248750 avg_loss=9.860
[9436.4s] epoch 315 step 248800 avg_loss=9.515
[9438.1s] epoch 315 step 248850 avg_loss=9.141
[9440.1s] epoch 315 step 248900 avg_loss=9.139
[9442.0s] epoch 315 step 248950 avg_loss=9.331
[9443.5s] epoch 315 step 249000 avg_loss=9.149
[9443.8s] === epoch 315 done: avg_loss=9.189 (n=788 derivations) ===
[9445.5s] epoch 316 step 249050 avg_loss=4.632
[9447.2s] epoch 316 step 249100 avg_loss=4.947
[9448.8s] epoch 316 step 249150 avg_loss=4.163
[9450.8s] epoch 316 step 249200 avg_loss=5.306
[9452.8s] epoch 316 step 249250 avg_loss=5.590
[9454.6s] epoch 316 step 249300 avg_loss=5.935
[9456.4s] epoch 316 step 249350 avg_loss=5.784
[9458.2s] epoch 316 step 249400 avg_loss=5.595
[9459.7s] epoch 316 step 249450 avg_loss=5.494
[9461.5s] epoch 316 step 249500 avg_loss=5.661
[9463.0s] epoch 316 step 249550 avg_loss=5.585
[9464.6s] epoch 316 step 249600 avg_loss=5.553
[9466.5s] epoch 316 step 249650 avg_loss=5.593
[9467.9s] epoch 316 step 249700 avg_loss=5.669
[9469.6s] epoch 316 step 249750 avg_loss=5.573
[9471.1s] === epoch 316 done: avg_loss=5.555 (n=788 derivations) ===
[9471.3s] epoch 317 step 249800 avg_loss=5.222
[9472.9s] epoch 317 step 249850 avg_loss=3.866
[9474.4s] epoch 317 step 249900 avg_loss=4.206
[9476.1s] epoch 317 step 249950 avg_loss=4.050
[9477.8s] epoch 317 step 250000 avg_loss=3.793
[9479.6s] epoch 317 step 250050 avg_loss=3.630
[9481.3s] epoch 317 step 250100 avg_loss=3.433
[9482.9s] epoch 317 step 250150 avg_loss=3.410
[9484.7s] epoch 317 step 250200 avg_loss=3.554
[9486.7s] epoch 317 step 250250 avg_loss=3.698
[9488.4s] epoch 317 step 250300 avg_loss=3.778
[9490.2s] epoch 317 step 250350 avg_loss=3.923
[9492.1s] epoch 317 step 250400 avg_loss=3.946
[9493.9s] epoch 317 step 250450 avg_loss=3.826
[9496.0s] epoch 317 step 250500 avg_loss=3.873
[9497.6s] epoch 317 step 250550 avg_loss=3.769
[9498.7s] === epoch 317 done: avg_loss=3.747 (n=788 derivations) ===
[9499.5s] epoch 318 step 250600 avg_loss=8.600
[9501.3s] epoch 318 step 250650 avg_loss=3.381
[9503.1s] epoch 318 step 250700 avg_loss=2.835
[9505.0s] epoch 318 step 250750 avg_loss=3.318
[9506.9s] epoch 318 step 250800 avg_loss=2.997
[9508.8s] epoch 318 step 250850 avg_loss=2.944
[9510.4s] epoch 318 step 250900 avg_loss=2.808
[9512.5s] epoch 318 step 250950 avg_loss=2.766
[9514.0s] epoch 318 step 251000 avg_loss=2.720
[9515.7s] epoch 318 step 251050 avg_loss=2.629
[9517.5s] epoch 318 step 251100 avg_loss=2.592
[9519.7s] epoch 318 step 251150 avg_loss=2.584
[9521.8s] epoch 318 step 251200 avg_loss=2.767
[9523.8s] epoch 318 step 251250 avg_loss=2.730
[9525.7s] epoch 318 step 251300 avg_loss=2.738
[9527.5s] epoch 318 step 251350 avg_loss=2.729
[9528.2s] === epoch 318 done: avg_loss=2.706 (n=788 derivations) ===
[9529.2s] epoch 319 step 251400 avg_loss=1.790
[9530.8s] epoch 319 step 251450 avg_loss=1.512
[9532.5s] epoch 319 step 251500 avg_loss=1.512
[9534.1s] epoch 319 step 251550 avg_loss=1.515
[9536.0s] epoch 319 step 251600 avg_loss=1.588
[9537.8s] epoch 319 step 251650 avg_loss=1.697
[9539.5s] epoch 319 step 251700 avg_loss=1.759
[9541.5s] epoch 319 step 251750 avg_loss=1.807
[9543.6s] epoch 319 step 251800 avg_loss=1.813
[9545.5s] epoch 319 step 251850 avg_loss=1.842
[9547.6s] epoch 319 step 251900 avg_loss=1.975
[9549.6s] epoch 319 step 251950 avg_loss=2.052
[9551.5s] epoch 319 step 252000 avg_loss=2.025
[9553.2s] epoch 319 step 252050 avg_loss=1.953
[9555.3s] epoch 319 step 252100 avg_loss=2.022
[9556.8s] epoch 319 step 252150 avg_loss=2.015
[9559.3s] eval step=8000 train_avg_loss=2.037 dev_rank1_f1=0.3178 dev_edge_p=0.2576 dev_edge_r=0.4149
[9559.3s] === epoch 319 done: avg_loss=2.037 (n=788 derivations) ===
[9559.3s] training wall-clock: 9543.1s (stopped_early=True)
[9559.3s] max-steps budget: optimizer_steps=8000 (cap=8000, stop_reason=max_steps) epoch_fraction=324.873 throughput=0.8383 steps/s (1.1929 s/step)
[9559.3s] wrote 32 curve rows -> runs/arms/v4b_788_0.pt.curve.tsv
[9559.4s] holdout eval targets from runs/encoder_gold_v2.jsonl: matched=98 missing=0
[9559.5s] holdout eval targets (alt) from runs/encoder_gold_v4b.jsonl: matched=98 missing=0
[9559.5s] evaluating [last] (model policy) ...
[9736.0s] [last] holdout (best-of-6 + rank1 + forest width): {'sense_recall': 0.6941580756013745, 'slot_recall': 0.6304347826086957, 'structure_recall': 0.03734439834024896, 'all_gold_recalled_rate': 0.01020408163265306, 'edge_precision': 0.38584947455271906, 'edge_recall': 0.5161763925794537, 'overgen_ratio': 1.4980898589316967, 'n_records': 98, 'rank1_edge_precision': 0.29266334072756633, 'rank1_edge_recall': 0.4248308475349291, 'rank1_edge_f1': 0.34657399911428605, 'rank1_structure_recall': 0.012448132780082987, 'mean_forest_width': 5.979591836734694}
[9906.8s] [last] holdout_alt (best-of-6 + rank1 + forest width): {'sense_recall': 0.664367816091954, 'slot_recall': 0.6865671641791045, 'structure_recall': 0.08163265306122448, 'all_gold_recalled_rate': 0.08163265306122448, 'edge_precision': 0.5414311269752129, 'edge_recall': 0.5509862020066101, 'overgen_ratio': 1.1195706221216424, 'n_records': 98, 'rank1_edge_precision': 0.4349473896679621, 'rank1_edge_recall': 0.4388051857439613, 'rank1_edge_f1': 0.4368677712271651, 'rank1_structure_recall': 0.05102040816326531, 'mean_forest_width': 5.979591836734694}
[9906.8s] evaluating [best] (model policy) ...
[10049.2s] [best] holdout (best-of-6 + rank1 + forest width): {'sense_recall': 0.7079037800687286, 'slot_recall': 0.6645962732919255, 'structure_recall': 0.029045643153526972, 'all_gold_recalled_rate': 0.01020408163265306, 'edge_precision': 0.44122996240343176, 'edge_recall': 0.5443907660744395, 'overgen_ratio': 1.325916152064111, 'n_records': 98, 'rank1_edge_precision': 0.3526400812178281, 'rank1_edge_recall': 0.43979653660776113, 'rank1_edge_f1': 0.3914253402732451, 'rank1_structure_recall': 0.008298755186721992, 'mean_forest_width': 5.928571428571429}
[10215.8s] [best] holdout_alt (best-of-6 + rank1 + forest width): {'sense_recall': 0.7333333333333333, 'slot_recall': 0.746268656716418, 'structure_recall': 0.09183673469387756, 'all_gold_recalled_rate': 0.09183673469387756, 'edge_precision': 0.5846799729896447, 'edge_recall': 0.5732500209541026, 'overgen_ratio': 1.0414425427180534, 'n_records': 98, 'rank1_edge_precision': 0.5257406850519095, 'rank1_edge_recall': 0.4599469408142877, 'rank1_edge_f1': 0.4906479769160838, 'rank1_structure_recall': 0.04081632653061224, 'mean_forest_width': 5.969387755102041}
[10215.8s] evaluating RANDOM baseline on holdout ...
[10220.2s] holdout (random baseline): {'sense_recall': 0.044673539518900345, 'slot_recall': 0.0, 'structure_recall': 0.0, 'all_gold_recalled_rate': 0.0, 'edge_precision': 0.014779721412374474, 'edge_recall': 0.009906462585034014, 'overgen_ratio': 0.04034863945578231, 'n_records': 98}
[10220.2s] saved BEST checkpoint (step=1250, dev_rank1_f1=0.3356) -> runs/arms/v4b_788_0.pt
[10220.2s] saved LAST checkpoint -> runs/arms/v4b_788_0.pt.last.pt
[10220.2s] TOTAL wall-clock: 10220.2s
