[   0.0s] loading gold from runs/encoder_gold_v4b_16k.jsonl
[   4.0s] 10225 gold records
[   4.0s] holdout mode: 98 held-out sentences, pool=10029, train subset=3000 (subset_seed=0)
[   4.0s] loading USVS from /home/user/NAOMI/consciousness_transformer/data/usvs
[  21.3s] USVS loaded: 117679 senses, d_axes=607
[  21.3s] pos_vocab=15 role_vocab=44
[  21.3s] policy params: 344,011 (~1.376 MB fp32)
[  21.3s] building features + derivations for 3000 train records
[  25.4s] 3000 teacher-forced derivations
[  26.8s] dev-holdout eval targets from runs/encoder_gold_v4b.jsonl: matched=98 missing=0
[  30.0s] epoch 0 step 50 avg_loss=105.380
[  31.9s] epoch 0 step 100 avg_loss=101.896
[  33.6s] epoch 0 step 150 avg_loss=99.072
[  35.6s] epoch 0 step 200 avg_loss=96.307
[  37.2s] epoch 0 step 250 avg_loss=93.138
[  38.9s] epoch 0 step 300 avg_loss=89.797
[  40.5s] epoch 0 step 350 avg_loss=85.757
[  42.3s] epoch 0 step 400 avg_loss=82.843
[  44.1s] epoch 0 step 450 avg_loss=80.993
[  46.3s] epoch 0 step 500 avg_loss=80.064
[  48.4s] epoch 0 step 550 avg_loss=78.933
[  50.2s] epoch 0 step 600 avg_loss=77.239
[  52.2s] epoch 0 step 650 avg_loss=75.685
[  54.3s] epoch 0 step 700 avg_loss=74.595
[  56.7s] epoch 0 step 750 avg_loss=73.909
[  58.8s] epoch 0 step 800 avg_loss=72.567
[  60.9s] epoch 0 step 850 avg_loss=71.468
[  62.9s] epoch 0 step 900 avg_loss=70.137
[  64.9s] epoch 0 step 950 avg_loss=68.855
[  67.1s] epoch 0 step 1000 avg_loss=67.835
[  69.2s] epoch 0 step 1050 avg_loss=66.582
[  71.5s] epoch 0 step 1100 avg_loss=65.861
[  73.3s] epoch 0 step 1150 avg_loss=64.949
[  75.0s] epoch 0 step 1200 avg_loss=63.763
[  76.7s] epoch 0 step 1250 avg_loss=62.590
[  78.9s] epoch 0 step 1300 avg_loss=62.036
[  81.2s] epoch 0 step 1350 avg_loss=61.424
[  83.3s] epoch 0 step 1400 avg_loss=61.033
[  85.2s] epoch 0 step 1450 avg_loss=60.252
[  86.9s] epoch 0 step 1500 avg_loss=59.467
[  89.0s] epoch 0 step 1550 avg_loss=58.869
[  90.8s] epoch 0 step 1600 avg_loss=58.087
[  93.0s] epoch 0 step 1650 avg_loss=57.493
[  94.9s] epoch 0 step 1700 avg_loss=56.970
[  96.7s] epoch 0 step 1750 avg_loss=56.373
[  98.9s] epoch 0 step 1800 avg_loss=55.923
[ 100.9s] epoch 0 step 1850 avg_loss=55.550
[ 103.0s] epoch 0 step 1900 avg_loss=55.293
[ 104.9s] epoch 0 step 1950 avg_loss=54.731
[ 106.9s] epoch 0 step 2000 avg_loss=54.264
[ 109.4s] epoch 0 step 2050 avg_loss=54.027
[ 111.6s] epoch 0 step 2100 avg_loss=53.687
[ 113.7s] epoch 0 step 2150 avg_loss=53.373
[ 116.0s] epoch 0 step 2200 avg_loss=53.094
[ 118.0s] epoch 0 step 2250 avg_loss=52.728
[ 119.8s] epoch 0 step 2300 avg_loss=52.245
[ 121.9s] epoch 0 step 2350 avg_loss=51.999
[ 123.7s] epoch 0 step 2400 avg_loss=51.521
[ 125.9s] epoch 0 step 2450 avg_loss=51.319
[ 128.2s] epoch 0 step 2500 avg_loss=51.060
[ 130.2s] epoch 0 step 2550 avg_loss=50.740
[ 131.9s] epoch 0 step 2600 avg_loss=50.370
[ 134.0s] epoch 0 step 2650 avg_loss=50.022
[ 136.0s] epoch 0 step 2700 avg_loss=49.764
[ 138.0s] epoch 0 step 2750 avg_loss=49.477
[ 139.9s] epoch 0 step 2800 avg_loss=49.236
[ 142.0s] epoch 0 step 2850 avg_loss=48.964
[ 144.1s] epoch 0 step 2900 avg_loss=48.672
[ 146.1s] epoch 0 step 2950 avg_loss=48.399
[ 148.5s] epoch 0 step 3000 avg_loss=48.156
[ 148.5s] === epoch 0 done: avg_loss=48.156 (n=3000 derivations) ===
[ 150.6s] epoch 1 step 3050 avg_loss=29.193
[ 152.5s] epoch 1 step 3100 avg_loss=29.401
[ 154.7s] epoch 1 step 3150 avg_loss=32.076
[ 156.9s] epoch 1 step 3200 avg_loss=32.081
[ 159.4s] epoch 1 step 3250 avg_loss=33.011
[ 162.2s] epoch 1 step 3300 avg_loss=33.156
[ 164.6s] epoch 1 step 3350 avg_loss=34.210
[ 167.0s] epoch 1 step 3400 avg_loss=34.202
[ 168.8s] epoch 1 step 3450 avg_loss=33.746
[ 170.9s] epoch 1 step 3500 avg_loss=33.688
[ 173.1s] epoch 1 step 3550 avg_loss=34.066
[ 175.6s] epoch 1 step 3600 avg_loss=34.472
[ 177.8s] epoch 1 step 3650 avg_loss=34.522
[ 180.2s] epoch 1 step 3700 avg_loss=34.434
[ 182.4s] epoch 1 step 3750 avg_loss=33.952
[ 184.5s] epoch 1 step 3800 avg_loss=33.550
[ 186.8s] epoch 1 step 3850 avg_loss=33.462
[ 189.0s] epoch 1 step 3900 avg_loss=33.077
[ 191.1s] epoch 1 step 3950 avg_loss=32.937
[ 193.3s] epoch 1 step 4000 avg_loss=32.801
[ 195.5s] epoch 1 step 4050 avg_loss=32.917
[ 197.5s] epoch 1 step 4100 avg_loss=32.852
[ 199.3s] epoch 1 step 4150 avg_loss=32.588
[ 201.5s] epoch 1 step 4200 avg_loss=32.690
[ 203.4s] epoch 1 step 4250 avg_loss=32.538
[ 205.3s] epoch 1 step 4300 avg_loss=32.397
[ 207.3s] epoch 1 step 4350 avg_loss=32.344
[ 209.5s] epoch 1 step 4400 avg_loss=32.258
[ 211.7s] epoch 1 step 4450 avg_loss=32.189
[ 213.5s] epoch 1 step 4500 avg_loss=31.928
[ 215.6s] epoch 1 step 4550 avg_loss=31.711
[ 217.7s] epoch 1 step 4600 avg_loss=31.497
[ 219.5s] epoch 1 step 4650 avg_loss=31.258
[ 221.3s] epoch 1 step 4700 avg_loss=30.939
[ 223.2s] epoch 1 step 4750 avg_loss=30.765
[ 225.4s] epoch 1 step 4800 avg_loss=30.748
[ 227.4s] epoch 1 step 4850 avg_loss=30.719
[ 229.8s] epoch 1 step 4900 avg_loss=30.745
[ 231.9s] epoch 1 step 4950 avg_loss=30.657
[ 233.9s] epoch 1 step 5000 avg_loss=30.555
[ 236.1s] epoch 1 step 5050 avg_loss=30.611
[ 237.9s] epoch 1 step 5100 avg_loss=30.461
[ 239.7s] epoch 1 step 5150 avg_loss=30.159
[ 241.5s] epoch 1 step 5200 avg_loss=30.030
[ 243.7s] epoch 1 step 5250 avg_loss=30.033
[ 245.7s] epoch 1 step 5300 avg_loss=29.994
[ 248.1s] epoch 1 step 5350 avg_loss=29.994
[ 250.2s] epoch 1 step 5400 avg_loss=29.943
[ 252.3s] epoch 1 step 5450 avg_loss=29.842
[ 254.7s] epoch 1 step 5500 avg_loss=29.848
[ 257.0s] epoch 1 step 5550 avg_loss=29.845
[ 259.0s] epoch 1 step 5600 avg_loss=29.837
[ 261.1s] epoch 1 step 5650 avg_loss=29.769
[ 263.4s] epoch 1 step 5700 avg_loss=29.636
[ 265.6s] epoch 1 step 5750 avg_loss=29.553
[ 267.6s] epoch 1 step 5800 avg_loss=29.496
[ 269.6s] epoch 1 step 5850 avg_loss=29.400
[ 271.4s] epoch 1 step 5900 avg_loss=29.241
[ 273.6s] epoch 1 step 5950 avg_loss=29.257
[ 275.6s] epoch 1 step 6000 avg_loss=29.165
[ 275.6s] === epoch 1 done: avg_loss=29.165 (n=3000 derivations) ===
[ 277.5s] epoch 2 step 6050 avg_loss=21.189
[ 279.5s] epoch 2 step 6100 avg_loss=25.352
[ 281.4s] epoch 2 step 6150 avg_loss=24.040
[ 283.3s] epoch 2 step 6200 avg_loss=25.055
[ 285.6s] epoch 2 step 6250 avg_loss=27.080
[ 287.8s] epoch 2 step 6300 avg_loss=27.143
[ 289.9s] epoch 2 step 6350 avg_loss=27.368
[ 292.0s] epoch 2 step 6400 avg_loss=27.223
[ 294.0s] epoch 2 step 6450 avg_loss=26.933
[ 295.9s] epoch 2 step 6500 avg_loss=26.718
[ 297.9s] epoch 2 step 6550 avg_loss=26.498
[ 300.3s] epoch 2 step 6600 avg_loss=26.433
[ 302.3s] epoch 2 step 6650 avg_loss=26.369
[ 304.5s] epoch 2 step 6700 avg_loss=26.156
[ 306.7s] epoch 2 step 6750 avg_loss=25.942
[ 309.0s] epoch 2 step 6800 avg_loss=25.813
[ 311.1s] epoch 2 step 6850 avg_loss=25.797
[ 313.5s] epoch 2 step 6900 avg_loss=25.691
[ 315.4s] epoch 2 step 6950 avg_loss=25.630
[ 317.8s] epoch 2 step 7000 avg_loss=25.513
[ 320.1s] epoch 2 step 7050 avg_loss=25.561
[ 322.2s] epoch 2 step 7100 avg_loss=25.392
[ 324.3s] epoch 2 step 7150 avg_loss=25.463
[ 326.3s] epoch 2 step 7200 avg_loss=25.456
[ 328.8s] epoch 2 step 7250 avg_loss=25.618
[ 331.0s] epoch 2 step 7300 avg_loss=25.564
[ 333.4s] epoch 2 step 7350 avg_loss=25.613
[ 335.4s] epoch 2 step 7400 avg_loss=25.465
[ 337.8s] epoch 2 step 7450 avg_loss=25.517
[ 339.9s] epoch 2 step 7500 avg_loss=25.415
[ 342.1s] epoch 2 step 7550 avg_loss=25.404
[ 344.1s] epoch 2 step 7600 avg_loss=25.321
[ 346.0s] epoch 2 step 7650 avg_loss=25.232
[ 348.2s] epoch 2 step 7700 avg_loss=25.224
[ 350.5s] epoch 2 step 7750 avg_loss=25.193
[ 352.5s] epoch 2 step 7800 avg_loss=25.016
[ 354.4s] epoch 2 step 7850 avg_loss=25.010
[ 356.5s] epoch 2 step 7900 avg_loss=24.992
[ 358.7s] epoch 2 step 7950 avg_loss=25.129
[ 366.7s] eval step=250 train_avg_loss=25.099 dev_rank1_f1=0.4016 dev_edge_p=0.4116 dev_edge_r=0.3920
[ 367.3s] epoch 2 step 8000 avg_loss=25.026
[ 369.5s] epoch 2 step 8050 avg_loss=24.906
[ 371.7s] epoch 2 step 8100 avg_loss=24.993
[ 373.8s] epoch 2 step 8150 avg_loss=24.880
[ 376.0s] epoch 2 step 8200 avg_loss=24.802
[ 378.3s] epoch 2 step 8250 avg_loss=24.835
[ 380.6s] epoch 2 step 8300 avg_loss=24.775
[ 382.8s] epoch 2 step 8350 avg_loss=24.825
[ 384.8s] epoch 2 step 8400 avg_loss=24.824
[ 386.9s] epoch 2 step 8450 avg_loss=24.795
[ 388.9s] epoch 2 step 8500 avg_loss=24.813
[ 391.1s] epoch 2 step 8550 avg_loss=24.847
[ 393.2s] epoch 2 step 8600 avg_loss=24.769
[ 395.7s] epoch 2 step 8650 avg_loss=24.740
[ 397.5s] epoch 2 step 8700 avg_loss=24.591
[ 399.3s] epoch 2 step 8750 avg_loss=24.532
[ 401.4s] epoch 2 step 8800 avg_loss=24.604
[ 403.7s] epoch 2 step 8850 avg_loss=24.621
[ 406.3s] epoch 2 step 8900 avg_loss=24.740
[ 408.7s] epoch 2 step 8950 avg_loss=24.741
[ 410.5s] epoch 2 step 9000 avg_loss=24.563
[ 410.5s] === epoch 2 done: avg_loss=24.563 (n=3000 derivations) ===
[ 412.9s] epoch 3 step 9050 avg_loss=29.054
[ 415.0s] epoch 3 step 9100 avg_loss=26.692
[ 417.2s] epoch 3 step 9150 avg_loss=26.441
[ 419.3s] epoch 3 step 9200 avg_loss=25.638
[ 421.5s] epoch 3 step 9250 avg_loss=25.455
[ 423.6s] epoch 3 step 9300 avg_loss=24.875
[ 425.7s] epoch 3 step 9350 avg_loss=24.291
[ 428.0s] epoch 3 step 9400 avg_loss=24.044
[ 430.1s] epoch 3 step 9450 avg_loss=23.661
[ 432.3s] epoch 3 step 9500 avg_loss=23.168
[ 434.3s] epoch 3 step 9550 avg_loss=23.034
[ 436.5s] epoch 3 step 9600 avg_loss=22.859
[ 438.8s] epoch 3 step 9650 avg_loss=23.047
[ 441.5s] epoch 3 step 9700 avg_loss=23.671
[ 443.8s] epoch 3 step 9750 avg_loss=23.516
[ 445.9s] epoch 3 step 9800 avg_loss=23.433
[ 448.2s] epoch 3 step 9850 avg_loss=23.542
[ 450.3s] epoch 3 step 9900 avg_loss=23.597
[ 452.7s] epoch 3 step 9950 avg_loss=23.848
[ 454.9s] epoch 3 step 10000 avg_loss=23.744
[ 457.0s] epoch 3 step 10050 avg_loss=23.686
[ 459.1s] epoch 3 step 10100 avg_loss=23.457
[ 461.0s] epoch 3 step 10150 avg_loss=23.322
[ 463.1s] epoch 3 step 10200 avg_loss=23.482
[ 465.4s] epoch 3 step 10250 avg_loss=23.210
[ 467.5s] epoch 3 step 10300 avg_loss=23.151
[ 469.6s] epoch 3 step 10350 avg_loss=23.203
[ 471.6s] epoch 3 step 10400 avg_loss=23.169
[ 473.4s] epoch 3 step 10450 avg_loss=22.944
[ 475.3s] epoch 3 step 10500 avg_loss=22.778
[ 477.5s] epoch 3 step 10550 avg_loss=22.747
[ 479.8s] epoch 3 step 10600 avg_loss=22.756
[ 482.0s] epoch 3 step 10650 avg_loss=22.728
[ 484.3s] epoch 3 step 10700 avg_loss=22.766
[ 486.4s] epoch 3 step 10750 avg_loss=22.826
[ 489.0s] epoch 3 step 10800 avg_loss=22.931
[ 491.1s] epoch 3 step 10850 avg_loss=22.927
[ 493.2s] epoch 3 step 10900 avg_loss=22.911
[ 495.4s] epoch 3 step 10950 avg_loss=22.938
[ 497.4s] epoch 3 step 11000 avg_loss=22.850
[ 499.5s] epoch 3 step 11050 avg_loss=22.831
[ 501.7s] epoch 3 step 11100 avg_loss=22.910
[ 503.6s] epoch 3 step 11150 avg_loss=22.874
[ 505.3s] epoch 3 step 11200 avg_loss=22.714
[ 507.6s] epoch 3 step 11250 avg_loss=22.762
[ 509.7s] epoch 3 step 11300 avg_loss=22.635
[ 511.9s] epoch 3 step 11350 avg_loss=22.672
[ 514.3s] epoch 3 step 11400 avg_loss=22.740
[ 516.5s] epoch 3 step 11450 avg_loss=22.712
[ 518.7s] epoch 3 step 11500 avg_loss=22.674
[ 520.7s] epoch 3 step 11550 avg_loss=22.543
[ 523.0s] epoch 3 step 11600 avg_loss=22.682
[ 525.3s] epoch 3 step 11650 avg_loss=22.579
[ 527.9s] epoch 3 step 11700 avg_loss=22.599
[ 530.1s] epoch 3 step 11750 avg_loss=22.485
[ 532.5s] epoch 3 step 11800 avg_loss=22.502
[ 534.5s] epoch 3 step 11850 avg_loss=22.431
[ 536.6s] epoch 3 step 11900 avg_loss=22.424
[ 538.9s] epoch 3 step 11950 avg_loss=22.404
[ 540.9s] epoch 3 step 12000 avg_loss=22.352
[ 540.9s] === epoch 3 done: avg_loss=22.352 (n=3000 derivations) ===
[ 542.8s] epoch 4 step 12050 avg_loss=18.003
[ 544.7s] epoch 4 step 12100 avg_loss=17.327
[ 546.7s] epoch 4 step 12150 avg_loss=18.240
[ 548.9s] epoch 4 step 12200 avg_loss=20.354
[ 551.5s] epoch 4 step 12250 avg_loss=21.982
[ 553.6s] epoch 4 step 12300 avg_loss=22.084
[ 555.8s] epoch 4 step 12350 avg_loss=22.483
[ 557.9s] epoch 4 step 12400 avg_loss=22.302
[ 560.0s] epoch 4 step 12450 avg_loss=22.091
[ 562.3s] epoch 4 step 12500 avg_loss=22.313
[ 564.4s] epoch 4 step 12550 avg_loss=21.908
[ 566.5s] epoch 4 step 12600 avg_loss=21.605
[ 568.7s] epoch 4 step 12650 avg_loss=22.006
[ 571.1s] epoch 4 step 12700 avg_loss=22.301
[ 573.1s] epoch 4 step 12750 avg_loss=22.116
[ 575.2s] epoch 4 step 12800 avg_loss=22.222
[ 577.3s] epoch 4 step 12850 avg_loss=22.238
[ 579.5s] epoch 4 step 12900 avg_loss=22.317
[ 581.6s] epoch 4 step 12950 avg_loss=22.330
[ 584.1s] epoch 4 step 13000 avg_loss=22.452
[ 586.1s] epoch 4 step 13050 avg_loss=22.178
[ 588.2s] epoch 4 step 13100 avg_loss=22.082
[ 590.4s] epoch 4 step 13150 avg_loss=22.082
[ 592.3s] epoch 4 step 13200 avg_loss=21.997
[ 594.2s] epoch 4 step 13250 avg_loss=21.871
[ 596.4s] epoch 4 step 13300 avg_loss=21.823
[ 598.2s] epoch 4 step 13350 avg_loss=21.773
[ 600.1s] epoch 4 step 13400 avg_loss=21.740
[ 601.7s] epoch 4 step 13450 avg_loss=21.639
[ 603.4s] epoch 4 step 13500 avg_loss=21.527
[ 605.0s] epoch 4 step 13550 avg_loss=21.393
[ 606.6s] epoch 4 step 13600 avg_loss=21.385
[ 608.3s] epoch 4 step 13650 avg_loss=21.317
[ 609.9s] epoch 4 step 13700 avg_loss=21.332
[ 611.4s] epoch 4 step 13750 avg_loss=21.233
[ 613.3s] epoch 4 step 13800 avg_loss=21.294
[ 615.1s] epoch 4 step 13850 avg_loss=21.236
[ 616.7s] epoch 4 step 13900 avg_loss=21.191
[ 618.5s] epoch 4 step 13950 avg_loss=21.275
[ 620.2s] epoch 4 step 14000 avg_loss=21.211
[ 622.0s] epoch 4 step 14050 avg_loss=21.169
[ 623.8s] epoch 4 step 14100 avg_loss=21.141
[ 625.5s] epoch 4 step 14150 avg_loss=21.155
[ 627.0s] epoch 4 step 14200 avg_loss=21.094
[ 629.0s] epoch 4 step 14250 avg_loss=21.271
[ 630.9s] epoch 4 step 14300 avg_loss=21.363
[ 632.9s] epoch 4 step 14350 avg_loss=21.422
[ 634.3s] epoch 4 step 14400 avg_loss=21.345
[ 636.1s] epoch 4 step 14450 avg_loss=21.252
[ 638.1s] epoch 4 step 14500 avg_loss=21.322
[ 640.0s] epoch 4 step 14550 avg_loss=21.317
[ 641.6s] epoch 4 step 14600 avg_loss=21.211
[ 643.0s] epoch 4 step 14650 avg_loss=21.074
[ 644.7s] epoch 4 step 14700 avg_loss=21.015
[ 646.6s] epoch 4 step 14750 avg_loss=21.043
[ 648.4s] epoch 4 step 14800 avg_loss=21.080
[ 650.0s] epoch 4 step 14850 avg_loss=21.044
[ 651.6s] epoch 4 step 14900 avg_loss=20.990
[ 653.3s] epoch 4 step 14950 avg_loss=20.964
[ 654.8s] epoch 4 step 15000 avg_loss=20.912
[ 654.8s] === epoch 4 done: avg_loss=20.912 (n=3000 derivations) ===
[ 656.7s] epoch 5 step 15050 avg_loss=22.183
[ 658.8s] epoch 5 step 15100 avg_loss=24.363
[ 660.6s] epoch 5 step 15150 avg_loss=21.721
[ 662.2s] epoch 5 step 15200 avg_loss=21.578
[ 664.0s] epoch 5 step 15250 avg_loss=20.443
[ 665.9s] epoch 5 step 15300 avg_loss=19.883
[ 667.9s] epoch 5 step 15350 avg_loss=20.011
[ 669.7s] epoch 5 step 15400 avg_loss=19.882
[ 671.6s] epoch 5 step 15450 avg_loss=19.845
[ 673.4s] epoch 5 step 15500 avg_loss=19.684
[ 675.6s] epoch 5 step 15550 avg_loss=19.770
[ 677.3s] epoch 5 step 15600 avg_loss=19.492
[ 679.5s] epoch 5 step 15650 avg_loss=19.792
[ 681.3s] epoch 5 step 15700 avg_loss=19.685
[ 683.2s] epoch 5 step 15750 avg_loss=19.558
[ 685.1s] epoch 5 step 15800 avg_loss=19.541
[ 687.3s] epoch 5 step 15850 avg_loss=19.849
[ 689.2s] epoch 5 step 15900 avg_loss=19.927
[ 691.3s] epoch 5 step 15950 avg_loss=19.958
[ 697.4s] eval step=500 train_avg_loss=19.950 dev_rank1_f1=0.4476 dev_edge_p=0.4561 dev_edge_r=0.4394
[ 698.7s] epoch 5 step 16000 avg_loss=19.772
[ 701.0s] epoch 5 step 16050 avg_loss=20.155
[ 702.9s] epoch 5 step 16100 avg_loss=20.081
[ 704.9s] epoch 5 step 16150 avg_loss=20.157
[ 707.0s] epoch 5 step 16200 avg_loss=20.126
[ 708.8s] epoch 5 step 16250 avg_loss=19.921
[ 710.7s] epoch 5 step 16300 avg_loss=19.916
[ 712.7s] epoch 5 step 16350 avg_loss=20.028
[ 714.2s] epoch 5 step 16400 avg_loss=19.819
[ 715.9s] epoch 5 step 16450 avg_loss=19.878
[ 717.5s] epoch 5 step 16500 avg_loss=19.912
[ 719.1s] epoch 5 step 16550 avg_loss=19.912
[ 720.9s] epoch 5 step 16600 avg_loss=19.971
[ 722.6s] epoch 5 step 16650 avg_loss=19.950
[ 724.3s] epoch 5 step 16700 avg_loss=19.859
[ 726.1s] epoch 5 step 16750 avg_loss=19.777
[ 727.9s] epoch 5 step 16800 avg_loss=19.652
[ 729.7s] epoch 5 step 16850 avg_loss=19.526
[ 731.3s] epoch 5 step 16900 avg_loss=19.425
[ 733.1s] epoch 5 step 16950 avg_loss=19.435
[ 734.7s] epoch 5 step 17000 avg_loss=19.351
[ 736.3s] epoch 5 step 17050 avg_loss=19.357
[ 738.4s] epoch 5 step 17100 avg_loss=19.464
[ 740.0s] epoch 5 step 17150 avg_loss=19.374
[ 741.9s] epoch 5 step 17200 avg_loss=19.422
[ 743.9s] epoch 5 step 17250 avg_loss=19.469
[ 745.9s] epoch 5 step 17300 avg_loss=19.467
[ 747.6s] epoch 5 step 17350 avg_loss=19.428
[ 749.1s] epoch 5 step 17400 avg_loss=19.333
[ 751.0s] epoch 5 step 17450 avg_loss=19.515
[ 752.7s] epoch 5 step 17500 avg_loss=19.493
[ 754.3s] epoch 5 step 17550 avg_loss=19.451
[ 756.2s] epoch 5 step 17600 avg_loss=19.581
[ 758.4s] epoch 5 step 17650 avg_loss=19.681
[ 760.2s] epoch 5 step 17700 avg_loss=19.671
[ 761.9s] epoch 5 step 17750 avg_loss=19.725
[ 763.7s] epoch 5 step 17800 avg_loss=19.814
[ 765.4s] epoch 5 step 17850 avg_loss=19.800
[ 767.2s] epoch 5 step 17900 avg_loss=19.827
[ 768.8s] epoch 5 step 17950 avg_loss=19.744
[ 770.7s] epoch 5 step 18000 avg_loss=19.725
[ 770.7s] === epoch 5 done: avg_loss=19.725 (n=3000 derivations) ===
[ 772.6s] epoch 6 step 18050 avg_loss=21.016
[ 774.4s] epoch 6 step 18100 avg_loss=19.315
[ 776.3s] epoch 6 step 18150 avg_loss=20.044
[ 778.0s] epoch 6 step 18200 avg_loss=17.967
[ 779.6s] epoch 6 step 18250 avg_loss=17.448
[ 781.3s] epoch 6 step 18300 avg_loss=17.701
[ 782.9s] epoch 6 step 18350 avg_loss=17.208
[ 785.1s] epoch 6 step 18400 avg_loss=18.154
[ 787.3s] epoch 6 step 18450 avg_loss=18.731
[ 789.2s] epoch 6 step 18500 avg_loss=18.746
[ 791.0s] epoch 6 step 18550 avg_loss=18.629
[ 792.8s] epoch 6 step 18600 avg_loss=18.784
[ 794.6s] epoch 6 step 18650 avg_loss=18.478
[ 796.2s] epoch 6 step 18700 avg_loss=18.178
[ 797.9s] epoch 6 step 18750 avg_loss=18.307
[ 799.8s] epoch 6 step 18800 avg_loss=18.587
[ 801.6s] epoch 6 step 18850 avg_loss=18.616
[ 803.3s] epoch 6 step 18900 avg_loss=18.521
[ 805.2s] epoch 6 step 18950 avg_loss=18.623
[ 806.9s] epoch 6 step 19000 avg_loss=18.648
[ 808.8s] epoch 6 step 19050 avg_loss=18.730
[ 810.4s] epoch 6 step 19100 avg_loss=18.579
[ 812.3s] epoch 6 step 19150 avg_loss=18.635
[ 814.0s] epoch 6 step 19200 avg_loss=18.550
[ 815.7s] epoch 6 step 19250 avg_loss=18.483
[ 817.4s] epoch 6 step 19300 avg_loss=18.487
[ 819.3s] epoch 6 step 19350 avg_loss=18.544
[ 821.0s] epoch 6 step 19400 avg_loss=18.659
[ 822.9s] epoch 6 step 19450 avg_loss=18.809
[ 824.5s] epoch 6 step 19500 avg_loss=18.769
[ 826.5s] epoch 6 step 19550 avg_loss=18.770
[ 828.1s] epoch 6 step 19600 avg_loss=18.632
[ 829.9s] epoch 6 step 19650 avg_loss=18.624
[ 831.7s] epoch 6 step 19700 avg_loss=18.706
[ 833.6s] epoch 6 step 19750 avg_loss=18.849
[ 835.0s] epoch 6 step 19800 avg_loss=18.720
[ 836.6s] epoch 6 step 19850 avg_loss=18.626
[ 838.2s] epoch 6 step 19900 avg_loss=18.631
[ 839.9s] epoch 6 step 19950 avg_loss=18.656
[ 841.7s] epoch 6 step 20000 avg_loss=18.625
[ 843.6s] epoch 6 step 20050 avg_loss=18.619
[ 845.5s] epoch 6 step 20100 avg_loss=18.562
[ 847.8s] epoch 6 step 20150 avg_loss=18.760
[ 849.7s] epoch 6 step 20200 avg_loss=18.740
[ 851.3s] epoch 6 step 20250 avg_loss=18.712
[ 852.9s] epoch 6 step 20300 avg_loss=18.656
[ 854.6s] epoch 6 step 20350 avg_loss=18.617
[ 856.4s] epoch 6 step 20400 avg_loss=18.679
[ 858.0s] epoch 6 step 20450 avg_loss=18.660
[ 859.9s] epoch 6 step 20500 avg_loss=18.790
[ 861.8s] epoch 6 step 20550 avg_loss=18.869
[ 863.5s] epoch 6 step 20600 avg_loss=18.799
[ 865.4s] epoch 6 step 20650 avg_loss=18.837
[ 867.3s] epoch 6 step 20700 avg_loss=18.930
[ 869.1s] epoch 6 step 20750 avg_loss=18.861
[ 870.8s] epoch 6 step 20800 avg_loss=18.825
[ 872.5s] epoch 6 step 20850 avg_loss=18.817
[ 874.0s] epoch 6 step 20900 avg_loss=18.782
[ 875.8s] epoch 6 step 20950 avg_loss=18.772
[ 877.3s] epoch 6 step 21000 avg_loss=18.768
[ 877.4s] === epoch 6 done: avg_loss=18.768 (n=3000 derivations) ===
[ 879.2s] epoch 7 step 21050 avg_loss=19.018
[ 880.8s] epoch 7 step 21100 avg_loss=17.990
[ 882.5s] epoch 7 step 21150 avg_loss=16.679
[ 884.4s] epoch 7 step 21200 avg_loss=17.673
[ 886.4s] epoch 7 step 21250 avg_loss=18.245
[ 888.2s] epoch 7 step 21300 avg_loss=17.853
[ 890.2s] epoch 7 step 21350 avg_loss=18.145
[ 891.7s] epoch 7 step 21400 avg_loss=17.484
[ 893.4s] epoch 7 step 21450 avg_loss=17.595
[ 894.9s] epoch 7 step 21500 avg_loss=17.470
[ 896.6s] epoch 7 step 21550 avg_loss=17.687
[ 898.4s] epoch 7 step 21600 avg_loss=17.803
[ 900.2s] epoch 7 step 21650 avg_loss=17.824
[ 901.9s] epoch 7 step 21700 avg_loss=18.049
[ 903.6s] epoch 7 step 21750 avg_loss=18.026
[ 905.2s] epoch 7 step 21800 avg_loss=18.003
[ 906.8s] epoch 7 step 21850 avg_loss=17.874
[ 908.4s] epoch 7 step 21900 avg_loss=17.872
[ 910.2s] epoch 7 step 21950 avg_loss=18.080
[ 911.9s] epoch 7 step 22000 avg_loss=18.118
[ 913.5s] epoch 7 step 22050 avg_loss=17.975
[ 915.1s] epoch 7 step 22100 avg_loss=17.831
[ 916.9s] epoch 7 step 22150 avg_loss=17.902
[ 918.6s] epoch 7 step 22200 avg_loss=17.970
[ 920.3s] epoch 7 step 22250 avg_loss=17.824
[ 922.3s] epoch 7 step 22300 avg_loss=17.912
[ 923.9s] epoch 7 step 22350 avg_loss=17.908
[ 925.8s] epoch 7 step 22400 avg_loss=18.027
[ 927.4s] epoch 7 step 22450 avg_loss=17.974
[ 928.9s] epoch 7 step 22500 avg_loss=17.850
[ 930.8s] epoch 7 step 22550 avg_loss=18.002
[ 932.5s] epoch 7 step 22600 avg_loss=18.001
[ 934.1s] epoch 7 step 22650 avg_loss=18.028
[ 935.7s] epoch 7 step 22700 avg_loss=17.903
[ 937.4s] epoch 7 step 22750 avg_loss=17.894
[ 939.1s] epoch 7 step 22800 avg_loss=17.914
[ 941.0s] epoch 7 step 22850 avg_loss=18.003
[ 942.6s] epoch 7 step 22900 avg_loss=17.882
[ 944.3s] epoch 7 step 22950 avg_loss=17.929
[ 946.1s] epoch 7 step 23000 avg_loss=17.902
[ 948.0s] epoch 7 step 23050 avg_loss=17.934
[ 949.8s] epoch 7 step 23100 avg_loss=18.005
[ 951.8s] epoch 7 step 23150 avg_loss=18.100
[ 953.4s] epoch 7 step 23200 avg_loss=18.019
[ 955.3s] epoch 7 step 23250 avg_loss=18.024
[ 957.1s] epoch 7 step 23300 avg_loss=17.977
[ 958.7s] epoch 7 step 23350 avg_loss=17.873
[ 960.7s] epoch 7 step 23400 avg_loss=17.914
[ 962.2s] epoch 7 step 23450 avg_loss=17.904
[ 963.7s] epoch 7 step 23500 avg_loss=17.833
[ 965.4s] epoch 7 step 23550 avg_loss=17.779
[ 967.3s] epoch 7 step 23600 avg_loss=17.827
[ 969.1s] epoch 7 step 23650 avg_loss=17.842
[ 970.9s] epoch 7 step 23700 avg_loss=17.837
[ 972.8s] epoch 7 step 23750 avg_loss=17.910
[ 974.5s] epoch 7 step 23800 avg_loss=17.885
[ 976.1s] epoch 7 step 23850 avg_loss=17.949
[ 978.1s] epoch 7 step 23900 avg_loss=17.974
[ 983.2s] eval step=750 train_avg_loss=17.948 dev_rank1_f1=0.4453 dev_edge_p=0.4489 dev_edge_r=0.4419
[ 983.4s] epoch 7 step 23950 avg_loss=17.950
[ 985.1s] epoch 7 step 24000 avg_loss=17.849
[ 985.1s] === epoch 7 done: avg_loss=17.849 (n=3000 derivations) ===
[ 986.7s] epoch 8 step 24050 avg_loss=14.937
[ 988.5s] epoch 8 step 24100 avg_loss=16.617
[ 990.2s] epoch 8 step 24150 avg_loss=16.600
[ 991.9s] epoch 8 step 24200 avg_loss=16.927
[ 993.8s] epoch 8 step 24250 avg_loss=17.342
[ 995.5s] epoch 8 step 24300 avg_loss=17.224
[ 997.4s] epoch 8 step 24350 avg_loss=17.313
[ 998.9s] epoch 8 step 24400 avg_loss=16.753
[1000.6s] epoch 8 step 24450 avg_loss=16.684
[1002.4s] epoch 8 step 24500 avg_loss=17.045
[1004.0s] epoch 8 step 24550 avg_loss=17.249
[1006.0s] epoch 8 step 24600 avg_loss=17.464
[1007.6s] epoch 8 step 24650 avg_loss=17.341
[1009.4s] epoch 8 step 24700 avg_loss=17.315
[1011.4s] epoch 8 step 24750 avg_loss=17.266
[1013.2s] epoch 8 step 24800 avg_loss=17.245
[1015.2s] epoch 8 step 24850 avg_loss=17.283
[1016.9s] epoch 8 step 24900 avg_loss=17.359
[1018.7s] epoch 8 step 24950 avg_loss=17.252
[1020.5s] epoch 8 step 25000 avg_loss=17.293
[1022.5s] epoch 8 step 25050 avg_loss=17.507
[1024.4s] epoch 8 step 25100 avg_loss=17.700
[1026.2s] epoch 8 step 25150 avg_loss=17.728
[1027.9s] epoch 8 step 25200 avg_loss=17.718
[1029.5s] epoch 8 step 25250 avg_loss=17.618
[1031.2s] epoch 8 step 25300 avg_loss=17.422
[1033.0s] epoch 8 step 25350 avg_loss=17.423
[1034.7s] epoch 8 step 25400 avg_loss=17.233
[1036.7s] epoch 8 step 25450 avg_loss=17.247
[1038.5s] epoch 8 step 25500 avg_loss=17.162
[1040.2s] epoch 8 step 25550 avg_loss=17.106
[1042.1s] epoch 8 step 25600 avg_loss=17.110
[1044.0s] epoch 8 step 25650 avg_loss=17.145
[1045.7s] epoch 8 step 25700 avg_loss=17.184
[1047.4s] epoch 8 step 25750 avg_loss=17.124
[1049.3s] epoch 8 step 25800 avg_loss=17.157
[1051.3s] epoch 8 step 25850 avg_loss=17.150
[1053.6s] epoch 8 step 25900 avg_loss=17.169
[1055.5s] epoch 8 step 25950 avg_loss=17.125
[1057.5s] epoch 8 step 26000 avg_loss=17.067
[1059.4s] epoch 8 step 26050 avg_loss=16.986
[1061.3s] epoch 8 step 26100 avg_loss=16.915
[1063.2s] epoch 8 step 26150 avg_loss=16.927
[1065.0s] epoch 8 step 26200 avg_loss=16.901
[1067.0s] epoch 8 step 26250 avg_loss=17.006
[1068.9s] epoch 8 step 26300 avg_loss=16.990
[1070.9s] epoch 8 step 26350 avg_loss=17.014
[1072.8s] epoch 8 step 26400 avg_loss=17.038
[1074.8s] epoch 8 step 26450 avg_loss=17.127
[1076.9s] epoch 8 step 26500 avg_loss=17.196
[1078.4s] epoch 8 step 26550 avg_loss=17.100
[1080.1s] epoch 8 step 26600 avg_loss=16.988
[1082.0s] epoch 8 step 26650 avg_loss=17.085
[1083.9s] epoch 8 step 26700 avg_loss=17.062
[1085.8s] epoch 8 step 26750 avg_loss=17.035
[1087.8s] epoch 8 step 26800 avg_loss=16.976
[1089.5s] epoch 8 step 26850 avg_loss=16.943
[1091.3s] epoch 8 step 26900 avg_loss=16.922
[1093.0s] epoch 8 step 26950 avg_loss=16.897
[1095.1s] epoch 8 step 27000 avg_loss=17.035
[1095.1s] === epoch 8 done: avg_loss=17.035 (n=3000 derivations) ===
[1097.0s] epoch 9 step 27050 avg_loss=19.586
[1099.2s] epoch 9 step 27100 avg_loss=19.046
[1101.3s] epoch 9 step 27150 avg_loss=18.635
[1103.3s] epoch 9 step 27200 avg_loss=17.823
[1104.9s] epoch 9 step 27250 avg_loss=16.752
[1106.9s] epoch 9 step 27300 avg_loss=16.647
[1109.0s] epoch 9 step 27350 avg_loss=16.295
[1110.8s] epoch 9 step 27400 avg_loss=16.035
[1112.8s] epoch 9 step 27450 avg_loss=16.056
[1114.7s] epoch 9 step 27500 avg_loss=15.956
[1116.3s] epoch 9 step 27550 avg_loss=15.658
[1118.2s] epoch 9 step 27600 avg_loss=15.669
[1120.0s] epoch 9 step 27650 avg_loss=15.566
[1122.0s] epoch 9 step 27700 avg_loss=15.595
[1124.4s] epoch 9 step 27750 avg_loss=15.953
[1126.7s] epoch 9 step 27800 avg_loss=16.083
[1128.5s] epoch 9 step 27850 avg_loss=15.988
[1130.4s] epoch 9 step 27900 avg_loss=15.806
[1132.1s] epoch 9 step 27950 avg_loss=15.700
[1133.8s] epoch 9 step 28000 avg_loss=15.767
[1135.8s] epoch 9 step 28050 avg_loss=15.915
[1138.0s] epoch 9 step 28100 avg_loss=16.010
[1140.1s] epoch 9 step 28150 avg_loss=16.048
[1142.0s] epoch 9 step 28200 avg_loss=16.039
[1143.7s] epoch 9 step 28250 avg_loss=15.896
[1145.8s] epoch 9 step 28300 avg_loss=15.905
[1147.8s] epoch 9 step 28350 avg_loss=15.983
[1149.9s] epoch 9 step 28400 avg_loss=16.183
[1151.9s] epoch 9 step 28450 avg_loss=16.301
[1153.8s] epoch 9 step 28500 avg_loss=16.216
[1155.4s] epoch 9 step 28550 avg_loss=16.093
[1157.2s] epoch 9 step 28600 avg_loss=16.007
[1159.1s] epoch 9 step 28650 avg_loss=16.100
[1161.3s] epoch 9 step 28700 avg_loss=16.185
[1163.8s] epoch 9 step 28750 avg_loss=16.323
[1165.7s] epoch 9 step 28800 avg_loss=16.341
[1167.7s] epoch 9 step 28850 avg_loss=16.258
[1169.8s] epoch 9 step 28900 avg_loss=16.327
[1171.8s] epoch 9 step 28950 avg_loss=16.370
[1173.8s] epoch 9 step 29000 avg_loss=16.307
[1175.8s] epoch 9 step 29050 avg_loss=16.250
[1178.0s] epoch 9 step 29100 avg_loss=16.328
[1179.9s] epoch 9 step 29150 avg_loss=16.271
[1182.0s] epoch 9 step 29200 avg_loss=16.178
[1183.9s] epoch 9 step 29250 avg_loss=16.101
[1185.9s] epoch 9 step 29300 avg_loss=16.071
[1188.0s] epoch 9 step 29350 avg_loss=16.173
[1190.2s] epoch 9 step 29400 avg_loss=16.173
[1191.9s] epoch 9 step 29450 avg_loss=16.123
[1193.9s] epoch 9 step 29500 avg_loss=16.139
[1195.8s] epoch 9 step 29550 avg_loss=16.101
[1197.9s] epoch 9 step 29600 avg_loss=16.118
[1199.7s] epoch 9 step 29650 avg_loss=16.119
[1201.4s] epoch 9 step 29700 avg_loss=16.128
[1203.8s] epoch 9 step 29750 avg_loss=16.167
[1206.0s] epoch 9 step 29800 avg_loss=16.199
[1208.1s] epoch 9 step 29850 avg_loss=16.212
[1210.3s] epoch 9 step 29900 avg_loss=16.263
[1212.4s] epoch 9 step 29950 avg_loss=16.330
[1214.2s] epoch 9 step 30000 avg_loss=16.233
[1214.2s] === epoch 9 done: avg_loss=16.233 (n=3000 derivations) ===
[1215.9s] epoch 10 step 30050 avg_loss=11.314
[1217.6s] epoch 10 step 30100 avg_loss=11.001
[1219.4s] epoch 10 step 30150 avg_loss=11.940
[1221.3s] epoch 10 step 30200 avg_loss=13.210
[1223.0s] epoch 10 step 30250 avg_loss=13.367
[1224.9s] epoch 10 step 30300 avg_loss=13.672
[1226.8s] epoch 10 step 30350 avg_loss=13.952
[1228.8s] epoch 10 step 30400 avg_loss=14.530
[1230.8s] epoch 10 step 30450 avg_loss=14.422
[1233.0s] epoch 10 step 30500 avg_loss=14.953
[1234.9s] epoch 10 step 30550 avg_loss=15.251
[1236.9s] epoch 10 step 30600 avg_loss=15.478
[1238.5s] epoch 10 step 30650 avg_loss=15.219
[1240.6s] epoch 10 step 30700 avg_loss=15.591
[1242.3s] epoch 10 step 30750 avg_loss=15.392
[1244.3s] epoch 10 step 30800 avg_loss=15.474
[1246.0s] epoch 10 step 30850 avg_loss=15.450
[1247.9s] epoch 10 step 30900 avg_loss=15.366
[1250.0s] epoch 10 step 30950 avg_loss=15.337
[1251.7s] epoch 10 step 31000 avg_loss=15.266
[1253.6s] epoch 10 step 31050 avg_loss=15.349
[1255.5s] epoch 10 step 31100 avg_loss=15.365
[1257.3s] epoch 10 step 31150 avg_loss=15.254
[1259.3s] epoch 10 step 31200 avg_loss=15.393
[1261.2s] epoch 10 step 31250 avg_loss=15.349
[1263.0s] epoch 10 step 31300 avg_loss=15.257
[1265.2s] epoch 10 step 31350 avg_loss=15.280
[1267.1s] epoch 10 step 31400 avg_loss=15.307
[1268.9s] epoch 10 step 31450 avg_loss=15.309
[1270.5s] epoch 10 step 31500 avg_loss=15.254
[1272.0s] epoch 10 step 31550 avg_loss=15.219
[1273.9s] epoch 10 step 31600 avg_loss=15.150
[1275.6s] epoch 10 step 31650 avg_loss=15.185
[1277.2s] epoch 10 step 31700 avg_loss=15.179
[1279.0s] epoch 10 step 31750 avg_loss=15.180
[1280.8s] epoch 10 step 31800 avg_loss=15.304
[1282.5s] epoch 10 step 31850 avg_loss=15.430
[1284.3s] epoch 10 step 31900 avg_loss=15.497
[1288.0s] eval step=1000 train_avg_loss=15.523 dev_rank1_f1=0.4475 dev_edge_p=0.4370 dev_edge_r=0.4585
[1288.9s] epoch 10 step 31950 avg_loss=15.518
[1290.6s] epoch 10 step 32000 avg_loss=15.503
[1292.5s] epoch 10 step 32050 avg_loss=15.497
[1294.3s] epoch 10 step 32100 avg_loss=15.475
[1296.2s] epoch 10 step 32150 avg_loss=15.538
[1297.9s] epoch 10 step 32200 avg_loss=15.539
[1299.7s] epoch 10 step 32250 avg_loss=15.541
[1301.5s] epoch 10 step 32300 avg_loss=15.527
[1303.6s] epoch 10 step 32350 avg_loss=15.551
[1305.3s] epoch 10 step 32400 avg_loss=15.469
[1307.1s] epoch 10 step 32450 avg_loss=15.465
[1308.9s] epoch 10 step 32500 avg_loss=15.426
[1310.8s] epoch 10 step 32550 avg_loss=15.386
[1312.7s] epoch 10 step 32600 avg_loss=15.320
[1314.6s] epoch 10 step 32650 avg_loss=15.334
[1316.5s] epoch 10 step 32700 avg_loss=15.322
[1318.5s] epoch 10 step 32750 avg_loss=15.396
[1320.1s] epoch 10 step 32800 avg_loss=15.345
[1322.1s] epoch 10 step 32850 avg_loss=15.442
[1324.2s] epoch 10 step 32900 avg_loss=15.463
[1326.0s] epoch 10 step 32950 avg_loss=15.478
[1327.9s] epoch 10 step 33000 avg_loss=15.491
[1327.9s] === epoch 10 done: avg_loss=15.491 (n=3000 derivations) ===
[1330.2s] epoch 11 step 33050 avg_loss=15.496
[1332.3s] epoch 11 step 33100 avg_loss=15.839
[1334.2s] epoch 11 step 33150 avg_loss=14.943
[1336.5s] epoch 11 step 33200 avg_loss=15.819
[1338.2s] epoch 11 step 33250 avg_loss=14.905
[1340.1s] epoch 11 step 33300 avg_loss=14.848
[1342.5s] epoch 11 step 33350 avg_loss=15.410
[1344.5s] epoch 11 step 33400 avg_loss=15.027
[1346.4s] epoch 11 step 33450 avg_loss=14.974
[1348.3s] epoch 11 step 33500 avg_loss=15.088
[1350.6s] epoch 11 step 33550 avg_loss=15.323
[1352.4s] epoch 11 step 33600 avg_loss=15.161
[1354.4s] epoch 11 step 33650 avg_loss=15.061
[1356.7s] epoch 11 step 33700 avg_loss=14.927
[1358.6s] epoch 11 step 33750 avg_loss=14.714
[1360.4s] epoch 11 step 33800 avg_loss=14.643
[1362.3s] epoch 11 step 33850 avg_loss=14.699
[1364.3s] epoch 11 step 33900 avg_loss=14.778
[1366.3s] epoch 11 step 33950 avg_loss=14.787
[1368.3s] epoch 11 step 34000 avg_loss=14.706
[1370.3s] epoch 11 step 34050 avg_loss=14.869
[1372.4s] epoch 11 step 34100 avg_loss=14.918
[1374.2s] epoch 11 step 34150 avg_loss=14.931
[1376.1s] epoch 11 step 34200 avg_loss=14.922
[1377.7s] epoch 11 step 34250 avg_loss=14.737
[1379.6s] epoch 11 step 34300 avg_loss=14.785
[1381.6s] epoch 11 step 34350 avg_loss=14.694
[1383.3s] epoch 11 step 34400 avg_loss=14.668
[1385.2s] epoch 11 step 34450 avg_loss=14.624
[1386.9s] epoch 11 step 34500 avg_loss=14.624
[1388.7s] epoch 11 step 34550 avg_loss=14.590
[1390.3s] epoch 11 step 34600 avg_loss=14.473
[1392.1s] epoch 11 step 34650 avg_loss=14.388
[1394.0s] epoch 11 step 34700 avg_loss=14.382
[1396.1s] epoch 11 step 34750 avg_loss=14.445
[1398.3s] epoch 11 step 34800 avg_loss=14.465
[1400.2s] epoch 11 step 34850 avg_loss=14.511
[1402.2s] epoch 11 step 34900 avg_loss=14.644
[1404.2s] epoch 11 step 34950 avg_loss=14.567
[1406.3s] epoch 11 step 35000 avg_loss=14.675
[1408.1s] epoch 11 step 35050 avg_loss=14.667
[1410.0s] epoch 11 step 35100 avg_loss=14.584
[1412.0s] epoch 11 step 35150 avg_loss=14.667
[1414.1s] epoch 11 step 35200 avg_loss=14.746
[1415.8s] epoch 11 step 35250 avg_loss=14.674
[1417.6s] epoch 11 step 35300 avg_loss=14.692
[1419.6s] epoch 11 step 35350 avg_loss=14.683
[1421.5s] epoch 11 step 35400 avg_loss=14.770
[1423.4s] epoch 11 step 35450 avg_loss=14.750
[1425.2s] epoch 11 step 35500 avg_loss=14.758
[1427.1s] epoch 11 step 35550 avg_loss=14.748
[1428.9s] epoch 11 step 35600 avg_loss=14.706
[1430.7s] epoch 11 step 35650 avg_loss=14.735
[1432.5s] epoch 11 step 35700 avg_loss=14.740
[1434.0s] epoch 11 step 35750 avg_loss=14.712
[1435.7s] epoch 11 step 35800 avg_loss=14.755
[1437.3s] epoch 11 step 35850 avg_loss=14.716
[1439.0s] epoch 11 step 35900 avg_loss=14.721
[1440.9s] epoch 11 step 35950 avg_loss=14.774
[1442.6s] epoch 11 step 36000 avg_loss=14.772
[1442.6s] === epoch 11 done: avg_loss=14.772 (n=3000 derivations) ===
[1444.3s] epoch 12 step 36050 avg_loss=14.120
[1446.0s] epoch 12 step 36100 avg_loss=13.224
[1447.8s] epoch 12 step 36150 avg_loss=13.821
[1449.3s] epoch 12 step 36200 avg_loss=12.937
[1451.1s] epoch 12 step 36250 avg_loss=13.676
[1452.8s] epoch 12 step 36300 avg_loss=13.578
[1454.6s] epoch 12 step 36350 avg_loss=13.618
[1456.6s] epoch 12 step 36400 avg_loss=13.753
[1458.7s] epoch 12 step 36450 avg_loss=14.036
[1460.5s] epoch 12 step 36500 avg_loss=14.030
[1462.5s] epoch 12 step 36550 avg_loss=14.189
[1464.2s] epoch 12 step 36600 avg_loss=14.138
[1465.9s] epoch 12 step 36650 avg_loss=13.966
[1467.7s] epoch 12 step 36700 avg_loss=13.702
[1469.4s] epoch 12 step 36750 avg_loss=13.832
[1471.1s] epoch 12 step 36800 avg_loss=13.796
[1472.8s] epoch 12 step 36850 avg_loss=14.011
[1474.5s] epoch 12 step 36900 avg_loss=13.946
[1476.2s] epoch 12 step 36950 avg_loss=14.221
[1477.9s] epoch 12 step 37000 avg_loss=14.129
[1479.4s] epoch 12 step 37050 avg_loss=13.941
[1481.2s] epoch 12 step 37100 avg_loss=13.924
[1483.1s] epoch 12 step 37150 avg_loss=13.963
[1485.2s] epoch 12 step 37200 avg_loss=14.047
[1487.0s] epoch 12 step 37250 avg_loss=14.137
[1488.8s] epoch 12 step 37300 avg_loss=14.243
[1490.6s] epoch 12 step 37350 avg_loss=14.170
[1492.8s] epoch 12 step 37400 avg_loss=14.218
[1494.5s] epoch 12 step 37450 avg_loss=14.295
[1496.7s] epoch 12 step 37500 avg_loss=14.256
[1498.6s] epoch 12 step 37550 avg_loss=14.187
[1500.3s] epoch 12 step 37600 avg_loss=14.098
[1501.9s] epoch 12 step 37650 avg_loss=13.975
[1504.0s] epoch 12 step 37700 avg_loss=14.003
[1505.7s] epoch 12 step 37750 avg_loss=14.060
[1507.6s] epoch 12 step 37800 avg_loss=14.051
[1509.6s] epoch 12 step 37850 avg_loss=14.150
[1511.5s] epoch 12 step 37900 avg_loss=14.152
[1513.6s] epoch 12 step 37950 avg_loss=14.191
[1515.4s] epoch 12 step 38000 avg_loss=14.237
[1517.3s] epoch 12 step 38050 avg_loss=14.179
[1519.3s] epoch 12 step 38100 avg_loss=14.195
[1520.9s] epoch 12 step 38150 avg_loss=14.032
[1522.9s] epoch 12 step 38200 avg_loss=14.080
[1525.0s] epoch 12 step 38250 avg_loss=14.168
[1527.0s] epoch 12 step 38300 avg_loss=14.145
[1529.0s] epoch 12 step 38350 avg_loss=14.172
[1530.6s] epoch 12 step 38400 avg_loss=14.076
[1532.6s] epoch 12 step 38450 avg_loss=14.055
[1534.6s] epoch 12 step 38500 avg_loss=14.047
[1536.7s] epoch 12 step 38550 avg_loss=14.059
[1538.7s] epoch 12 step 38600 avg_loss=14.103
[1540.6s] epoch 12 step 38650 avg_loss=14.103
[1542.3s] epoch 12 step 38700 avg_loss=14.058
[1544.5s] epoch 12 step 38750 avg_loss=14.038
[1546.7s] epoch 12 step 38800 avg_loss=14.094
[1548.7s] epoch 12 step 38850 avg_loss=14.074
[1550.9s] epoch 12 step 38900 avg_loss=14.123
[1552.8s] epoch 12 step 38950 avg_loss=14.084
[1554.8s] epoch 12 step 39000 avg_loss=14.096
[1554.8s] === epoch 12 done: avg_loss=14.096 (n=3000 derivations) ===
[1556.5s] epoch 13 step 39050 avg_loss=12.289
[1558.2s] epoch 13 step 39100 avg_loss=9.658
[1560.3s] epoch 13 step 39150 avg_loss=11.341
[1562.4s] epoch 13 step 39200 avg_loss=12.063
[1564.6s] epoch 13 step 39250 avg_loss=12.709
[1566.7s] epoch 13 step 39300 avg_loss=12.939
[1568.6s] epoch 13 step 39350 avg_loss=12.928
[1570.3s] epoch 13 step 39400 avg_loss=12.974
[1571.9s] epoch 13 step 39450 avg_loss=12.798
[1574.1s] epoch 13 step 39500 avg_loss=13.195
[1576.0s] epoch 13 step 39550 avg_loss=13.234
[1578.3s] epoch 13 step 39600 avg_loss=13.356
[1580.3s] epoch 13 step 39650 avg_loss=13.581
[1582.3s] epoch 13 step 39700 avg_loss=13.524
[1584.3s] epoch 13 step 39750 avg_loss=13.505
[1585.9s] epoch 13 step 39800 avg_loss=13.349
[1587.8s] epoch 13 step 39850 avg_loss=13.275
[1598.5s] eval step=1250 train_avg_loss=13.265 dev_rank1_f1=0.4394 dev_edge_p=0.4336 dev_edge_r=0.4453
[1598.7s] epoch 13 step 39900 avg_loss=13.247
[1600.5s] epoch 13 step 39950 avg_loss=13.239
[1602.4s] epoch 13 step 40000 avg_loss=13.203
[1604.6s] epoch 13 step 40050 avg_loss=13.336
[1606.6s] epoch 13 step 40100 avg_loss=13.364
[1608.7s] epoch 13 step 40150 avg_loss=13.370
[1610.7s] epoch 13 step 40200 avg_loss=13.569
[1612.7s] epoch 13 step 40250 avg_loss=13.690
[1614.4s] epoch 13 step 40300 avg_loss=13.605
[1616.6s] epoch 13 step 40350 avg_loss=13.620
[1618.4s] epoch 13 step 40400 avg_loss=13.535
[1620.5s] epoch 13 step 40450 avg_loss=13.657
[1622.4s] epoch 13 step 40500 avg_loss=13.643
[1624.3s] epoch 13 step 40550 avg_loss=13.616
[1626.0s] epoch 13 step 40600 avg_loss=13.618
[1628.3s] epoch 13 step 40650 avg_loss=13.767
[1630.4s] epoch 13 step 40700 avg_loss=13.826
[1632.0s] epoch 13 step 40750 avg_loss=13.716
[1634.0s] epoch 13 step 40800 avg_loss=13.683
[1635.9s] epoch 13 step 40850 avg_loss=13.777
[1637.6s] epoch 13 step 40900 avg_loss=13.757
[1639.5s] epoch 13 step 40950 avg_loss=13.743
[1641.3s] epoch 13 step 41000 avg_loss=13.707
[1643.2s] epoch 13 step 41050 avg_loss=13.705
[1644.9s] epoch 13 step 41100 avg_loss=13.776
[1646.7s] epoch 13 step 41150 avg_loss=13.757
[1648.5s] epoch 13 step 41200 avg_loss=13.611
[1650.2s] epoch 13 step 41250 avg_loss=13.610
[1652.2s] epoch 13 step 41300 avg_loss=13.594
[1654.0s] epoch 13 step 41350 avg_loss=13.569
[1655.8s] epoch 13 step 41400 avg_loss=13.611
[1657.5s] epoch 13 step 41450 avg_loss=13.558
[1659.3s] epoch 13 step 41500 avg_loss=13.505
[1661.5s] epoch 13 step 41550 avg_loss=13.563
[1663.5s] epoch 13 step 41600 avg_loss=13.550
[1665.6s] epoch 13 step 41650 avg_loss=13.565
[1667.4s] epoch 13 step 41700 avg_loss=13.520
[1669.4s] epoch 13 step 41750 avg_loss=13.454
[1671.4s] epoch 13 step 41800 avg_loss=13.499
[1673.2s] epoch 13 step 41850 avg_loss=13.485
[1675.2s] epoch 13 step 41900 avg_loss=13.526
[1676.9s] epoch 13 step 41950 avg_loss=13.463
[1678.8s] epoch 13 step 42000 avg_loss=13.431
[1678.8s] === epoch 13 done: avg_loss=13.431 (n=3000 derivations) ===
[1680.6s] epoch 14 step 42050 avg_loss=12.128
[1682.6s] epoch 14 step 42100 avg_loss=12.201
[1684.6s] epoch 14 step 42150 avg_loss=12.509
[1686.3s] epoch 14 step 42200 avg_loss=12.506
[1688.5s] epoch 14 step 42250 avg_loss=13.285
[1690.4s] epoch 14 step 42300 avg_loss=13.198
[1692.3s] epoch 14 step 42350 avg_loss=13.287
[1694.1s] epoch 14 step 42400 avg_loss=13.041
[1696.4s] epoch 14 step 42450 avg_loss=13.466
[1698.4s] epoch 14 step 42500 avg_loss=13.558
[1700.5s] epoch 14 step 42550 avg_loss=13.514
[1702.6s] epoch 14 step 42600 avg_loss=13.663
[1704.9s] epoch 14 step 42650 avg_loss=13.812
[1706.9s] epoch 14 step 42700 avg_loss=13.888
[1708.9s] epoch 14 step 42750 avg_loss=13.892
[1710.7s] epoch 14 step 42800 avg_loss=13.802
[1712.3s] epoch 14 step 42850 avg_loss=13.653
[1714.1s] epoch 14 step 42900 avg_loss=13.592
[1715.8s] epoch 14 step 42950 avg_loss=13.404
[1717.6s] epoch 14 step 43000 avg_loss=13.345
[1719.7s] epoch 14 step 43050 avg_loss=13.358
[1722.0s] epoch 14 step 43100 avg_loss=13.409
[1724.3s] epoch 14 step 43150 avg_loss=13.510
[1726.4s] epoch 14 step 43200 avg_loss=13.511
[1728.5s] epoch 14 step 43250 avg_loss=13.544
[1730.5s] epoch 14 step 43300 avg_loss=13.454
[1732.5s] epoch 14 step 43350 avg_loss=13.433
[1734.4s] epoch 14 step 43400 avg_loss=13.485
[1736.2s] epoch 14 step 43450 avg_loss=13.439
[1737.8s] epoch 14 step 43500 avg_loss=13.276
[1739.3s] epoch 14 step 43550 avg_loss=13.177
[1741.2s] epoch 14 step 43600 avg_loss=13.310
[1743.0s] epoch 14 step 43650 avg_loss=13.350
[1744.7s] epoch 14 step 43700 avg_loss=13.362
[1746.3s] epoch 14 step 43750 avg_loss=13.315
[1748.2s] epoch 14 step 43800 avg_loss=13.332
[1749.8s] epoch 14 step 43850 avg_loss=13.239
[1751.7s] epoch 14 step 43900 avg_loss=13.273
[1753.6s] epoch 14 step 43950 avg_loss=13.318
[1755.1s] epoch 14 step 44000 avg_loss=13.250
[1756.9s] epoch 14 step 44050 avg_loss=13.239
[1758.7s] epoch 14 step 44100 avg_loss=13.238
[1760.4s] epoch 14 step 44150 avg_loss=13.216
[1762.2s] epoch 14 step 44200 avg_loss=13.188
[1764.0s] epoch 14 step 44250 avg_loss=13.179
[1765.8s] epoch 14 step 44300 avg_loss=13.226
[1767.3s] epoch 14 step 44350 avg_loss=13.132
[1768.9s] epoch 14 step 44400 avg_loss=13.085
[1770.6s] epoch 14 step 44450 avg_loss=13.094
[1772.4s] epoch 14 step 44500 avg_loss=13.000
[1774.3s] epoch 14 step 44550 avg_loss=12.976
[1776.2s] epoch 14 step 44600 avg_loss=12.924
[1778.0s] epoch 14 step 44650 avg_loss=12.913
[1779.9s] epoch 14 step 44700 avg_loss=12.911
[1781.8s] epoch 14 step 44750 avg_loss=12.910
[1783.7s] epoch 14 step 44800 avg_loss=12.962
[1785.4s] epoch 14 step 44850 avg_loss=12.934
[1787.0s] epoch 14 step 44900 avg_loss=12.922
[1788.7s] epoch 14 step 44950 avg_loss=12.873
[1790.5s] epoch 14 step 45000 avg_loss=12.797
[1790.5s] === epoch 14 done: avg_loss=12.797 (n=3000 derivations) ===
[1792.5s] epoch 15 step 45050 avg_loss=14.256
[1794.2s] epoch 15 step 45100 avg_loss=12.783
[1796.1s] epoch 15 step 45150 avg_loss=13.392
[1797.7s] epoch 15 step 45200 avg_loss=12.432
[1799.4s] epoch 15 step 45250 avg_loss=11.948
[1801.1s] epoch 15 step 45300 avg_loss=12.067
[1802.9s] epoch 15 step 45350 avg_loss=12.266
[1804.6s] epoch 15 step 45400 avg_loss=12.448
[1806.3s] epoch 15 step 45450 avg_loss=12.192
[1808.0s] epoch 15 step 45500 avg_loss=12.286
[1809.7s] epoch 15 step 45550 avg_loss=12.009
[1811.5s] epoch 15 step 45600 avg_loss=12.231
[1813.2s] epoch 15 step 45650 avg_loss=12.071
[1814.7s] epoch 15 step 45700 avg_loss=12.041
[1816.6s] epoch 15 step 45750 avg_loss=12.284
[1818.3s] epoch 15 step 45800 avg_loss=12.285
[1820.2s] epoch 15 step 45850 avg_loss=12.521
[1822.1s] epoch 15 step 45900 avg_loss=12.598
[1823.7s] epoch 15 step 45950 avg_loss=12.482
[1825.7s] epoch 15 step 46000 avg_loss=12.564
[1827.3s] epoch 15 step 46050 avg_loss=12.453
[1829.1s] epoch 15 step 46100 avg_loss=12.438
[1830.9s] epoch 15 step 46150 avg_loss=12.359
[1832.7s] epoch 15 step 46200 avg_loss=12.476
[1834.6s] epoch 15 step 46250 avg_loss=12.490
[1836.3s] epoch 15 step 46300 avg_loss=12.505
[1837.9s] epoch 15 step 46350 avg_loss=12.522
[1839.7s] epoch 15 step 46400 avg_loss=12.517
[1841.3s] epoch 15 step 46450 avg_loss=12.386
[1843.2s] epoch 15 step 46500 avg_loss=12.389
[1844.8s] epoch 15 step 46550 avg_loss=12.431
[1846.6s] epoch 15 step 46600 avg_loss=12.379
[1848.5s] epoch 15 step 46650 avg_loss=12.318
[1850.3s] epoch 15 step 46700 avg_loss=12.356
[1852.2s] epoch 15 step 46750 avg_loss=12.353
[1853.8s] epoch 15 step 46800 avg_loss=12.300
[1855.3s] epoch 15 step 46850 avg_loss=12.214
[1857.1s] epoch 15 step 46900 avg_loss=12.219
[1859.0s] epoch 15 step 46950 avg_loss=12.319
[1860.6s] epoch 15 step 47000 avg_loss=12.248
[1862.6s] epoch 15 step 47050 avg_loss=12.278
[1864.4s] epoch 15 step 47100 avg_loss=12.268
[1866.1s] epoch 15 step 47150 avg_loss=12.226
[1867.8s] epoch 15 step 47200 avg_loss=12.174
[1869.6s] epoch 15 step 47250 avg_loss=12.175
[1871.5s] epoch 15 step 47300 avg_loss=12.160
[1873.5s] epoch 15 step 47350 avg_loss=12.248
[1875.1s] epoch 15 step 47400 avg_loss=12.242
[1876.8s] epoch 15 step 47450 avg_loss=12.221
[1878.7s] epoch 15 step 47500 avg_loss=12.241
[1880.5s] epoch 15 step 47550 avg_loss=12.186
[1882.6s] epoch 15 step 47600 avg_loss=12.318
[1884.2s] epoch 15 step 47650 avg_loss=12.237
[1886.1s] epoch 15 step 47700 avg_loss=12.265
[1888.1s] epoch 15 step 47750 avg_loss=12.262
[1889.7s] epoch 15 step 47800 avg_loss=12.215
[1891.0s] epoch 15 step 47850 avg_loss=12.177
[1897.9s] eval step=1500 train_avg_loss=12.187 dev_rank1_f1=0.4758 dev_edge_p=0.4861 dev_edge_r=0.4659
[1898.6s] epoch 15 step 47900 avg_loss=12.223
[1900.2s] epoch 15 step 47950 avg_loss=12.186
[1902.2s] epoch 15 step 48000 avg_loss=12.191
[1902.2s] === epoch 15 done: avg_loss=12.191 (n=3000 derivations) ===
[1904.4s] epoch 16 step 48050 avg_loss=10.085
[1906.4s] epoch 16 step 48100 avg_loss=11.942
[1908.3s] epoch 16 step 48150 avg_loss=11.238
[1910.0s] epoch 16 step 48200 avg_loss=10.466
[1912.5s] epoch 16 step 48250 avg_loss=11.802
[1914.4s] epoch 16 step 48300 avg_loss=11.975
[1915.9s] epoch 16 step 48350 avg_loss=11.358
[1918.0s] epoch 16 step 48400 avg_loss=11.533
[1920.1s] epoch 16 step 48450 avg_loss=11.450
[1921.8s] epoch 16 step 48500 avg_loss=11.307
[1923.9s] epoch 16 step 48550 avg_loss=11.280
[1925.9s] epoch 16 step 48600 avg_loss=11.471
[1927.8s] epoch 16 step 48650 avg_loss=11.480
[1929.7s] epoch 16 step 48700 avg_loss=11.441
[1931.4s] epoch 16 step 48750 avg_loss=11.353
[1933.4s] epoch 16 step 48800 avg_loss=11.519
[1935.5s] epoch 16 step 48850 avg_loss=11.689
[1937.6s] epoch 16 step 48900 avg_loss=11.812
[1939.4s] epoch 16 step 48950 avg_loss=11.848
[1941.4s] epoch 16 step 49000 avg_loss=11.886
[1943.6s] epoch 16 step 49050 avg_loss=11.834
[1945.6s] epoch 16 step 49100 avg_loss=11.857
[1947.7s] epoch 16 step 49150 avg_loss=11.883
[1949.6s] epoch 16 step 49200 avg_loss=11.905
[1951.3s] epoch 16 step 49250 avg_loss=11.790
[1953.7s] epoch 16 step 49300 avg_loss=11.838
[1955.5s] epoch 16 step 49350 avg_loss=11.853
[1957.6s] epoch 16 step 49400 avg_loss=11.848
[1959.5s] epoch 16 step 49450 avg_loss=11.789
[1961.3s] epoch 16 step 49500 avg_loss=11.748
[1963.4s] epoch 16 step 49550 avg_loss=11.726
[1965.3s] epoch 16 step 49600 avg_loss=11.712
[1967.5s] epoch 16 step 49650 avg_loss=11.781
[1969.5s] epoch 16 step 49700 avg_loss=11.809
[1971.3s] epoch 16 step 49750 avg_loss=11.738
[1973.3s] epoch 16 step 49800 avg_loss=11.696
[1975.3s] epoch 16 step 49850 avg_loss=11.716
[1977.1s] epoch 16 step 49900 avg_loss=11.666
[1978.9s] epoch 16 step 49950 avg_loss=11.653
[1980.8s] epoch 16 step 50000 avg_loss=11.758
[1982.8s] epoch 16 step 50050 avg_loss=11.764
[1984.7s] epoch 16 step 50100 avg_loss=11.671
[1986.4s] epoch 16 step 50150 avg_loss=11.617
[1988.4s] epoch 16 step 50200 avg_loss=11.642
[1990.2s] epoch 16 step 50250 avg_loss=11.568
[1991.7s] epoch 16 step 50300 avg_loss=11.536
[1993.8s] epoch 16 step 50350 avg_loss=11.527
[1995.8s] epoch 16 step 50400 avg_loss=11.548
[1997.6s] epoch 16 step 50450 avg_loss=11.498
[1999.4s] epoch 16 step 50500 avg_loss=11.492
[2001.5s] epoch 16 step 50550 avg_loss=11.477
[2004.1s] epoch 16 step 50600 avg_loss=11.569
[2006.0s] epoch 16 step 50650 avg_loss=11.516
[2007.9s] epoch 16 step 50700 avg_loss=11.518
[2010.1s] epoch 16 step 50750 avg_loss=11.545
[2012.2s] epoch 16 step 50800 avg_loss=11.569
[2014.4s] epoch 16 step 50850 avg_loss=11.624
[2016.4s] epoch 16 step 50900 avg_loss=11.581
[2018.4s] epoch 16 step 50950 avg_loss=11.611
[2020.3s] epoch 16 step 51000 avg_loss=11.624
[2020.3s] === epoch 16 done: avg_loss=11.624 (n=3000 derivations) ===
[2022.2s] epoch 17 step 51050 avg_loss=8.363
[2024.1s] epoch 17 step 51100 avg_loss=8.832
[2026.2s] epoch 17 step 51150 avg_loss=9.322
[2028.3s] epoch 17 step 51200 avg_loss=10.675
[2030.2s] epoch 17 step 51250 avg_loss=11.072
[2032.1s] epoch 17 step 51300 avg_loss=10.963
[2033.9s] epoch 17 step 51350 avg_loss=10.780
[2035.9s] epoch 17 step 51400 avg_loss=11.126
[2038.1s] epoch 17 step 51450 avg_loss=11.289
[2040.1s] epoch 17 step 51500 avg_loss=11.233
[2042.5s] epoch 17 step 51550 avg_loss=11.557
[2044.6s] epoch 17 step 51600 avg_loss=11.417
[2046.4s] epoch 17 step 51650 avg_loss=11.455
[2048.4s] epoch 17 step 51700 avg_loss=11.479
[2050.1s] epoch 17 step 51750 avg_loss=11.584
[2052.1s] epoch 17 step 51800 avg_loss=11.497
[2054.0s] epoch 17 step 51850 avg_loss=11.537
[2055.9s] epoch 17 step 51900 avg_loss=11.569
[2058.0s] epoch 17 step 51950 avg_loss=11.555
[2059.9s] epoch 17 step 52000 avg_loss=11.586
[2061.9s] epoch 17 step 52050 avg_loss=11.535
[2063.9s] epoch 17 step 52100 avg_loss=11.421
[2065.9s] epoch 17 step 52150 avg_loss=11.562
[2067.7s] epoch 17 step 52200 avg_loss=11.578
[2069.5s] epoch 17 step 52250 avg_loss=11.493
[2071.4s] epoch 17 step 52300 avg_loss=11.399
[2073.1s] epoch 17 step 52350 avg_loss=11.259
[2075.1s] epoch 17 step 52400 avg_loss=11.281
[2077.2s] epoch 17 step 52450 avg_loss=11.273
[2079.1s] epoch 17 step 52500 avg_loss=11.330
[2081.2s] epoch 17 step 52550 avg_loss=11.353
[2082.9s] epoch 17 step 52600 avg_loss=11.311
[2084.7s] epoch 17 step 52650 avg_loss=11.227
[2086.8s] epoch 17 step 52700 avg_loss=11.230
[2088.6s] epoch 17 step 52750 avg_loss=11.160
[2090.4s] epoch 17 step 52800 avg_loss=11.169
[2092.3s] epoch 17 step 52850 avg_loss=11.142
[2094.1s] epoch 17 step 52900 avg_loss=11.074
[2096.2s] epoch 17 step 52950 avg_loss=11.064
[2097.9s] epoch 17 step 53000 avg_loss=10.975
[2099.9s] epoch 17 step 53050 avg_loss=11.040
[2102.0s] epoch 17 step 53100 avg_loss=11.086
[2103.9s] epoch 17 step 53150 avg_loss=11.088
[2105.7s] epoch 17 step 53200 avg_loss=11.046
[2107.7s] epoch 17 step 53250 avg_loss=10.975
[2109.8s] epoch 17 step 53300 avg_loss=11.117
[2111.7s] epoch 17 step 53350 avg_loss=11.100
[2113.6s] epoch 17 step 53400 avg_loss=11.109
[2115.6s] epoch 17 step 53450 avg_loss=11.096
[2117.5s] epoch 17 step 53500 avg_loss=11.093
[2119.2s] epoch 17 step 53550 avg_loss=11.086
[2121.1s] epoch 17 step 53600 avg_loss=11.048
[2122.9s] epoch 17 step 53650 avg_loss=11.013
[2125.2s] epoch 17 step 53700 avg_loss=11.050
[2127.1s] epoch 17 step 53750 avg_loss=11.040
[2129.2s] epoch 17 step 53800 avg_loss=11.021
[2131.2s] epoch 17 step 53850 avg_loss=10.997
[2133.4s] epoch 17 step 53900 avg_loss=11.029
[2135.2s] epoch 17 step 53950 avg_loss=11.023
[2137.1s] epoch 17 step 54000 avg_loss=11.040
[2137.1s] === epoch 17 done: avg_loss=11.040 (n=3000 derivations) ===
[2138.8s] epoch 18 step 54050 avg_loss=9.615
[2141.1s] epoch 18 step 54100 avg_loss=10.388
[2143.0s] epoch 18 step 54150 avg_loss=10.961
[2144.5s] epoch 18 step 54200 avg_loss=9.927
[2146.3s] epoch 18 step 54250 avg_loss=9.814
[2148.2s] epoch 18 step 54300 avg_loss=10.052
[2150.0s] epoch 18 step 54350 avg_loss=10.010
[2151.6s] epoch 18 step 54400 avg_loss=9.964
[2153.3s] epoch 18 step 54450 avg_loss=9.921
[2155.2s] epoch 18 step 54500 avg_loss=9.673
[2157.3s] epoch 18 step 54550 avg_loss=10.025
[2158.9s] epoch 18 step 54600 avg_loss=9.959
[2160.7s] epoch 18 step 54650 avg_loss=9.960
[2162.9s] epoch 18 step 54700 avg_loss=10.002
[2164.9s] epoch 18 step 54750 avg_loss=10.154
[2166.6s] epoch 18 step 54800 avg_loss=10.103
[2168.3s] epoch 18 step 54850 avg_loss=10.025
[2170.4s] epoch 18 step 54900 avg_loss=10.199
[2172.6s] epoch 18 step 54950 avg_loss=10.152
[2174.6s] epoch 18 step 55000 avg_loss=10.162
[2176.5s] epoch 18 step 55050 avg_loss=10.244
[2178.3s] epoch 18 step 55100 avg_loss=10.284
[2180.1s] epoch 18 step 55150 avg_loss=10.287
[2182.1s] epoch 18 step 55200 avg_loss=10.239
[2184.0s] epoch 18 step 55250 avg_loss=10.242
[2186.2s] epoch 18 step 55300 avg_loss=10.211
[2188.4s] epoch 18 step 55350 avg_loss=10.174
[2190.2s] epoch 18 step 55400 avg_loss=10.111
[2192.1s] epoch 18 step 55450 avg_loss=10.015
[2194.3s] epoch 18 step 55500 avg_loss=10.060
[2196.3s] epoch 18 step 55550 avg_loss=10.054
[2198.2s] epoch 18 step 55600 avg_loss=10.162
[2200.0s] epoch 18 step 55650 avg_loss=10.249
[2201.8s] epoch 18 step 55700 avg_loss=10.205
[2203.7s] epoch 18 step 55750 avg_loss=10.228
[2205.6s] epoch 18 step 55800 avg_loss=10.266
[2207.1s] epoch 18 step 55850 avg_loss=10.188
[2213.6s] eval step=1750 train_avg_loss=10.168 dev_rank1_f1=0.4895 dev_edge_p=0.4900 dev_edge_r=0.4889
[2215.5s] epoch 18 step 55900 avg_loss=10.226
[2217.5s] epoch 18 step 55950 avg_loss=10.250
[2219.4s] epoch 18 step 56000 avg_loss=10.240
[2221.5s] epoch 18 step 56050 avg_loss=10.216
[2223.8s] epoch 18 step 56100 avg_loss=10.285
[2226.1s] epoch 18 step 56150 avg_loss=10.313
[2228.1s] epoch 18 step 56200 avg_loss=10.305
[2229.7s] epoch 18 step 56250 avg_loss=10.236
[2231.5s] epoch 18 step 56300 avg_loss=10.210
[2233.5s] epoch 18 step 56350 avg_loss=10.249
[2235.5s] epoch 18 step 56400 avg_loss=10.249
[2237.5s] epoch 18 step 56450 avg_loss=10.226
[2239.4s] epoch 18 step 56500 avg_loss=10.244
[2241.4s] epoch 18 step 56550 avg_loss=10.284
[2243.4s] epoch 18 step 56600 avg_loss=10.316
[2245.4s] epoch 18 step 56650 avg_loss=10.370
[2247.3s] epoch 18 step 56700 avg_loss=10.397
[2249.3s] epoch 18 step 56750 avg_loss=10.393
[2251.0s] epoch 18 step 56800 avg_loss=10.380
[2253.0s] epoch 18 step 56850 avg_loss=10.380
[2254.9s] epoch 18 step 56900 avg_loss=10.436
[2256.8s] epoch 18 step 56950 avg_loss=10.425
[2258.6s] epoch 18 step 57000 avg_loss=10.448
[2258.6s] === epoch 18 done: avg_loss=10.448 (n=3000 derivations) ===
[2260.4s] epoch 19 step 57050 avg_loss=9.138
[2262.3s] epoch 19 step 57100 avg_loss=9.717
[2264.2s] epoch 19 step 57150 avg_loss=9.903
[2266.1s] epoch 19 step 57200 avg_loss=9.345
[2267.7s] epoch 19 step 57250 avg_loss=9.370
[2269.5s] epoch 19 step 57300 avg_loss=9.171
[2271.3s] epoch 19 step 57350 avg_loss=8.866
[2273.0s] epoch 19 step 57400 avg_loss=8.837
[2274.9s] epoch 19 step 57450 avg_loss=9.327
[2276.8s] epoch 19 step 57500 avg_loss=9.542
[2278.6s] epoch 19 step 57550 avg_loss=9.472
[2280.3s] epoch 19 step 57600 avg_loss=9.529
[2281.9s] epoch 19 step 57650 avg_loss=9.308
[2283.8s] epoch 19 step 57700 avg_loss=9.470
[2285.5s] epoch 19 step 57750 avg_loss=9.402
[2287.3s] epoch 19 step 57800 avg_loss=9.380
[2288.9s] epoch 19 step 57850 avg_loss=9.235
[2290.8s] epoch 19 step 57900 avg_loss=9.196
[2292.4s] epoch 19 step 57950 avg_loss=9.150
[2294.2s] epoch 19 step 58000 avg_loss=9.176
[2296.1s] epoch 19 step 58050 avg_loss=9.322
[2298.0s] epoch 19 step 58100 avg_loss=9.390
[2299.7s] epoch 19 step 58150 avg_loss=9.475
[2301.6s] epoch 19 step 58200 avg_loss=9.476
[2303.5s] epoch 19 step 58250 avg_loss=9.517
[2305.2s] epoch 19 step 58300 avg_loss=9.510
[2307.1s] epoch 19 step 58350 avg_loss=9.505
[2308.9s] epoch 19 step 58400 avg_loss=9.499
[2311.1s] epoch 19 step 58450 avg_loss=9.642
[2313.0s] epoch 19 step 58500 avg_loss=9.661
[2314.8s] epoch 19 step 58550 avg_loss=9.610
[2316.9s] epoch 19 step 58600 avg_loss=9.624
[2318.6s] epoch 19 step 58650 avg_loss=9.633
[2320.5s] epoch 19 step 58700 avg_loss=9.634
[2322.2s] epoch 19 step 58750 avg_loss=9.536
[2324.0s] epoch 19 step 58800 avg_loss=9.593
[2325.8s] epoch 19 step 58850 avg_loss=9.572
[2327.7s] epoch 19 step 58900 avg_loss=9.591
[2329.6s] epoch 19 step 58950 avg_loss=9.595
[2331.4s] epoch 19 step 59000 avg_loss=9.619
[2333.8s] epoch 19 step 59050 avg_loss=9.743
[2335.7s] epoch 19 step 59100 avg_loss=9.759
[2337.8s] epoch 19 step 59150 avg_loss=9.780
[2339.5s] epoch 19 step 59200 avg_loss=9.743
[2341.4s] epoch 19 step 59250 avg_loss=9.756
[2343.2s] epoch 19 step 59300 avg_loss=9.824
[2345.0s] epoch 19 step 59350 avg_loss=9.818
[2346.8s] epoch 19 step 59400 avg_loss=9.767
[2348.7s] epoch 19 step 59450 avg_loss=9.803
[2350.9s] epoch 19 step 59500 avg_loss=9.752
[2352.7s] epoch 19 step 59550 avg_loss=9.749
[2354.6s] epoch 19 step 59600 avg_loss=9.717
[2356.5s] epoch 19 step 59650 avg_loss=9.671
[2358.5s] epoch 19 step 59700 avg_loss=9.661
[2360.7s] epoch 19 step 59750 avg_loss=9.718
[2362.7s] epoch 19 step 59800 avg_loss=9.762
[2364.8s] epoch 19 step 59850 avg_loss=9.815
[2366.6s] epoch 19 step 59900 avg_loss=9.874
[2368.8s] epoch 19 step 59950 avg_loss=9.888
[2370.8s] epoch 19 step 60000 avg_loss=9.948
[2370.8s] === epoch 19 done: avg_loss=9.948 (n=3000 derivations) ===
[2372.6s] epoch 20 step 60050 avg_loss=11.211
[2374.3s] epoch 20 step 60100 avg_loss=9.585
[2376.1s] epoch 20 step 60150 avg_loss=9.438
[2377.9s] epoch 20 step 60200 avg_loss=9.249
[2379.9s] epoch 20 step 60250 avg_loss=9.276
[2381.8s] epoch 20 step 60300 avg_loss=8.999
[2383.8s] epoch 20 step 60350 avg_loss=9.207
[2385.9s] epoch 20 step 60400 avg_loss=9.301
[2387.8s] epoch 20 step 60450 avg_loss=9.132
[2389.6s] epoch 20 step 60500 avg_loss=9.243
[2391.4s] epoch 20 step 60550 avg_loss=9.111
[2393.2s] epoch 20 step 60600 avg_loss=9.215
[2394.7s] epoch 20 step 60650 avg_loss=8.909
[2396.9s] epoch 20 step 60700 avg_loss=9.067
[2398.8s] epoch 20 step 60750 avg_loss=8.928
[2401.0s] epoch 20 step 60800 avg_loss=8.951
[2403.0s] epoch 20 step 60850 avg_loss=9.054
[2405.2s] epoch 20 step 60900 avg_loss=9.206
[2407.1s] epoch 20 step 60950 avg_loss=9.383
[2409.0s] epoch 20 step 61000 avg_loss=9.455
[2410.8s] epoch 20 step 61050 avg_loss=9.428
[2413.0s] epoch 20 step 61100 avg_loss=9.404
[2415.1s] epoch 20 step 61150 avg_loss=9.460
[2417.1s] epoch 20 step 61200 avg_loss=9.372
[2419.4s] epoch 20 step 61250 avg_loss=9.481
[2421.4s] epoch 20 step 61300 avg_loss=9.495
[2423.3s] epoch 20 step 61350 avg_loss=9.474
[2425.2s] epoch 20 step 61400 avg_loss=9.434
[2426.8s] epoch 20 step 61450 avg_loss=9.355
[2428.7s] epoch 20 step 61500 avg_loss=9.287
[2430.4s] epoch 20 step 61550 avg_loss=9.220
[2432.5s] epoch 20 step 61600 avg_loss=9.246
[2434.2s] epoch 20 step 61650 avg_loss=9.269
[2436.2s] epoch 20 step 61700 avg_loss=9.275
[2437.9s] epoch 20 step 61750 avg_loss=9.266
[2439.6s] epoch 20 step 61800 avg_loss=9.246
[2441.6s] epoch 20 step 61850 avg_loss=9.253
[2443.5s] epoch 20 step 61900 avg_loss=9.262
[2445.5s] epoch 20 step 61950 avg_loss=9.241
[2447.1s] epoch 20 step 62000 avg_loss=9.176
[2448.8s] epoch 20 step 62050 avg_loss=9.136
[2450.8s] epoch 20 step 62100 avg_loss=9.120
[2452.6s] epoch 20 step 62150 avg_loss=9.155
[2454.5s] epoch 20 step 62200 avg_loss=9.217
[2456.2s] epoch 20 step 62250 avg_loss=9.187
[2458.3s] epoch 20 step 62300 avg_loss=9.206
[2460.3s] epoch 20 step 62350 avg_loss=9.193
[2462.6s] epoch 20 step 62400 avg_loss=9.271
[2464.5s] epoch 20 step 62450 avg_loss=9.273
[2466.5s] epoch 20 step 62500 avg_loss=9.268
[2468.6s] epoch 20 step 62550 avg_loss=9.262
[2470.8s] epoch 20 step 62600 avg_loss=9.397
[2472.5s] epoch 20 step 62650 avg_loss=9.380
[2474.6s] epoch 20 step 62700 avg_loss=9.389
[2476.5s] epoch 20 step 62750 avg_loss=9.391
[2478.6s] epoch 20 step 62800 avg_loss=9.423
[2480.7s] epoch 20 step 62850 avg_loss=9.405
[2482.8s] epoch 20 step 62900 avg_loss=9.454
[2484.7s] epoch 20 step 62950 avg_loss=9.453
[2486.7s] epoch 20 step 63000 avg_loss=9.439
[2486.7s] === epoch 20 done: avg_loss=9.439 (n=3000 derivations) ===
[2489.0s] epoch 21 step 63050 avg_loss=10.320
[2491.2s] epoch 21 step 63100 avg_loss=8.488
[2493.2s] epoch 21 step 63150 avg_loss=8.629
[2495.2s] epoch 21 step 63200 avg_loss=8.423
[2496.8s] epoch 21 step 63250 avg_loss=8.302
[2498.6s] epoch 21 step 63300 avg_loss=7.996
[2500.5s] epoch 21 step 63350 avg_loss=8.680
[2502.5s] epoch 21 step 63400 avg_loss=9.067
[2504.6s] epoch 21 step 63450 avg_loss=9.045
[2506.6s] epoch 21 step 63500 avg_loss=9.259
[2508.5s] epoch 21 step 63550 avg_loss=9.208
[2510.2s] epoch 21 step 63600 avg_loss=9.214
[2512.3s] epoch 21 step 63650 avg_loss=9.330
[2514.4s] epoch 21 step 63700 avg_loss=9.627
[2516.5s] epoch 21 step 63750 avg_loss=9.532
[2518.4s] epoch 21 step 63800 avg_loss=9.335
[2530.1s] eval step=2000 train_avg_loss=9.462 dev_rank1_f1=0.4689 dev_edge_p=0.4616 dev_edge_r=0.4764
[2530.9s] epoch 21 step 63850 avg_loss=9.461
[2533.1s] epoch 21 step 63900 avg_loss=9.532
[2534.9s] epoch 21 step 63950 avg_loss=9.380
[2536.6s] epoch 21 step 64000 avg_loss=9.253
[2538.7s] epoch 21 step 64050 avg_loss=9.288
[2540.6s] epoch 21 step 64100 avg_loss=9.198
[2542.5s] epoch 21 step 64150 avg_loss=9.162
[2544.5s] epoch 21 step 64200 avg_loss=9.123
[2546.7s] epoch 21 step 64250 avg_loss=9.200
[2548.8s] epoch 21 step 64300 avg_loss=9.238
[2550.6s] epoch 21 step 64350 avg_loss=9.213
[2552.7s] epoch 21 step 64400 avg_loss=9.160
[2554.7s] epoch 21 step 64450 avg_loss=9.132
[2556.6s] epoch 21 step 64500 avg_loss=9.064
[2558.6s] epoch 21 step 64550 avg_loss=9.035
[2560.4s] epoch 21 step 64600 avg_loss=8.972
[2562.3s] epoch 21 step 64650 avg_loss=8.953
[2564.2s] epoch 21 step 64700 avg_loss=8.932
[2566.1s] epoch 21 step 64750 avg_loss=8.886
[2568.0s] epoch 21 step 64800 avg_loss=8.857
[2569.8s] epoch 21 step 64850 avg_loss=8.827
[2571.8s] epoch 21 step 64900 avg_loss=8.803
[2573.7s] epoch 21 step 64950 avg_loss=8.817
[2575.5s] epoch 21 step 65000 avg_loss=8.817
[2577.6s] epoch 21 step 65050 avg_loss=8.813
[2579.1s] epoch 21 step 65100 avg_loss=8.777
[2580.9s] epoch 21 step 65150 avg_loss=8.823
[2582.6s] epoch 21 step 65200 avg_loss=8.845
[2584.2s] epoch 21 step 65250 avg_loss=8.850
[2585.8s] epoch 21 step 65300 avg_loss=8.869
[2587.3s] epoch 21 step 65350 avg_loss=8.856
[2589.0s] epoch 21 step 65400 avg_loss=8.885
[2590.5s] epoch 21 step 65450 avg_loss=8.903
[2592.3s] epoch 21 step 65500 avg_loss=8.864
[2593.8s] epoch 21 step 65550 avg_loss=8.850
[2595.4s] epoch 21 step 65600 avg_loss=8.814
[2597.2s] epoch 21 step 65650 avg_loss=8.787
[2599.0s] epoch 21 step 65700 avg_loss=8.807
[2600.5s] epoch 21 step 65750 avg_loss=8.815
[2602.1s] epoch 21 step 65800 avg_loss=8.858
[2604.0s] epoch 21 step 65850 avg_loss=8.900
[2605.7s] epoch 21 step 65900 avg_loss=8.944
[2607.4s] epoch 21 step 65950 avg_loss=8.939
[2609.3s] epoch 21 step 66000 avg_loss=8.992
[2609.3s] === epoch 21 done: avg_loss=8.992 (n=3000 derivations) ===
[2611.0s] epoch 22 step 66050 avg_loss=7.347
[2612.9s] epoch 22 step 66100 avg_loss=8.456
[2614.4s] epoch 22 step 66150 avg_loss=7.898
[2616.1s] epoch 22 step 66200 avg_loss=7.608
[2617.4s] epoch 22 step 66250 avg_loss=7.313
[2619.0s] epoch 22 step 66300 avg_loss=7.503
[2620.5s] epoch 22 step 66350 avg_loss=7.423
[2622.3s] epoch 22 step 66400 avg_loss=7.803
[2623.9s] epoch 22 step 66450 avg_loss=7.855
[2625.4s] epoch 22 step 66500 avg_loss=7.838
[2626.9s] epoch 22 step 66550 avg_loss=7.993
[2628.5s] epoch 22 step 66600 avg_loss=8.010
[2630.4s] epoch 22 step 66650 avg_loss=8.236
[2632.2s] epoch 22 step 66700 avg_loss=8.395
[2633.6s] epoch 22 step 66750 avg_loss=8.322
[2635.1s] epoch 22 step 66800 avg_loss=8.244
[2636.7s] epoch 22 step 66850 avg_loss=8.508
[2638.4s] epoch 22 step 66900 avg_loss=8.538
[2639.8s] epoch 22 step 66950 avg_loss=8.385
[2641.7s] epoch 22 step 67000 avg_loss=8.557
[2643.5s] epoch 22 step 67050 avg_loss=8.510
[2645.1s] epoch 22 step 67100 avg_loss=8.517
[2646.7s] epoch 22 step 67150 avg_loss=8.413
[2648.2s] epoch 22 step 67200 avg_loss=8.375
[2649.9s] epoch 22 step 67250 avg_loss=8.416
[2651.8s] epoch 22 step 67300 avg_loss=8.404
[2653.8s] epoch 22 step 67350 avg_loss=8.424
[2655.4s] epoch 22 step 67400 avg_loss=8.425
[2657.2s] epoch 22 step 67450 avg_loss=8.412
[2658.9s] epoch 22 step 67500 avg_loss=8.401
[2660.8s] epoch 22 step 67550 avg_loss=8.433
[2662.9s] epoch 22 step 67600 avg_loss=8.610
[2664.4s] epoch 22 step 67650 avg_loss=8.541
[2665.9s] epoch 22 step 67700 avg_loss=8.443
[2667.4s] epoch 22 step 67750 avg_loss=8.388
[2669.0s] epoch 22 step 67800 avg_loss=8.416
[2670.6s] epoch 22 step 67850 avg_loss=8.398
[2672.3s] epoch 22 step 67900 avg_loss=8.337
[2674.1s] epoch 22 step 67950 avg_loss=8.424
[2675.9s] epoch 22 step 68000 avg_loss=8.413
[2677.3s] epoch 22 step 68050 avg_loss=8.399
[2678.8s] epoch 22 step 68100 avg_loss=8.355
[2680.5s] epoch 22 step 68150 avg_loss=8.411
[2682.3s] epoch 22 step 68200 avg_loss=8.416
[2684.2s] epoch 22 step 68250 avg_loss=8.366
[2685.9s] epoch 22 step 68300 avg_loss=8.323
[2687.4s] epoch 22 step 68350 avg_loss=8.261
[2689.4s] epoch 22 step 68400 avg_loss=8.300
[2691.4s] epoch 22 step 68450 avg_loss=8.368
[2693.2s] epoch 22 step 68500 avg_loss=8.365
[2695.3s] epoch 22 step 68550 avg_loss=8.417
[2697.0s] epoch 22 step 68600 avg_loss=8.468
[2698.5s] epoch 22 step 68650 avg_loss=8.455
[2700.6s] epoch 22 step 68700 avg_loss=8.505
[2702.5s] epoch 22 step 68750 avg_loss=8.524
[2704.3s] epoch 22 step 68800 avg_loss=8.510
[2706.3s] epoch 22 step 68850 avg_loss=8.529
[2708.3s] epoch 22 step 68900 avg_loss=8.542
[2710.2s] epoch 22 step 68950 avg_loss=8.560
[2712.2s] epoch 22 step 69000 avg_loss=8.549
[2712.2s] === epoch 22 done: avg_loss=8.549 (n=3000 derivations) ===
[2713.9s] epoch 23 step 69050 avg_loss=6.438
[2715.6s] epoch 23 step 69100 avg_loss=7.201
[2717.4s] epoch 23 step 69150 avg_loss=7.488
[2719.1s] epoch 23 step 69200 avg_loss=7.046
[2721.1s] epoch 23 step 69250 avg_loss=7.232
[2723.1s] epoch 23 step 69300 avg_loss=8.026
[2725.0s] epoch 23 step 69350 avg_loss=7.773
[2726.8s] epoch 23 step 69400 avg_loss=7.916
[2728.4s] epoch 23 step 69450 avg_loss=7.672
[2730.1s] epoch 23 step 69500 avg_loss=7.721
[2731.8s] epoch 23 step 69550 avg_loss=7.687
[2733.3s] epoch 23 step 69600 avg_loss=7.565
[2735.1s] epoch 23 step 69650 avg_loss=7.589
[2737.0s] epoch 23 step 69700 avg_loss=7.593
[2738.9s] epoch 23 step 69750 avg_loss=7.702
[2740.6s] epoch 23 step 69800 avg_loss=7.901
[2742.2s] epoch 23 step 69850 avg_loss=7.962
[2744.0s] epoch 23 step 69900 avg_loss=7.910
[2745.4s] epoch 23 step 69950 avg_loss=7.808
[2747.0s] epoch 23 step 70000 avg_loss=7.846
[2749.0s] epoch 23 step 70050 avg_loss=8.001
[2750.7s] epoch 23 step 70100 avg_loss=8.059
[2752.3s] epoch 23 step 70150 avg_loss=7.934
[2754.3s] epoch 23 step 70200 avg_loss=7.976
[2756.2s] epoch 23 step 70250 avg_loss=7.957
[2758.0s] epoch 23 step 70300 avg_loss=7.954
[2759.7s] epoch 23 step 70350 avg_loss=7.975
[2761.3s] epoch 23 step 70400 avg_loss=7.930
[2762.9s] epoch 23 step 70450 avg_loss=7.890
[2764.5s] epoch 23 step 70500 avg_loss=7.905
[2766.3s] epoch 23 step 70550 avg_loss=7.910
[2767.9s] epoch 23 step 70600 avg_loss=7.987
[2769.4s] epoch 23 step 70650 avg_loss=7.971
[2771.2s] epoch 23 step 70700 avg_loss=7.972
[2772.7s] epoch 23 step 70750 avg_loss=7.904
[2774.5s] epoch 23 step 70800 avg_loss=7.919
[2776.5s] epoch 23 step 70850 avg_loss=7.962
[2778.4s] epoch 23 step 70900 avg_loss=8.031
[2780.4s] epoch 23 step 70950 avg_loss=8.046
[2782.4s] epoch 23 step 71000 avg_loss=8.064
[2784.2s] epoch 23 step 71050 avg_loss=8.033
[2785.9s] epoch 23 step 71100 avg_loss=8.008
[2787.8s] epoch 23 step 71150 avg_loss=8.031
[2789.5s] epoch 23 step 71200 avg_loss=8.035
[2791.4s] epoch 23 step 71250 avg_loss=8.011
[2793.3s] epoch 23 step 71300 avg_loss=8.055
[2795.0s] epoch 23 step 71350 avg_loss=8.039
[2797.0s] epoch 23 step 71400 avg_loss=8.009
[2798.8s] epoch 23 step 71450 avg_loss=7.994
[2800.3s] epoch 23 step 71500 avg_loss=7.975
[2802.0s] epoch 23 step 71550 avg_loss=7.957
[2803.7s] epoch 23 step 71600 avg_loss=8.012
[2805.2s] epoch 23 step 71650 avg_loss=7.997
[2807.0s] epoch 23 step 71700 avg_loss=8.006
[2808.8s] epoch 23 step 71750 avg_loss=7.993
[2810.8s] epoch 23 step 71800 avg_loss=8.051
[2817.5s] eval step=2250 train_avg_loss=8.104 dev_rank1_f1=0.4658 dev_edge_p=0.4802 dev_edge_r=0.4522
[2818.6s] epoch 23 step 71850 avg_loss=8.085
[2820.4s] epoch 23 step 71900 avg_loss=8.095
[2822.2s] epoch 23 step 71950 avg_loss=8.113
[2824.4s] epoch 23 step 72000 avg_loss=8.112
[2824.4s] === epoch 23 done: avg_loss=8.112 (n=3000 derivations) ===
[2826.2s] epoch 24 step 72050 avg_loss=6.353
[2828.2s] epoch 24 step 72100 avg_loss=7.539
[2829.8s] epoch 24 step 72150 avg_loss=7.251
[2831.7s] epoch 24 step 72200 avg_loss=7.363
[2833.7s] epoch 24 step 72250 avg_loss=7.717
[2835.7s] epoch 24 step 72300 avg_loss=8.065
[2837.6s] epoch 24 step 72350 avg_loss=7.781
[2839.8s] epoch 24 step 72400 avg_loss=7.829
[2842.0s] epoch 24 step 72450 avg_loss=7.838
[2843.8s] epoch 24 step 72500 avg_loss=7.638
[2845.6s] epoch 24 step 72550 avg_loss=7.567
[2847.5s] epoch 24 step 72600 avg_loss=7.512
[2849.4s] epoch 24 step 72650 avg_loss=7.563
[2851.2s] epoch 24 step 72700 avg_loss=7.351
[2852.9s] epoch 24 step 72750 avg_loss=7.271
[2854.5s] epoch 24 step 72800 avg_loss=7.261
[2856.1s] epoch 24 step 72850 avg_loss=7.160
[2858.1s] epoch 24 step 72900 avg_loss=7.228
[2860.0s] epoch 24 step 72950 avg_loss=7.238
[2861.8s] epoch 24 step 73000 avg_loss=7.367
[2863.6s] epoch 24 step 73050 avg_loss=7.450
[2865.5s] epoch 24 step 73100 avg_loss=7.413
[2867.2s] epoch 24 step 73150 avg_loss=7.452
[2869.4s] epoch 24 step 73200 avg_loss=7.545
[2871.3s] epoch 24 step 73250 avg_loss=7.479
[2873.2s] epoch 24 step 73300 avg_loss=7.410
[2874.8s] epoch 24 step 73350 avg_loss=7.410
[2876.6s] epoch 24 step 73400 avg_loss=7.483
[2878.5s] epoch 24 step 73450 avg_loss=7.455
[2880.2s] epoch 24 step 73500 avg_loss=7.338
[2881.9s] epoch 24 step 73550 avg_loss=7.358
[2883.9s] epoch 24 step 73600 avg_loss=7.408
[2885.8s] epoch 24 step 73650 avg_loss=7.499
[2887.6s] epoch 24 step 73700 avg_loss=7.491
[2889.6s] epoch 24 step 73750 avg_loss=7.567
[2891.5s] epoch 24 step 73800 avg_loss=7.595
[2893.4s] epoch 24 step 73850 avg_loss=7.588
[2895.2s] epoch 24 step 73900 avg_loss=7.566
[2897.2s] epoch 24 step 73950 avg_loss=7.604
[2899.1s] epoch 24 step 74000 avg_loss=7.626
[2900.9s] epoch 24 step 74050 avg_loss=7.631
[2902.8s] epoch 24 step 74100 avg_loss=7.663
[2904.7s] epoch 24 step 74150 avg_loss=7.683
[2906.4s] epoch 24 step 74200 avg_loss=7.700
[2908.2s] epoch 24 step 74250 avg_loss=7.671
[2910.0s] epoch 24 step 74300 avg_loss=7.696
[2911.5s] epoch 24 step 74350 avg_loss=7.669
[2913.4s] epoch 24 step 74400 avg_loss=7.712
[2915.1s] epoch 24 step 74450 avg_loss=7.715
[2916.7s] epoch 24 step 74500 avg_loss=7.690
[2918.6s] epoch 24 step 74550 avg_loss=7.712
[2920.5s] epoch 24 step 74600 avg_loss=7.706
[2922.5s] epoch 24 step 74650 avg_loss=7.704
[2924.5s] epoch 24 step 74700 avg_loss=7.714
[2926.5s] epoch 24 step 74750 avg_loss=7.725
[2928.3s] epoch 24 step 74800 avg_loss=7.705
[2930.2s] epoch 24 step 74850 avg_loss=7.698
[2931.9s] epoch 24 step 74900 avg_loss=7.691
[2933.6s] epoch 24 step 74950 avg_loss=7.702
[2935.4s] epoch 24 step 75000 avg_loss=7.684
[2935.4s] === epoch 24 done: avg_loss=7.684 (n=3000 derivations) ===
[2937.2s] epoch 25 step 75050 avg_loss=6.677
[2939.1s] epoch 25 step 75100 avg_loss=7.100
[2940.9s] epoch 25 step 75150 avg_loss=6.426
[2942.6s] epoch 25 step 75200 avg_loss=6.633
[2944.2s] epoch 25 step 75250 avg_loss=6.922
[2945.8s] epoch 25 step 75300 avg_loss=6.913
[2947.6s] epoch 25 step 75350 avg_loss=7.102
[2949.2s] epoch 25 step 75400 avg_loss=7.121
[2951.0s] epoch 25 step 75450 avg_loss=7.054
[2952.4s] epoch 25 step 75500 avg_loss=6.836
[2954.3s] epoch 25 step 75550 avg_loss=6.721
[2956.1s] epoch 25 step 75600 avg_loss=6.681
[2957.8s] epoch 25 step 75650 avg_loss=6.576
[2960.0s] epoch 25 step 75700 avg_loss=6.923
[2961.5s] epoch 25 step 75750 avg_loss=6.758
[2963.2s] epoch 25 step 75800 avg_loss=6.734
[2964.9s] epoch 25 step 75850 avg_loss=6.750
[2966.9s] epoch 25 step 75900 avg_loss=6.993
[2968.8s] epoch 25 step 75950 avg_loss=6.920
[2970.5s] epoch 25 step 76000 avg_loss=6.898
[2972.3s] epoch 25 step 76050 avg_loss=6.933
[2974.0s] epoch 25 step 76100 avg_loss=6.848
[2975.7s] epoch 25 step 76150 avg_loss=6.803
[2977.5s] epoch 25 step 76200 avg_loss=6.881
[2979.3s] epoch 25 step 76250 avg_loss=6.942
[2980.8s] epoch 25 step 76300 avg_loss=6.946
[2982.2s] epoch 25 step 76350 avg_loss=6.934
[2983.9s] epoch 25 step 76400 avg_loss=6.920
[2985.6s] epoch 25 step 76450 avg_loss=6.946
[2987.2s] epoch 25 step 76500 avg_loss=7.002
[2989.1s] epoch 25 step 76550 avg_loss=7.006
[2991.0s] epoch 25 step 76600 avg_loss=6.988
[2993.3s] epoch 25 step 76650 avg_loss=7.151
[2995.1s] epoch 25 step 76700 avg_loss=7.129
[2996.8s] epoch 25 step 76750 avg_loss=7.198
[2998.4s] epoch 25 step 76800 avg_loss=7.162
[3000.1s] epoch 25 step 76850 avg_loss=7.227
[3001.8s] epoch 25 step 76900 avg_loss=7.238
[3003.3s] epoch 25 step 76950 avg_loss=7.188
[3005.2s] epoch 25 step 77000 avg_loss=7.211
[3007.1s] epoch 25 step 77050 avg_loss=7.298
[3008.7s] epoch 25 step 77100 avg_loss=7.278
[3010.6s] epoch 25 step 77150 avg_loss=7.341
[3012.5s] epoch 25 step 77200 avg_loss=7.347
[3014.2s] epoch 25 step 77250 avg_loss=7.353
[3016.3s] epoch 25 step 77300 avg_loss=7.335
[3018.1s] epoch 25 step 77350 avg_loss=7.338
[3019.9s] epoch 25 step 77400 avg_loss=7.307
[3021.4s] epoch 25 step 77450 avg_loss=7.278
[3023.3s] epoch 25 step 77500 avg_loss=7.274
[3025.0s] epoch 25 step 77550 avg_loss=7.257
[3026.7s] epoch 25 step 77600 avg_loss=7.272
[3028.6s] epoch 25 step 77650 avg_loss=7.272
[3030.4s] epoch 25 step 77700 avg_loss=7.236
[3032.2s] epoch 25 step 77750 avg_loss=7.207
[3034.1s] epoch 25 step 77800 avg_loss=7.251
[3035.7s] epoch 25 step 77850 avg_loss=7.233
[3037.5s] epoch 25 step 77900 avg_loss=7.266
[3039.3s] epoch 25 step 77950 avg_loss=7.265
[3041.0s] epoch 25 step 78000 avg_loss=7.260
[3041.0s] === epoch 25 done: avg_loss=7.260 (n=3000 derivations) ===
[3042.7s] epoch 26 step 78050 avg_loss=6.907
[3044.3s] epoch 26 step 78100 avg_loss=7.040
[3046.2s] epoch 26 step 78150 avg_loss=7.970
[3048.0s] epoch 26 step 78200 avg_loss=7.454
[3049.8s] epoch 26 step 78250 avg_loss=7.951
[3051.5s] epoch 26 step 78300 avg_loss=7.467
[3053.1s] epoch 26 step 78350 avg_loss=7.223
[3054.8s] epoch 26 step 78400 avg_loss=7.129
[3056.5s] epoch 26 step 78450 avg_loss=7.129
[3058.3s] epoch 26 step 78500 avg_loss=7.428
[3059.9s] epoch 26 step 78550 avg_loss=7.291
[3061.8s] epoch 26 step 78600 avg_loss=7.229
[3063.2s] epoch 26 step 78650 avg_loss=6.960
[3064.9s] epoch 26 step 78700 avg_loss=6.841
[3067.0s] epoch 26 step 78750 avg_loss=7.049
[3068.8s] epoch 26 step 78800 avg_loss=6.948
[3070.7s] epoch 26 step 78850 avg_loss=7.073
[3072.2s] epoch 26 step 78900 avg_loss=7.051
[3074.2s] epoch 26 step 78950 avg_loss=7.221
[3075.7s] epoch 26 step 79000 avg_loss=7.192
[3077.4s] epoch 26 step 79050 avg_loss=7.118
[3079.1s] epoch 26 step 79100 avg_loss=7.051
[3081.0s] epoch 26 step 79150 avg_loss=7.010
[3082.7s] epoch 26 step 79200 avg_loss=6.908
[3084.5s] epoch 26 step 79250 avg_loss=6.866
[3086.2s] epoch 26 step 79300 avg_loss=6.864
[3087.9s] epoch 26 step 79350 avg_loss=6.830
[3089.7s] epoch 26 step 79400 avg_loss=6.800
[3091.3s] epoch 26 step 79450 avg_loss=6.770
[3092.9s] epoch 26 step 79500 avg_loss=6.684
[3094.4s] epoch 26 step 79550 avg_loss=6.675
[3096.0s] epoch 26 step 79600 avg_loss=6.673
[3097.6s] epoch 26 step 79650 avg_loss=6.710
[3099.3s] epoch 26 step 79700 avg_loss=6.705
[3101.0s] epoch 26 step 79750 avg_loss=6.696
[3108.6s] eval step=2500 train_avg_loss=6.732 dev_rank1_f1=0.4567 dev_edge_p=0.4720 dev_edge_r=0.4424
[3108.9s] epoch 26 step 79800 avg_loss=6.745
[3110.4s] epoch 26 step 79850 avg_loss=6.734
[3112.2s] epoch 26 step 79900 avg_loss=6.752
[3113.7s] epoch 26 step 79950 avg_loss=6.725
[3115.6s] epoch 26 step 80000 avg_loss=6.716
[3117.2s] epoch 26 step 80050 avg_loss=6.688
[3118.8s] epoch 26 step 80100 avg_loss=6.727
[3120.3s] epoch 26 step 80150 avg_loss=6.641
[3121.8s] epoch 26 step 80200 avg_loss=6.658
[3123.4s] epoch 26 step 80250 avg_loss=6.698
[3124.9s] epoch 26 step 80300 avg_loss=6.688
[3126.5s] epoch 26 step 80350 avg_loss=6.683
[3128.5s] epoch 26 step 80400 avg_loss=6.741
[3130.1s] epoch 26 step 80450 avg_loss=6.738
[3131.8s] epoch 26 step 80500 avg_loss=6.707
[3133.6s] epoch 26 step 80550 avg_loss=6.757
[3135.4s] epoch 26 step 80600 avg_loss=6.845
[3136.9s] epoch 26 step 80650 avg_loss=6.837
[3138.6s] epoch 26 step 80700 avg_loss=6.905
[3140.2s] epoch 26 step 80750 avg_loss=6.884
[3142.1s] epoch 26 step 80800 avg_loss=6.886
[3143.6s] epoch 26 step 80850 avg_loss=6.865
[3145.2s] epoch 26 step 80900 avg_loss=6.852
[3147.0s] epoch 26 step 80950 avg_loss=6.906
[3149.1s] epoch 26 step 81000 avg_loss=6.943
[3149.1s] === epoch 26 done: avg_loss=6.943 (n=3000 derivations) ===
[3150.8s] epoch 27 step 81050 avg_loss=7.156
[3152.7s] epoch 27 step 81100 avg_loss=6.273
[3154.5s] epoch 27 step 81150 avg_loss=6.427
[3156.1s] epoch 27 step 81200 avg_loss=6.483
[3157.6s] epoch 27 step 81250 avg_loss=6.366
[3159.5s] epoch 27 step 81300 avg_loss=6.426
[3161.4s] epoch 27 step 81350 avg_loss=6.659
[3163.0s] epoch 27 step 81400 avg_loss=6.488
[3164.9s] epoch 27 step 81450 avg_loss=6.627
[3166.6s] epoch 27 step 81500 avg_loss=6.628
[3168.8s] epoch 27 step 81550 avg_loss=7.056
[3170.5s] epoch 27 step 81600 avg_loss=6.862
[3172.1s] epoch 27 step 81650 avg_loss=6.710
[3173.7s] epoch 27 step 81700 avg_loss=6.670
[3175.6s] epoch 27 step 81750 avg_loss=6.680
[3177.4s] epoch 27 step 81800 avg_loss=6.667
[3179.3s] epoch 27 step 81850 avg_loss=6.724
[3181.2s] epoch 27 step 81900 avg_loss=6.769
[3182.9s] epoch 27 step 81950 avg_loss=6.687
[3184.6s] epoch 27 step 82000 avg_loss=6.753
[3186.3s] epoch 27 step 82050 avg_loss=6.703
[3187.9s] epoch 27 step 82100 avg_loss=6.667
[3189.9s] epoch 27 step 82150 avg_loss=6.731
[3191.7s] epoch 27 step 82200 avg_loss=6.827
[3193.4s] epoch 27 step 82250 avg_loss=6.760
[3195.2s] epoch 27 step 82300 avg_loss=6.760
[3196.9s] epoch 27 step 82350 avg_loss=6.724
[3198.6s] epoch 27 step 82400 avg_loss=6.664
[3200.2s] epoch 27 step 82450 avg_loss=6.633
[3201.9s] epoch 27 step 82500 avg_loss=6.577
[3203.7s] epoch 27 step 82550 avg_loss=6.582
[3205.5s] epoch 27 step 82600 avg_loss=6.596
[3207.0s] epoch 27 step 82650 avg_loss=6.582
[3208.8s] epoch 27 step 82700 avg_loss=6.608
[3210.5s] epoch 27 step 82750 avg_loss=6.644
[3212.3s] epoch 27 step 82800 avg_loss=6.608
[3214.3s] epoch 27 step 82850 avg_loss=6.622
[3215.9s] epoch 27 step 82900 avg_loss=6.643
[3217.7s] epoch 27 step 82950 avg_loss=6.608
[3219.6s] epoch 27 step 83000 avg_loss=6.669
[3221.3s] epoch 27 step 83050 avg_loss=6.638
[3222.9s] epoch 27 step 83100 avg_loss=6.616
[3224.6s] epoch 27 step 83150 avg_loss=6.588
[3226.5s] epoch 27 step 83200 avg_loss=6.620
[3228.2s] epoch 27 step 83250 avg_loss=6.610
[3230.0s] epoch 27 step 83300 avg_loss=6.599
[3231.6s] epoch 27 step 83350 avg_loss=6.543
[3233.2s] epoch 27 step 83400 avg_loss=6.524
[3235.1s] epoch 27 step 83450 avg_loss=6.525
[3236.7s] epoch 27 step 83500 avg_loss=6.530
[3238.4s] epoch 27 step 83550 avg_loss=6.527
[3240.2s] epoch 27 step 83600 avg_loss=6.541
[3241.6s] epoch 27 step 83650 avg_loss=6.525
[3243.2s] epoch 27 step 83700 avg_loss=6.513
[3245.1s] epoch 27 step 83750 avg_loss=6.546
[3247.0s] epoch 27 step 83800 avg_loss=6.553
[3248.9s] epoch 27 step 83850 avg_loss=6.565
[3250.5s] epoch 27 step 83900 avg_loss=6.579
[3252.2s] epoch 27 step 83950 avg_loss=6.594
[3254.0s] epoch 27 step 84000 avg_loss=6.576
[3254.0s] === epoch 27 done: avg_loss=6.576 (n=3000 derivations) ===
[3255.7s] epoch 28 step 84050 avg_loss=7.101
[3257.5s] epoch 28 step 84100 avg_loss=5.798
[3259.3s] epoch 28 step 84150 avg_loss=5.968
[3261.3s] epoch 28 step 84200 avg_loss=6.296
[3262.8s] epoch 28 step 84250 avg_loss=5.691
[3264.7s] epoch 28 step 84300 avg_loss=5.841
[3266.6s] epoch 28 step 84350 avg_loss=5.914
[3268.4s] epoch 28 step 84400 avg_loss=6.029
[3270.0s] epoch 28 step 84450 avg_loss=5.969
[3271.4s] epoch 28 step 84500 avg_loss=5.778
[3273.1s] epoch 28 step 84550 avg_loss=5.829
[3274.7s] epoch 28 step 84600 avg_loss=5.690
[3276.4s] epoch 28 step 84650 avg_loss=5.806
[3278.2s] epoch 28 step 84700 avg_loss=5.913
[3279.7s] epoch 28 step 84750 avg_loss=5.838
[3281.4s] epoch 28 step 84800 avg_loss=5.861
[3283.2s] epoch 28 step 84850 avg_loss=5.878
[3285.0s] epoch 28 step 84900 avg_loss=5.821
[3287.0s] epoch 28 step 84950 avg_loss=6.052
[3289.0s] epoch 28 step 85000 avg_loss=6.097
[3290.6s] epoch 28 step 85050 avg_loss=6.148
[3292.2s] epoch 28 step 85100 avg_loss=6.201
[3293.7s] epoch 28 step 85150 avg_loss=6.194
[3295.5s] epoch 28 step 85200 avg_loss=6.253
[3297.4s] epoch 28 step 85250 avg_loss=6.332
[3299.0s] epoch 28 step 85300 avg_loss=6.281
[3300.9s] epoch 28 step 85350 avg_loss=6.318
[3302.4s] epoch 28 step 85400 avg_loss=6.343
[3304.2s] epoch 28 step 85450 avg_loss=6.316
[3305.8s] epoch 28 step 85500 avg_loss=6.303
[3307.4s] epoch 28 step 85550 avg_loss=6.250
[3309.2s] epoch 28 step 85600 avg_loss=6.219
[3310.8s] epoch 28 step 85650 avg_loss=6.246
[3312.7s] epoch 28 step 85700 avg_loss=6.316
[3314.5s] epoch 28 step 85750 avg_loss=6.323
[3316.3s] epoch 28 step 85800 avg_loss=6.329
[3318.0s] epoch 28 step 85850 avg_loss=6.310
[3319.6s] epoch 28 step 85900 avg_loss=6.331
[3321.3s] epoch 28 step 85950 avg_loss=6.307
[3323.0s] epoch 28 step 86000 avg_loss=6.342
[3324.5s] epoch 28 step 86050 avg_loss=6.292
[3326.2s] epoch 28 step 86100 avg_loss=6.276
[3328.1s] epoch 28 step 86150 avg_loss=6.272
[3330.0s] epoch 28 step 86200 avg_loss=6.273
[3331.8s] epoch 28 step 86250 avg_loss=6.310
[3333.5s] epoch 28 step 86300 avg_loss=6.304
[3335.2s] epoch 28 step 86350 avg_loss=6.261
[3336.7s] epoch 28 step 86400 avg_loss=6.261
[3338.4s] epoch 28 step 86450 avg_loss=6.249
[3340.1s] epoch 28 step 86500 avg_loss=6.268
[3341.8s] epoch 28 step 86550 avg_loss=6.249
[3343.5s] epoch 28 step 86600 avg_loss=6.249
[3345.3s] epoch 28 step 86650 avg_loss=6.206
[3347.0s] epoch 28 step 86700 avg_loss=6.194
[3348.7s] epoch 28 step 86750 avg_loss=6.206
[3350.4s] epoch 28 step 86800 avg_loss=6.232
[3352.5s] epoch 28 step 86850 avg_loss=6.275
[3354.5s] epoch 28 step 86900 avg_loss=6.280
[3356.3s] epoch 28 step 86950 avg_loss=6.279
[3358.2s] epoch 28 step 87000 avg_loss=6.267
[3358.2s] === epoch 28 done: avg_loss=6.267 (n=3000 derivations) ===
[3359.9s] epoch 29 step 87050 avg_loss=4.313
[3361.8s] epoch 29 step 87100 avg_loss=5.572
[3363.1s] epoch 29 step 87150 avg_loss=4.643
[3365.0s] epoch 29 step 87200 avg_loss=4.956
[3366.8s] epoch 29 step 87250 avg_loss=4.993
[3368.6s] epoch 29 step 87300 avg_loss=5.387
[3370.3s] epoch 29 step 87350 avg_loss=5.359
[3372.2s] epoch 29 step 87400 avg_loss=5.354
[3374.0s] epoch 29 step 87450 avg_loss=5.313
[3375.8s] epoch 29 step 87500 avg_loss=5.385
[3377.6s] epoch 29 step 87550 avg_loss=5.536
[3379.4s] epoch 29 step 87600 avg_loss=5.599
[3381.0s] epoch 29 step 87650 avg_loss=5.505
[3382.9s] epoch 29 step 87700 avg_loss=5.559
[3384.5s] epoch 29 step 87750 avg_loss=5.482
[3391.3s] eval step=2750 train_avg_loss=5.404 dev_rank1_f1=0.4736 dev_edge_p=0.4990 dev_edge_r=0.4505
[3392.5s] epoch 29 step 87800 avg_loss=5.564
[3394.2s] epoch 29 step 87850 avg_loss=5.550
[3395.8s] epoch 29 step 87900 avg_loss=5.539
[3397.5s] epoch 29 step 87950 avg_loss=5.577
[3399.3s] epoch 29 step 88000 avg_loss=5.568
[3400.8s] epoch 29 step 88050 avg_loss=5.519
[3402.7s] epoch 29 step 88100 avg_loss=5.578
[3404.5s] epoch 29 step 88150 avg_loss=5.625
[3406.2s] epoch 29 step 88200 avg_loss=5.628
[3408.0s] epoch 29 step 88250 avg_loss=5.612
[3409.9s] epoch 29 step 88300 avg_loss=5.642
[3411.9s] epoch 29 step 88350 avg_loss=5.694
[3413.5s] epoch 29 step 88400 avg_loss=5.623
[3415.4s] epoch 29 step 88450 avg_loss=5.593
[3417.1s] epoch 29 step 88500 avg_loss=5.584
[3419.0s] epoch 29 step 88550 avg_loss=5.588
[3421.0s] epoch 29 step 88600 avg_loss=5.616
[3422.8s] epoch 29 step 88650 avg_loss=5.608
[3424.6s] epoch 29 step 88700 avg_loss=5.640
[3426.4s] epoch 29 step 88750 avg_loss=5.635
[3428.1s] epoch 29 step 88800 avg_loss=5.672
[3429.7s] epoch 29 step 88850 avg_loss=5.645
[3431.4s] epoch 29 step 88900 avg_loss=5.656
[3433.1s] epoch 29 step 88950 avg_loss=5.691
[3434.8s] epoch 29 step 89000 avg_loss=5.684
[3436.3s] epoch 29 step 89050 avg_loss=5.690
[3438.0s] epoch 29 step 89100 avg_loss=5.708
[3439.5s] epoch 29 step 89150 avg_loss=5.685
[3441.1s] epoch 29 step 89200 avg_loss=5.748
[3442.8s] epoch 29 step 89250 avg_loss=5.807
[3444.5s] epoch 29 step 89300 avg_loss=5.812
[3446.2s] epoch 29 step 89350 avg_loss=5.807
[3447.8s] epoch 29 step 89400 avg_loss=5.788
[3449.5s] epoch 29 step 89450 avg_loss=5.793
[3451.2s] epoch 29 step 89500 avg_loss=5.827
[3453.0s] epoch 29 step 89550 avg_loss=5.839
[3454.8s] epoch 29 step 89600 avg_loss=5.857
[3456.6s] epoch 29 step 89650 avg_loss=5.934
[3458.3s] epoch 29 step 89700 avg_loss=5.999
[3460.2s] epoch 29 step 89750 avg_loss=6.045
[3461.8s] epoch 29 step 89800 avg_loss=6.048
[3463.4s] epoch 29 step 89850 avg_loss=6.069
[3464.9s] epoch 29 step 89900 avg_loss=6.065
[3466.4s] epoch 29 step 89950 avg_loss=6.067
[3468.0s] epoch 29 step 90000 avg_loss=6.047
[3468.0s] === epoch 29 done: avg_loss=6.047 (n=3000 derivations) ===
[3469.7s] epoch 30 step 90050 avg_loss=6.939
[3471.7s] epoch 30 step 90100 avg_loss=8.138
[3473.4s] epoch 30 step 90150 avg_loss=7.288
[3475.0s] epoch 30 step 90200 avg_loss=6.972
[3476.8s] epoch 30 step 90250 avg_loss=7.145
[3478.7s] epoch 30 step 90300 avg_loss=7.368
[3480.4s] epoch 30 step 90350 avg_loss=7.053
[3482.2s] epoch 30 step 90400 avg_loss=6.784
[3483.9s] epoch 30 step 90450 avg_loss=6.561
[3485.6s] epoch 30 step 90500 avg_loss=6.505
[3487.3s] epoch 30 step 90550 avg_loss=6.228
[3488.8s] epoch 30 step 90600 avg_loss=6.186
[3490.4s] epoch 30 step 90650 avg_loss=6.136
[3492.0s] epoch 30 step 90700 avg_loss=6.112
[3493.6s] epoch 30 step 90750 avg_loss=5.944
[3495.0s] epoch 30 step 90800 avg_loss=5.841
[3496.7s] epoch 30 step 90850 avg_loss=5.804
[3498.5s] epoch 30 step 90900 avg_loss=5.742
[3500.2s] epoch 30 step 90950 avg_loss=5.725
[3501.8s] epoch 30 step 91000 avg_loss=5.621
[3503.4s] epoch 30 step 91050 avg_loss=5.556
[3505.4s] epoch 30 step 91100 avg_loss=5.614
[3507.1s] epoch 30 step 91150 avg_loss=5.620
[3508.6s] epoch 30 step 91200 avg_loss=5.542
[3510.5s] epoch 30 step 91250 avg_loss=5.601
[3512.3s] epoch 30 step 91300 avg_loss=5.586
[3513.7s] epoch 30 step 91350 avg_loss=5.525
[3515.7s] epoch 30 step 91400 avg_loss=5.596
[3517.1s] epoch 30 step 91450 avg_loss=5.515
[3518.7s] epoch 30 step 91500 avg_loss=5.519
[3520.4s] epoch 30 step 91550 avg_loss=5.547
[3522.2s] epoch 30 step 91600 avg_loss=5.614
[3523.8s] epoch 30 step 91650 avg_loss=5.654
[3525.6s] epoch 30 step 91700 avg_loss=5.685
[3527.0s] epoch 30 step 91750 avg_loss=5.639
[3528.8s] epoch 30 step 91800 avg_loss=5.641
[3530.3s] epoch 30 step 91850 avg_loss=5.571
[3532.0s] epoch 30 step 91900 avg_loss=5.604
[3533.8s] epoch 30 step 91950 avg_loss=5.647
[3535.5s] epoch 30 step 92000 avg_loss=5.623
[3537.2s] epoch 30 step 92050 avg_loss=5.579
[3539.0s] epoch 30 step 92100 avg_loss=5.557
[3541.0s] epoch 30 step 92150 avg_loss=5.542
[3542.6s] epoch 30 step 92200 avg_loss=5.518
[3544.6s] epoch 30 step 92250 avg_loss=5.552
[3546.4s] epoch 30 step 92300 avg_loss=5.538
[3547.9s] epoch 30 step 92350 avg_loss=5.482
[3549.6s] epoch 30 step 92400 avg_loss=5.476
[3551.5s] epoch 30 step 92450 avg_loss=5.537
[3553.7s] epoch 30 step 92500 avg_loss=5.669
[3555.5s] epoch 30 step 92550 avg_loss=5.714
[3557.2s] epoch 30 step 92600 avg_loss=5.681
[3559.0s] epoch 30 step 92650 avg_loss=5.703
[3560.8s] epoch 30 step 92700 avg_loss=5.686
[3562.7s] epoch 30 step 92750 avg_loss=5.707
[3564.3s] epoch 30 step 92800 avg_loss=5.704
[3566.3s] epoch 30 step 92850 avg_loss=5.742
[3567.9s] epoch 30 step 92900 avg_loss=5.696
[3569.6s] epoch 30 step 92950 avg_loss=5.678
[3571.4s] epoch 30 step 93000 avg_loss=5.687
[3571.4s] === epoch 30 done: avg_loss=5.687 (n=3000 derivations) ===
[3573.1s] epoch 31 step 93050 avg_loss=4.484
[3574.7s] epoch 31 step 93100 avg_loss=5.204
[3576.5s] epoch 31 step 93150 avg_loss=4.910
[3578.3s] epoch 31 step 93200 avg_loss=5.225
[3580.0s] epoch 31 step 93250 avg_loss=5.149
[3581.7s] epoch 31 step 93300 avg_loss=5.233
[3583.4s] epoch 31 step 93350 avg_loss=5.171
[3585.1s] epoch 31 step 93400 avg_loss=5.017
[3586.6s] epoch 31 step 93450 avg_loss=4.930
[3588.1s] epoch 31 step 93500 avg_loss=4.980
[3589.8s] epoch 31 step 93550 avg_loss=4.870
[3591.4s] epoch 31 step 93600 avg_loss=4.858
[3593.2s] epoch 31 step 93650 avg_loss=4.860
[3594.9s] epoch 31 step 93700 avg_loss=4.896
[3596.5s] epoch 31 step 93750 avg_loss=4.864
[3598.2s] epoch 31 step 93800 avg_loss=4.820
[3600.0s] epoch 31 step 93850 avg_loss=4.979
[3601.8s] epoch 31 step 93900 avg_loss=5.031
[3603.4s] epoch 31 step 93950 avg_loss=4.989
[3605.5s] epoch 31 step 94000 avg_loss=5.150
[3607.5s] epoch 31 step 94050 avg_loss=5.237
[3609.2s] epoch 31 step 94100 avg_loss=5.203
[3611.1s] epoch 31 step 94150 avg_loss=5.225
[3613.1s] epoch 31 step 94200 avg_loss=5.333
[3614.7s] epoch 31 step 94250 avg_loss=5.418
[3616.4s] epoch 31 step 94300 avg_loss=5.405
[3618.2s] epoch 31 step 94350 avg_loss=5.380
[3620.3s] epoch 31 step 94400 avg_loss=5.457
[3622.4s] epoch 31 step 94450 avg_loss=5.435
[3624.2s] epoch 31 step 94500 avg_loss=5.443
[3626.2s] epoch 31 step 94550 avg_loss=5.388
[3627.8s] epoch 31 step 94600 avg_loss=5.335
[3629.5s] epoch 31 step 94650 avg_loss=5.349
[3631.2s] epoch 31 step 94700 avg_loss=5.311
[3632.9s] epoch 31 step 94750 avg_loss=5.336
[3634.6s] epoch 31 step 94800 avg_loss=5.373
[3636.3s] epoch 31 step 94850 avg_loss=5.374
[3637.9s] epoch 31 step 94900 avg_loss=5.349
[3639.6s] epoch 31 step 94950 avg_loss=5.342
[3641.1s] epoch 31 step 95000 avg_loss=5.361
[3642.8s] epoch 31 step 95050 avg_loss=5.348
[3644.5s] epoch 31 step 95100 avg_loss=5.339
[3646.2s] epoch 31 step 95150 avg_loss=5.338
[3648.0s] epoch 31 step 95200 avg_loss=5.424
[3649.7s] epoch 31 step 95250 avg_loss=5.438
[3651.4s] epoch 31 step 95300 avg_loss=5.406
[3653.1s] epoch 31 step 95350 avg_loss=5.436
[3654.6s] epoch 31 step 95400 avg_loss=5.401
[3656.1s] epoch 31 step 95450 avg_loss=5.354
[3657.8s] epoch 31 step 95500 avg_loss=5.338
[3659.4s] epoch 31 step 95550 avg_loss=5.344
[3661.1s] epoch 31 step 95600 avg_loss=5.346
[3662.8s] epoch 31 step 95650 avg_loss=5.323
[3664.5s] epoch 31 step 95700 avg_loss=5.335
[3666.1s] epoch 31 step 95750 avg_loss=5.341
[3671.1s] eval step=3000 train_avg_loss=5.338 dev_rank1_f1=0.4760 dev_edge_p=0.4924 dev_edge_r=0.4607
[3672.8s] epoch 31 step 95800 avg_loss=5.370
[3674.4s] epoch 31 step 95850 avg_loss=5.352
[3676.0s] epoch 31 step 95900 avg_loss=5.340
[3677.9s] epoch 31 step 95950 avg_loss=5.386
[3679.7s] epoch 31 step 96000 avg_loss=5.380
[3679.7s] === epoch 31 done: avg_loss=5.380 (n=3000 derivations) ===
[3681.6s] epoch 32 step 96050 avg_loss=7.145
[3683.3s] epoch 32 step 96100 avg_loss=4.900
[3685.1s] epoch 32 step 96150 avg_loss=4.436
[3686.6s] epoch 32 step 96200 avg_loss=4.549
[3688.5s] epoch 32 step 96250 avg_loss=4.808
[3690.3s] epoch 32 step 96300 avg_loss=4.916
[3691.8s] epoch 32 step 96350 avg_loss=4.790
[3693.5s] epoch 32 step 96400 avg_loss=4.913
[3695.0s] epoch 32 step 96450 avg_loss=4.754
[3696.6s] epoch 32 step 96500 avg_loss=4.645
[3698.2s] epoch 32 step 96550 avg_loss=4.627
[3700.2s] epoch 32 step 96600 avg_loss=4.658
[3701.6s] epoch 32 step 96650 avg_loss=4.566
[3703.2s] epoch 32 step 96700 avg_loss=4.462
[3704.9s] epoch 32 step 96750 avg_loss=4.504
[3706.6s] epoch 32 step 96800 avg_loss=4.545
[3708.2s] epoch 32 step 96850 avg_loss=4.489
[3709.9s] epoch 32 step 96900 avg_loss=4.518
[3711.6s] epoch 32 step 96950 avg_loss=4.534
[3713.4s] epoch 32 step 97000 avg_loss=4.656
[3714.9s] epoch 32 step 97050 avg_loss=4.609
[3716.4s] epoch 32 step 97100 avg_loss=4.584
[3718.3s] epoch 32 step 97150 avg_loss=4.597
[3720.2s] epoch 32 step 97200 avg_loss=4.645
[3721.8s] epoch 32 step 97250 avg_loss=4.607
[3723.8s] epoch 32 step 97300 avg_loss=4.689
[3725.3s] epoch 32 step 97350 avg_loss=4.671
[3727.2s] epoch 32 step 97400 avg_loss=4.719
[3728.9s] epoch 32 step 97450 avg_loss=4.724
[3730.6s] epoch 32 step 97500 avg_loss=4.753
[3732.4s] epoch 32 step 97550 avg_loss=4.814
[3734.1s] epoch 32 step 97600 avg_loss=4.871
[3735.8s] epoch 32 step 97650 avg_loss=4.864
[3737.2s] epoch 32 step 97700 avg_loss=4.863
[3738.9s] epoch 32 step 97750 avg_loss=4.858
[3740.7s] epoch 32 step 97800 avg_loss=4.905
[3742.5s] epoch 32 step 97850 avg_loss=4.961
[3744.3s] epoch 32 step 97900 avg_loss=4.926
[3746.2s] epoch 32 step 97950 avg_loss=4.920
[3748.0s] epoch 32 step 98000 avg_loss=5.001
[3749.8s] epoch 32 step 98050 avg_loss=4.947
[3751.4s] epoch 32 step 98100 avg_loss=4.936
[3753.2s] epoch 32 step 98150 avg_loss=4.996
[3754.8s] epoch 32 step 98200 avg_loss=5.010
[3756.5s] epoch 32 step 98250 avg_loss=4.979
[3758.4s] epoch 32 step 98300 avg_loss=4.981
[3760.1s] epoch 32 step 98350 avg_loss=4.970
[3762.2s] epoch 32 step 98400 avg_loss=5.013
[3764.3s] epoch 32 step 98450 avg_loss=5.027
[3766.2s] epoch 32 step 98500 avg_loss=5.022
[3767.9s] epoch 32 step 98550 avg_loss=5.057
[3769.9s] epoch 32 step 98600 avg_loss=5.059
[3771.8s] epoch 32 step 98650 avg_loss=5.046
[3773.7s] epoch 32 step 98700 avg_loss=5.061
[3776.1s] epoch 32 step 98750 avg_loss=5.108
[3778.2s] epoch 32 step 98800 avg_loss=5.114
[3780.2s] epoch 32 step 98850 avg_loss=5.118
[3782.4s] epoch 32 step 98900 avg_loss=5.113
[3784.3s] epoch 32 step 98950 avg_loss=5.138
[3786.1s] epoch 32 step 99000 avg_loss=5.121
[3786.1s] === epoch 32 done: avg_loss=5.121 (n=3000 derivations) ===
[3788.0s] epoch 33 step 99050 avg_loss=4.953
[3790.0s] epoch 33 step 99100 avg_loss=5.017
[3791.9s] epoch 33 step 99150 avg_loss=4.941
[3794.0s] epoch 33 step 99200 avg_loss=5.103
[3796.1s] epoch 33 step 99250 avg_loss=4.930
[3798.1s] epoch 33 step 99300 avg_loss=5.424
[3800.2s] epoch 33 step 99350 avg_loss=5.237
[3802.1s] epoch 33 step 99400 avg_loss=5.007
[3804.3s] epoch 33 step 99450 avg_loss=5.074
[3806.1s] epoch 33 step 99500 avg_loss=4.987
[3808.0s] epoch 33 step 99550 avg_loss=4.979
[3809.8s] epoch 33 step 99600 avg_loss=4.955
[3811.8s] epoch 33 step 99650 avg_loss=5.098
[3813.7s] epoch 33 step 99700 avg_loss=4.948
[3815.6s] epoch 33 step 99750 avg_loss=4.879
[3817.6s] epoch 33 step 99800 avg_loss=4.874
[3819.5s] epoch 33 step 99850 avg_loss=4.773
[3821.5s] epoch 33 step 99900 avg_loss=4.817
[3823.5s] epoch 33 step 99950 avg_loss=4.764
[3825.4s] epoch 33 step 100000 avg_loss=4.783
[3827.3s] epoch 33 step 100050 avg_loss=4.793
[3829.3s] epoch 33 step 100100 avg_loss=4.731
[3831.5s] epoch 33 step 100150 avg_loss=4.732
[3833.2s] epoch 33 step 100200 avg_loss=4.701
[3835.2s] epoch 33 step 100250 avg_loss=4.815
[3837.3s] epoch 33 step 100300 avg_loss=4.913
[3839.5s] epoch 33 step 100350 avg_loss=4.923
[3841.6s] epoch 33 step 100400 avg_loss=4.945
[3843.6s] epoch 33 step 100450 avg_loss=4.936
[3845.5s] epoch 33 step 100500 avg_loss=4.900
[3847.3s] epoch 33 step 100550 avg_loss=4.894
[3849.2s] epoch 33 step 100600 avg_loss=4.867
[3851.1s] epoch 33 step 100650 avg_loss=4.919
[3853.0s] epoch 33 step 100700 avg_loss=4.872
[3855.0s] epoch 33 step 100750 avg_loss=4.877
[3856.8s] epoch 33 step 100800 avg_loss=4.871
[3858.7s] epoch 33 step 100850 avg_loss=4.838
[3860.7s] epoch 33 step 100900 avg_loss=4.861
[3862.5s] epoch 33 step 100950 avg_loss=4.848
[3864.2s] epoch 33 step 101000 avg_loss=4.805
[3866.1s] epoch 33 step 101050 avg_loss=4.810
[3868.3s] epoch 33 step 101100 avg_loss=4.896
[3870.2s] epoch 33 step 101150 avg_loss=4.911
[3871.9s] epoch 33 step 101200 avg_loss=4.886
[3873.8s] epoch 33 step 101250 avg_loss=4.911
[3875.6s] epoch 33 step 101300 avg_loss=4.884
[3877.5s] epoch 33 step 101350 avg_loss=4.885
[3879.4s] epoch 33 step 101400 avg_loss=4.874
[3881.5s] epoch 33 step 101450 avg_loss=4.881
[3883.2s] epoch 33 step 101500 avg_loss=4.855
[3885.3s] epoch 33 step 101550 avg_loss=4.904
[3887.0s] epoch 33 step 101600 avg_loss=4.892
[3888.7s] epoch 33 step 101650 avg_loss=4.854
[3890.5s] epoch 33 step 101700 avg_loss=4.840
[3892.5s] epoch 33 step 101750 avg_loss=4.845
[3894.4s] epoch 33 step 101800 avg_loss=4.873
[3896.4s] epoch 33 step 101850 avg_loss=4.867
[3898.0s] epoch 33 step 101900 avg_loss=4.877
[3900.0s] epoch 33 step 101950 avg_loss=4.871
[3901.9s] epoch 33 step 102000 avg_loss=4.875
[3901.9s] === epoch 33 done: avg_loss=4.875 (n=3000 derivations) ===
[3904.1s] epoch 34 step 102050 avg_loss=5.757
[3905.9s] epoch 34 step 102100 avg_loss=5.111
[3907.7s] epoch 34 step 102150 avg_loss=4.979
[3909.7s] epoch 34 step 102200 avg_loss=5.235
[3911.5s] epoch 34 step 102250 avg_loss=4.941
[3913.6s] epoch 34 step 102300 avg_loss=4.846
[3915.3s] epoch 34 step 102350 avg_loss=4.671
[3917.1s] epoch 34 step 102400 avg_loss=4.616
[3918.8s] epoch 34 step 102450 avg_loss=4.683
[3920.6s] epoch 34 step 102500 avg_loss=4.587
[3922.4s] epoch 34 step 102550 avg_loss=4.547
[3924.3s] epoch 34 step 102600 avg_loss=4.466
[3926.2s] epoch 34 step 102650 avg_loss=4.428
[3928.0s] epoch 34 step 102700 avg_loss=4.348
[3930.0s] epoch 34 step 102750 avg_loss=4.429
[3932.0s] epoch 34 step 102800 avg_loss=4.375
[3934.0s] epoch 34 step 102850 avg_loss=4.509
[3936.1s] epoch 34 step 102900 avg_loss=4.506
[3938.1s] epoch 34 step 102950 avg_loss=4.553
[3940.0s] epoch 34 step 103000 avg_loss=4.638
[3942.1s] epoch 34 step 103050 avg_loss=4.682
[3944.1s] epoch 34 step 103100 avg_loss=4.620
[3945.9s] epoch 34 step 103150 avg_loss=4.595
[3947.8s] epoch 34 step 103200 avg_loss=4.565
[3949.8s] epoch 34 step 103250 avg_loss=4.629
[3951.6s] epoch 34 step 103300 avg_loss=4.584
[3953.4s] epoch 34 step 103350 avg_loss=4.595
[3955.5s] epoch 34 step 103400 avg_loss=4.585
[3957.5s] epoch 34 step 103450 avg_loss=4.624
[3959.6s] epoch 34 step 103500 avg_loss=4.672
[3961.6s] epoch 34 step 103550 avg_loss=4.708
[3963.6s] epoch 34 step 103600 avg_loss=4.736
[3965.4s] epoch 34 step 103650 avg_loss=4.712
[3967.0s] epoch 34 step 103700 avg_loss=4.650
[3971.9s] eval step=3250 train_avg_loss=4.669 dev_rank1_f1=0.4788 dev_edge_p=0.4828 dev_edge_r=0.4749
[3972.8s] epoch 34 step 103750 avg_loss=4.671
[3974.6s] epoch 34 step 103800 avg_loss=4.655
[3976.5s] epoch 34 step 103850 avg_loss=4.626
[3978.5s] epoch 34 step 103900 avg_loss=4.595
[3980.4s] epoch 34 step 103950 avg_loss=4.560
[3982.3s] epoch 34 step 104000 avg_loss=4.548
[3984.1s] epoch 34 step 104050 avg_loss=4.501
[3986.1s] epoch 34 step 104100 avg_loss=4.505
[3988.1s] epoch 34 step 104150 avg_loss=4.534
[3990.1s] epoch 34 step 104200 avg_loss=4.569
[3991.8s] epoch 34 step 104250 avg_loss=4.559
[3993.6s] epoch 34 step 104300 avg_loss=4.579
[3995.5s] epoch 34 step 104350 avg_loss=4.593
[3997.4s] epoch 34 step 104400 avg_loss=4.600
[3999.3s] epoch 34 step 104450 avg_loss=4.616
[4001.3s] epoch 34 step 104500 avg_loss=4.616
[4003.1s] epoch 34 step 104550 avg_loss=4.619
[4004.8s] epoch 34 step 104600 avg_loss=4.616
[4006.4s] epoch 34 step 104650 avg_loss=4.590
[4008.3s] epoch 34 step 104700 avg_loss=4.598
[4010.1s] epoch 34 step 104750 avg_loss=4.606
[4012.0s] epoch 34 step 104800 avg_loss=4.631
[4013.7s] epoch 34 step 104850 avg_loss=4.622
[4015.5s] epoch 34 step 104900 avg_loss=4.659
[4017.3s] epoch 34 step 104950 avg_loss=4.680
[4019.1s] epoch 34 step 105000 avg_loss=4.689
[4019.1s] === epoch 34 done: avg_loss=4.689 (n=3000 derivations) ===
[4021.1s] epoch 35 step 105050 avg_loss=5.521
[4023.1s] epoch 35 step 105100 avg_loss=5.537
[4025.1s] epoch 35 step 105150 avg_loss=5.387
[4027.2s] epoch 35 step 105200 avg_loss=5.773
[4029.5s] epoch 35 step 105250 avg_loss=5.312
[4031.7s] epoch 35 step 105300 avg_loss=5.234
[4033.6s] epoch 35 step 105350 avg_loss=5.292
[4035.5s] epoch 35 step 105400 avg_loss=5.277
[4037.4s] epoch 35 step 105450 avg_loss=5.131
[4039.1s] epoch 35 step 105500 avg_loss=4.987
[4041.1s] epoch 35 step 105550 avg_loss=5.082
[4042.9s] epoch 35 step 105600 avg_loss=5.028
[4044.5s] epoch 35 step 105650 avg_loss=4.947
[4046.6s] epoch 35 step 105700 avg_loss=4.899
[4048.5s] epoch 35 step 105750 avg_loss=4.853
[4050.4s] epoch 35 step 105800 avg_loss=4.826
[4052.2s] epoch 35 step 105850 avg_loss=4.712
[4054.0s] epoch 35 step 105900 avg_loss=4.706
[4055.9s] epoch 35 step 105950 avg_loss=4.762
[4057.5s] epoch 35 step 106000 avg_loss=4.678
[4059.4s] epoch 35 step 106050 avg_loss=4.581
[4061.6s] epoch 35 step 106100 avg_loss=4.714
[4063.6s] epoch 35 step 106150 avg_loss=4.629
[4065.5s] epoch 35 step 106200 avg_loss=4.586
[4067.4s] epoch 35 step 106250 avg_loss=4.584
[4069.3s] epoch 35 step 106300 avg_loss=4.533
[4071.3s] epoch 35 step 106350 avg_loss=4.535
[4073.1s] epoch 35 step 106400 avg_loss=4.499
[4074.8s] epoch 35 step 106450 avg_loss=4.485
[4076.8s] epoch 35 step 106500 avg_loss=4.531
[4078.7s] epoch 35 step 106550 avg_loss=4.545
[4080.6s] epoch 35 step 106600 avg_loss=4.481
[4083.0s] epoch 35 step 106650 avg_loss=4.595
[4085.0s] epoch 35 step 106700 avg_loss=4.639
[4086.8s] epoch 35 step 106750 avg_loss=4.617
[4088.4s] epoch 35 step 106800 avg_loss=4.579
[4090.5s] epoch 35 step 106850 avg_loss=4.578
[4092.4s] epoch 35 step 106900 avg_loss=4.578
[4094.1s] epoch 35 step 106950 avg_loss=4.545
[4095.9s] epoch 35 step 107000 avg_loss=4.522
[4097.8s] epoch 35 step 107050 avg_loss=4.541
[4099.6s] epoch 35 step 107100 avg_loss=4.549
[4101.6s] epoch 35 step 107150 avg_loss=4.528
[4103.7s] epoch 35 step 107200 avg_loss=4.513
[4105.3s] epoch 35 step 107250 avg_loss=4.474
[4107.2s] epoch 35 step 107300 avg_loss=4.473
[4109.1s] epoch 35 step 107350 avg_loss=4.487
[4110.7s] epoch 35 step 107400 avg_loss=4.452
[4112.8s] epoch 35 step 107450 avg_loss=4.468
[4114.6s] epoch 35 step 107500 avg_loss=4.459
[4116.3s] epoch 35 step 107550 avg_loss=4.442
[4118.0s] epoch 35 step 107600 avg_loss=4.430
[4120.0s] epoch 35 step 107650 avg_loss=4.439
[4121.9s] epoch 35 step 107700 avg_loss=4.474
[4123.9s] epoch 35 step 107750 avg_loss=4.498
[4125.8s] epoch 35 step 107800 avg_loss=4.479
[4127.5s] epoch 35 step 107850 avg_loss=4.468
[4129.3s] epoch 35 step 107900 avg_loss=4.450
[4131.2s] epoch 35 step 107950 avg_loss=4.433
[4133.1s] epoch 35 step 108000 avg_loss=4.465
[4133.1s] === epoch 35 done: avg_loss=4.465 (n=3000 derivations) ===
[4135.0s] epoch 36 step 108050 avg_loss=4.030
[4136.8s] epoch 36 step 108100 avg_loss=4.098
[4138.5s] epoch 36 step 108150 avg_loss=4.164
[4140.1s] epoch 36 step 108200 avg_loss=3.928
[4141.7s] epoch 36 step 108250 avg_loss=3.947
[4143.5s] epoch 36 step 108300 avg_loss=3.877
[4145.8s] epoch 36 step 108350 avg_loss=3.969
[4147.4s] epoch 36 step 108400 avg_loss=3.942
[4149.3s] epoch 36 step 108450 avg_loss=3.877
[4151.4s] epoch 36 step 108500 avg_loss=3.878
[4153.2s] epoch 36 step 108550 avg_loss=3.922
[4155.1s] epoch 36 step 108600 avg_loss=3.917
[4157.3s] epoch 36 step 108650 avg_loss=3.956
[4159.0s] epoch 36 step 108700 avg_loss=3.903
[4161.0s] epoch 36 step 108750 avg_loss=3.899
[4162.8s] epoch 36 step 108800 avg_loss=3.999
[4164.5s] epoch 36 step 108850 avg_loss=4.032
[4166.1s] epoch 36 step 108900 avg_loss=4.088
[4167.8s] epoch 36 step 108950 avg_loss=4.073
[4169.8s] epoch 36 step 109000 avg_loss=4.206
[4171.8s] epoch 36 step 109050 avg_loss=4.119
[4174.1s] epoch 36 step 109100 avg_loss=4.190
[4176.1s] epoch 36 step 109150 avg_loss=4.168
[4178.0s] epoch 36 step 109200 avg_loss=4.109
[4180.0s] epoch 36 step 109250 avg_loss=4.187
[4181.5s] epoch 36 step 109300 avg_loss=4.220
[4183.4s] epoch 36 step 109350 avg_loss=4.199
[4185.1s] epoch 36 step 109400 avg_loss=4.160
[4187.3s] epoch 36 step 109450 avg_loss=4.178
[4188.8s] epoch 36 step 109500 avg_loss=4.146
[4190.7s] epoch 36 step 109550 avg_loss=4.103
[4192.7s] epoch 36 step 109600 avg_loss=4.069
[4194.4s] epoch 36 step 109650 avg_loss=4.067
[4196.2s] epoch 36 step 109700 avg_loss=4.089
[4198.0s] epoch 36 step 109750 avg_loss=4.117
[4200.1s] epoch 36 step 109800 avg_loss=4.115
[4202.1s] epoch 36 step 109850 avg_loss=4.100
[4203.9s] epoch 36 step 109900 avg_loss=4.176
[4205.7s] epoch 36 step 109950 avg_loss=4.124
[4207.8s] epoch 36 step 110000 avg_loss=4.143
[4209.3s] epoch 36 step 110050 avg_loss=4.101
[4211.2s] epoch 36 step 110100 avg_loss=4.098
[4213.0s] epoch 36 step 110150 avg_loss=4.109
[4214.9s] epoch 36 step 110200 avg_loss=4.151
[4216.6s] epoch 36 step 110250 avg_loss=4.153
[4218.3s] epoch 36 step 110300 avg_loss=4.150
[4220.0s] epoch 36 step 110350 avg_loss=4.173
[4221.9s] epoch 36 step 110400 avg_loss=4.170
[4224.0s] epoch 36 step 110450 avg_loss=4.223
[4226.1s] epoch 36 step 110500 avg_loss=4.206
[4227.9s] epoch 36 step 110550 avg_loss=4.205
[4229.4s] epoch 36 step 110600 avg_loss=4.217
[4231.4s] epoch 36 step 110650 avg_loss=4.206
[4233.1s] epoch 36 step 110700 avg_loss=4.191
[4235.2s] epoch 36 step 110750 avg_loss=4.225
[4236.8s] epoch 36 step 110800 avg_loss=4.214
[4238.7s] epoch 36 step 110850 avg_loss=4.224
[4240.5s] epoch 36 step 110900 avg_loss=4.229
[4242.4s] epoch 36 step 110950 avg_loss=4.239
[4243.9s] epoch 36 step 111000 avg_loss=4.237
[4243.9s] === epoch 36 done: avg_loss=4.237 (n=3000 derivations) ===
[4245.4s] epoch 37 step 111050 avg_loss=2.620
[4247.1s] epoch 37 step 111100 avg_loss=3.419
[4248.8s] epoch 37 step 111150 avg_loss=3.263
[4250.8s] epoch 37 step 111200 avg_loss=3.796
[4252.7s] epoch 37 step 111250 avg_loss=3.804
[4254.5s] epoch 37 step 111300 avg_loss=3.847
[4256.4s] epoch 37 step 111350 avg_loss=3.714
[4257.9s] epoch 37 step 111400 avg_loss=3.689
[4259.6s] epoch 37 step 111450 avg_loss=3.648
[4261.3s] epoch 37 step 111500 avg_loss=3.657
[4263.1s] epoch 37 step 111550 avg_loss=3.559
[4264.7s] epoch 37 step 111600 avg_loss=3.540
[4266.7s] epoch 37 step 111650 avg_loss=3.715
[4268.5s] epoch 37 step 111700 avg_loss=3.788
[4271.0s] eval step=3500 train_avg_loss=3.775 dev_rank1_f1=0.4721 dev_edge_p=0.4900 dev_edge_r=0.4555
[4272.7s] epoch 37 step 111750 avg_loss=3.790
[4274.3s] epoch 37 step 111800 avg_loss=3.725
[4275.9s] epoch 37 step 111850 avg_loss=3.686
[4277.7s] epoch 37 step 111900 avg_loss=3.688
[4279.4s] epoch 37 step 111950 avg_loss=3.825
[4281.2s] epoch 37 step 112000 avg_loss=3.805
[4282.8s] epoch 37 step 112050 avg_loss=3.841
[4284.7s] epoch 37 step 112100 avg_loss=3.830
[4286.3s] epoch 37 step 112150 avg_loss=3.811
[4288.0s] epoch 37 step 112200 avg_loss=3.829
[4289.8s] epoch 37 step 112250 avg_loss=3.802
[4291.3s] epoch 37 step 112300 avg_loss=3.785
[4293.5s] epoch 37 step 112350 avg_loss=3.837
[4295.5s] epoch 37 step 112400 avg_loss=3.907
[4297.3s] epoch 37 step 112450 avg_loss=3.953
[4298.9s] epoch 37 step 112500 avg_loss=3.952
[4301.0s] epoch 37 step 112550 avg_loss=3.948
[4302.5s] epoch 37 step 112600 avg_loss=3.885
[4304.2s] epoch 37 step 112650 avg_loss=3.893
[4305.9s] epoch 37 step 112700 avg_loss=3.896
[4307.5s] epoch 37 step 112750 avg_loss=3.874
[4309.1s] epoch 37 step 112800 avg_loss=3.862
[4310.9s] epoch 37 step 112850 avg_loss=3.879
[4312.8s] epoch 37 step 112900 avg_loss=3.921
[4314.3s] epoch 37 step 112950 avg_loss=3.888
[4316.0s] epoch 37 step 113000 avg_loss=3.863
[4317.9s] epoch 37 step 113050 avg_loss=3.925
[4319.5s] epoch 37 step 113100 avg_loss=3.966
[4321.3s] epoch 37 step 113150 avg_loss=3.965
[4323.0s] epoch 37 step 113200 avg_loss=3.962
[4325.0s] epoch 37 step 113250 avg_loss=3.972
[4326.7s] epoch 37 step 113300 avg_loss=3.962
[4328.5s] epoch 37 step 113350 avg_loss=3.985
[4330.5s] epoch 37 step 113400 avg_loss=4.020
[4332.3s] epoch 37 step 113450 avg_loss=4.015
[4333.8s] epoch 37 step 113500 avg_loss=4.003
[4335.2s] epoch 37 step 113550 avg_loss=3.986
[4337.0s] epoch 37 step 113600 avg_loss=3.991
[4338.6s] epoch 37 step 113650 avg_loss=4.034
[4340.4s] epoch 37 step 113700 avg_loss=4.030
[4342.3s] epoch 37 step 113750 avg_loss=4.041
[4344.1s] epoch 37 step 113800 avg_loss=4.044
[4346.0s] epoch 37 step 113850 avg_loss=4.074
[4347.9s] epoch 37 step 113900 avg_loss=4.058
[4349.6s] epoch 37 step 113950 avg_loss=4.050
[4351.3s] epoch 37 step 114000 avg_loss=4.065
[4351.3s] === epoch 37 done: avg_loss=4.065 (n=3000 derivations) ===
[4353.0s] epoch 38 step 114050 avg_loss=3.560
[4354.4s] epoch 38 step 114100 avg_loss=2.663
[4356.0s] epoch 38 step 114150 avg_loss=2.680
[4357.9s] epoch 38 step 114200 avg_loss=2.707
[4359.8s] epoch 38 step 114250 avg_loss=3.090
[4361.3s] epoch 38 step 114300 avg_loss=3.232
[4363.0s] epoch 38 step 114350 avg_loss=3.217
[4364.9s] epoch 38 step 114400 avg_loss=3.177
[4366.8s] epoch 38 step 114450 avg_loss=3.361
[4368.4s] epoch 38 step 114500 avg_loss=3.257
[4370.0s] epoch 38 step 114550 avg_loss=3.266
[4371.7s] epoch 38 step 114600 avg_loss=3.218
[4373.5s] epoch 38 step 114650 avg_loss=3.230
[4375.7s] epoch 38 step 114700 avg_loss=3.675
[4377.3s] epoch 38 step 114750 avg_loss=3.727
[4378.9s] epoch 38 step 114800 avg_loss=3.716
[4380.6s] epoch 38 step 114850 avg_loss=3.712
[4382.5s] epoch 38 step 114900 avg_loss=3.676
[4384.3s] epoch 38 step 114950 avg_loss=3.650
[4386.1s] epoch 38 step 115000 avg_loss=3.653
[4387.9s] epoch 38 step 115050 avg_loss=3.717
[4389.8s] epoch 38 step 115100 avg_loss=3.745
[4391.9s] epoch 38 step 115150 avg_loss=3.749
[4393.6s] epoch 38 step 115200 avg_loss=3.767
[4395.2s] epoch 38 step 115250 avg_loss=3.742
[4396.8s] epoch 38 step 115300 avg_loss=3.748
[4398.6s] epoch 38 step 115350 avg_loss=3.757
[4400.3s] epoch 38 step 115400 avg_loss=3.754
[4402.1s] epoch 38 step 115450 avg_loss=3.782
[4403.8s] epoch 38 step 115500 avg_loss=3.788
[4405.5s] epoch 38 step 115550 avg_loss=3.775
[4407.3s] epoch 38 step 115600 avg_loss=3.800
[4409.0s] epoch 38 step 115650 avg_loss=3.761
[4410.5s] epoch 38 step 115700 avg_loss=3.760
[4412.1s] epoch 38 step 115750 avg_loss=3.755
[4413.9s] epoch 38 step 115800 avg_loss=3.802
[4415.7s] epoch 38 step 115850 avg_loss=3.801
[4417.5s] epoch 38 step 115900 avg_loss=3.857
[4419.5s] epoch 38 step 115950 avg_loss=3.840
[4421.4s] epoch 38 step 116000 avg_loss=3.878
[4423.1s] epoch 38 step 116050 avg_loss=3.872
[4424.9s] epoch 38 step 116100 avg_loss=3.923
[4426.6s] epoch 38 step 116150 avg_loss=3.900
[4428.3s] epoch 38 step 116200 avg_loss=3.895
[4430.1s] epoch 38 step 116250 avg_loss=3.902
[4431.8s] epoch 38 step 116300 avg_loss=3.878
[4433.4s] epoch 38 step 116350 avg_loss=3.861
[4435.2s] epoch 38 step 116400 avg_loss=3.839
[4437.2s] epoch 38 step 116450 avg_loss=3.847
[4439.0s] epoch 38 step 116500 avg_loss=3.831
[4440.9s] epoch 38 step 116550 avg_loss=3.826
[4442.9s] epoch 38 step 116600 avg_loss=3.854
[4444.5s] epoch 38 step 116650 avg_loss=3.832
[4446.7s] epoch 38 step 116700 avg_loss=3.854
[4448.5s] epoch 38 step 116750 avg_loss=3.889
[4450.2s] epoch 38 step 116800 avg_loss=3.885
[4452.1s] epoch 38 step 116850 avg_loss=3.909
[4453.9s] epoch 38 step 116900 avg_loss=3.922
[4455.8s] epoch 38 step 116950 avg_loss=3.928
[4457.4s] epoch 38 step 117000 avg_loss=3.899
[4457.4s] === epoch 38 done: avg_loss=3.899 (n=3000 derivations) ===
[4459.3s] epoch 39 step 117050 avg_loss=3.919
[4461.3s] epoch 39 step 117100 avg_loss=3.828
[4463.3s] epoch 39 step 117150 avg_loss=3.731
[4465.3s] epoch 39 step 117200 avg_loss=3.758
[4467.4s] epoch 39 step 117250 avg_loss=4.138
[4469.3s] epoch 39 step 117300 avg_loss=4.132
[4471.3s] epoch 39 step 117350 avg_loss=4.158
[4473.1s] epoch 39 step 117400 avg_loss=3.980
[4475.3s] epoch 39 step 117450 avg_loss=3.832
[4477.0s] epoch 39 step 117500 avg_loss=3.665
[4478.9s] epoch 39 step 117550 avg_loss=3.763
[4480.7s] epoch 39 step 117600 avg_loss=3.713
[4482.7s] epoch 39 step 117650 avg_loss=3.864
[4484.5s] epoch 39 step 117700 avg_loss=3.888
[4486.4s] epoch 39 step 117750 avg_loss=3.820
[4488.3s] epoch 39 step 117800 avg_loss=3.810
[4489.9s] epoch 39 step 117850 avg_loss=3.730
[4492.0s] epoch 39 step 117900 avg_loss=3.691
[4493.6s] epoch 39 step 117950 avg_loss=3.641
[4495.3s] epoch 39 step 118000 avg_loss=3.602
[4497.3s] epoch 39 step 118050 avg_loss=3.629
[4499.1s] epoch 39 step 118100 avg_loss=3.645
[4500.9s] epoch 39 step 118150 avg_loss=3.649
[4502.4s] epoch 39 step 118200 avg_loss=3.606
[4504.2s] epoch 39 step 118250 avg_loss=3.592
[4505.9s] epoch 39 step 118300 avg_loss=3.639
[4507.6s] epoch 39 step 118350 avg_loss=3.706
[4509.4s] epoch 39 step 118400 avg_loss=3.721
[4511.3s] epoch 39 step 118450 avg_loss=3.714
[4513.3s] epoch 39 step 118500 avg_loss=3.722
[4515.0s] epoch 39 step 118550 avg_loss=3.672
[4516.7s] epoch 39 step 118600 avg_loss=3.641
[4518.5s] epoch 39 step 118650 avg_loss=3.655
[4520.4s] epoch 39 step 118700 avg_loss=3.660
[4522.2s] epoch 39 step 118750 avg_loss=3.640
[4524.1s] epoch 39 step 118800 avg_loss=3.675
[4525.9s] epoch 39 step 118850 avg_loss=3.644
[4527.6s] epoch 39 step 118900 avg_loss=3.623
[4529.6s] epoch 39 step 118950 avg_loss=3.701
[4531.3s] epoch 39 step 119000 avg_loss=3.693
[4532.7s] epoch 39 step 119050 avg_loss=3.658
[4534.3s] epoch 39 step 119100 avg_loss=3.655
[4536.0s] epoch 39 step 119150 avg_loss=3.635
[4537.9s] epoch 39 step 119200 avg_loss=3.621
[4539.4s] epoch 39 step 119250 avg_loss=3.597
[4541.3s] epoch 39 step 119300 avg_loss=3.627
[4543.3s] epoch 39 step 119350 avg_loss=3.615
[4545.1s] epoch 39 step 119400 avg_loss=3.640
[4546.7s] epoch 39 step 119450 avg_loss=3.617
[4548.5s] epoch 39 step 119500 avg_loss=3.608
[4550.5s] epoch 39 step 119550 avg_loss=3.651
[4552.3s] epoch 39 step 119600 avg_loss=3.657
[4553.9s] epoch 39 step 119650 avg_loss=3.673
[4557.6s] eval step=3750 train_avg_loss=3.713 dev_rank1_f1=0.4795 dev_edge_p=0.4947 dev_edge_r=0.4652
[4558.0s] epoch 39 step 119700 avg_loss=3.705
[4559.6s] epoch 39 step 119750 avg_loss=3.697
[4561.2s] epoch 39 step 119800 avg_loss=3.694
[4563.1s] epoch 39 step 119850 avg_loss=3.736
[4564.8s] epoch 39 step 119900 avg_loss=3.743
[4566.6s] epoch 39 step 119950 avg_loss=3.750
[4568.3s] epoch 39 step 120000 avg_loss=3.729
[4568.3s] === epoch 39 done: avg_loss=3.729 (n=3000 derivations) ===
[4570.0s] epoch 40 step 120050 avg_loss=3.167
[4571.7s] epoch 40 step 120100 avg_loss=3.417
[4573.3s] epoch 40 step 120150 avg_loss=3.260
[4574.9s] epoch 40 step 120200 avg_loss=3.237
[4576.5s] epoch 40 step 120250 avg_loss=3.302
[4578.2s] epoch 40 step 120300 avg_loss=3.225
[4579.9s] epoch 40 step 120350 avg_loss=3.064
[4581.7s] epoch 40 step 120400 avg_loss=3.150
[4583.6s] epoch 40 step 120450 avg_loss=3.434
[4585.4s] epoch 40 step 120500 avg_loss=3.439
[4587.2s] epoch 40 step 120550 avg_loss=3.402
[4588.9s] epoch 40 step 120600 avg_loss=3.408
[4590.6s] epoch 40 step 120650 avg_loss=3.417
[4592.3s] epoch 40 step 120700 avg_loss=3.434
[4593.9s] epoch 40 step 120750 avg_loss=3.458
[4595.4s] epoch 40 step 120800 avg_loss=3.395
[4597.0s] epoch 40 step 120850 avg_loss=3.459
[4598.8s] epoch 40 step 120900 avg_loss=3.546
[4600.7s] epoch 40 step 120950 avg_loss=3.556
[4602.5s] epoch 40 step 121000 avg_loss=3.516
[4604.2s] epoch 40 step 121050 avg_loss=3.544
[4605.8s] epoch 40 step 121100 avg_loss=3.517
[4607.4s] epoch 40 step 121150 avg_loss=3.488
[4609.2s] epoch 40 step 121200 avg_loss=3.581
[4610.9s] epoch 40 step 121250 avg_loss=3.527
[4612.5s] epoch 40 step 121300 avg_loss=3.500
[4614.3s] epoch 40 step 121350 avg_loss=3.524
[4616.2s] epoch 40 step 121400 avg_loss=3.514
[4618.2s] epoch 40 step 121450 avg_loss=3.565
[4619.7s] epoch 40 step 121500 avg_loss=3.514
[4621.4s] epoch 40 step 121550 avg_loss=3.507
[4623.1s] epoch 40 step 121600 avg_loss=3.550
[4624.8s] epoch 40 step 121650 avg_loss=3.538
[4626.7s] epoch 40 step 121700 avg_loss=3.539
[4628.7s] epoch 40 step 121750 avg_loss=3.507
[4630.6s] epoch 40 step 121800 avg_loss=3.499
[4632.3s] epoch 40 step 121850 avg_loss=3.457
[4634.3s] epoch 40 step 121900 avg_loss=3.514
[4636.1s] epoch 40 step 121950 avg_loss=3.499
[4637.9s] epoch 40 step 122000 avg_loss=3.486
[4639.9s] epoch 40 step 122050 avg_loss=3.516
[4641.8s] epoch 40 step 122100 avg_loss=3.488
[4643.7s] epoch 40 step 122150 avg_loss=3.482
[4645.4s] epoch 40 step 122200 avg_loss=3.464
[4647.0s] epoch 40 step 122250 avg_loss=3.437
[4648.7s] epoch 40 step 122300 avg_loss=3.429
[4650.4s] epoch 40 step 122350 avg_loss=3.420
[4652.3s] epoch 40 step 122400 avg_loss=3.469
[4654.0s] epoch 40 step 122450 avg_loss=3.484
[4655.8s] epoch 40 step 122500 avg_loss=3.507
[4657.6s] epoch 40 step 122550 avg_loss=3.498
[4659.3s] epoch 40 step 122600 avg_loss=3.486
[4661.2s] epoch 40 step 122650 avg_loss=3.517
[4662.9s] epoch 40 step 122700 avg_loss=3.506
[4664.6s] epoch 40 step 122750 avg_loss=3.511
[4666.1s] epoch 40 step 122800 avg_loss=3.489
[4667.8s] epoch 40 step 122850 avg_loss=3.504
[4669.4s] epoch 40 step 122900 avg_loss=3.509
[4671.5s] epoch 40 step 122950 avg_loss=3.519
[4673.3s] epoch 40 step 123000 avg_loss=3.505
[4673.3s] === epoch 40 done: avg_loss=3.505 (n=3000 derivations) ===
[4675.0s] epoch 41 step 123050 avg_loss=3.455
[4676.7s] epoch 41 step 123100 avg_loss=3.285
[4678.4s] epoch 41 step 123150 avg_loss=3.388
[4680.2s] epoch 41 step 123200 avg_loss=3.455
[4681.8s] epoch 41 step 123250 avg_loss=3.236
[4683.8s] epoch 41 step 123300 avg_loss=3.470
[4685.2s] epoch 41 step 123350 avg_loss=3.268
[4687.0s] epoch 41 step 123400 avg_loss=3.342
[4688.8s] epoch 41 step 123450 avg_loss=3.309
[4690.5s] epoch 41 step 123500 avg_loss=3.284
[4692.2s] epoch 41 step 123550 avg_loss=3.280
[4694.0s] epoch 41 step 123600 avg_loss=3.200
[4695.9s] epoch 41 step 123650 avg_loss=3.183
[4697.8s] epoch 41 step 123700 avg_loss=3.130
[4699.4s] epoch 41 step 123750 avg_loss=3.119
[4701.3s] epoch 41 step 123800 avg_loss=3.177
[4703.0s] epoch 41 step 123850 avg_loss=3.127
[4704.8s] epoch 41 step 123900 avg_loss=3.110
[4706.6s] epoch 41 step 123950 avg_loss=3.081
[4708.5s] epoch 41 step 124000 avg_loss=3.071
[4710.2s] epoch 41 step 124050 avg_loss=3.037
[4712.0s] epoch 41 step 124100 avg_loss=3.090
[4713.9s] epoch 41 step 124150 avg_loss=3.175
[4715.9s] epoch 41 step 124200 avg_loss=3.109
[4717.7s] epoch 41 step 124250 avg_loss=3.065
[4719.6s] epoch 41 step 124300 avg_loss=3.164
[4721.4s] epoch 41 step 124350 avg_loss=3.140
[4723.2s] epoch 41 step 124400 avg_loss=3.169
[4725.0s] epoch 41 step 124450 avg_loss=3.167
[4726.9s] epoch 41 step 124500 avg_loss=3.191
[4728.9s] epoch 41 step 124550 avg_loss=3.205
[4730.4s] epoch 41 step 124600 avg_loss=3.202
[4732.0s] epoch 41 step 124650 avg_loss=3.163
[4733.7s] epoch 41 step 124700 avg_loss=3.194
[4735.3s] epoch 41 step 124750 avg_loss=3.192
[4737.2s] epoch 41 step 124800 avg_loss=3.229
[4738.9s] epoch 41 step 124850 avg_loss=3.214
[4741.0s] epoch 41 step 124900 avg_loss=3.216
[4742.5s] epoch 41 step 124950 avg_loss=3.177
[4744.3s] epoch 41 step 125000 avg_loss=3.204
[4746.0s] epoch 41 step 125050 avg_loss=3.190
[4747.7s] epoch 41 step 125100 avg_loss=3.208
[4749.2s] epoch 41 step 125150 avg_loss=3.196
[4751.1s] epoch 41 step 125200 avg_loss=3.206
[4753.0s] epoch 41 step 125250 avg_loss=3.220
[4754.8s] epoch 41 step 125300 avg_loss=3.226
[4756.8s] epoch 41 step 125350 avg_loss=3.248
[4758.6s] epoch 41 step 125400 avg_loss=3.217
[4760.3s] epoch 41 step 125450 avg_loss=3.221
[4761.7s] epoch 41 step 125500 avg_loss=3.205
[4763.3s] epoch 41 step 125550 avg_loss=3.217
[4765.0s] epoch 41 step 125600 avg_loss=3.222
[4767.0s] epoch 41 step 125650 avg_loss=3.250
[4769.0s] epoch 41 step 125700 avg_loss=3.275
[4771.0s] epoch 41 step 125750 avg_loss=3.290
[4772.6s] epoch 41 step 125800 avg_loss=3.303
[4774.5s] epoch 41 step 125850 avg_loss=3.307
[4776.4s] epoch 41 step 125900 avg_loss=3.354
[4778.1s] epoch 41 step 125950 avg_loss=3.351
[4779.7s] epoch 41 step 126000 avg_loss=3.342
[4779.7s] === epoch 41 done: avg_loss=3.342 (n=3000 derivations) ===
[4781.6s] epoch 42 step 126050 avg_loss=3.725
[4783.2s] epoch 42 step 126100 avg_loss=2.852
[4785.0s] epoch 42 step 126150 avg_loss=2.730
[4787.0s] epoch 42 step 126200 avg_loss=2.978
[4788.6s] epoch 42 step 126250 avg_loss=2.810
[4790.3s] epoch 42 step 126300 avg_loss=2.881
[4791.8s] epoch 42 step 126350 avg_loss=2.794
[4793.7s] epoch 42 step 126400 avg_loss=2.791
[4795.4s] epoch 42 step 126450 avg_loss=2.740
[4797.3s] epoch 42 step 126500 avg_loss=2.813
[4798.8s] epoch 42 step 126550 avg_loss=2.835
[4800.6s] epoch 42 step 126600 avg_loss=2.739
[4802.4s] epoch 42 step 126650 avg_loss=2.733
[4804.1s] epoch 42 step 126700 avg_loss=2.692
[4805.8s] epoch 42 step 126750 avg_loss=2.690
[4807.6s] epoch 42 step 126800 avg_loss=2.719
[4809.2s] epoch 42 step 126850 avg_loss=2.719
[4810.9s] epoch 42 step 126900 avg_loss=2.749
[4812.5s] epoch 42 step 126950 avg_loss=2.779
[4814.1s] epoch 42 step 127000 avg_loss=2.776
[4815.7s] epoch 42 step 127050 avg_loss=2.744
[4817.4s] epoch 42 step 127100 avg_loss=2.713
[4819.0s] epoch 42 step 127150 avg_loss=2.734
[4820.8s] epoch 42 step 127200 avg_loss=2.822
[4822.5s] epoch 42 step 127250 avg_loss=2.865
[4824.1s] epoch 42 step 127300 avg_loss=2.827
[4825.9s] epoch 42 step 127350 avg_loss=2.883
[4827.7s] epoch 42 step 127400 avg_loss=2.859
[4829.5s] epoch 42 step 127450 avg_loss=2.852
[4831.2s] epoch 42 step 127500 avg_loss=2.889
[4833.0s] epoch 42 step 127550 avg_loss=2.945
[4834.8s] epoch 42 step 127600 avg_loss=2.955
[4836.6s] epoch 42 step 127650 avg_loss=2.918
[4839.6s] eval step=4000 train_avg_loss=2.917 dev_rank1_f1=0.4634 dev_edge_p=0.4830 dev_edge_r=0.4453
[4840.8s] epoch 42 step 127700 avg_loss=2.906
[4842.6s] epoch 42 step 127750 avg_loss=2.923
[4844.5s] epoch 42 step 127800 avg_loss=2.928
[4846.7s] epoch 42 step 127850 avg_loss=2.928
[4848.5s] epoch 42 step 127900 avg_loss=2.953
[4850.3s] epoch 42 step 127950 avg_loss=2.977
[4852.0s] epoch 42 step 128000 avg_loss=3.032
[4853.9s] epoch 42 step 128050 avg_loss=3.079
[4855.6s] epoch 42 step 128100 avg_loss=3.071
[4857.8s] epoch 42 step 128150 avg_loss=3.051
[4859.7s] epoch 42 step 128200 avg_loss=3.047
[4861.6s] epoch 42 step 128250 avg_loss=3.042
[4863.4s] epoch 42 step 128300 avg_loss=3.017
[4865.2s] epoch 42 step 128350 avg_loss=3.040
[4867.1s] epoch 42 step 128400 avg_loss=3.079
[4868.8s] epoch 42 step 128450 avg_loss=3.103
[4870.6s] epoch 42 step 128500 avg_loss=3.111
[4872.4s] epoch 42 step 128550 avg_loss=3.130
[4874.0s] epoch 42 step 128600 avg_loss=3.137
[4875.6s] epoch 42 step 128650 avg_loss=3.140
[4877.3s] epoch 42 step 128700 avg_loss=3.149
[4879.2s] epoch 42 step 128750 avg_loss=3.170
[4880.9s] epoch 42 step 128800 avg_loss=3.160
[4882.4s] epoch 42 step 128850 avg_loss=3.166
[4884.2s] epoch 42 step 128900 avg_loss=3.168
[4885.9s] epoch 42 step 128950 avg_loss=3.188
[4887.9s] epoch 42 step 129000 avg_loss=3.200
[4887.9s] === epoch 42 done: avg_loss=3.200 (n=3000 derivations) ===
[4889.5s] epoch 43 step 129050 avg_loss=2.874
[4891.4s] epoch 43 step 129100 avg_loss=2.684
[4893.0s] epoch 43 step 129150 avg_loss=2.640
[4894.6s] epoch 43 step 129200 avg_loss=2.684
[4896.1s] epoch 43 step 129250 avg_loss=2.531
[4897.8s] epoch 43 step 129300 avg_loss=2.572
[4899.3s] epoch 43 step 129350 avg_loss=2.782
[4901.0s] epoch 43 step 129400 avg_loss=2.795
[4902.6s] epoch 43 step 129450 avg_loss=2.694
[4904.6s] epoch 43 step 129500 avg_loss=2.755
[4906.6s] epoch 43 step 129550 avg_loss=2.847
[4908.3s] epoch 43 step 129600 avg_loss=2.821
[4909.9s] epoch 43 step 129650 avg_loss=2.766
[4911.7s] epoch 43 step 129700 avg_loss=2.773
[4913.5s] epoch 43 step 129750 avg_loss=2.784
[4915.2s] epoch 43 step 129800 avg_loss=2.788
[4916.7s] epoch 43 step 129850 avg_loss=2.744
[4918.4s] epoch 43 step 129900 avg_loss=2.740
[4919.9s] epoch 43 step 129950 avg_loss=2.678
[4922.0s] epoch 43 step 130000 avg_loss=2.695
[4923.8s] epoch 43 step 130050 avg_loss=2.750
[4925.4s] epoch 43 step 130100 avg_loss=2.702
[4927.1s] epoch 43 step 130150 avg_loss=2.737
[4928.9s] epoch 43 step 130200 avg_loss=2.769
[4930.6s] epoch 43 step 130250 avg_loss=2.908
[4932.8s] epoch 43 step 130300 avg_loss=2.925
[4934.7s] epoch 43 step 130350 avg_loss=2.947
[4936.2s] epoch 43 step 130400 avg_loss=2.933
[4938.1s] epoch 43 step 130450 avg_loss=2.977
[4939.9s] epoch 43 step 130500 avg_loss=2.996
[4941.6s] epoch 43 step 130550 avg_loss=3.003
[4943.4s] epoch 43 step 130600 avg_loss=3.022
[4945.1s] epoch 43 step 130650 avg_loss=3.017
[4946.7s] epoch 43 step 130700 avg_loss=2.998
[4948.6s] epoch 43 step 130750 avg_loss=3.025
[4950.7s] epoch 43 step 130800 avg_loss=3.106
[4952.4s] epoch 43 step 130850 avg_loss=3.085
[4954.3s] epoch 43 step 130900 avg_loss=3.097
[4955.8s] epoch 43 step 130950 avg_loss=3.060
[4957.4s] epoch 43 step 131000 avg_loss=3.079
[4959.0s] epoch 43 step 131050 avg_loss=3.105
[4960.7s] epoch 43 step 131100 avg_loss=3.098
[4962.4s] epoch 43 step 131150 avg_loss=3.121
[4963.9s] epoch 43 step 131200 avg_loss=3.089
[4965.4s] epoch 43 step 131250 avg_loss=3.079
[4967.2s] epoch 43 step 131300 avg_loss=3.099
[4969.0s] epoch 43 step 131350 avg_loss=3.135
[4970.9s] epoch 43 step 131400 avg_loss=3.176
[4972.6s] epoch 43 step 131450 avg_loss=3.184
[4974.3s] epoch 43 step 131500 avg_loss=3.178
[4976.1s] epoch 43 step 131550 avg_loss=3.156
[4977.6s] epoch 43 step 131600 avg_loss=3.130
[4979.2s] epoch 43 step 131650 avg_loss=3.121
[4980.9s] epoch 43 step 131700 avg_loss=3.122
[4982.7s] epoch 43 step 131750 avg_loss=3.140
[4984.3s] epoch 43 step 131800 avg_loss=3.147
[4986.3s] epoch 43 step 131850 avg_loss=3.157
[4987.9s] epoch 43 step 131900 avg_loss=3.142
[4989.5s] epoch 43 step 131950 avg_loss=3.137
[4991.2s] epoch 43 step 132000 avg_loss=3.147
[4991.2s] === epoch 43 done: avg_loss=3.147 (n=3000 derivations) ===
[4992.8s] epoch 44 step 132050 avg_loss=2.848
[4994.3s] epoch 44 step 132100 avg_loss=2.579
[4995.7s] epoch 44 step 132150 avg_loss=2.385
[4997.6s] epoch 44 step 132200 avg_loss=2.536
[4999.3s] epoch 44 step 132250 avg_loss=2.622
[5000.8s] epoch 44 step 132300 avg_loss=2.552
[5002.4s] epoch 44 step 132350 avg_loss=2.497
[5004.2s] epoch 44 step 132400 avg_loss=2.512
[5005.8s] epoch 44 step 132450 avg_loss=2.469
[5007.6s] epoch 44 step 132500 avg_loss=2.508
[5009.2s] epoch 44 step 132550 avg_loss=2.549
[5010.9s] epoch 44 step 132600 avg_loss=2.640
[5012.7s] epoch 44 step 132650 avg_loss=2.744
[5014.7s] epoch 44 step 132700 avg_loss=2.774
[5016.7s] epoch 44 step 132750 avg_loss=2.909
[5018.3s] epoch 44 step 132800 avg_loss=2.852
[5020.2s] epoch 44 step 132850 avg_loss=2.863
[5021.7s] epoch 44 step 132900 avg_loss=2.844
[5023.7s] epoch 44 step 132950 avg_loss=2.854
[5025.6s] epoch 44 step 133000 avg_loss=2.893
[5027.5s] epoch 44 step 133050 avg_loss=2.890
[5029.2s] epoch 44 step 133100 avg_loss=2.847
[5030.9s] epoch 44 step 133150 avg_loss=2.924
[5032.6s] epoch 44 step 133200 avg_loss=2.918
[5034.3s] epoch 44 step 133250 avg_loss=2.938
[5036.1s] epoch 44 step 133300 avg_loss=2.937
[5037.9s] epoch 44 step 133350 avg_loss=2.937
[5039.6s] epoch 44 step 133400 avg_loss=2.942
[5041.4s] epoch 44 step 133450 avg_loss=3.051
[5043.0s] epoch 44 step 133500 avg_loss=3.083
[5044.6s] epoch 44 step 133550 avg_loss=3.055
[5046.2s] epoch 44 step 133600 avg_loss=3.048
[5047.7s] epoch 44 step 133650 avg_loss=3.024
[5049.5s] epoch 44 step 133700 avg_loss=3.024
[5051.3s] epoch 44 step 133750 avg_loss=3.039
[5052.8s] epoch 44 step 133800 avg_loss=2.998
[5054.4s] epoch 44 step 133850 avg_loss=2.970
[5056.1s] epoch 44 step 133900 avg_loss=2.982
[5058.0s] epoch 44 step 133950 avg_loss=2.965
[5060.0s] epoch 44 step 134000 avg_loss=2.967
[5061.5s] epoch 44 step 134050 avg_loss=2.983
[5063.1s] epoch 44 step 134100 avg_loss=2.989
[5064.7s] epoch 44 step 134150 avg_loss=2.992
[5066.6s] epoch 44 step 134200 avg_loss=3.033
[5068.6s] epoch 44 step 134250 avg_loss=3.027
[5070.4s] epoch 44 step 134300 avg_loss=3.010
[5071.9s] epoch 44 step 134350 avg_loss=2.974
[5073.5s] epoch 44 step 134400 avg_loss=2.947
[5075.6s] epoch 44 step 134450 avg_loss=2.939
[5077.4s] epoch 44 step 134500 avg_loss=2.927
[5079.2s] epoch 44 step 134550 avg_loss=2.924
[5081.1s] epoch 44 step 134600 avg_loss=2.944
[5082.7s] epoch 44 step 134650 avg_loss=2.971
[5084.5s] epoch 44 step 134700 avg_loss=2.959
[5086.3s] epoch 44 step 134750 avg_loss=2.957
[5088.2s] epoch 44 step 134800 avg_loss=2.971
[5089.9s] epoch 44 step 134850 avg_loss=2.974
[5091.8s] epoch 44 step 134900 avg_loss=2.960
[5093.6s] epoch 44 step 134950 avg_loss=2.958
[5095.1s] epoch 44 step 135000 avg_loss=2.960
[5095.1s] === epoch 44 done: avg_loss=2.960 (n=3000 derivations) ===
[5096.7s] epoch 45 step 135050 avg_loss=2.468
[5098.6s] epoch 45 step 135100 avg_loss=2.391
[5100.3s] epoch 45 step 135150 avg_loss=2.546
[5102.2s] epoch 45 step 135200 avg_loss=2.724
[5103.9s] epoch 45 step 135250 avg_loss=2.810
[5105.3s] epoch 45 step 135300 avg_loss=2.645
[5107.1s] epoch 45 step 135350 avg_loss=2.506
[5108.9s] epoch 45 step 135400 avg_loss=2.527
[5110.5s] epoch 45 step 135450 avg_loss=2.489
[5112.0s] epoch 45 step 135500 avg_loss=2.517
[5113.8s] epoch 45 step 135550 avg_loss=2.572
[5115.6s] epoch 45 step 135600 avg_loss=2.671
[5119.5s] eval step=4250 train_avg_loss=2.628 dev_rank1_f1=0.4746 dev_edge_p=0.4814 dev_edge_r=0.4679
[5119.8s] epoch 45 step 135650 avg_loss=2.614
[5121.7s] epoch 45 step 135700 avg_loss=2.647
[5123.4s] epoch 45 step 135750 avg_loss=2.617
[5125.4s] epoch 45 step 135800 avg_loss=2.620
[5127.1s] epoch 45 step 135850 avg_loss=2.626
[5128.9s] epoch 45 step 135900 avg_loss=2.727
[5130.6s] epoch 45 step 135950 avg_loss=2.737
[5132.2s] epoch 45 step 136000 avg_loss=2.764
[5133.9s] epoch 45 step 136050 avg_loss=2.745
[5135.5s] epoch 45 step 136100 avg_loss=2.758
[5137.2s] epoch 45 step 136150 avg_loss=2.845
[5139.1s] epoch 45 step 136200 avg_loss=2.825
[5140.9s] epoch 45 step 136250 avg_loss=2.826
[5142.3s] epoch 45 step 136300 avg_loss=2.829
[5144.0s] epoch 45 step 136350 avg_loss=2.828
[5145.9s] epoch 45 step 136400 avg_loss=2.837
[5147.8s] epoch 45 step 136450 avg_loss=2.866
[5149.5s] epoch 45 step 136500 avg_loss=2.845
[5151.1s] epoch 45 step 136550 avg_loss=2.825
[5153.0s] epoch 45 step 136600 avg_loss=2.861
[5154.6s] epoch 45 step 136650 avg_loss=2.851
[5156.3s] epoch 45 step 136700 avg_loss=2.857
[5158.0s] epoch 45 step 136750 avg_loss=2.882
[5159.6s] epoch 45 step 136800 avg_loss=2.864
[5161.3s] epoch 45 step 136850 avg_loss=2.899
[5162.9s] epoch 45 step 136900 avg_loss=2.895
[5164.4s] epoch 45 step 136950 avg_loss=2.860
[5166.1s] epoch 45 step 137000 avg_loss=2.881
[5167.9s] epoch 45 step 137050 avg_loss=2.874
[5169.7s] epoch 45 step 137100 avg_loss=2.878
[5171.4s] epoch 45 step 137150 avg_loss=2.876
[5173.1s] epoch 45 step 137200 avg_loss=2.876
[5174.7s] epoch 45 step 137250 avg_loss=2.840
[5176.3s] epoch 45 step 137300 avg_loss=2.817
[5178.0s] epoch 45 step 137350 avg_loss=2.834
[5179.8s] epoch 45 step 137400 avg_loss=2.827
[5181.6s] epoch 45 step 137450 avg_loss=2.815
[5183.2s] epoch 45 step 137500 avg_loss=2.817
[5185.0s] epoch 45 step 137550 avg_loss=2.827
[5186.6s] epoch 45 step 137600 avg_loss=2.853
[5188.2s] epoch 45 step 137650 avg_loss=2.860
[5190.4s] epoch 45 step 137700 avg_loss=2.858
[5191.7s] epoch 45 step 137750 avg_loss=2.842
[5193.6s] epoch 45 step 137800 avg_loss=2.840
[5195.5s] epoch 45 step 137850 avg_loss=2.853
[5197.4s] epoch 45 step 137900 avg_loss=2.853
[5199.1s] epoch 45 step 137950 avg_loss=2.859
[5200.5s] epoch 45 step 138000 avg_loss=2.842
[5200.5s] === epoch 45 done: avg_loss=2.842 (n=3000 derivations) ===
[5202.6s] epoch 46 step 138050 avg_loss=2.440
[5204.2s] epoch 46 step 138100 avg_loss=2.666
[5205.8s] epoch 46 step 138150 avg_loss=2.812
[5207.5s] epoch 46 step 138200 avg_loss=2.788
[5209.4s] epoch 46 step 138250 avg_loss=2.876
[5211.3s] epoch 46 step 138300 avg_loss=2.847
[5213.0s] epoch 46 step 138350 avg_loss=2.660
[5214.5s] epoch 46 step 138400 avg_loss=2.700
[5216.1s] epoch 46 step 138450 avg_loss=2.712
[5218.0s] epoch 46 step 138500 avg_loss=2.763
[5219.6s] epoch 46 step 138550 avg_loss=2.680
[5221.3s] epoch 46 step 138600 avg_loss=2.753
[5222.7s] epoch 46 step 138650 avg_loss=2.665
[5224.4s] epoch 46 step 138700 avg_loss=2.624
[5226.1s] epoch 46 step 138750 avg_loss=2.585
[5227.4s] epoch 46 step 138800 avg_loss=2.521
[5229.0s] epoch 46 step 138850 avg_loss=2.513
[5230.6s] epoch 46 step 138900 avg_loss=2.497
[5232.1s] epoch 46 step 138950 avg_loss=2.456
[5233.7s] epoch 46 step 139000 avg_loss=2.477
[5235.3s] epoch 46 step 139050 avg_loss=2.478
[5236.8s] epoch 46 step 139100 avg_loss=2.541
[5238.5s] epoch 46 step 139150 avg_loss=2.554
[5239.9s] epoch 46 step 139200 avg_loss=2.508
[5241.5s] epoch 46 step 139250 avg_loss=2.506
[5243.2s] epoch 46 step 139300 avg_loss=2.489
[5244.7s] epoch 46 step 139350 avg_loss=2.457
[5246.4s] epoch 46 step 139400 avg_loss=2.457
[5248.2s] epoch 46 step 139450 avg_loss=2.506
[5250.0s] epoch 46 step 139500 avg_loss=2.468
[5251.9s] epoch 46 step 139550 avg_loss=2.513
[5253.5s] epoch 46 step 139600 avg_loss=2.499
[5255.0s] epoch 46 step 139650 avg_loss=2.487
[5256.9s] epoch 46 step 139700 avg_loss=2.522
[5258.6s] epoch 46 step 139750 avg_loss=2.526
[5260.1s] epoch 46 step 139800 avg_loss=2.497
[5261.8s] epoch 46 step 139850 avg_loss=2.487
[5263.7s] epoch 46 step 139900 avg_loss=2.524
[5265.5s] epoch 46 step 139950 avg_loss=2.578
[5267.1s] epoch 46 step 140000 avg_loss=2.574
[5268.6s] epoch 46 step 140050 avg_loss=2.564
[5270.0s] epoch 46 step 140100 avg_loss=2.573
[5271.8s] epoch 46 step 140150 avg_loss=2.572
[5273.8s] epoch 46 step 140200 avg_loss=2.554
[5275.5s] epoch 46 step 140250 avg_loss=2.550
[5277.2s] epoch 46 step 140300 avg_loss=2.548
[5279.1s] epoch 46 step 140350 avg_loss=2.561
[5280.6s] epoch 46 step 140400 avg_loss=2.577
[5282.6s] epoch 46 step 140450 avg_loss=2.612
[5284.3s] epoch 46 step 140500 avg_loss=2.605
[5285.9s] epoch 46 step 140550 avg_loss=2.627
[5287.6s] epoch 46 step 140600 avg_loss=2.603
[5289.5s] epoch 46 step 140650 avg_loss=2.607
[5291.4s] epoch 46 step 140700 avg_loss=2.651
[5293.5s] epoch 46 step 140750 avg_loss=2.690
[5295.2s] epoch 46 step 140800 avg_loss=2.690
[5297.1s] epoch 46 step 140850 avg_loss=2.707
[5298.8s] epoch 46 step 140900 avg_loss=2.700
[5300.6s] epoch 46 step 140950 avg_loss=2.703
[5302.5s] epoch 46 step 141000 avg_loss=2.718
[5302.5s] === epoch 46 done: avg_loss=2.718 (n=3000 derivations) ===
[5304.2s] epoch 47 step 141050 avg_loss=3.148
[5305.8s] epoch 47 step 141100 avg_loss=2.695
[5307.5s] epoch 47 step 141150 avg_loss=2.905
[5309.1s] epoch 47 step 141200 avg_loss=2.814
[5310.7s] epoch 47 step 141250 avg_loss=2.769
[5312.3s] epoch 47 step 141300 avg_loss=2.583
[5314.0s] epoch 47 step 141350 avg_loss=2.691
[5315.8s] epoch 47 step 141400 avg_loss=2.756
[5317.5s] epoch 47 step 141450 avg_loss=2.746
[5318.8s] epoch 47 step 141500 avg_loss=2.617
[5320.5s] epoch 47 step 141550 avg_loss=2.532
[5322.2s] epoch 47 step 141600 avg_loss=2.493
[5324.0s] epoch 47 step 141650 avg_loss=2.494
[5325.7s] epoch 47 step 141700 avg_loss=2.492
[5327.4s] epoch 47 step 141750 avg_loss=2.503
[5329.1s] epoch 47 step 141800 avg_loss=2.492
[5330.7s] epoch 47 step 141850 avg_loss=2.475
[5332.2s] epoch 47 step 141900 avg_loss=2.406
[5333.8s] epoch 47 step 141950 avg_loss=2.386
[5335.4s] epoch 47 step 142000 avg_loss=2.449
[5337.4s] epoch 47 step 142050 avg_loss=2.492
[5339.0s] epoch 47 step 142100 avg_loss=2.465
[5340.8s] epoch 47 step 142150 avg_loss=2.468
[5342.5s] epoch 47 step 142200 avg_loss=2.482
[5344.3s] epoch 47 step 142250 avg_loss=2.506
[5346.0s] epoch 47 step 142300 avg_loss=2.558
[5347.7s] epoch 47 step 142350 avg_loss=2.559
[5349.2s] epoch 47 step 142400 avg_loss=2.547
[5350.8s] epoch 47 step 142450 avg_loss=2.564
[5352.5s] epoch 47 step 142500 avg_loss=2.550
[5354.2s] epoch 47 step 142550 avg_loss=2.562
[5356.0s] epoch 47 step 142600 avg_loss=2.593
[5357.6s] epoch 47 step 142650 avg_loss=2.573
[5359.2s] epoch 47 step 142700 avg_loss=2.551
[5360.8s] epoch 47 step 142750 avg_loss=2.546
[5362.6s] epoch 47 step 142800 avg_loss=2.517
[5364.3s] epoch 47 step 142850 avg_loss=2.514
[5366.0s] epoch 47 step 142900 avg_loss=2.547
[5367.7s] epoch 47 step 142950 avg_loss=2.582
[5369.3s] epoch 47 step 143000 avg_loss=2.578
[5370.9s] epoch 47 step 143050 avg_loss=2.562
[5372.7s] epoch 47 step 143100 avg_loss=2.603
[5374.5s] epoch 47 step 143150 avg_loss=2.634
[5376.3s] epoch 47 step 143200 avg_loss=2.618
[5378.3s] epoch 47 step 143250 avg_loss=2.611
[5379.9s] epoch 47 step 143300 avg_loss=2.608
[5381.6s] epoch 47 step 143350 avg_loss=2.614
[5383.4s] epoch 47 step 143400 avg_loss=2.615
[5385.2s] epoch 47 step 143450 avg_loss=2.613
[5387.1s] epoch 47 step 143500 avg_loss=2.618
[5388.8s] epoch 47 step 143550 avg_loss=2.615
[5390.7s] epoch 47 step 143600 avg_loss=2.627
[5394.8s] eval step=4500 train_avg_loss=2.609 dev_rank1_f1=0.4682 dev_edge_p=0.4705 dev_edge_r=0.4659
[5395.7s] epoch 47 step 143650 avg_loss=2.615
[5397.3s] epoch 47 step 143700 avg_loss=2.608
[5399.0s] epoch 47 step 143750 avg_loss=2.627
[5400.9s] epoch 47 step 143800 avg_loss=2.610
[5402.6s] epoch 47 step 143850 avg_loss=2.610
[5404.3s] epoch 47 step 143900 avg_loss=2.608
[5405.9s] epoch 47 step 143950 avg_loss=2.612
[5407.3s] epoch 47 step 144000 avg_loss=2.593
[5407.3s] === epoch 47 done: avg_loss=2.593 (n=3000 derivations) ===
[5408.8s] epoch 48 step 144050 avg_loss=1.886
[5410.3s] epoch 48 step 144100 avg_loss=1.848
[5411.8s] epoch 48 step 144150 avg_loss=1.877
[5413.6s] epoch 48 step 144200 avg_loss=1.997
[5415.5s] epoch 48 step 144250 avg_loss=2.290
[5417.4s] epoch 48 step 144300 avg_loss=2.434
[5419.1s] epoch 48 step 144350 avg_loss=2.296
[5420.8s] epoch 48 step 144400 avg_loss=2.283
[5422.3s] epoch 48 step 144450 avg_loss=2.296
[5424.1s] epoch 48 step 144500 avg_loss=2.320
[5425.9s] epoch 48 step 144550 avg_loss=2.334
[5427.5s] epoch 48 step 144600 avg_loss=2.379
[5429.0s] epoch 48 step 144650 avg_loss=2.319
[5430.8s] epoch 48 step 144700 avg_loss=2.262
[5432.6s] epoch 48 step 144750 avg_loss=2.243
[5434.1s] epoch 48 step 144800 avg_loss=2.178
[5435.8s] epoch 48 step 144850 avg_loss=2.164
[5437.8s] epoch 48 step 144900 avg_loss=2.205
[5439.5s] epoch 48 step 144950 avg_loss=2.228
[5441.3s] epoch 48 step 145000 avg_loss=2.223
[5443.1s] epoch 48 step 145050 avg_loss=2.272
[5444.7s] epoch 48 step 145100 avg_loss=2.261
[5446.4s] epoch 48 step 145150 avg_loss=2.305
[5448.1s] epoch 48 step 145200 avg_loss=2.345
[5449.9s] epoch 48 step 145250 avg_loss=2.344
[5451.5s] epoch 48 step 145300 avg_loss=2.318
[5453.0s] epoch 48 step 145350 avg_loss=2.288
[5454.6s] epoch 48 step 145400 avg_loss=2.263
[5456.4s] epoch 48 step 145450 avg_loss=2.299
[5458.2s] epoch 48 step 145500 avg_loss=2.355
[5459.8s] epoch 48 step 145550 avg_loss=2.392
[5461.5s] epoch 48 step 145600 avg_loss=2.395
[5463.0s] epoch 48 step 145650 avg_loss=2.385
[5464.6s] epoch 48 step 145700 avg_loss=2.437
[5466.1s] epoch 48 step 145750 avg_loss=2.459
[5467.8s] epoch 48 step 145800 avg_loss=2.506
[5469.5s] epoch 48 step 145850 avg_loss=2.560
[5471.1s] epoch 48 step 145900 avg_loss=2.577
[5472.6s] epoch 48 step 145950 avg_loss=2.583
[5474.5s] epoch 48 step 146000 avg_loss=2.587
[5475.9s] epoch 48 step 146050 avg_loss=2.580
[5477.5s] epoch 48 step 146100 avg_loss=2.601
[5479.1s] epoch 48 step 146150 avg_loss=2.589
[5480.8s] epoch 48 step 146200 avg_loss=2.575
[5482.4s] epoch 48 step 146250 avg_loss=2.562
[5484.3s] epoch 48 step 146300 avg_loss=2.593
[5485.9s] epoch 48 step 146350 avg_loss=2.574
[5487.4s] epoch 48 step 146400 avg_loss=2.541
[5489.1s] epoch 48 step 146450 avg_loss=2.562
[5490.8s] epoch 48 step 146500 avg_loss=2.551
[5492.3s] epoch 48 step 146550 avg_loss=2.551
[5494.2s] epoch 48 step 146600 avg_loss=2.576
[5495.9s] epoch 48 step 146650 avg_loss=2.571
[5497.8s] epoch 48 step 146700 avg_loss=2.566
[5499.9s] epoch 48 step 146750 avg_loss=2.590
[5501.6s] epoch 48 step 146800 avg_loss=2.585
[5503.4s] epoch 48 step 146850 avg_loss=2.573
[5505.0s] epoch 48 step 146900 avg_loss=2.564
[5506.8s] epoch 48 step 146950 avg_loss=2.584
[5508.8s] epoch 48 step 147000 avg_loss=2.589
[5508.8s] === epoch 48 done: avg_loss=2.589 (n=3000 derivations) ===
[5510.5s] epoch 49 step 147050 avg_loss=1.941
[5512.4s] epoch 49 step 147100 avg_loss=1.844
[5514.2s] epoch 49 step 147150 avg_loss=2.067
[5516.2s] epoch 49 step 147200 avg_loss=2.152
[5517.6s] epoch 49 step 147250 avg_loss=2.044
[5519.4s] epoch 49 step 147300 avg_loss=2.015
[5521.1s] epoch 49 step 147350 avg_loss=2.093
[5522.8s] epoch 49 step 147400 avg_loss=2.217
[5524.6s] epoch 49 step 147450 avg_loss=2.289
[5526.1s] epoch 49 step 147500 avg_loss=2.277
[5527.6s] epoch 49 step 147550 avg_loss=2.233
[5529.3s] epoch 49 step 147600 avg_loss=2.312
[5531.0s] epoch 49 step 147650 avg_loss=2.355
[5532.9s] epoch 49 step 147700 avg_loss=2.307
[5534.5s] epoch 49 step 147750 avg_loss=2.261
[5536.4s] epoch 49 step 147800 avg_loss=2.347
[5538.2s] epoch 49 step 147850 avg_loss=2.419
[5540.0s] epoch 49 step 147900 avg_loss=2.397
[5541.7s] epoch 49 step 147950 avg_loss=2.351
[5543.2s] epoch 49 step 148000 avg_loss=2.313
[5544.9s] epoch 49 step 148050 avg_loss=2.292
[5546.5s] epoch 49 step 148100 avg_loss=2.321
[5548.1s] epoch 49 step 148150 avg_loss=2.327
[5549.8s] epoch 49 step 148200 avg_loss=2.311
[5551.4s] epoch 49 step 148250 avg_loss=2.298
[5552.9s] epoch 49 step 148300 avg_loss=2.267
[5554.5s] epoch 49 step 148350 avg_loss=2.280
[5556.1s] epoch 49 step 148400 avg_loss=2.287
[5557.7s] epoch 49 step 148450 avg_loss=2.368
[5559.3s] epoch 49 step 148500 avg_loss=2.399
[5561.0s] epoch 49 step 148550 avg_loss=2.416
[5562.6s] epoch 49 step 148600 avg_loss=2.426
[5564.2s] epoch 49 step 148650 avg_loss=2.397
[5565.8s] epoch 49 step 148700 avg_loss=2.412
[5567.4s] epoch 49 step 148750 avg_loss=2.387
[5569.0s] epoch 49 step 148800 avg_loss=2.391
[5570.8s] epoch 49 step 148850 avg_loss=2.421
[5572.7s] epoch 49 step 148900 avg_loss=2.478
[5574.3s] epoch 49 step 148950 avg_loss=2.470
[5575.8s] epoch 49 step 149000 avg_loss=2.449
[5577.7s] epoch 49 step 149050 avg_loss=2.439
[5579.8s] epoch 49 step 149100 avg_loss=2.464
[5581.9s] epoch 49 step 149150 avg_loss=2.498
[5583.8s] epoch 49 step 149200 avg_loss=2.519
[5585.4s] epoch 49 step 149250 avg_loss=2.515
[5587.0s] epoch 49 step 149300 avg_loss=2.524
[5588.8s] epoch 49 step 149350 avg_loss=2.510
[5590.4s] epoch 49 step 149400 avg_loss=2.510
[5592.0s] epoch 49 step 149450 avg_loss=2.512
[5593.7s] epoch 49 step 149500 avg_loss=2.497
[5595.2s] epoch 49 step 149550 avg_loss=2.493
[5596.6s] epoch 49 step 149600 avg_loss=2.482
[5598.4s] epoch 49 step 149650 avg_loss=2.474
[5599.8s] epoch 49 step 149700 avg_loss=2.452
[5601.5s] epoch 49 step 149750 avg_loss=2.431
[5603.0s] epoch 49 step 149800 avg_loss=2.409
[5604.8s] epoch 49 step 149850 avg_loss=2.442
[5606.8s] epoch 49 step 149900 avg_loss=2.446
[5608.5s] epoch 49 step 149950 avg_loss=2.440
[5610.4s] epoch 49 step 150000 avg_loss=2.452
[5610.4s] === epoch 49 done: avg_loss=2.452 (n=3000 derivations) ===
[5612.1s] epoch 50 step 150050 avg_loss=2.281
[5613.7s] epoch 50 step 150100 avg_loss=2.912
[5615.3s] epoch 50 step 150150 avg_loss=2.686
[5617.0s] epoch 50 step 150200 avg_loss=2.576
[5618.8s] epoch 50 step 150250 avg_loss=2.777
[5620.4s] epoch 50 step 150300 avg_loss=2.678
[5622.1s] epoch 50 step 150350 avg_loss=2.531
[5623.7s] epoch 50 step 150400 avg_loss=2.502
[5625.6s] epoch 50 step 150450 avg_loss=2.543
[5627.4s] epoch 50 step 150500 avg_loss=2.566
[5629.3s] epoch 50 step 150550 avg_loss=2.726
[5631.3s] epoch 50 step 150600 avg_loss=2.657
[5633.0s] epoch 50 step 150650 avg_loss=2.603
[5634.7s] epoch 50 step 150700 avg_loss=2.556
[5636.5s] epoch 50 step 150750 avg_loss=2.566
[5638.3s] epoch 50 step 150800 avg_loss=2.618
[5639.9s] epoch 50 step 150850 avg_loss=2.606
[5641.5s] epoch 50 step 150900 avg_loss=2.537
[5643.0s] epoch 50 step 150950 avg_loss=2.526
[5644.6s] epoch 50 step 151000 avg_loss=2.524
[5646.1s] epoch 50 step 151050 avg_loss=2.501
[5647.6s] epoch 50 step 151100 avg_loss=2.481
[5649.4s] epoch 50 step 151150 avg_loss=2.451
[5651.4s] epoch 50 step 151200 avg_loss=2.472
[5653.1s] epoch 50 step 151250 avg_loss=2.473
[5654.9s] epoch 50 step 151300 avg_loss=2.450
[5656.6s] epoch 50 step 151350 avg_loss=2.484
[5658.3s] epoch 50 step 151400 avg_loss=2.464
[5660.0s] epoch 50 step 151450 avg_loss=2.459
[5661.7s] epoch 50 step 151500 avg_loss=2.446
[5663.4s] epoch 50 step 151550 avg_loss=2.439
[5667.7s] eval step=4750 train_avg_loss=2.437 dev_rank1_f1=0.4593 dev_edge_p=0.4726 dev_edge_r=0.4467
[5667.7s] epoch 50 step 151600 avg_loss=2.437
[5669.4s] epoch 50 step 151650 avg_loss=2.421
[5671.4s] epoch 50 step 151700 avg_loss=2.403
[5673.0s] epoch 50 step 151750 avg_loss=2.404
[5674.5s] epoch 50 step 151800 avg_loss=2.377
[5676.3s] epoch 50 step 151850 avg_loss=2.422
[5678.0s] epoch 50 step 151900 avg_loss=2.411
[5679.8s] epoch 50 step 151950 avg_loss=2.412
[5681.5s] epoch 50 step 152000 avg_loss=2.431
[5683.3s] epoch 50 step 152050 avg_loss=2.428
[5684.9s] epoch 50 step 152100 avg_loss=2.413
[5686.8s] epoch 50 step 152150 avg_loss=2.422
[5688.3s] epoch 50 step 152200 avg_loss=2.415
[5689.9s] epoch 50 step 152250 avg_loss=2.400
[5691.8s] epoch 50 step 152300 avg_loss=2.406
[5693.6s] epoch 50 step 152350 avg_loss=2.419
[5695.4s] epoch 50 step 152400 avg_loss=2.409
[5696.9s] epoch 50 step 152450 avg_loss=2.386
[5698.6s] epoch 50 step 152500 avg_loss=2.401
[5700.4s] epoch 50 step 152550 avg_loss=2.383
[5702.1s] epoch 50 step 152600 avg_loss=2.394
[5703.7s] epoch 50 step 152650 avg_loss=2.390
[5705.1s] epoch 50 step 152700 avg_loss=2.375
[5706.7s] epoch 50 step 152750 avg_loss=2.353
[5708.3s] epoch 50 step 152800 avg_loss=2.357
[5710.0s] epoch 50 step 152850 avg_loss=2.347
[5711.7s] epoch 50 step 152900 avg_loss=2.338
[5713.5s] epoch 50 step 152950 avg_loss=2.321
[5715.3s] epoch 50 step 153000 avg_loss=2.331
[5715.3s] === epoch 50 done: avg_loss=2.331 (n=3000 derivations) ===
[5717.0s] epoch 51 step 153050 avg_loss=3.373
[5718.8s] epoch 51 step 153100 avg_loss=3.623
[5720.4s] epoch 51 step 153150 avg_loss=3.031
[5722.1s] epoch 51 step 153200 avg_loss=2.762
[5723.9s] epoch 51 step 153250 avg_loss=2.828
[5725.6s] epoch 51 step 153300 avg_loss=2.750
[5727.6s] epoch 51 step 153350 avg_loss=2.656
[5729.4s] epoch 51 step 153400 avg_loss=2.667
[5731.1s] epoch 51 step 153450 avg_loss=2.605
[5732.7s] epoch 51 step 153500 avg_loss=2.540
[5734.4s] epoch 51 step 153550 avg_loss=2.428
[5736.1s] epoch 51 step 153600 avg_loss=2.400
[5738.0s] epoch 51 step 153650 avg_loss=2.409
[5739.7s] epoch 51 step 153700 avg_loss=2.373
[5741.2s] epoch 51 step 153750 avg_loss=2.376
[5742.9s] epoch 51 step 153800 avg_loss=2.383
[5744.6s] epoch 51 step 153850 avg_loss=2.360
[5746.2s] epoch 51 step 153900 avg_loss=2.336
[5747.9s] epoch 51 step 153950 avg_loss=2.316
[5749.7s] epoch 51 step 154000 avg_loss=2.336
[5751.5s] epoch 51 step 154050 avg_loss=2.324
[5753.3s] epoch 51 step 154100 avg_loss=2.315
[5754.9s] epoch 51 step 154150 avg_loss=2.349
[5757.0s] epoch 51 step 154200 avg_loss=2.310
[5758.9s] epoch 51 step 154250 avg_loss=2.296
[5760.7s] epoch 51 step 154300 avg_loss=2.293
[5762.4s] epoch 51 step 154350 avg_loss=2.259
[5764.1s] epoch 51 step 154400 avg_loss=2.245
[5765.6s] epoch 51 step 154450 avg_loss=2.217
[5767.3s] epoch 51 step 154500 avg_loss=2.199
[5769.3s] epoch 51 step 154550 avg_loss=2.216
[5770.9s] epoch 51 step 154600 avg_loss=2.230
[5772.7s] epoch 51 step 154650 avg_loss=2.233
[5774.3s] epoch 51 step 154700 avg_loss=2.209
[5775.9s] epoch 51 step 154750 avg_loss=2.198
[5777.7s] epoch 51 step 154800 avg_loss=2.188
[5779.2s] epoch 51 step 154850 avg_loss=2.166
[5780.8s] epoch 51 step 154900 avg_loss=2.170
[5782.6s] epoch 51 step 154950 avg_loss=2.196
[5784.2s] epoch 51 step 155000 avg_loss=2.189
[5786.0s] epoch 51 step 155050 avg_loss=2.208
[5787.8s] epoch 51 step 155100 avg_loss=2.236
[5789.5s] epoch 51 step 155150 avg_loss=2.229
[5791.1s] epoch 51 step 155200 avg_loss=2.257
[5792.9s] epoch 51 step 155250 avg_loss=2.243
[5794.9s] epoch 51 step 155300 avg_loss=2.262
[5796.8s] epoch 51 step 155350 avg_loss=2.263
[5798.6s] epoch 51 step 155400 avg_loss=2.261
[5800.2s] epoch 51 step 155450 avg_loss=2.263
[5801.9s] epoch 51 step 155500 avg_loss=2.255
[5803.5s] epoch 51 step 155550 avg_loss=2.253
[5805.2s] epoch 51 step 155600 avg_loss=2.244
[5807.0s] epoch 51 step 155650 avg_loss=2.234
[5808.9s] epoch 51 step 155700 avg_loss=2.246
[5810.7s] epoch 51 step 155750 avg_loss=2.241
[5812.4s] epoch 51 step 155800 avg_loss=2.244
[5814.0s] epoch 51 step 155850 avg_loss=2.253
[5815.7s] epoch 51 step 155900 avg_loss=2.236
[5817.7s] epoch 51 step 155950 avg_loss=2.245
[5819.2s] epoch 51 step 156000 avg_loss=2.252
[5819.2s] === epoch 51 done: avg_loss=2.252 (n=3000 derivations) ===
[5820.9s] epoch 52 step 156050 avg_loss=2.139
[5822.6s] epoch 52 step 156100 avg_loss=2.071
[5824.4s] epoch 52 step 156150 avg_loss=2.485
[5826.0s] epoch 52 step 156200 avg_loss=2.312
[5827.7s] epoch 52 step 156250 avg_loss=2.204
[5829.4s] epoch 52 step 156300 avg_loss=2.359
[5831.2s] epoch 52 step 156350 avg_loss=2.234
[5832.7s] epoch 52 step 156400 avg_loss=2.308
[5834.2s] epoch 52 step 156450 avg_loss=2.243
[5835.8s] epoch 52 step 156500 avg_loss=2.212
[5837.5s] epoch 52 step 156550 avg_loss=2.153
[5839.4s] epoch 52 step 156600 avg_loss=2.137
[5841.3s] epoch 52 step 156650 avg_loss=2.118
[5843.5s] epoch 52 step 156700 avg_loss=2.333
[5845.3s] epoch 52 step 156750 avg_loss=2.301
[5847.1s] epoch 52 step 156800 avg_loss=2.250
[5848.9s] epoch 52 step 156850 avg_loss=2.222
[5850.5s] epoch 52 step 156900 avg_loss=2.239
[5852.0s] epoch 52 step 156950 avg_loss=2.225
[5853.9s] epoch 52 step 157000 avg_loss=2.233
[5855.8s] epoch 52 step 157050 avg_loss=2.292
[5857.3s] epoch 52 step 157100 avg_loss=2.258
[5859.2s] epoch 52 step 157150 avg_loss=2.284
[5861.1s] epoch 52 step 157200 avg_loss=2.299
[5862.6s] epoch 52 step 157250 avg_loss=2.268
[5864.2s] epoch 52 step 157300 avg_loss=2.258
[5865.9s] epoch 52 step 157350 avg_loss=2.223
[5867.7s] epoch 52 step 157400 avg_loss=2.263
[5869.4s] epoch 52 step 157450 avg_loss=2.280
[5870.8s] epoch 52 step 157500 avg_loss=2.240
[5872.7s] epoch 52 step 157550 avg_loss=2.247
[5874.5s] epoch 52 step 157600 avg_loss=2.231
[5876.3s] epoch 52 step 157650 avg_loss=2.232
[5878.1s] epoch 52 step 157700 avg_loss=2.245
[5879.8s] epoch 52 step 157750 avg_loss=2.249
[5881.5s] epoch 52 step 157800 avg_loss=2.228
[5883.2s] epoch 52 step 157850 avg_loss=2.220
[5884.8s] epoch 52 step 157900 avg_loss=2.206
[5886.7s] epoch 52 step 157950 avg_loss=2.211
[5888.4s] epoch 52 step 158000 avg_loss=2.214
[5890.1s] epoch 52 step 158050 avg_loss=2.233
[5892.0s] epoch 52 step 158100 avg_loss=2.244
[5893.6s] epoch 52 step 158150 avg_loss=2.250
[5895.5s] epoch 52 step 158200 avg_loss=2.269
[5897.2s] epoch 52 step 158250 avg_loss=2.253
[5899.0s] epoch 52 step 158300 avg_loss=2.237
[5900.7s] epoch 52 step 158350 avg_loss=2.241
[5902.4s] epoch 52 step 158400 avg_loss=2.221
[5904.0s] epoch 52 step 158450 avg_loss=2.208
[5905.6s] epoch 52 step 158500 avg_loss=2.197
[5907.2s] epoch 52 step 158550 avg_loss=2.190
[5908.9s] epoch 52 step 158600 avg_loss=2.181
[5910.5s] epoch 52 step 158650 avg_loss=2.166
[5912.3s] epoch 52 step 158700 avg_loss=2.169
[5914.0s] epoch 52 step 158750 avg_loss=2.174
[5915.7s] epoch 52 step 158800 avg_loss=2.171
[5917.3s] epoch 52 step 158850 avg_loss=2.153
[5919.1s] epoch 52 step 158900 avg_loss=2.162
[5920.8s] epoch 52 step 158950 avg_loss=2.161
[5922.6s] epoch 52 step 159000 avg_loss=2.156
[5922.6s] === epoch 52 done: avg_loss=2.156 (n=3000 derivations) ===
[5924.4s] epoch 53 step 159050 avg_loss=1.718
[5926.1s] epoch 53 step 159100 avg_loss=2.329
[5927.8s] epoch 53 step 159150 avg_loss=2.278
[5929.7s] epoch 53 step 159200 avg_loss=2.333
[5931.6s] epoch 53 step 159250 avg_loss=2.307
[5933.4s] epoch 53 step 159300 avg_loss=2.364
[5935.0s] epoch 53 step 159350 avg_loss=2.371
[5936.5s] epoch 53 step 159400 avg_loss=2.194
[5937.9s] epoch 53 step 159450 avg_loss=2.072
[5939.4s] epoch 53 step 159500 avg_loss=2.014
[5941.1s] epoch 53 step 159550 avg_loss=2.015
[5944.6s] eval step=5000 train_avg_loss=1.999 dev_rank1_f1=0.4522 dev_edge_p=0.4586 dev_edge_r=0.4460
[5945.3s] epoch 53 step 159600 avg_loss=1.951
[5946.7s] epoch 53 step 159650 avg_loss=1.852
[5948.3s] epoch 53 step 159700 avg_loss=1.900
[5950.0s] epoch 53 step 159750 avg_loss=1.938
[5951.9s] epoch 53 step 159800 avg_loss=1.984
[5953.4s] epoch 53 step 159850 avg_loss=1.971
[5955.2s] epoch 53 step 159900 avg_loss=1.988
[5956.6s] epoch 53 step 159950 avg_loss=1.930
[5958.5s] epoch 53 step 160000 avg_loss=1.936
[5960.8s] epoch 53 step 160050 avg_loss=1.955
[5962.5s] epoch 53 step 160100 avg_loss=1.926
[5964.5s] epoch 53 step 160150 avg_loss=1.897
[5966.2s] epoch 53 step 160200 avg_loss=1.969
[5967.7s] epoch 53 step 160250 avg_loss=1.953
[5969.6s] epoch 53 step 160300 avg_loss=2.033
[5971.3s] epoch 53 step 160350 avg_loss=2.039
[5973.0s] epoch 53 step 160400 avg_loss=2.023
[5974.7s] epoch 53 step 160450 avg_loss=2.011
[5976.5s] epoch 53 step 160500 avg_loss=2.009
[5977.9s] epoch 53 step 160550 avg_loss=2.009
[5979.4s] epoch 53 step 160600 avg_loss=2.044
[5980.9s] epoch 53 step 160650 avg_loss=2.007
[5982.6s] epoch 53 step 160700 avg_loss=2.015
[5984.2s] epoch 53 step 160750 avg_loss=2.030
[5986.0s] epoch 53 step 160800 avg_loss=2.060
[5987.9s] epoch 53 step 160850 avg_loss=2.056
[5989.6s] epoch 53 step 160900 avg_loss=2.040
[5991.2s] epoch 53 step 160950 avg_loss=2.049
[5992.9s] epoch 53 step 161000 avg_loss=2.050
[5994.6s] epoch 53 step 161050 avg_loss=2.038
[5996.1s] epoch 53 step 161100 avg_loss=2.035
[5998.0s] epoch 53 step 161150 avg_loss=2.018
[5999.7s] epoch 53 step 161200 avg_loss=2.011
[6001.5s] epoch 53 step 161250 avg_loss=2.005
[6003.4s] epoch 53 step 161300 avg_loss=2.027
[6005.4s] epoch 53 step 161350 avg_loss=2.061
[6007.2s] epoch 53 step 161400 avg_loss=2.058
[6009.2s] epoch 53 step 161450 avg_loss=2.087
[6010.9s] epoch 53 step 161500 avg_loss=2.083
[6012.4s] epoch 53 step 161550 avg_loss=2.074
[6013.9s] epoch 53 step 161600 avg_loss=2.079
[6015.5s] epoch 53 step 161650 avg_loss=2.073
[6017.4s] epoch 53 step 161700 avg_loss=2.077
[6019.2s] epoch 53 step 161750 avg_loss=2.075
[6020.9s] epoch 53 step 161800 avg_loss=2.088
[6022.4s] epoch 53 step 161850 avg_loss=2.067
[6024.2s] epoch 53 step 161900 avg_loss=2.087
[6025.8s] epoch 53 step 161950 avg_loss=2.078
[6027.5s] epoch 53 step 162000 avg_loss=2.068
[6027.5s] === epoch 53 done: avg_loss=2.068 (n=3000 derivations) ===
[6028.9s] epoch 54 step 162050 avg_loss=1.811
[6030.5s] epoch 54 step 162100 avg_loss=1.640
[6032.4s] epoch 54 step 162150 avg_loss=2.145
[6034.1s] epoch 54 step 162200 avg_loss=2.130
[6035.7s] epoch 54 step 162250 avg_loss=1.905
[6037.5s] epoch 54 step 162300 avg_loss=2.027
[6039.2s] epoch 54 step 162350 avg_loss=1.865
[6041.1s] epoch 54 step 162400 avg_loss=1.982
[6042.9s] epoch 54 step 162450 avg_loss=2.009
[6044.8s] epoch 54 step 162500 avg_loss=2.108
[6046.5s] epoch 54 step 162550 avg_loss=2.302
[6048.3s] epoch 54 step 162600 avg_loss=2.308
[6049.9s] epoch 54 step 162650 avg_loss=2.244
[6051.6s] epoch 54 step 162700 avg_loss=2.232
[6053.2s] epoch 54 step 162750 avg_loss=2.172
[6054.9s] epoch 54 step 162800 avg_loss=2.140
[6056.7s] epoch 54 step 162850 avg_loss=2.155
[6058.4s] epoch 54 step 162900 avg_loss=2.222
[6059.8s] epoch 54 step 162950 avg_loss=2.284
[6061.6s] epoch 54 step 163000 avg_loss=2.343
[6063.3s] epoch 54 step 163050 avg_loss=2.334
[6064.9s] epoch 54 step 163100 avg_loss=2.343
[6066.6s] epoch 54 step 163150 avg_loss=2.307
[6068.3s] epoch 54 step 163200 avg_loss=2.317
[6069.7s] epoch 54 step 163250 avg_loss=2.273
[6071.4s] epoch 54 step 163300 avg_loss=2.250
[6073.1s] epoch 54 step 163350 avg_loss=2.275
[6074.9s] epoch 54 step 163400 avg_loss=2.276
[6076.7s] epoch 54 step 163450 avg_loss=2.251
[6078.4s] epoch 54 step 163500 avg_loss=2.241
[6080.4s] epoch 54 step 163550 avg_loss=2.256
[6081.8s] epoch 54 step 163600 avg_loss=2.232
[6083.5s] epoch 54 step 163650 avg_loss=2.209
[6085.2s] epoch 54 step 163700 avg_loss=2.219
[6086.9s] epoch 54 step 163750 avg_loss=2.216
[6088.9s] epoch 54 step 163800 avg_loss=2.205
[6090.7s] epoch 54 step 163850 avg_loss=2.196
[6092.4s] epoch 54 step 163900 avg_loss=2.186
[6094.1s] epoch 54 step 163950 avg_loss=2.183
[6096.0s] epoch 54 step 164000 avg_loss=2.168
[6097.9s] epoch 54 step 164050 avg_loss=2.160
[6099.6s] epoch 54 step 164100 avg_loss=2.143
[6101.4s] epoch 54 step 164150 avg_loss=2.137
[6103.2s] epoch 54 step 164200 avg_loss=2.134
[6105.0s] epoch 54 step 164250 avg_loss=2.127
[6106.7s] epoch 54 step 164300 avg_loss=2.140
[6108.5s] epoch 54 step 164350 avg_loss=2.146
[6110.3s] epoch 54 step 164400 avg_loss=2.128
[6111.8s] epoch 54 step 164450 avg_loss=2.104
[6113.3s] epoch 54 step 164500 avg_loss=2.095
[6114.8s] epoch 54 step 164550 avg_loss=2.088
[6116.6s] epoch 54 step 164600 avg_loss=2.099
[6118.2s] epoch 54 step 164650 avg_loss=2.095
[6120.0s] epoch 54 step 164700 avg_loss=2.093
[6121.5s] epoch 54 step 164750 avg_loss=2.068
[6123.1s] epoch 54 step 164800 avg_loss=2.057
[6124.8s] epoch 54 step 164850 avg_loss=2.048
[6126.5s] epoch 54 step 164900 avg_loss=2.059
[6128.0s] epoch 54 step 164950 avg_loss=2.046
[6129.9s] epoch 54 step 165000 avg_loss=2.039
[6129.9s] === epoch 54 done: avg_loss=2.039 (n=3000 derivations) ===
[6131.6s] epoch 55 step 165050 avg_loss=1.471
[6133.1s] epoch 55 step 165100 avg_loss=1.621
[6134.6s] epoch 55 step 165150 avg_loss=1.457
[6136.4s] epoch 55 step 165200 avg_loss=1.703
[6137.9s] epoch 55 step 165250 avg_loss=1.616
[6139.6s] epoch 55 step 165300 avg_loss=1.611
[6141.2s] epoch 55 step 165350 avg_loss=1.744
[6142.7s] epoch 55 step 165400 avg_loss=1.673
[6144.4s] epoch 55 step 165450 avg_loss=1.643
[6146.1s] epoch 55 step 165500 avg_loss=1.604
[6147.9s] epoch 55 step 165550 avg_loss=1.617
[6149.4s] epoch 55 step 165600 avg_loss=1.570
[6151.0s] epoch 55 step 165650 avg_loss=1.699
[6152.6s] epoch 55 step 165700 avg_loss=1.711
[6154.3s] epoch 55 step 165750 avg_loss=1.670
[6155.9s] epoch 55 step 165800 avg_loss=1.645
[6157.7s] epoch 55 step 165850 avg_loss=1.660
[6159.4s] epoch 55 step 165900 avg_loss=1.736
[6161.0s] epoch 55 step 165950 avg_loss=1.739
[6162.8s] epoch 55 step 166000 avg_loss=1.751
[6164.6s] epoch 55 step 166050 avg_loss=1.751
[6166.3s] epoch 55 step 166100 avg_loss=1.733
[6168.1s] epoch 55 step 166150 avg_loss=1.722
[6170.0s] epoch 55 step 166200 avg_loss=1.748
[6171.7s] epoch 55 step 166250 avg_loss=1.773
[6173.4s] epoch 55 step 166300 avg_loss=1.797
[6175.1s] epoch 55 step 166350 avg_loss=1.782
[6176.9s] epoch 55 step 166400 avg_loss=1.795
[6178.7s] epoch 55 step 166450 avg_loss=1.806
[6180.5s] epoch 55 step 166500 avg_loss=1.842
[6182.2s] epoch 55 step 166550 avg_loss=1.836
[6183.7s] epoch 55 step 166600 avg_loss=1.830
[6185.4s] epoch 55 step 166650 avg_loss=1.865
[6187.1s] epoch 55 step 166700 avg_loss=1.869
[6189.3s] epoch 55 step 166750 avg_loss=1.871
[6191.0s] epoch 55 step 166800 avg_loss=1.862
[6192.8s] epoch 55 step 166850 avg_loss=1.904
[6194.7s] epoch 55 step 166900 avg_loss=1.922
[6196.9s] epoch 55 step 166950 avg_loss=1.936
[6198.9s] epoch 55 step 167000 avg_loss=1.941
[6200.7s] epoch 55 step 167050 avg_loss=1.941
[6202.5s] epoch 55 step 167100 avg_loss=1.939
[6204.3s] epoch 55 step 167150 avg_loss=1.927
[6206.3s] epoch 55 step 167200 avg_loss=1.923
[6208.2s] epoch 55 step 167250 avg_loss=1.915
[6210.0s] epoch 55 step 167300 avg_loss=1.918
[6211.9s] epoch 55 step 167350 avg_loss=1.913
[6213.6s] epoch 55 step 167400 avg_loss=1.898
[6215.4s] epoch 55 step 167450 avg_loss=1.909
[6217.2s] epoch 55 step 167500 avg_loss=1.895
[6218.8s] epoch 55 step 167550 avg_loss=1.888
[6221.9s] eval step=5250 train_avg_loss=1.888 dev_rank1_f1=0.4400 dev_edge_p=0.4560 dev_edge_r=0.4251
[6223.3s] epoch 55 step 167600 avg_loss=1.903
[6224.9s] epoch 55 step 167650 avg_loss=1.902
[6226.6s] epoch 55 step 167700 avg_loss=1.906
[6228.4s] epoch 55 step 167750 avg_loss=1.937
[6230.0s] epoch 55 step 167800 avg_loss=1.936
[6231.6s] epoch 55 step 167850 avg_loss=1.935
[6233.3s] epoch 55 step 167900 avg_loss=1.941
[6235.1s] epoch 55 step 167950 avg_loss=1.932
[6237.0s] epoch 55 step 168000 avg_loss=1.926
[6237.0s] === epoch 55 done: avg_loss=1.926 (n=3000 derivations) ===
[6238.8s] epoch 56 step 168050 avg_loss=1.823
[6240.6s] epoch 56 step 168100 avg_loss=1.784
[6242.2s] epoch 56 step 168150 avg_loss=2.067
[6243.8s] epoch 56 step 168200 avg_loss=1.849
[6245.6s] epoch 56 step 168250 avg_loss=1.799
[6247.3s] epoch 56 step 168300 avg_loss=1.731
[6249.3s] epoch 56 step 168350 avg_loss=1.869
[6251.2s] epoch 56 step 168400 avg_loss=1.923
[6252.8s] epoch 56 step 168450 avg_loss=1.856
[6254.4s] epoch 56 step 168500 avg_loss=1.922
[6255.9s] epoch 56 step 168550 avg_loss=1.937
[6257.8s] epoch 56 step 168600 avg_loss=1.922
[6259.6s] epoch 56 step 168650 avg_loss=1.910
[6261.3s] epoch 56 step 168700 avg_loss=1.960
[6262.8s] epoch 56 step 168750 avg_loss=1.905
[6264.5s] epoch 56 step 168800 avg_loss=1.942
[6266.1s] epoch 56 step 168850 avg_loss=1.868
[6267.7s] epoch 56 step 168900 avg_loss=1.842
[6269.5s] epoch 56 step 168950 avg_loss=1.847
[6271.2s] epoch 56 step 169000 avg_loss=1.854
[6273.0s] epoch 56 step 169050 avg_loss=1.856
[6275.0s] epoch 56 step 169100 avg_loss=1.853
[6276.7s] epoch 56 step 169150 avg_loss=1.812
[6278.4s] epoch 56 step 169200 avg_loss=1.820
[6280.0s] epoch 56 step 169250 avg_loss=1.862
[6281.7s] epoch 56 step 169300 avg_loss=1.837
[6283.5s] epoch 56 step 169350 avg_loss=1.825
[6285.3s] epoch 56 step 169400 avg_loss=1.842
[6287.0s] epoch 56 step 169450 avg_loss=1.820
[6288.9s] epoch 56 step 169500 avg_loss=1.858
[6290.8s] epoch 56 step 169550 avg_loss=1.851
[6292.6s] epoch 56 step 169600 avg_loss=1.826
[6294.3s] epoch 56 step 169650 avg_loss=1.795
[6296.3s] epoch 56 step 169700 avg_loss=1.807
[6297.9s] epoch 56 step 169750 avg_loss=1.813
[6299.8s] epoch 56 step 169800 avg_loss=1.815
[6301.6s] epoch 56 step 169850 avg_loss=1.815
[6303.3s] epoch 56 step 169900 avg_loss=1.806
[6305.2s] epoch 56 step 169950 avg_loss=1.820
[6307.1s] epoch 56 step 170000 avg_loss=1.828
[6308.5s] epoch 56 step 170050 avg_loss=1.803
[6310.0s] epoch 56 step 170100 avg_loss=1.787
[6311.8s] epoch 56 step 170150 avg_loss=1.828
[6313.3s] epoch 56 step 170200 avg_loss=1.834
[6314.9s] epoch 56 step 170250 avg_loss=1.838
[6316.3s] epoch 56 step 170300 avg_loss=1.833
[6317.9s] epoch 56 step 170350 avg_loss=1.811
[6319.7s] epoch 56 step 170400 avg_loss=1.818
[6321.6s] epoch 56 step 170450 avg_loss=1.816
[6323.5s] epoch 56 step 170500 avg_loss=1.811
[6325.4s] epoch 56 step 170550 avg_loss=1.804
[6327.3s] epoch 56 step 170600 avg_loss=1.794
[6329.3s] epoch 56 step 170650 avg_loss=1.804
[6331.2s] epoch 56 step 170700 avg_loss=1.814
[6332.8s] epoch 56 step 170750 avg_loss=1.810
[6334.7s] epoch 56 step 170800 avg_loss=1.826
[6336.7s] epoch 56 step 170850 avg_loss=1.812
[6338.5s] epoch 56 step 170900 avg_loss=1.833
[6340.1s] epoch 56 step 170950 avg_loss=1.847
[6341.9s] epoch 56 step 171000 avg_loss=1.856
[6341.9s] === epoch 56 done: avg_loss=1.856 (n=3000 derivations) ===
[6343.6s] epoch 57 step 171050 avg_loss=1.737
[6345.3s] epoch 57 step 171100 avg_loss=1.432
[6347.0s] epoch 57 step 171150 avg_loss=1.549
[6348.7s] epoch 57 step 171200 avg_loss=1.652
[6350.4s] epoch 57 step 171250 avg_loss=1.741
[6352.3s] epoch 57 step 171300 avg_loss=1.721
[6354.1s] epoch 57 step 171350 avg_loss=1.609
[6355.9s] epoch 57 step 171400 avg_loss=1.650
[6357.5s] epoch 57 step 171450 avg_loss=1.654
[6359.2s] epoch 57 step 171500 avg_loss=1.714
[6361.0s] epoch 57 step 171550 avg_loss=1.706
[6362.6s] epoch 57 step 171600 avg_loss=1.700
[6364.8s] epoch 57 step 171650 avg_loss=1.689
[6366.4s] epoch 57 step 171700 avg_loss=1.670
[6367.9s] epoch 57 step 171750 avg_loss=1.640
[6369.9s] epoch 57 step 171800 avg_loss=1.728
[6371.6s] epoch 57 step 171850 avg_loss=1.743
[6373.2s] epoch 57 step 171900 avg_loss=1.721
[6375.2s] epoch 57 step 171950 avg_loss=1.749
[6377.1s] epoch 57 step 172000 avg_loss=1.823
[6379.2s] epoch 57 step 172050 avg_loss=1.857
[6381.1s] epoch 57 step 172100 avg_loss=1.927
[6382.7s] epoch 57 step 172150 avg_loss=1.924
[6384.5s] epoch 57 step 172200 avg_loss=1.915
[6386.3s] epoch 57 step 172250 avg_loss=1.921
[6388.0s] epoch 57 step 172300 avg_loss=1.934
[6389.9s] epoch 57 step 172350 avg_loss=1.951
[6392.0s] epoch 57 step 172400 avg_loss=1.957
[6393.8s] epoch 57 step 172450 avg_loss=1.932
[6395.5s] epoch 57 step 172500 avg_loss=1.898
[6397.5s] epoch 57 step 172550 avg_loss=1.883
[6399.4s] epoch 57 step 172600 avg_loss=1.877
[6401.5s] epoch 57 step 172650 avg_loss=1.885
[6403.4s] epoch 57 step 172700 avg_loss=1.875
[6405.1s] epoch 57 step 172750 avg_loss=1.860
[6406.8s] epoch 57 step 172800 avg_loss=1.850
[6408.6s] epoch 57 step 172850 avg_loss=1.831
[6410.2s] epoch 57 step 172900 avg_loss=1.826
[6411.9s] epoch 57 step 172950 avg_loss=1.818
[6413.8s] epoch 57 step 173000 avg_loss=1.837
[6415.6s] epoch 57 step 173050 avg_loss=1.831
[6417.1s] epoch 57 step 173100 avg_loss=1.828
[6418.7s] epoch 57 step 173150 avg_loss=1.809
[6420.6s] epoch 57 step 173200 avg_loss=1.810
[6422.5s] epoch 57 step 173250 avg_loss=1.800
[6424.2s] epoch 57 step 173300 avg_loss=1.819
[6425.8s] epoch 57 step 173350 avg_loss=1.809
[6427.5s] epoch 57 step 173400 avg_loss=1.801
[6429.4s] epoch 57 step 173450 avg_loss=1.793
[6431.3s] epoch 57 step 173500 avg_loss=1.800
[6433.0s] epoch 57 step 173550 avg_loss=1.786
[6434.7s] epoch 57 step 173600 avg_loss=1.778
[6436.4s] epoch 57 step 173650 avg_loss=1.786
[6438.4s] epoch 57 step 173700 avg_loss=1.800
[6440.2s] epoch 57 step 173750 avg_loss=1.791
[6442.0s] epoch 57 step 173800 avg_loss=1.777
[6443.4s] epoch 57 step 173850 avg_loss=1.775
[6444.9s] epoch 57 step 173900 avg_loss=1.781
[6446.6s] epoch 57 step 173950 avg_loss=1.769
[6448.3s] epoch 57 step 174000 avg_loss=1.766
[6448.3s] === epoch 57 done: avg_loss=1.766 (n=3000 derivations) ===
[6449.9s] epoch 58 step 174050 avg_loss=1.674
[6451.4s] epoch 58 step 174100 avg_loss=1.218
[6453.3s] epoch 58 step 174150 avg_loss=1.658
[6454.9s] epoch 58 step 174200 avg_loss=1.585
[6456.5s] epoch 58 step 174250 avg_loss=1.621
[6458.1s] epoch 58 step 174300 avg_loss=1.606
[6459.8s] epoch 58 step 174350 avg_loss=1.550
[6461.5s] epoch 58 step 174400 avg_loss=1.757
[6463.3s] epoch 58 step 174450 avg_loss=1.830
[6465.0s] epoch 58 step 174500 avg_loss=1.844
[6466.6s] epoch 58 step 174550 avg_loss=1.772
[6468.6s] epoch 58 step 174600 avg_loss=1.790
[6470.6s] epoch 58 step 174650 avg_loss=1.788
[6472.4s] epoch 58 step 174700 avg_loss=1.770
[6474.3s] epoch 58 step 174750 avg_loss=1.726
[6476.0s] epoch 58 step 174800 avg_loss=1.696
[6478.0s] epoch 58 step 174850 avg_loss=1.716
[6479.8s] epoch 58 step 174900 avg_loss=1.699
[6481.5s] epoch 58 step 174950 avg_loss=1.722
[6483.4s] epoch 58 step 175000 avg_loss=1.764
[6485.2s] epoch 58 step 175050 avg_loss=1.751
[6487.1s] epoch 58 step 175100 avg_loss=1.773
[6489.1s] epoch 58 step 175150 avg_loss=1.789
[6491.0s] epoch 58 step 175200 avg_loss=1.780
[6492.7s] epoch 58 step 175250 avg_loss=1.763
[6494.4s] epoch 58 step 175300 avg_loss=1.729
[6496.2s] epoch 58 step 175350 avg_loss=1.809
[6497.7s] epoch 58 step 175400 avg_loss=1.784
[6499.7s] epoch 58 step 175450 avg_loss=1.776
[6501.4s] epoch 58 step 175500 avg_loss=1.735
[6504.8s] eval step=5500 train_avg_loss=1.746 dev_rank1_f1=0.4428 dev_edge_p=0.4495 dev_edge_r=0.4363
[6505.2s] epoch 58 step 175550 avg_loss=1.733
[6506.8s] epoch 58 step 175600 avg_loss=1.712
[6508.4s] epoch 58 step 175650 avg_loss=1.704
[6510.1s] epoch 58 step 175700 avg_loss=1.708
[6511.9s] epoch 58 step 175750 avg_loss=1.761
[6513.5s] epoch 58 step 175800 avg_loss=1.778
[6514.9s] epoch 58 step 175850 avg_loss=1.772
[6516.4s] epoch 58 step 175900 avg_loss=1.748
[6517.9s] epoch 58 step 175950 avg_loss=1.748
[6519.5s] epoch 58 step 176000 avg_loss=1.733
[6521.2s] epoch 58 step 176050 avg_loss=1.742
[6522.8s] epoch 58 step 176100 avg_loss=1.746
[6524.7s] epoch 58 step 176150 avg_loss=1.744
[6526.4s] epoch 58 step 176200 avg_loss=1.735
[6528.1s] epoch 58 step 176250 avg_loss=1.729
[6529.9s] epoch 58 step 176300 avg_loss=1.725
[6531.6s] epoch 58 step 176350 avg_loss=1.719
[6533.2s] epoch 58 step 176400 avg_loss=1.723
[6535.0s] epoch 58 step 176450 avg_loss=1.765
[6536.8s] epoch 58 step 176500 avg_loss=1.785
[6538.5s] epoch 58 step 176550 avg_loss=1.796
[6540.4s] epoch 58 step 176600 avg_loss=1.809
[6542.2s] epoch 58 step 176650 avg_loss=1.803
[6543.9s] epoch 58 step 176700 avg_loss=1.791
[6545.6s] epoch 58 step 176750 avg_loss=1.796
[6547.3s] epoch 58 step 176800 avg_loss=1.784
[6549.3s] epoch 58 step 176850 avg_loss=1.791
[6551.2s] epoch 58 step 176900 avg_loss=1.803
[6552.9s] epoch 58 step 176950 avg_loss=1.790
[6555.1s] epoch 58 step 177000 avg_loss=1.787
[6555.1s] === epoch 58 done: avg_loss=1.787 (n=3000 derivations) ===
[6556.7s] epoch 59 step 177050 avg_loss=2.795
[6558.3s] epoch 59 step 177100 avg_loss=1.994
[6560.0s] epoch 59 step 177150 avg_loss=1.612
[6562.2s] epoch 59 step 177200 avg_loss=1.780
[6563.7s] epoch 59 step 177250 avg_loss=1.799
[6565.5s] epoch 59 step 177300 avg_loss=1.891
[6567.3s] epoch 59 step 177350 avg_loss=1.790
[6569.0s] epoch 59 step 177400 avg_loss=1.857
[6570.7s] epoch 59 step 177450 avg_loss=1.804
[6572.6s] epoch 59 step 177500 avg_loss=1.758
[6574.3s] epoch 59 step 177550 avg_loss=1.699
[6576.4s] epoch 59 step 177600 avg_loss=1.763
[6578.4s] epoch 59 step 177650 avg_loss=1.803
[6580.5s] epoch 59 step 177700 avg_loss=1.788
[6582.2s] epoch 59 step 177750 avg_loss=1.734
[6583.9s] epoch 59 step 177800 avg_loss=1.757
[6585.6s] epoch 59 step 177850 avg_loss=1.705
[6587.5s] epoch 59 step 177900 avg_loss=1.677
[6589.7s] epoch 59 step 177950 avg_loss=1.684
[6591.8s] epoch 59 step 178000 avg_loss=1.678
[6593.6s] epoch 59 step 178050 avg_loss=1.668
[6595.3s] epoch 59 step 178100 avg_loss=1.653
[6597.3s] epoch 59 step 178150 avg_loss=1.687
[6599.0s] epoch 59 step 178200 avg_loss=1.683
[6601.1s] epoch 59 step 178250 avg_loss=1.679
[6602.7s] epoch 59 step 178300 avg_loss=1.652
[6604.6s] epoch 59 step 178350 avg_loss=1.650
[6606.4s] epoch 59 step 178400 avg_loss=1.678
[6608.1s] epoch 59 step 178450 avg_loss=1.660
[6609.8s] epoch 59 step 178500 avg_loss=1.640
[6611.5s] epoch 59 step 178550 avg_loss=1.638
[6613.2s] epoch 59 step 178600 avg_loss=1.631
[6615.0s] epoch 59 step 178650 avg_loss=1.610
[6616.7s] epoch 59 step 178700 avg_loss=1.608
[6618.8s] epoch 59 step 178750 avg_loss=1.613
[6620.8s] epoch 59 step 178800 avg_loss=1.634
[6622.7s] epoch 59 step 178850 avg_loss=1.634
[6624.3s] epoch 59 step 178900 avg_loss=1.635
[6626.0s] epoch 59 step 178950 avg_loss=1.642
[6627.7s] epoch 59 step 179000 avg_loss=1.653
[6629.5s] epoch 59 step 179050 avg_loss=1.652
[6631.4s] epoch 59 step 179100 avg_loss=1.661
[6633.1s] epoch 59 step 179150 avg_loss=1.670
[6634.7s] epoch 59 step 179200 avg_loss=1.664
[6636.7s] epoch 59 step 179250 avg_loss=1.648
[6638.5s] epoch 59 step 179300 avg_loss=1.636
[6640.3s] epoch 59 step 179350 avg_loss=1.647
[6642.1s] epoch 59 step 179400 avg_loss=1.637
[6644.0s] epoch 59 step 179450 avg_loss=1.634
[6645.8s] epoch 59 step 179500 avg_loss=1.659
[6647.5s] epoch 59 step 179550 avg_loss=1.664
[6649.6s] epoch 59 step 179600 avg_loss=1.675
[6651.2s] epoch 59 step 179650 avg_loss=1.669
[6653.1s] epoch 59 step 179700 avg_loss=1.677
[6654.9s] epoch 59 step 179750 avg_loss=1.701
[6656.5s] epoch 59 step 179800 avg_loss=1.685
[6658.1s] epoch 59 step 179850 avg_loss=1.692
[6659.6s] epoch 59 step 179900 avg_loss=1.700
[6661.4s] epoch 59 step 179950 avg_loss=1.716
[6663.2s] epoch 59 step 180000 avg_loss=1.722
[6663.2s] === epoch 59 done: avg_loss=1.722 (n=3000 derivations) ===
[6664.9s] epoch 60 step 180050 avg_loss=2.952
[6666.6s] epoch 60 step 180100 avg_loss=2.596
[6668.3s] epoch 60 step 180150 avg_loss=2.352
[6670.0s] epoch 60 step 180200 avg_loss=2.154
[6671.4s] epoch 60 step 180250 avg_loss=1.900
[6673.1s] epoch 60 step 180300 avg_loss=1.874
[6674.5s] epoch 60 step 180350 avg_loss=1.817
[6676.4s] epoch 60 step 180400 avg_loss=1.842
[6678.1s] epoch 60 step 180450 avg_loss=1.802
[6679.9s] epoch 60 step 180500 avg_loss=1.871
[6681.7s] epoch 60 step 180550 avg_loss=1.853
[6683.4s] epoch 60 step 180600 avg_loss=1.774
[6685.2s] epoch 60 step 180650 avg_loss=1.754
[6686.9s] epoch 60 step 180700 avg_loss=1.707
[6688.8s] epoch 60 step 180750 avg_loss=1.681
[6690.8s] epoch 60 step 180800 avg_loss=1.724
[6692.4s] epoch 60 step 180850 avg_loss=1.672
[6694.1s] epoch 60 step 180900 avg_loss=1.654
[6695.9s] epoch 60 step 180950 avg_loss=1.651
[6697.7s] epoch 60 step 181000 avg_loss=1.679
[6699.2s] epoch 60 step 181050 avg_loss=1.728
[6701.0s] epoch 60 step 181100 avg_loss=1.690
[6702.7s] epoch 60 step 181150 avg_loss=1.695
[6704.4s] epoch 60 step 181200 avg_loss=1.685
[6706.3s] epoch 60 step 181250 avg_loss=1.698
[6707.9s] epoch 60 step 181300 avg_loss=1.720
[6709.8s] epoch 60 step 181350 avg_loss=1.725
[6711.5s] epoch 60 step 181400 avg_loss=1.712
[6713.0s] epoch 60 step 181450 avg_loss=1.709
[6714.8s] epoch 60 step 181500 avg_loss=1.707
[6716.5s] epoch 60 step 181550 avg_loss=1.675
[6717.9s] epoch 60 step 181600 avg_loss=1.664
[6719.5s] epoch 60 step 181650 avg_loss=1.679
[6721.2s] epoch 60 step 181700 avg_loss=1.673
[6723.0s] epoch 60 step 181750 avg_loss=1.710
[6724.8s] epoch 60 step 181800 avg_loss=1.724
[6726.4s] epoch 60 step 181850 avg_loss=1.732
[6728.3s] epoch 60 step 181900 avg_loss=1.763
[6730.0s] epoch 60 step 181950 avg_loss=1.740
[6731.7s] epoch 60 step 182000 avg_loss=1.758
[6733.6s] epoch 60 step 182050 avg_loss=1.760
[6735.3s] epoch 60 step 182100 avg_loss=1.756
[6737.3s] epoch 60 step 182150 avg_loss=1.760
[6739.1s] epoch 60 step 182200 avg_loss=1.754
[6741.0s] epoch 60 step 182250 avg_loss=1.753
[6743.1s] epoch 60 step 182300 avg_loss=1.759
[6744.6s] epoch 60 step 182350 avg_loss=1.734
[6746.2s] epoch 60 step 182400 avg_loss=1.739
[6748.2s] epoch 60 step 182450 avg_loss=1.749
[6750.1s] epoch 60 step 182500 avg_loss=1.742
[6752.0s] epoch 60 step 182550 avg_loss=1.736
[6753.9s] epoch 60 step 182600 avg_loss=1.735
[6756.0s] epoch 60 step 182650 avg_loss=1.757
[6757.6s] epoch 60 step 182700 avg_loss=1.751
[6759.5s] epoch 60 step 182750 avg_loss=1.742
[6761.2s] epoch 60 step 182800 avg_loss=1.728
[6763.0s] epoch 60 step 182850 avg_loss=1.728
[6764.9s] epoch 60 step 182900 avg_loss=1.733
[6767.0s] epoch 60 step 182950 avg_loss=1.732
[6768.9s] epoch 60 step 183000 avg_loss=1.725
[6768.9s] === epoch 60 done: avg_loss=1.725 (n=3000 derivations) ===
[6770.6s] epoch 61 step 183050 avg_loss=1.310
[6772.2s] epoch 61 step 183100 avg_loss=1.167
[6774.2s] epoch 61 step 183150 avg_loss=1.346
[6776.1s] epoch 61 step 183200 avg_loss=1.297
[6777.9s] epoch 61 step 183250 avg_loss=1.282
[6779.8s] epoch 61 step 183300 avg_loss=1.359
[6781.7s] epoch 61 step 183350 avg_loss=1.386
[6783.5s] epoch 61 step 183400 avg_loss=1.408
[6785.6s] epoch 61 step 183450 avg_loss=1.451
[6787.5s] epoch 61 step 183500 avg_loss=1.544
[6790.4s] eval step=5750 train_avg_loss=1.531 dev_rank1_f1=0.4652 dev_edge_p=0.4721 dev_edge_r=0.4584
[6791.8s] epoch 61 step 183550 avg_loss=1.515
[6793.5s] epoch 61 step 183600 avg_loss=1.466
[6795.0s] epoch 61 step 183650 avg_loss=1.399
[6797.0s] epoch 61 step 183700 avg_loss=1.445
[6798.8s] epoch 61 step 183750 avg_loss=1.455
[6800.7s] epoch 61 step 183800 avg_loss=1.453
[6802.2s] epoch 61 step 183850 avg_loss=1.440
[6803.6s] epoch 61 step 183900 avg_loss=1.408
[6805.4s] epoch 61 step 183950 avg_loss=1.409
[6807.1s] epoch 61 step 184000 avg_loss=1.418
[6809.0s] epoch 61 step 184050 avg_loss=1.473
[6811.0s] epoch 61 step 184100 avg_loss=1.516
[6812.6s] epoch 61 step 184150 avg_loss=1.493
[6814.5s] epoch 61 step 184200 avg_loss=1.486
[6816.0s] epoch 61 step 184250 avg_loss=1.464
[6817.6s] epoch 61 step 184300 avg_loss=1.459
[6819.5s] epoch 61 step 184350 avg_loss=1.464
[6821.1s] epoch 61 step 184400 avg_loss=1.464
[6822.8s] epoch 61 step 184450 avg_loss=1.467
[6824.5s] epoch 61 step 184500 avg_loss=1.521
[6826.1s] epoch 61 step 184550 avg_loss=1.527
[6827.7s] epoch 61 step 184600 avg_loss=1.556
[6829.2s] epoch 61 step 184650 avg_loss=1.558
[6830.7s] epoch 61 step 184700 avg_loss=1.575
[6832.4s] epoch 61 step 184750 avg_loss=1.576
[6834.1s] epoch 61 step 184800 avg_loss=1.566
[6835.6s] epoch 61 step 184850 avg_loss=1.574
[6837.4s] epoch 61 step 184900 avg_loss=1.593
[6838.9s] epoch 61 step 184950 avg_loss=1.580
[6840.6s] epoch 61 step 185000 avg_loss=1.614
[6842.2s] epoch 61 step 185050 avg_loss=1.624
[6844.0s] epoch 61 step 185100 avg_loss=1.624
[6845.8s] epoch 61 step 185150 avg_loss=1.638
[6847.6s] epoch 61 step 185200 avg_loss=1.623
[6849.5s] epoch 61 step 185250 avg_loss=1.624
[6851.2s] epoch 61 step 185300 avg_loss=1.633
[6853.0s] epoch 61 step 185350 avg_loss=1.623
[6854.8s] epoch 61 step 185400 avg_loss=1.614
[6856.6s] epoch 61 step 185450 avg_loss=1.606
[6858.5s] epoch 61 step 185500 avg_loss=1.615
[6860.3s] epoch 61 step 185550 avg_loss=1.615
[6861.9s] epoch 61 step 185600 avg_loss=1.607
[6863.6s] epoch 61 step 185650 avg_loss=1.589
[6865.1s] epoch 61 step 185700 avg_loss=1.594
[6867.0s] epoch 61 step 185750 avg_loss=1.587
[6868.6s] epoch 61 step 185800 avg_loss=1.585
[6870.3s] epoch 61 step 185850 avg_loss=1.575
[6872.1s] epoch 61 step 185900 avg_loss=1.604
[6873.7s] epoch 61 step 185950 avg_loss=1.607
[6875.4s] epoch 61 step 186000 avg_loss=1.597
[6875.4s] === epoch 61 done: avg_loss=1.597 (n=3000 derivations) ===
[6877.4s] epoch 62 step 186050 avg_loss=1.869
[6879.0s] epoch 62 step 186100 avg_loss=1.334
[6881.0s] epoch 62 step 186150 avg_loss=1.270
[6883.0s] epoch 62 step 186200 avg_loss=1.322
[6884.9s] epoch 62 step 186250 avg_loss=1.361
[6886.7s] epoch 62 step 186300 avg_loss=1.398
[6888.4s] epoch 62 step 186350 avg_loss=1.372
[6890.1s] epoch 62 step 186400 avg_loss=1.375
[6891.7s] epoch 62 step 186450 avg_loss=1.298
[6893.5s] epoch 62 step 186500 avg_loss=1.527
[6895.1s] epoch 62 step 186550 avg_loss=1.482
[6896.7s] epoch 62 step 186600 avg_loss=1.439
[6898.5s] epoch 62 step 186650 avg_loss=1.524
[6900.3s] epoch 62 step 186700 avg_loss=1.489
[6902.1s] epoch 62 step 186750 avg_loss=1.458
[6903.8s] epoch 62 step 186800 avg_loss=1.470
[6905.5s] epoch 62 step 186850 avg_loss=1.448
[6907.2s] epoch 62 step 186900 avg_loss=1.435
[6908.8s] epoch 62 step 186950 avg_loss=1.427
[6910.4s] epoch 62 step 187000 avg_loss=1.419
[6912.3s] epoch 62 step 187050 avg_loss=1.386
[6914.0s] epoch 62 step 187100 avg_loss=1.412
[6915.8s] epoch 62 step 187150 avg_loss=1.460
[6917.6s] epoch 62 step 187200 avg_loss=1.474
[6919.3s] epoch 62 step 187250 avg_loss=1.480
[6921.3s] epoch 62 step 187300 avg_loss=1.489
[6922.9s] epoch 62 step 187350 avg_loss=1.488
[6924.6s] epoch 62 step 187400 avg_loss=1.487
[6926.6s] epoch 62 step 187450 avg_loss=1.483
[6928.6s] epoch 62 step 187500 avg_loss=1.476
[6930.3s] epoch 62 step 187550 avg_loss=1.467
[6932.1s] epoch 62 step 187600 avg_loss=1.507
[6934.0s] epoch 62 step 187650 avg_loss=1.526
[6935.9s] epoch 62 step 187700 avg_loss=1.520
[6937.8s] epoch 62 step 187750 avg_loss=1.507
[6939.6s] epoch 62 step 187800 avg_loss=1.528
[6941.2s] epoch 62 step 187850 avg_loss=1.537
[6943.1s] epoch 62 step 187900 avg_loss=1.556
[6944.9s] epoch 62 step 187950 avg_loss=1.588
[6946.7s] epoch 62 step 188000 avg_loss=1.583
[6948.6s] epoch 62 step 188050 avg_loss=1.568
[6950.5s] epoch 62 step 188100 avg_loss=1.554
[6952.2s] epoch 62 step 188150 avg_loss=1.571
[6953.9s] epoch 62 step 188200 avg_loss=1.568
[6955.6s] epoch 62 step 188250 avg_loss=1.562
[6957.6s] epoch 62 step 188300 avg_loss=1.577
[6959.4s] epoch 62 step 188350 avg_loss=1.583
[6961.2s] epoch 62 step 188400 avg_loss=1.566
[6962.8s] epoch 62 step 188450 avg_loss=1.552
[6964.6s] epoch 62 step 188500 avg_loss=1.589
[6966.4s] epoch 62 step 188550 avg_loss=1.585
[6967.9s] epoch 62 step 188600 avg_loss=1.572
[6969.6s] epoch 62 step 188650 avg_loss=1.580
[6971.4s] epoch 62 step 188700 avg_loss=1.575
[6973.1s] epoch 62 step 188750 avg_loss=1.567
[6974.8s] epoch 62 step 188800 avg_loss=1.560
[6976.7s] epoch 62 step 188850 avg_loss=1.553
[6978.3s] epoch 62 step 188900 avg_loss=1.548
[6980.2s] epoch 62 step 188950 avg_loss=1.542
[6981.7s] epoch 62 step 189000 avg_loss=1.532
[6981.7s] === epoch 62 done: avg_loss=1.532 (n=3000 derivations) ===
[6983.4s] epoch 63 step 189050 avg_loss=1.382
[6985.2s] epoch 63 step 189100 avg_loss=1.233
[6987.2s] epoch 63 step 189150 avg_loss=1.293
[6989.2s] epoch 63 step 189200 avg_loss=1.504
[6991.0s] epoch 63 step 189250 avg_loss=1.648
[6992.9s] epoch 63 step 189300 avg_loss=1.826
[6994.7s] epoch 63 step 189350 avg_loss=1.753
[6996.7s] epoch 63 step 189400 avg_loss=1.756
[6998.4s] epoch 63 step 189450 avg_loss=1.705
[7000.2s] epoch 63 step 189500 avg_loss=1.694
[7002.1s] epoch 63 step 189550 avg_loss=1.681
[7004.1s] epoch 63 step 189600 avg_loss=1.731
[7006.0s] epoch 63 step 189650 avg_loss=1.722
[7007.5s] epoch 63 step 189700 avg_loss=1.668
[7009.5s] epoch 63 step 189750 avg_loss=1.713
[7011.0s] epoch 63 step 189800 avg_loss=1.659
[7012.7s] epoch 63 step 189850 avg_loss=1.640
[7014.4s] epoch 63 step 189900 avg_loss=1.616
[7016.3s] epoch 63 step 189950 avg_loss=1.619
[7018.4s] epoch 63 step 190000 avg_loss=1.599
[7020.2s] epoch 63 step 190050 avg_loss=1.598
[7022.1s] epoch 63 step 190100 avg_loss=1.568
[7023.8s] epoch 63 step 190150 avg_loss=1.547
[7025.4s] epoch 63 step 190200 avg_loss=1.535
[7027.1s] epoch 63 step 190250 avg_loss=1.552
[7028.7s] epoch 63 step 190300 avg_loss=1.529
[7030.2s] epoch 63 step 190350 avg_loss=1.503
[7032.1s] epoch 63 step 190400 avg_loss=1.531
[7034.1s] epoch 63 step 190450 avg_loss=1.554
[7036.1s] epoch 63 step 190500 avg_loss=1.557
[7038.0s] epoch 63 step 190550 avg_loss=1.583
[7039.9s] epoch 63 step 190600 avg_loss=1.598
[7041.5s] epoch 63 step 190650 avg_loss=1.591
[7043.3s] epoch 63 step 190700 avg_loss=1.585
[7044.9s] epoch 63 step 190750 avg_loss=1.575
[7046.6s] epoch 63 step 190800 avg_loss=1.570
[7048.4s] epoch 63 step 190850 avg_loss=1.595
[7050.2s] epoch 63 step 190900 avg_loss=1.597
[7052.1s] epoch 63 step 190950 avg_loss=1.593
[7054.0s] epoch 63 step 191000 avg_loss=1.572
[7056.0s] epoch 63 step 191050 avg_loss=1.584
[7057.5s] epoch 63 step 191100 avg_loss=1.557
[7059.2s] epoch 63 step 191150 avg_loss=1.556
[7061.1s] epoch 63 step 191200 avg_loss=1.537
[7062.7s] epoch 63 step 191250 avg_loss=1.521
[7064.7s] epoch 63 step 191300 avg_loss=1.521
[7067.0s] epoch 63 step 191350 avg_loss=1.540
[7068.8s] epoch 63 step 191400 avg_loss=1.538
[7070.6s] epoch 63 step 191450 avg_loss=1.538
[7075.2s] eval step=6000 train_avg_loss=1.528 dev_rank1_f1=0.4551 dev_edge_p=0.4674 dev_edge_r=0.4435
[7075.3s] epoch 63 step 191500 avg_loss=1.527
[7076.9s] epoch 63 step 191550 avg_loss=1.518
[7078.6s] epoch 63 step 191600 avg_loss=1.526
[7080.6s] epoch 63 step 191650 avg_loss=1.527
[7082.3s] epoch 63 step 191700 avg_loss=1.518
[7084.3s] epoch 63 step 191750 avg_loss=1.540
[7085.9s] epoch 63 step 191800 avg_loss=1.526
[7087.7s] epoch 63 step 191850 avg_loss=1.516
[7089.4s] epoch 63 step 191900 avg_loss=1.510
[7091.2s] epoch 63 step 191950 avg_loss=1.524
[7093.0s] epoch 63 step 192000 avg_loss=1.527
[7093.0s] === epoch 63 done: avg_loss=1.527 (n=3000 derivations) ===
[7094.6s] epoch 64 step 192050 avg_loss=1.249
[7096.6s] epoch 64 step 192100 avg_loss=0.945
[7098.3s] epoch 64 step 192150 avg_loss=1.071
[7099.9s] epoch 64 step 192200 avg_loss=1.295
[7101.7s] epoch 64 step 192250 avg_loss=1.301
[7103.7s] epoch 64 step 192300 avg_loss=1.506
[7105.8s] epoch 64 step 192350 avg_loss=1.524
[7107.6s] epoch 64 step 192400 avg_loss=1.503
[7109.3s] epoch 64 step 192450 avg_loss=1.527
[7111.0s] epoch 64 step 192500 avg_loss=1.490
[7112.8s] epoch 64 step 192550 avg_loss=1.453
[7114.3s] epoch 64 step 192600 avg_loss=1.405
[7116.0s] epoch 64 step 192650 avg_loss=1.376
[7117.9s] epoch 64 step 192700 avg_loss=1.365
[7120.1s] epoch 64 step 192750 avg_loss=1.397
[7121.8s] epoch 64 step 192800 avg_loss=1.391
[7123.6s] epoch 64 step 192850 avg_loss=1.391
[7125.2s] epoch 64 step 192900 avg_loss=1.376
[7127.0s] epoch 64 step 192950 avg_loss=1.353
[7128.6s] epoch 64 step 193000 avg_loss=1.359
[7130.2s] epoch 64 step 193050 avg_loss=1.355
[7132.0s] epoch 64 step 193100 avg_loss=1.335
[7133.7s] epoch 64 step 193150 avg_loss=1.373
[7135.5s] epoch 64 step 193200 avg_loss=1.354
[7137.2s] epoch 64 step 193250 avg_loss=1.332
[7139.1s] epoch 64 step 193300 avg_loss=1.356
[7140.5s] epoch 64 step 193350 avg_loss=1.363
[7142.0s] epoch 64 step 193400 avg_loss=1.334
[7143.7s] epoch 64 step 193450 avg_loss=1.322
[7145.3s] epoch 64 step 193500 avg_loss=1.328
[7146.8s] epoch 64 step 193550 avg_loss=1.333
[7148.7s] epoch 64 step 193600 avg_loss=1.341
[7150.5s] epoch 64 step 193650 avg_loss=1.349
[7152.3s] epoch 64 step 193700 avg_loss=1.361
[7154.1s] epoch 64 step 193750 avg_loss=1.356
[7155.8s] epoch 64 step 193800 avg_loss=1.362
[7157.3s] epoch 64 step 193850 avg_loss=1.356
[7159.2s] epoch 64 step 193900 avg_loss=1.394
[7161.0s] epoch 64 step 193950 avg_loss=1.427
[7162.6s] epoch 64 step 194000 avg_loss=1.420
[7164.3s] epoch 64 step 194050 avg_loss=1.426
[7166.2s] epoch 64 step 194100 avg_loss=1.441
[7167.9s] epoch 64 step 194150 avg_loss=1.439
[7169.8s] epoch 64 step 194200 avg_loss=1.447
[7171.5s] epoch 64 step 194250 avg_loss=1.439
[7173.4s] epoch 64 step 194300 avg_loss=1.453
[7175.1s] epoch 64 step 194350 avg_loss=1.455
[7176.7s] epoch 64 step 194400 avg_loss=1.444
[7178.6s] epoch 64 step 194450 avg_loss=1.437
[7180.2s] epoch 64 step 194500 avg_loss=1.442
[7181.9s] epoch 64 step 194550 avg_loss=1.440
[7183.7s] epoch 64 step 194600 avg_loss=1.439
[7185.4s] epoch 64 step 194650 avg_loss=1.428
[7187.1s] epoch 64 step 194700 avg_loss=1.428
[7189.0s] epoch 64 step 194750 avg_loss=1.419
[7191.0s] epoch 64 step 194800 avg_loss=1.445
[7192.8s] epoch 64 step 194850 avg_loss=1.452
[7194.9s] epoch 64 step 194900 avg_loss=1.454
[7196.8s] epoch 64 step 194950 avg_loss=1.451
[7198.6s] epoch 64 step 195000 avg_loss=1.443
[7198.6s] === epoch 64 done: avg_loss=1.443 (n=3000 derivations) ===
[7200.6s] epoch 65 step 195050 avg_loss=1.648
[7202.5s] epoch 65 step 195100 avg_loss=1.643
[7204.1s] epoch 65 step 195150 avg_loss=2.202
[7205.9s] epoch 65 step 195200 avg_loss=1.948
[7207.7s] epoch 65 step 195250 avg_loss=1.856
[7209.7s] epoch 65 step 195300 avg_loss=1.745
[7211.3s] epoch 65 step 195350 avg_loss=1.638
[7212.9s] epoch 65 step 195400 avg_loss=1.522
[7214.5s] epoch 65 step 195450 avg_loss=1.552
[7216.0s] epoch 65 step 195500 avg_loss=1.513
[7217.8s] epoch 65 step 195550 avg_loss=1.500
[7219.4s] epoch 65 step 195600 avg_loss=1.573
[7221.0s] epoch 65 step 195650 avg_loss=1.505
[7222.8s] epoch 65 step 195700 avg_loss=1.545
[7224.8s] epoch 65 step 195750 avg_loss=1.606
[7226.5s] epoch 65 step 195800 avg_loss=1.601
[7228.1s] epoch 65 step 195850 avg_loss=1.566
[7229.6s] epoch 65 step 195900 avg_loss=1.551
[7231.0s] epoch 65 step 195950 avg_loss=1.550
[7232.7s] epoch 65 step 196000 avg_loss=1.541
[7234.4s] epoch 65 step 196050 avg_loss=1.541
[7235.9s] epoch 65 step 196100 avg_loss=1.520
[7237.6s] epoch 65 step 196150 avg_loss=1.536
[7239.3s] epoch 65 step 196200 avg_loss=1.543
[7241.1s] epoch 65 step 196250 avg_loss=1.564
[7243.0s] epoch 65 step 196300 avg_loss=1.557
[7244.6s] epoch 65 step 196350 avg_loss=1.537
[7246.3s] epoch 65 step 196400 avg_loss=1.526
[7247.9s] epoch 65 step 196450 avg_loss=1.512
[7249.5s] epoch 65 step 196500 avg_loss=1.491
[7251.4s] epoch 65 step 196550 avg_loss=1.482
[7253.1s] epoch 65 step 196600 avg_loss=1.474
[7254.8s] epoch 65 step 196650 avg_loss=1.458
[7256.4s] epoch 65 step 196700 avg_loss=1.444
[7258.1s] epoch 65 step 196750 avg_loss=1.419
[7259.8s] epoch 65 step 196800 avg_loss=1.408
[7261.8s] epoch 65 step 196850 avg_loss=1.418
[7263.5s] epoch 65 step 196900 avg_loss=1.429
[7265.0s] epoch 65 step 196950 avg_loss=1.413
[7266.8s] epoch 65 step 197000 avg_loss=1.410
[7268.7s] epoch 65 step 197050 avg_loss=1.421
[7270.7s] epoch 65 step 197100 avg_loss=1.427
[7272.5s] epoch 65 step 197150 avg_loss=1.421
[7274.1s] epoch 65 step 197200 avg_loss=1.421
[7275.8s] epoch 65 step 197250 avg_loss=1.409
[7277.3s] epoch 65 step 197300 avg_loss=1.395
[7279.2s] epoch 65 step 197350 avg_loss=1.411
[7281.0s] epoch 65 step 197400 avg_loss=1.432
[7282.7s] epoch 65 step 197450 avg_loss=1.442
[7284.4s] epoch 65 step 197500 avg_loss=1.437
[7286.0s] epoch 65 step 197550 avg_loss=1.437
[7287.8s] epoch 65 step 197600 avg_loss=1.435
[7289.7s] epoch 65 step 197650 avg_loss=1.445
[7291.6s] epoch 65 step 197700 avg_loss=1.437
[7293.2s] epoch 65 step 197750 avg_loss=1.444
[7294.9s] epoch 65 step 197800 avg_loss=1.440
[7296.5s] epoch 65 step 197850 avg_loss=1.431
[7297.9s] epoch 65 step 197900 avg_loss=1.425
[7299.6s] epoch 65 step 197950 avg_loss=1.432
[7301.2s] epoch 65 step 198000 avg_loss=1.431
[7301.2s] === epoch 65 done: avg_loss=1.431 (n=3000 derivations) ===
[7303.2s] epoch 66 step 198050 avg_loss=1.965
[7305.0s] epoch 66 step 198100 avg_loss=1.781
[7306.7s] epoch 66 step 198150 avg_loss=1.555
[7308.2s] epoch 66 step 198200 avg_loss=1.346
[7310.0s] epoch 66 step 198250 avg_loss=1.489
[7311.7s] epoch 66 step 198300 avg_loss=1.376
[7313.5s] epoch 66 step 198350 avg_loss=1.583
[7315.3s] epoch 66 step 198400 avg_loss=1.518
[7317.0s] epoch 66 step 198450 avg_loss=1.428
[7318.8s] epoch 66 step 198500 avg_loss=1.412
[7320.9s] epoch 66 step 198550 avg_loss=1.483
[7322.9s] epoch 66 step 198600 avg_loss=1.487
[7324.8s] epoch 66 step 198650 avg_loss=1.533
[7326.5s] epoch 66 step 198700 avg_loss=1.463
[7328.4s] epoch 66 step 198750 avg_loss=1.440
[7330.1s] epoch 66 step 198800 avg_loss=1.441
[7331.7s] epoch 66 step 198850 avg_loss=1.390
[7333.7s] epoch 66 step 198900 avg_loss=1.408
[7335.2s] epoch 66 step 198950 avg_loss=1.377
[7337.0s] epoch 66 step 199000 avg_loss=1.443
[7338.8s] epoch 66 step 199050 avg_loss=1.425
[7340.6s] epoch 66 step 199100 avg_loss=1.421
[7342.4s] epoch 66 step 199150 avg_loss=1.421
[7344.1s] epoch 66 step 199200 avg_loss=1.430
[7346.0s] epoch 66 step 199250 avg_loss=1.418
[7347.7s] epoch 66 step 199300 avg_loss=1.421
[7349.5s] epoch 66 step 199350 avg_loss=1.406
[7351.0s] epoch 66 step 199400 avg_loss=1.389
[7353.1s] epoch 66 step 199450 avg_loss=1.407
[7356.8s] eval step=6250 train_avg_loss=1.419 dev_rank1_f1=0.4288 dev_edge_p=0.4258 dev_edge_r=0.4318
[7358.1s] epoch 66 step 199500 avg_loss=1.428
[7360.0s] epoch 66 step 199550 avg_loss=1.416
[7362.1s] epoch 66 step 199600 avg_loss=1.429
[7363.8s] epoch 66 step 199650 avg_loss=1.413
[7365.6s] epoch 66 step 199700 avg_loss=1.423
[7367.3s] epoch 66 step 199750 avg_loss=1.403
[7369.0s] epoch 66 step 199800 avg_loss=1.400
[7370.5s] epoch 66 step 199850 avg_loss=1.376
[7372.2s] epoch 66 step 199900 avg_loss=1.362
[7374.0s] epoch 66 step 199950 avg_loss=1.352
[7375.8s] epoch 66 step 200000 avg_loss=1.348
[7377.6s] epoch 66 step 200050 avg_loss=1.344
[7379.2s] epoch 66 step 200100 avg_loss=1.353
[7380.9s] epoch 66 step 200150 avg_loss=1.342
[7382.5s] epoch 66 step 200200 avg_loss=1.343
[7384.1s] epoch 66 step 200250 avg_loss=1.335
[7385.8s] epoch 66 step 200300 avg_loss=1.334
[7387.5s] epoch 66 step 200350 avg_loss=1.333
[7389.1s] epoch 66 step 200400 avg_loss=1.331
[7390.9s] epoch 66 step 200450 avg_loss=1.323
[7392.7s] epoch 66 step 200500 avg_loss=1.339
[7394.6s] epoch 66 step 200550 avg_loss=1.340
[7396.4s] epoch 66 step 200600 avg_loss=1.349
[7398.1s] epoch 66 step 200650 avg_loss=1.343
[7400.0s] epoch 66 step 200700 avg_loss=1.348
[7401.6s] epoch 66 step 200750 avg_loss=1.343
[7403.3s] epoch 66 step 200800 avg_loss=1.337
[7404.8s] epoch 66 step 200850 avg_loss=1.359
[7406.6s] epoch 66 step 200900 avg_loss=1.356
[7408.3s] epoch 66 step 200950 avg_loss=1.346
[7410.0s] epoch 66 step 201000 avg_loss=1.352
[7410.1s] === epoch 66 done: avg_loss=1.352 (n=3000 derivations) ===
[7411.8s] epoch 67 step 201050 avg_loss=1.572
[7413.3s] epoch 67 step 201100 avg_loss=1.572
[7414.9s] epoch 67 step 201150 avg_loss=1.257
[7416.3s] epoch 67 step 201200 avg_loss=1.109
[7417.8s] epoch 67 step 201250 avg_loss=1.089
[7419.5s] epoch 67 step 201300 avg_loss=1.036
[7421.4s] epoch 67 step 201350 avg_loss=1.069
[7422.9s] epoch 67 step 201400 avg_loss=1.073
[7424.6s] epoch 67 step 201450 avg_loss=1.033
[7426.1s] epoch 67 step 201500 avg_loss=1.095
[7427.8s] epoch 67 step 201550 avg_loss=1.064
[7429.7s] epoch 67 step 201600 avg_loss=1.075
[7431.5s] epoch 67 step 201650 avg_loss=1.103
[7433.2s] epoch 67 step 201700 avg_loss=1.124
[7434.9s] epoch 67 step 201750 avg_loss=1.248
[7436.7s] epoch 67 step 201800 avg_loss=1.260
[7438.3s] epoch 67 step 201850 avg_loss=1.273
[7439.9s] epoch 67 step 201900 avg_loss=1.289
[7441.4s] epoch 67 step 201950 avg_loss=1.289
[7443.3s] epoch 67 step 202000 avg_loss=1.321
[7444.9s] epoch 67 step 202050 avg_loss=1.324
[7446.6s] epoch 67 step 202100 avg_loss=1.313
[7448.5s] epoch 67 step 202150 avg_loss=1.325
[7450.4s] epoch 67 step 202200 avg_loss=1.325
[7452.3s] epoch 67 step 202250 avg_loss=1.341
[7454.1s] epoch 67 step 202300 avg_loss=1.343
[7455.8s] epoch 67 step 202350 avg_loss=1.349
[7457.7s] epoch 67 step 202400 avg_loss=1.377
[7459.6s] epoch 67 step 202450 avg_loss=1.389
[7461.3s] epoch 67 step 202500 avg_loss=1.389
[7463.5s] epoch 67 step 202550 avg_loss=1.425
[7465.2s] epoch 67 step 202600 avg_loss=1.422
[7466.8s] epoch 67 step 202650 avg_loss=1.434
[7468.3s] epoch 67 step 202700 avg_loss=1.430
[7470.1s] epoch 67 step 202750 avg_loss=1.421
[7471.7s] epoch 67 step 202800 avg_loss=1.416
[7473.6s] epoch 67 step 202850 avg_loss=1.409
[7475.3s] epoch 67 step 202900 avg_loss=1.399
[7477.0s] epoch 67 step 202950 avg_loss=1.406
[7478.6s] epoch 67 step 203000 avg_loss=1.390
[7479.9s] epoch 67 step 203050 avg_loss=1.374
[7481.7s] epoch 67 step 203100 avg_loss=1.367
[7483.6s] epoch 67 step 203150 avg_loss=1.377
[7485.3s] epoch 67 step 203200 avg_loss=1.366
[7487.1s] epoch 67 step 203250 avg_loss=1.351
[7488.9s] epoch 67 step 203300 avg_loss=1.347
[7490.7s] epoch 67 step 203350 avg_loss=1.344
[7492.5s] epoch 67 step 203400 avg_loss=1.327
[7494.3s] epoch 67 step 203450 avg_loss=1.333
[7495.8s] epoch 67 step 203500 avg_loss=1.344
[7497.3s] epoch 67 step 203550 avg_loss=1.358
[7498.9s] epoch 67 step 203600 avg_loss=1.349
[7500.5s] epoch 67 step 203650 avg_loss=1.347
[7502.3s] epoch 67 step 203700 avg_loss=1.359
[7504.0s] epoch 67 step 203750 avg_loss=1.358
[7505.8s] epoch 67 step 203800 avg_loss=1.361
[7507.3s] epoch 67 step 203850 avg_loss=1.361
[7509.0s] epoch 67 step 203900 avg_loss=1.363
[7510.9s] epoch 67 step 203950 avg_loss=1.352
[7512.9s] epoch 67 step 204000 avg_loss=1.359
[7512.9s] === epoch 67 done: avg_loss=1.359 (n=3000 derivations) ===
[7514.5s] epoch 68 step 204050 avg_loss=0.816
[7516.2s] epoch 68 step 204100 avg_loss=0.821
[7517.8s] epoch 68 step 204150 avg_loss=0.846
[7519.5s] epoch 68 step 204200 avg_loss=0.756
[7521.1s] epoch 68 step 204250 avg_loss=0.885
[7522.8s] epoch 68 step 204300 avg_loss=0.928
[7524.3s] epoch 68 step 204350 avg_loss=0.956
[7525.9s] epoch 68 step 204400 avg_loss=0.913
[7527.6s] epoch 68 step 204450 avg_loss=0.915
[7529.2s] epoch 68 step 204500 avg_loss=0.911
[7530.7s] epoch 68 step 204550 avg_loss=0.881
[7532.3s] epoch 68 step 204600 avg_loss=0.909
[7534.1s] epoch 68 step 204650 avg_loss=1.057
[7536.0s] epoch 68 step 204700 avg_loss=1.120
[7537.6s] epoch 68 step 204750 avg_loss=1.111
[7539.5s] epoch 68 step 204800 avg_loss=1.144
[7541.7s] epoch 68 step 204850 avg_loss=1.194
[7543.8s] epoch 68 step 204900 avg_loss=1.188
[7545.9s] epoch 68 step 204950 avg_loss=1.172
[7547.7s] epoch 68 step 205000 avg_loss=1.183
[7549.3s] epoch 68 step 205050 avg_loss=1.180
[7550.8s] epoch 68 step 205100 avg_loss=1.167
[7552.4s] epoch 68 step 205150 avg_loss=1.158
[7554.0s] epoch 68 step 205200 avg_loss=1.149
[7555.5s] epoch 68 step 205250 avg_loss=1.139
[7557.1s] epoch 68 step 205300 avg_loss=1.142
[7558.6s] epoch 68 step 205350 avg_loss=1.133
[7560.1s] epoch 68 step 205400 avg_loss=1.122
[7561.7s] epoch 68 step 205450 avg_loss=1.102
[7563.4s] epoch 68 step 205500 avg_loss=1.119
[7565.0s] epoch 68 step 205550 avg_loss=1.127
[7566.6s] epoch 68 step 205600 avg_loss=1.121
[7567.9s] epoch 68 step 205650 avg_loss=1.100
[7569.6s] epoch 68 step 205700 avg_loss=1.108
[7571.3s] epoch 68 step 205750 avg_loss=1.128
[7572.9s] epoch 68 step 205800 avg_loss=1.118
[7574.9s] epoch 68 step 205850 avg_loss=1.118
[7576.7s] epoch 68 step 205900 avg_loss=1.117
[7578.3s] epoch 68 step 205950 avg_loss=1.116
[7579.9s] epoch 68 step 206000 avg_loss=1.118
[7581.7s] epoch 68 step 206050 avg_loss=1.138
[7583.5s] epoch 68 step 206100 avg_loss=1.137
[7585.0s] epoch 68 step 206150 avg_loss=1.128
[7586.8s] epoch 68 step 206200 avg_loss=1.149
[7588.6s] epoch 68 step 206250 avg_loss=1.164
[7590.3s] epoch 68 step 206300 avg_loss=1.172
[7592.1s] epoch 68 step 206350 avg_loss=1.174
[7594.1s] epoch 68 step 206400 avg_loss=1.204
[7595.7s] epoch 68 step 206450 avg_loss=1.196
[7597.4s] epoch 68 step 206500 avg_loss=1.227
[7598.9s] epoch 68 step 206550 avg_loss=1.232
[7600.4s] epoch 68 step 206600 avg_loss=1.218
[7602.1s] epoch 68 step 206650 avg_loss=1.220
[7603.9s] epoch 68 step 206700 avg_loss=1.218
[7605.7s] epoch 68 step 206750 avg_loss=1.231
[7607.5s] epoch 68 step 206800 avg_loss=1.237
[7609.4s] epoch 68 step 206850 avg_loss=1.253
[7611.3s] epoch 68 step 206900 avg_loss=1.254
[7613.0s] epoch 68 step 206950 avg_loss=1.262
[7615.0s] epoch 68 step 207000 avg_loss=1.264
[7615.0s] === epoch 68 done: avg_loss=1.264 (n=3000 derivations) ===
[7616.8s] epoch 69 step 207050 avg_loss=2.372
[7618.6s] epoch 69 step 207100 avg_loss=2.097
[7620.6s] epoch 69 step 207150 avg_loss=1.982
[7622.6s] epoch 69 step 207200 avg_loss=1.778
[7624.4s] epoch 69 step 207250 avg_loss=1.717
[7625.9s] epoch 69 step 207300 avg_loss=1.536
[7627.8s] epoch 69 step 207350 avg_loss=1.525
[7629.3s] epoch 69 step 207400 avg_loss=1.473
[7633.3s] eval step=6500 train_avg_loss=1.480 dev_rank1_f1=0.4412 dev_edge_p=0.4515 dev_edge_r=0.4312
[7633.4s] epoch 69 step 207450 avg_loss=1.474
[7635.0s] epoch 69 step 207500 avg_loss=1.396
[7636.8s] epoch 69 step 207550 avg_loss=1.394
[7638.3s] epoch 69 step 207600 avg_loss=1.342
[7640.1s] epoch 69 step 207650 avg_loss=1.318
[7641.8s] epoch 69 step 207700 avg_loss=1.273
[7643.5s] epoch 69 step 207750 avg_loss=1.264
[7645.2s] epoch 69 step 207800 avg_loss=1.243
[7647.0s] epoch 69 step 207850 avg_loss=1.235
[7648.8s] epoch 69 step 207900 avg_loss=1.193
[7650.4s] epoch 69 step 207950 avg_loss=1.203
[7652.1s] epoch 69 step 208000 avg_loss=1.176
[7653.4s] epoch 69 step 208050 avg_loss=1.176
[7655.1s] epoch 69 step 208100 avg_loss=1.169
[7656.7s] epoch 69 step 208150 avg_loss=1.152
[7658.4s] epoch 69 step 208200 avg_loss=1.174
[7659.9s] epoch 69 step 208250 avg_loss=1.199
[7661.7s] epoch 69 step 208300 avg_loss=1.218
[7663.5s] epoch 69 step 208350 avg_loss=1.231
[7665.1s] epoch 69 step 208400 avg_loss=1.225
[7666.7s] epoch 69 step 208450 avg_loss=1.226
[7668.4s] epoch 69 step 208500 avg_loss=1.230
[7669.8s] epoch 69 step 208550 avg_loss=1.244
[7671.6s] epoch 69 step 208600 avg_loss=1.259
[7673.4s] epoch 69 step 208650 avg_loss=1.252
[7675.0s] epoch 69 step 208700 avg_loss=1.261
[7676.7s] epoch 69 step 208750 avg_loss=1.260
[7678.4s] epoch 69 step 208800 avg_loss=1.253
[7680.0s] epoch 69 step 208850 avg_loss=1.256
[7681.7s] epoch 69 step 208900 avg_loss=1.255
[7683.5s] epoch 69 step 208950 avg_loss=1.288
[7684.9s] epoch 69 step 209000 avg_loss=1.285
[7686.8s] epoch 69 step 209050 avg_loss=1.278
[7688.6s] epoch 69 step 209100 avg_loss=1.277
[7690.4s] epoch 69 step 209150 avg_loss=1.269
[7692.2s] epoch 69 step 209200 avg_loss=1.278
[7693.9s] epoch 69 step 209250 avg_loss=1.273
[7695.5s] epoch 69 step 209300 avg_loss=1.271
[7696.9s] epoch 69 step 209350 avg_loss=1.261
[7698.5s] epoch 69 step 209400 avg_loss=1.265
[7700.2s] epoch 69 step 209450 avg_loss=1.279
[7701.9s] epoch 69 step 209500 avg_loss=1.272
[7703.5s] epoch 69 step 209550 avg_loss=1.268
[7705.0s] epoch 69 step 209600 avg_loss=1.264
[7706.7s] epoch 69 step 209650 avg_loss=1.260
[7708.4s] epoch 69 step 209700 avg_loss=1.270
[7710.0s] epoch 69 step 209750 avg_loss=1.288
[7711.7s] epoch 69 step 209800 avg_loss=1.281
[7713.1s] epoch 69 step 209850 avg_loss=1.283
[7714.9s] epoch 69 step 209900 avg_loss=1.290
[7716.6s] epoch 69 step 209950 avg_loss=1.290
[7718.4s] epoch 69 step 210000 avg_loss=1.290
[7718.4s] === epoch 69 done: avg_loss=1.290 (n=3000 derivations) ===
[7720.2s] epoch 70 step 210050 avg_loss=1.289
[7722.5s] epoch 70 step 210100 avg_loss=1.099
[7724.4s] epoch 70 step 210150 avg_loss=1.074
[7726.8s] epoch 70 step 210200 avg_loss=1.441
[7728.4s] epoch 70 step 210250 avg_loss=1.283
[7729.9s] epoch 70 step 210300 avg_loss=1.333
[7731.8s] epoch 70 step 210350 avg_loss=1.449
[7733.3s] epoch 70 step 210400 avg_loss=1.373
[7734.9s] epoch 70 step 210450 avg_loss=1.345
[7736.9s] epoch 70 step 210500 avg_loss=1.291
[7738.7s] epoch 70 step 210550 avg_loss=1.395
[7740.4s] epoch 70 step 210600 avg_loss=1.360
[7741.8s] epoch 70 step 210650 avg_loss=1.306
[7743.5s] epoch 70 step 210700 avg_loss=1.281
[7745.4s] epoch 70 step 210750 avg_loss=1.341
[7747.2s] epoch 70 step 210800 avg_loss=1.294
[7748.7s] epoch 70 step 210850 avg_loss=1.252
[7750.6s] epoch 70 step 210900 avg_loss=1.305
[7752.3s] epoch 70 step 210950 avg_loss=1.331
[7754.2s] epoch 70 step 211000 avg_loss=1.333
[7755.7s] epoch 70 step 211050 avg_loss=1.290
[7757.3s] epoch 70 step 211100 avg_loss=1.322
[7759.0s] epoch 70 step 211150 avg_loss=1.341
[7760.7s] epoch 70 step 211200 avg_loss=1.318
[7762.4s] epoch 70 step 211250 avg_loss=1.341
[7764.0s] epoch 70 step 211300 avg_loss=1.327
[7765.5s] epoch 70 step 211350 avg_loss=1.305
[7767.1s] epoch 70 step 211400 avg_loss=1.291
[7768.9s] epoch 70 step 211450 avg_loss=1.326
[7770.8s] epoch 70 step 211500 avg_loss=1.338
[7772.5s] epoch 70 step 211550 avg_loss=1.325
[7774.1s] epoch 70 step 211600 avg_loss=1.328
[7776.1s] epoch 70 step 211650 avg_loss=1.320
[7777.9s] epoch 70 step 211700 avg_loss=1.310
[7779.9s] epoch 70 step 211750 avg_loss=1.327
[7781.7s] epoch 70 step 211800 avg_loss=1.312
[7783.5s] epoch 70 step 211850 avg_loss=1.304
[7785.1s] epoch 70 step 211900 avg_loss=1.292
[7786.8s] epoch 70 step 211950 avg_loss=1.281
[7788.4s] epoch 70 step 212000 avg_loss=1.271
[7790.2s] epoch 70 step 212050 avg_loss=1.264
[7791.8s] epoch 70 step 212100 avg_loss=1.265
[7793.6s] epoch 70 step 212150 avg_loss=1.274
[7795.1s] epoch 70 step 212200 avg_loss=1.266
[7796.7s] epoch 70 step 212250 avg_loss=1.265
[7798.3s] epoch 70 step 212300 avg_loss=1.259
[7800.0s] epoch 70 step 212350 avg_loss=1.255
[7801.5s] epoch 70 step 212400 avg_loss=1.254
[7803.3s] epoch 70 step 212450 avg_loss=1.260
[7805.1s] epoch 70 step 212500 avg_loss=1.257
[7806.8s] epoch 70 step 212550 avg_loss=1.251
[7808.3s] epoch 70 step 212600 avg_loss=1.239
[7809.8s] epoch 70 step 212650 avg_loss=1.232
[7811.3s] epoch 70 step 212700 avg_loss=1.217
[7813.0s] epoch 70 step 212750 avg_loss=1.228
[7814.7s] epoch 70 step 212800 avg_loss=1.243
[7816.4s] epoch 70 step 212850 avg_loss=1.242
[7818.2s] epoch 70 step 212900 avg_loss=1.242
[7819.9s] epoch 70 step 212950 avg_loss=1.237
[7821.6s] epoch 70 step 213000 avg_loss=1.231
[7821.6s] === epoch 70 done: avg_loss=1.231 (n=3000 derivations) ===
[7823.5s] epoch 71 step 213050 avg_loss=1.528
[7825.4s] epoch 71 step 213100 avg_loss=1.271
[7827.3s] epoch 71 step 213150 avg_loss=1.147
[7829.0s] epoch 71 step 213200 avg_loss=1.106
[7830.8s] epoch 71 step 213250 avg_loss=1.050
[7832.3s] epoch 71 step 213300 avg_loss=1.034
[7833.8s] epoch 71 step 213350 avg_loss=1.023
[7835.2s] epoch 71 step 213400 avg_loss=0.969
[7836.7s] epoch 71 step 213450 avg_loss=0.964
[7838.2s] epoch 71 step 213500 avg_loss=1.053
[7840.0s] epoch 71 step 213550 avg_loss=1.076
[7841.6s] epoch 71 step 213600 avg_loss=1.103
[7843.4s] epoch 71 step 213650 avg_loss=1.117
[7845.0s] epoch 71 step 213700 avg_loss=1.129
[7846.8s] epoch 71 step 213750 avg_loss=1.102
[7848.4s] epoch 71 step 213800 avg_loss=1.084
[7850.3s] epoch 71 step 213850 avg_loss=1.102
[7851.8s] epoch 71 step 213900 avg_loss=1.113
[7853.5s] epoch 71 step 213950 avg_loss=1.110
[7855.3s] epoch 71 step 214000 avg_loss=1.105
[7856.9s] epoch 71 step 214050 avg_loss=1.120
[7858.5s] epoch 71 step 214100 avg_loss=1.099
[7860.2s] epoch 71 step 214150 avg_loss=1.070
[7861.9s] epoch 71 step 214200 avg_loss=1.072
[7863.9s] epoch 71 step 214250 avg_loss=1.128
[7865.5s] epoch 71 step 214300 avg_loss=1.120
[7867.0s] epoch 71 step 214350 avg_loss=1.127
[7868.6s] epoch 71 step 214400 avg_loss=1.126
[7870.6s] epoch 71 step 214450 avg_loss=1.180
[7871.9s] epoch 71 step 214500 avg_loss=1.162
[7873.8s] epoch 71 step 214550 avg_loss=1.165
[7875.4s] epoch 71 step 214600 avg_loss=1.161
[7877.3s] epoch 71 step 214650 avg_loss=1.173
[7879.1s] epoch 71 step 214700 avg_loss=1.174
[7880.9s] epoch 71 step 214750 avg_loss=1.167
[7882.5s] epoch 71 step 214800 avg_loss=1.160
[7884.2s] epoch 71 step 214850 avg_loss=1.176
[7885.9s] epoch 71 step 214900 avg_loss=1.199
[7887.4s] epoch 71 step 214950 avg_loss=1.207
[7889.1s] epoch 71 step 215000 avg_loss=1.205
[7890.8s] epoch 71 step 215050 avg_loss=1.220
[7892.4s] epoch 71 step 215100 avg_loss=1.216
[7894.2s] epoch 71 step 215150 avg_loss=1.216
[7896.0s] epoch 71 step 215200 avg_loss=1.224
[7898.2s] epoch 71 step 215250 avg_loss=1.232
[7899.9s] epoch 71 step 215300 avg_loss=1.239
[7901.8s] epoch 71 step 215350 avg_loss=1.247
[7903.5s] epoch 71 step 215400 avg_loss=1.244
[7907.1s] eval step=6750 train_avg_loss=1.239 dev_rank1_f1=0.4446 dev_edge_p=0.4486 dev_edge_r=0.4406
[7907.6s] epoch 71 step 215450 avg_loss=1.239
[7909.2s] epoch 71 step 215500 avg_loss=1.233
[7911.0s] epoch 71 step 215550 avg_loss=1.239
[7912.6s] epoch 71 step 215600 avg_loss=1.230
[7914.5s] epoch 71 step 215650 avg_loss=1.224
[7916.2s] epoch 71 step 215700 avg_loss=1.219
[7917.8s] epoch 71 step 215750 avg_loss=1.217
[7919.4s] epoch 71 step 215800 avg_loss=1.215
[7921.2s] epoch 71 step 215850 avg_loss=1.212
[7923.0s] epoch 71 step 215900 avg_loss=1.220
[7924.8s] epoch 71 step 215950 avg_loss=1.218
[7926.9s] epoch 71 step 216000 avg_loss=1.214
[7926.9s] === epoch 71 done: avg_loss=1.214 (n=3000 derivations) ===
[7928.8s] epoch 72 step 216050 avg_loss=1.046
[7930.8s] epoch 72 step 216100 avg_loss=1.049
[7932.9s] epoch 72 step 216150 avg_loss=0.919
[7934.8s] epoch 72 step 216200 avg_loss=0.948
[7936.8s] epoch 72 step 216250 avg_loss=1.130
[7938.3s] epoch 72 step 216300 avg_loss=1.057
[7940.4s] epoch 72 step 216350 avg_loss=1.138
[7942.3s] epoch 72 step 216400 avg_loss=1.098
[7944.3s] epoch 72 step 216450 avg_loss=1.186
[7946.0s] epoch 72 step 216500 avg_loss=1.235
[7947.8s] epoch 72 step 216550 avg_loss=1.337
[7949.4s] epoch 72 step 216600 avg_loss=1.296
[7951.3s] epoch 72 step 216650 avg_loss=1.290
[7953.1s] epoch 72 step 216700 avg_loss=1.287
[7955.0s] epoch 72 step 216750 avg_loss=1.326
[7956.8s] epoch 72 step 216800 avg_loss=1.341
[7959.2s] epoch 72 step 216850 avg_loss=1.334
[7961.1s] epoch 72 step 216900 avg_loss=1.343
[7963.0s] epoch 72 step 216950 avg_loss=1.321
[7965.2s] epoch 72 step 217000 avg_loss=1.336
[7967.0s] epoch 72 step 217050 avg_loss=1.330
[7968.9s] epoch 72 step 217100 avg_loss=1.326
[7970.8s] epoch 72 step 217150 avg_loss=1.324
[7972.4s] epoch 72 step 217200 avg_loss=1.320
[7974.3s] epoch 72 step 217250 avg_loss=1.320
[7975.9s] epoch 72 step 217300 avg_loss=1.292
[7977.9s] epoch 72 step 217350 avg_loss=1.315
[7979.8s] epoch 72 step 217400 avg_loss=1.303
[7981.6s] epoch 72 step 217450 avg_loss=1.282
[7983.5s] epoch 72 step 217500 avg_loss=1.296
[7985.2s] epoch 72 step 217550 avg_loss=1.281
[7986.8s] epoch 72 step 217600 avg_loss=1.285
[7988.3s] epoch 72 step 217650 avg_loss=1.273
[7990.0s] epoch 72 step 217700 avg_loss=1.279
[7991.4s] epoch 72 step 217750 avg_loss=1.260
[7993.3s] epoch 72 step 217800 avg_loss=1.256
[7995.1s] epoch 72 step 217850 avg_loss=1.239
[7997.0s] epoch 72 step 217900 avg_loss=1.240
[7998.6s] epoch 72 step 217950 avg_loss=1.231
[8000.2s] epoch 72 step 218000 avg_loss=1.212
[8001.9s] epoch 72 step 218050 avg_loss=1.213
[8003.5s] epoch 72 step 218100 avg_loss=1.200
[8005.2s] epoch 72 step 218150 avg_loss=1.188
[8006.7s] epoch 72 step 218200 avg_loss=1.172
[8008.4s] epoch 72 step 218250 avg_loss=1.168
[8010.2s] epoch 72 step 218300 avg_loss=1.186
[8011.7s] epoch 72 step 218350 avg_loss=1.171
[8013.2s] epoch 72 step 218400 avg_loss=1.166
[8015.0s] epoch 72 step 218450 avg_loss=1.173
[8016.7s] epoch 72 step 218500 avg_loss=1.175
[8018.5s] epoch 72 step 218550 avg_loss=1.170
[8020.1s] epoch 72 step 218600 avg_loss=1.170
[8022.0s] epoch 72 step 218650 avg_loss=1.173
[8023.8s] epoch 72 step 218700 avg_loss=1.176
[8025.4s] epoch 72 step 218750 avg_loss=1.172
[8027.2s] epoch 72 step 218800 avg_loss=1.167
[8028.8s] epoch 72 step 218850 avg_loss=1.161
[8030.4s] epoch 72 step 218900 avg_loss=1.156
[8032.2s] epoch 72 step 218950 avg_loss=1.154
[8034.1s] epoch 72 step 219000 avg_loss=1.172
[8034.1s] === epoch 72 done: avg_loss=1.172 (n=3000 derivations) ===
[8035.9s] epoch 73 step 219050 avg_loss=1.057
[8037.5s] epoch 73 step 219100 avg_loss=0.917
[8039.0s] epoch 73 step 219150 avg_loss=0.737
[8040.7s] epoch 73 step 219200 avg_loss=0.804
[8042.6s] epoch 73 step 219250 avg_loss=1.007
[8044.5s] epoch 73 step 219300 avg_loss=0.966
[8046.0s] epoch 73 step 219350 avg_loss=0.949
[8047.6s] epoch 73 step 219400 avg_loss=0.908
[8049.2s] epoch 73 step 219450 avg_loss=0.938
[8050.9s] epoch 73 step 219500 avg_loss=0.937
[8052.7s] epoch 73 step 219550 avg_loss=0.963
[8054.4s] epoch 73 step 219600 avg_loss=0.967
[8056.1s] epoch 73 step 219650 avg_loss=0.956
[8057.9s] epoch 73 step 219700 avg_loss=0.922
[8059.6s] epoch 73 step 219750 avg_loss=0.922
[8061.4s] epoch 73 step 219800 avg_loss=0.923
[8063.2s] epoch 73 step 219850 avg_loss=0.968
[8065.2s] epoch 73 step 219900 avg_loss=1.001
[8066.8s] epoch 73 step 219950 avg_loss=1.035
[8068.4s] epoch 73 step 220000 avg_loss=1.024
[8070.2s] epoch 73 step 220050 avg_loss=1.035
[8071.9s] epoch 73 step 220100 avg_loss=1.088
[8073.6s] epoch 73 step 220150 avg_loss=1.101
[8075.4s] epoch 73 step 220200 avg_loss=1.126
[8077.0s] epoch 73 step 220250 avg_loss=1.118
[8078.7s] epoch 73 step 220300 avg_loss=1.114
[8080.5s] epoch 73 step 220350 avg_loss=1.148
[8082.2s] epoch 73 step 220400 avg_loss=1.153
[8083.8s] epoch 73 step 220450 avg_loss=1.133
[8085.5s] epoch 73 step 220500 avg_loss=1.128
[8087.1s] epoch 73 step 220550 avg_loss=1.144
[8088.7s] epoch 73 step 220600 avg_loss=1.127
[8090.4s] epoch 73 step 220650 avg_loss=1.130
[8092.2s] epoch 73 step 220700 avg_loss=1.139
[8093.9s] epoch 73 step 220750 avg_loss=1.141
[8095.6s] epoch 73 step 220800 avg_loss=1.131
[8097.5s] epoch 73 step 220850 avg_loss=1.131
[8099.3s] epoch 73 step 220900 avg_loss=1.123
[8101.1s] epoch 73 step 220950 avg_loss=1.110
[8103.1s] epoch 73 step 221000 avg_loss=1.109
[8105.2s] epoch 73 step 221050 avg_loss=1.157
[8106.8s] epoch 73 step 221100 avg_loss=1.147
[8108.4s] epoch 73 step 221150 avg_loss=1.142
[8110.2s] epoch 73 step 221200 avg_loss=1.133
[8111.8s] epoch 73 step 221250 avg_loss=1.123
[8113.5s] epoch 73 step 221300 avg_loss=1.117
[8115.3s] epoch 73 step 221350 avg_loss=1.129
[8117.2s] epoch 73 step 221400 avg_loss=1.142
[8119.0s] epoch 73 step 221450 avg_loss=1.147
[8120.9s] epoch 73 step 221500 avg_loss=1.162
[8122.6s] epoch 73 step 221550 avg_loss=1.166
[8124.2s] epoch 73 step 221600 avg_loss=1.171
[8125.7s] epoch 73 step 221650 avg_loss=1.163
[8127.5s] epoch 73 step 221700 avg_loss=1.166
[8129.3s] epoch 73 step 221750 avg_loss=1.171
[8130.9s] epoch 73 step 221800 avg_loss=1.174
[8132.6s] epoch 73 step 221850 avg_loss=1.178
[8134.3s] epoch 73 step 221900 avg_loss=1.175
[8136.3s] epoch 73 step 221950 avg_loss=1.176
[8137.9s] epoch 73 step 222000 avg_loss=1.176
[8137.9s] === epoch 73 done: avg_loss=1.176 (n=3000 derivations) ===
[8139.6s] epoch 74 step 222050 avg_loss=1.483
[8141.3s] epoch 74 step 222100 avg_loss=1.546
[8143.0s] epoch 74 step 222150 avg_loss=1.324
[8144.6s] epoch 74 step 222200 avg_loss=1.269
[8146.2s] epoch 74 step 222250 avg_loss=1.318
[8147.7s] epoch 74 step 222300 avg_loss=1.177
[8149.4s] epoch 74 step 222350 avg_loss=1.091
[8151.3s] epoch 74 step 222400 avg_loss=1.033
[8153.1s] epoch 74 step 222450 avg_loss=1.124
[8154.9s] epoch 74 step 222500 avg_loss=1.111
[8156.4s] epoch 74 step 222550 avg_loss=1.099
[8158.1s] epoch 74 step 222600 avg_loss=1.101
[8159.6s] epoch 74 step 222650 avg_loss=1.057
[8161.3s] epoch 74 step 222700 avg_loss=1.034
[8163.1s] epoch 74 step 222750 avg_loss=1.045
[8164.9s] epoch 74 step 222800 avg_loss=1.057
[8166.9s] epoch 74 step 222850 avg_loss=1.028
[8168.7s] epoch 74 step 222900 avg_loss=1.007
[8170.4s] epoch 74 step 222950 avg_loss=1.008
[8172.3s] epoch 74 step 223000 avg_loss=1.062
[8174.1s] epoch 74 step 223050 avg_loss=1.081
[8175.7s] epoch 74 step 223100 avg_loss=1.078
[8177.3s] epoch 74 step 223150 avg_loss=1.060
[8178.9s] epoch 74 step 223200 avg_loss=1.050
[8180.8s] epoch 74 step 223250 avg_loss=1.061
[8182.5s] epoch 74 step 223300 avg_loss=1.058
[8184.3s] epoch 74 step 223350 avg_loss=1.062
[8185.7s] epoch 74 step 223400 avg_loss=1.061
[8188.4s] eval step=7000 train_avg_loss=1.062 dev_rank1_f1=0.4729 dev_edge_p=0.4784 dev_edge_r=0.4675
[8190.1s] epoch 74 step 223450 avg_loss=1.081
[8191.8s] epoch 74 step 223500 avg_loss=1.063
[8193.5s] epoch 74 step 223550 avg_loss=1.042
[8195.4s] epoch 74 step 223600 avg_loss=1.072
[8197.1s] epoch 74 step 223650 avg_loss=1.060
[8199.0s] epoch 74 step 223700 avg_loss=1.057
[8200.8s] epoch 74 step 223750 avg_loss=1.049
[8202.5s] epoch 74 step 223800 avg_loss=1.054
[8203.8s] epoch 74 step 223850 avg_loss=1.050
[8205.4s] epoch 74 step 223900 avg_loss=1.041
[8207.3s] epoch 74 step 223950 avg_loss=1.061
[8209.1s] epoch 74 step 224000 avg_loss=1.069
[8210.8s] epoch 74 step 224050 avg_loss=1.065
[8212.7s] epoch 74 step 224100 avg_loss=1.074
[8214.5s] epoch 74 step 224150 avg_loss=1.088
[8216.3s] epoch 74 step 224200 avg_loss=1.091
[8217.9s] epoch 74 step 224250 avg_loss=1.086
[8219.4s] epoch 74 step 224300 avg_loss=1.083
[8221.0s] epoch 74 step 224350 avg_loss=1.077
[8222.6s] epoch 74 step 224400 avg_loss=1.086
[8224.4s] epoch 74 step 224450 avg_loss=1.094
[8226.2s] epoch 74 step 224500 avg_loss=1.093
[8227.7s] epoch 74 step 224550 avg_loss=1.090
[8229.6s] epoch 74 step 224600 avg_loss=1.091
[8231.2s] epoch 74 step 224650 avg_loss=1.098
[8232.9s] epoch 74 step 224700 avg_loss=1.100
[8234.7s] epoch 74 step 224750 avg_loss=1.099
[8236.3s] epoch 74 step 224800 avg_loss=1.094
[8237.9s] epoch 74 step 224850 avg_loss=1.093
[8239.8s] epoch 74 step 224900 avg_loss=1.090
[8241.6s] epoch 74 step 224950 avg_loss=1.100
[8243.1s] epoch 74 step 225000 avg_loss=1.099
[8243.1s] === epoch 74 done: avg_loss=1.099 (n=3000 derivations) ===
[8244.8s] epoch 75 step 225050 avg_loss=0.736
[8246.3s] epoch 75 step 225100 avg_loss=0.590
[8248.2s] epoch 75 step 225150 avg_loss=0.780
[8250.2s] epoch 75 step 225200 avg_loss=0.781
[8251.8s] epoch 75 step 225250 avg_loss=0.785
[8253.6s] epoch 75 step 225300 avg_loss=1.027
[8255.6s] epoch 75 step 225350 avg_loss=0.989
[8257.2s] epoch 75 step 225400 avg_loss=1.004
[8258.8s] epoch 75 step 225450 avg_loss=0.995
[8260.4s] epoch 75 step 225500 avg_loss=0.926
[8262.2s] epoch 75 step 225550 avg_loss=1.019
[8264.3s] epoch 75 step 225600 avg_loss=1.006
[8266.5s] epoch 75 step 225650 avg_loss=1.029
[8268.1s] epoch 75 step 225700 avg_loss=0.979
[8269.9s] epoch 75 step 225750 avg_loss=0.992
[8271.7s] epoch 75 step 225800 avg_loss=0.996
[8273.5s] epoch 75 step 225850 avg_loss=0.977
[8275.2s] epoch 75 step 225900 avg_loss=0.969
[8277.2s] epoch 75 step 225950 avg_loss=1.029
[8278.9s] epoch 75 step 226000 avg_loss=1.055
[8280.6s] epoch 75 step 226050 avg_loss=1.041
[8282.6s] epoch 75 step 226100 avg_loss=1.030
[8284.7s] epoch 75 step 226150 avg_loss=1.039
[8286.3s] epoch 75 step 226200 avg_loss=1.007
[8288.3s] epoch 75 step 226250 avg_loss=1.006
[8290.0s] epoch 75 step 226300 avg_loss=0.991
[8291.7s] epoch 75 step 226350 avg_loss=1.019
[8293.5s] epoch 75 step 226400 avg_loss=1.014
[8295.1s] epoch 75 step 226450 avg_loss=1.003
[8296.7s] epoch 75 step 226500 avg_loss=0.994
[8298.4s] epoch 75 step 226550 avg_loss=0.979
[8299.9s] epoch 75 step 226600 avg_loss=0.963
[8301.6s] epoch 75 step 226650 avg_loss=0.964
[8303.4s] epoch 75 step 226700 avg_loss=0.988
[8305.1s] epoch 75 step 226750 avg_loss=0.986
[8306.7s] epoch 75 step 226800 avg_loss=0.998
[8308.6s] epoch 75 step 226850 avg_loss=1.013
[8310.4s] epoch 75 step 226900 avg_loss=1.018
[8312.5s] epoch 75 step 226950 avg_loss=1.039
[8314.5s] epoch 75 step 227000 avg_loss=1.052
[8316.1s] epoch 75 step 227050 avg_loss=1.064
[8317.8s] epoch 75 step 227100 avg_loss=1.063
[8319.6s] epoch 75 step 227150 avg_loss=1.060
[8321.3s] epoch 75 step 227200 avg_loss=1.057
[8323.2s] epoch 75 step 227250 avg_loss=1.070
[8325.1s] epoch 75 step 227300 avg_loss=1.077
[8327.0s] epoch 75 step 227350 avg_loss=1.090
[8328.9s] epoch 75 step 227400 avg_loss=1.099
[8330.8s] epoch 75 step 227450 avg_loss=1.098
[8332.6s] epoch 75 step 227500 avg_loss=1.098
[8334.5s] epoch 75 step 227550 avg_loss=1.099
[8336.4s] epoch 75 step 227600 avg_loss=1.115
[8338.1s] epoch 75 step 227650 avg_loss=1.113
[8339.8s] epoch 75 step 227700 avg_loss=1.106
[8341.5s] epoch 75 step 227750 avg_loss=1.096
[8343.1s] epoch 75 step 227800 avg_loss=1.087
[8345.0s] epoch 75 step 227850 avg_loss=1.090
[8346.8s] epoch 75 step 227900 avg_loss=1.082
[8348.6s] epoch 75 step 227950 avg_loss=1.086
[8350.5s] epoch 75 step 228000 avg_loss=1.081
[8350.5s] === epoch 75 done: avg_loss=1.081 (n=3000 derivations) ===
[8352.1s] epoch 76 step 228050 avg_loss=0.699
[8353.9s] epoch 76 step 228100 avg_loss=0.774
[8355.5s] epoch 76 step 228150 avg_loss=0.641
[8357.3s] epoch 76 step 228200 avg_loss=0.654
[8359.2s] epoch 76 step 228250 avg_loss=0.927
[8360.9s] epoch 76 step 228300 avg_loss=1.013
[8362.8s] epoch 76 step 228350 avg_loss=1.199
[8364.3s] epoch 76 step 228400 avg_loss=1.166
[8366.1s] epoch 76 step 228450 avg_loss=1.135
[8367.8s] epoch 76 step 228500 avg_loss=1.048
[8369.5s] epoch 76 step 228550 avg_loss=1.016
[8371.3s] epoch 76 step 228600 avg_loss=1.013
[8372.9s] epoch 76 step 228650 avg_loss=0.995
[8374.4s] epoch 76 step 228700 avg_loss=0.989
[8376.1s] epoch 76 step 228750 avg_loss=0.957
[8377.7s] epoch 76 step 228800 avg_loss=0.985
[8379.4s] epoch 76 step 228850 avg_loss=0.998
[8381.4s] epoch 76 step 228900 avg_loss=0.986
[8383.1s] epoch 76 step 228950 avg_loss=1.005
[8384.8s] epoch 76 step 229000 avg_loss=0.983
[8386.6s] epoch 76 step 229050 avg_loss=0.971
[8388.2s] epoch 76 step 229100 avg_loss=0.963
[8389.9s] epoch 76 step 229150 avg_loss=0.981
[8391.5s] epoch 76 step 229200 avg_loss=0.973
[8393.2s] epoch 76 step 229250 avg_loss=0.964
[8394.8s] epoch 76 step 229300 avg_loss=0.975
[8396.5s] epoch 76 step 229350 avg_loss=0.974
[8398.3s] epoch 76 step 229400 avg_loss=0.967
[8400.0s] epoch 76 step 229450 avg_loss=0.954
[8401.7s] epoch 76 step 229500 avg_loss=0.956
[8403.4s] epoch 76 step 229550 avg_loss=0.956
[8405.0s] epoch 76 step 229600 avg_loss=0.947
[8406.6s] epoch 76 step 229650 avg_loss=0.941
[8408.3s] epoch 76 step 229700 avg_loss=0.943
[8409.9s] epoch 76 step 229750 avg_loss=0.936
[8411.7s] epoch 76 step 229800 avg_loss=0.965
[8413.5s] epoch 76 step 229850 avg_loss=0.965
[8415.1s] epoch 76 step 229900 avg_loss=0.987
[8416.9s] epoch 76 step 229950 avg_loss=0.998
[8418.7s] epoch 76 step 230000 avg_loss=0.996
[8420.3s] epoch 76 step 230050 avg_loss=0.995
[8422.1s] epoch 76 step 230100 avg_loss=1.010
[8423.8s] epoch 76 step 230150 avg_loss=1.011
[8425.5s] epoch 76 step 230200 avg_loss=1.022
[8427.5s] epoch 76 step 230250 avg_loss=1.039
[8429.3s] epoch 76 step 230300 avg_loss=1.039
[8431.3s] epoch 76 step 230350 avg_loss=1.045
[8433.0s] epoch 76 step 230400 avg_loss=1.047
[8434.8s] epoch 76 step 230450 avg_loss=1.076
[8436.3s] epoch 76 step 230500 avg_loss=1.068
[8438.1s] epoch 76 step 230550 avg_loss=1.066
[8440.0s] epoch 76 step 230600 avg_loss=1.060
[8441.8s] epoch 76 step 230650 avg_loss=1.077
[8443.7s] epoch 76 step 230700 avg_loss=1.092
[8445.5s] epoch 76 step 230750 avg_loss=1.088
[8447.3s] epoch 76 step 230800 avg_loss=1.099
[8449.1s] epoch 76 step 230850 avg_loss=1.096
[8450.9s] epoch 76 step 230900 avg_loss=1.089
[8452.8s] epoch 76 step 230950 avg_loss=1.100
[8454.4s] epoch 76 step 231000 avg_loss=1.092
[8454.4s] === epoch 76 done: avg_loss=1.092 (n=3000 derivations) ===
[8456.2s] epoch 77 step 231050 avg_loss=0.829
[8458.1s] epoch 77 step 231100 avg_loss=1.413
[8460.0s] epoch 77 step 231150 avg_loss=1.158
[8461.8s] epoch 77 step 231200 avg_loss=1.051
[8463.5s] epoch 77 step 231250 avg_loss=1.099
[8465.0s] epoch 77 step 231300 avg_loss=1.058
[8466.7s] epoch 77 step 231350 avg_loss=1.105
[8470.6s] eval step=7250 train_avg_loss=1.088 dev_rank1_f1=0.4556 dev_edge_p=0.4599 dev_edge_r=0.4514
[8471.2s] epoch 77 step 231400 avg_loss=1.090
[8472.9s] epoch 77 step 231450 avg_loss=1.133
[8474.7s] epoch 77 step 231500 avg_loss=1.146
[8476.7s] epoch 77 step 231550 avg_loss=1.248
[8478.3s] epoch 77 step 231600 avg_loss=1.231
[8479.9s] epoch 77 step 231650 avg_loss=1.183
[8481.4s] epoch 77 step 231700 avg_loss=1.159
[8483.3s] epoch 77 step 231750 avg_loss=1.138
[8485.0s] epoch 77 step 231800 avg_loss=1.138
[8486.8s] epoch 77 step 231850 avg_loss=1.126
[8488.6s] epoch 77 step 231900 avg_loss=1.131
[8490.5s] epoch 77 step 231950 avg_loss=1.127
[8492.1s] epoch 77 step 232000 avg_loss=1.088
[8493.8s] epoch 77 step 232050 avg_loss=1.075
[8495.6s] epoch 77 step 232100 avg_loss=1.063
[8497.0s] epoch 77 step 232150 avg_loss=1.035
[8498.7s] epoch 77 step 232200 avg_loss=1.033
[8500.4s] epoch 77 step 232250 avg_loss=1.011
[8502.5s] epoch 77 step 232300 avg_loss=1.015
[8504.3s] epoch 77 step 232350 avg_loss=0.990
[8506.0s] epoch 77 step 232400 avg_loss=0.991
[8507.9s] epoch 77 step 232450 avg_loss=0.993
[8509.6s] epoch 77 step 232500 avg_loss=0.989
[8511.5s] epoch 77 step 232550 avg_loss=0.977
[8513.4s] epoch 77 step 232600 avg_loss=0.978
[8515.2s] epoch 77 step 232650 avg_loss=0.976
[8517.0s] epoch 77 step 232700 avg_loss=0.978
[8518.4s] epoch 77 step 232750 avg_loss=0.972
[8520.4s] epoch 77 step 232800 avg_loss=0.964
[8522.0s] epoch 77 step 232850 avg_loss=0.963
[8524.1s] epoch 77 step 232900 avg_loss=0.964
[8525.8s] epoch 77 step 232950 avg_loss=1.002
[8527.3s] epoch 77 step 233000 avg_loss=0.992
[8529.0s] epoch 77 step 233050 avg_loss=0.985
[8531.0s] epoch 77 step 233100 avg_loss=0.980
[8532.8s] epoch 77 step 233150 avg_loss=0.992
[8534.4s] epoch 77 step 233200 avg_loss=0.992
[8536.0s] epoch 77 step 233250 avg_loss=0.983
[8537.8s] epoch 77 step 233300 avg_loss=0.976
[8539.5s] epoch 77 step 233350 avg_loss=0.973
[8541.0s] epoch 77 step 233400 avg_loss=0.967
[8542.7s] epoch 77 step 233450 avg_loss=0.960
[8544.5s] epoch 77 step 233500 avg_loss=0.971
[8546.3s] epoch 77 step 233550 avg_loss=0.968
[8548.2s] epoch 77 step 233600 avg_loss=0.974
[8549.9s] epoch 77 step 233650 avg_loss=0.981
[8551.6s] epoch 77 step 233700 avg_loss=0.993
[8553.4s] epoch 77 step 233750 avg_loss=0.991
[8555.0s] epoch 77 step 233800 avg_loss=0.986
[8556.8s] epoch 77 step 233850 avg_loss=0.991
[8558.7s] epoch 77 step 233900 avg_loss=0.989
[8560.6s] epoch 77 step 233950 avg_loss=0.991
[8562.4s] epoch 77 step 234000 avg_loss=0.991
[8562.4s] === epoch 77 done: avg_loss=0.991 (n=3000 derivations) ===
[8564.1s] epoch 78 step 234050 avg_loss=1.279
[8565.7s] epoch 78 step 234100 avg_loss=1.267
[8567.3s] epoch 78 step 234150 avg_loss=1.050
[8569.2s] epoch 78 step 234200 avg_loss=1.119
[8571.2s] epoch 78 step 234250 avg_loss=1.204
[8572.8s] epoch 78 step 234300 avg_loss=1.176
[8574.3s] epoch 78 step 234350 avg_loss=1.123
[8575.7s] epoch 78 step 234400 avg_loss=1.009
[8577.5s] epoch 78 step 234450 avg_loss=0.979
[8579.2s] epoch 78 step 234500 avg_loss=0.953
[8581.0s] epoch 78 step 234550 avg_loss=0.960
[8582.7s] epoch 78 step 234600 avg_loss=0.938
[8584.5s] epoch 78 step 234650 avg_loss=1.009
[8586.3s] epoch 78 step 234700 avg_loss=0.999
[8588.0s] epoch 78 step 234750 avg_loss=1.017
[8589.6s] epoch 78 step 234800 avg_loss=0.974
[8591.2s] epoch 78 step 234850 avg_loss=0.974
[8593.3s] epoch 78 step 234900 avg_loss=1.009
[8595.1s] epoch 78 step 234950 avg_loss=0.997
[8596.8s] epoch 78 step 235000 avg_loss=1.005
[8598.4s] epoch 78 step 235050 avg_loss=0.994
[8600.0s] epoch 78 step 235100 avg_loss=0.984
[8602.1s] epoch 78 step 235150 avg_loss=1.009
[8604.2s] epoch 78 step 235200 avg_loss=1.028
[8606.4s] epoch 78 step 235250 avg_loss=1.024
[8608.1s] epoch 78 step 235300 avg_loss=1.013
[8609.9s] epoch 78 step 235350 avg_loss=1.052
[8611.8s] epoch 78 step 235400 avg_loss=1.057
[8613.4s] epoch 78 step 235450 avg_loss=1.036
[8615.1s] epoch 78 step 235500 avg_loss=1.031
[8616.8s] epoch 78 step 235550 avg_loss=1.020
[8618.5s] epoch 78 step 235600 avg_loss=1.011
[8620.3s] epoch 78 step 235650 avg_loss=1.000
[8622.0s] epoch 78 step 235700 avg_loss=0.994
[8623.9s] epoch 78 step 235750 avg_loss=0.982
[8625.6s] epoch 78 step 235800 avg_loss=0.968
[8627.5s] epoch 78 step 235850 avg_loss=0.964
[8629.4s] epoch 78 step 235900 avg_loss=0.960
[8631.0s] epoch 78 step 235950 avg_loss=0.942
[8632.9s] epoch 78 step 236000 avg_loss=0.946
[8634.7s] epoch 78 step 236050 avg_loss=0.943
[8636.5s] epoch 78 step 236100 avg_loss=0.958
[8638.3s] epoch 78 step 236150 avg_loss=0.956
[8639.9s] epoch 78 step 236200 avg_loss=0.953
[8641.6s] epoch 78 step 236250 avg_loss=0.944
[8643.3s] epoch 78 step 236300 avg_loss=0.949
[8645.0s] epoch 78 step 236350 avg_loss=0.940
[8646.6s] epoch 78 step 236400 avg_loss=0.939
[8648.4s] epoch 78 step 236450 avg_loss=0.945
[8650.2s] epoch 78 step 236500 avg_loss=0.947
[8651.9s] epoch 78 step 236550 avg_loss=0.968
[8653.8s] epoch 78 step 236600 avg_loss=0.981
[8655.4s] epoch 78 step 236650 avg_loss=0.981
[8657.2s] epoch 78 step 236700 avg_loss=0.978
[8658.8s] epoch 78 step 236750 avg_loss=0.978
[8660.5s] epoch 78 step 236800 avg_loss=0.974
[8662.4s] epoch 78 step 236850 avg_loss=0.977
[8664.1s] epoch 78 step 236900 avg_loss=0.975
[8665.7s] epoch 78 step 236950 avg_loss=0.970
[8667.3s] epoch 78 step 237000 avg_loss=0.965
[8667.3s] === epoch 78 done: avg_loss=0.965 (n=3000 derivations) ===
[8669.2s] epoch 79 step 237050 avg_loss=0.626
[8670.8s] epoch 79 step 237100 avg_loss=0.584
[8672.3s] epoch 79 step 237150 avg_loss=0.538
[8674.3s] epoch 79 step 237200 avg_loss=0.749
[8676.0s] epoch 79 step 237250 avg_loss=0.719
[8677.9s] epoch 79 step 237300 avg_loss=0.758
[8679.7s] epoch 79 step 237350 avg_loss=0.979
[8681.6s] epoch 79 step 237400 avg_loss=0.955
[8683.4s] epoch 79 step 237450 avg_loss=0.921
[8685.0s] epoch 79 step 237500 avg_loss=0.886
[8686.7s] epoch 79 step 237550 avg_loss=0.903
[8688.6s] epoch 79 step 237600 avg_loss=0.919
[8690.4s] epoch 79 step 237650 avg_loss=0.927
[8692.0s] epoch 79 step 237700 avg_loss=0.944
[8693.8s] epoch 79 step 237750 avg_loss=0.945
[8695.4s] epoch 79 step 237800 avg_loss=0.937
[8697.3s] epoch 79 step 237850 avg_loss=0.941
[8699.1s] epoch 79 step 237900 avg_loss=0.934
[8700.8s] epoch 79 step 237950 avg_loss=0.943
[8702.4s] epoch 79 step 238000 avg_loss=0.947
[8704.1s] epoch 79 step 238050 avg_loss=0.977
[8705.8s] epoch 79 step 238100 avg_loss=0.974
[8707.5s] epoch 79 step 238150 avg_loss=0.950
[8709.4s] epoch 79 step 238200 avg_loss=0.966
[8711.1s] epoch 79 step 238250 avg_loss=0.968
[8712.7s] epoch 79 step 238300 avg_loss=0.954
[8714.3s] epoch 79 step 238350 avg_loss=0.935
[8716.1s] epoch 79 step 238400 avg_loss=0.924
[8718.1s] epoch 79 step 238450 avg_loss=0.915
[8720.0s] epoch 79 step 238500 avg_loss=0.924
[8721.9s] epoch 79 step 238550 avg_loss=0.913
[8723.7s] epoch 79 step 238600 avg_loss=0.912
[8725.6s] epoch 79 step 238650 avg_loss=0.930
[8727.4s] epoch 79 step 238700 avg_loss=0.926
[8729.2s] epoch 79 step 238750 avg_loss=0.926
[8731.1s] epoch 79 step 238800 avg_loss=0.935
[8732.9s] epoch 79 step 238850 avg_loss=0.961
[8734.9s] epoch 79 step 238900 avg_loss=0.952
[8736.8s] epoch 79 step 238950 avg_loss=0.958
[8738.5s] epoch 79 step 239000 avg_loss=0.946
[8740.2s] epoch 79 step 239050 avg_loss=0.941
[8741.8s] epoch 79 step 239100 avg_loss=0.945
[8743.5s] epoch 79 step 239150 avg_loss=0.946
[8745.1s] epoch 79 step 239200 avg_loss=0.940
[8747.0s] epoch 79 step 239250 avg_loss=0.958
[8748.8s] epoch 79 step 239300 avg_loss=0.948
[8750.5s] epoch 79 step 239350 avg_loss=0.951
[8754.0s] eval step=7500 train_avg_loss=0.951 dev_rank1_f1=0.4571 dev_edge_p=0.4628 dev_edge_r=0.4515
[8755.0s] epoch 79 step 239400 avg_loss=0.945
[8756.5s] epoch 79 step 239450 avg_loss=0.933
[8758.2s] epoch 79 step 239500 avg_loss=0.955
[8759.8s] epoch 79 step 239550 avg_loss=0.947
[8761.5s] epoch 79 step 239600 avg_loss=0.943
[8763.5s] epoch 79 step 239650 avg_loss=0.963
[8765.1s] epoch 79 step 239700 avg_loss=0.959
[8766.8s] epoch 79 step 239750 avg_loss=0.958
[8768.7s] epoch 79 step 239800 avg_loss=0.953
[8770.3s] epoch 79 step 239850 avg_loss=0.962
[8772.1s] epoch 79 step 239900 avg_loss=0.963
[8773.6s] epoch 79 step 239950 avg_loss=0.957
[8775.5s] epoch 79 step 240000 avg_loss=0.954
[8775.5s] === epoch 79 done: avg_loss=0.954 (n=3000 derivations) ===
[8777.2s] epoch 80 step 240050 avg_loss=1.328
[8778.8s] epoch 80 step 240100 avg_loss=0.930
[8780.5s] epoch 80 step 240150 avg_loss=0.957
[8782.2s] epoch 80 step 240200 avg_loss=1.145
[8783.8s] epoch 80 step 240250 avg_loss=1.104
[8785.7s] epoch 80 step 240300 avg_loss=1.134
[8787.4s] epoch 80 step 240350 avg_loss=1.040
[8789.4s] epoch 80 step 240400 avg_loss=1.067
[8791.1s] epoch 80 step 240450 avg_loss=1.031
[8792.9s] epoch 80 step 240500 avg_loss=1.063
[8794.7s] epoch 80 step 240550 avg_loss=1.101
[8796.7s] epoch 80 step 240600 avg_loss=1.076
[8798.4s] epoch 80 step 240650 avg_loss=1.066
[8799.9s] epoch 80 step 240700 avg_loss=1.028
[8801.6s] epoch 80 step 240750 avg_loss=1.037
[8803.2s] epoch 80 step 240800 avg_loss=1.040
[8805.3s] epoch 80 step 240850 avg_loss=1.060
[8807.3s] epoch 80 step 240900 avg_loss=1.107
[8809.0s] epoch 80 step 240950 avg_loss=1.107
[8810.9s] epoch 80 step 241000 avg_loss=1.106
[8812.9s] epoch 80 step 241050 avg_loss=1.115
[8814.6s] epoch 80 step 241100 avg_loss=1.097
[8816.5s] epoch 80 step 241150 avg_loss=1.077
[8818.1s] epoch 80 step 241200 avg_loss=1.051
[8820.0s] epoch 80 step 241250 avg_loss=1.061
[8821.9s] epoch 80 step 241300 avg_loss=1.064
[8823.5s] epoch 80 step 241350 avg_loss=1.044
[8825.2s] epoch 80 step 241400 avg_loss=1.062
[8827.0s] epoch 80 step 241450 avg_loss=1.064
[8828.6s] epoch 80 step 241500 avg_loss=1.054
[8830.3s] epoch 80 step 241550 avg_loss=1.040
[8832.2s] epoch 80 step 241600 avg_loss=1.032
[8834.0s] epoch 80 step 241650 avg_loss=1.020
[8836.0s] epoch 80 step 241700 avg_loss=1.004
[8837.7s] epoch 80 step 241750 avg_loss=0.993
[8839.4s] epoch 80 step 241800 avg_loss=0.981
[8841.1s] epoch 80 step 241850 avg_loss=0.985
[8842.9s] epoch 80 step 241900 avg_loss=0.976
[8844.6s] epoch 80 step 241950 avg_loss=0.967
[8846.4s] epoch 80 step 242000 avg_loss=0.962
[8848.0s] epoch 80 step 242050 avg_loss=0.969
[8849.5s] epoch 80 step 242100 avg_loss=0.962
[8851.3s] epoch 80 step 242150 avg_loss=0.984
[8853.2s] epoch 80 step 242200 avg_loss=0.987
[8855.0s] epoch 80 step 242250 avg_loss=0.997
[8856.6s] epoch 80 step 242300 avg_loss=0.983
[8858.5s] epoch 80 step 242350 avg_loss=0.988
[8860.3s] epoch 80 step 242400 avg_loss=0.994
[8862.2s] epoch 80 step 242450 avg_loss=1.001
[8863.6s] epoch 80 step 242500 avg_loss=0.989
[8865.3s] epoch 80 step 242550 avg_loss=0.989
[8867.2s] epoch 80 step 242600 avg_loss=0.989
[8868.7s] epoch 80 step 242650 avg_loss=0.980
[8870.4s] epoch 80 step 242700 avg_loss=0.979
[8872.0s] epoch 80 step 242750 avg_loss=0.973
[8873.6s] epoch 80 step 242800 avg_loss=0.968
[8875.1s] epoch 80 step 242850 avg_loss=0.965
[8876.9s] epoch 80 step 242900 avg_loss=0.965
[8878.7s] epoch 80 step 242950 avg_loss=0.973
[8880.3s] epoch 80 step 243000 avg_loss=0.971
[8880.3s] === epoch 80 done: avg_loss=0.971 (n=3000 derivations) ===
[8881.9s] epoch 81 step 243050 avg_loss=1.648
[8883.8s] epoch 81 step 243100 avg_loss=1.201
[8885.5s] epoch 81 step 243150 avg_loss=1.127
[8887.4s] epoch 81 step 243200 avg_loss=1.215
[8889.0s] epoch 81 step 243250 avg_loss=1.063
[8890.6s] epoch 81 step 243300 avg_loss=1.108
[8892.3s] epoch 81 step 243350 avg_loss=1.078
[8893.9s] epoch 81 step 243400 avg_loss=1.034
[8895.7s] epoch 81 step 243450 avg_loss=1.055
[8897.3s] epoch 81 step 243500 avg_loss=0.994
[8899.1s] epoch 81 step 243550 avg_loss=0.967
[8900.7s] epoch 81 step 243600 avg_loss=0.946
[8902.5s] epoch 81 step 243650 avg_loss=0.928
[8904.3s] epoch 81 step 243700 avg_loss=0.917
[8905.9s] epoch 81 step 243750 avg_loss=0.925
[8907.6s] epoch 81 step 243800 avg_loss=0.909
[8909.4s] epoch 81 step 243850 avg_loss=0.934
[8911.1s] epoch 81 step 243900 avg_loss=0.960
[8912.9s] epoch 81 step 243950 avg_loss=0.967
[8914.5s] epoch 81 step 244000 avg_loss=0.952
[8916.3s] epoch 81 step 244050 avg_loss=0.962
[8918.0s] epoch 81 step 244100 avg_loss=0.983
[8919.6s] epoch 81 step 244150 avg_loss=0.985
[8921.2s] epoch 81 step 244200 avg_loss=0.971
[8922.9s] epoch 81 step 244250 avg_loss=0.966
[8925.0s] epoch 81 step 244300 avg_loss=0.973
[8926.9s] epoch 81 step 244350 avg_loss=0.965
[8928.6s] epoch 81 step 244400 avg_loss=0.961
[8930.5s] epoch 81 step 244450 avg_loss=0.964
[8931.9s] epoch 81 step 244500 avg_loss=0.953
[8933.7s] epoch 81 step 244550 avg_loss=0.942
[8935.4s] epoch 81 step 244600 avg_loss=0.943
[8937.3s] epoch 81 step 244650 avg_loss=0.950
[8938.9s] epoch 81 step 244700 avg_loss=0.937
[8940.5s] epoch 81 step 244750 avg_loss=0.929
[8942.3s] epoch 81 step 244800 avg_loss=0.923
[8944.2s] epoch 81 step 244850 avg_loss=0.931
[8945.7s] epoch 81 step 244900 avg_loss=0.923
[8947.4s] epoch 81 step 244950 avg_loss=0.947
[8948.9s] epoch 81 step 245000 avg_loss=0.939
[8950.6s] epoch 81 step 245050 avg_loss=0.930
[8951.9s] epoch 81 step 245100 avg_loss=0.921
[8953.6s] epoch 81 step 245150 avg_loss=0.920
[8955.5s] epoch 81 step 245200 avg_loss=0.923
[8957.2s] epoch 81 step 245250 avg_loss=0.917
[8958.9s] epoch 81 step 245300 avg_loss=0.909
[8960.7s] epoch 81 step 245350 avg_loss=0.929
[8962.7s] epoch 81 step 245400 avg_loss=0.926
[8964.4s] epoch 81 step 245450 avg_loss=0.926
[8966.3s] epoch 81 step 245500 avg_loss=0.935
[8968.1s] epoch 81 step 245550 avg_loss=0.940
[8969.9s] epoch 81 step 245600 avg_loss=0.944
[8971.6s] epoch 81 step 245650 avg_loss=0.941
[8973.2s] epoch 81 step 245700 avg_loss=0.936
[8974.8s] epoch 81 step 245750 avg_loss=0.955
[8976.5s] epoch 81 step 245800 avg_loss=0.953
[8978.4s] epoch 81 step 245850 avg_loss=0.967
[8980.1s] epoch 81 step 245900 avg_loss=0.978
[8982.3s] epoch 81 step 245950 avg_loss=0.983
[8983.8s] epoch 81 step 246000 avg_loss=0.980
[8983.8s] === epoch 81 done: avg_loss=0.980 (n=3000 derivations) ===
[8985.7s] epoch 82 step 246050 avg_loss=0.558
[8987.3s] epoch 82 step 246100 avg_loss=0.605
[8989.0s] epoch 82 step 246150 avg_loss=0.553
[8991.0s] epoch 82 step 246200 avg_loss=0.673
[8993.0s] epoch 82 step 246250 avg_loss=0.866
[8994.7s] epoch 82 step 246300 avg_loss=0.838
[8996.3s] epoch 82 step 246350 avg_loss=0.794
[8998.3s] epoch 82 step 246400 avg_loss=0.783
[8999.9s] epoch 82 step 246450 avg_loss=0.835
[9001.5s] epoch 82 step 246500 avg_loss=0.841
[9003.5s] epoch 82 step 246550 avg_loss=0.886
[9005.4s] epoch 82 step 246600 avg_loss=0.883
[9007.2s] epoch 82 step 246650 avg_loss=0.858
[9009.1s] epoch 82 step 246700 avg_loss=0.852
[9010.7s] epoch 82 step 246750 avg_loss=0.849
[9012.3s] epoch 82 step 246800 avg_loss=0.856
[9014.1s] epoch 82 step 246850 avg_loss=0.842
[9015.9s] epoch 82 step 246900 avg_loss=0.827
[9017.6s] epoch 82 step 246950 avg_loss=0.833
[9019.3s] epoch 82 step 247000 avg_loss=0.849
[9021.2s] epoch 82 step 247050 avg_loss=0.865
[9023.1s] epoch 82 step 247100 avg_loss=0.890
[9024.9s] epoch 82 step 247150 avg_loss=0.881
[9026.9s] epoch 82 step 247200 avg_loss=0.882
[9029.0s] epoch 82 step 247250 avg_loss=0.885
[9030.8s] epoch 82 step 247300 avg_loss=0.878
[9035.2s] eval step=7750 train_avg_loss=0.899 dev_rank1_f1=0.4581 dev_edge_p=0.4639 dev_edge_r=0.4524
[9035.5s] epoch 82 step 247350 avg_loss=0.904
[9037.4s] epoch 82 step 247400 avg_loss=0.900
[9039.1s] epoch 82 step 247450 avg_loss=0.893
[9040.8s] epoch 82 step 247500 avg_loss=0.896
[9042.6s] epoch 82 step 247550 avg_loss=0.910
[9044.4s] epoch 82 step 247600 avg_loss=0.911
[9046.1s] epoch 82 step 247650 avg_loss=0.920
[9047.9s] epoch 82 step 247700 avg_loss=0.949
[9049.7s] epoch 82 step 247750 avg_loss=0.948
[9051.6s] epoch 82 step 247800 avg_loss=0.948
[9053.4s] epoch 82 step 247850 avg_loss=1.008
[9055.2s] epoch 82 step 247900 avg_loss=1.003
[9056.9s] epoch 82 step 247950 avg_loss=0.997
[9058.5s] epoch 82 step 248000 avg_loss=0.990
[9060.2s] epoch 82 step 248050 avg_loss=0.984
[9061.7s] epoch 82 step 248100 avg_loss=0.979
[9063.4s] epoch 82 step 248150 avg_loss=0.977
[9065.0s] epoch 82 step 248200 avg_loss=0.973
[9066.6s] epoch 82 step 248250 avg_loss=0.976
[9068.3s] epoch 82 step 248300 avg_loss=0.969
[9070.2s] epoch 82 step 248350 avg_loss=0.980
[9072.0s] epoch 82 step 248400 avg_loss=0.983
[9073.9s] epoch 82 step 248450 avg_loss=0.979
[9075.6s] epoch 82 step 248500 avg_loss=0.971
[9077.1s] epoch 82 step 248550 avg_loss=0.965
[9078.7s] epoch 82 step 248600 avg_loss=0.968
[9080.2s] epoch 82 step 248650 avg_loss=0.961
[9082.1s] epoch 82 step 248700 avg_loss=0.966
[9083.9s] epoch 82 step 248750 avg_loss=0.968
[9085.5s] epoch 82 step 248800 avg_loss=0.962
[9087.2s] epoch 82 step 248850 avg_loss=0.962
[9088.8s] epoch 82 step 248900 avg_loss=0.968
[9090.6s] epoch 82 step 248950 avg_loss=0.973
[9092.4s] epoch 82 step 249000 avg_loss=0.969
[9092.4s] === epoch 82 done: avg_loss=0.969 (n=3000 derivations) ===
[9094.3s] epoch 83 step 249050 avg_loss=0.825
[9095.8s] epoch 83 step 249100 avg_loss=0.627
[9097.5s] epoch 83 step 249150 avg_loss=0.628
[9099.2s] epoch 83 step 249200 avg_loss=0.617
[9100.9s] epoch 83 step 249250 avg_loss=0.598
[9102.9s] epoch 83 step 249300 avg_loss=0.616
[9104.8s] epoch 83 step 249350 avg_loss=0.676
[9106.4s] epoch 83 step 249400 avg_loss=0.773
[9108.2s] epoch 83 step 249450 avg_loss=0.780
[9110.4s] epoch 83 step 249500 avg_loss=0.889
[9112.1s] epoch 83 step 249550 avg_loss=0.876
[9114.0s] epoch 83 step 249600 avg_loss=0.881
[9115.8s] epoch 83 step 249650 avg_loss=0.855
[9117.6s] epoch 83 step 249700 avg_loss=0.864
[9119.3s] epoch 83 step 249750 avg_loss=0.867
[9120.8s] epoch 83 step 249800 avg_loss=0.864
[9122.5s] epoch 83 step 249850 avg_loss=0.851
[9124.1s] epoch 83 step 249900 avg_loss=0.833
[9126.1s] epoch 83 step 249950 avg_loss=0.835
[9127.9s] epoch 83 step 250000 avg_loss=0.818
[9129.6s] epoch 83 step 250050 avg_loss=0.819
[9131.6s] epoch 83 step 250100 avg_loss=0.813
[9133.3s] epoch 83 step 250150 avg_loss=0.810
[9134.9s] epoch 83 step 250200 avg_loss=0.794
[9136.5s] epoch 83 step 250250 avg_loss=0.820
[9138.1s] epoch 83 step 250300 avg_loss=0.819
[9139.8s] epoch 83 step 250350 avg_loss=0.831
[9141.4s] epoch 83 step 250400 avg_loss=0.823
[9143.2s] epoch 83 step 250450 avg_loss=0.827
[9144.9s] epoch 83 step 250500 avg_loss=0.834
[9146.6s] epoch 83 step 250550 avg_loss=0.826
[9148.4s] epoch 83 step 250600 avg_loss=0.835
[9150.2s] epoch 83 step 250650 avg_loss=0.835
[9152.3s] epoch 83 step 250700 avg_loss=0.838
[9154.2s] epoch 83 step 250750 avg_loss=0.856
[9156.0s] epoch 83 step 250800 avg_loss=0.880
[9158.0s] epoch 83 step 250850 avg_loss=0.883
[9159.8s] epoch 83 step 250900 avg_loss=0.880
[9161.5s] epoch 83 step 250950 avg_loss=0.866
[9163.2s] epoch 83 step 251000 avg_loss=0.854
[9165.3s] epoch 83 step 251050 avg_loss=0.860
[9167.1s] epoch 83 step 251100 avg_loss=0.865
[9168.9s] epoch 83 step 251150 avg_loss=0.863
[9170.8s] epoch 83 step 251200 avg_loss=0.856
[9172.6s] epoch 83 step 251250 avg_loss=0.866
[9174.3s] epoch 83 step 251300 avg_loss=0.871
[9175.8s] epoch 83 step 251350 avg_loss=0.866
[9177.4s] epoch 83 step 251400 avg_loss=0.865
[9179.2s] epoch 83 step 251450 avg_loss=0.873
[9180.7s] epoch 83 step 251500 avg_loss=0.881
[9182.4s] epoch 83 step 251550 avg_loss=0.877
[9183.9s] epoch 83 step 251600 avg_loss=0.873
[9185.7s] epoch 83 step 251650 avg_loss=0.889
[9187.3s] epoch 83 step 251700 avg_loss=0.882
[9188.9s] epoch 83 step 251750 avg_loss=0.884
[9190.6s] epoch 83 step 251800 avg_loss=0.885
[9192.2s] epoch 83 step 251850 avg_loss=0.889
[9193.7s] epoch 83 step 251900 avg_loss=0.889
[9195.2s] epoch 83 step 251950 avg_loss=0.882
[9196.9s] epoch 83 step 252000 avg_loss=0.879
[9196.9s] === epoch 83 done: avg_loss=0.879 (n=3000 derivations) ===
[9199.1s] epoch 84 step 252050 avg_loss=0.698
[9200.7s] epoch 84 step 252100 avg_loss=0.776
[9202.4s] epoch 84 step 252150 avg_loss=0.855
[9204.1s] epoch 84 step 252200 avg_loss=0.906
[9205.7s] epoch 84 step 252250 avg_loss=0.905
[9207.3s] epoch 84 step 252300 avg_loss=0.815
[9209.0s] epoch 84 step 252350 avg_loss=0.798
[9210.8s] epoch 84 step 252400 avg_loss=0.811
[9212.6s] epoch 84 step 252450 avg_loss=0.920
[9214.4s] epoch 84 step 252500 avg_loss=0.896
[9216.1s] epoch 84 step 252550 avg_loss=0.867
[9217.6s] epoch 84 step 252600 avg_loss=0.848
[9219.4s] epoch 84 step 252650 avg_loss=0.868
[9221.1s] epoch 84 step 252700 avg_loss=0.859
[9222.7s] epoch 84 step 252750 avg_loss=0.853
[9224.7s] epoch 84 step 252800 avg_loss=0.895
[9226.3s] epoch 84 step 252850 avg_loss=0.875
[9228.2s] epoch 84 step 252900 avg_loss=0.885
[9229.8s] epoch 84 step 252950 avg_loss=0.864
[9231.7s] epoch 84 step 253000 avg_loss=0.866
[9233.6s] epoch 84 step 253050 avg_loss=0.869
[9235.5s] epoch 84 step 253100 avg_loss=0.902
[9237.2s] epoch 84 step 253150 avg_loss=0.940
[9239.1s] epoch 84 step 253200 avg_loss=0.926
[9240.9s] epoch 84 step 253250 avg_loss=0.919
[9242.2s] epoch 84 step 253300 avg_loss=0.899
[9244.1s] epoch 84 step 253350 avg_loss=0.901
[9245.8s] epoch 84 step 253400 avg_loss=0.899
[9247.6s] epoch 84 step 253450 avg_loss=0.908
[9249.3s] epoch 84 step 253500 avg_loss=0.922
[9251.0s] epoch 84 step 253550 avg_loss=0.908
[9252.8s] epoch 84 step 253600 avg_loss=0.913
[9254.5s] epoch 84 step 253650 avg_loss=0.904
[9256.2s] epoch 84 step 253700 avg_loss=0.901
[9257.8s] epoch 84 step 253750 avg_loss=0.904
[9259.6s] epoch 84 step 253800 avg_loss=0.909
[9261.3s] epoch 84 step 253850 avg_loss=0.898
[9262.7s] epoch 84 step 253900 avg_loss=0.883
[9264.5s] epoch 84 step 253950 avg_loss=0.883
[9266.2s] epoch 84 step 254000 avg_loss=0.882
[9267.7s] epoch 84 step 254050 avg_loss=0.882
[9269.4s] epoch 84 step 254100 avg_loss=0.880
[9271.3s] epoch 84 step 254150 avg_loss=0.881
[9273.2s] epoch 84 step 254200 avg_loss=0.886
[9274.9s] epoch 84 step 254250 avg_loss=0.881
[9276.5s] epoch 84 step 254300 avg_loss=0.875
[9278.3s] epoch 84 step 254350 avg_loss=0.870
[9279.9s] epoch 84 step 254400 avg_loss=0.864
[9281.6s] epoch 84 step 254450 avg_loss=0.859
[9283.4s] epoch 84 step 254500 avg_loss=0.858
[9285.1s] epoch 84 step 254550 avg_loss=0.852
[9286.8s] epoch 84 step 254600 avg_loss=0.866
[9288.6s] epoch 84 step 254650 avg_loss=0.869
[9290.3s] epoch 84 step 254700 avg_loss=0.874
[9292.0s] epoch 84 step 254750 avg_loss=0.877
[9293.8s] epoch 84 step 254800 avg_loss=0.871
[9295.5s] epoch 84 step 254850 avg_loss=0.869
[9297.3s] epoch 84 step 254900 avg_loss=0.868
[9299.1s] epoch 84 step 254950 avg_loss=0.876
[9300.9s] epoch 84 step 255000 avg_loss=0.872
[9300.9s] === epoch 84 done: avg_loss=0.872 (n=3000 derivations) ===
[9302.7s] epoch 85 step 255050 avg_loss=0.691
[9304.4s] epoch 85 step 255100 avg_loss=1.022
[9306.2s] epoch 85 step 255150 avg_loss=0.959
[9308.0s] epoch 85 step 255200 avg_loss=0.905
[9309.6s] epoch 85 step 255250 avg_loss=0.862
[9311.2s] epoch 85 step 255300 avg_loss=0.830
[9315.1s] eval step=8000 train_avg_loss=0.860 dev_rank1_f1=0.4442 dev_edge_p=0.4487 dev_edge_r=0.4398
[9315.1s] === epoch 85 done: avg_loss=0.860 (n=320 derivations) ===
[9315.1s] training wall-clock: 9286.8s (stopped_early=True)
[9315.1s] max-steps budget: optimizer_steps=8000 (cap=8000, stop_reason=max_steps) epoch_fraction=85.333 throughput=0.8614 steps/s (1.1608 s/step)
[9315.1s] wrote 32 curve rows -> runs/arms/v4b_3000_0.pt.curve.tsv
[9316.4s] holdout eval targets from runs/encoder_gold_v4b.jsonl: matched=98 missing=0
[9316.5s] holdout eval targets (alt) from runs/encoder_gold_v2.jsonl: matched=98 missing=0
[9316.5s] evaluating [last] (model policy) ...
[9483.2s] [last] holdout (best-of-6 + rank1 + forest width): {'sense_recall': 0.7977011494252874, 'slot_recall': 0.7388059701492538, 'structure_recall': 0.16326530612244897, 'all_gold_recalled_rate': 0.16326530612244897, 'edge_precision': 0.5995287065295938, 'edge_recall': 0.6490511755817878, 'overgen_ratio': 1.1380151028110213, 'n_records': 98, 'rank1_edge_precision': 0.5215012473295993, 'rank1_edge_recall': 0.5557168738291187, 'rank1_edge_f1': 0.5380656659437884, 'rank1_structure_recall': 0.11224489795918367, 'mean_forest_width': 5.979591836734694}
[9661.2s] [last] holdout_alt (best-of-6 + rank1 + forest width): {'sense_recall': 0.7972508591065293, 'slot_recall': 0.6335403726708074, 'structure_recall': 0.04564315352697095, 'all_gold_recalled_rate': 0.02040816326530612, 'edge_precision': 0.43259735629904106, 'edge_recall': 0.627490395092436, 'overgen_ratio': 1.602447637396617, 'n_records': 98, 'rank1_edge_precision': 0.34244158607469727, 'rank1_edge_recall': 0.5196158999730429, 'rank1_edge_f1': 0.41282187282472244, 'rank1_structure_recall': 0.02074688796680498, 'mean_forest_width': 6}
[9661.2s] evaluating [best] (model policy) ...
[9815.8s] [best] holdout (best-of-6 + rank1 + forest width): {'sense_recall': 0.8022988505747126, 'slot_recall': 0.7238805970149254, 'structure_recall': 0.19387755102040816, 'all_gold_recalled_rate': 0.19387755102040816, 'edge_precision': 0.6671075023415961, 'edge_recall': 0.6744109348701184, 'overgen_ratio': 1.0238009722703598, 'n_records': 98, 'rank1_edge_precision': 0.5793438137825893, 'rank1_edge_recall': 0.5225189209883087, 'rank1_edge_f1': 0.5494660902963963, 'rank1_structure_recall': 0.08163265306122448, 'mean_forest_width': 5.969387755102041}
[9967.1s] [best] holdout_alt (best-of-6 + rank1 + forest width): {'sense_recall': 0.7869415807560137, 'slot_recall': 0.6770186335403726, 'structure_recall': 0.07883817427385892, 'all_gold_recalled_rate': 0.04081632653061224, 'edge_precision': 0.5116594512518012, 'edge_recall': 0.6772609429497185, 'overgen_ratio': 1.4846554475381006, 'n_records': 98, 'rank1_edge_precision': 0.4222350803458248, 'rank1_edge_recall': 0.5582615702513662, 'rank1_edge_f1': 0.48081269594445514, 'rank1_structure_recall': 0.03319502074688797, 'mean_forest_width': 5.969387755102041}
[9967.1s] evaluating RANDOM baseline on holdout ...
[9970.7s] holdout (random baseline): {'sense_recall': 0.02528735632183908, 'slot_recall': 0.0, 'structure_recall': 0.0, 'all_gold_recalled_rate': 0.0, 'edge_precision': 0.027069160997732426, 'edge_recall': 0.011925376211090495, 'overgen_ratio': 0.04009482580911153, 'n_records': 98}
[9970.8s] saved BEST checkpoint (step=1750, dev_rank1_f1=0.4895) -> runs/arms/v4b_3000_0.pt
[9970.8s] saved LAST checkpoint -> runs/arms/v4b_3000_0.pt.last.pt
[9970.8s] TOTAL wall-clock: 9970.8s
