[   0.0s] loading gold from runs/encoder_gold_v4b.jsonl
[   0.3s] 987 gold records
[   0.3s] holdout mode: 98 held-out sentences, pool=791, train subset=788 (subset_seed=0)
[   0.3s] loading USVS from /home/user/NAOMI/consciousness_transformer/data/usvs
[  16.5s] USVS loaded: 117679 senses, d_axes=607
[  16.5s] pos_vocab=15 role_vocab=39
[  16.5s] policy params: 343,366 (~1.373 MB fp32)
[  16.5s] building features + derivations for 788 train records
[  17.4s] 788 teacher-forced derivations
[  17.9s] dev-holdout eval targets from runs/encoder_gold_v2.jsonl: matched=98 missing=0
[  22.4s] epoch 0 step 50 avg_loss=90.919
[  23.9s] epoch 0 step 100 avg_loss=94.348
[  25.4s] epoch 0 step 150 avg_loss=92.566
[  26.7s] epoch 0 step 200 avg_loss=89.304
[  27.8s] epoch 0 step 250 avg_loss=84.541
[  29.0s] epoch 0 step 300 avg_loss=81.620
[  30.4s] epoch 0 step 350 avg_loss=80.213
[  31.7s] epoch 0 step 400 avg_loss=77.723
[  33.2s] epoch 0 step 450 avg_loss=76.991
[  34.7s] epoch 0 step 500 avg_loss=75.853
[  36.2s] epoch 0 step 550 avg_loss=74.272
[  37.4s] epoch 0 step 600 avg_loss=72.775
[  38.6s] epoch 0 step 650 avg_loss=70.856
[  40.2s] epoch 0 step 700 avg_loss=69.541
[  41.5s] epoch 0 step 750 avg_loss=68.355
[  42.7s] === epoch 0 done: avg_loss=67.552 (n=788 derivations) ===
[  43.0s] epoch 1 step 800 avg_loss=49.476
[  44.4s] epoch 1 step 850 avg_loss=53.417
[  45.6s] epoch 1 step 900 avg_loss=48.249
[  46.8s] epoch 1 step 950 avg_loss=46.128
[  48.3s] epoch 1 step 1000 avg_loss=46.816
[  49.7s] epoch 1 step 1050 avg_loss=47.338
[  50.9s] epoch 1 step 1100 avg_loss=47.467
[  52.2s] epoch 1 step 1150 avg_loss=46.360
[  53.7s] epoch 1 step 1200 avg_loss=47.055
[  55.0s] epoch 1 step 1250 avg_loss=46.823
[  56.3s] epoch 1 step 1300 avg_loss=46.818
[  57.7s] epoch 1 step 1350 avg_loss=47.309
[  59.0s] epoch 1 step 1400 avg_loss=47.085
[  60.4s] epoch 1 step 1450 avg_loss=46.846
[  61.6s] epoch 1 step 1500 avg_loss=46.496
[  62.8s] epoch 1 step 1550 avg_loss=45.949
[  63.5s] === epoch 1 done: avg_loss=45.655 (n=788 derivations) ===
[  64.2s] epoch 2 step 1600 avg_loss=45.454
[  65.7s] epoch 2 step 1650 avg_loss=39.908
[  67.0s] epoch 2 step 1700 avg_loss=36.189
[  68.2s] epoch 2 step 1750 avg_loss=36.680
[  69.6s] epoch 2 step 1800 avg_loss=38.842
[  70.7s] epoch 2 step 1850 avg_loss=37.145
[  72.0s] epoch 2 step 1900 avg_loss=37.900
[  73.2s] epoch 2 step 1950 avg_loss=38.178
[  74.5s] epoch 2 step 2000 avg_loss=38.178
[  75.9s] epoch 2 step 2050 avg_loss=38.690
[  76.9s] epoch 2 step 2100 avg_loss=37.985
[  78.3s] epoch 2 step 2150 avg_loss=38.445
[  79.6s] epoch 2 step 2200 avg_loss=38.355
[  81.0s] epoch 2 step 2250 avg_loss=38.344
[  82.3s] epoch 2 step 2300 avg_loss=38.175
[  83.7s] epoch 2 step 2350 avg_loss=38.151
[  84.1s] === epoch 2 done: avg_loss=38.100 (n=788 derivations) ===
[  85.0s] epoch 3 step 2400 avg_loss=40.072
[  86.5s] epoch 3 step 2450 avg_loss=41.400
[  87.8s] epoch 3 step 2500 avg_loss=39.596
[  89.0s] epoch 3 step 2550 avg_loss=37.601
[  90.2s] epoch 3 step 2600 avg_loss=36.633
[  91.5s] epoch 3 step 2650 avg_loss=36.254
[  92.7s] epoch 3 step 2700 avg_loss=35.311
[  94.2s] epoch 3 step 2750 avg_loss=35.678
[  95.9s] epoch 3 step 2800 avg_loss=35.364
[  97.1s] epoch 3 step 2850 avg_loss=34.525
[  98.7s] epoch 3 step 2900 avg_loss=34.006
[ 100.3s] epoch 3 step 2950 avg_loss=34.091
[ 101.7s] epoch 3 step 3000 avg_loss=33.872
[ 103.1s] epoch 3 step 3050 avg_loss=33.962
[ 104.5s] epoch 3 step 3100 avg_loss=33.667
[ 105.9s] epoch 3 step 3150 avg_loss=33.862
[ 105.9s] === epoch 3 done: avg_loss=33.831 (n=788 derivations) ===
[ 107.3s] epoch 4 step 3200 avg_loss=34.605
[ 108.6s] epoch 4 step 3250 avg_loss=33.989
[ 109.9s] epoch 4 step 3300 avg_loss=34.964
[ 111.3s] epoch 4 step 3350 avg_loss=35.000
[ 112.6s] epoch 4 step 3400 avg_loss=35.459
[ 113.9s] epoch 4 step 3450 avg_loss=34.698
[ 115.3s] epoch 4 step 3500 avg_loss=33.201
[ 116.7s] epoch 4 step 3550 avg_loss=32.402
[ 118.1s] epoch 4 step 3600 avg_loss=32.314
[ 119.6s] epoch 4 step 3650 avg_loss=31.844
[ 120.7s] epoch 4 step 3700 avg_loss=31.018
[ 122.0s] epoch 4 step 3750 avg_loss=31.270
[ 123.4s] epoch 4 step 3800 avg_loss=31.069
[ 124.8s] epoch 4 step 3850 avg_loss=30.790
[ 126.2s] epoch 4 step 3900 avg_loss=30.720
[ 127.4s] === epoch 4 done: avg_loss=30.916 (n=788 derivations) ===
[ 127.6s] epoch 5 step 3950 avg_loss=36.373
[ 129.1s] epoch 5 step 4000 avg_loss=27.526
[ 130.5s] epoch 5 step 4050 avg_loss=27.365
[ 132.1s] epoch 5 step 4100 avg_loss=28.961
[ 133.9s] epoch 5 step 4150 avg_loss=31.140
[ 135.4s] epoch 5 step 4200 avg_loss=30.725
[ 136.9s] epoch 5 step 4250 avg_loss=30.326
[ 138.4s] epoch 5 step 4300 avg_loss=30.440
[ 140.0s] epoch 5 step 4350 avg_loss=30.428
[ 141.4s] epoch 5 step 4400 avg_loss=29.893
[ 142.9s] epoch 5 step 4450 avg_loss=30.026
[ 144.3s] epoch 5 step 4500 avg_loss=29.503
[ 145.6s] epoch 5 step 4550 avg_loss=29.116
[ 147.1s] epoch 5 step 4600 avg_loss=28.927
[ 148.3s] epoch 5 step 4650 avg_loss=28.652
[ 149.9s] epoch 5 step 4700 avg_loss=29.023
[ 150.6s] === epoch 5 done: avg_loss=28.694 (n=788 derivations) ===
[ 151.2s] epoch 6 step 4750 avg_loss=29.890
[ 152.7s] epoch 6 step 4800 avg_loss=28.620
[ 153.9s] epoch 6 step 4850 avg_loss=26.229
[ 155.3s] epoch 6 step 4900 avg_loss=27.188
[ 156.5s] epoch 6 step 4950 avg_loss=27.857
[ 157.8s] epoch 6 step 5000 avg_loss=27.803
[ 159.1s] epoch 6 step 5050 avg_loss=27.653
[ 160.3s] epoch 6 step 5100 avg_loss=27.855
[ 161.4s] epoch 6 step 5150 avg_loss=27.753
[ 162.6s] epoch 6 step 5200 avg_loss=27.984
[ 163.8s] epoch 6 step 5250 avg_loss=27.771
[ 165.0s] epoch 6 step 5300 avg_loss=27.684
[ 166.4s] epoch 6 step 5350 avg_loss=27.336
[ 167.8s] epoch 6 step 5400 avg_loss=27.182
[ 169.0s] epoch 6 step 5450 avg_loss=27.229
[ 170.4s] epoch 6 step 5500 avg_loss=27.113
[ 170.8s] === epoch 6 done: avg_loss=26.977 (n=788 derivations) ===
[ 171.7s] epoch 7 step 5550 avg_loss=29.251
[ 173.3s] epoch 7 step 5600 avg_loss=30.661
[ 174.3s] epoch 7 step 5650 avg_loss=27.362
[ 175.5s] epoch 7 step 5700 avg_loss=26.228
[ 176.7s] epoch 7 step 5750 avg_loss=26.708
[ 178.2s] epoch 7 step 5800 avg_loss=26.511
[ 179.6s] epoch 7 step 5850 avg_loss=26.623
[ 181.0s] epoch 7 step 5900 avg_loss=26.224
[ 182.4s] epoch 7 step 5950 avg_loss=26.056
[ 183.8s] epoch 7 step 6000 avg_loss=26.248
[ 185.0s] epoch 7 step 6050 avg_loss=25.779
[ 186.3s] epoch 7 step 6100 avg_loss=25.881
[ 187.6s] epoch 7 step 6150 avg_loss=26.068
[ 188.9s] epoch 7 step 6200 avg_loss=25.885
[ 190.3s] epoch 7 step 6250 avg_loss=25.683
[ 191.7s] epoch 7 step 6300 avg_loss=25.481
[ 191.8s] === epoch 7 done: avg_loss=25.535 (n=788 derivations) ===
[ 193.2s] epoch 8 step 6350 avg_loss=26.727
[ 194.7s] epoch 8 step 6400 avg_loss=23.993
[ 196.1s] epoch 8 step 6450 avg_loss=24.596
[ 197.3s] epoch 8 step 6500 avg_loss=24.394
[ 198.6s] epoch 8 step 6550 avg_loss=23.902
[ 200.0s] epoch 8 step 6600 avg_loss=24.716
[ 201.4s] epoch 8 step 6650 avg_loss=24.862
[ 202.8s] epoch 8 step 6700 avg_loss=24.301
[ 203.9s] epoch 8 step 6750 avg_loss=24.196
[ 205.5s] epoch 8 step 6800 avg_loss=24.937
[ 206.7s] epoch 8 step 6850 avg_loss=24.414
[ 208.0s] epoch 8 step 6900 avg_loss=24.744
[ 209.3s] epoch 8 step 6950 avg_loss=24.458
[ 210.6s] epoch 8 step 7000 avg_loss=24.296
[ 212.0s] epoch 8 step 7050 avg_loss=24.151
[ 213.2s] === epoch 8 done: avg_loss=24.416 (n=788 derivations) ===
[ 213.3s] epoch 9 step 7100 avg_loss=19.368
[ 214.6s] epoch 9 step 7150 avg_loss=22.763
[ 215.9s] epoch 9 step 7200 avg_loss=22.143
[ 217.2s] epoch 9 step 7250 avg_loss=20.985
[ 218.5s] epoch 9 step 7300 avg_loss=21.292
[ 219.9s] epoch 9 step 7350 avg_loss=22.772
[ 221.3s] epoch 9 step 7400 avg_loss=22.813
[ 222.8s] epoch 9 step 7450 avg_loss=23.407
[ 224.2s] epoch 9 step 7500 avg_loss=23.811
[ 225.5s] epoch 9 step 7550 avg_loss=23.756
[ 226.9s] epoch 9 step 7600 avg_loss=23.691
[ 228.2s] epoch 9 step 7650 avg_loss=23.546
[ 229.5s] epoch 9 step 7700 avg_loss=23.564
[ 230.6s] epoch 9 step 7750 avg_loss=22.997
[ 232.1s] epoch 9 step 7800 avg_loss=23.159
[ 233.5s] epoch 9 step 7850 avg_loss=23.141
[ 237.7s] eval step=250 train_avg_loss=23.398 dev_rank1_f1=0.2971 dev_edge_p=0.2650 dev_edge_r=0.3381
[ 237.7s] === epoch 9 done: avg_loss=23.398 (n=788 derivations) ===
[ 238.2s] epoch 10 step 7900 avg_loss=19.284
[ 239.5s] epoch 10 step 7950 avg_loss=21.894
[ 240.6s] epoch 10 step 8000 avg_loss=21.084
[ 241.9s] epoch 10 step 8050 avg_loss=23.318
[ 243.1s] epoch 10 step 8100 avg_loss=23.240
[ 244.4s] epoch 10 step 8150 avg_loss=23.070
[ 245.6s] epoch 10 step 8200 avg_loss=22.818
[ 246.8s] epoch 10 step 8250 avg_loss=22.647
[ 248.2s] epoch 10 step 8300 avg_loss=22.615
[ 249.5s] epoch 10 step 8350 avg_loss=23.086
[ 250.7s] epoch 10 step 8400 avg_loss=22.799
[ 251.7s] epoch 10 step 8450 avg_loss=22.485
[ 252.9s] epoch 10 step 8500 avg_loss=22.432
[ 254.0s] epoch 10 step 8550 avg_loss=22.199
[ 255.4s] epoch 10 step 8600 avg_loss=22.458
[ 256.5s] epoch 10 step 8650 avg_loss=22.434
[ 256.9s] === epoch 10 done: avg_loss=22.440 (n=788 derivations) ===
[ 257.8s] epoch 11 step 8700 avg_loss=26.477
[ 258.9s] epoch 11 step 8750 avg_loss=22.580
[ 260.1s] epoch 11 step 8800 avg_loss=21.192
[ 261.4s] epoch 11 step 8850 avg_loss=21.847
[ 262.7s] epoch 11 step 8900 avg_loss=21.058
[ 264.0s] epoch 11 step 8950 avg_loss=21.478
[ 265.1s] epoch 11 step 9000 avg_loss=21.487
[ 266.4s] epoch 11 step 9050 avg_loss=21.866
[ 267.7s] epoch 11 step 9100 avg_loss=21.790
[ 269.1s] epoch 11 step 9150 avg_loss=21.854
[ 270.4s] epoch 11 step 9200 avg_loss=22.177
[ 271.6s] epoch 11 step 9250 avg_loss=21.624
[ 272.9s] epoch 11 step 9300 avg_loss=21.748
[ 274.2s] epoch 11 step 9350 avg_loss=21.564
[ 275.6s] epoch 11 step 9400 avg_loss=21.291
[ 277.0s] epoch 11 step 9450 avg_loss=21.511
[ 277.2s] === epoch 11 done: avg_loss=21.557 (n=788 derivations) ===
[ 278.4s] epoch 12 step 9500 avg_loss=22.716
[ 279.7s] epoch 12 step 9550 avg_loss=20.104
[ 281.0s] epoch 12 step 9600 avg_loss=21.525
[ 282.3s] epoch 12 step 9650 avg_loss=22.415
[ 283.6s] epoch 12 step 9700 avg_loss=21.686
[ 284.9s] epoch 12 step 9750 avg_loss=20.768
[ 286.3s] epoch 12 step 9800 avg_loss=21.240
[ 287.5s] epoch 12 step 9850 avg_loss=20.851
[ 288.8s] epoch 12 step 9900 avg_loss=20.895
[ 290.0s] epoch 12 step 9950 avg_loss=20.748
[ 291.1s] epoch 12 step 10000 avg_loss=20.815
[ 292.2s] epoch 12 step 10050 avg_loss=20.364
[ 293.4s] epoch 12 step 10100 avg_loss=20.338
[ 294.8s] epoch 12 step 10150 avg_loss=20.562
[ 296.1s] epoch 12 step 10200 avg_loss=20.882
[ 297.2s] === epoch 12 done: avg_loss=20.752 (n=788 derivations) ===
[ 297.3s] epoch 13 step 10250 avg_loss=13.184
[ 298.7s] epoch 13 step 10300 avg_loss=18.804
[ 300.0s] epoch 13 step 10350 avg_loss=18.946
[ 301.4s] epoch 13 step 10400 avg_loss=18.201
[ 302.9s] epoch 13 step 10450 avg_loss=19.671
[ 304.2s] epoch 13 step 10500 avg_loss=18.510
[ 305.3s] epoch 13 step 10550 avg_loss=18.781
[ 306.6s] epoch 13 step 10600 avg_loss=19.057
[ 308.0s] epoch 13 step 10650 avg_loss=19.489
[ 309.2s] epoch 13 step 10700 avg_loss=19.560
[ 310.4s] epoch 13 step 10750 avg_loss=19.633
[ 311.8s] epoch 13 step 10800 avg_loss=19.687
[ 313.2s] epoch 13 step 10850 avg_loss=19.797
[ 314.6s] epoch 13 step 10900 avg_loss=20.049
[ 316.3s] epoch 13 step 10950 avg_loss=20.261
[ 317.4s] epoch 13 step 11000 avg_loss=20.091
[ 318.3s] === epoch 13 done: avg_loss=19.908 (n=788 derivations) ===
[ 318.8s] epoch 14 step 11050 avg_loss=23.625
[ 320.1s] epoch 14 step 11100 avg_loss=16.491
[ 321.3s] epoch 14 step 11150 avg_loss=17.624
[ 322.6s] epoch 14 step 11200 avg_loss=17.877
[ 323.9s] epoch 14 step 11250 avg_loss=17.577
[ 325.0s] epoch 14 step 11300 avg_loss=17.616
[ 326.5s] epoch 14 step 11350 avg_loss=17.725
[ 327.8s] epoch 14 step 11400 avg_loss=17.748
[ 329.2s] epoch 14 step 11450 avg_loss=18.124
[ 330.3s] epoch 14 step 11500 avg_loss=18.076
[ 331.6s] epoch 14 step 11550 avg_loss=18.138
[ 333.0s] epoch 14 step 11600 avg_loss=18.567
[ 334.3s] epoch 14 step 11650 avg_loss=19.060
[ 335.6s] epoch 14 step 11700 avg_loss=19.272
[ 337.1s] epoch 14 step 11750 avg_loss=19.090
[ 338.4s] epoch 14 step 11800 avg_loss=19.152
[ 338.9s] === epoch 14 done: avg_loss=19.062 (n=788 derivations) ===
[ 339.8s] epoch 15 step 11850 avg_loss=17.863
[ 341.5s] epoch 15 step 11900 avg_loss=21.683
[ 343.0s] epoch 15 step 11950 avg_loss=20.286
[ 344.2s] epoch 15 step 12000 avg_loss=19.000
[ 345.6s] epoch 15 step 12050 avg_loss=18.578
[ 347.0s] epoch 15 step 12100 avg_loss=18.957
[ 348.3s] epoch 15 step 12150 avg_loss=18.261
[ 349.6s] epoch 15 step 12200 avg_loss=18.317
[ 351.0s] epoch 15 step 12250 avg_loss=18.571
[ 352.1s] epoch 15 step 12300 avg_loss=18.108
[ 353.1s] epoch 15 step 12350 avg_loss=17.950
[ 354.3s] epoch 15 step 12400 avg_loss=17.888
[ 355.7s] epoch 15 step 12450 avg_loss=17.891
[ 357.2s] epoch 15 step 12500 avg_loss=18.245
[ 358.6s] epoch 15 step 12550 avg_loss=18.130
[ 360.0s] epoch 15 step 12600 avg_loss=18.238
[ 360.3s] === epoch 15 done: avg_loss=18.291 (n=788 derivations) ===
[ 361.6s] epoch 16 step 12650 avg_loss=18.340
[ 363.1s] epoch 16 step 12700 avg_loss=16.945
[ 364.8s] epoch 16 step 12750 avg_loss=17.435
[ 366.2s] epoch 16 step 12800 avg_loss=17.344
[ 367.6s] epoch 16 step 12850 avg_loss=17.149
[ 368.7s] epoch 16 step 12900 avg_loss=16.865
[ 370.0s] epoch 16 step 12950 avg_loss=16.634
[ 371.2s] epoch 16 step 13000 avg_loss=16.663
[ 372.9s] epoch 16 step 13050 avg_loss=17.637
[ 374.7s] epoch 16 step 13100 avg_loss=17.699
[ 376.1s] epoch 16 step 13150 avg_loss=17.506
[ 377.7s] epoch 16 step 13200 avg_loss=17.584
[ 379.1s] epoch 16 step 13250 avg_loss=17.482
[ 380.2s] epoch 16 step 13300 avg_loss=17.212
[ 381.6s] epoch 16 step 13350 avg_loss=17.282
[ 382.7s] === epoch 16 done: avg_loss=17.459 (n=788 derivations) ===
[ 382.9s] epoch 17 step 13400 avg_loss=30.253
[ 384.1s] epoch 17 step 13450 avg_loss=18.129
[ 385.3s] epoch 17 step 13500 avg_loss=16.928
[ 386.5s] epoch 17 step 13550 avg_loss=15.944
[ 387.8s] epoch 17 step 13600 avg_loss=16.653
[ 389.2s] epoch 17 step 13650 avg_loss=17.234
[ 390.4s] epoch 17 step 13700 avg_loss=17.505
[ 391.8s] epoch 17 step 13750 avg_loss=17.380
[ 392.9s] epoch 17 step 13800 avg_loss=16.821
[ 394.3s] epoch 17 step 13850 avg_loss=16.915
[ 395.5s] epoch 17 step 13900 avg_loss=17.097
[ 396.6s] epoch 17 step 13950 avg_loss=16.936
[ 397.8s] epoch 17 step 14000 avg_loss=16.891
[ 399.2s] epoch 17 step 14050 avg_loss=16.946
[ 400.5s] epoch 17 step 14100 avg_loss=16.716
[ 402.0s] epoch 17 step 14150 avg_loss=16.643
[ 403.0s] === epoch 17 done: avg_loss=16.699 (n=788 derivations) ===
[ 403.3s] epoch 18 step 14200 avg_loss=12.419
[ 404.4s] epoch 18 step 14250 avg_loss=13.266
[ 405.7s] epoch 18 step 14300 avg_loss=13.915
[ 407.2s] epoch 18 step 14350 avg_loss=15.541
[ 408.6s] epoch 18 step 14400 avg_loss=15.971
[ 410.2s] epoch 18 step 14450 avg_loss=16.048
[ 411.5s] epoch 18 step 14500 avg_loss=16.053
[ 412.6s] epoch 18 step 14550 avg_loss=15.560
[ 413.9s] epoch 18 step 14600 avg_loss=15.557
[ 415.1s] epoch 18 step 14650 avg_loss=15.443
[ 416.1s] epoch 18 step 14700 avg_loss=15.126
[ 417.5s] epoch 18 step 14750 avg_loss=15.259
[ 418.7s] epoch 18 step 14800 avg_loss=15.190
[ 419.9s] epoch 18 step 14850 avg_loss=15.367
[ 421.5s] epoch 18 step 14900 avg_loss=15.724
[ 422.9s] epoch 18 step 14950 avg_loss=15.789
[ 423.7s] === epoch 18 done: avg_loss=15.987 (n=788 derivations) ===
[ 424.6s] epoch 19 step 15000 avg_loss=17.126
[ 425.9s] epoch 19 step 15050 avg_loss=14.489
[ 427.0s] epoch 19 step 15100 avg_loss=14.917
[ 428.4s] epoch 19 step 15150 avg_loss=14.819
[ 429.7s] epoch 19 step 15200 avg_loss=15.325
[ 431.0s] epoch 19 step 15250 avg_loss=15.847
[ 432.3s] epoch 19 step 15300 avg_loss=15.479
[ 433.8s] epoch 19 step 15350 avg_loss=15.387
[ 435.2s] epoch 19 step 15400 avg_loss=15.042
[ 436.8s] epoch 19 step 15450 avg_loss=15.357
[ 438.3s] epoch 19 step 15500 avg_loss=15.251
[ 439.7s] epoch 19 step 15550 avg_loss=15.332
[ 441.2s] epoch 19 step 15600 avg_loss=15.399
[ 442.3s] epoch 19 step 15650 avg_loss=15.165
[ 443.6s] epoch 19 step 15700 avg_loss=15.322
[ 444.7s] epoch 19 step 15750 avg_loss=15.290
[ 446.4s] eval step=500 train_avg_loss=15.240 dev_rank1_f1=0.3166 dev_edge_p=0.2706 dev_edge_r=0.3813
[ 446.4s] === epoch 19 done: avg_loss=15.240 (n=788 derivations) ===
[ 447.3s] epoch 20 step 15800 avg_loss=12.418
[ 448.5s] epoch 20 step 15850 avg_loss=13.543
[ 450.0s] epoch 20 step 15900 avg_loss=14.407
[ 451.4s] epoch 20 step 15950 avg_loss=15.185
[ 452.5s] epoch 20 step 16000 avg_loss=14.486
[ 453.8s] epoch 20 step 16050 avg_loss=14.238
[ 455.0s] epoch 20 step 16100 avg_loss=13.868
[ 456.4s] epoch 20 step 16150 avg_loss=14.157
[ 457.6s] epoch 20 step 16200 avg_loss=13.689
[ 458.8s] epoch 20 step 16250 avg_loss=14.058
[ 460.2s] epoch 20 step 16300 avg_loss=14.055
[ 461.4s] epoch 20 step 16350 avg_loss=14.028
[ 462.7s] epoch 20 step 16400 avg_loss=13.921
[ 464.2s] epoch 20 step 16450 avg_loss=14.043
[ 465.6s] epoch 20 step 16500 avg_loss=14.141
[ 466.9s] === epoch 20 done: avg_loss=14.553 (n=788 derivations) ===
[ 467.0s] epoch 21 step 16550 avg_loss=25.332
[ 468.4s] epoch 21 step 16600 avg_loss=13.888
[ 469.8s] epoch 21 step 16650 avg_loss=12.902
[ 471.2s] epoch 21 step 16700 avg_loss=13.497
[ 472.4s] epoch 21 step 16750 avg_loss=13.484
[ 473.7s] epoch 21 step 16800 avg_loss=13.420
[ 475.1s] epoch 21 step 16850 avg_loss=13.719
[ 476.4s] epoch 21 step 16900 avg_loss=13.990
[ 477.6s] epoch 21 step 16950 avg_loss=13.950
[ 478.9s] epoch 21 step 17000 avg_loss=13.947
[ 480.1s] epoch 21 step 17050 avg_loss=13.851
[ 481.2s] epoch 21 step 17100 avg_loss=13.474
[ 482.5s] epoch 21 step 17150 avg_loss=13.783
[ 483.8s] epoch 21 step 17200 avg_loss=13.846
[ 485.1s] epoch 21 step 17250 avg_loss=13.862
[ 486.2s] epoch 21 step 17300 avg_loss=13.895
[ 487.1s] === epoch 21 done: avg_loss=13.939 (n=788 derivations) ===
[ 487.6s] epoch 22 step 17350 avg_loss=15.959
[ 489.0s] epoch 22 step 17400 avg_loss=11.878
[ 490.5s] epoch 22 step 17450 avg_loss=13.075
[ 491.9s] epoch 22 step 17500 avg_loss=12.523
[ 493.2s] epoch 22 step 17550 avg_loss=12.321
[ 494.4s] epoch 22 step 17600 avg_loss=12.306
[ 495.7s] epoch 22 step 17650 avg_loss=12.677
[ 496.7s] epoch 22 step 17700 avg_loss=12.380
[ 497.9s] epoch 22 step 17750 avg_loss=12.421
[ 499.2s] epoch 22 step 17800 avg_loss=12.441
[ 500.7s] epoch 22 step 17850 avg_loss=12.961
[ 502.1s] epoch 22 step 17900 avg_loss=12.920
[ 503.2s] epoch 22 step 17950 avg_loss=12.741
[ 504.7s] epoch 22 step 18000 avg_loss=13.013
[ 506.1s] epoch 22 step 18050 avg_loss=13.287
[ 507.6s] epoch 22 step 18100 avg_loss=13.401
[ 508.2s] === epoch 22 done: avg_loss=13.283 (n=788 derivations) ===
[ 508.9s] epoch 23 step 18150 avg_loss=14.446
[ 510.2s] epoch 23 step 18200 avg_loss=14.850
[ 511.5s] epoch 23 step 18250 avg_loss=13.739
[ 512.8s] epoch 23 step 18300 avg_loss=12.804
[ 513.9s] epoch 23 step 18350 avg_loss=12.276
[ 515.3s] epoch 23 step 18400 avg_loss=12.991
[ 516.5s] epoch 23 step 18450 avg_loss=12.717
[ 517.9s] epoch 23 step 18500 avg_loss=13.076
[ 519.0s] epoch 23 step 18550 avg_loss=12.849
[ 520.2s] epoch 23 step 18600 avg_loss=12.893
[ 521.5s] epoch 23 step 18650 avg_loss=12.988
[ 522.8s] epoch 23 step 18700 avg_loss=12.842
[ 524.2s] epoch 23 step 18750 avg_loss=13.081
[ 525.3s] epoch 23 step 18800 avg_loss=12.802
[ 526.7s] epoch 23 step 18850 avg_loss=12.870
[ 527.8s] epoch 23 step 18900 avg_loss=12.538
[ 528.1s] === epoch 23 done: avg_loss=12.497 (n=788 derivations) ===
[ 529.1s] epoch 24 step 18950 avg_loss=12.808
[ 530.5s] epoch 24 step 19000 avg_loss=12.320
[ 531.9s] epoch 24 step 19050 avg_loss=11.481
[ 533.2s] epoch 24 step 19100 avg_loss=11.417
[ 534.6s] epoch 24 step 19150 avg_loss=10.971
[ 536.1s] epoch 24 step 19200 avg_loss=11.099
[ 537.6s] epoch 24 step 19250 avg_loss=11.599
[ 538.8s] epoch 24 step 19300 avg_loss=11.365
[ 540.1s] epoch 24 step 19350 avg_loss=11.687
[ 541.4s] epoch 24 step 19400 avg_loss=11.674
[ 542.6s] epoch 24 step 19450 avg_loss=11.592
[ 543.9s] epoch 24 step 19500 avg_loss=11.593
[ 545.4s] epoch 24 step 19550 avg_loss=11.786
[ 546.7s] epoch 24 step 19600 avg_loss=11.821
[ 547.9s] epoch 24 step 19650 avg_loss=11.810
[ 549.1s] epoch 24 step 19700 avg_loss=11.892
[ 549.1s] === epoch 24 done: avg_loss=11.892 (n=788 derivations) ===
[ 550.3s] epoch 25 step 19750 avg_loss=12.518
[ 551.4s] epoch 25 step 19800 avg_loss=10.699
[ 552.7s] epoch 25 step 19850 avg_loss=11.448
[ 553.9s] epoch 25 step 19900 avg_loss=11.326
[ 555.1s] epoch 25 step 19950 avg_loss=11.291
[ 556.3s] epoch 25 step 20000 avg_loss=10.976
[ 557.6s] epoch 25 step 20050 avg_loss=10.908
[ 559.0s] epoch 25 step 20100 avg_loss=11.228
[ 560.5s] epoch 25 step 20150 avg_loss=11.290
[ 561.8s] epoch 25 step 20200 avg_loss=11.407
[ 563.1s] epoch 25 step 20250 avg_loss=11.746
[ 564.3s] epoch 25 step 20300 avg_loss=11.760
[ 565.5s] epoch 25 step 20350 avg_loss=11.614
[ 566.8s] epoch 25 step 20400 avg_loss=11.474
[ 568.0s] epoch 25 step 20450 avg_loss=11.341
[ 568.9s] === epoch 25 done: avg_loss=11.259 (n=788 derivations) ===
[ 569.3s] epoch 26 step 20500 avg_loss=10.609
[ 570.5s] epoch 26 step 20550 avg_loss=10.554
[ 571.8s] epoch 26 step 20600 avg_loss=10.938
[ 573.0s] epoch 26 step 20650 avg_loss=11.223
[ 574.4s] epoch 26 step 20700 avg_loss=11.180
[ 575.8s] epoch 26 step 20750 avg_loss=10.760
[ 577.2s] epoch 26 step 20800 avg_loss=11.130
[ 578.5s] epoch 26 step 20850 avg_loss=10.984
[ 579.7s] epoch 26 step 20900 avg_loss=10.882
[ 581.0s] epoch 26 step 20950 avg_loss=10.720
[ 582.1s] epoch 26 step 21000 avg_loss=10.596
[ 583.4s] epoch 26 step 21050 avg_loss=10.820
[ 584.5s] epoch 26 step 21100 avg_loss=10.357
[ 585.6s] epoch 26 step 21150 avg_loss=10.325
[ 586.9s] epoch 26 step 21200 avg_loss=10.466
[ 588.5s] epoch 26 step 21250 avg_loss=10.704
[ 589.1s] === epoch 26 done: avg_loss=10.654 (n=788 derivations) ===
[ 589.7s] epoch 27 step 21300 avg_loss=10.904
[ 591.0s] epoch 27 step 21350 avg_loss=10.136
[ 592.3s] epoch 27 step 21400 avg_loss=10.162
[ 593.9s] epoch 27 step 21450 avg_loss=10.032
[ 595.0s] epoch 27 step 21500 avg_loss=9.224
[ 596.7s] epoch 27 step 21550 avg_loss=9.507
[ 598.1s] epoch 27 step 21600 avg_loss=9.657
[ 599.5s] epoch 27 step 21650 avg_loss=9.537
[ 600.8s] epoch 27 step 21700 avg_loss=9.769
[ 602.3s] epoch 27 step 21750 avg_loss=9.991
[ 603.6s] epoch 27 step 21800 avg_loss=10.072
[ 605.0s] epoch 27 step 21850 avg_loss=10.133
[ 606.6s] epoch 27 step 21900 avg_loss=10.188
[ 608.0s] epoch 27 step 21950 avg_loss=10.201
[ 609.4s] epoch 27 step 22000 avg_loss=10.147
[ 610.9s] epoch 27 step 22050 avg_loss=10.166
[ 611.2s] === epoch 27 done: avg_loss=10.109 (n=788 derivations) ===
[ 612.2s] epoch 28 step 22100 avg_loss=9.887
[ 613.5s] epoch 28 step 22150 avg_loss=9.000
[ 614.7s] epoch 28 step 22200 avg_loss=9.439
[ 615.9s] epoch 28 step 22250 avg_loss=9.563
[ 617.2s] epoch 28 step 22300 avg_loss=9.960
[ 618.4s] epoch 28 step 22350 avg_loss=9.336
[ 619.7s] epoch 28 step 22400 avg_loss=9.423
[ 621.1s] epoch 28 step 22450 avg_loss=9.396
[ 622.1s] epoch 28 step 22500 avg_loss=9.167
[ 623.7s] epoch 28 step 22550 avg_loss=9.653
[ 624.9s] epoch 28 step 22600 avg_loss=9.648
[ 626.1s] epoch 28 step 22650 avg_loss=9.546
[ 627.6s] epoch 28 step 22700 avg_loss=9.775
[ 628.9s] epoch 28 step 22750 avg_loss=9.760
[ 630.1s] epoch 28 step 22800 avg_loss=9.728
[ 631.3s] epoch 28 step 22850 avg_loss=9.623
[ 631.4s] === epoch 28 done: avg_loss=9.610 (n=788 derivations) ===
[ 632.7s] epoch 29 step 22900 avg_loss=11.816
[ 633.9s] epoch 29 step 22950 avg_loss=8.916
[ 635.2s] epoch 29 step 23000 avg_loss=8.380
[ 636.8s] epoch 29 step 23050 avg_loss=8.497
[ 637.9s] epoch 29 step 23100 avg_loss=8.562
[ 639.0s] epoch 29 step 23150 avg_loss=8.384
[ 640.7s] epoch 29 step 23200 avg_loss=9.098
[ 642.2s] epoch 29 step 23250 avg_loss=8.992
[ 643.4s] epoch 29 step 23300 avg_loss=8.854
[ 644.8s] epoch 29 step 23350 avg_loss=8.984
[ 646.2s] epoch 29 step 23400 avg_loss=8.849
[ 647.6s] epoch 29 step 23450 avg_loss=8.758
[ 649.3s] epoch 29 step 23500 avg_loss=8.945
[ 650.5s] epoch 29 step 23550 avg_loss=8.923
[ 651.8s] epoch 29 step 23600 avg_loss=9.070
[ 654.5s] eval step=750 train_avg_loss=9.108 dev_rank1_f1=0.3321 dev_edge_p=0.2841 dev_edge_r=0.3997
[ 654.5s] === epoch 29 done: avg_loss=9.108 (n=788 derivations) ===
[ 654.8s] epoch 30 step 23650 avg_loss=14.724
[ 656.1s] epoch 30 step 23700 avg_loss=7.707
[ 657.6s] epoch 30 step 23750 avg_loss=8.272
[ 658.9s] epoch 30 step 23800 avg_loss=7.955
[ 660.4s] epoch 30 step 23850 avg_loss=7.951
[ 661.7s] epoch 30 step 23900 avg_loss=8.237
[ 663.2s] epoch 30 step 23950 avg_loss=8.165
[ 664.5s] epoch 30 step 24000 avg_loss=8.657
[ 665.8s] epoch 30 step 24050 avg_loss=8.427
[ 667.0s] epoch 30 step 24100 avg_loss=8.309
[ 668.2s] epoch 30 step 24150 avg_loss=8.218
[ 669.2s] epoch 30 step 24200 avg_loss=8.129
[ 670.5s] epoch 30 step 24250 avg_loss=8.181
[ 671.8s] epoch 30 step 24300 avg_loss=8.191
[ 672.9s] epoch 30 step 24350 avg_loss=8.356
[ 674.3s] epoch 30 step 24400 avg_loss=8.428
[ 675.1s] === epoch 30 done: avg_loss=8.560 (n=788 derivations) ===
[ 675.7s] epoch 31 step 24450 avg_loss=11.427
[ 676.8s] epoch 31 step 24500 avg_loss=7.313
[ 677.9s] epoch 31 step 24550 avg_loss=6.538
[ 679.1s] epoch 31 step 24600 avg_loss=6.528
[ 680.4s] epoch 31 step 24650 avg_loss=7.456
[ 681.6s] epoch 31 step 24700 avg_loss=7.579
[ 682.9s] epoch 31 step 24750 avg_loss=7.707
[ 684.4s] epoch 31 step 24800 avg_loss=8.202
[ 685.7s] epoch 31 step 24850 avg_loss=7.997
[ 686.9s] epoch 31 step 24900 avg_loss=7.903
[ 688.2s] epoch 31 step 24950 avg_loss=7.890
[ 689.6s] epoch 31 step 25000 avg_loss=7.804
[ 691.1s] epoch 31 step 25050 avg_loss=7.827
[ 692.7s] epoch 31 step 25100 avg_loss=7.925
[ 694.2s] epoch 31 step 25150 avg_loss=8.127
[ 695.6s] epoch 31 step 25200 avg_loss=8.194
[ 696.0s] === epoch 31 done: avg_loss=8.136 (n=788 derivations) ===
[ 696.9s] epoch 32 step 25250 avg_loss=7.441
[ 698.1s] epoch 32 step 25300 avg_loss=8.119
[ 699.3s] epoch 32 step 25350 avg_loss=7.483
[ 700.5s] epoch 32 step 25400 avg_loss=7.298
[ 702.0s] epoch 32 step 25450 avg_loss=7.048
[ 703.4s] epoch 32 step 25500 avg_loss=7.249
[ 704.7s] epoch 32 step 25550 avg_loss=7.446
[ 705.9s] epoch 32 step 25600 avg_loss=7.484
[ 707.0s] epoch 32 step 25650 avg_loss=7.314
[ 708.3s] epoch 32 step 25700 avg_loss=7.332
[ 709.4s] epoch 32 step 25750 avg_loss=7.527
[ 710.8s] epoch 32 step 25800 avg_loss=7.552
[ 712.0s] epoch 32 step 25850 avg_loss=7.531
[ 713.2s] epoch 32 step 25900 avg_loss=7.563
[ 714.7s] epoch 32 step 25950 avg_loss=7.727
[ 716.2s] epoch 32 step 26000 avg_loss=7.756
[ 716.3s] === epoch 32 done: avg_loss=7.806 (n=788 derivations) ===
[ 717.6s] epoch 33 step 26050 avg_loss=7.416
[ 718.9s] epoch 33 step 26100 avg_loss=7.134
[ 720.2s] epoch 33 step 26150 avg_loss=7.408
[ 721.6s] epoch 33 step 26200 avg_loss=8.159
[ 722.8s] epoch 33 step 26250 avg_loss=8.083
[ 724.1s] epoch 33 step 26300 avg_loss=7.757
[ 725.3s] epoch 33 step 26350 avg_loss=7.777
[ 726.6s] epoch 33 step 26400 avg_loss=7.519
[ 727.8s] epoch 33 step 26450 avg_loss=7.448
[ 729.1s] epoch 33 step 26500 avg_loss=7.481
[ 730.6s] epoch 33 step 26550 avg_loss=7.384
[ 732.1s] epoch 33 step 26600 avg_loss=7.388
[ 733.6s] epoch 33 step 26650 avg_loss=7.567
[ 735.1s] epoch 33 step 26700 avg_loss=7.560
[ 736.2s] epoch 33 step 26750 avg_loss=7.409
[ 737.2s] === epoch 33 done: avg_loss=7.413 (n=788 derivations) ===
[ 737.4s] epoch 34 step 26800 avg_loss=2.500
[ 738.6s] epoch 34 step 26850 avg_loss=6.598
[ 739.9s] epoch 34 step 26900 avg_loss=7.742
[ 741.3s] epoch 34 step 26950 avg_loss=7.932
[ 742.7s] epoch 34 step 27000 avg_loss=7.417
[ 743.9s] epoch 34 step 27050 avg_loss=7.074
[ 745.2s] epoch 34 step 27100 avg_loss=6.751
[ 746.6s] epoch 34 step 27150 avg_loss=7.105
[ 747.9s] epoch 34 step 27200 avg_loss=6.955
[ 749.2s] epoch 34 step 27250 avg_loss=7.027
[ 750.5s] epoch 34 step 27300 avg_loss=6.963
[ 751.8s] epoch 34 step 27350 avg_loss=7.023
[ 753.2s] epoch 34 step 27400 avg_loss=7.231
[ 754.5s] epoch 34 step 27450 avg_loss=7.271
[ 755.7s] epoch 34 step 27500 avg_loss=7.204
[ 756.7s] epoch 34 step 27550 avg_loss=7.017
[ 757.6s] === epoch 34 done: avg_loss=6.981 (n=788 derivations) ===
[ 758.0s] epoch 35 step 27600 avg_loss=5.239
[ 759.2s] epoch 35 step 27650 avg_loss=6.442
[ 760.4s] epoch 35 step 27700 avg_loss=6.526
[ 761.7s] epoch 35 step 27750 avg_loss=6.684
[ 762.9s] epoch 35 step 27800 avg_loss=6.024
[ 763.9s] epoch 35 step 27850 avg_loss=5.720
[ 765.3s] epoch 35 step 27900 avg_loss=6.148
[ 766.6s] epoch 35 step 27950 avg_loss=6.062
[ 768.0s] epoch 35 step 28000 avg_loss=6.550
[ 769.3s] epoch 35 step 28050 avg_loss=6.666
[ 770.6s] epoch 35 step 28100 avg_loss=6.853
[ 771.8s] epoch 35 step 28150 avg_loss=6.769
[ 773.1s] epoch 35 step 28200 avg_loss=6.657
[ 774.4s] epoch 35 step 28250 avg_loss=6.809
[ 775.5s] epoch 35 step 28300 avg_loss=6.659
[ 777.0s] epoch 35 step 28350 avg_loss=6.709
[ 777.4s] === epoch 35 done: avg_loss=6.632 (n=788 derivations) ===
[ 778.2s] epoch 36 step 28400 avg_loss=6.952
[ 779.4s] epoch 36 step 28450 avg_loss=5.961
[ 780.7s] epoch 36 step 28500 avg_loss=6.313
[ 782.1s] epoch 36 step 28550 avg_loss=6.257
[ 783.4s] epoch 36 step 28600 avg_loss=6.007
[ 784.8s] epoch 36 step 28650 avg_loss=6.297
[ 786.2s] epoch 36 step 28700 avg_loss=6.252
[ 787.6s] epoch 36 step 28750 avg_loss=6.553
[ 788.9s] epoch 36 step 28800 avg_loss=6.437
[ 790.2s] epoch 36 step 28850 avg_loss=6.511
[ 791.5s] epoch 36 step 28900 avg_loss=6.519
[ 792.9s] epoch 36 step 28950 avg_loss=6.555
[ 794.2s] epoch 36 step 29000 avg_loss=6.539
[ 795.5s] epoch 36 step 29050 avg_loss=6.525
[ 796.7s] epoch 36 step 29100 avg_loss=6.428
[ 798.0s] epoch 36 step 29150 avg_loss=6.335
[ 798.2s] === epoch 36 done: avg_loss=6.308 (n=788 derivations) ===
[ 799.3s] epoch 37 step 29200 avg_loss=5.526
[ 801.0s] epoch 37 step 29250 avg_loss=6.790
[ 802.1s] epoch 37 step 29300 avg_loss=6.481
[ 803.2s] epoch 37 step 29350 avg_loss=6.313
[ 804.6s] epoch 37 step 29400 avg_loss=6.166
[ 806.2s] epoch 37 step 29450 avg_loss=6.105
[ 807.3s] epoch 37 step 29500 avg_loss=5.775
[ 808.9s] epoch 37 step 29550 avg_loss=5.863
[ 810.2s] epoch 37 step 29600 avg_loss=5.710
[ 811.6s] epoch 37 step 29650 avg_loss=5.841
[ 812.9s] epoch 37 step 29700 avg_loss=5.922
[ 814.2s] epoch 37 step 29750 avg_loss=5.947
[ 815.5s] epoch 37 step 29800 avg_loss=5.781
[ 816.7s] epoch 37 step 29850 avg_loss=5.785
[ 817.9s] epoch 37 step 29900 avg_loss=5.822
[ 819.2s] === epoch 37 done: avg_loss=5.916 (n=788 derivations) ===
[ 819.4s] epoch 38 step 29950 avg_loss=4.865
[ 820.8s] epoch 38 step 30000 avg_loss=5.935
[ 822.2s] epoch 38 step 30050 avg_loss=6.583
[ 823.3s] epoch 38 step 30100 avg_loss=6.138
[ 824.4s] epoch 38 step 30150 avg_loss=5.794
[ 825.7s] epoch 38 step 30200 avg_loss=5.693
[ 826.9s] epoch 38 step 30250 avg_loss=5.476
[ 828.2s] epoch 38 step 30300 avg_loss=5.694
[ 829.6s] epoch 38 step 30350 avg_loss=5.721
[ 830.9s] epoch 38 step 30400 avg_loss=5.532
[ 832.2s] epoch 38 step 30450 avg_loss=5.383
[ 833.5s] epoch 38 step 30500 avg_loss=5.392
[ 834.8s] epoch 38 step 30550 avg_loss=5.429
[ 836.1s] epoch 38 step 30600 avg_loss=5.489
[ 837.2s] epoch 38 step 30650 avg_loss=5.425
[ 838.8s] epoch 38 step 30700 avg_loss=5.604
[ 839.7s] === epoch 38 done: avg_loss=5.642 (n=788 derivations) ===
[ 840.1s] epoch 39 step 30750 avg_loss=2.779
[ 841.7s] epoch 39 step 30800 avg_loss=5.083
[ 842.8s] epoch 39 step 30850 avg_loss=4.254
[ 844.1s] epoch 39 step 30900 avg_loss=4.454
[ 845.5s] epoch 39 step 30950 avg_loss=4.528
[ 846.9s] epoch 39 step 31000 avg_loss=4.974
[ 848.2s] epoch 39 step 31050 avg_loss=5.195
[ 849.5s] epoch 39 step 31100 avg_loss=5.154
[ 850.6s] epoch 39 step 31150 avg_loss=5.124
[ 851.9s] epoch 39 step 31200 avg_loss=5.289
[ 853.3s] epoch 39 step 31250 avg_loss=5.408
[ 854.4s] epoch 39 step 31300 avg_loss=5.286
[ 855.6s] epoch 39 step 31350 avg_loss=5.224
[ 856.9s] epoch 39 step 31400 avg_loss=5.204
[ 858.2s] epoch 39 step 31450 avg_loss=5.197
[ 859.4s] epoch 39 step 31500 avg_loss=5.302
[ 861.3s] eval step=1000 train_avg_loss=5.320 dev_rank1_f1=0.3203 dev_edge_p=0.2679 dev_edge_r=0.3982
[ 861.3s] === epoch 39 done: avg_loss=5.320 (n=788 derivations) ===
[ 862.0s] epoch 40 step 31550 avg_loss=3.228
[ 863.1s] epoch 40 step 31600 avg_loss=3.497
[ 864.3s] epoch 40 step 31650 avg_loss=3.620
[ 865.7s] epoch 40 step 31700 avg_loss=3.909
[ 867.1s] epoch 40 step 31750 avg_loss=3.973
[ 868.4s] epoch 40 step 31800 avg_loss=3.955
[ 869.7s] epoch 40 step 31850 avg_loss=4.385
[ 871.2s] epoch 40 step 31900 avg_loss=4.557
[ 872.5s] epoch 40 step 31950 avg_loss=4.577
[ 873.7s] epoch 40 step 32000 avg_loss=4.555
[ 874.9s] epoch 40 step 32050 avg_loss=4.689
[ 876.2s] epoch 40 step 32100 avg_loss=4.653
[ 877.6s] epoch 40 step 32150 avg_loss=4.715
[ 878.9s] epoch 40 step 32200 avg_loss=4.805
[ 880.4s] epoch 40 step 32250 avg_loss=4.927
[ 881.7s] epoch 40 step 32300 avg_loss=4.944
[ 882.0s] === epoch 40 done: avg_loss=4.935 (n=788 derivations) ===
[ 883.3s] epoch 41 step 32350 avg_loss=6.896
[ 884.7s] epoch 41 step 32400 avg_loss=5.832
[ 886.0s] epoch 41 step 32450 avg_loss=5.499
[ 887.3s] epoch 41 step 32500 avg_loss=4.885
[ 888.6s] epoch 41 step 32550 avg_loss=4.634
[ 889.9s] epoch 41 step 32600 avg_loss=4.754
[ 891.1s] epoch 41 step 32650 avg_loss=4.733
[ 892.3s] epoch 41 step 32700 avg_loss=4.663
[ 893.6s] epoch 41 step 32750 avg_loss=4.536
[ 894.9s] epoch 41 step 32800 avg_loss=4.524
[ 896.0s] epoch 41 step 32850 avg_loss=4.583
[ 897.3s] epoch 41 step 32900 avg_loss=4.632
[ 898.9s] epoch 41 step 32950 avg_loss=4.651
[ 900.2s] epoch 41 step 33000 avg_loss=4.705
[ 901.5s] epoch 41 step 33050 avg_loss=4.717
[ 902.7s] === epoch 41 done: avg_loss=4.758 (n=788 derivations) ===
[ 902.8s] epoch 42 step 33100 avg_loss=5.459
[ 904.1s] epoch 42 step 33150 avg_loss=5.875
[ 905.4s] epoch 42 step 33200 avg_loss=5.342
[ 906.7s] epoch 42 step 33250 avg_loss=4.932
[ 908.1s] epoch 42 step 33300 avg_loss=4.833
[ 909.4s] epoch 42 step 33350 avg_loss=5.058
[ 910.9s] epoch 42 step 33400 avg_loss=4.985
[ 912.3s] epoch 42 step 33450 avg_loss=4.789
[ 913.8s] epoch 42 step 33500 avg_loss=4.640
[ 915.3s] epoch 42 step 33550 avg_loss=4.666
[ 916.7s] epoch 42 step 33600 avg_loss=4.657
[ 918.2s] epoch 42 step 33650 avg_loss=4.677
[ 919.7s] epoch 42 step 33700 avg_loss=4.649
[ 921.1s] epoch 42 step 33750 avg_loss=4.602
[ 922.7s] epoch 42 step 33800 avg_loss=4.586
[ 924.0s] epoch 42 step 33850 avg_loss=4.597
[ 924.9s] === epoch 42 done: avg_loss=4.584 (n=788 derivations) ===
[ 925.2s] epoch 43 step 33900 avg_loss=2.179
[ 926.7s] epoch 43 step 33950 avg_loss=5.096
[ 928.2s] epoch 43 step 34000 avg_loss=5.995
[ 929.5s] epoch 43 step 34050 avg_loss=5.228
[ 930.9s] epoch 43 step 34100 avg_loss=5.294
[ 932.2s] epoch 43 step 34150 avg_loss=4.911
[ 933.4s] epoch 43 step 34200 avg_loss=4.692
[ 934.5s] epoch 43 step 34250 avg_loss=4.466
[ 936.1s] epoch 43 step 34300 avg_loss=4.440
[ 937.4s] epoch 43 step 34350 avg_loss=4.527
[ 938.6s] epoch 43 step 34400 avg_loss=4.377
[ 939.8s] epoch 43 step 34450 avg_loss=4.521
[ 941.2s] epoch 43 step 34500 avg_loss=4.432
[ 942.4s] epoch 43 step 34550 avg_loss=4.362
[ 943.6s] epoch 43 step 34600 avg_loss=4.370
[ 945.0s] epoch 43 step 34650 avg_loss=4.343
[ 945.5s] === epoch 43 done: avg_loss=4.334 (n=788 derivations) ===
[ 946.2s] epoch 44 step 34700 avg_loss=2.169
[ 947.5s] epoch 44 step 34750 avg_loss=4.214
[ 948.8s] epoch 44 step 34800 avg_loss=4.507
[ 950.1s] epoch 44 step 34850 avg_loss=4.052
[ 951.4s] epoch 44 step 34900 avg_loss=3.943
[ 952.6s] epoch 44 step 34950 avg_loss=3.877
[ 953.8s] epoch 44 step 35000 avg_loss=3.773
[ 954.8s] epoch 44 step 35050 avg_loss=3.665
[ 955.9s] epoch 44 step 35100 avg_loss=3.660
[ 957.3s] epoch 44 step 35150 avg_loss=3.726
[ 958.6s] epoch 44 step 35200 avg_loss=4.027
[ 959.8s] epoch 44 step 35250 avg_loss=4.114
[ 960.9s] epoch 44 step 35300 avg_loss=4.044
[ 962.3s] epoch 44 step 35350 avg_loss=3.998
[ 963.5s] epoch 44 step 35400 avg_loss=4.092
[ 965.0s] epoch 44 step 35450 avg_loss=4.111
[ 965.2s] === epoch 44 done: avg_loss=4.081 (n=788 derivations) ===
[ 966.4s] epoch 45 step 35500 avg_loss=4.369
[ 967.7s] epoch 45 step 35550 avg_loss=3.711
[ 969.1s] epoch 45 step 35600 avg_loss=3.862
[ 970.4s] epoch 45 step 35650 avg_loss=3.866
[ 971.8s] epoch 45 step 35700 avg_loss=3.683
[ 973.0s] epoch 45 step 35750 avg_loss=3.641
[ 974.3s] epoch 45 step 35800 avg_loss=3.897
[ 975.6s] epoch 45 step 35850 avg_loss=4.057
[ 976.7s] epoch 45 step 35900 avg_loss=3.866
[ 978.4s] epoch 45 step 35950 avg_loss=3.888
[ 980.0s] epoch 45 step 36000 avg_loss=3.860
[ 981.4s] epoch 45 step 36050 avg_loss=3.826
[ 982.7s] epoch 45 step 36100 avg_loss=3.882
[ 983.9s] epoch 45 step 36150 avg_loss=3.864
[ 985.3s] epoch 45 step 36200 avg_loss=3.927
[ 986.4s] === epoch 45 done: avg_loss=3.904 (n=788 derivations) ===
[ 986.5s] epoch 46 step 36250 avg_loss=4.891
[ 987.7s] epoch 46 step 36300 avg_loss=3.085
[ 989.0s] epoch 46 step 36350 avg_loss=3.209
[ 990.4s] epoch 46 step 36400 avg_loss=3.701
[ 991.6s] epoch 46 step 36450 avg_loss=3.482
[ 993.0s] epoch 46 step 36500 avg_loss=3.585
[ 994.2s] epoch 46 step 36550 avg_loss=3.348
[ 995.5s] epoch 46 step 36600 avg_loss=3.510
[ 996.9s] epoch 46 step 36650 avg_loss=3.629
[ 998.1s] epoch 46 step 36700 avg_loss=3.437
[ 999.5s] epoch 46 step 36750 avg_loss=3.360
[1001.1s] epoch 46 step 36800 avg_loss=3.464
[1002.6s] epoch 46 step 36850 avg_loss=3.565
[1004.0s] epoch 46 step 36900 avg_loss=3.547
[1005.3s] epoch 46 step 36950 avg_loss=3.556
[1006.7s] epoch 46 step 37000 avg_loss=3.608
[1007.6s] === epoch 46 done: avg_loss=3.609 (n=788 derivations) ===
[1008.0s] epoch 47 step 37050 avg_loss=4.043
[1009.6s] epoch 47 step 37100 avg_loss=4.369
[1011.1s] epoch 47 step 37150 avg_loss=4.049
[1012.2s] epoch 47 step 37200 avg_loss=3.694
[1013.6s] epoch 47 step 37250 avg_loss=3.839
[1014.8s] epoch 47 step 37300 avg_loss=3.631
[1015.9s] epoch 47 step 37350 avg_loss=3.771
[1017.1s] epoch 47 step 37400 avg_loss=3.559
[1018.4s] epoch 47 step 37450 avg_loss=3.428
[1019.6s] epoch 47 step 37500 avg_loss=3.290
[1020.7s] epoch 47 step 37550 avg_loss=3.213
[1022.0s] epoch 47 step 37600 avg_loss=3.263
[1023.4s] epoch 47 step 37650 avg_loss=3.313
[1024.8s] epoch 47 step 37700 avg_loss=3.291
[1026.3s] epoch 47 step 37750 avg_loss=3.417
[1027.7s] epoch 47 step 37800 avg_loss=3.379
[1028.6s] === epoch 47 done: avg_loss=3.443 (n=788 derivations) ===
[1029.2s] epoch 48 step 37850 avg_loss=2.396
[1030.5s] epoch 48 step 37900 avg_loss=3.960
[1031.9s] epoch 48 step 37950 avg_loss=3.866
[1033.2s] epoch 48 step 38000 avg_loss=3.773
[1034.4s] epoch 48 step 38050 avg_loss=3.512
[1035.9s] epoch 48 step 38100 avg_loss=3.609
[1037.1s] epoch 48 step 38150 avg_loss=3.311
[1038.3s] epoch 48 step 38200 avg_loss=3.274
[1039.7s] epoch 48 step 38250 avg_loss=3.112
[1041.0s] epoch 48 step 38300 avg_loss=3.075
[1042.6s] epoch 48 step 38350 avg_loss=3.069
[1044.0s] epoch 48 step 38400 avg_loss=3.054
[1045.2s] epoch 48 step 38450 avg_loss=3.043
[1046.4s] epoch 48 step 38500 avg_loss=3.031
[1047.6s] epoch 48 step 38550 avg_loss=3.085
[1049.2s] epoch 48 step 38600 avg_loss=3.234
[1049.5s] === epoch 48 done: avg_loss=3.256 (n=788 derivations) ===
[1050.3s] epoch 49 step 38650 avg_loss=2.575
[1051.6s] epoch 49 step 38700 avg_loss=2.343
[1052.9s] epoch 49 step 38750 avg_loss=2.276
[1054.2s] epoch 49 step 38800 avg_loss=2.368
[1055.5s] epoch 49 step 38850 avg_loss=2.617
[1056.8s] epoch 49 step 38900 avg_loss=2.554
[1058.0s] epoch 49 step 38950 avg_loss=2.559
[1059.3s] epoch 49 step 39000 avg_loss=2.893
[1060.6s] epoch 49 step 39050 avg_loss=3.019
[1062.0s] epoch 49 step 39100 avg_loss=3.183
[1063.2s] epoch 49 step 39150 avg_loss=3.239
[1064.4s] epoch 49 step 39200 avg_loss=3.229
[1065.6s] epoch 49 step 39250 avg_loss=3.151
[1066.9s] epoch 49 step 39300 avg_loss=3.206
[1068.1s] epoch 49 step 39350 avg_loss=3.172
[1069.3s] epoch 49 step 39400 avg_loss=3.110
[1070.5s] eval step=1250 train_avg_loss=3.110 dev_rank1_f1=0.3356 dev_edge_p=0.2864 dev_edge_r=0.4054
[1070.5s] === epoch 49 done: avg_loss=3.110 (n=788 derivations) ===
[1071.9s] epoch 50 step 39450 avg_loss=3.332
[1073.1s] epoch 50 step 39500 avg_loss=3.303
[1074.5s] epoch 50 step 39550 avg_loss=3.247
[1076.1s] epoch 50 step 39600 avg_loss=3.188
[1077.4s] epoch 50 step 39650 avg_loss=3.086
[1078.7s] epoch 50 step 39700 avg_loss=3.171
[1079.9s] epoch 50 step 39750 avg_loss=3.067
[1081.2s] epoch 50 step 39800 avg_loss=2.944
[1082.4s] epoch 50 step 39850 avg_loss=2.953
[1083.4s] epoch 50 step 39900 avg_loss=2.904
[1084.6s] epoch 50 step 39950 avg_loss=2.931
[1085.9s] epoch 50 step 40000 avg_loss=2.915
[1087.1s] epoch 50 step 40050 avg_loss=2.958
[1088.5s] epoch 50 step 40100 avg_loss=2.990
[1089.6s] epoch 50 step 40150 avg_loss=2.939
[1090.5s] === epoch 50 done: avg_loss=2.960 (n=788 derivations) ===
[1090.7s] epoch 51 step 40200 avg_loss=1.158
[1091.7s] epoch 51 step 40250 avg_loss=2.174
[1093.1s] epoch 51 step 40300 avg_loss=2.374
[1094.5s] epoch 51 step 40350 avg_loss=2.734
[1095.7s] epoch 51 step 40400 avg_loss=2.511
[1097.1s] epoch 51 step 40450 avg_loss=2.509
[1098.2s] epoch 51 step 40500 avg_loss=2.609
[1099.4s] epoch 51 step 40550 avg_loss=2.599
[1100.7s] epoch 51 step 40600 avg_loss=2.553
[1102.0s] epoch 51 step 40650 avg_loss=2.717
[1103.2s] epoch 51 step 40700 avg_loss=2.808
[1104.5s] epoch 51 step 40750 avg_loss=2.708
[1105.9s] epoch 51 step 40800 avg_loss=2.749
[1107.4s] epoch 51 step 40850 avg_loss=2.815
[1108.8s] epoch 51 step 40900 avg_loss=2.816
[1110.2s] epoch 51 step 40950 avg_loss=2.818
[1110.8s] === epoch 51 done: avg_loss=2.812 (n=788 derivations) ===
[1111.4s] epoch 52 step 41000 avg_loss=1.798
[1113.0s] epoch 52 step 41050 avg_loss=2.525
[1114.3s] epoch 52 step 41100 avg_loss=2.583
[1115.6s] epoch 52 step 41150 avg_loss=2.618
[1116.9s] epoch 52 step 41200 avg_loss=2.449
[1118.4s] epoch 52 step 41250 avg_loss=2.705
[1119.6s] epoch 52 step 41300 avg_loss=2.662
[1121.0s] epoch 52 step 41350 avg_loss=2.652
[1122.3s] epoch 52 step 41400 avg_loss=2.530
[1123.5s] epoch 52 step 41450 avg_loss=2.506
[1125.0s] epoch 52 step 41500 avg_loss=2.482
[1126.5s] epoch 52 step 41550 avg_loss=2.563
[1127.8s] epoch 52 step 41600 avg_loss=2.615
[1129.1s] epoch 52 step 41650 avg_loss=2.671
[1130.6s] epoch 52 step 41700 avg_loss=2.646
[1132.0s] epoch 52 step 41750 avg_loss=2.664
[1132.4s] === epoch 52 done: avg_loss=2.647 (n=788 derivations) ===
[1133.3s] epoch 53 step 41800 avg_loss=2.105
[1134.5s] epoch 53 step 41850 avg_loss=2.494
[1135.7s] epoch 53 step 41900 avg_loss=2.321
[1137.0s] epoch 53 step 41950 avg_loss=2.269
[1138.0s] epoch 53 step 42000 avg_loss=2.178
[1139.3s] epoch 53 step 42050 avg_loss=2.137
[1140.7s] epoch 53 step 42100 avg_loss=2.351
[1142.1s] epoch 53 step 42150 avg_loss=2.412
[1143.1s] epoch 53 step 42200 avg_loss=2.352
[1144.4s] epoch 53 step 42250 avg_loss=2.341
[1145.7s] epoch 53 step 42300 avg_loss=2.403
[1147.1s] epoch 53 step 42350 avg_loss=2.431
[1148.3s] epoch 53 step 42400 avg_loss=2.405
[1149.8s] epoch 53 step 42450 avg_loss=2.442
[1151.4s] epoch 53 step 42500 avg_loss=2.491
[1152.7s] epoch 53 step 42550 avg_loss=2.448
[1152.7s] === epoch 53 done: avg_loss=2.443 (n=788 derivations) ===
[1153.9s] epoch 54 step 42600 avg_loss=2.327
[1155.2s] epoch 54 step 42650 avg_loss=2.546
[1156.6s] epoch 54 step 42700 avg_loss=2.475
[1157.8s] epoch 54 step 42750 avg_loss=2.319
[1158.9s] epoch 54 step 42800 avg_loss=2.438
[1160.4s] epoch 54 step 42850 avg_loss=2.444
[1161.7s] epoch 54 step 42900 avg_loss=2.322
[1163.3s] epoch 54 step 42950 avg_loss=2.394
[1164.6s] epoch 54 step 43000 avg_loss=2.367
[1165.8s] epoch 54 step 43050 avg_loss=2.303
[1167.0s] epoch 54 step 43100 avg_loss=2.298
[1168.3s] epoch 54 step 43150 avg_loss=2.303
[1169.6s] epoch 54 step 43200 avg_loss=2.399
[1171.0s] epoch 54 step 43250 avg_loss=2.363
[1172.3s] epoch 54 step 43300 avg_loss=2.373
[1173.4s] === epoch 54 done: avg_loss=2.383 (n=788 derivations) ===
[1173.7s] epoch 55 step 43350 avg_loss=1.085
[1175.1s] epoch 55 step 43400 avg_loss=2.320
[1176.5s] epoch 55 step 43450 avg_loss=2.308
[1177.8s] epoch 55 step 43500 avg_loss=2.102
[1179.0s] epoch 55 step 43550 avg_loss=2.245
[1180.1s] epoch 55 step 43600 avg_loss=2.293
[1181.4s] epoch 55 step 43650 avg_loss=2.206
[1182.8s] epoch 55 step 43700 avg_loss=2.264
[1184.0s] epoch 55 step 43750 avg_loss=2.181
[1185.2s] epoch 55 step 43800 avg_loss=2.088
[1186.3s] epoch 55 step 43850 avg_loss=2.124
[1187.7s] epoch 55 step 43900 avg_loss=2.380
[1188.8s] epoch 55 step 43950 avg_loss=2.307
[1189.9s] epoch 55 step 44000 avg_loss=2.292
[1191.2s] epoch 55 step 44050 avg_loss=2.258
[1192.4s] epoch 55 step 44100 avg_loss=2.263
[1193.0s] === epoch 55 done: avg_loss=2.254 (n=788 derivations) ===
[1193.6s] epoch 56 step 44150 avg_loss=2.590
[1194.9s] epoch 56 step 44200 avg_loss=2.389
[1196.3s] epoch 56 step 44250 avg_loss=2.274
[1197.5s] epoch 56 step 44300 avg_loss=2.308
[1198.7s] epoch 56 step 44350 avg_loss=2.154
[1199.8s] epoch 56 step 44400 avg_loss=2.019
[1200.9s] epoch 56 step 44450 avg_loss=1.935
[1202.3s] epoch 56 step 44500 avg_loss=1.974
[1203.7s] epoch 56 step 44550 avg_loss=1.929
[1205.0s] epoch 56 step 44600 avg_loss=1.872
[1206.3s] epoch 56 step 44650 avg_loss=2.010
[1207.7s] epoch 56 step 44700 avg_loss=2.069
[1209.0s] epoch 56 step 44750 avg_loss=2.105
[1210.0s] epoch 56 step 44800 avg_loss=2.087
[1211.4s] epoch 56 step 44850 avg_loss=2.177
[1212.6s] epoch 56 step 44900 avg_loss=2.218
[1213.0s] === epoch 56 done: avg_loss=2.210 (n=788 derivations) ===
[1214.0s] epoch 57 step 44950 avg_loss=2.094
[1215.1s] epoch 57 step 45000 avg_loss=1.898
[1216.4s] epoch 57 step 45050 avg_loss=1.857
[1217.5s] epoch 57 step 45100 avg_loss=1.875
[1218.7s] epoch 57 step 45150 avg_loss=1.790
[1220.2s] epoch 57 step 45200 avg_loss=2.023
[1221.9s] epoch 57 step 45250 avg_loss=2.025
[1223.1s] epoch 57 step 45300 avg_loss=1.971
[1224.4s] epoch 57 step 45350 avg_loss=1.887
[1225.4s] epoch 57 step 45400 avg_loss=1.873
[1226.7s] epoch 57 step 45450 avg_loss=1.916
[1227.9s] epoch 57 step 45500 avg_loss=1.933
[1229.0s] epoch 57 step 45550 avg_loss=1.919
[1230.4s] epoch 57 step 45600 avg_loss=1.933
[1231.7s] epoch 57 step 45650 avg_loss=1.980
[1233.2s] epoch 57 step 45700 avg_loss=2.022
[1233.3s] === epoch 57 done: avg_loss=2.021 (n=788 derivations) ===
[1234.3s] epoch 58 step 45750 avg_loss=0.765
[1235.7s] epoch 58 step 45800 avg_loss=1.456
[1237.1s] epoch 58 step 45850 avg_loss=1.646
[1238.4s] epoch 58 step 45900 avg_loss=1.549
[1240.1s] epoch 58 step 45950 avg_loss=1.921
[1241.3s] epoch 58 step 46000 avg_loss=1.958
[1242.8s] epoch 58 step 46050 avg_loss=2.050
[1244.0s] epoch 58 step 46100 avg_loss=1.967
[1245.5s] epoch 58 step 46150 avg_loss=2.108
[1246.9s] epoch 58 step 46200 avg_loss=2.087
[1248.2s] epoch 58 step 46250 avg_loss=2.092
[1249.6s] epoch 58 step 46300 avg_loss=2.092
[1250.8s] epoch 58 step 46350 avg_loss=2.037
[1252.3s] epoch 58 step 46400 avg_loss=2.043
[1253.6s] epoch 58 step 46450 avg_loss=2.036
[1254.7s] === epoch 58 done: avg_loss=2.052 (n=788 derivations) ===
[1254.8s] epoch 59 step 46500 avg_loss=0.910
[1256.0s] epoch 59 step 46550 avg_loss=1.801
[1257.2s] epoch 59 step 46600 avg_loss=1.724
[1258.4s] epoch 59 step 46650 avg_loss=1.700
[1259.6s] epoch 59 step 46700 avg_loss=1.878
[1260.9s] epoch 59 step 46750 avg_loss=1.887
[1262.2s] epoch 59 step 46800 avg_loss=1.871
[1263.4s] epoch 59 step 46850 avg_loss=1.828
[1264.6s] epoch 59 step 46900 avg_loss=1.911
[1266.0s] epoch 59 step 46950 avg_loss=1.931
[1267.4s] epoch 59 step 47000 avg_loss=1.923
[1268.5s] epoch 59 step 47050 avg_loss=1.912
[1269.7s] epoch 59 step 47100 avg_loss=1.882
[1271.0s] epoch 59 step 47150 avg_loss=1.854
[1272.4s] epoch 59 step 47200 avg_loss=1.802
[1273.8s] epoch 59 step 47250 avg_loss=1.846
[1276.3s] eval step=1500 train_avg_loss=1.946 dev_rank1_f1=0.3340 dev_edge_p=0.2870 dev_edge_r=0.3994
[1276.3s] === epoch 59 done: avg_loss=1.946 (n=788 derivations) ===
[1276.7s] epoch 60 step 47300 avg_loss=1.377
[1278.0s] epoch 60 step 47350 avg_loss=1.387
[1279.4s] epoch 60 step 47400 avg_loss=1.311
[1281.1s] epoch 60 step 47450 avg_loss=1.720
[1282.3s] epoch 60 step 47500 avg_loss=1.652
[1283.6s] epoch 60 step 47550 avg_loss=1.875
[1285.0s] epoch 60 step 47600 avg_loss=1.791
[1286.1s] epoch 60 step 47650 avg_loss=1.761
[1287.5s] epoch 60 step 47700 avg_loss=1.758
[1288.9s] epoch 60 step 47750 avg_loss=1.802
[1290.1s] epoch 60 step 47800 avg_loss=1.726
[1291.4s] epoch 60 step 47850 avg_loss=1.713
[1292.7s] epoch 60 step 47900 avg_loss=1.676
[1293.9s] epoch 60 step 47950 avg_loss=1.722
[1295.3s] epoch 60 step 48000 avg_loss=1.805
[1296.7s] epoch 60 step 48050 avg_loss=1.818
[1297.1s] === epoch 60 done: avg_loss=1.793 (n=788 derivations) ===
[1298.0s] epoch 61 step 48100 avg_loss=2.253
[1299.4s] epoch 61 step 48150 avg_loss=1.965
[1300.9s] epoch 61 step 48200 avg_loss=1.747
[1302.4s] epoch 61 step 48250 avg_loss=1.792
[1303.9s] epoch 61 step 48300 avg_loss=1.706
[1305.3s] epoch 61 step 48350 avg_loss=1.719
[1306.6s] epoch 61 step 48400 avg_loss=1.772
[1307.8s] epoch 61 step 48450 avg_loss=1.661
[1308.9s] epoch 61 step 48500 avg_loss=1.620
[1310.2s] epoch 61 step 48550 avg_loss=1.550
[1311.4s] epoch 61 step 48600 avg_loss=1.551
[1312.7s] epoch 61 step 48650 avg_loss=1.611
[1314.0s] epoch 61 step 48700 avg_loss=1.613
[1315.3s] epoch 61 step 48750 avg_loss=1.600
[1316.6s] epoch 61 step 48800 avg_loss=1.640
[1317.9s] epoch 61 step 48850 avg_loss=1.679
[1318.0s] === epoch 61 done: avg_loss=1.672 (n=788 derivations) ===
[1319.0s] epoch 62 step 48900 avg_loss=1.492
[1320.1s] epoch 62 step 48950 avg_loss=1.421
[1321.2s] epoch 62 step 49000 avg_loss=1.606
[1322.5s] epoch 62 step 49050 avg_loss=1.787
[1323.8s] epoch 62 step 49100 avg_loss=1.922
[1325.1s] epoch 62 step 49150 avg_loss=1.737
[1326.4s] epoch 62 step 49200 avg_loss=1.632
[1327.7s] epoch 62 step 49250 avg_loss=1.684
[1329.3s] epoch 62 step 49300 avg_loss=1.679
[1330.7s] epoch 62 step 49350 avg_loss=1.796
[1332.3s] epoch 62 step 49400 avg_loss=1.839
[1333.6s] epoch 62 step 49450 avg_loss=1.769
[1335.1s] epoch 62 step 49500 avg_loss=1.755
[1336.5s] epoch 62 step 49550 avg_loss=1.778
[1337.9s] epoch 62 step 49600 avg_loss=1.733
[1339.2s] === epoch 62 done: avg_loss=1.708 (n=788 derivations) ===
[1339.4s] epoch 63 step 49650 avg_loss=0.511
[1340.8s] epoch 63 step 49700 avg_loss=1.901
[1342.0s] epoch 63 step 49750 avg_loss=1.427
[1343.4s] epoch 63 step 49800 avg_loss=1.300
[1344.7s] epoch 63 step 49850 avg_loss=1.402
[1346.0s] epoch 63 step 49900 avg_loss=1.339
[1347.1s] epoch 63 step 49950 avg_loss=1.241
[1348.5s] epoch 63 step 50000 avg_loss=1.357
[1349.9s] epoch 63 step 50050 avg_loss=1.456
[1351.2s] epoch 63 step 50100 avg_loss=1.487
[1352.2s] epoch 63 step 50150 avg_loss=1.391
[1353.5s] epoch 63 step 50200 avg_loss=1.359
[1354.9s] epoch 63 step 50250 avg_loss=1.418
[1356.2s] epoch 63 step 50300 avg_loss=1.387
[1357.7s] epoch 63 step 50350 avg_loss=1.405
[1359.0s] epoch 63 step 50400 avg_loss=1.443
[1359.7s] === epoch 63 done: avg_loss=1.449 (n=788 derivations) ===
[1360.2s] epoch 64 step 50450 avg_loss=1.975
[1361.6s] epoch 64 step 50500 avg_loss=1.878
[1363.0s] epoch 64 step 50550 avg_loss=1.816
[1364.2s] epoch 64 step 50600 avg_loss=1.593
[1365.2s] epoch 64 step 50650 avg_loss=1.524
[1366.5s] epoch 64 step 50700 avg_loss=1.485
[1367.7s] epoch 64 step 50750 avg_loss=1.393
[1369.0s] epoch 64 step 50800 avg_loss=1.406
[1370.2s] epoch 64 step 50850 avg_loss=1.378
[1371.4s] epoch 64 step 50900 avg_loss=1.334
[1372.5s] epoch 64 step 50950 avg_loss=1.352
[1373.6s] epoch 64 step 51000 avg_loss=1.341
[1374.9s] epoch 64 step 51050 avg_loss=1.329
[1376.1s] epoch 64 step 51100 avg_loss=1.295
[1377.6s] epoch 64 step 51150 avg_loss=1.294
[1379.0s] epoch 64 step 51200 avg_loss=1.345
[1379.6s] === epoch 64 done: avg_loss=1.348 (n=788 derivations) ===
[1380.5s] epoch 65 step 51250 avg_loss=1.697
[1381.8s] epoch 65 step 51300 avg_loss=1.384
[1383.2s] epoch 65 step 51350 avg_loss=1.234
[1384.3s] epoch 65 step 51400 avg_loss=1.132
[1385.5s] epoch 65 step 51450 avg_loss=1.052
[1386.8s] epoch 65 step 51500 avg_loss=1.107
[1387.9s] epoch 65 step 51550 avg_loss=1.133
[1389.0s] epoch 65 step 51600 avg_loss=1.118
[1390.2s] epoch 65 step 51650 avg_loss=1.091
[1391.6s] epoch 65 step 51700 avg_loss=1.158
[1392.9s] epoch 65 step 51750 avg_loss=1.162
[1394.4s] epoch 65 step 51800 avg_loss=1.193
[1395.5s] epoch 65 step 51850 avg_loss=1.261
[1396.8s] epoch 65 step 51900 avg_loss=1.298
[1398.0s] epoch 65 step 51950 avg_loss=1.334
[1399.3s] epoch 65 step 52000 avg_loss=1.323
[1399.5s] === epoch 65 done: avg_loss=1.335 (n=788 derivations) ===
[1400.8s] epoch 66 step 52050 avg_loss=2.238
[1402.0s] epoch 66 step 52100 avg_loss=1.499
[1403.3s] epoch 66 step 52150 avg_loss=1.526
[1404.6s] epoch 66 step 52200 avg_loss=1.426
[1405.8s] epoch 66 step 52250 avg_loss=1.346
[1407.1s] epoch 66 step 52300 avg_loss=1.363
[1408.2s] epoch 66 step 52350 avg_loss=1.353
[1409.5s] epoch 66 step 52400 avg_loss=1.411
[1410.8s] epoch 66 step 52450 avg_loss=1.331
[1412.1s] epoch 66 step 52500 avg_loss=1.323
[1413.3s] epoch 66 step 52550 avg_loss=1.270
[1414.8s] epoch 66 step 52600 avg_loss=1.269
[1415.9s] epoch 66 step 52650 avg_loss=1.222
[1417.3s] epoch 66 step 52700 avg_loss=1.293
[1418.5s] epoch 66 step 52750 avg_loss=1.248
[1419.8s] === epoch 66 done: avg_loss=1.263 (n=788 derivations) ===
[1419.9s] epoch 67 step 52800 avg_loss=0.749
[1421.2s] epoch 67 step 52850 avg_loss=0.750
[1422.4s] epoch 67 step 52900 avg_loss=1.005
[1423.8s] epoch 67 step 52950 avg_loss=1.339
[1425.0s] epoch 67 step 53000 avg_loss=1.261
[1426.3s] epoch 67 step 53050 avg_loss=1.312
[1427.4s] epoch 67 step 53100 avg_loss=1.358
[1428.8s] epoch 67 step 53150 avg_loss=1.298
[1430.1s] epoch 67 step 53200 avg_loss=1.309
[1431.4s] epoch 67 step 53250 avg_loss=1.268
[1432.5s] epoch 67 step 53300 avg_loss=1.298
[1433.9s] epoch 67 step 53350 avg_loss=1.291
[1435.2s] epoch 67 step 53400 avg_loss=1.353
[1436.6s] epoch 67 step 53450 avg_loss=1.352
[1437.8s] epoch 67 step 53500 avg_loss=1.336
[1439.1s] epoch 67 step 53550 avg_loss=1.343
[1439.9s] === epoch 67 done: avg_loss=1.326 (n=788 derivations) ===
[1440.3s] epoch 68 step 53600 avg_loss=2.185
[1441.5s] epoch 68 step 53650 avg_loss=1.133
[1442.8s] epoch 68 step 53700 avg_loss=1.280
[1444.1s] epoch 68 step 53750 avg_loss=1.246
[1445.3s] epoch 68 step 53800 avg_loss=1.299
[1446.5s] epoch 68 step 53850 avg_loss=1.334
[1447.6s] epoch 68 step 53900 avg_loss=1.248
[1449.0s] epoch 68 step 53950 avg_loss=1.278
[1450.2s] epoch 68 step 54000 avg_loss=1.219
[1451.6s] epoch 68 step 54050 avg_loss=1.298
[1452.8s] epoch 68 step 54100 avg_loss=1.308
[1454.1s] epoch 68 step 54150 avg_loss=1.263
[1455.2s] epoch 68 step 54200 avg_loss=1.211
[1456.4s] epoch 68 step 54250 avg_loss=1.185
[1457.7s] epoch 68 step 54300 avg_loss=1.180
[1459.0s] epoch 68 step 54350 avg_loss=1.189
[1459.7s] === epoch 68 done: avg_loss=1.230 (n=788 derivations) ===
[1460.4s] epoch 69 step 54400 avg_loss=0.459
[1461.5s] epoch 69 step 54450 avg_loss=0.387
[1462.7s] epoch 69 step 54500 avg_loss=0.961
[1464.0s] epoch 69 step 54550 avg_loss=1.129
[1465.3s] epoch 69 step 54600 avg_loss=1.129
[1466.7s] epoch 69 step 54650 avg_loss=1.115
[1467.9s] epoch 69 step 54700 avg_loss=1.070
[1469.2s] epoch 69 step 54750 avg_loss=1.059
[1470.5s] epoch 69 step 54800 avg_loss=1.112
[1471.7s] epoch 69 step 54850 avg_loss=1.094
[1472.8s] epoch 69 step 54900 avg_loss=1.048
[1474.1s] epoch 69 step 54950 avg_loss=1.057
[1475.4s] epoch 69 step 55000 avg_loss=1.103
[1476.6s] epoch 69 step 55050 avg_loss=1.130
[1478.0s] epoch 69 step 55100 avg_loss=1.115
[1479.3s] epoch 69 step 55150 avg_loss=1.093
[1480.8s] eval step=1750 train_avg_loss=1.087 dev_rank1_f1=0.3274 dev_edge_p=0.2775 dev_edge_r=0.3991
[1480.8s] === epoch 69 done: avg_loss=1.087 (n=788 derivations) ===
[1481.6s] epoch 70 step 55200 avg_loss=1.971
[1482.8s] epoch 70 step 55250 avg_loss=1.531
[1484.0s] epoch 70 step 55300 avg_loss=1.199
[1485.4s] epoch 70 step 55350 avg_loss=1.247
[1486.7s] epoch 70 step 55400 avg_loss=1.138
[1488.3s] epoch 70 step 55450 avg_loss=1.182
[1489.5s] epoch 70 step 55500 avg_loss=1.231
[1491.0s] epoch 70 step 55550 avg_loss=1.147
[1492.3s] epoch 70 step 55600 avg_loss=1.176
[1493.8s] epoch 70 step 55650 avg_loss=1.210
[1495.2s] epoch 70 step 55700 avg_loss=1.170
[1496.8s] epoch 70 step 55750 avg_loss=1.150
[1498.1s] epoch 70 step 55800 avg_loss=1.113
[1499.2s] epoch 70 step 55850 avg_loss=1.071
[1500.5s] epoch 70 step 55900 avg_loss=1.063
[1501.7s] === epoch 70 done: avg_loss=1.069 (n=788 derivations) ===
[1501.8s] epoch 71 step 55950 avg_loss=0.757
[1503.1s] epoch 71 step 56000 avg_loss=2.139
[1504.5s] epoch 71 step 56050 avg_loss=1.586
[1505.9s] epoch 71 step 56100 avg_loss=1.413
[1507.0s] epoch 71 step 56150 avg_loss=1.236
[1508.3s] epoch 71 step 56200 avg_loss=1.138
[1509.6s] epoch 71 step 56250 avg_loss=1.055
[1510.7s] epoch 71 step 56300 avg_loss=0.966
[1511.9s] epoch 71 step 56350 avg_loss=0.959
[1513.2s] epoch 71 step 56400 avg_loss=0.949
[1514.5s] epoch 71 step 56450 avg_loss=0.942
[1515.9s] epoch 71 step 56500 avg_loss=1.000
[1517.2s] epoch 71 step 56550 avg_loss=0.982
[1518.6s] epoch 71 step 56600 avg_loss=1.008
[1520.1s] epoch 71 step 56650 avg_loss=0.994
[1521.7s] epoch 71 step 56700 avg_loss=1.028
[1522.5s] === epoch 71 done: avg_loss=1.030 (n=788 derivations) ===
[1522.9s] epoch 72 step 56750 avg_loss=0.596
[1524.1s] epoch 72 step 56800 avg_loss=0.826
[1525.6s] epoch 72 step 56850 avg_loss=0.964
[1527.1s] epoch 72 step 56900 avg_loss=1.109
[1528.5s] epoch 72 step 56950 avg_loss=0.990
[1529.7s] epoch 72 step 57000 avg_loss=1.003
[1530.8s] epoch 72 step 57050 avg_loss=0.888
[1532.1s] epoch 72 step 57100 avg_loss=0.905
[1533.4s] epoch 72 step 57150 avg_loss=0.986
[1534.7s] epoch 72 step 57200 avg_loss=1.042
[1536.0s] epoch 72 step 57250 avg_loss=1.027
[1537.4s] epoch 72 step 57300 avg_loss=1.009
[1538.6s] epoch 72 step 57350 avg_loss=0.973
[1539.8s] epoch 72 step 57400 avg_loss=0.989
[1541.3s] epoch 72 step 57450 avg_loss=0.978
[1542.6s] epoch 72 step 57500 avg_loss=0.965
[1543.2s] === epoch 72 done: avg_loss=0.993 (n=788 derivations) ===
[1543.9s] epoch 73 step 57550 avg_loss=0.701
[1545.2s] epoch 73 step 57600 avg_loss=0.748
[1546.4s] epoch 73 step 57650 avg_loss=0.662
[1547.8s] epoch 73 step 57700 avg_loss=0.745
[1549.1s] epoch 73 step 57750 avg_loss=0.684
[1550.4s] epoch 73 step 57800 avg_loss=0.716
[1551.7s] epoch 73 step 57850 avg_loss=0.750
[1553.2s] epoch 73 step 57900 avg_loss=0.794
[1554.6s] epoch 73 step 57950 avg_loss=0.800
[1555.8s] epoch 73 step 58000 avg_loss=0.789
[1557.3s] epoch 73 step 58050 avg_loss=0.806
[1558.9s] epoch 73 step 58100 avg_loss=0.860
[1560.3s] epoch 73 step 58150 avg_loss=0.857
[1561.5s] epoch 73 step 58200 avg_loss=0.851
[1562.9s] epoch 73 step 58250 avg_loss=0.882
[1564.4s] epoch 73 step 58300 avg_loss=0.870
[1564.6s] === epoch 73 done: avg_loss=0.861 (n=788 derivations) ===
[1565.4s] epoch 74 step 58350 avg_loss=0.717
[1566.9s] epoch 74 step 58400 avg_loss=1.022
[1568.3s] epoch 74 step 58450 avg_loss=1.049
[1569.8s] epoch 74 step 58500 avg_loss=1.040
[1571.0s] epoch 74 step 58550 avg_loss=0.910
[1572.3s] epoch 74 step 58600 avg_loss=0.816
[1573.5s] epoch 74 step 58650 avg_loss=0.826
[1574.9s] epoch 74 step 58700 avg_loss=0.902
[1576.3s] epoch 74 step 58750 avg_loss=0.890
[1577.8s] epoch 74 step 58800 avg_loss=0.920
[1579.5s] epoch 74 step 58850 avg_loss=0.926
[1581.0s] epoch 74 step 58900 avg_loss=0.892
[1582.3s] epoch 74 step 58950 avg_loss=0.919
[1583.5s] epoch 74 step 59000 avg_loss=0.902
[1584.6s] epoch 74 step 59050 avg_loss=0.893
[1585.8s] epoch 74 step 59100 avg_loss=0.902
[1585.8s] === epoch 74 done: avg_loss=0.902 (n=788 derivations) ===
[1587.1s] epoch 75 step 59150 avg_loss=1.320
[1588.4s] epoch 75 step 59200 avg_loss=0.944
[1589.6s] epoch 75 step 59250 avg_loss=0.872
[1591.0s] epoch 75 step 59300 avg_loss=0.851
[1592.4s] epoch 75 step 59350 avg_loss=0.855
[1593.7s] epoch 75 step 59400 avg_loss=0.849
[1595.1s] epoch 75 step 59450 avg_loss=0.809
[1596.5s] epoch 75 step 59500 avg_loss=0.803
[1597.7s] epoch 75 step 59550 avg_loss=0.797
[1598.7s] epoch 75 step 59600 avg_loss=0.764
[1600.1s] epoch 75 step 59650 avg_loss=0.809
[1601.3s] epoch 75 step 59700 avg_loss=0.822
[1602.6s] epoch 75 step 59750 avg_loss=0.795
[1604.1s] epoch 75 step 59800 avg_loss=0.816
[1605.4s] epoch 75 step 59850 avg_loss=0.799
[1606.5s] === epoch 75 done: avg_loss=0.805 (n=788 derivations) ===
[1606.8s] epoch 76 step 59900 avg_loss=0.373
[1608.0s] epoch 76 step 59950 avg_loss=0.314
[1609.7s] epoch 76 step 60000 avg_loss=0.579
[1611.0s] epoch 76 step 60050 avg_loss=0.539
[1612.5s] epoch 76 step 60100 avg_loss=0.624
[1613.6s] epoch 76 step 60150 avg_loss=0.728
[1615.0s] epoch 76 step 60200 avg_loss=0.724
[1616.3s] epoch 76 step 60250 avg_loss=0.796
[1617.3s] epoch 76 step 60300 avg_loss=0.797
[1618.6s] epoch 76 step 60350 avg_loss=0.843
[1620.0s] epoch 76 step 60400 avg_loss=0.863
[1621.1s] epoch 76 step 60450 avg_loss=0.838
[1622.3s] epoch 76 step 60500 avg_loss=0.809
[1623.7s] epoch 76 step 60550 avg_loss=0.781
[1624.9s] epoch 76 step 60600 avg_loss=0.788
[1626.0s] epoch 76 step 60650 avg_loss=0.774
[1626.6s] === epoch 76 done: avg_loss=0.767 (n=788 derivations) ===
[1627.1s] epoch 77 step 60700 avg_loss=0.271
[1628.5s] epoch 77 step 60750 avg_loss=0.459
[1630.0s] epoch 77 step 60800 avg_loss=0.543
[1631.5s] epoch 77 step 60850 avg_loss=0.562
[1633.0s] epoch 77 step 60900 avg_loss=0.538
[1634.3s] epoch 77 step 60950 avg_loss=0.624
[1635.6s] epoch 77 step 61000 avg_loss=0.670
[1637.0s] epoch 77 step 61050 avg_loss=0.672
[1638.3s] epoch 77 step 61100 avg_loss=0.647
[1639.9s] epoch 77 step 61150 avg_loss=0.697
[1641.0s] epoch 77 step 61200 avg_loss=0.659
[1642.3s] epoch 77 step 61250 avg_loss=0.637
[1643.5s] epoch 77 step 61300 avg_loss=0.642
[1644.8s] epoch 77 step 61350 avg_loss=0.663
[1646.2s] epoch 77 step 61400 avg_loss=0.738
[1647.4s] epoch 77 step 61450 avg_loss=0.723
[1647.7s] === epoch 77 done: avg_loss=0.728 (n=788 derivations) ===
[1648.7s] epoch 78 step 61500 avg_loss=0.438
[1650.0s] epoch 78 step 61550 avg_loss=0.505
[1651.5s] epoch 78 step 61600 avg_loss=0.697
[1653.2s] epoch 78 step 61650 avg_loss=0.949
[1654.5s] epoch 78 step 61700 avg_loss=0.912
[1655.9s] epoch 78 step 61750 avg_loss=0.848
[1657.4s] epoch 78 step 61800 avg_loss=0.813
[1658.8s] epoch 78 step 61850 avg_loss=0.833
[1660.2s] epoch 78 step 61900 avg_loss=0.819
[1661.6s] epoch 78 step 61950 avg_loss=0.782
[1662.8s] epoch 78 step 62000 avg_loss=0.784
[1663.9s] epoch 78 step 62050 avg_loss=0.749
[1665.1s] epoch 78 step 62100 avg_loss=0.734
[1666.5s] epoch 78 step 62150 avg_loss=0.713
[1667.8s] epoch 78 step 62200 avg_loss=0.692
[1669.3s] epoch 78 step 62250 avg_loss=0.733
[1669.4s] === epoch 78 done: avg_loss=0.734 (n=788 derivations) ===
[1670.6s] epoch 79 step 62300 avg_loss=0.548
[1671.9s] epoch 79 step 62350 avg_loss=0.519
[1673.2s] epoch 79 step 62400 avg_loss=0.537
[1674.4s] epoch 79 step 62450 avg_loss=0.600
[1676.1s] epoch 79 step 62500 avg_loss=0.678
[1677.5s] epoch 79 step 62550 avg_loss=0.804
[1679.0s] epoch 79 step 62600 avg_loss=0.815
[1680.2s] epoch 79 step 62650 avg_loss=0.768
[1681.8s] epoch 79 step 62700 avg_loss=0.743
[1683.0s] epoch 79 step 62750 avg_loss=0.725
[1684.3s] epoch 79 step 62800 avg_loss=0.723
[1685.6s] epoch 79 step 62850 avg_loss=0.709
[1687.0s] epoch 79 step 62900 avg_loss=0.722
[1688.6s] epoch 79 step 62950 avg_loss=0.777
[1690.0s] epoch 79 step 63000 avg_loss=0.754
[1692.4s] eval step=2000 train_avg_loss=0.754 dev_rank1_f1=0.3246 dev_edge_p=0.2747 dev_edge_r=0.3966
[1692.4s] === epoch 79 done: avg_loss=0.754 (n=788 derivations) ===
[1692.6s] epoch 80 step 63050 avg_loss=0.512
[1693.9s] epoch 80 step 63100 avg_loss=0.604
[1695.3s] epoch 80 step 63150 avg_loss=0.612
[1696.5s] epoch 80 step 63200 avg_loss=0.660
[1697.8s] epoch 80 step 63250 avg_loss=0.767
[1699.2s] epoch 80 step 63300 avg_loss=0.807
[1700.6s] epoch 80 step 63350 avg_loss=0.737
[1701.9s] epoch 80 step 63400 avg_loss=0.700
[1703.2s] epoch 80 step 63450 avg_loss=0.693
[1704.7s] epoch 80 step 63500 avg_loss=0.769
[1706.3s] epoch 80 step 63550 avg_loss=0.757
[1707.6s] epoch 80 step 63600 avg_loss=0.763
[1709.1s] epoch 80 step 63650 avg_loss=0.726
[1710.6s] epoch 80 step 63700 avg_loss=0.709
[1712.2s] epoch 80 step 63750 avg_loss=0.695
[1713.5s] epoch 80 step 63800 avg_loss=0.694
[1714.2s] === epoch 80 done: avg_loss=0.707 (n=788 derivations) ===
[1714.8s] epoch 81 step 63850 avg_loss=0.261
[1716.1s] epoch 81 step 63900 avg_loss=0.338
[1717.2s] epoch 81 step 63950 avg_loss=0.520
[1718.5s] epoch 81 step 64000 avg_loss=0.606
[1719.6s] epoch 81 step 64050 avg_loss=0.599
[1720.9s] epoch 81 step 64100 avg_loss=0.540
[1722.5s] epoch 81 step 64150 avg_loss=0.550
[1723.8s] epoch 81 step 64200 avg_loss=0.617
[1725.2s] epoch 81 step 64250 avg_loss=0.621
[1726.4s] epoch 81 step 64300 avg_loss=0.630
[1727.5s] epoch 81 step 64350 avg_loss=0.601
[1729.1s] epoch 81 step 64400 avg_loss=0.620
[1730.3s] epoch 81 step 64450 avg_loss=0.614
[1731.7s] epoch 81 step 64500 avg_loss=0.669
[1733.1s] epoch 81 step 64550 avg_loss=0.662
[1734.3s] epoch 81 step 64600 avg_loss=0.649
[1734.7s] === epoch 81 done: avg_loss=0.653 (n=788 derivations) ===
[1735.6s] epoch 82 step 64650 avg_loss=0.423
[1737.4s] epoch 82 step 64700 avg_loss=0.537
[1738.6s] epoch 82 step 64750 avg_loss=0.472
[1740.3s] epoch 82 step 64800 avg_loss=0.537
[1741.5s] epoch 82 step 64850 avg_loss=0.485
[1743.2s] epoch 82 step 64900 avg_loss=0.563
[1744.5s] epoch 82 step 64950 avg_loss=0.594
[1745.7s] epoch 82 step 65000 avg_loss=0.631
[1746.9s] epoch 82 step 65050 avg_loss=0.685
[1748.2s] epoch 82 step 65100 avg_loss=0.660
[1749.6s] epoch 82 step 65150 avg_loss=0.676
[1751.0s] epoch 82 step 65200 avg_loss=0.656
[1752.3s] epoch 82 step 65250 avg_loss=0.636
[1753.7s] epoch 82 step 65300 avg_loss=0.612
[1754.9s] epoch 82 step 65350 avg_loss=0.618
[1756.0s] epoch 82 step 65400 avg_loss=0.609
[1756.0s] === epoch 82 done: avg_loss=0.607 (n=788 derivations) ===
[1757.2s] epoch 83 step 65450 avg_loss=0.907
[1758.5s] epoch 83 step 65500 avg_loss=0.737
[1759.9s] epoch 83 step 65550 avg_loss=0.801
[1761.3s] epoch 83 step 65600 avg_loss=0.723
[1762.4s] epoch 83 step 65650 avg_loss=0.666
[1763.6s] epoch 83 step 65700 avg_loss=0.636
[1764.9s] epoch 83 step 65750 avg_loss=0.618
[1766.3s] epoch 83 step 65800 avg_loss=0.589
[1767.7s] epoch 83 step 65850 avg_loss=0.677
[1768.9s] epoch 83 step 65900 avg_loss=0.642
[1770.3s] epoch 83 step 65950 avg_loss=0.619
[1771.6s] epoch 83 step 66000 avg_loss=0.620
[1772.8s] epoch 83 step 66050 avg_loss=0.600
[1774.0s] epoch 83 step 66100 avg_loss=0.585
[1775.2s] epoch 83 step 66150 avg_loss=0.569
[1776.3s] === epoch 83 done: avg_loss=0.576 (n=788 derivations) ===
[1776.6s] epoch 84 step 66200 avg_loss=0.771
[1777.8s] epoch 84 step 66250 avg_loss=0.349
[1779.1s] epoch 84 step 66300 avg_loss=0.543
[1780.6s] epoch 84 step 66350 avg_loss=0.694
[1781.8s] epoch 84 step 66400 avg_loss=0.599
[1783.2s] epoch 84 step 66450 avg_loss=0.587
[1784.3s] epoch 84 step 66500 avg_loss=0.619
[1785.7s] epoch 84 step 66550 avg_loss=0.623
[1787.1s] epoch 84 step 66600 avg_loss=0.650
[1788.2s] epoch 84 step 66650 avg_loss=0.619
[1789.6s] epoch 84 step 66700 avg_loss=0.578
[1790.9s] epoch 84 step 66750 avg_loss=0.565
[1792.5s] epoch 84 step 66800 avg_loss=0.569
[1793.8s] epoch 84 step 66850 avg_loss=0.548
[1795.2s] epoch 84 step 66900 avg_loss=0.556
[1796.6s] epoch 84 step 66950 avg_loss=0.536
[1797.3s] === epoch 84 done: avg_loss=0.550 (n=788 derivations) ===
[1797.8s] epoch 85 step 67000 avg_loss=0.292
[1799.1s] epoch 85 step 67050 avg_loss=0.433
[1800.5s] epoch 85 step 67100 avg_loss=0.385
[1801.8s] epoch 85 step 67150 avg_loss=0.381
[1803.1s] epoch 85 step 67200 avg_loss=0.407
[1804.6s] epoch 85 step 67250 avg_loss=0.428
[1806.1s] epoch 85 step 67300 avg_loss=0.480
[1807.3s] epoch 85 step 67350 avg_loss=0.466
[1808.6s] epoch 85 step 67400 avg_loss=0.440
[1809.9s] epoch 85 step 67450 avg_loss=0.450
[1811.3s] epoch 85 step 67500 avg_loss=0.441
[1812.7s] epoch 85 step 67550 avg_loss=0.464
[1814.2s] epoch 85 step 67600 avg_loss=0.500
[1815.4s] epoch 85 step 67650 avg_loss=0.500
[1816.6s] epoch 85 step 67700 avg_loss=0.487
[1817.8s] epoch 85 step 67750 avg_loss=0.514
[1818.3s] === epoch 85 done: avg_loss=0.506 (n=788 derivations) ===
[1819.3s] epoch 86 step 67800 avg_loss=0.511
[1820.8s] epoch 86 step 67850 avg_loss=0.478
[1822.1s] epoch 86 step 67900 avg_loss=0.389
[1823.4s] epoch 86 step 67950 avg_loss=0.421
[1824.7s] epoch 86 step 68000 avg_loss=0.577
[1826.0s] epoch 86 step 68050 avg_loss=0.575
[1827.0s] epoch 86 step 68100 avg_loss=0.530
[1828.5s] epoch 86 step 68150 avg_loss=0.508
[1829.7s] epoch 86 step 68200 avg_loss=0.516
[1830.9s] epoch 86 step 68250 avg_loss=0.486
[1832.4s] epoch 86 step 68300 avg_loss=0.515
[1834.0s] epoch 86 step 68350 avg_loss=0.552
[1835.3s] epoch 86 step 68400 avg_loss=0.552
[1836.6s] epoch 86 step 68450 avg_loss=0.562
[1837.7s] epoch 86 step 68500 avg_loss=0.542
[1838.9s] epoch 86 step 68550 avg_loss=0.542
[1839.1s] === epoch 86 done: avg_loss=0.544 (n=788 derivations) ===
[1840.3s] epoch 87 step 68600 avg_loss=0.340
[1841.7s] epoch 87 step 68650 avg_loss=0.601
[1843.2s] epoch 87 step 68700 avg_loss=0.607
[1844.5s] epoch 87 step 68750 avg_loss=0.550
[1845.9s] epoch 87 step 68800 avg_loss=0.561
[1847.3s] epoch 87 step 68850 avg_loss=0.578
[1848.6s] epoch 87 step 68900 avg_loss=0.546
[1850.1s] epoch 87 step 68950 avg_loss=0.557
[1851.3s] epoch 87 step 69000 avg_loss=0.538
[1852.8s] epoch 87 step 69050 avg_loss=0.554
[1854.0s] epoch 87 step 69100 avg_loss=0.544
[1855.6s] epoch 87 step 69150 avg_loss=0.559
[1856.9s] epoch 87 step 69200 avg_loss=0.540
[1858.4s] epoch 87 step 69250 avg_loss=0.542
[1860.0s] epoch 87 step 69300 avg_loss=0.527
[1861.2s] === epoch 87 done: avg_loss=0.525 (n=788 derivations) ===
[1861.4s] epoch 88 step 69350 avg_loss=0.133
[1863.0s] epoch 88 step 69400 avg_loss=0.666
[1864.4s] epoch 88 step 69450 avg_loss=0.513
[1865.9s] epoch 88 step 69500 avg_loss=0.503
[1867.4s] epoch 88 step 69550 avg_loss=0.492
[1868.8s] epoch 88 step 69600 avg_loss=0.513
[1870.1s] epoch 88 step 69650 avg_loss=0.492
[1871.4s] epoch 88 step 69700 avg_loss=0.554
[1872.6s] epoch 88 step 69750 avg_loss=0.540
[1873.7s] epoch 88 step 69800 avg_loss=0.529
[1875.1s] epoch 88 step 69850 avg_loss=0.535
[1876.5s] epoch 88 step 69900 avg_loss=0.564
[1877.7s] epoch 88 step 69950 avg_loss=0.568
[1879.1s] epoch 88 step 70000 avg_loss=0.560
[1880.6s] epoch 88 step 70050 avg_loss=0.538
[1881.9s] epoch 88 step 70100 avg_loss=0.522
[1882.7s] === epoch 88 done: avg_loss=0.517 (n=788 derivations) ===
[1883.3s] epoch 89 step 70150 avg_loss=0.425
[1884.6s] epoch 89 step 70200 avg_loss=0.551
[1886.0s] epoch 89 step 70250 avg_loss=0.653
[1887.1s] epoch 89 step 70300 avg_loss=0.568
[1888.9s] epoch 89 step 70350 avg_loss=0.548
[1890.4s] epoch 89 step 70400 avg_loss=0.603
[1891.8s] epoch 89 step 70450 avg_loss=0.548
[1893.3s] epoch 89 step 70500 avg_loss=0.507
[1895.0s] epoch 89 step 70550 avg_loss=0.481
[1896.2s] epoch 89 step 70600 avg_loss=0.469
[1897.9s] epoch 89 step 70650 avg_loss=0.474
[1899.3s] epoch 89 step 70700 avg_loss=0.487
[1900.8s] epoch 89 step 70750 avg_loss=0.498
[1902.0s] epoch 89 step 70800 avg_loss=0.487
[1903.0s] epoch 89 step 70850 avg_loss=0.472
[1904.5s] epoch 89 step 70900 avg_loss=0.458
[1906.2s] eval step=2250 train_avg_loss=0.457 dev_rank1_f1=0.3082 dev_edge_p=0.2630 dev_edge_r=0.3721
[1906.2s] === epoch 89 done: avg_loss=0.457 (n=788 derivations) ===
[1906.9s] epoch 90 step 70950 avg_loss=0.467
[1908.3s] epoch 90 step 71000 avg_loss=0.667
[1909.5s] epoch 90 step 71050 avg_loss=0.500
[1910.9s] epoch 90 step 71100 avg_loss=0.484
[1912.3s] epoch 90 step 71150 avg_loss=0.496
[1913.6s] epoch 90 step 71200 avg_loss=0.454
[1914.9s] epoch 90 step 71250 avg_loss=0.422
[1916.3s] epoch 90 step 71300 avg_loss=0.430
[1917.6s] epoch 90 step 71350 avg_loss=0.425
[1918.9s] epoch 90 step 71400 avg_loss=0.418
[1920.2s] epoch 90 step 71450 avg_loss=0.425
[1921.6s] epoch 90 step 71500 avg_loss=0.442
[1922.8s] epoch 90 step 71550 avg_loss=0.450
[1924.1s] epoch 90 step 71600 avg_loss=0.445
[1925.2s] epoch 90 step 71650 avg_loss=0.433
[1926.6s] epoch 90 step 71700 avg_loss=0.423
[1926.8s] === epoch 90 done: avg_loss=0.420 (n=788 derivations) ===
[1928.0s] epoch 91 step 71750 avg_loss=0.526
[1929.3s] epoch 91 step 71800 avg_loss=0.345
[1930.6s] epoch 91 step 71850 avg_loss=0.365
[1932.2s] epoch 91 step 71900 avg_loss=0.350
[1933.5s] epoch 91 step 71950 avg_loss=0.336
[1934.8s] epoch 91 step 72000 avg_loss=0.305
[1936.2s] epoch 91 step 72050 avg_loss=0.480
[1937.6s] epoch 91 step 72100 avg_loss=0.453
[1938.8s] epoch 91 step 72150 avg_loss=0.457
[1940.1s] epoch 91 step 72200 avg_loss=0.459
[1941.5s] epoch 91 step 72250 avg_loss=0.451
[1942.7s] epoch 91 step 72300 avg_loss=0.436
[1943.9s] epoch 91 step 72350 avg_loss=0.463
[1945.0s] epoch 91 step 72400 avg_loss=0.458
[1946.2s] epoch 91 step 72450 avg_loss=0.457
[1947.4s] === epoch 91 done: avg_loss=0.466 (n=788 derivations) ===
[1947.5s] epoch 92 step 72500 avg_loss=0.145
[1948.7s] epoch 92 step 72550 avg_loss=0.281
[1950.1s] epoch 92 step 72600 avg_loss=0.339
[1951.5s] epoch 92 step 72650 avg_loss=0.380
[1952.8s] epoch 92 step 72700 avg_loss=0.355
[1954.1s] epoch 92 step 72750 avg_loss=0.414
[1955.3s] epoch 92 step 72800 avg_loss=0.472
[1956.5s] epoch 92 step 72850 avg_loss=0.452
[1957.7s] epoch 92 step 72900 avg_loss=0.461
[1958.8s] epoch 92 step 72950 avg_loss=0.435
[1960.0s] epoch 92 step 73000 avg_loss=0.434
[1961.3s] epoch 92 step 73050 avg_loss=0.425
[1962.6s] epoch 92 step 73100 avg_loss=0.410
[1964.1s] epoch 92 step 73150 avg_loss=0.434
[1965.2s] epoch 92 step 73200 avg_loss=0.418
[1966.6s] epoch 92 step 73250 avg_loss=0.429
[1967.4s] === epoch 92 done: avg_loss=0.442 (n=788 derivations) ===
[1968.0s] epoch 93 step 73300 avg_loss=1.386
[1969.2s] epoch 93 step 73350 avg_loss=0.618
[1970.4s] epoch 93 step 73400 avg_loss=0.433
[1971.9s] epoch 93 step 73450 avg_loss=0.481
[1973.2s] epoch 93 step 73500 avg_loss=0.445
[1974.5s] epoch 93 step 73550 avg_loss=0.419
[1975.9s] epoch 93 step 73600 avg_loss=0.388
[1977.3s] epoch 93 step 73650 avg_loss=0.367
[1978.5s] epoch 93 step 73700 avg_loss=0.349
[1980.2s] epoch 93 step 73750 avg_loss=0.340
[1981.7s] epoch 93 step 73800 avg_loss=0.395
[1983.0s] epoch 93 step 73850 avg_loss=0.375
[1984.2s] epoch 93 step 73900 avg_loss=0.380
[1985.5s] epoch 93 step 73950 avg_loss=0.397
[1986.9s] epoch 93 step 74000 avg_loss=0.389
[1988.5s] epoch 93 step 74050 avg_loss=0.389
[1989.0s] === epoch 93 done: avg_loss=0.384 (n=788 derivations) ===
[1989.9s] epoch 94 step 74100 avg_loss=0.326
[1991.4s] epoch 94 step 74150 avg_loss=0.254
[1992.8s] epoch 94 step 74200 avg_loss=0.292
[1994.1s] epoch 94 step 74250 avg_loss=0.306
[1995.3s] epoch 94 step 74300 avg_loss=0.352
[1996.8s] epoch 94 step 74350 avg_loss=0.375
[1998.0s] epoch 94 step 74400 avg_loss=0.354
[1999.5s] epoch 94 step 74450 avg_loss=0.380
[2001.0s] epoch 94 step 74500 avg_loss=0.364
[2002.2s] epoch 94 step 74550 avg_loss=0.340
[2003.5s] epoch 94 step 74600 avg_loss=0.320
[2004.7s] epoch 94 step 74650 avg_loss=0.340
[2006.3s] epoch 94 step 74700 avg_loss=0.350
[2007.7s] epoch 94 step 74750 avg_loss=0.341
[2009.1s] epoch 94 step 74800 avg_loss=0.337
[2010.3s] epoch 94 step 74850 avg_loss=0.341
[2010.6s] === epoch 94 done: avg_loss=0.338 (n=788 derivations) ===
[2011.6s] epoch 95 step 74900 avg_loss=0.384
[2012.6s] epoch 95 step 74950 avg_loss=0.337
[2013.8s] epoch 95 step 75000 avg_loss=0.302
[2015.3s] epoch 95 step 75050 avg_loss=0.336
[2016.5s] epoch 95 step 75100 avg_loss=0.307
[2017.6s] epoch 95 step 75150 avg_loss=0.284
[2018.6s] epoch 95 step 75200 avg_loss=0.319
[2019.9s] epoch 95 step 75250 avg_loss=0.351
[2021.3s] epoch 95 step 75300 avg_loss=0.365
[2022.6s] epoch 95 step 75350 avg_loss=0.352
[2023.8s] epoch 95 step 75400 avg_loss=0.343
[2025.2s] epoch 95 step 75450 avg_loss=0.332
[2026.4s] epoch 95 step 75500 avg_loss=0.338
[2027.8s] epoch 95 step 75550 avg_loss=0.346
[2029.2s] epoch 95 step 75600 avg_loss=0.341
[2030.4s] === epoch 95 done: avg_loss=0.344 (n=788 derivations) ===
[2030.4s] epoch 96 step 75650 avg_loss=0.060
[2031.9s] epoch 96 step 75700 avg_loss=0.715
[2033.0s] epoch 96 step 75750 avg_loss=0.442
[2034.5s] epoch 96 step 75800 avg_loss=0.394
[2035.7s] epoch 96 step 75850 avg_loss=0.321
[2036.8s] epoch 96 step 75900 avg_loss=0.319
[2038.1s] epoch 96 step 75950 avg_loss=0.304
[2039.4s] epoch 96 step 76000 avg_loss=0.299
[2040.8s] epoch 96 step 76050 avg_loss=0.301
[2042.3s] epoch 96 step 76100 avg_loss=0.302
[2043.6s] epoch 96 step 76150 avg_loss=0.287
[2045.0s] epoch 96 step 76200 avg_loss=0.282
[2046.3s] epoch 96 step 76250 avg_loss=0.285
[2047.5s] epoch 96 step 76300 avg_loss=0.292
[2048.7s] epoch 96 step 76350 avg_loss=0.285
[2050.0s] epoch 96 step 76400 avg_loss=0.301
[2051.3s] === epoch 96 done: avg_loss=0.314 (n=788 derivations) ===
[2051.5s] epoch 97 step 76450 avg_loss=0.094
[2052.9s] epoch 97 step 76500 avg_loss=0.249
[2054.1s] epoch 97 step 76550 avg_loss=0.303
[2055.6s] epoch 97 step 76600 avg_loss=0.372
[2056.9s] epoch 97 step 76650 avg_loss=0.310
[2058.5s] epoch 97 step 76700 avg_loss=0.351
[2060.0s] epoch 97 step 76750 avg_loss=0.349
[2061.3s] epoch 97 step 76800 avg_loss=0.338
[2062.7s] epoch 97 step 76850 avg_loss=0.312
[2064.1s] epoch 97 step 76900 avg_loss=0.314
[2065.3s] epoch 97 step 76950 avg_loss=0.306
[2066.7s] epoch 97 step 77000 avg_loss=0.303
[2067.8s] epoch 97 step 77050 avg_loss=0.289
[2068.9s] epoch 97 step 77100 avg_loss=0.282
[2070.2s] epoch 97 step 77150 avg_loss=0.279
[2071.6s] epoch 97 step 77200 avg_loss=0.276
[2072.2s] === epoch 97 done: avg_loss=0.275 (n=788 derivations) ===
[2072.9s] epoch 98 step 77250 avg_loss=0.188
[2074.0s] epoch 98 step 77300 avg_loss=0.195
[2075.1s] epoch 98 step 77350 avg_loss=0.190
[2076.5s] epoch 98 step 77400 avg_loss=0.190
[2077.8s] epoch 98 step 77450 avg_loss=0.214
[2079.0s] epoch 98 step 77500 avg_loss=0.216
[2080.5s] epoch 98 step 77550 avg_loss=0.289
[2081.8s] epoch 98 step 77600 avg_loss=0.285
[2083.1s] epoch 98 step 77650 avg_loss=0.267
[2084.5s] epoch 98 step 77700 avg_loss=0.263
[2086.0s] epoch 98 step 77750 avg_loss=0.285
[2087.4s] epoch 98 step 77800 avg_loss=0.273
[2088.9s] epoch 98 step 77850 avg_loss=0.264
[2090.3s] epoch 98 step 77900 avg_loss=0.254
[2091.5s] epoch 98 step 77950 avg_loss=0.247
[2092.7s] epoch 98 step 78000 avg_loss=0.260
[2093.1s] === epoch 98 done: avg_loss=0.260 (n=788 derivations) ===
[2094.1s] epoch 99 step 78050 avg_loss=0.158
[2095.7s] epoch 99 step 78100 avg_loss=0.277
[2097.0s] epoch 99 step 78150 avg_loss=0.362
[2098.3s] epoch 99 step 78200 avg_loss=0.335
[2099.7s] epoch 99 step 78250 avg_loss=0.308
[2101.2s] epoch 99 step 78300 avg_loss=0.287
[2102.4s] epoch 99 step 78350 avg_loss=0.263
[2103.8s] epoch 99 step 78400 avg_loss=0.247
[2105.4s] epoch 99 step 78450 avg_loss=0.264
[2106.8s] epoch 99 step 78500 avg_loss=0.254
[2108.2s] epoch 99 step 78550 avg_loss=0.244
[2109.8s] epoch 99 step 78600 avg_loss=0.251
[2111.3s] epoch 99 step 78650 avg_loss=0.263
[2112.6s] epoch 99 step 78700 avg_loss=0.260
[2114.1s] epoch 99 step 78750 avg_loss=0.253
[2115.6s] epoch 99 step 78800 avg_loss=0.260
[2117.3s] eval step=2500 train_avg_loss=0.260 dev_rank1_f1=0.3162 dev_edge_p=0.2669 dev_edge_r=0.3878
[2117.3s] === epoch 99 done: avg_loss=0.260 (n=788 derivations) ===
[2118.6s] epoch 100 step 78850 avg_loss=0.190
[2120.0s] epoch 100 step 78900 avg_loss=0.264
[2121.5s] epoch 100 step 78950 avg_loss=0.229
[2122.8s] epoch 100 step 79000 avg_loss=0.212
[2124.5s] epoch 100 step 79050 avg_loss=0.282
[2126.2s] epoch 100 step 79100 avg_loss=0.317
[2127.4s] epoch 100 step 79150 avg_loss=0.290
[2128.6s] epoch 100 step 79200 avg_loss=0.297
[2129.9s] epoch 100 step 79250 avg_loss=0.289
[2131.0s] epoch 100 step 79300 avg_loss=0.281
[2132.3s] epoch 100 step 79350 avg_loss=0.314
[2133.4s] epoch 100 step 79400 avg_loss=0.305
[2134.8s] epoch 100 step 79450 avg_loss=0.310
[2136.1s] epoch 100 step 79500 avg_loss=0.309
[2137.5s] epoch 100 step 79550 avg_loss=0.306
[2138.6s] === epoch 100 done: avg_loss=0.302 (n=788 derivations) ===
[2139.0s] epoch 101 step 79600 avg_loss=0.212
[2140.1s] epoch 101 step 79650 avg_loss=0.292
[2141.6s] epoch 101 step 79700 avg_loss=0.222
[2142.9s] epoch 101 step 79750 avg_loss=0.343
[2144.3s] epoch 101 step 79800 avg_loss=0.307
[2145.8s] epoch 101 step 79850 avg_loss=0.348
[2147.4s] epoch 101 step 79900 avg_loss=0.359
[2148.7s] epoch 101 step 79950 avg_loss=0.344
[2149.9s] epoch 101 step 80000 avg_loss=0.314
[2151.3s] epoch 101 step 80050 avg_loss=0.320
[2152.8s] epoch 101 step 80100 avg_loss=0.335
[2154.1s] epoch 101 step 80150 avg_loss=0.347
[2155.5s] epoch 101 step 80200 avg_loss=0.329
[2156.9s] epoch 101 step 80250 avg_loss=0.335
[2158.3s] epoch 101 step 80300 avg_loss=0.323
[2159.8s] epoch 101 step 80350 avg_loss=0.311
[2160.4s] === epoch 101 done: avg_loss=0.307 (n=788 derivations) ===
[2161.0s] epoch 102 step 80400 avg_loss=0.373
[2162.4s] epoch 102 step 80450 avg_loss=0.298
[2163.5s] epoch 102 step 80500 avg_loss=0.205
[2164.7s] epoch 102 step 80550 avg_loss=0.248
[2165.9s] epoch 102 step 80600 avg_loss=0.271
[2167.2s] epoch 102 step 80650 avg_loss=0.244
[2168.7s] epoch 102 step 80700 avg_loss=0.247
[2170.0s] epoch 102 step 80750 avg_loss=0.240
[2171.5s] epoch 102 step 80800 avg_loss=0.238
[2172.7s] epoch 102 step 80850 avg_loss=0.228
[2174.1s] epoch 102 step 80900 avg_loss=0.227
[2175.4s] epoch 102 step 80950 avg_loss=0.226
[2176.8s] epoch 102 step 81000 avg_loss=0.245
[2178.0s] epoch 102 step 81050 avg_loss=0.234
[2179.4s] epoch 102 step 81100 avg_loss=0.226
[2180.6s] epoch 102 step 81150 avg_loss=0.220
[2181.0s] === epoch 102 done: avg_loss=0.221 (n=788 derivations) ===
[2182.0s] epoch 103 step 81200 avg_loss=0.193
[2183.3s] epoch 103 step 81250 avg_loss=0.287
[2184.6s] epoch 103 step 81300 avg_loss=0.266
[2185.7s] epoch 103 step 81350 avg_loss=0.227
[2187.0s] epoch 103 step 81400 avg_loss=0.219
[2188.1s] epoch 103 step 81450 avg_loss=0.207
[2189.4s] epoch 103 step 81500 avg_loss=0.191
[2190.7s] epoch 103 step 81550 avg_loss=0.187
[2192.1s] epoch 103 step 81600 avg_loss=0.203
[2193.4s] epoch 103 step 81650 avg_loss=0.199
[2194.9s] epoch 103 step 81700 avg_loss=0.196
[2196.3s] epoch 103 step 81750 avg_loss=0.209
[2197.7s] epoch 103 step 81800 avg_loss=0.202
[2199.1s] epoch 103 step 81850 avg_loss=0.197
[2200.5s] epoch 103 step 81900 avg_loss=0.192
[2201.8s] epoch 103 step 81950 avg_loss=0.193
[2201.9s] === epoch 103 done: avg_loss=0.194 (n=788 derivations) ===
[2203.2s] epoch 104 step 82000 avg_loss=0.326
[2204.3s] epoch 104 step 82050 avg_loss=0.230
[2205.5s] epoch 104 step 82100 avg_loss=0.215
[2206.8s] epoch 104 step 82150 avg_loss=0.195
[2207.9s] epoch 104 step 82200 avg_loss=0.172
[2209.2s] epoch 104 step 82250 avg_loss=0.170
[2210.5s] epoch 104 step 82300 avg_loss=0.167
[2211.9s] epoch 104 step 82350 avg_loss=0.160
[2213.2s] epoch 104 step 82400 avg_loss=0.159
[2214.4s] epoch 104 step 82450 avg_loss=0.154
[2215.8s] epoch 104 step 82500 avg_loss=0.168
[2217.1s] epoch 104 step 82550 avg_loss=0.170
[2218.4s] epoch 104 step 82600 avg_loss=0.182
[2219.9s] epoch 104 step 82650 avg_loss=0.178
[2221.2s] epoch 104 step 82700 avg_loss=0.182
[2222.3s] === epoch 104 done: avg_loss=0.179 (n=788 derivations) ===
[2222.4s] epoch 105 step 82750 avg_loss=0.046
[2223.6s] epoch 105 step 82800 avg_loss=0.263
[2225.0s] epoch 105 step 82850 avg_loss=0.218
[2226.3s] epoch 105 step 82900 avg_loss=0.168
[2227.6s] epoch 105 step 82950 avg_loss=0.151
[2229.0s] epoch 105 step 83000 avg_loss=0.163
[2230.4s] epoch 105 step 83050 avg_loss=0.188
[2231.9s] epoch 105 step 83100 avg_loss=0.178
[2233.5s] epoch 105 step 83150 avg_loss=0.180
[2234.9s] epoch 105 step 83200 avg_loss=0.183
[2236.3s] epoch 105 step 83250 avg_loss=0.175
[2237.8s] epoch 105 step 83300 avg_loss=0.167
[2239.2s] epoch 105 step 83350 avg_loss=0.165
[2240.3s] epoch 105 step 83400 avg_loss=0.157
[2241.6s] epoch 105 step 83450 avg_loss=0.160
[2243.1s] epoch 105 step 83500 avg_loss=0.157
[2243.7s] === epoch 105 done: avg_loss=0.154 (n=788 derivations) ===
[2244.3s] epoch 106 step 83550 avg_loss=0.068
[2245.6s] epoch 106 step 83600 avg_loss=0.076
[2246.9s] epoch 106 step 83650 avg_loss=0.074
[2248.3s] epoch 106 step 83700 avg_loss=0.103
[2249.6s] epoch 106 step 83750 avg_loss=0.114
[2250.8s] epoch 106 step 83800 avg_loss=0.125
[2252.1s] epoch 106 step 83850 avg_loss=0.117
[2253.4s] epoch 106 step 83900 avg_loss=0.129
[2254.6s] epoch 106 step 83950 avg_loss=0.124
[2256.0s] epoch 106 step 84000 avg_loss=0.124
[2257.2s] epoch 106 step 84050 avg_loss=0.122
[2258.4s] epoch 106 step 84100 avg_loss=0.119
[2259.8s] epoch 106 step 84150 avg_loss=0.117
[2261.3s] epoch 106 step 84200 avg_loss=0.122
[2262.6s] epoch 106 step 84250 avg_loss=0.117
[2263.7s] epoch 106 step 84300 avg_loss=0.136
[2264.2s] === epoch 106 done: avg_loss=0.136 (n=788 derivations) ===
[2265.2s] epoch 107 step 84350 avg_loss=0.177
[2266.6s] epoch 107 step 84400 avg_loss=0.125
[2267.9s] epoch 107 step 84450 avg_loss=0.120
[2269.2s] epoch 107 step 84500 avg_loss=0.106
[2270.6s] epoch 107 step 84550 avg_loss=0.110
[2272.0s] epoch 107 step 84600 avg_loss=0.122
[2273.3s] epoch 107 step 84650 avg_loss=0.119
[2274.7s] epoch 107 step 84700 avg_loss=0.127
[2276.0s] epoch 107 step 84750 avg_loss=0.148
[2277.4s] epoch 107 step 84800 avg_loss=0.140
[2278.6s] epoch 107 step 84850 avg_loss=0.136
[2279.9s] epoch 107 step 84900 avg_loss=0.133
[2281.2s] epoch 107 step 84950 avg_loss=0.138
[2282.6s] epoch 107 step 85000 avg_loss=0.138
[2283.9s] epoch 107 step 85050 avg_loss=0.135
[2285.3s] epoch 107 step 85100 avg_loss=0.132
[2285.4s] === epoch 107 done: avg_loss=0.132 (n=788 derivations) ===
[2286.6s] epoch 108 step 85150 avg_loss=0.139
[2287.8s] epoch 108 step 85200 avg_loss=0.116
[2288.9s] epoch 108 step 85250 avg_loss=0.104
[2290.3s] epoch 108 step 85300 avg_loss=0.096
[2291.6s] epoch 108 step 85350 avg_loss=0.101
[2292.9s] epoch 108 step 85400 avg_loss=0.134
[2294.2s] epoch 108 step 85450 avg_loss=0.124
[2295.3s] epoch 108 step 85500 avg_loss=0.122
[2296.6s] epoch 108 step 85550 avg_loss=0.117
[2297.8s] epoch 108 step 85600 avg_loss=0.120
[2299.2s] epoch 108 step 85650 avg_loss=0.121
[2300.4s] epoch 108 step 85700 avg_loss=0.117
[2301.9s] epoch 108 step 85750 avg_loss=0.121
[2303.1s] epoch 108 step 85800 avg_loss=0.126
[2304.3s] epoch 108 step 85850 avg_loss=0.124
[2305.5s] === epoch 108 done: avg_loss=0.131 (n=788 derivations) ===
[2305.7s] epoch 109 step 85900 avg_loss=0.020
[2307.2s] epoch 109 step 85950 avg_loss=0.083
[2308.6s] epoch 109 step 86000 avg_loss=0.116
[2309.7s] epoch 109 step 86050 avg_loss=0.154
[2311.2s] epoch 109 step 86100 avg_loss=0.144
[2312.4s] epoch 109 step 86150 avg_loss=0.130
[2313.7s] epoch 109 step 86200 avg_loss=0.137
[2314.8s] epoch 109 step 86250 avg_loss=0.133
[2316.2s] epoch 109 step 86300 avg_loss=0.145
[2317.4s] epoch 109 step 86350 avg_loss=0.136
[2318.6s] epoch 109 step 86400 avg_loss=0.128
[2319.9s] epoch 109 step 86450 avg_loss=0.129
[2321.3s] epoch 109 step 86500 avg_loss=0.125
[2322.7s] epoch 109 step 86550 avg_loss=0.121
[2324.0s] epoch 109 step 86600 avg_loss=0.122
[2325.5s] epoch 109 step 86650 avg_loss=0.123
[2327.8s] eval step=2750 train_avg_loss=0.125 dev_rank1_f1=0.3132 dev_edge_p=0.2617 dev_edge_r=0.3899
[2327.8s] === epoch 109 done: avg_loss=0.125 (n=788 derivations) ===
[2328.4s] epoch 110 step 86700 avg_loss=0.063
[2329.7s] epoch 110 step 86750 avg_loss=0.084
[2331.3s] epoch 110 step 86800 avg_loss=0.095
[2332.6s] epoch 110 step 86850 avg_loss=0.090
[2333.8s] epoch 110 step 86900 avg_loss=0.104
[2335.2s] epoch 110 step 86950 avg_loss=0.120
[2336.6s] epoch 110 step 87000 avg_loss=0.114
[2337.9s] epoch 110 step 87050 avg_loss=0.106
[2339.5s] epoch 110 step 87100 avg_loss=0.119
[2340.9s] epoch 110 step 87150 avg_loss=0.119
[2342.5s] epoch 110 step 87200 avg_loss=0.120
[2343.7s] epoch 110 step 87250 avg_loss=0.117
[2344.8s] epoch 110 step 87300 avg_loss=0.113
[2346.5s] epoch 110 step 87350 avg_loss=0.122
[2347.6s] epoch 110 step 87400 avg_loss=0.118
[2348.8s] epoch 110 step 87450 avg_loss=0.121
[2349.3s] === epoch 110 done: avg_loss=0.124 (n=788 derivations) ===
[2350.1s] epoch 111 step 87500 avg_loss=0.075
[2351.4s] epoch 111 step 87550 avg_loss=0.161
[2352.8s] epoch 111 step 87600 avg_loss=0.151
[2354.2s] epoch 111 step 87650 avg_loss=0.140
[2355.3s] epoch 111 step 87700 avg_loss=0.133
[2356.6s] epoch 111 step 87750 avg_loss=0.127
[2357.8s] epoch 111 step 87800 avg_loss=0.121
[2359.3s] epoch 111 step 87850 avg_loss=0.115
[2360.7s] epoch 111 step 87900 avg_loss=0.112
[2362.1s] epoch 111 step 87950 avg_loss=0.109
[2363.4s] epoch 111 step 88000 avg_loss=0.117
[2364.6s] epoch 111 step 88050 avg_loss=0.115
[2365.9s] epoch 111 step 88100 avg_loss=0.112
[2367.4s] epoch 111 step 88150 avg_loss=0.115
[2368.5s] epoch 111 step 88200 avg_loss=0.115
[2369.9s] epoch 111 step 88250 avg_loss=0.111
[2370.0s] === epoch 111 done: avg_loss=0.111 (n=788 derivations) ===
[2371.5s] epoch 112 step 88300 avg_loss=0.068
[2372.9s] epoch 112 step 88350 avg_loss=0.083
[2374.3s] epoch 112 step 88400 avg_loss=0.084
[2375.6s] epoch 112 step 88450 avg_loss=0.091
[2376.9s] epoch 112 step 88500 avg_loss=0.108
[2378.2s] epoch 112 step 88550 avg_loss=0.098
[2379.4s] epoch 112 step 88600 avg_loss=0.115
[2380.7s] epoch 112 step 88650 avg_loss=0.109
[2381.9s] epoch 112 step 88700 avg_loss=0.104
[2383.4s] epoch 112 step 88750 avg_loss=0.101
[2384.5s] epoch 112 step 88800 avg_loss=0.101
[2385.9s] epoch 112 step 88850 avg_loss=0.099
[2387.1s] epoch 112 step 88900 avg_loss=0.099
[2388.3s] epoch 112 step 88950 avg_loss=0.097
[2389.5s] epoch 112 step 89000 avg_loss=0.102
[2390.8s] === epoch 112 done: avg_loss=0.103 (n=788 derivations) ===
[2391.0s] epoch 113 step 89050 avg_loss=0.029
[2392.2s] epoch 113 step 89100 avg_loss=0.107
[2393.5s] epoch 113 step 89150 avg_loss=0.101
[2394.9s] epoch 113 step 89200 avg_loss=0.098
[2396.3s] epoch 113 step 89250 avg_loss=0.100
[2397.7s] epoch 113 step 89300 avg_loss=0.092
[2399.2s] epoch 113 step 89350 avg_loss=0.100
[2400.7s] epoch 113 step 89400 avg_loss=0.099
[2401.9s] epoch 113 step 89450 avg_loss=0.099
[2403.3s] epoch 113 step 89500 avg_loss=0.100
[2404.6s] epoch 113 step 89550 avg_loss=0.097
[2405.8s] epoch 113 step 89600 avg_loss=0.101
[2407.1s] epoch 113 step 89650 avg_loss=0.099
[2408.2s] epoch 113 step 89700 avg_loss=0.108
[2409.4s] epoch 113 step 89750 avg_loss=0.104
[2410.7s] epoch 113 step 89800 avg_loss=0.106
[2411.7s] === epoch 113 done: avg_loss=0.105 (n=788 derivations) ===
[2412.1s] epoch 114 step 89850 avg_loss=0.071
[2413.4s] epoch 114 step 89900 avg_loss=0.074
[2414.7s] epoch 114 step 89950 avg_loss=0.096
[2416.1s] epoch 114 step 90000 avg_loss=0.092
[2417.4s] epoch 114 step 90050 avg_loss=0.086
[2418.9s] epoch 114 step 90100 avg_loss=0.092
[2420.4s] epoch 114 step 90150 avg_loss=0.090
[2421.8s] epoch 114 step 90200 avg_loss=0.113
[2423.1s] epoch 114 step 90250 avg_loss=0.109
[2424.3s] epoch 114 step 90300 avg_loss=0.106
[2425.7s] epoch 114 step 90350 avg_loss=0.105
[2426.7s] epoch 114 step 90400 avg_loss=0.099
[2428.1s] epoch 114 step 90450 avg_loss=0.110
[2429.4s] epoch 114 step 90500 avg_loss=0.110
[2430.9s] epoch 114 step 90550 avg_loss=0.108
[2432.2s] epoch 114 step 90600 avg_loss=0.109
[2432.7s] === epoch 114 done: avg_loss=0.108 (n=788 derivations) ===
[2433.5s] epoch 115 step 90650 avg_loss=0.279
[2434.7s] epoch 115 step 90700 avg_loss=0.170
[2435.9s] epoch 115 step 90750 avg_loss=0.147
[2437.3s] epoch 115 step 90800 avg_loss=0.139
[2438.7s] epoch 115 step 90850 avg_loss=0.123
[2440.0s] epoch 115 step 90900 avg_loss=0.117
[2441.2s] epoch 115 step 90950 avg_loss=0.112
[2442.4s] epoch 115 step 91000 avg_loss=0.103
[2443.8s] epoch 115 step 91050 avg_loss=0.103
[2445.0s] epoch 115 step 91100 avg_loss=0.100
[2446.1s] epoch 115 step 91150 avg_loss=0.098
[2447.3s] epoch 115 step 91200 avg_loss=0.100
[2448.9s] epoch 115 step 91250 avg_loss=0.099
[2450.2s] epoch 115 step 91300 avg_loss=0.096
[2451.6s] epoch 115 step 91350 avg_loss=0.093
[2453.0s] epoch 115 step 91400 avg_loss=0.092
[2453.3s] === epoch 115 done: avg_loss=0.108 (n=788 derivations) ===
[2454.5s] epoch 116 step 91450 avg_loss=0.072
[2456.2s] epoch 116 step 91500 avg_loss=0.100
[2457.9s] epoch 116 step 91550 avg_loss=0.089
[2459.5s] epoch 116 step 91600 avg_loss=0.097
[2460.9s] epoch 116 step 91650 avg_loss=0.087
[2462.2s] epoch 116 step 91700 avg_loss=0.094
[2463.6s] epoch 116 step 91750 avg_loss=0.088
[2464.9s] epoch 116 step 91800 avg_loss=0.106
[2466.2s] epoch 116 step 91850 avg_loss=0.102
[2467.6s] epoch 116 step 91900 avg_loss=0.103
[2468.8s] epoch 116 step 91950 avg_loss=0.099
[2470.0s] epoch 116 step 92000 avg_loss=0.093
[2471.4s] epoch 116 step 92050 avg_loss=0.096
[2472.8s] epoch 116 step 92100 avg_loss=0.100
[2473.9s] epoch 116 step 92150 avg_loss=0.099
[2475.2s] === epoch 116 done: avg_loss=0.099 (n=788 derivations) ===
[2475.3s] epoch 117 step 92200 avg_loss=0.012
[2476.7s] epoch 117 step 92250 avg_loss=0.160
[2478.2s] epoch 117 step 92300 avg_loss=0.109
[2479.4s] epoch 117 step 92350 avg_loss=0.109
[2481.0s] epoch 117 step 92400 avg_loss=0.101
[2482.3s] epoch 117 step 92450 avg_loss=0.099
[2483.6s] epoch 117 step 92500 avg_loss=0.103
[2485.0s] epoch 117 step 92550 avg_loss=0.103
[2486.4s] epoch 117 step 92600 avg_loss=0.114
[2487.7s] epoch 117 step 92650 avg_loss=0.109
[2489.2s] epoch 117 step 92700 avg_loss=0.104
[2490.4s] epoch 117 step 92750 avg_loss=0.113
[2492.0s] epoch 117 step 92800 avg_loss=0.110
[2493.3s] epoch 117 step 92850 avg_loss=0.107
[2494.8s] epoch 117 step 92900 avg_loss=0.105
[2496.1s] epoch 117 step 92950 avg_loss=0.108
[2497.1s] === epoch 117 done: avg_loss=0.108 (n=788 derivations) ===
[2497.6s] epoch 118 step 93000 avg_loss=0.080
[2498.7s] epoch 118 step 93050 avg_loss=0.057
[2500.0s] epoch 118 step 93100 avg_loss=0.068
[2501.2s] epoch 118 step 93150 avg_loss=0.275
[2502.4s] epoch 118 step 93200 avg_loss=0.227
[2503.6s] epoch 118 step 93250 avg_loss=0.193
[2504.9s] epoch 118 step 93300 avg_loss=0.240
[2506.0s] epoch 118 step 93350 avg_loss=0.214
[2507.3s] epoch 118 step 93400 avg_loss=0.195
[2508.6s] epoch 118 step 93450 avg_loss=0.181
[2509.8s] epoch 118 step 93500 avg_loss=0.174
[2511.0s] epoch 118 step 93550 avg_loss=0.173
[2512.4s] epoch 118 step 93600 avg_loss=0.174
[2513.8s] epoch 118 step 93650 avg_loss=0.170
[2515.3s] epoch 118 step 93700 avg_loss=0.172
[2516.8s] epoch 118 step 93750 avg_loss=0.168
[2517.3s] === epoch 118 done: avg_loss=0.166 (n=788 derivations) ===
[2518.1s] epoch 119 step 93800 avg_loss=0.172
[2519.4s] epoch 119 step 93850 avg_loss=0.102
[2520.7s] epoch 119 step 93900 avg_loss=0.114
[2521.8s] epoch 119 step 93950 avg_loss=0.103
[2523.2s] epoch 119 step 94000 avg_loss=0.137
[2524.4s] epoch 119 step 94050 avg_loss=0.128
[2525.8s] epoch 119 step 94100 avg_loss=0.122
[2527.3s] epoch 119 step 94150 avg_loss=0.115
[2528.7s] epoch 119 step 94200 avg_loss=0.110
[2530.2s] epoch 119 step 94250 avg_loss=0.119
[2531.4s] epoch 119 step 94300 avg_loss=0.115
[2533.0s] epoch 119 step 94350 avg_loss=0.111
[2534.2s] epoch 119 step 94400 avg_loss=0.109
[2535.6s] epoch 119 step 94450 avg_loss=0.113
[2537.0s] epoch 119 step 94500 avg_loss=0.119
[2538.4s] epoch 119 step 94550 avg_loss=0.116
[2540.2s] eval step=3000 train_avg_loss=0.116 dev_rank1_f1=0.3163 dev_edge_p=0.2669 dev_edge_r=0.3881
[2540.2s] === epoch 119 done: avg_loss=0.116 (n=788 derivations) ===
[2541.5s] epoch 120 step 94600 avg_loss=0.065
[2543.2s] epoch 120 step 94650 avg_loss=0.146
[2544.3s] epoch 120 step 94700 avg_loss=0.139
[2545.8s] epoch 120 step 94750 avg_loss=0.221
[2547.0s] epoch 120 step 94800 avg_loss=0.187
[2548.4s] epoch 120 step 94850 avg_loss=0.237
[2549.8s] epoch 120 step 94900 avg_loss=0.213
[2551.3s] epoch 120 step 94950 avg_loss=0.208
[2552.8s] epoch 120 step 95000 avg_loss=0.191
[2554.4s] epoch 120 step 95050 avg_loss=0.187
[2555.9s] epoch 120 step 95100 avg_loss=0.194
[2557.1s] epoch 120 step 95150 avg_loss=0.184
[2558.6s] epoch 120 step 95200 avg_loss=0.178
[2559.9s] epoch 120 step 95250 avg_loss=0.170
[2561.3s] epoch 120 step 95300 avg_loss=0.166
[2562.5s] === epoch 120 done: avg_loss=0.165 (n=788 derivations) ===
[2562.6s] epoch 121 step 95350 avg_loss=0.014
[2563.9s] epoch 121 step 95400 avg_loss=0.266
[2565.2s] epoch 121 step 95450 avg_loss=0.356
[2566.4s] epoch 121 step 95500 avg_loss=0.260
[2567.8s] epoch 121 step 95550 avg_loss=0.248
[2569.2s] epoch 121 step 95600 avg_loss=0.217
[2570.7s] epoch 121 step 95650 avg_loss=0.205
[2572.0s] epoch 121 step 95700 avg_loss=0.205
[2573.4s] epoch 121 step 95750 avg_loss=0.191
[2574.7s] epoch 121 step 95800 avg_loss=0.185
[2575.9s] epoch 121 step 95850 avg_loss=0.179
[2577.0s] epoch 121 step 95900 avg_loss=0.171
[2578.1s] epoch 121 step 95950 avg_loss=0.162
[2579.4s] epoch 121 step 96000 avg_loss=0.155
[2580.9s] epoch 121 step 96050 avg_loss=0.156
[2582.2s] epoch 121 step 96100 avg_loss=0.158
[2583.0s] === epoch 121 done: avg_loss=0.153 (n=788 derivations) ===
[2583.3s] epoch 122 step 96150 avg_loss=0.096
[2584.5s] epoch 122 step 96200 avg_loss=0.081
[2585.5s] epoch 122 step 96250 avg_loss=0.068
[2586.9s] epoch 122 step 96300 avg_loss=0.073
[2588.3s] epoch 122 step 96350 avg_loss=0.073
[2589.7s] epoch 122 step 96400 avg_loss=0.100
[2591.0s] epoch 122 step 96450 avg_loss=0.101
[2592.1s] epoch 122 step 96500 avg_loss=0.097
[2593.5s] epoch 122 step 96550 avg_loss=0.096
[2595.1s] epoch 122 step 96600 avg_loss=0.100
[2596.3s] epoch 122 step 96650 avg_loss=0.101
[2597.6s] epoch 122 step 96700 avg_loss=0.104
[2599.1s] epoch 122 step 96750 avg_loss=0.127
[2600.3s] epoch 122 step 96800 avg_loss=0.127
[2601.8s] epoch 122 step 96850 avg_loss=0.123
[2602.9s] epoch 122 step 96900 avg_loss=0.120
[2603.4s] === epoch 122 done: avg_loss=0.118 (n=788 derivations) ===
[2604.0s] epoch 123 step 96950 avg_loss=0.242
[2605.1s] epoch 123 step 97000 avg_loss=0.201
[2606.6s] epoch 123 step 97050 avg_loss=0.398
[2607.7s] epoch 123 step 97100 avg_loss=0.302
[2609.0s] epoch 123 step 97150 avg_loss=0.256
[2610.5s] epoch 123 step 97200 avg_loss=0.233
[2612.1s] epoch 123 step 97250 avg_loss=0.217
[2613.4s] epoch 123 step 97300 avg_loss=0.202
[2614.9s] epoch 123 step 97350 avg_loss=0.197
[2616.1s] epoch 123 step 97400 avg_loss=0.186
[2617.3s] epoch 123 step 97450 avg_loss=0.179
[2618.6s] epoch 123 step 97500 avg_loss=0.173
[2619.9s] epoch 123 step 97550 avg_loss=0.167
[2621.1s] epoch 123 step 97600 avg_loss=0.161
[2622.5s] epoch 123 step 97650 avg_loss=0.167
[2623.9s] epoch 123 step 97700 avg_loss=0.161
[2624.3s] === epoch 123 done: avg_loss=0.159 (n=788 derivations) ===
[2625.6s] epoch 124 step 97750 avg_loss=0.146
[2627.0s] epoch 124 step 97800 avg_loss=0.175
[2628.4s] epoch 124 step 97850 avg_loss=0.229
[2629.7s] epoch 124 step 97900 avg_loss=0.208
[2630.9s] epoch 124 step 97950 avg_loss=0.181
[2632.1s] epoch 124 step 98000 avg_loss=0.195
[2633.3s] epoch 124 step 98050 avg_loss=0.238
[2634.7s] epoch 124 step 98100 avg_loss=0.232
[2635.9s] epoch 124 step 98150 avg_loss=0.218
[2637.2s] epoch 124 step 98200 avg_loss=0.222
[2638.6s] epoch 124 step 98250 avg_loss=0.214
[2639.8s] epoch 124 step 98300 avg_loss=0.209
[2641.1s] epoch 124 step 98350 avg_loss=0.211
[2642.4s] epoch 124 step 98400 avg_loss=0.204
[2643.6s] epoch 124 step 98450 avg_loss=0.211
[2644.7s] epoch 124 step 98500 avg_loss=0.208
[2644.7s] === epoch 124 done: avg_loss=0.208 (n=788 derivations) ===
[2646.0s] epoch 125 step 98550 avg_loss=0.153
[2647.3s] epoch 125 step 98600 avg_loss=0.185
[2648.4s] epoch 125 step 98650 avg_loss=0.214
[2649.6s] epoch 125 step 98700 avg_loss=0.325
[2650.8s] epoch 125 step 98750 avg_loss=0.367
[2651.9s] epoch 125 step 98800 avg_loss=0.332
[2653.1s] epoch 125 step 98850 avg_loss=0.340
[2654.3s] epoch 125 step 98900 avg_loss=0.336
[2655.6s] epoch 125 step 98950 avg_loss=0.347
[2657.0s] epoch 125 step 99000 avg_loss=0.345
[2658.5s] epoch 125 step 99050 avg_loss=0.351
[2660.1s] epoch 125 step 99100 avg_loss=0.338
[2661.2s] epoch 125 step 99150 avg_loss=0.333
[2662.5s] epoch 125 step 99200 avg_loss=0.323
[2663.7s] epoch 125 step 99250 avg_loss=0.329
[2664.7s] === epoch 125 done: avg_loss=0.322 (n=788 derivations) ===
[2665.1s] epoch 126 step 99300 avg_loss=0.422
[2666.5s] epoch 126 step 99350 avg_loss=0.443
[2667.9s] epoch 126 step 99400 avg_loss=0.428
[2669.4s] epoch 126 step 99450 avg_loss=0.469
[2670.6s] epoch 126 step 99500 avg_loss=0.447
[2671.9s] epoch 126 step 99550 avg_loss=0.421
[2673.2s] epoch 126 step 99600 avg_loss=0.444
[2674.7s] epoch 126 step 99650 avg_loss=0.456
[2676.3s] epoch 126 step 99700 avg_loss=0.456
[2677.4s] epoch 126 step 99750 avg_loss=0.463
[2678.6s] epoch 126 step 99800 avg_loss=0.456
[2679.9s] epoch 126 step 99850 avg_loss=0.472
[2681.0s] epoch 126 step 99900 avg_loss=0.473
[2682.2s] epoch 126 step 99950 avg_loss=0.453
[2683.3s] epoch 126 step 100000 avg_loss=0.454
[2684.8s] epoch 126 step 100050 avg_loss=0.464
[2685.6s] === epoch 126 done: avg_loss=0.477 (n=788 derivations) ===
[2686.2s] epoch 127 step 100100 avg_loss=0.185
[2687.5s] epoch 127 step 100150 avg_loss=0.296
[2688.6s] epoch 127 step 100200 avg_loss=0.322
[2689.9s] epoch 127 step 100250 avg_loss=0.354
[2691.1s] epoch 127 step 100300 avg_loss=0.505
[2692.4s] epoch 127 step 100350 avg_loss=0.544
[2693.7s] epoch 127 step 100400 avg_loss=0.549
[2694.8s] epoch 127 step 100450 avg_loss=0.509
[2696.3s] epoch 127 step 100500 avg_loss=0.510
[2697.8s] epoch 127 step 100550 avg_loss=0.516
[2698.9s] epoch 127 step 100600 avg_loss=0.521
[2700.5s] epoch 127 step 100650 avg_loss=0.521
[2702.0s] epoch 127 step 100700 avg_loss=0.572
[2703.2s] epoch 127 step 100750 avg_loss=0.573
[2704.6s] epoch 127 step 100800 avg_loss=0.557
[2706.0s] epoch 127 step 100850 avg_loss=0.546
[2706.4s] === epoch 127 done: avg_loss=0.544 (n=788 derivations) ===
[2707.4s] epoch 128 step 100900 avg_loss=0.328
[2708.8s] epoch 128 step 100950 avg_loss=0.448
[2710.0s] epoch 128 step 101000 avg_loss=0.516
[2711.4s] epoch 128 step 101050 avg_loss=0.516
[2712.7s] epoch 128 step 101100 avg_loss=0.571
[2713.9s] epoch 128 step 101150 avg_loss=0.540
[2715.2s] epoch 128 step 101200 avg_loss=0.519
[2716.5s] epoch 128 step 101250 avg_loss=0.503
[2717.9s] epoch 128 step 101300 avg_loss=0.497
[2719.3s] epoch 128 step 101350 avg_loss=0.540
[2720.5s] epoch 128 step 101400 avg_loss=0.520
[2721.9s] epoch 128 step 101450 avg_loss=0.543
[2723.0s] epoch 128 step 101500 avg_loss=0.539
[2724.1s] epoch 128 step 101550 avg_loss=0.545
[2725.5s] epoch 128 step 101600 avg_loss=0.546
[2726.9s] epoch 128 step 101650 avg_loss=0.544
[2726.9s] === epoch 128 done: avg_loss=0.543 (n=788 derivations) ===
[2728.3s] epoch 129 step 101700 avg_loss=0.405
[2729.3s] epoch 129 step 101750 avg_loss=0.352
[2730.6s] epoch 129 step 101800 avg_loss=0.467
[2731.7s] epoch 129 step 101850 avg_loss=0.447
[2733.0s] epoch 129 step 101900 avg_loss=0.449
[2734.3s] epoch 129 step 101950 avg_loss=0.464
[2735.6s] epoch 129 step 102000 avg_loss=0.465
[2736.7s] epoch 129 step 102050 avg_loss=0.517
[2738.1s] epoch 129 step 102100 avg_loss=0.519
[2739.6s] epoch 129 step 102150 avg_loss=0.535
[2740.9s] epoch 129 step 102200 avg_loss=0.523
[2742.3s] epoch 129 step 102250 avg_loss=0.518
[2743.6s] epoch 129 step 102300 avg_loss=0.542
[2745.0s] epoch 129 step 102350 avg_loss=0.528
[2746.2s] epoch 129 step 102400 avg_loss=0.531
[2748.4s] eval step=3250 train_avg_loss=0.524 dev_rank1_f1=0.3109 dev_edge_p=0.2611 dev_edge_r=0.3842
[2748.4s] === epoch 129 done: avg_loss=0.524 (n=788 derivations) ===
[2748.7s] epoch 130 step 102450 avg_loss=0.196
[2750.0s] epoch 130 step 102500 avg_loss=0.457
[2751.2s] epoch 130 step 102550 avg_loss=0.407
[2752.6s] epoch 130 step 102600 avg_loss=0.393
[2753.7s] epoch 130 step 102650 avg_loss=0.378
[2755.2s] epoch 130 step 102700 avg_loss=0.386
[2756.5s] epoch 130 step 102750 avg_loss=0.382
[2757.7s] epoch 130 step 102800 avg_loss=0.378
[2758.8s] epoch 130 step 102850 avg_loss=0.385
[2760.0s] epoch 130 step 102900 avg_loss=0.399
[2761.0s] epoch 130 step 102950 avg_loss=0.402
[2762.3s] epoch 130 step 103000 avg_loss=0.404
[2763.6s] epoch 130 step 103050 avg_loss=0.407
[2764.7s] epoch 130 step 103100 avg_loss=0.416
[2766.2s] epoch 130 step 103150 avg_loss=0.418
[2767.4s] epoch 130 step 103200 avg_loss=0.418
[2768.2s] === epoch 130 done: avg_loss=0.411 (n=788 derivations) ===
[2768.8s] epoch 131 step 103250 avg_loss=0.718
[2769.6s] epoch 131 step 103300 avg_loss=0.391
[2770.8s] epoch 131 step 103350 avg_loss=0.336
[2772.2s] epoch 131 step 103400 avg_loss=0.437
[2773.6s] epoch 131 step 103450 avg_loss=0.499
[2774.7s] epoch 131 step 103500 avg_loss=0.453
[2775.8s] epoch 131 step 103550 avg_loss=0.467
[2777.3s] epoch 131 step 103600 avg_loss=0.518
[2778.5s] epoch 131 step 103650 avg_loss=0.503
[2780.0s] epoch 131 step 103700 avg_loss=0.503
[2781.5s] epoch 131 step 103750 avg_loss=0.499
[2782.9s] epoch 131 step 103800 avg_loss=0.505
[2784.2s] epoch 131 step 103850 avg_loss=0.496
[2785.6s] epoch 131 step 103900 avg_loss=0.492
[2787.0s] epoch 131 step 103950 avg_loss=0.491
[2788.5s] epoch 131 step 104000 avg_loss=0.485
[2788.9s] === epoch 131 done: avg_loss=0.488 (n=788 derivations) ===
[2789.7s] epoch 132 step 104050 avg_loss=0.254
[2791.2s] epoch 132 step 104100 avg_loss=0.280
[2792.3s] epoch 132 step 104150 avg_loss=0.263
[2793.5s] epoch 132 step 104200 avg_loss=0.280
[2794.8s] epoch 132 step 104250 avg_loss=0.297
[2796.1s] epoch 132 step 104300 avg_loss=0.303
[2797.5s] epoch 132 step 104350 avg_loss=0.323
[2798.6s] epoch 132 step 104400 avg_loss=0.309
[2799.9s] epoch 132 step 104450 avg_loss=0.333
[2801.1s] epoch 132 step 104500 avg_loss=0.340
[2802.4s] epoch 132 step 104550 avg_loss=0.342
[2803.8s] epoch 132 step 104600 avg_loss=0.353
[2805.3s] epoch 132 step 104650 avg_loss=0.353
[2806.5s] epoch 132 step 104700 avg_loss=0.346
[2807.9s] epoch 132 step 104750 avg_loss=0.343
[2809.2s] epoch 132 step 104800 avg_loss=0.343
[2809.3s] === epoch 132 done: avg_loss=0.343 (n=788 derivations) ===
[2810.5s] epoch 133 step 104850 avg_loss=0.534
[2811.5s] epoch 133 step 104900 avg_loss=0.354
[2812.8s] epoch 133 step 104950 avg_loss=0.312
[2814.1s] epoch 133 step 105000 avg_loss=0.280
[2815.5s] epoch 133 step 105050 avg_loss=0.272
[2816.9s] epoch 133 step 105100 avg_loss=0.315
[2818.2s] epoch 133 step 105150 avg_loss=0.320
[2819.4s] epoch 133 step 105200 avg_loss=0.318
[2820.5s] epoch 133 step 105250 avg_loss=0.318
[2821.9s] epoch 133 step 105300 avg_loss=0.333
[2823.0s] epoch 133 step 105350 avg_loss=0.325
[2824.3s] epoch 133 step 105400 avg_loss=0.337
[2825.5s] epoch 133 step 105450 avg_loss=0.328
[2826.8s] epoch 133 step 105500 avg_loss=0.325
[2828.1s] epoch 133 step 105550 avg_loss=0.332
[2829.1s] === epoch 133 done: avg_loss=0.327 (n=788 derivations) ===
[2829.3s] epoch 134 step 105600 avg_loss=0.321
[2830.5s] epoch 134 step 105650 avg_loss=0.208
[2831.7s] epoch 134 step 105700 avg_loss=0.245
[2832.8s] epoch 134 step 105750 avg_loss=0.224
[2833.9s] epoch 134 step 105800 avg_loss=0.231
[2835.1s] epoch 134 step 105850 avg_loss=0.225
[2836.4s] epoch 134 step 105900 avg_loss=0.249
[2837.7s] epoch 134 step 105950 avg_loss=0.244
[2839.1s] epoch 134 step 106000 avg_loss=0.279
[2840.5s] epoch 134 step 106050 avg_loss=0.276
[2841.9s] epoch 134 step 106100 avg_loss=0.296
[2843.5s] epoch 134 step 106150 avg_loss=0.303
[2844.9s] epoch 134 step 106200 avg_loss=0.303
[2846.2s] epoch 134 step 106250 avg_loss=0.309
[2847.8s] epoch 134 step 106300 avg_loss=0.318
[2849.1s] epoch 134 step 106350 avg_loss=0.320
[2849.8s] === epoch 134 done: avg_loss=0.317 (n=788 derivations) ===
[2850.4s] epoch 135 step 106400 avg_loss=0.190
[2851.6s] epoch 135 step 106450 avg_loss=0.179
[2852.8s] epoch 135 step 106500 avg_loss=0.256
[2854.1s] epoch 135 step 106550 avg_loss=0.246
[2855.3s] epoch 135 step 106600 avg_loss=0.219
[2856.4s] epoch 135 step 106650 avg_loss=0.234
[2857.7s] epoch 135 step 106700 avg_loss=0.233
[2859.0s] epoch 135 step 106750 avg_loss=0.264
[2860.3s] epoch 135 step 106800 avg_loss=0.257
[2861.7s] epoch 135 step 106850 avg_loss=0.263
[2863.0s] epoch 135 step 106900 avg_loss=0.263
[2864.3s] epoch 135 step 106950 avg_loss=0.264
[2865.7s] epoch 135 step 107000 avg_loss=0.263
[2867.1s] epoch 135 step 107050 avg_loss=0.269
[2868.8s] epoch 135 step 107100 avg_loss=0.267
[2870.2s] epoch 135 step 107150 avg_loss=0.266
[2870.9s] === epoch 135 done: avg_loss=0.269 (n=788 derivations) ===
[2871.8s] epoch 136 step 107200 avg_loss=0.094
[2873.4s] epoch 136 step 107250 avg_loss=0.111
[2874.9s] epoch 136 step 107300 avg_loss=0.127
[2876.2s] epoch 136 step 107350 avg_loss=0.175
[2877.6s] epoch 136 step 107400 avg_loss=0.180
[2879.1s] epoch 136 step 107450 avg_loss=0.188
[2880.2s] epoch 136 step 107500 avg_loss=0.198
[2881.5s] epoch 136 step 107550 avg_loss=0.193
[2882.9s] epoch 136 step 107600 avg_loss=0.191
[2884.1s] epoch 136 step 107650 avg_loss=0.213
[2885.3s] epoch 136 step 107700 avg_loss=0.217
[2886.6s] epoch 136 step 107750 avg_loss=0.213
[2887.9s] epoch 136 step 107800 avg_loss=0.217
[2889.1s] epoch 136 step 107850 avg_loss=0.215
[2890.4s] epoch 136 step 107900 avg_loss=0.218
[2891.9s] epoch 136 step 107950 avg_loss=0.234
[2892.1s] === epoch 136 done: avg_loss=0.235 (n=788 derivations) ===
[2893.2s] epoch 137 step 108000 avg_loss=0.292
[2894.5s] epoch 137 step 108050 avg_loss=0.221
[2895.9s] epoch 137 step 108100 avg_loss=0.219
[2897.1s] epoch 137 step 108150 avg_loss=0.214
[2898.7s] epoch 137 step 108200 avg_loss=0.210
[2900.1s] epoch 137 step 108250 avg_loss=0.197
[2901.3s] epoch 137 step 108300 avg_loss=0.192
[2902.8s] epoch 137 step 108350 avg_loss=0.188
[2904.0s] epoch 137 step 108400 avg_loss=0.195
[2905.3s] epoch 137 step 108450 avg_loss=0.193
[2906.5s] epoch 137 step 108500 avg_loss=0.192
[2907.9s] epoch 137 step 108550 avg_loss=0.194
[2909.4s] epoch 137 step 108600 avg_loss=0.191
[2910.6s] epoch 137 step 108650 avg_loss=0.187
[2912.1s] epoch 137 step 108700 avg_loss=0.187
[2913.1s] === epoch 137 done: avg_loss=0.184 (n=788 derivations) ===
[2913.3s] epoch 138 step 108750 avg_loss=0.067
[2914.5s] epoch 138 step 108800 avg_loss=0.121
[2915.8s] epoch 138 step 108850 avg_loss=0.131
[2917.3s] epoch 138 step 108900 avg_loss=0.130
[2918.9s] epoch 138 step 108950 avg_loss=0.147
[2920.8s] epoch 138 step 109000 avg_loss=0.154
[2922.3s] epoch 138 step 109050 avg_loss=0.150
[2923.9s] epoch 138 step 109100 avg_loss=0.152
[2925.2s] epoch 138 step 109150 avg_loss=0.149
[2926.5s] epoch 138 step 109200 avg_loss=0.145
[2928.1s] epoch 138 step 109250 avg_loss=0.141
[2929.4s] epoch 138 step 109300 avg_loss=0.146
[2930.6s] epoch 138 step 109350 avg_loss=0.140
[2932.0s] epoch 138 step 109400 avg_loss=0.137
[2933.0s] epoch 138 step 109450 avg_loss=0.132
[2934.5s] epoch 138 step 109500 avg_loss=0.132
[2935.4s] === epoch 138 done: avg_loss=0.129 (n=788 derivations) ===
[2935.8s] epoch 139 step 109550 avg_loss=0.090
[2937.0s] epoch 139 step 109600 avg_loss=0.059
[2938.5s] epoch 139 step 109650 avg_loss=0.065
[2939.9s] epoch 139 step 109700 avg_loss=0.074
[2941.6s] epoch 139 step 109750 avg_loss=0.091
[2942.8s] epoch 139 step 109800 avg_loss=0.094
[2944.4s] epoch 139 step 109850 avg_loss=0.148
[2945.6s] epoch 139 step 109900 avg_loss=0.136
[2946.9s] epoch 139 step 109950 avg_loss=0.128
[2948.2s] epoch 139 step 110000 avg_loss=0.127
[2949.4s] epoch 139 step 110050 avg_loss=0.124
[2950.5s] epoch 139 step 110100 avg_loss=0.118
[2951.7s] epoch 139 step 110150 avg_loss=0.118
[2952.9s] epoch 139 step 110200 avg_loss=0.115
[2954.2s] epoch 139 step 110250 avg_loss=0.117
[2955.6s] epoch 139 step 110300 avg_loss=0.115
[2957.3s] eval step=3500 train_avg_loss=0.116 dev_rank1_f1=0.3136 dev_edge_p=0.2640 dev_edge_r=0.3860
[2957.3s] === epoch 139 done: avg_loss=0.116 (n=788 derivations) ===
[2958.1s] epoch 140 step 110350 avg_loss=0.075
[2959.5s] epoch 140 step 110400 avg_loss=0.095
[2960.7s] epoch 140 step 110450 avg_loss=0.082
[2961.9s] epoch 140 step 110500 avg_loss=0.083
[2963.1s] epoch 140 step 110550 avg_loss=0.082
[2964.2s] epoch 140 step 110600 avg_loss=0.090
[2965.4s] epoch 140 step 110650 avg_loss=0.089
[2966.8s] epoch 140 step 110700 avg_loss=0.087
[2968.1s] epoch 140 step 110750 avg_loss=0.083
[2969.3s] epoch 140 step 110800 avg_loss=0.081
[2970.8s] epoch 140 step 110850 avg_loss=0.080
[2971.9s] epoch 140 step 110900 avg_loss=0.079
[2973.2s] epoch 140 step 110950 avg_loss=0.078
[2974.6s] epoch 140 step 111000 avg_loss=0.078
[2975.8s] epoch 140 step 111050 avg_loss=0.079
[2977.3s] epoch 140 step 111100 avg_loss=0.078
[2977.6s] === epoch 140 done: avg_loss=0.077 (n=788 derivations) ===
[2978.9s] epoch 141 step 111150 avg_loss=0.053
[2980.4s] epoch 141 step 111200 avg_loss=0.046
[2981.8s] epoch 141 step 111250 avg_loss=0.051
[2983.2s] epoch 141 step 111300 avg_loss=0.071
[2984.6s] epoch 141 step 111350 avg_loss=0.072
[2985.7s] epoch 141 step 111400 avg_loss=0.067
[2987.1s] epoch 141 step 111450 avg_loss=0.064
[2988.7s] epoch 141 step 111500 avg_loss=0.064
[2990.1s] epoch 141 step 111550 avg_loss=0.064
[2991.5s] epoch 141 step 111600 avg_loss=0.069
[2992.8s] epoch 141 step 111650 avg_loss=0.070
[2993.9s] epoch 141 step 111700 avg_loss=0.066
[2994.9s] epoch 141 step 111750 avg_loss=0.065
[2996.2s] epoch 141 step 111800 avg_loss=0.064
[2997.7s] epoch 141 step 111850 avg_loss=0.064
[2998.9s] === epoch 141 done: avg_loss=0.063 (n=788 derivations) ===
[2999.0s] epoch 142 step 111900 avg_loss=0.052
[3000.3s] epoch 142 step 111950 avg_loss=0.050
[3001.9s] epoch 142 step 112000 avg_loss=0.058
[3003.1s] epoch 142 step 112050 avg_loss=0.050
[3004.5s] epoch 142 step 112100 avg_loss=0.050
[3005.8s] epoch 142 step 112150 avg_loss=0.048
[3007.1s] epoch 142 step 112200 avg_loss=0.046
[3008.4s] epoch 142 step 112250 avg_loss=0.047
[3009.8s] epoch 142 step 112300 avg_loss=0.047
[3011.3s] epoch 142 step 112350 avg_loss=0.049
[3012.6s] epoch 142 step 112400 avg_loss=0.049
[3013.9s] epoch 142 step 112450 avg_loss=0.050
[3015.2s] epoch 142 step 112500 avg_loss=0.054
[3016.4s] epoch 142 step 112550 avg_loss=0.052
[3017.7s] epoch 142 step 112600 avg_loss=0.053
[3019.1s] epoch 142 step 112650 avg_loss=0.053
[3019.9s] === epoch 142 done: avg_loss=0.052 (n=788 derivations) ===
[3020.3s] epoch 143 step 112700 avg_loss=0.052
[3021.8s] epoch 143 step 112750 avg_loss=0.058
[3023.0s] epoch 143 step 112800 avg_loss=0.049
[3024.1s] epoch 143 step 112850 avg_loss=0.049
[3025.5s] epoch 143 step 112900 avg_loss=0.061
[3026.7s] epoch 143 step 112950 avg_loss=0.059
[3028.1s] epoch 143 step 113000 avg_loss=0.057
[3029.3s] epoch 143 step 113050 avg_loss=0.056
[3030.3s] epoch 143 step 113100 avg_loss=0.054
[3031.9s] epoch 143 step 113150 avg_loss=0.053
[3033.2s] epoch 143 step 113200 avg_loss=0.052
[3034.5s] epoch 143 step 113250 avg_loss=0.054
[3035.8s] epoch 143 step 113300 avg_loss=0.053
[3037.1s] epoch 143 step 113350 avg_loss=0.052
[3038.4s] epoch 143 step 113400 avg_loss=0.051
[3039.5s] epoch 143 step 113450 avg_loss=0.050
[3040.1s] === epoch 143 done: avg_loss=0.049 (n=788 derivations) ===
[3041.0s] epoch 144 step 113500 avg_loss=0.041
[3042.4s] epoch 144 step 113550 avg_loss=0.071
[3043.7s] epoch 144 step 113600 avg_loss=0.056
[3045.0s] epoch 144 step 113650 avg_loss=0.054
[3046.3s] epoch 144 step 113700 avg_loss=0.057
[3047.9s] epoch 144 step 113750 avg_loss=0.057
[3049.3s] epoch 144 step 113800 avg_loss=0.057
[3050.5s] epoch 144 step 113850 avg_loss=0.053
[3051.8s] epoch 144 step 113900 avg_loss=0.051
[3053.1s] epoch 144 step 113950 avg_loss=0.049
[3054.2s] epoch 144 step 114000 avg_loss=0.047
[3055.7s] epoch 144 step 114050 avg_loss=0.048
[3056.9s] epoch 144 step 114100 avg_loss=0.049
[3058.3s] epoch 144 step 114150 avg_loss=0.048
[3059.5s] epoch 144 step 114200 avg_loss=0.047
[3061.0s] epoch 144 step 114250 avg_loss=0.047
[3061.1s] === epoch 144 done: avg_loss=0.046 (n=788 derivations) ===
[3062.2s] epoch 145 step 114300 avg_loss=0.066
[3063.5s] epoch 145 step 114350 avg_loss=0.047
[3064.8s] epoch 145 step 114400 avg_loss=0.046
[3066.1s] epoch 145 step 114450 avg_loss=0.041
[3067.5s] epoch 145 step 114500 avg_loss=0.040
[3068.8s] epoch 145 step 114550 avg_loss=0.038
[3069.9s] epoch 145 step 114600 avg_loss=0.036
[3071.1s] epoch 145 step 114650 avg_loss=0.040
[3072.3s] epoch 145 step 114700 avg_loss=0.040
[3073.6s] epoch 145 step 114750 avg_loss=0.046
[3074.8s] epoch 145 step 114800 avg_loss=0.044
[3076.1s] epoch 145 step 114850 avg_loss=0.043
[3077.8s] epoch 145 step 114900 avg_loss=0.044
[3079.2s] epoch 145 step 114950 avg_loss=0.044
[3080.3s] epoch 145 step 115000 avg_loss=0.043
[3081.7s] === epoch 145 done: avg_loss=0.043 (n=788 derivations) ===
[3081.8s] epoch 146 step 115050 avg_loss=0.275
[3083.1s] epoch 146 step 115100 avg_loss=0.043
[3084.3s] epoch 146 step 115150 avg_loss=0.068
[3085.6s] epoch 146 step 115200 avg_loss=0.056
[3087.0s] epoch 146 step 115250 avg_loss=0.055
[3088.3s] epoch 146 step 115300 avg_loss=0.060
[3089.5s] epoch 146 step 115350 avg_loss=0.053
[3090.9s] epoch 146 step 115400 avg_loss=0.050
[3092.3s] epoch 146 step 115450 avg_loss=0.049
[3093.7s] epoch 146 step 115500 avg_loss=0.047
[3094.8s] epoch 146 step 115550 avg_loss=0.046
[3096.0s] epoch 146 step 115600 avg_loss=0.044
[3097.3s] epoch 146 step 115650 avg_loss=0.043
[3098.7s] epoch 146 step 115700 avg_loss=0.043
[3100.0s] epoch 146 step 115750 avg_loss=0.042
[3101.4s] epoch 146 step 115800 avg_loss=0.042
[3102.3s] === epoch 146 done: avg_loss=0.042 (n=788 derivations) ===
[3102.6s] epoch 147 step 115850 avg_loss=0.028
[3103.8s] epoch 147 step 115900 avg_loss=0.028
[3105.3s] epoch 147 step 115950 avg_loss=0.036
[3106.6s] epoch 147 step 116000 avg_loss=0.035
[3108.1s] epoch 147 step 116050 avg_loss=0.035
[3109.5s] epoch 147 step 116100 avg_loss=0.038
[3110.8s] epoch 147 step 116150 avg_loss=0.044
[3112.0s] epoch 147 step 116200 avg_loss=0.041
[3113.1s] epoch 147 step 116250 avg_loss=0.039
[3114.3s] epoch 147 step 116300 avg_loss=0.039
[3115.5s] epoch 147 step 116350 avg_loss=0.039
[3116.8s] epoch 147 step 116400 avg_loss=0.039
[3118.2s] epoch 147 step 116450 avg_loss=0.039
[3119.6s] epoch 147 step 116500 avg_loss=0.039
[3120.8s] epoch 147 step 116550 avg_loss=0.040
[3122.1s] epoch 147 step 116600 avg_loss=0.040
[3122.8s] === epoch 147 done: avg_loss=0.040 (n=788 derivations) ===
[3123.5s] epoch 148 step 116650 avg_loss=0.026
[3125.0s] epoch 148 step 116700 avg_loss=0.039
[3126.1s] epoch 148 step 116750 avg_loss=0.033
[3127.4s] epoch 148 step 116800 avg_loss=0.030
[3128.7s] epoch 148 step 116850 avg_loss=0.031
[3130.0s] epoch 148 step 116900 avg_loss=0.032
[3131.3s] epoch 148 step 116950 avg_loss=0.033
[3132.6s] epoch 148 step 117000 avg_loss=0.037
[3133.9s] epoch 148 step 117050 avg_loss=0.037
[3135.1s] epoch 148 step 117100 avg_loss=0.038
[3136.4s] epoch 148 step 117150 avg_loss=0.039
[3137.8s] epoch 148 step 117200 avg_loss=0.038
[3139.1s] epoch 148 step 117250 avg_loss=0.038
[3140.5s] epoch 148 step 117300 avg_loss=0.038
[3141.8s] epoch 148 step 117350 avg_loss=0.038
[3143.0s] epoch 148 step 117400 avg_loss=0.038
[3143.5s] === epoch 148 done: avg_loss=0.037 (n=788 derivations) ===
[3144.7s] epoch 149 step 117450 avg_loss=0.027
[3146.2s] epoch 149 step 117500 avg_loss=0.042
[3147.6s] epoch 149 step 117550 avg_loss=0.042
[3148.8s] epoch 149 step 117600 avg_loss=0.039
[3150.1s] epoch 149 step 117650 avg_loss=0.040
[3151.4s] epoch 149 step 117700 avg_loss=0.038
[3152.8s] epoch 149 step 117750 avg_loss=0.036
[3154.2s] epoch 149 step 117800 avg_loss=0.036
[3155.5s] epoch 149 step 117850 avg_loss=0.034
[3157.0s] epoch 149 step 117900 avg_loss=0.036
[3158.5s] epoch 149 step 117950 avg_loss=0.035
[3159.8s] epoch 149 step 118000 avg_loss=0.035
[3161.0s] epoch 149 step 118050 avg_loss=0.035
[3162.4s] epoch 149 step 118100 avg_loss=0.035
[3163.7s] epoch 149 step 118150 avg_loss=0.035
[3165.2s] epoch 149 step 118200 avg_loss=0.036
[3166.5s] eval step=3750 train_avg_loss=0.036 dev_rank1_f1=0.3302 dev_edge_p=0.2812 dev_edge_r=0.4000
[3166.5s] === epoch 149 done: avg_loss=0.036 (n=788 derivations) ===
[3168.1s] epoch 150 step 118250 avg_loss=0.041
[3169.4s] epoch 150 step 118300 avg_loss=0.040
[3171.0s] epoch 150 step 118350 avg_loss=0.040
[3172.3s] epoch 150 step 118400 avg_loss=0.042
[3173.7s] epoch 150 step 118450 avg_loss=0.045
[3175.2s] epoch 150 step 118500 avg_loss=0.043
[3176.4s] epoch 150 step 118550 avg_loss=0.044
[3177.7s] epoch 150 step 118600 avg_loss=0.041
[3179.0s] epoch 150 step 118650 avg_loss=0.039
[3180.4s] epoch 150 step 118700 avg_loss=0.039
[3181.6s] epoch 150 step 118750 avg_loss=0.038
[3182.9s] epoch 150 step 118800 avg_loss=0.038
[3184.3s] epoch 150 step 118850 avg_loss=0.037
[3185.6s] epoch 150 step 118900 avg_loss=0.036
[3187.0s] epoch 150 step 118950 avg_loss=0.035
[3188.0s] === epoch 150 done: avg_loss=0.035 (n=788 derivations) ===
[3188.2s] epoch 151 step 119000 avg_loss=0.010
[3189.4s] epoch 151 step 119050 avg_loss=0.028
[3191.0s] epoch 151 step 119100 avg_loss=0.039
[3192.6s] epoch 151 step 119150 avg_loss=0.038
[3194.4s] epoch 151 step 119200 avg_loss=0.036
[3195.8s] epoch 151 step 119250 avg_loss=0.035
[3197.0s] epoch 151 step 119300 avg_loss=0.033
[3198.3s] epoch 151 step 119350 avg_loss=0.033
[3199.8s] epoch 151 step 119400 avg_loss=0.033
[3201.4s] epoch 151 step 119450 avg_loss=0.033
[3202.9s] epoch 151 step 119500 avg_loss=0.033
[3204.1s] epoch 151 step 119550 avg_loss=0.032
[3205.6s] epoch 151 step 119600 avg_loss=0.035
[3206.9s] epoch 151 step 119650 avg_loss=0.035
[3208.3s] epoch 151 step 119700 avg_loss=0.035
[3209.3s] epoch 151 step 119750 avg_loss=0.034
[3209.9s] === epoch 151 done: avg_loss=0.033 (n=788 derivations) ===
[3210.7s] epoch 152 step 119800 avg_loss=0.022
[3211.8s] epoch 152 step 119850 avg_loss=0.031
[3212.9s] epoch 152 step 119900 avg_loss=0.030
[3214.2s] epoch 152 step 119950 avg_loss=0.037
[3215.5s] epoch 152 step 120000 avg_loss=0.035
[3216.7s] epoch 152 step 120050 avg_loss=0.033
[3217.7s] epoch 152 step 120100 avg_loss=0.033
[3219.1s] epoch 152 step 120150 avg_loss=0.034
[3220.4s] epoch 152 step 120200 avg_loss=0.035
[3221.9s] epoch 152 step 120250 avg_loss=0.036
[3223.0s] epoch 152 step 120300 avg_loss=0.035
[3224.1s] epoch 152 step 120350 avg_loss=0.034
[3225.2s] epoch 152 step 120400 avg_loss=0.035
[3226.7s] epoch 152 step 120450 avg_loss=0.034
[3228.1s] epoch 152 step 120500 avg_loss=0.033
[3229.7s] epoch 152 step 120550 avg_loss=0.033
[3230.1s] === epoch 152 done: avg_loss=0.032 (n=788 derivations) ===
[3231.2s] epoch 153 step 120600 avg_loss=0.037
[3232.3s] epoch 153 step 120650 avg_loss=0.033
[3233.6s] epoch 153 step 120700 avg_loss=0.030
[3235.3s] epoch 153 step 120750 avg_loss=0.040
[3236.5s] epoch 153 step 120800 avg_loss=0.039
[3237.9s] epoch 153 step 120850 avg_loss=0.036
[3239.0s] epoch 153 step 120900 avg_loss=0.034
[3240.4s] epoch 153 step 120950 avg_loss=0.032
[3241.8s] epoch 153 step 121000 avg_loss=0.032
[3243.2s] epoch 153 step 121050 avg_loss=0.032
[3244.7s] epoch 153 step 121100 avg_loss=0.031
[3245.9s] epoch 153 step 121150 avg_loss=0.030
[3247.2s] epoch 153 step 121200 avg_loss=0.031
[3248.4s] epoch 153 step 121250 avg_loss=0.030
[3249.7s] epoch 153 step 121300 avg_loss=0.031
[3251.0s] epoch 153 step 121350 avg_loss=0.031
[3251.0s] === epoch 153 done: avg_loss=0.031 (n=788 derivations) ===
[3252.1s] epoch 154 step 121400 avg_loss=0.028
[3253.4s] epoch 154 step 121450 avg_loss=0.030
[3254.9s] epoch 154 step 121500 avg_loss=0.029
[3256.1s] epoch 154 step 121550 avg_loss=0.027
[3257.3s] epoch 154 step 121600 avg_loss=0.026
[3258.5s] epoch 154 step 121650 avg_loss=0.027
[3259.8s] epoch 154 step 121700 avg_loss=0.032
[3260.9s] epoch 154 step 121750 avg_loss=0.031
[3262.3s] epoch 154 step 121800 avg_loss=0.031
[3263.5s] epoch 154 step 121850 avg_loss=0.032
[3264.6s] epoch 154 step 121900 avg_loss=0.031
[3266.0s] epoch 154 step 121950 avg_loss=0.032
[3267.5s] epoch 154 step 122000 avg_loss=0.031
[3269.0s] epoch 154 step 122050 avg_loss=0.031
[3270.5s] epoch 154 step 122100 avg_loss=0.030
[3271.7s] === epoch 154 done: avg_loss=0.030 (n=788 derivations) ===
[3272.0s] epoch 155 step 122150 avg_loss=0.019
[3273.3s] epoch 155 step 122200 avg_loss=0.027
[3274.7s] epoch 155 step 122250 avg_loss=0.037
[3275.9s] epoch 155 step 122300 avg_loss=0.031
[3277.1s] epoch 155 step 122350 avg_loss=0.029
[3278.3s] epoch 155 step 122400 avg_loss=0.028
[3279.5s] epoch 155 step 122450 avg_loss=0.028
[3280.7s] epoch 155 step 122500 avg_loss=0.029
[3282.0s] epoch 155 step 122550 avg_loss=0.031
[3283.3s] epoch 155 step 122600 avg_loss=0.031
[3285.0s] epoch 155 step 122650 avg_loss=0.031
[3286.4s] epoch 155 step 122700 avg_loss=0.031
[3287.7s] epoch 155 step 122750 avg_loss=0.030
[3289.0s] epoch 155 step 122800 avg_loss=0.030
[3290.3s] epoch 155 step 122850 avg_loss=0.029
[3291.8s] epoch 155 step 122900 avg_loss=0.030
[3292.4s] === epoch 155 done: avg_loss=0.030 (n=788 derivations) ===
[3293.0s] epoch 156 step 122950 avg_loss=0.029
[3294.3s] epoch 156 step 123000 avg_loss=0.036
[3295.4s] epoch 156 step 123050 avg_loss=0.030
[3296.8s] epoch 156 step 123100 avg_loss=0.028
[3298.1s] epoch 156 step 123150 avg_loss=0.027
[3299.2s] epoch 156 step 123200 avg_loss=0.026
[3300.4s] epoch 156 step 123250 avg_loss=0.026
[3301.5s] epoch 156 step 123300 avg_loss=0.024
[3302.7s] epoch 156 step 123350 avg_loss=0.024
[3304.2s] epoch 156 step 123400 avg_loss=0.026
[3305.7s] epoch 156 step 123450 avg_loss=0.026
[3307.2s] epoch 156 step 123500 avg_loss=0.027
[3308.6s] epoch 156 step 123550 avg_loss=0.027
[3310.1s] epoch 156 step 123600 avg_loss=0.029
[3311.4s] epoch 156 step 123650 avg_loss=0.029
[3312.6s] epoch 156 step 123700 avg_loss=0.029
[3313.1s] === epoch 156 done: avg_loss=0.029 (n=788 derivations) ===
[3313.8s] epoch 157 step 123750 avg_loss=0.018
[3315.2s] epoch 157 step 123800 avg_loss=0.032
[3316.5s] epoch 157 step 123850 avg_loss=0.028
[3317.6s] epoch 157 step 123900 avg_loss=0.024
[3318.9s] epoch 157 step 123950 avg_loss=0.026
[3320.2s] epoch 157 step 124000 avg_loss=0.027
[3321.5s] epoch 157 step 124050 avg_loss=0.026
[3322.8s] epoch 157 step 124100 avg_loss=0.027
[3324.1s] epoch 157 step 124150 avg_loss=0.029
[3325.7s] epoch 157 step 124200 avg_loss=0.031
[3326.9s] epoch 157 step 124250 avg_loss=0.029
[3328.3s] epoch 157 step 124300 avg_loss=0.029
[3329.7s] epoch 157 step 124350 avg_loss=0.029
[3331.1s] epoch 157 step 124400 avg_loss=0.028
[3332.8s] epoch 157 step 124450 avg_loss=0.028
[3334.6s] epoch 157 step 124500 avg_loss=0.028
[3334.8s] === epoch 157 done: avg_loss=0.028 (n=788 derivations) ===
[3336.1s] epoch 158 step 124550 avg_loss=0.032
[3337.3s] epoch 158 step 124600 avg_loss=0.023
[3338.6s] epoch 158 step 124650 avg_loss=0.028
[3340.4s] epoch 158 step 124700 avg_loss=0.033
[3341.8s] epoch 158 step 124750 avg_loss=0.034
[3343.2s] epoch 158 step 124800 avg_loss=0.032
[3344.6s] epoch 158 step 124850 avg_loss=0.031
[3345.9s] epoch 158 step 124900 avg_loss=0.030
[3347.0s] epoch 158 step 124950 avg_loss=0.029
[3348.3s] epoch 158 step 125000 avg_loss=0.028
[3349.7s] epoch 158 step 125050 avg_loss=0.028
[3351.3s] epoch 158 step 125100 avg_loss=0.029
[3352.7s] epoch 158 step 125150 avg_loss=0.028
[3353.8s] epoch 158 step 125200 avg_loss=0.028
[3355.4s] epoch 158 step 125250 avg_loss=0.028
[3356.7s] === epoch 158 done: avg_loss=0.027 (n=788 derivations) ===
[3356.9s] epoch 159 step 125300 avg_loss=0.018
[3358.4s] epoch 159 step 125350 avg_loss=0.029
[3360.2s] epoch 159 step 125400 avg_loss=0.028
[3361.4s] epoch 159 step 125450 avg_loss=0.024
[3362.8s] epoch 159 step 125500 avg_loss=0.026
[3364.1s] epoch 159 step 125550 avg_loss=0.028
[3365.7s] epoch 159 step 125600 avg_loss=0.028
[3367.2s] epoch 159 step 125650 avg_loss=0.030
[3368.5s] epoch 159 step 125700 avg_loss=0.029
[3370.0s] epoch 159 step 125750 avg_loss=0.030
[3371.9s] epoch 159 step 125800 avg_loss=0.030
[3373.2s] epoch 159 step 125850 avg_loss=0.029
[3374.5s] epoch 159 step 125900 avg_loss=0.028
[3376.0s] epoch 159 step 125950 avg_loss=0.027
[3377.5s] epoch 159 step 126000 avg_loss=0.027
[3379.1s] epoch 159 step 126050 avg_loss=0.027
[3381.3s] eval step=4000 train_avg_loss=0.027 dev_rank1_f1=0.3275 dev_edge_p=0.2757 dev_edge_r=0.4034
[3381.3s] === epoch 159 done: avg_loss=0.027 (n=788 derivations) ===
[3381.9s] epoch 160 step 126100 avg_loss=0.014
[3383.2s] epoch 160 step 126150 avg_loss=0.017
[3384.4s] epoch 160 step 126200 avg_loss=0.022
[3385.8s] epoch 160 step 126250 avg_loss=0.026
[3387.1s] epoch 160 step 126300 avg_loss=0.029
[3388.4s] epoch 160 step 126350 avg_loss=0.028
[3389.8s] epoch 160 step 126400 avg_loss=0.027
[3391.0s] epoch 160 step 126450 avg_loss=0.026
[3392.3s] epoch 160 step 126500 avg_loss=0.025
[3393.5s] epoch 160 step 126550 avg_loss=0.025
[3394.8s] epoch 160 step 126600 avg_loss=0.026
[3396.2s] epoch 160 step 126650 avg_loss=0.026
[3397.6s] epoch 160 step 126700 avg_loss=0.026
[3398.9s] epoch 160 step 126750 avg_loss=0.026
[3400.2s] epoch 160 step 126800 avg_loss=0.027
[3401.3s] epoch 160 step 126850 avg_loss=0.026
[3401.8s] === epoch 160 done: avg_loss=0.026 (n=788 derivations) ===
[3402.8s] epoch 161 step 126900 avg_loss=0.031
[3403.9s] epoch 161 step 126950 avg_loss=0.028
[3405.1s] epoch 161 step 127000 avg_loss=0.025
[3406.4s] epoch 161 step 127050 avg_loss=0.022
[3407.8s] epoch 161 step 127100 avg_loss=0.024
[3409.1s] epoch 161 step 127150 avg_loss=0.023
[3410.3s] epoch 161 step 127200 avg_loss=0.022
[3411.6s] epoch 161 step 127250 avg_loss=0.022
[3412.7s] epoch 161 step 127300 avg_loss=0.025
[3413.8s] epoch 161 step 127350 avg_loss=0.024
[3415.2s] epoch 161 step 127400 avg_loss=0.024
[3416.6s] epoch 161 step 127450 avg_loss=0.025
[3418.0s] epoch 161 step 127500 avg_loss=0.025
[3419.2s] epoch 161 step 127550 avg_loss=0.025
[3420.6s] epoch 161 step 127600 avg_loss=0.025
[3421.8s] epoch 161 step 127650 avg_loss=0.025
[3422.0s] === epoch 161 done: avg_loss=0.025 (n=788 derivations) ===
[3423.1s] epoch 162 step 127700 avg_loss=0.022
[3424.2s] epoch 162 step 127750 avg_loss=0.029
[3425.5s] epoch 162 step 127800 avg_loss=0.028
[3426.7s] epoch 162 step 127850 avg_loss=0.028
[3428.3s] epoch 162 step 127900 avg_loss=0.025
[3429.7s] epoch 162 step 127950 avg_loss=0.026
[3431.0s] epoch 162 step 128000 avg_loss=0.025
[3432.2s] epoch 162 step 128050 avg_loss=0.024
[3433.7s] epoch 162 step 128100 avg_loss=0.024
[3434.8s] epoch 162 step 128150 avg_loss=0.024
[3436.0s] epoch 162 step 128200 avg_loss=0.024
[3437.3s] epoch 162 step 128250 avg_loss=0.024
[3438.7s] epoch 162 step 128300 avg_loss=0.025
[3439.9s] epoch 162 step 128350 avg_loss=0.024
[3441.3s] epoch 162 step 128400 avg_loss=0.024
[3442.5s] === epoch 162 done: avg_loss=0.025 (n=788 derivations) ===
[3442.7s] epoch 163 step 128450 avg_loss=0.024
[3443.8s] epoch 163 step 128500 avg_loss=0.017
[3445.2s] epoch 163 step 128550 avg_loss=0.020
[3446.4s] epoch 163 step 128600 avg_loss=0.019
[3447.7s] epoch 163 step 128650 avg_loss=0.021
[3449.1s] epoch 163 step 128700 avg_loss=0.022
[3450.5s] epoch 163 step 128750 avg_loss=0.022
[3451.7s] epoch 163 step 128800 avg_loss=0.021
[3453.2s] epoch 163 step 128850 avg_loss=0.023
[3454.4s] epoch 163 step 128900 avg_loss=0.023
[3455.6s] epoch 163 step 128950 avg_loss=0.024
[3456.7s] epoch 163 step 129000 avg_loss=0.023
[3457.9s] epoch 163 step 129050 avg_loss=0.023
[3459.4s] epoch 163 step 129100 avg_loss=0.024
[3460.8s] epoch 163 step 129150 avg_loss=0.024
[3461.9s] epoch 163 step 129200 avg_loss=0.024
[3462.8s] === epoch 163 done: avg_loss=0.024 (n=788 derivations) ===
[3463.2s] epoch 164 step 129250 avg_loss=0.018
[3464.5s] epoch 164 step 129300 avg_loss=0.027
[3465.8s] epoch 164 step 129350 avg_loss=0.026
[3467.2s] epoch 164 step 129400 avg_loss=0.025
[3468.5s] epoch 164 step 129450 avg_loss=0.028
[3470.1s] epoch 164 step 129500 avg_loss=0.027
[3471.6s] epoch 164 step 129550 avg_loss=0.028
[3472.8s] epoch 164 step 129600 avg_loss=0.027
[3474.0s] epoch 164 step 129650 avg_loss=0.026
[3475.4s] epoch 164 step 129700 avg_loss=0.025
[3476.7s] epoch 164 step 129750 avg_loss=0.025
[3477.9s] epoch 164 step 129800 avg_loss=0.024
[3479.0s] epoch 164 step 129850 avg_loss=0.024
[3480.3s] epoch 164 step 129900 avg_loss=0.024
[3481.7s] epoch 164 step 129950 avg_loss=0.024
[3483.1s] epoch 164 step 130000 avg_loss=0.024
[3483.7s] === epoch 164 done: avg_loss=0.024 (n=788 derivations) ===
[3484.4s] epoch 165 step 130050 avg_loss=0.013
[3485.7s] epoch 165 step 130100 avg_loss=0.024
[3487.1s] epoch 165 step 130150 avg_loss=0.026
[3488.5s] epoch 165 step 130200 avg_loss=0.025
[3489.7s] epoch 165 step 130250 avg_loss=0.025
[3491.2s] epoch 165 step 130300 avg_loss=0.024
[3492.6s] epoch 165 step 130350 avg_loss=0.023
[3494.0s] epoch 165 step 130400 avg_loss=0.024
[3495.5s] epoch 165 step 130450 avg_loss=0.025
[3497.0s] epoch 165 step 130500 avg_loss=0.024
[3498.2s] epoch 165 step 130550 avg_loss=0.024
[3499.5s] epoch 165 step 130600 avg_loss=0.024
[3500.9s] epoch 165 step 130650 avg_loss=0.024
[3502.1s] epoch 165 step 130700 avg_loss=0.023
[3503.3s] epoch 165 step 130750 avg_loss=0.023
[3504.9s] epoch 165 step 130800 avg_loss=0.023
[3505.2s] === epoch 165 done: avg_loss=0.023 (n=788 derivations) ===
[3506.2s] epoch 166 step 130850 avg_loss=0.016
[3507.4s] epoch 166 step 130900 avg_loss=0.022
[3508.7s] epoch 166 step 130950 avg_loss=0.023
[3509.9s] epoch 166 step 131000 avg_loss=0.026
[3511.2s] epoch 166 step 131050 avg_loss=0.025
[3512.5s] epoch 166 step 131100 avg_loss=0.025
[3513.8s] epoch 166 step 131150 avg_loss=0.024
[3515.0s] epoch 166 step 131200 avg_loss=0.024
[3516.5s] epoch 166 step 131250 avg_loss=0.025
[3517.7s] epoch 166 step 131300 avg_loss=0.024
[3519.2s] epoch 166 step 131350 avg_loss=0.024
[3520.6s] epoch 166 step 131400 avg_loss=0.024
[3521.8s] epoch 166 step 131450 avg_loss=0.023
[3523.0s] epoch 166 step 131500 avg_loss=0.022
[3524.2s] epoch 166 step 131550 avg_loss=0.022
[3525.6s] === epoch 166 done: avg_loss=0.023 (n=788 derivations) ===
[3525.8s] epoch 167 step 131600 avg_loss=0.037
[3527.1s] epoch 167 step 131650 avg_loss=0.025
[3528.5s] epoch 167 step 131700 avg_loss=0.021
[3530.0s] epoch 167 step 131750 avg_loss=0.021
[3531.2s] epoch 167 step 131800 avg_loss=0.023
[3532.6s] epoch 167 step 131850 avg_loss=0.021
[3534.1s] epoch 167 step 131900 avg_loss=0.021
[3535.7s] epoch 167 step 131950 avg_loss=0.023
[3537.2s] epoch 167 step 132000 avg_loss=0.023
[3538.7s] epoch 167 step 132050 avg_loss=0.024
[3539.9s] epoch 167 step 132100 avg_loss=0.023
[3541.3s] epoch 167 step 132150 avg_loss=0.022
[3542.5s] epoch 167 step 132200 avg_loss=0.023
[3543.8s] epoch 167 step 132250 avg_loss=0.023
[3545.0s] epoch 167 step 132300 avg_loss=0.023
[3546.2s] epoch 167 step 132350 avg_loss=0.022
[3546.9s] === epoch 167 done: avg_loss=0.022 (n=788 derivations) ===
[3547.3s] epoch 168 step 132400 avg_loss=0.012
[3548.7s] epoch 168 step 132450 avg_loss=0.027
[3549.8s] epoch 168 step 132500 avg_loss=0.023
[3551.1s] epoch 168 step 132550 avg_loss=0.026
[3552.3s] epoch 168 step 132600 avg_loss=0.025
[3553.6s] epoch 168 step 132650 avg_loss=0.024
[3555.0s] epoch 168 step 132700 avg_loss=0.024
[3556.2s] epoch 168 step 132750 avg_loss=0.022
[3557.5s] epoch 168 step 132800 avg_loss=0.022
[3558.7s] epoch 168 step 132850 avg_loss=0.021
[3559.8s] epoch 168 step 132900 avg_loss=0.021
[3561.1s] epoch 168 step 132950 avg_loss=0.020
[3562.7s] epoch 168 step 133000 avg_loss=0.021
[3563.9s] epoch 168 step 133050 avg_loss=0.021
[3565.1s] epoch 168 step 133100 avg_loss=0.022
[3566.4s] epoch 168 step 133150 avg_loss=0.022
[3567.0s] === epoch 168 done: avg_loss=0.022 (n=788 derivations) ===
[3567.7s] epoch 169 step 133200 avg_loss=0.012
[3569.0s] epoch 169 step 133250 avg_loss=0.012
[3570.1s] epoch 169 step 133300 avg_loss=0.014
[3571.5s] epoch 169 step 133350 avg_loss=0.017
[3572.8s] epoch 169 step 133400 avg_loss=0.019
[3574.2s] epoch 169 step 133450 avg_loss=0.020
[3575.4s] epoch 169 step 133500 avg_loss=0.020
[3576.8s] epoch 169 step 133550 avg_loss=0.020
[3578.0s] epoch 169 step 133600 avg_loss=0.020
[3579.3s] epoch 169 step 133650 avg_loss=0.021
[3580.4s] epoch 169 step 133700 avg_loss=0.021
[3581.6s] epoch 169 step 133750 avg_loss=0.021
[3583.0s] epoch 169 step 133800 avg_loss=0.021
[3584.3s] epoch 169 step 133850 avg_loss=0.022
[3585.6s] epoch 169 step 133900 avg_loss=0.021
[3586.9s] epoch 169 step 133950 avg_loss=0.021
[3588.4s] eval step=4250 train_avg_loss=0.021 dev_rank1_f1=0.3202 dev_edge_p=0.2716 dev_edge_r=0.3901
[3588.4s] === epoch 169 done: avg_loss=0.021 (n=788 derivations) ===
[3589.4s] epoch 170 step 134000 avg_loss=0.034
[3590.6s] epoch 170 step 134050 avg_loss=0.028
[3591.9s] epoch 170 step 134100 avg_loss=0.022
[3593.1s] epoch 170 step 134150 avg_loss=0.020
[3594.3s] epoch 170 step 134200 avg_loss=0.019
[3595.5s] epoch 170 step 134250 avg_loss=0.019
[3596.8s] epoch 170 step 134300 avg_loss=0.019
[3598.0s] epoch 170 step 134350 avg_loss=0.019
[3599.2s] epoch 170 step 134400 avg_loss=0.019
[3600.5s] epoch 170 step 134450 avg_loss=0.019
[3601.9s] epoch 170 step 134500 avg_loss=0.020
[3603.2s] epoch 170 step 134550 avg_loss=0.020
[3604.7s] epoch 170 step 134600 avg_loss=0.020
[3606.0s] epoch 170 step 134650 avg_loss=0.020
[3607.3s] epoch 170 step 134700 avg_loss=0.020
[3608.5s] === epoch 170 done: avg_loss=0.021 (n=788 derivations) ===
[3608.6s] epoch 171 step 134750 avg_loss=0.009
[3609.6s] epoch 171 step 134800 avg_loss=0.025
[3610.9s] epoch 171 step 134850 avg_loss=0.021
[3612.2s] epoch 171 step 134900 avg_loss=0.021
[3613.5s] epoch 171 step 134950 avg_loss=0.023
[3614.7s] epoch 171 step 135000 avg_loss=0.022
[3616.0s] epoch 171 step 135050 avg_loss=0.023
[3617.5s] epoch 171 step 135100 avg_loss=0.023
[3618.7s] epoch 171 step 135150 avg_loss=0.022
[3620.0s] epoch 171 step 135200 avg_loss=0.022
[3621.2s] epoch 171 step 135250 avg_loss=0.022
[3622.6s] epoch 171 step 135300 avg_loss=0.022
[3624.0s] epoch 171 step 135350 avg_loss=0.021
[3625.4s] epoch 171 step 135400 avg_loss=0.021
[3626.5s] epoch 171 step 135450 avg_loss=0.020
[3628.1s] epoch 171 step 135500 avg_loss=0.021
[3629.0s] === epoch 171 done: avg_loss=0.020 (n=788 derivations) ===
[3629.3s] epoch 172 step 135550 avg_loss=0.017
[3630.9s] epoch 172 step 135600 avg_loss=0.034
[3632.0s] epoch 172 step 135650 avg_loss=0.027
[3633.4s] epoch 172 step 135700 avg_loss=0.024
[3634.5s] epoch 172 step 135750 avg_loss=0.021
[3635.7s] epoch 172 step 135800 avg_loss=0.020
[3636.8s] epoch 172 step 135850 avg_loss=0.019
[3638.1s] epoch 172 step 135900 avg_loss=0.019
[3639.4s] epoch 172 step 135950 avg_loss=0.020
[3640.7s] epoch 172 step 136000 avg_loss=0.020
[3642.1s] epoch 172 step 136050 avg_loss=0.020
[3643.7s] epoch 172 step 136100 avg_loss=0.020
[3645.0s] epoch 172 step 136150 avg_loss=0.020
[3646.3s] epoch 172 step 136200 avg_loss=0.020
[3647.7s] epoch 172 step 136250 avg_loss=0.020
[3649.0s] epoch 172 step 136300 avg_loss=0.020
[3649.6s] === epoch 172 done: avg_loss=0.020 (n=788 derivations) ===
[3650.3s] epoch 173 step 136350 avg_loss=0.033
[3651.9s] epoch 173 step 136400 avg_loss=0.023
[3653.1s] epoch 173 step 136450 avg_loss=0.020
[3654.4s] epoch 173 step 136500 avg_loss=0.018
[3655.9s] epoch 173 step 136550 avg_loss=0.021
[3657.2s] epoch 173 step 136600 avg_loss=0.020
[3658.6s] epoch 173 step 136650 avg_loss=0.019
[3659.6s] epoch 173 step 136700 avg_loss=0.018
[3660.9s] epoch 173 step 136750 avg_loss=0.019
[3662.2s] epoch 173 step 136800 avg_loss=0.019
[3663.5s] epoch 173 step 136850 avg_loss=0.019
[3664.8s] epoch 173 step 136900 avg_loss=0.019
[3666.2s] epoch 173 step 136950 avg_loss=0.018
[3667.6s] epoch 173 step 137000 avg_loss=0.019
[3669.1s] epoch 173 step 137050 avg_loss=0.020
[3670.4s] epoch 173 step 137100 avg_loss=0.020
[3670.7s] === epoch 173 done: avg_loss=0.019 (n=788 derivations) ===
[3671.7s] epoch 174 step 137150 avg_loss=0.018
[3673.1s] epoch 174 step 137200 avg_loss=0.019
[3674.4s] epoch 174 step 137250 avg_loss=0.016
[3675.6s] epoch 174 step 137300 avg_loss=0.018
[3676.8s] epoch 174 step 137350 avg_loss=0.019
[3678.1s] epoch 174 step 137400 avg_loss=0.018
[3679.7s] epoch 174 step 137450 avg_loss=0.018
[3681.1s] epoch 174 step 137500 avg_loss=0.018
[3682.5s] epoch 174 step 137550 avg_loss=0.019
[3683.8s] epoch 174 step 137600 avg_loss=0.019
[3685.0s] epoch 174 step 137650 avg_loss=0.020
[3686.2s] epoch 174 step 137700 avg_loss=0.019
[3687.7s] epoch 174 step 137750 avg_loss=0.019
[3689.0s] epoch 174 step 137800 avg_loss=0.020
[3690.3s] epoch 174 step 137850 avg_loss=0.019
[3691.4s] epoch 174 step 137900 avg_loss=0.019
[3691.4s] === epoch 174 done: avg_loss=0.019 (n=788 derivations) ===
[3692.6s] epoch 175 step 137950 avg_loss=0.015
[3693.9s] epoch 175 step 138000 avg_loss=0.021
[3695.2s] epoch 175 step 138050 avg_loss=0.020
[3696.5s] epoch 175 step 138100 avg_loss=0.018
[3697.7s] epoch 175 step 138150 avg_loss=0.018
[3699.0s] epoch 175 step 138200 avg_loss=0.018
[3700.3s] epoch 175 step 138250 avg_loss=0.018
[3701.5s] epoch 175 step 138300 avg_loss=0.018
[3702.8s] epoch 175 step 138350 avg_loss=0.017
[3704.4s] epoch 175 step 138400 avg_loss=0.018
[3705.9s] epoch 175 step 138450 avg_loss=0.018
[3707.3s] epoch 175 step 138500 avg_loss=0.019
[3708.6s] epoch 175 step 138550 avg_loss=0.020
[3709.7s] epoch 175 step 138600 avg_loss=0.019
[3711.0s] epoch 175 step 138650 avg_loss=0.019
[3712.1s] === epoch 175 done: avg_loss=0.019 (n=788 derivations) ===
[3712.5s] epoch 176 step 138700 avg_loss=0.017
[3714.0s] epoch 176 step 138750 avg_loss=0.022
[3715.4s] epoch 176 step 138800 avg_loss=0.023
[3716.9s] epoch 176 step 138850 avg_loss=0.023
[3717.9s] epoch 176 step 138900 avg_loss=0.020
[3719.4s] epoch 176 step 138950 avg_loss=0.020
[3720.9s] epoch 176 step 139000 avg_loss=0.020
[3722.4s] epoch 176 step 139050 avg_loss=0.019
[3723.9s] epoch 176 step 139100 avg_loss=0.019
[3725.2s] epoch 176 step 139150 avg_loss=0.019
[3726.6s] epoch 176 step 139200 avg_loss=0.018
[3728.0s] epoch 176 step 139250 avg_loss=0.018
[3729.2s] epoch 176 step 139300 avg_loss=0.018
[3730.4s] epoch 176 step 139350 avg_loss=0.017
[3731.7s] epoch 176 step 139400 avg_loss=0.018
[3733.1s] epoch 176 step 139450 avg_loss=0.018
[3733.9s] === epoch 176 done: avg_loss=0.018 (n=788 derivations) ===
[3734.4s] epoch 177 step 139500 avg_loss=0.016
[3735.6s] epoch 177 step 139550 avg_loss=0.019
[3736.8s] epoch 177 step 139600 avg_loss=0.018
[3738.1s] epoch 177 step 139650 avg_loss=0.020
[3739.5s] epoch 177 step 139700 avg_loss=0.018
[3741.0s] epoch 177 step 139750 avg_loss=0.018
[3742.4s] epoch 177 step 139800 avg_loss=0.019
[3743.6s] epoch 177 step 139850 avg_loss=0.018
[3745.0s] epoch 177 step 139900 avg_loss=0.019
[3746.1s] epoch 177 step 139950 avg_loss=0.019
[3747.4s] epoch 177 step 140000 avg_loss=0.018
[3748.7s] epoch 177 step 140050 avg_loss=0.018
[3749.8s] epoch 177 step 140100 avg_loss=0.018
[3751.0s] epoch 177 step 140150 avg_loss=0.018
[3752.3s] epoch 177 step 140200 avg_loss=0.018
[3753.7s] epoch 177 step 140250 avg_loss=0.018
[3754.0s] === epoch 177 done: avg_loss=0.018 (n=788 derivations) ===
[3754.8s] epoch 178 step 140300 avg_loss=0.010
[3756.2s] epoch 178 step 140350 avg_loss=0.015
[3757.4s] epoch 178 step 140400 avg_loss=0.015
[3758.7s] epoch 178 step 140450 avg_loss=0.015
[3760.0s] epoch 178 step 140500 avg_loss=0.017
[3761.2s] epoch 178 step 140550 avg_loss=0.017
[3762.3s] epoch 178 step 140600 avg_loss=0.017
[3763.5s] epoch 178 step 140650 avg_loss=0.017
[3764.8s] epoch 178 step 140700 avg_loss=0.017
[3766.1s] epoch 178 step 140750 avg_loss=0.017
[3767.2s] epoch 178 step 140800 avg_loss=0.017
[3768.6s] epoch 178 step 140850 avg_loss=0.017
[3770.0s] epoch 178 step 140900 avg_loss=0.017
[3771.4s] epoch 178 step 140950 avg_loss=0.017
[3772.5s] epoch 178 step 141000 avg_loss=0.018
[3773.7s] epoch 178 step 141050 avg_loss=0.018
[3773.7s] === epoch 178 done: avg_loss=0.018 (n=788 derivations) ===
[3775.0s] epoch 179 step 141100 avg_loss=0.030
[3776.1s] epoch 179 step 141150 avg_loss=0.021
[3777.5s] epoch 179 step 141200 avg_loss=0.021
[3778.8s] epoch 179 step 141250 avg_loss=0.021
[3780.1s] epoch 179 step 141300 avg_loss=0.021
[3781.4s] epoch 179 step 141350 avg_loss=0.019
[3782.7s] epoch 179 step 141400 avg_loss=0.021
[3783.9s] epoch 179 step 141450 avg_loss=0.020
[3785.3s] epoch 179 step 141500 avg_loss=0.019
[3786.5s] epoch 179 step 141550 avg_loss=0.019
[3787.8s] epoch 179 step 141600 avg_loss=0.019
[3789.1s] epoch 179 step 141650 avg_loss=0.019
[3790.5s] epoch 179 step 141700 avg_loss=0.018
[3792.2s] epoch 179 step 141750 avg_loss=0.018
[3793.5s] epoch 179 step 141800 avg_loss=0.018
[3795.7s] eval step=4500 train_avg_loss=0.017 dev_rank1_f1=0.3195 dev_edge_p=0.2715 dev_edge_r=0.3881
[3795.7s] === epoch 179 done: avg_loss=0.017 (n=788 derivations) ===
[3796.1s] epoch 180 step 141850 avg_loss=0.038
[3797.5s] epoch 180 step 141900 avg_loss=0.020
[3798.9s] epoch 180 step 141950 avg_loss=0.017
[3800.2s] epoch 180 step 142000 avg_loss=0.015
[3801.6s] epoch 180 step 142050 avg_loss=0.014
[3803.1s] epoch 180 step 142100 avg_loss=0.016
[3804.6s] epoch 180 step 142150 avg_loss=0.015
[3806.2s] epoch 180 step 142200 avg_loss=0.015
[3807.6s] epoch 180 step 142250 avg_loss=0.016
[3809.2s] epoch 180 step 142300 avg_loss=0.016
[3810.7s] epoch 180 step 142350 avg_loss=0.016
[3812.3s] epoch 180 step 142400 avg_loss=0.016
[3813.8s] epoch 180 step 142450 avg_loss=0.017
[3815.1s] epoch 180 step 142500 avg_loss=0.018
[3816.3s] epoch 180 step 142550 avg_loss=0.017
[3817.5s] epoch 180 step 142600 avg_loss=0.017
[3818.0s] === epoch 180 done: avg_loss=0.017 (n=788 derivations) ===
[3818.6s] epoch 181 step 142650 avg_loss=0.012
[3820.0s] epoch 181 step 142700 avg_loss=0.019
[3821.2s] epoch 181 step 142750 avg_loss=0.016
[3822.5s] epoch 181 step 142800 avg_loss=0.014
[3823.9s] epoch 181 step 142850 avg_loss=0.015
[3825.5s] epoch 181 step 142900 avg_loss=0.016
[3826.9s] epoch 181 step 142950 avg_loss=0.015
[3828.3s] epoch 181 step 143000 avg_loss=0.015
[3829.8s] epoch 181 step 143050 avg_loss=0.017
[3831.1s] epoch 181 step 143100 avg_loss=0.017
[3832.3s] epoch 181 step 143150 avg_loss=0.016
[3833.7s] epoch 181 step 143200 avg_loss=0.016
[3835.3s] epoch 181 step 143250 avg_loss=0.016
[3836.8s] epoch 181 step 143300 avg_loss=0.016
[3838.1s] epoch 181 step 143350 avg_loss=0.016
[3839.4s] epoch 181 step 143400 avg_loss=0.017
[3839.8s] === epoch 181 done: avg_loss=0.017 (n=788 derivations) ===
[3840.7s] epoch 182 step 143450 avg_loss=0.036
[3842.1s] epoch 182 step 143500 avg_loss=0.026
[3843.2s] epoch 182 step 143550 avg_loss=0.021
[3844.7s] epoch 182 step 143600 avg_loss=0.022
[3845.9s] epoch 182 step 143650 avg_loss=0.020
[3847.2s] epoch 182 step 143700 avg_loss=0.018
[3848.4s] epoch 182 step 143750 avg_loss=0.019
[3849.6s] epoch 182 step 143800 avg_loss=0.018
[3850.7s] epoch 182 step 143850 avg_loss=0.017
[3852.0s] epoch 182 step 143900 avg_loss=0.017
[3853.4s] epoch 182 step 143950 avg_loss=0.017
[3854.7s] epoch 182 step 144000 avg_loss=0.017
[3856.1s] epoch 182 step 144050 avg_loss=0.017
[3857.4s] epoch 182 step 144100 avg_loss=0.017
[3858.7s] epoch 182 step 144150 avg_loss=0.017
[3859.7s] epoch 182 step 144200 avg_loss=0.016
[3859.9s] === epoch 182 done: avg_loss=0.016 (n=788 derivations) ===
[3861.2s] epoch 183 step 144250 avg_loss=0.019
[3862.6s] epoch 183 step 144300 avg_loss=0.016
[3863.9s] epoch 183 step 144350 avg_loss=0.022
[3865.1s] epoch 183 step 144400 avg_loss=0.020
[3866.5s] epoch 183 step 144450 avg_loss=0.018
[3867.9s] epoch 183 step 144500 avg_loss=0.018
[3869.4s] epoch 183 step 144550 avg_loss=0.019
[3870.7s] epoch 183 step 144600 avg_loss=0.018
[3872.0s] epoch 183 step 144650 avg_loss=0.019
[3873.1s] epoch 183 step 144700 avg_loss=0.018
[3874.4s] epoch 183 step 144750 avg_loss=0.017
[3875.6s] epoch 183 step 144800 avg_loss=0.017
[3876.9s] epoch 183 step 144850 avg_loss=0.017
[3878.0s] epoch 183 step 144900 avg_loss=0.016
[3879.3s] epoch 183 step 144950 avg_loss=0.016
[3880.4s] === epoch 183 done: avg_loss=0.016 (n=788 derivations) ===
[3880.6s] epoch 184 step 145000 avg_loss=0.008
[3881.9s] epoch 184 step 145050 avg_loss=0.015
[3883.1s] epoch 184 step 145100 avg_loss=0.016
[3884.7s] epoch 184 step 145150 avg_loss=0.018
[3886.0s] epoch 184 step 145200 avg_loss=0.017
[3887.1s] epoch 184 step 145250 avg_loss=0.016
[3888.7s] epoch 184 step 145300 avg_loss=0.019
[3890.0s] epoch 184 step 145350 avg_loss=0.018
[3891.3s] epoch 184 step 145400 avg_loss=0.017
[3892.6s] epoch 184 step 145450 avg_loss=0.016
[3893.6s] epoch 184 step 145500 avg_loss=0.016
[3894.8s] epoch 184 step 145550 avg_loss=0.016
[3896.1s] epoch 184 step 145600 avg_loss=0.016
[3897.4s] epoch 184 step 145650 avg_loss=0.016
[3898.7s] epoch 184 step 145700 avg_loss=0.016
[3900.2s] epoch 184 step 145750 avg_loss=0.016
[3900.9s] === epoch 184 done: avg_loss=0.016 (n=788 derivations) ===
[3901.3s] epoch 185 step 145800 avg_loss=0.007
[3902.6s] epoch 185 step 145850 avg_loss=0.013
[3904.0s] epoch 185 step 145900 avg_loss=0.014
[3905.3s] epoch 185 step 145950 avg_loss=0.016
[3906.6s] epoch 185 step 146000 avg_loss=0.016
[3907.8s] epoch 185 step 146050 avg_loss=0.015
[3909.3s] epoch 185 step 146100 avg_loss=0.016
[3910.6s] epoch 185 step 146150 avg_loss=0.015
[3912.1s] epoch 185 step 146200 avg_loss=0.016
[3913.6s] epoch 185 step 146250 avg_loss=0.015
[3914.9s] epoch 185 step 146300 avg_loss=0.016
[3916.2s] epoch 185 step 146350 avg_loss=0.016
[3917.7s] epoch 185 step 146400 avg_loss=0.016
[3919.0s] epoch 185 step 146450 avg_loss=0.016
[3920.7s] epoch 185 step 146500 avg_loss=0.016
[3922.1s] epoch 185 step 146550 avg_loss=0.015
[3922.5s] === epoch 185 done: avg_loss=0.015 (n=788 derivations) ===
[3923.2s] epoch 186 step 146600 avg_loss=0.012
[3924.6s] epoch 186 step 146650 avg_loss=0.013
[3926.0s] epoch 186 step 146700 avg_loss=0.013
[3927.5s] epoch 186 step 146750 avg_loss=0.013
[3928.7s] epoch 186 step 146800 avg_loss=0.013
[3930.1s] epoch 186 step 146850 avg_loss=0.016
[3931.2s] epoch 186 step 146900 avg_loss=0.015
[3932.5s] epoch 186 step 146950 avg_loss=0.015
[3933.7s] epoch 186 step 147000 avg_loss=0.014
[3934.8s] epoch 186 step 147050 avg_loss=0.015
[3935.9s] epoch 186 step 147100 avg_loss=0.015
[3937.2s] epoch 186 step 147150 avg_loss=0.015
[3938.6s] epoch 186 step 147200 avg_loss=0.015
[3939.9s] epoch 186 step 147250 avg_loss=0.015
[3941.1s] epoch 186 step 147300 avg_loss=0.015
[3942.3s] epoch 186 step 147350 avg_loss=0.015
[3942.5s] === epoch 186 done: avg_loss=0.015 (n=788 derivations) ===
[3943.8s] epoch 187 step 147400 avg_loss=0.024
[3945.0s] epoch 187 step 147450 avg_loss=0.018
[3946.4s] epoch 187 step 147500 avg_loss=0.016
[3948.0s] epoch 187 step 147550 avg_loss=0.015
[3949.2s] epoch 187 step 147600 avg_loss=0.014
[3950.4s] epoch 187 step 147650 avg_loss=0.014
[3951.6s] epoch 187 step 147700 avg_loss=0.013
[3953.0s] epoch 187 step 147750 avg_loss=0.014
[3954.3s] epoch 187 step 147800 avg_loss=0.014
[3955.6s] epoch 187 step 147850 avg_loss=0.014
[3957.1s] epoch 187 step 147900 avg_loss=0.014
[3958.3s] epoch 187 step 147950 avg_loss=0.014
[3959.6s] epoch 187 step 148000 avg_loss=0.014
[3960.9s] epoch 187 step 148050 avg_loss=0.014
[3962.1s] epoch 187 step 148100 avg_loss=0.015
[3963.3s] === epoch 187 done: avg_loss=0.015 (n=788 derivations) ===
[3963.4s] epoch 188 step 148150 avg_loss=0.004
[3964.6s] epoch 188 step 148200 avg_loss=0.013
[3965.9s] epoch 188 step 148250 avg_loss=0.011
[3967.1s] epoch 188 step 148300 avg_loss=0.010
[3968.4s] epoch 188 step 148350 avg_loss=0.012
[3969.6s] epoch 188 step 148400 avg_loss=0.012
[3970.9s] epoch 188 step 148450 avg_loss=0.012
[3972.1s] epoch 188 step 148500 avg_loss=0.012
[3973.6s] epoch 188 step 148550 avg_loss=0.012
[3974.9s] epoch 188 step 148600 avg_loss=0.013
[3976.2s] epoch 188 step 148650 avg_loss=0.013
[3977.5s] epoch 188 step 148700 avg_loss=0.012
[3978.9s] epoch 188 step 148750 avg_loss=0.013
[3980.4s] epoch 188 step 148800 avg_loss=0.013
[3981.8s] epoch 188 step 148850 avg_loss=0.013
[3983.3s] epoch 188 step 148900 avg_loss=0.014
[3984.2s] === epoch 188 done: avg_loss=0.015 (n=788 derivations) ===
[3984.8s] epoch 189 step 148950 avg_loss=0.013
[3986.2s] epoch 189 step 149000 avg_loss=0.015
[3987.4s] epoch 189 step 149050 avg_loss=0.014
[3988.8s] epoch 189 step 149100 avg_loss=0.014
[3990.1s] epoch 189 step 149150 avg_loss=0.013
[3991.3s] epoch 189 step 149200 avg_loss=0.013
[3992.6s] epoch 189 step 149250 avg_loss=0.013
[3993.8s] epoch 189 step 149300 avg_loss=0.013
[3995.3s] epoch 189 step 149350 avg_loss=0.014
[3996.8s] epoch 189 step 149400 avg_loss=0.014
[3998.0s] epoch 189 step 149450 avg_loss=0.013
[3999.5s] epoch 189 step 149500 avg_loss=0.014
[4001.0s] epoch 189 step 149550 avg_loss=0.014
[4002.4s] epoch 189 step 149600 avg_loss=0.014
[4003.7s] epoch 189 step 149650 avg_loss=0.014
[4005.1s] epoch 189 step 149700 avg_loss=0.014
[4007.2s] eval step=4750 train_avg_loss=0.014 dev_rank1_f1=0.3211 dev_edge_p=0.2747 dev_edge_r=0.3862
[4007.2s] === epoch 189 done: avg_loss=0.014 (n=788 derivations) ===
[4007.9s] epoch 190 step 149750 avg_loss=0.018
[4009.3s] epoch 190 step 149800 avg_loss=0.016
[4010.6s] epoch 190 step 149850 avg_loss=0.014
[4012.0s] epoch 190 step 149900 avg_loss=0.015
[4013.5s] epoch 190 step 149950 avg_loss=0.017
[4014.8s] epoch 190 step 150000 avg_loss=0.017
[4016.1s] epoch 190 step 150050 avg_loss=0.016
[4017.5s] epoch 190 step 150100 avg_loss=0.016
[4018.9s] epoch 190 step 150150 avg_loss=0.015
[4020.2s] epoch 190 step 150200 avg_loss=0.014
[4021.6s] epoch 190 step 150250 avg_loss=0.015
[4022.9s] epoch 190 step 150300 avg_loss=0.015
[4024.4s] epoch 190 step 150350 avg_loss=0.015
[4025.8s] epoch 190 step 150400 avg_loss=0.015
[4026.9s] epoch 190 step 150450 avg_loss=0.014
[4028.3s] epoch 190 step 150500 avg_loss=0.014
[4028.5s] === epoch 190 done: avg_loss=0.014 (n=788 derivations) ===
[4029.8s] epoch 191 step 150550 avg_loss=0.020
[4031.1s] epoch 191 step 150600 avg_loss=0.017
[4032.4s] epoch 191 step 150650 avg_loss=0.014
[4033.8s] epoch 191 step 150700 avg_loss=0.014
[4035.1s] epoch 191 step 150750 avg_loss=0.015
[4036.6s] epoch 191 step 150800 avg_loss=0.016
[4038.0s] epoch 191 step 150850 avg_loss=0.016
[4039.3s] epoch 191 step 150900 avg_loss=0.015
[4040.5s] epoch 191 step 150950 avg_loss=0.015
[4041.7s] epoch 191 step 151000 avg_loss=0.014
[4043.1s] epoch 191 step 151050 avg_loss=0.014
[4044.4s] epoch 191 step 151100 avg_loss=0.014
[4045.6s] epoch 191 step 151150 avg_loss=0.013
[4046.9s] epoch 191 step 151200 avg_loss=0.013
[4048.2s] epoch 191 step 151250 avg_loss=0.014
[4049.3s] === epoch 191 done: avg_loss=0.014 (n=788 derivations) ===
[4049.4s] epoch 192 step 151300 avg_loss=0.011
[4050.7s] epoch 192 step 151350 avg_loss=0.018
[4052.0s] epoch 192 step 151400 avg_loss=0.016
[4053.3s] epoch 192 step 151450 avg_loss=0.015
[4054.5s] epoch 192 step 151500 avg_loss=0.014
[4056.0s] epoch 192 step 151550 avg_loss=0.013
[4057.4s] epoch 192 step 151600 avg_loss=0.013
[4058.6s] epoch 192 step 151650 avg_loss=0.013
[4060.0s] epoch 192 step 151700 avg_loss=0.013
[4061.3s] epoch 192 step 151750 avg_loss=0.013
[4062.5s] epoch 192 step 151800 avg_loss=0.013
[4063.6s] epoch 192 step 151850 avg_loss=0.013
[4065.0s] epoch 192 step 151900 avg_loss=0.014
[4066.1s] epoch 192 step 151950 avg_loss=0.014
[4067.3s] epoch 192 step 152000 avg_loss=0.014
[4068.6s] epoch 192 step 152050 avg_loss=0.014
[4069.6s] === epoch 192 done: avg_loss=0.014 (n=788 derivations) ===
[4070.2s] epoch 193 step 152100 avg_loss=0.032
[4071.4s] epoch 193 step 152150 avg_loss=0.016
[4073.0s] epoch 193 step 152200 avg_loss=0.015
[4074.5s] epoch 193 step 152250 avg_loss=0.015
[4076.0s] epoch 193 step 152300 avg_loss=0.014
[4077.4s] epoch 193 step 152350 avg_loss=0.014
[4078.7s] epoch 193 step 152400 avg_loss=0.015
[4080.2s] epoch 193 step 152450 avg_loss=0.014
[4081.3s] epoch 193 step 152500 avg_loss=0.013
[4082.7s] epoch 193 step 152550 avg_loss=0.013
[4084.1s] epoch 193 step 152600 avg_loss=0.013
[4085.4s] epoch 193 step 152650 avg_loss=0.014
[4086.5s] epoch 193 step 152700 avg_loss=0.013
[4087.9s] epoch 193 step 152750 avg_loss=0.014
[4089.3s] epoch 193 step 152800 avg_loss=0.014
[4090.5s] epoch 193 step 152850 avg_loss=0.013
[4091.2s] === epoch 193 done: avg_loss=0.013 (n=788 derivations) ===
[4092.1s] epoch 194 step 152900 avg_loss=0.010
[4093.5s] epoch 194 step 152950 avg_loss=0.012
[4094.9s] epoch 194 step 153000 avg_loss=0.012
[4096.2s] epoch 194 step 153050 avg_loss=0.013
[4097.6s] epoch 194 step 153100 avg_loss=0.013
[4098.9s] epoch 194 step 153150 avg_loss=0.013
[4100.5s] epoch 194 step 153200 avg_loss=0.013
[4101.6s] epoch 194 step 153250 avg_loss=0.013
[4102.8s] epoch 194 step 153300 avg_loss=0.012
[4104.2s] epoch 194 step 153350 avg_loss=0.012
[4105.8s] epoch 194 step 153400 avg_loss=0.013
[4107.1s] epoch 194 step 153450 avg_loss=0.013
[4108.5s] epoch 194 step 153500 avg_loss=0.013
[4109.9s] epoch 194 step 153550 avg_loss=0.013
[4111.3s] epoch 194 step 153600 avg_loss=0.013
[4112.7s] epoch 194 step 153650 avg_loss=0.013
[4112.9s] === epoch 194 done: avg_loss=0.013 (n=788 derivations) ===
[4114.3s] epoch 195 step 153700 avg_loss=0.025
[4115.6s] epoch 195 step 153750 avg_loss=0.023
[4117.1s] epoch 195 step 153800 avg_loss=0.020
[4118.3s] epoch 195 step 153850 avg_loss=0.017
[4119.4s] epoch 195 step 153900 avg_loss=0.016
[4120.7s] epoch 195 step 153950 avg_loss=0.014
[4122.0s] epoch 195 step 154000 avg_loss=0.013
[4123.1s] epoch 195 step 154050 avg_loss=0.013
[4124.7s] epoch 195 step 154100 avg_loss=0.012
[4126.1s] epoch 195 step 154150 avg_loss=0.012
[4127.5s] epoch 195 step 154200 avg_loss=0.014
[4129.0s] epoch 195 step 154250 avg_loss=0.013
[4130.4s] epoch 195 step 154300 avg_loss=0.013
[4132.1s] epoch 195 step 154350 avg_loss=0.013
[4133.4s] epoch 195 step 154400 avg_loss=0.013
[4134.7s] === epoch 195 done: avg_loss=0.013 (n=788 derivations) ===
[4134.8s] epoch 196 step 154450 avg_loss=0.038
[4136.2s] epoch 196 step 154500 avg_loss=0.018
[4137.5s] epoch 196 step 154550 avg_loss=0.015
[4139.1s] epoch 196 step 154600 avg_loss=0.014
[4140.6s] epoch 196 step 154650 avg_loss=0.015
[4141.9s] epoch 196 step 154700 avg_loss=0.015
[4143.1s] epoch 196 step 154750 avg_loss=0.015
[4144.4s] epoch 196 step 154800 avg_loss=0.014
[4145.6s] epoch 196 step 154850 avg_loss=0.014
[4146.8s] epoch 196 step 154900 avg_loss=0.013
[4148.2s] epoch 196 step 154950 avg_loss=0.013
[4149.6s] epoch 196 step 155000 avg_loss=0.013
[4151.4s] epoch 196 step 155050 avg_loss=0.013
[4152.9s] epoch 196 step 155100 avg_loss=0.013
[4154.3s] epoch 196 step 155150 avg_loss=0.013
[4155.8s] epoch 196 step 155200 avg_loss=0.013
[4156.8s] === epoch 196 done: avg_loss=0.013 (n=788 derivations) ===
[4157.3s] epoch 197 step 155250 avg_loss=0.014
[4158.9s] epoch 197 step 155300 avg_loss=0.015
[4160.3s] epoch 197 step 155350 avg_loss=0.014
[4161.8s] epoch 197 step 155400 avg_loss=0.014
[4163.1s] epoch 197 step 155450 avg_loss=0.015
[4164.2s] epoch 197 step 155500 avg_loss=0.015
[4165.6s] epoch 197 step 155550 avg_loss=0.014
[4166.8s] epoch 197 step 155600 avg_loss=0.014
[4168.0s] epoch 197 step 155650 avg_loss=0.014
[4169.3s] epoch 197 step 155700 avg_loss=0.014
[4170.5s] epoch 197 step 155750 avg_loss=0.013
[4171.7s] epoch 197 step 155800 avg_loss=0.013
[4172.9s] epoch 197 step 155850 avg_loss=0.013
[4174.3s] epoch 197 step 155900 avg_loss=0.013
[4175.7s] epoch 197 step 155950 avg_loss=0.013
[4176.9s] epoch 197 step 156000 avg_loss=0.013
[4177.6s] === epoch 197 done: avg_loss=0.012 (n=788 derivations) ===
[4178.3s] epoch 198 step 156050 avg_loss=0.011
[4179.5s] epoch 198 step 156100 avg_loss=0.011
[4180.9s] epoch 198 step 156150 avg_loss=0.010
[4182.1s] epoch 198 step 156200 avg_loss=0.010
[4183.5s] epoch 198 step 156250 avg_loss=0.011
[4184.8s] epoch 198 step 156300 avg_loss=0.011
[4186.1s] epoch 198 step 156350 avg_loss=0.011
[4187.7s] epoch 198 step 156400 avg_loss=0.012
[4189.3s] epoch 198 step 156450 avg_loss=0.012
[4190.6s] epoch 198 step 156500 avg_loss=0.012
[4192.1s] epoch 198 step 156550 avg_loss=0.012
[4193.3s] epoch 198 step 156600 avg_loss=0.012
[4194.6s] epoch 198 step 156650 avg_loss=0.012
[4196.0s] epoch 198 step 156700 avg_loss=0.012
[4197.2s] epoch 198 step 156750 avg_loss=0.012
[4198.6s] epoch 198 step 156800 avg_loss=0.012
[4198.8s] === epoch 198 done: avg_loss=0.012 (n=788 derivations) ===
[4199.9s] epoch 199 step 156850 avg_loss=0.015
[4201.3s] epoch 199 step 156900 avg_loss=0.013
[4202.6s] epoch 199 step 156950 avg_loss=0.013
[4203.9s] epoch 199 step 157000 avg_loss=0.013
[4205.1s] epoch 199 step 157050 avg_loss=0.015
[4206.4s] epoch 199 step 157100 avg_loss=0.015
[4207.6s] epoch 199 step 157150 avg_loss=0.014
[4208.9s] epoch 199 step 157200 avg_loss=0.014
[4210.4s] epoch 199 step 157250 avg_loss=0.013
[4211.7s] epoch 199 step 157300 avg_loss=0.013
[4213.0s] epoch 199 step 157350 avg_loss=0.013
[4214.3s] epoch 199 step 157400 avg_loss=0.013
[4215.6s] epoch 199 step 157450 avg_loss=0.013
[4216.8s] epoch 199 step 157500 avg_loss=0.013
[4218.0s] epoch 199 step 157550 avg_loss=0.012
[4219.3s] epoch 199 step 157600 avg_loss=0.012
[4220.6s] eval step=5000 train_avg_loss=0.012 dev_rank1_f1=0.3237 dev_edge_p=0.2777 dev_edge_r=0.3880
[4220.6s] === epoch 199 done: avg_loss=0.012 (n=788 derivations) ===
[4222.1s] epoch 200 step 157650 avg_loss=0.016
[4223.4s] epoch 200 step 157700 avg_loss=0.016
[4224.8s] epoch 200 step 157750 avg_loss=0.013
[4226.3s] epoch 200 step 157800 avg_loss=0.013
[4227.6s] epoch 200 step 157850 avg_loss=0.014
[4229.0s] epoch 200 step 157900 avg_loss=0.013
[4230.6s] epoch 200 step 157950 avg_loss=0.014
[4231.8s] epoch 200 step 158000 avg_loss=0.013
[4233.0s] epoch 200 step 158050 avg_loss=0.013
[4234.1s] epoch 200 step 158100 avg_loss=0.012
[4235.4s] epoch 200 step 158150 avg_loss=0.012
[4236.7s] epoch 200 step 158200 avg_loss=0.012
[4237.8s] epoch 200 step 158250 avg_loss=0.012
[4239.0s] epoch 200 step 158300 avg_loss=0.012
[4240.2s] epoch 200 step 158350 avg_loss=0.012
[4241.2s] === epoch 200 done: avg_loss=0.012 (n=788 derivations) ===
[4241.5s] epoch 201 step 158400 avg_loss=0.021
[4242.8s] epoch 201 step 158450 avg_loss=0.018
[4244.2s] epoch 201 step 158500 avg_loss=0.013
[4245.7s] epoch 201 step 158550 avg_loss=0.012
[4246.9s] epoch 201 step 158600 avg_loss=0.012
[4248.3s] epoch 201 step 158650 avg_loss=0.012
[4249.8s] epoch 201 step 158700 avg_loss=0.012
[4251.1s] epoch 201 step 158750 avg_loss=0.013
[4252.3s] epoch 201 step 158800 avg_loss=0.012
[4253.5s] epoch 201 step 158850 avg_loss=0.012
[4254.7s] epoch 201 step 158900 avg_loss=0.012
[4256.1s] epoch 201 step 158950 avg_loss=0.012
[4257.3s] epoch 201 step 159000 avg_loss=0.012
[4258.5s] epoch 201 step 159050 avg_loss=0.012
[4260.1s] epoch 201 step 159100 avg_loss=0.012
[4261.4s] epoch 201 step 159150 avg_loss=0.012
[4262.1s] === epoch 201 done: avg_loss=0.012 (n=788 derivations) ===
[4262.7s] epoch 202 step 159200 avg_loss=0.010
[4264.1s] epoch 202 step 159250 avg_loss=0.009
[4265.6s] epoch 202 step 159300 avg_loss=0.012
[4266.8s] epoch 202 step 159350 avg_loss=0.011
[4268.3s] epoch 202 step 159400 avg_loss=0.011
[4269.7s] epoch 202 step 159450 avg_loss=0.012
[4270.9s] epoch 202 step 159500 avg_loss=0.012
[4272.2s] epoch 202 step 159550 avg_loss=0.012
[4273.4s] epoch 202 step 159600 avg_loss=0.011
[4274.7s] epoch 202 step 159650 avg_loss=0.012
[4275.9s] epoch 202 step 159700 avg_loss=0.012
[4277.1s] epoch 202 step 159750 avg_loss=0.012
[4278.3s] epoch 202 step 159800 avg_loss=0.012
[4279.5s] epoch 202 step 159850 avg_loss=0.012
[4280.7s] epoch 202 step 159900 avg_loss=0.012
[4282.1s] epoch 202 step 159950 avg_loss=0.011
[4282.6s] === epoch 202 done: avg_loss=0.011 (n=788 derivations) ===
[4283.7s] epoch 203 step 160000 avg_loss=0.011
[4285.2s] epoch 203 step 160050 avg_loss=0.010
[4286.5s] epoch 203 step 160100 avg_loss=0.011
[4287.6s] epoch 203 step 160150 avg_loss=0.010
[4289.2s] epoch 203 step 160200 avg_loss=0.011
[4290.9s] epoch 203 step 160250 avg_loss=0.013
[4292.2s] epoch 203 step 160300 avg_loss=0.012
[4293.4s] epoch 203 step 160350 avg_loss=0.011
[4294.7s] epoch 203 step 160400 avg_loss=0.011
[4295.9s] epoch 203 step 160450 avg_loss=0.011
[4297.2s] epoch 203 step 160500 avg_loss=0.011
[4298.5s] epoch 203 step 160550 avg_loss=0.011
[4299.6s] epoch 203 step 160600 avg_loss=0.011
[4300.9s] epoch 203 step 160650 avg_loss=0.011
[4302.3s] epoch 203 step 160700 avg_loss=0.011
[4303.6s] epoch 203 step 160750 avg_loss=0.011
[4303.6s] === epoch 203 done: avg_loss=0.011 (n=788 derivations) ===
[4304.9s] epoch 204 step 160800 avg_loss=0.013
[4306.2s] epoch 204 step 160850 avg_loss=0.014
[4307.8s] epoch 204 step 160900 avg_loss=0.012
[4309.3s] epoch 204 step 160950 avg_loss=0.015
[4310.7s] epoch 204 step 161000 avg_loss=0.013
[4312.0s] epoch 204 step 161050 avg_loss=0.013
[4313.3s] epoch 204 step 161100 avg_loss=0.012
[4314.6s] epoch 204 step 161150 avg_loss=0.011
[4315.9s] epoch 204 step 161200 avg_loss=0.012
[4317.2s] epoch 204 step 161250 avg_loss=0.012
[4318.4s] epoch 204 step 161300 avg_loss=0.011
[4319.8s] epoch 204 step 161350 avg_loss=0.011
[4321.1s] epoch 204 step 161400 avg_loss=0.011
[4322.2s] epoch 204 step 161450 avg_loss=0.011
[4323.5s] epoch 204 step 161500 avg_loss=0.011
[4324.6s] === epoch 204 done: avg_loss=0.011 (n=788 derivations) ===
[4324.9s] epoch 205 step 161550 avg_loss=0.005
[4326.2s] epoch 205 step 161600 avg_loss=0.015
[4327.5s] epoch 205 step 161650 avg_loss=0.014
[4329.0s] epoch 205 step 161700 avg_loss=0.014
[4330.5s] epoch 205 step 161750 avg_loss=0.013
[4332.1s] epoch 205 step 161800 avg_loss=0.013
[4333.4s] epoch 205 step 161850 avg_loss=0.012
[4334.6s] epoch 205 step 161900 avg_loss=0.011
[4335.8s] epoch 205 step 161950 avg_loss=0.011
[4337.1s] epoch 205 step 162000 avg_loss=0.011
[4338.5s] epoch 205 step 162050 avg_loss=0.011
[4339.8s] epoch 205 step 162100 avg_loss=0.011
[4341.1s] epoch 205 step 162150 avg_loss=0.011
[4342.3s] epoch 205 step 162200 avg_loss=0.011
[4343.7s] epoch 205 step 162250 avg_loss=0.011
[4345.0s] epoch 205 step 162300 avg_loss=0.011
[4345.8s] === epoch 205 done: avg_loss=0.011 (n=788 derivations) ===
[4346.4s] epoch 206 step 162350 avg_loss=0.007
[4347.8s] epoch 206 step 162400 avg_loss=0.011
[4349.1s] epoch 206 step 162450 avg_loss=0.012
[4350.3s] epoch 206 step 162500 avg_loss=0.011
[4351.6s] epoch 206 step 162550 avg_loss=0.011
[4352.9s] epoch 206 step 162600 avg_loss=0.010
[4354.3s] epoch 206 step 162650 avg_loss=0.010
[4355.7s] epoch 206 step 162700 avg_loss=0.010
[4356.8s] epoch 206 step 162750 avg_loss=0.010
[4357.9s] epoch 206 step 162800 avg_loss=0.010
[4359.2s] epoch 206 step 162850 avg_loss=0.010
[4360.5s] epoch 206 step 162900 avg_loss=0.010
[4361.9s] epoch 206 step 162950 avg_loss=0.010
[4363.3s] epoch 206 step 163000 avg_loss=0.011
[4364.7s] epoch 206 step 163050 avg_loss=0.011
[4366.0s] epoch 206 step 163100 avg_loss=0.011
[4366.4s] === epoch 206 done: avg_loss=0.011 (n=788 derivations) ===
[4367.1s] epoch 207 step 163150 avg_loss=0.006
[4368.3s] epoch 207 step 163200 avg_loss=0.007
[4369.4s] epoch 207 step 163250 avg_loss=0.006
[4370.4s] epoch 207 step 163300 avg_loss=0.008
[4371.8s] epoch 207 step 163350 avg_loss=0.009
[4373.1s] epoch 207 step 163400 avg_loss=0.010
[4374.3s] epoch 207 step 163450 avg_loss=0.010
[4375.5s] epoch 207 step 163500 avg_loss=0.010
[4376.8s] epoch 207 step 163550 avg_loss=0.010
[4378.3s] epoch 207 step 163600 avg_loss=0.010
[4379.6s] epoch 207 step 163650 avg_loss=0.010
[4380.9s] epoch 207 step 163700 avg_loss=0.010
[4382.5s] epoch 207 step 163750 avg_loss=0.010
[4384.0s] epoch 207 step 163800 avg_loss=0.010
[4385.6s] epoch 207 step 163850 avg_loss=0.010
[4386.8s] epoch 207 step 163900 avg_loss=0.010
[4386.9s] === epoch 207 done: avg_loss=0.010 (n=788 derivations) ===
[4388.2s] epoch 208 step 163950 avg_loss=0.013
[4389.6s] epoch 208 step 164000 avg_loss=0.012
[4390.6s] epoch 208 step 164050 avg_loss=0.010
[4391.8s] epoch 208 step 164100 avg_loss=0.010
[4393.2s] epoch 208 step 164150 avg_loss=0.010
[4394.5s] epoch 208 step 164200 avg_loss=0.010
[4395.8s] epoch 208 step 164250 avg_loss=0.010
[4397.1s] epoch 208 step 164300 avg_loss=0.009
[4398.6s] epoch 208 step 164350 avg_loss=0.009
[4399.8s] epoch 208 step 164400 avg_loss=0.009
[4401.2s] epoch 208 step 164450 avg_loss=0.009
[4402.7s] epoch 208 step 164500 avg_loss=0.010
[4403.8s] epoch 208 step 164550 avg_loss=0.010
[4405.1s] epoch 208 step 164600 avg_loss=0.010
[4406.3s] epoch 208 step 164650 avg_loss=0.010
[4407.6s] === epoch 208 done: avg_loss=0.010 (n=788 derivations) ===
[4407.9s] epoch 209 step 164700 avg_loss=0.013
[4409.0s] epoch 209 step 164750 avg_loss=0.005
[4410.2s] epoch 209 step 164800 avg_loss=0.007
[4411.4s] epoch 209 step 164850 avg_loss=0.008
[4412.8s] epoch 209 step 164900 avg_loss=0.008
[4414.2s] epoch 209 step 164950 avg_loss=0.009
[4415.8s] epoch 209 step 165000 avg_loss=0.010
[4417.1s] epoch 209 step 165050 avg_loss=0.010
[4418.5s] epoch 209 step 165100 avg_loss=0.010
[4419.9s] epoch 209 step 165150 avg_loss=0.010
[4421.4s] epoch 209 step 165200 avg_loss=0.010
[4422.8s] epoch 209 step 165250 avg_loss=0.010
[4424.3s] epoch 209 step 165300 avg_loss=0.010
[4425.7s] epoch 209 step 165350 avg_loss=0.010
[4427.1s] epoch 209 step 165400 avg_loss=0.010
[4428.4s] epoch 209 step 165450 avg_loss=0.010
[4430.5s] eval step=5250 train_avg_loss=0.010 dev_rank1_f1=0.3247 dev_edge_p=0.2778 dev_edge_r=0.3906
[4430.5s] === epoch 209 done: avg_loss=0.010 (n=788 derivations) ===
[4431.1s] epoch 210 step 165500 avg_loss=0.009
[4432.3s] epoch 210 step 165550 avg_loss=0.010
[4433.5s] epoch 210 step 165600 avg_loss=0.008
[4435.0s] epoch 210 step 165650 avg_loss=0.008
[4436.4s] epoch 210 step 165700 avg_loss=0.008
[4437.7s] epoch 210 step 165750 avg_loss=0.008
[4439.0s] epoch 210 step 165800 avg_loss=0.008
[4440.4s] epoch 210 step 165850 avg_loss=0.008
[4441.6s] epoch 210 step 165900 avg_loss=0.009
[4443.0s] epoch 210 step 165950 avg_loss=0.009
[4444.4s] epoch 210 step 166000 avg_loss=0.010
[4445.8s] epoch 210 step 166050 avg_loss=0.010
[4447.2s] epoch 210 step 166100 avg_loss=0.010
[4448.6s] epoch 210 step 166150 avg_loss=0.010
[4449.9s] epoch 210 step 166200 avg_loss=0.010
[4451.3s] epoch 210 step 166250 avg_loss=0.010
[4451.7s] === epoch 210 done: avg_loss=0.010 (n=788 derivations) ===
[4452.3s] epoch 211 step 166300 avg_loss=0.009
[4453.5s] epoch 211 step 166350 avg_loss=0.008
[4454.6s] epoch 211 step 166400 avg_loss=0.008
[4455.8s] epoch 211 step 166450 avg_loss=0.008
[4457.1s] epoch 211 step 166500 avg_loss=0.009
[4458.2s] epoch 211 step 166550 avg_loss=0.008
[4459.5s] epoch 211 step 166600 avg_loss=0.009
[4460.9s] epoch 211 step 166650 avg_loss=0.009
[4462.1s] epoch 211 step 166700 avg_loss=0.009
[4463.4s] epoch 211 step 166750 avg_loss=0.009
[4464.7s] epoch 211 step 166800 avg_loss=0.010
[4466.0s] epoch 211 step 166850 avg_loss=0.010
[4467.2s] epoch 211 step 166900 avg_loss=0.010
[4468.7s] epoch 211 step 166950 avg_loss=0.010
[4470.4s] epoch 211 step 167000 avg_loss=0.010
[4471.9s] epoch 211 step 167050 avg_loss=0.010
[4472.1s] === epoch 211 done: avg_loss=0.010 (n=788 derivations) ===
[4473.4s] epoch 212 step 167100 avg_loss=0.007
[4474.9s] epoch 212 step 167150 avg_loss=0.012
[4476.1s] epoch 212 step 167200 avg_loss=0.010
[4477.5s] epoch 212 step 167250 avg_loss=0.010
[4478.9s] epoch 212 step 167300 avg_loss=0.010
[4480.2s] epoch 212 step 167350 avg_loss=0.010
[4481.4s] epoch 212 step 167400 avg_loss=0.010
[4482.5s] epoch 212 step 167450 avg_loss=0.010
[4483.8s] epoch 212 step 167500 avg_loss=0.010
[4485.0s] epoch 212 step 167550 avg_loss=0.010
[4486.3s] epoch 212 step 167600 avg_loss=0.010
[4487.4s] epoch 212 step 167650 avg_loss=0.010
[4488.7s] epoch 212 step 167700 avg_loss=0.010
[4490.2s] epoch 212 step 167750 avg_loss=0.010
[4491.5s] epoch 212 step 167800 avg_loss=0.010
[4492.6s] === epoch 212 done: avg_loss=0.010 (n=788 derivations) ===
[4492.8s] epoch 213 step 167850 avg_loss=0.009
[4494.1s] epoch 213 step 167900 avg_loss=0.010
[4495.3s] epoch 213 step 167950 avg_loss=0.009
[4496.5s] epoch 213 step 168000 avg_loss=0.008
[4497.7s] epoch 213 step 168050 avg_loss=0.008
[4499.0s] epoch 213 step 168100 avg_loss=0.009
[4500.2s] epoch 213 step 168150 avg_loss=0.009
[4501.4s] epoch 213 step 168200 avg_loss=0.009
[4503.0s] epoch 213 step 168250 avg_loss=0.009
[4504.4s] epoch 213 step 168300 avg_loss=0.009
[4505.9s] epoch 213 step 168350 avg_loss=0.010
[4507.0s] epoch 213 step 168400 avg_loss=0.010
[4508.4s] epoch 213 step 168450 avg_loss=0.010
[4509.6s] epoch 213 step 168500 avg_loss=0.010
[4510.7s] epoch 213 step 168550 avg_loss=0.010
[4512.1s] epoch 213 step 168600 avg_loss=0.010
[4512.9s] === epoch 213 done: avg_loss=0.010 (n=788 derivations) ===
[4513.3s] epoch 214 step 168650 avg_loss=0.018
[4514.6s] epoch 214 step 168700 avg_loss=0.012
[4515.8s] epoch 214 step 168750 avg_loss=0.011
[4517.2s] epoch 214 step 168800 avg_loss=0.010
[4518.4s] epoch 214 step 168850 avg_loss=0.011
[4519.6s] epoch 214 step 168900 avg_loss=0.010
[4520.7s] epoch 214 step 168950 avg_loss=0.009
[4522.0s] epoch 214 step 169000 avg_loss=0.008
[4523.5s] epoch 214 step 169050 avg_loss=0.009
[4525.1s] epoch 214 step 169100 avg_loss=0.009
[4526.4s] epoch 214 step 169150 avg_loss=0.010
[4527.9s] epoch 214 step 169200 avg_loss=0.010
[4529.5s] epoch 214 step 169250 avg_loss=0.010
[4531.0s] epoch 214 step 169300 avg_loss=0.009
[4532.5s] epoch 214 step 169350 avg_loss=0.009
[4534.0s] epoch 214 step 169400 avg_loss=0.009
[4534.5s] === epoch 214 done: avg_loss=0.009 (n=788 derivations) ===
[4535.4s] epoch 215 step 169450 avg_loss=0.009
[4536.8s] epoch 215 step 169500 avg_loss=0.008
[4538.3s] epoch 215 step 169550 avg_loss=0.008
[4539.7s] epoch 215 step 169600 avg_loss=0.007
[4541.0s] epoch 215 step 169650 avg_loss=0.008
[4542.3s] epoch 215 step 169700 avg_loss=0.009
[4543.4s] epoch 215 step 169750 avg_loss=0.008
[4544.8s] epoch 215 step 169800 avg_loss=0.009
[4545.9s] epoch 215 step 169850 avg_loss=0.009
[4547.2s] epoch 215 step 169900 avg_loss=0.009
[4548.5s] epoch 215 step 169950 avg_loss=0.009
[4549.9s] epoch 215 step 170000 avg_loss=0.009
[4551.1s] epoch 215 step 170050 avg_loss=0.009
[4552.4s] epoch 215 step 170100 avg_loss=0.009
[4553.6s] epoch 215 step 170150 avg_loss=0.009
[4555.1s] epoch 215 step 170200 avg_loss=0.009
[4555.3s] === epoch 215 done: avg_loss=0.009 (n=788 derivations) ===
[4556.6s] epoch 216 step 170250 avg_loss=0.007
[4558.1s] epoch 216 step 170300 avg_loss=0.010
[4559.4s] epoch 216 step 170350 avg_loss=0.011
[4561.0s] epoch 216 step 170400 avg_loss=0.010
[4562.3s] epoch 216 step 170450 avg_loss=0.010
[4563.6s] epoch 216 step 170500 avg_loss=0.010
[4564.8s] epoch 216 step 170550 avg_loss=0.009
[4565.9s] epoch 216 step 170600 avg_loss=0.009
[4567.0s] epoch 216 step 170650 avg_loss=0.009
[4568.3s] epoch 216 step 170700 avg_loss=0.010
[4569.5s] epoch 216 step 170750 avg_loss=0.010
[4570.7s] epoch 216 step 170800 avg_loss=0.009
[4572.0s] epoch 216 step 170850 avg_loss=0.009
[4573.2s] epoch 216 step 170900 avg_loss=0.009
[4574.3s] epoch 216 step 170950 avg_loss=0.009
[4575.5s] === epoch 216 done: avg_loss=0.009 (n=788 derivations) ===
[4575.6s] epoch 217 step 171000 avg_loss=0.004
[4576.7s] epoch 217 step 171050 avg_loss=0.006
[4577.9s] epoch 217 step 171100 avg_loss=0.008
[4579.2s] epoch 217 step 171150 avg_loss=0.008
[4580.5s] epoch 217 step 171200 avg_loss=0.009
[4581.6s] epoch 217 step 171250 avg_loss=0.009
[4582.8s] epoch 217 step 171300 avg_loss=0.009
[4583.9s] epoch 217 step 171350 avg_loss=0.009
[4585.3s] epoch 217 step 171400 avg_loss=0.009
[4586.8s] epoch 217 step 171450 avg_loss=0.010
[4588.0s] epoch 217 step 171500 avg_loss=0.009
[4589.4s] epoch 217 step 171550 avg_loss=0.009
[4590.7s] epoch 217 step 171600 avg_loss=0.009
[4592.0s] epoch 217 step 171650 avg_loss=0.009
[4593.3s] epoch 217 step 171700 avg_loss=0.009
[4594.4s] epoch 217 step 171750 avg_loss=0.009
[4595.3s] === epoch 217 done: avg_loss=0.009 (n=788 derivations) ===
[4595.8s] epoch 218 step 171800 avg_loss=0.009
[4597.1s] epoch 218 step 171850 avg_loss=0.011
[4598.3s] epoch 218 step 171900 avg_loss=0.009
[4599.5s] epoch 218 step 171950 avg_loss=0.009
[4601.0s] epoch 218 step 172000 avg_loss=0.009
[4602.4s] epoch 218 step 172050 avg_loss=0.009
[4603.6s] epoch 218 step 172100 avg_loss=0.009
[4604.8s] epoch 218 step 172150 avg_loss=0.009
[4606.0s] epoch 218 step 172200 avg_loss=0.009
[4607.1s] epoch 218 step 172250 avg_loss=0.008
[4608.3s] epoch 218 step 172300 avg_loss=0.008
[4609.6s] epoch 218 step 172350 avg_loss=0.008
[4611.1s] epoch 218 step 172400 avg_loss=0.008
[4612.5s] epoch 218 step 172450 avg_loss=0.008
[4613.7s] epoch 218 step 172500 avg_loss=0.008
[4615.3s] epoch 218 step 172550 avg_loss=0.009
[4615.7s] === epoch 218 done: avg_loss=0.009 (n=788 derivations) ===
[4616.4s] epoch 219 step 172600 avg_loss=0.007
[4617.6s] epoch 219 step 172650 avg_loss=0.009
[4618.9s] epoch 219 step 172700 avg_loss=0.009
[4620.1s] epoch 219 step 172750 avg_loss=0.009
[4621.2s] epoch 219 step 172800 avg_loss=0.008
[4622.5s] epoch 219 step 172850 avg_loss=0.009
[4624.1s] epoch 219 step 172900 avg_loss=0.010
[4625.2s] epoch 219 step 172950 avg_loss=0.010
[4626.6s] epoch 219 step 173000 avg_loss=0.010
[4628.0s] epoch 219 step 173050 avg_loss=0.010
[4629.4s] epoch 219 step 173100 avg_loss=0.010
[4630.6s] epoch 219 step 173150 avg_loss=0.009
[4631.9s] epoch 219 step 173200 avg_loss=0.009
[4633.1s] epoch 219 step 173250 avg_loss=0.009
[4634.4s] epoch 219 step 173300 avg_loss=0.009
[4635.4s] epoch 219 step 173350 avg_loss=0.009
[4636.8s] eval step=5500 train_avg_loss=0.009 dev_rank1_f1=0.3237 dev_edge_p=0.2757 dev_edge_r=0.3921
[4636.8s] === epoch 219 done: avg_loss=0.009 (n=788 derivations) ===
[4637.8s] epoch 220 step 173400 avg_loss=0.014
[4639.1s] epoch 220 step 173450 avg_loss=0.015
[4640.4s] epoch 220 step 173500 avg_loss=0.013
[4641.6s] epoch 220 step 173550 avg_loss=0.011
[4642.9s] epoch 220 step 173600 avg_loss=0.011
[4644.2s] epoch 220 step 173650 avg_loss=0.010
[4645.6s] epoch 220 step 173700 avg_loss=0.010
[4647.0s] epoch 220 step 173750 avg_loss=0.010
[4648.4s] epoch 220 step 173800 avg_loss=0.010
[4649.9s] epoch 220 step 173850 avg_loss=0.009
[4651.1s] epoch 220 step 173900 avg_loss=0.009
[4652.4s] epoch 220 step 173950 avg_loss=0.009
[4653.7s] epoch 220 step 174000 avg_loss=0.009
[4654.9s] epoch 220 step 174050 avg_loss=0.009
[4656.3s] epoch 220 step 174100 avg_loss=0.009
[4657.5s] === epoch 220 done: avg_loss=0.008 (n=788 derivations) ===
[4657.5s] epoch 221 step 174150 avg_loss=0.001
[4658.9s] epoch 221 step 174200 avg_loss=0.007
[4660.2s] epoch 221 step 174250 avg_loss=0.006
[4661.5s] epoch 221 step 174300 avg_loss=0.007
[4662.9s] epoch 221 step 174350 avg_loss=0.007
[4664.5s] epoch 221 step 174400 avg_loss=0.008
[4665.7s] epoch 221 step 174450 avg_loss=0.009
[4666.9s] epoch 221 step 174500 avg_loss=0.009
[4668.2s] epoch 221 step 174550 avg_loss=0.009
[4669.5s] epoch 221 step 174600 avg_loss=0.008
[4670.8s] epoch 221 step 174650 avg_loss=0.008
[4672.0s] epoch 221 step 174700 avg_loss=0.008
[4673.1s] epoch 221 step 174750 avg_loss=0.008
[4674.4s] epoch 221 step 174800 avg_loss=0.008
[4675.5s] epoch 221 step 174850 avg_loss=0.008
[4676.9s] epoch 221 step 174900 avg_loss=0.008
[4678.0s] === epoch 221 done: avg_loss=0.008 (n=788 derivations) ===
[4678.3s] epoch 222 step 174950 avg_loss=0.004
[4679.5s] epoch 222 step 175000 avg_loss=0.008
[4680.8s] epoch 222 step 175050 avg_loss=0.008
[4682.0s] epoch 222 step 175100 avg_loss=0.007
[4683.5s] epoch 222 step 175150 avg_loss=0.007
[4684.7s] epoch 222 step 175200 avg_loss=0.007
[4685.8s] epoch 222 step 175250 avg_loss=0.007
[4687.2s] epoch 222 step 175300 avg_loss=0.008
[4688.5s] epoch 222 step 175350 avg_loss=0.007
[4690.0s] epoch 222 step 175400 avg_loss=0.008
[4691.5s] epoch 222 step 175450 avg_loss=0.008
[4692.8s] epoch 222 step 175500 avg_loss=0.008
[4694.1s] epoch 222 step 175550 avg_loss=0.008
[4695.4s] epoch 222 step 175600 avg_loss=0.008
[4696.7s] epoch 222 step 175650 avg_loss=0.008
[4697.9s] epoch 222 step 175700 avg_loss=0.008
[4698.5s] === epoch 222 done: avg_loss=0.008 (n=788 derivations) ===
[4699.1s] epoch 223 step 175750 avg_loss=0.009
[4700.3s] epoch 223 step 175800 avg_loss=0.007
[4701.6s] epoch 223 step 175850 avg_loss=0.006
[4702.9s] epoch 223 step 175900 avg_loss=0.007
[4704.3s] epoch 223 step 175950 avg_loss=0.008
[4705.6s] epoch 223 step 176000 avg_loss=0.008
[4706.8s] epoch 223 step 176050 avg_loss=0.008
[4708.2s] epoch 223 step 176100 avg_loss=0.008
[4709.8s] epoch 223 step 176150 avg_loss=0.008
[4711.1s] epoch 223 step 176200 avg_loss=0.009
[4712.4s] epoch 223 step 176250 avg_loss=0.008
[4713.5s] epoch 223 step 176300 avg_loss=0.008
[4714.8s] epoch 223 step 176350 avg_loss=0.008
[4716.1s] epoch 223 step 176400 avg_loss=0.008
[4717.4s] epoch 223 step 176450 avg_loss=0.008
[4718.4s] epoch 223 step 176500 avg_loss=0.008
[4718.8s] === epoch 223 done: avg_loss=0.008 (n=788 derivations) ===
[4719.8s] epoch 224 step 176550 avg_loss=0.010
[4721.0s] epoch 224 step 176600 avg_loss=0.008
[4722.2s] epoch 224 step 176650 avg_loss=0.008
[4723.4s] epoch 224 step 176700 avg_loss=0.008
[4724.7s] epoch 224 step 176750 avg_loss=0.008
[4726.3s] epoch 224 step 176800 avg_loss=0.008
[4727.5s] epoch 224 step 176850 avg_loss=0.008
[4728.9s] epoch 224 step 176900 avg_loss=0.009
[4730.1s] epoch 224 step 176950 avg_loss=0.009
[4731.6s] epoch 224 step 177000 avg_loss=0.009
[4732.7s] epoch 224 step 177050 avg_loss=0.008
[4734.1s] epoch 224 step 177100 avg_loss=0.008
[4735.3s] epoch 224 step 177150 avg_loss=0.008
[4736.7s] epoch 224 step 177200 avg_loss=0.008
[4738.0s] epoch 224 step 177250 avg_loss=0.008
[4739.3s] epoch 224 step 177300 avg_loss=0.008
[4739.3s] === epoch 224 done: avg_loss=0.008 (n=788 derivations) ===
[4740.6s] epoch 225 step 177350 avg_loss=0.005
[4741.8s] epoch 225 step 177400 avg_loss=0.006
[4743.0s] epoch 225 step 177450 avg_loss=0.007
[4744.2s] epoch 225 step 177500 avg_loss=0.007
[4745.7s] epoch 225 step 177550 avg_loss=0.008
[4747.0s] epoch 225 step 177600 avg_loss=0.008
[4748.2s] epoch 225 step 177650 avg_loss=0.008
[4749.7s] epoch 225 step 177700 avg_loss=0.008
[4750.9s] epoch 225 step 177750 avg_loss=0.008
[4752.2s] epoch 225 step 177800 avg_loss=0.008
[4753.5s] epoch 225 step 177850 avg_loss=0.008
[4754.7s] epoch 225 step 177900 avg_loss=0.008
[4756.0s] epoch 225 step 177950 avg_loss=0.008
[4757.1s] epoch 225 step 178000 avg_loss=0.008
[4758.4s] epoch 225 step 178050 avg_loss=0.008
[4759.5s] === epoch 225 done: avg_loss=0.008 (n=788 derivations) ===
[4759.9s] epoch 226 step 178100 avg_loss=0.010
[4761.4s] epoch 226 step 178150 avg_loss=0.012
[4762.5s] epoch 226 step 178200 avg_loss=0.010
[4763.7s] epoch 226 step 178250 avg_loss=0.008
[4765.1s] epoch 226 step 178300 avg_loss=0.008
[4766.3s] epoch 226 step 178350 avg_loss=0.008
[4767.8s] epoch 226 step 178400 avg_loss=0.008
[4769.1s] epoch 226 step 178450 avg_loss=0.008
[4770.5s] epoch 226 step 178500 avg_loss=0.008
[4772.1s] epoch 226 step 178550 avg_loss=0.008
[4773.4s] epoch 226 step 178600 avg_loss=0.008
[4774.8s] epoch 226 step 178650 avg_loss=0.008
[4776.1s] epoch 226 step 178700 avg_loss=0.008
[4777.7s] epoch 226 step 178750 avg_loss=0.008
[4779.0s] epoch 226 step 178800 avg_loss=0.008
[4780.4s] epoch 226 step 178850 avg_loss=0.008
[4781.1s] === epoch 226 done: avg_loss=0.008 (n=788 derivations) ===
[4781.9s] epoch 227 step 178900 avg_loss=0.007
[4783.2s] epoch 227 step 178950 avg_loss=0.006
[4784.5s] epoch 227 step 179000 avg_loss=0.007
[4785.7s] epoch 227 step 179050 avg_loss=0.007
[4786.9s] epoch 227 step 179100 avg_loss=0.007
[4788.2s] epoch 227 step 179150 avg_loss=0.007
[4789.6s] epoch 227 step 179200 avg_loss=0.007
[4790.8s] epoch 227 step 179250 avg_loss=0.007
[4792.5s] epoch 227 step 179300 avg_loss=0.008
[4793.7s] epoch 227 step 179350 avg_loss=0.008
[4795.0s] epoch 227 step 179400 avg_loss=0.008
[4796.7s] epoch 227 step 179450 avg_loss=0.008
[4798.2s] epoch 227 step 179500 avg_loss=0.008
[4799.7s] epoch 227 step 179550 avg_loss=0.007
[4801.6s] epoch 227 step 179600 avg_loss=0.008
[4802.8s] epoch 227 step 179650 avg_loss=0.008
[4803.1s] === epoch 227 done: avg_loss=0.008 (n=788 derivations) ===
[4804.2s] epoch 228 step 179700 avg_loss=0.010
[4805.3s] epoch 228 step 179750 avg_loss=0.008
[4806.5s] epoch 228 step 179800 avg_loss=0.007
[4807.7s] epoch 228 step 179850 avg_loss=0.007
[4808.9s] epoch 228 step 179900 avg_loss=0.007
[4810.4s] epoch 228 step 179950 avg_loss=0.007
[4811.7s] epoch 228 step 180000 avg_loss=0.007
[4813.2s] epoch 228 step 180050 avg_loss=0.007
[4814.3s] epoch 228 step 180100 avg_loss=0.007
[4815.7s] epoch 228 step 180150 avg_loss=0.007
[4817.1s] epoch 228 step 180200 avg_loss=0.007
[4818.1s] epoch 228 step 180250 avg_loss=0.007
[4819.3s] epoch 228 step 180300 avg_loss=0.007
[4820.4s] epoch 228 step 180350 avg_loss=0.007
[4821.8s] epoch 228 step 180400 avg_loss=0.008
[4822.9s] epoch 228 step 180450 avg_loss=0.007
[4823.0s] === epoch 228 done: avg_loss=0.007 (n=788 derivations) ===
[4824.1s] epoch 229 step 180500 avg_loss=0.006
[4825.5s] epoch 229 step 180550 avg_loss=0.006
[4826.6s] epoch 229 step 180600 avg_loss=0.005
[4827.8s] epoch 229 step 180650 avg_loss=0.006
[4828.9s] epoch 229 step 180700 avg_loss=0.006
[4830.2s] epoch 229 step 180750 avg_loss=0.006
[4831.8s] epoch 229 step 180800 avg_loss=0.006
[4833.0s] epoch 229 step 180850 avg_loss=0.006
[4834.0s] epoch 229 step 180900 avg_loss=0.006
[4835.3s] epoch 229 step 180950 avg_loss=0.006
[4836.8s] epoch 229 step 181000 avg_loss=0.006
[4838.2s] epoch 229 step 181050 avg_loss=0.006
[4839.6s] epoch 229 step 181100 avg_loss=0.007
[4840.8s] epoch 229 step 181150 avg_loss=0.007
[4842.0s] epoch 229 step 181200 avg_loss=0.007
[4844.3s] eval step=5750 train_avg_loss=0.007 dev_rank1_f1=0.3239 dev_edge_p=0.2758 dev_edge_r=0.3922
[4844.3s] === epoch 229 done: avg_loss=0.007 (n=788 derivations) ===
[4844.5s] epoch 230 step 181250 avg_loss=0.003
[4845.8s] epoch 230 step 181300 avg_loss=0.006
[4846.9s] epoch 230 step 181350 avg_loss=0.006
[4848.3s] epoch 230 step 181400 avg_loss=0.007
[4849.6s] epoch 230 step 181450 avg_loss=0.007
[4850.8s] epoch 230 step 181500 avg_loss=0.007
[4852.3s] epoch 230 step 181550 avg_loss=0.006
[4853.8s] epoch 230 step 181600 avg_loss=0.007
[4854.9s] epoch 230 step 181650 avg_loss=0.007
[4856.1s] epoch 230 step 181700 avg_loss=0.007
[4857.5s] epoch 230 step 181750 avg_loss=0.007
[4858.8s] epoch 230 step 181800 avg_loss=0.007
[4860.1s] epoch 230 step 181850 avg_loss=0.007
[4861.4s] epoch 230 step 181900 avg_loss=0.007
[4862.7s] epoch 230 step 181950 avg_loss=0.007
[4863.8s] epoch 230 step 182000 avg_loss=0.007
[4864.4s] === epoch 230 done: avg_loss=0.007 (n=788 derivations) ===
[4864.9s] epoch 231 step 182050 avg_loss=0.006
[4866.0s] epoch 231 step 182100 avg_loss=0.005
[4867.2s] epoch 231 step 182150 avg_loss=0.005
[4868.6s] epoch 231 step 182200 avg_loss=0.006
[4870.0s] epoch 231 step 182250 avg_loss=0.007
[4871.5s] epoch 231 step 182300 avg_loss=0.007
[4872.5s] epoch 231 step 182350 avg_loss=0.007
[4873.9s] epoch 231 step 182400 avg_loss=0.007
[4875.2s] epoch 231 step 182450 avg_loss=0.007
[4876.4s] epoch 231 step 182500 avg_loss=0.008
[4877.5s] epoch 231 step 182550 avg_loss=0.007
[4878.6s] epoch 231 step 182600 avg_loss=0.007
[4879.9s] epoch 231 step 182650 avg_loss=0.007
[4881.2s] epoch 231 step 182700 avg_loss=0.007
[4882.4s] epoch 231 step 182750 avg_loss=0.007
[4883.8s] epoch 231 step 182800 avg_loss=0.007
[4884.2s] === epoch 231 done: avg_loss=0.007 (n=788 derivations) ===
[4885.0s] epoch 232 step 182850 avg_loss=0.006
[4886.3s] epoch 232 step 182900 avg_loss=0.006
[4887.5s] epoch 232 step 182950 avg_loss=0.006
[4889.0s] epoch 232 step 183000 avg_loss=0.006
[4890.1s] epoch 232 step 183050 avg_loss=0.006
[4891.2s] epoch 232 step 183100 avg_loss=0.006
[4892.6s] epoch 232 step 183150 avg_loss=0.007
[4893.7s] epoch 232 step 183200 avg_loss=0.006
[4894.9s] epoch 232 step 183250 avg_loss=0.007
[4896.2s] epoch 232 step 183300 avg_loss=0.006
[4897.6s] epoch 232 step 183350 avg_loss=0.007
[4899.0s] epoch 232 step 183400 avg_loss=0.007
[4900.4s] epoch 232 step 183450 avg_loss=0.007
[4901.7s] epoch 232 step 183500 avg_loss=0.007
[4903.1s] epoch 232 step 183550 avg_loss=0.007
[4904.4s] epoch 232 step 183600 avg_loss=0.007
[4904.5s] === epoch 232 done: avg_loss=0.007 (n=788 derivations) ===
[4905.5s] epoch 233 step 183650 avg_loss=0.008
[4906.7s] epoch 233 step 183700 avg_loss=0.006
[4907.9s] epoch 233 step 183750 avg_loss=0.007
[4909.2s] epoch 233 step 183800 avg_loss=0.007
[4910.6s] epoch 233 step 183850 avg_loss=0.007
[4911.7s] epoch 233 step 183900 avg_loss=0.006
[4913.2s] epoch 233 step 183950 avg_loss=0.007
[4914.8s] epoch 233 step 184000 avg_loss=0.007
[4916.2s] epoch 233 step 184050 avg_loss=0.007
[4917.9s] epoch 233 step 184100 avg_loss=0.007
[4919.2s] epoch 233 step 184150 avg_loss=0.007
[4920.3s] epoch 233 step 184200 avg_loss=0.007
[4921.8s] epoch 233 step 184250 avg_loss=0.007
[4923.0s] epoch 233 step 184300 avg_loss=0.007
[4924.5s] epoch 233 step 184350 avg_loss=0.007
[4925.6s] === epoch 233 done: avg_loss=0.007 (n=788 derivations) ===
[4925.8s] epoch 234 step 184400 avg_loss=0.006
[4927.0s] epoch 234 step 184450 avg_loss=0.008
[4928.2s] epoch 234 step 184500 avg_loss=0.007
[4929.4s] epoch 234 step 184550 avg_loss=0.007
[4930.6s] epoch 234 step 184600 avg_loss=0.006
[4931.9s] epoch 234 step 184650 avg_loss=0.006
[4933.3s] epoch 234 step 184700 avg_loss=0.006
[4934.6s] epoch 234 step 184750 avg_loss=0.006
[4935.9s] epoch 234 step 184800 avg_loss=0.006
[4937.3s] epoch 234 step 184850 avg_loss=0.006
[4938.6s] epoch 234 step 184900 avg_loss=0.006
[4940.1s] epoch 234 step 184950 avg_loss=0.006
[4941.5s] epoch 234 step 185000 avg_loss=0.006
[4943.1s] epoch 234 step 185050 avg_loss=0.007
[4944.5s] epoch 234 step 185100 avg_loss=0.007
[4945.9s] epoch 234 step 185150 avg_loss=0.007
[4946.7s] === epoch 234 done: avg_loss=0.007 (n=788 derivations) ===
[4947.1s] epoch 235 step 185200 avg_loss=0.005
[4948.5s] epoch 235 step 185250 avg_loss=0.005
[4950.0s] epoch 235 step 185300 avg_loss=0.006
[4951.5s] epoch 235 step 185350 avg_loss=0.007
[4952.9s] epoch 235 step 185400 avg_loss=0.007
[4954.1s] epoch 235 step 185450 avg_loss=0.007
[4955.6s] epoch 235 step 185500 avg_loss=0.007
[4956.7s] epoch 235 step 185550 avg_loss=0.007
[4957.9s] epoch 235 step 185600 avg_loss=0.007
[4959.1s] epoch 235 step 185650 avg_loss=0.007
[4960.3s] epoch 235 step 185700 avg_loss=0.007
[4961.8s] epoch 235 step 185750 avg_loss=0.007
[4963.2s] epoch 235 step 185800 avg_loss=0.007
[4964.6s] epoch 235 step 185850 avg_loss=0.007
[4966.2s] epoch 235 step 185900 avg_loss=0.007
[4967.4s] epoch 235 step 185950 avg_loss=0.007
[4967.8s] === epoch 235 done: avg_loss=0.007 (n=788 derivations) ===
[4968.6s] epoch 236 step 186000 avg_loss=0.006
[4970.1s] epoch 236 step 186050 avg_loss=0.006
[4971.7s] epoch 236 step 186100 avg_loss=0.008
[4973.3s] epoch 236 step 186150 avg_loss=0.007
[4974.5s] epoch 236 step 186200 avg_loss=0.007
[4975.8s] epoch 236 step 186250 avg_loss=0.007
[4977.1s] epoch 236 step 186300 avg_loss=0.007
[4978.4s] epoch 236 step 186350 avg_loss=0.007
[4979.7s] epoch 236 step 186400 avg_loss=0.007
[4980.8s] epoch 236 step 186450 avg_loss=0.007
[4982.0s] epoch 236 step 186500 avg_loss=0.007
[4983.1s] epoch 236 step 186550 avg_loss=0.007
[4984.4s] epoch 236 step 186600 avg_loss=0.007
[4985.7s] epoch 236 step 186650 avg_loss=0.007
[4986.9s] epoch 236 step 186700 avg_loss=0.007
[4988.0s] epoch 236 step 186750 avg_loss=0.007
[4988.2s] === epoch 236 done: avg_loss=0.007 (n=788 derivations) ===
[4989.3s] epoch 237 step 186800 avg_loss=0.007
[4990.4s] epoch 237 step 186850 avg_loss=0.006
[4991.5s] epoch 237 step 186900 avg_loss=0.006
[4992.9s] epoch 237 step 186950 avg_loss=0.006
[4994.1s] epoch 237 step 187000 avg_loss=0.006
[4995.4s] epoch 237 step 187050 avg_loss=0.006
[4996.6s] epoch 237 step 187100 avg_loss=0.006
[4997.9s] epoch 237 step 187150 avg_loss=0.006
[4999.1s] epoch 237 step 187200 avg_loss=0.006
[5000.4s] epoch 237 step 187250 avg_loss=0.006
[5001.9s] epoch 237 step 187300 avg_loss=0.007
[5003.0s] epoch 237 step 187350 avg_loss=0.006
[5004.3s] epoch 237 step 187400 avg_loss=0.007
[5005.6s] epoch 237 step 187450 avg_loss=0.006
[5006.9s] epoch 237 step 187500 avg_loss=0.007
[5008.0s] === epoch 237 done: avg_loss=0.007 (n=788 derivations) ===
[5008.1s] epoch 238 step 187550 avg_loss=0.004
[5009.3s] epoch 238 step 187600 avg_loss=0.005
[5010.4s] epoch 238 step 187650 avg_loss=0.004
[5011.7s] epoch 238 step 187700 avg_loss=0.005
[5012.9s] epoch 238 step 187750 avg_loss=0.005
[5014.4s] epoch 238 step 187800 avg_loss=0.005
[5015.7s] epoch 238 step 187850 avg_loss=0.005
[5017.1s] epoch 238 step 187900 avg_loss=0.006
[5018.5s] epoch 238 step 187950 avg_loss=0.006
[5019.7s] epoch 238 step 188000 avg_loss=0.006
[5020.9s] epoch 238 step 188050 avg_loss=0.006
[5022.0s] epoch 238 step 188100 avg_loss=0.006
[5023.2s] epoch 238 step 188150 avg_loss=0.006
[5024.4s] epoch 238 step 188200 avg_loss=0.006
[5025.8s] epoch 238 step 188250 avg_loss=0.006
[5027.2s] epoch 238 step 188300 avg_loss=0.006
[5028.0s] === epoch 238 done: avg_loss=0.006 (n=788 derivations) ===
[5028.5s] epoch 239 step 188350 avg_loss=0.004
[5029.6s] epoch 239 step 188400 avg_loss=0.005
[5031.0s] epoch 239 step 188450 avg_loss=0.006
[5032.3s] epoch 239 step 188500 avg_loss=0.007
[5033.8s] epoch 239 step 188550 avg_loss=0.007
[5034.9s] epoch 239 step 188600 avg_loss=0.006
[5036.4s] epoch 239 step 188650 avg_loss=0.006
[5037.6s] epoch 239 step 188700 avg_loss=0.006
[5038.8s] epoch 239 step 188750 avg_loss=0.006
[5040.1s] epoch 239 step 188800 avg_loss=0.006
[5041.4s] epoch 239 step 188850 avg_loss=0.006
[5042.8s] epoch 239 step 188900 avg_loss=0.006
[5044.0s] epoch 239 step 188950 avg_loss=0.006
[5045.2s] epoch 239 step 189000 avg_loss=0.006
[5046.4s] epoch 239 step 189050 avg_loss=0.006
[5047.8s] epoch 239 step 189100 avg_loss=0.006
[5049.6s] eval step=6000 train_avg_loss=0.006 dev_rank1_f1=0.3230 dev_edge_p=0.2746 dev_edge_r=0.3921
[5049.6s] === epoch 239 done: avg_loss=0.006 (n=788 derivations) ===
[5049.6s] training wall-clock: 5028.6s (stopped_early=True)
[5049.6s] max-steps budget: optimizer_steps=6000 (cap=6000, stop_reason=max_steps) epoch_fraction=243.655 throughput=1.1932 steps/s (0.8381 s/step)
[5049.6s] wrote 24 curve rows -> runs/arms/v4b_788_arm1_default_seed0.pt.curve.tsv
[5049.8s] holdout eval targets from runs/encoder_gold_v2.jsonl: matched=98 missing=0
[5050.0s] holdout eval targets (alt) from runs/encoder_gold_v4b.jsonl: matched=98 missing=0
[5050.0s] evaluating [last] (model policy) ...
[5191.4s] [last] holdout (best-of-6 + rank1 + forest width): {'sense_recall': 0.6941580756013745, 'slot_recall': 0.6645962732919255, 'structure_recall': 0.024896265560165973, 'all_gold_recalled_rate': 0.0, 'edge_precision': 0.3867474921759135, 'edge_recall': 0.5270058314701169, 'overgen_ratio': 1.4923781481179448, 'n_records': 98, 'rank1_edge_precision': 0.3133564611880938, 'rank1_edge_recall': 0.4330788306553612, 'rank1_edge_f1': 0.3636163811453409, 'rank1_structure_recall': 0.016597510373443983, 'mean_forest_width': 5.948979591836735, 'graded_p': np.float64(0.5132781204161779), 'rank1_graded_p': np.float64(0.4391959511671706), 'graded_r': np.float64(0.6040862412488925), 'rank1_graded_r': np.float64(0.5244824489575362), 'graded_f': np.float64(0.5400187297346217), 'rank1_graded_f': np.float64(0.4541409273731211), 'graded_overall': np.float64(0.5937650699342922), 'rank1_graded_overall': np.float64(0.5041532916685132), 'clause_count': 0.8983276643990928, 'rank1_clause_count': 0.7875566893424035, 'clause_kind': 0.8983276643990928, 'rank1_clause_kind': 0.7875566893424035, 'clause_struct': 0.8983276643990928, 'rank1_clause_struct': 0.7875566893424035}
[5325.4s] [last] holdout_alt (best-of-6 + rank1 + forest width): {'sense_recall': 0.7034482758620689, 'slot_recall': 0.7089552238805971, 'structure_recall': 0.061224489795918366, 'all_gold_recalled_rate': 0.061224489795918366, 'edge_precision': 0.5371450544919933, 'edge_recall': 0.5482651135712359, 'overgen_ratio': 1.1057660876538427, 'n_records': 98, 'rank1_edge_precision': 0.4691927619760595, 'rank1_edge_recall': 0.4270465079138548, 'rank1_edge_f1': 0.4471286569822899, 'rank1_structure_recall': 0.05102040816326531, 'mean_forest_width': 5.948979591836735, 'graded_p': np.float64(0.6721422265392812), 'rank1_graded_p': np.float64(0.6108097864827536), 'graded_r': np.float64(0.6707637714988385), 'rank1_graded_r': np.float64(0.5556512257763924), 'graded_f': np.float64(0.6545323769162653), 'rank1_graded_f': np.float64(0.5500562659217468), 'graded_overall': np.float64(0.6875770101747439), 'rank1_graded_overall': np.float64(0.5824968056253214), 'clause_count': 0.8748299319727892, 'rank1_clause_count': 0.7663265306122449, 'clause_kind': 0.8748299319727892, 'rank1_clause_kind': 0.7663265306122449, 'clause_struct': 0.8748299319727892, 'rank1_clause_struct': 0.7663265306122449}
[5325.4s] evaluating [best] (model policy) ...
[5440.1s] [best] holdout (best-of-6 + rank1 + forest width): {'sense_recall': 0.7079037800687286, 'slot_recall': 0.6645962732919255, 'structure_recall': 0.029045643153526972, 'all_gold_recalled_rate': 0.01020408163265306, 'edge_precision': 0.44122996240343176, 'edge_recall': 0.5443907660744395, 'overgen_ratio': 1.325916152064111, 'n_records': 98, 'rank1_edge_precision': 0.3526400812178281, 'rank1_edge_recall': 0.43979653660776113, 'rank1_edge_f1': 0.3914253402732451, 'rank1_structure_recall': 0.008298755186721992, 'mean_forest_width': 5.928571428571429, 'graded_p': np.float64(0.550235959558068), 'rank1_graded_p': np.float64(0.4747671085953321), 'graded_r': np.float64(0.618793648901656), 'rank1_graded_r': np.float64(0.5055237327344679), 'graded_f': np.float64(0.5674242854549788), 'rank1_graded_f': np.float64(0.45901146957945377), 'graded_overall': np.float64(0.6174722072625825), 'rank1_graded_overall': np.float64(0.5068391709112431), 'clause_count': 0.901077097505669, 'rank1_clause_count': 0.7778628117913831, 'clause_kind': 0.901077097505669, 'rank1_clause_kind': 0.7778628117913831, 'clause_struct': 0.901077097505669, 'rank1_clause_struct': 0.7778628117913831}
[5576.4s] [best] holdout_alt (best-of-6 + rank1 + forest width): {'sense_recall': 0.7333333333333333, 'slot_recall': 0.746268656716418, 'structure_recall': 0.09183673469387756, 'all_gold_recalled_rate': 0.09183673469387756, 'edge_precision': 0.5846799729896447, 'edge_recall': 0.5732500209541026, 'overgen_ratio': 1.0414425427180534, 'n_records': 98, 'rank1_edge_precision': 0.5257406850519095, 'rank1_edge_recall': 0.4599469408142877, 'rank1_edge_f1': 0.4906479769160838, 'rank1_structure_recall': 0.04081632653061224, 'mean_forest_width': 5.969387755102041, 'graded_p': np.float64(0.7030121506096929), 'rank1_graded_p': np.float64(0.669822278623827), 'graded_r': np.float64(0.6839845767308237), 'rank1_graded_r': np.float64(0.568795793909393), 'graded_f': np.float64(0.679837505598079), 'rank1_graded_f': np.float64(0.5810469414626582), 'graded_overall': np.float64(0.7096475940440817), 'rank1_graded_overall': np.float64(0.6077929614677493), 'clause_count': 0.8785714285714288, 'rank1_clause_count': 0.7593537414965985, 'clause_kind': 0.8785714285714288, 'rank1_clause_kind': 0.7593537414965985, 'clause_struct': 0.8785714285714288, 'rank1_clause_struct': 0.7593537414965985}
[5576.4s] evaluating RANDOM baseline on holdout ...
[5579.7s] holdout (random baseline): {'sense_recall': 0.037800687285223365, 'slot_recall': 0.0, 'structure_recall': 0.0, 'all_gold_recalled_rate': 0.0, 'edge_precision': 0.011678004535147392, 'edge_recall': 0.010353535353535353, 'overgen_ratio': 0.042282519068233354, 'n_records': 98}
[5579.7s] saved BEST checkpoint (step=1250, dev_rank1_f1=0.3356) -> runs/arms/v4b_788_arm1_default_seed0.pt
[5579.7s] saved LAST checkpoint -> runs/arms/v4b_788_arm1_default_seed0.pt.last.pt
[5579.7s] TOTAL wall-clock: 5579.7s
