[   0.0s] loading gold from runs/encoder_gold_v4b_16k.jsonl
[   3.7s] 10225 gold records
[   3.7s] holdout mode: 98 held-out sentences, pool=10029, train subset=8000 (subset_seed=0)
[   3.7s] loading USVS from /home/user/NAOMI/consciousness_transformer/data/usvs
[  20.9s] USVS loaded: 117679 senses, d_axes=607
[  20.9s] pos_vocab=15 role_vocab=44
[  21.0s] policy params: 344,011 (~1.376 MB fp32)
[  21.0s] building features + derivations for 8000 train records
[  32.3s] 8000 teacher-forced derivations
[  32.6s] dev-holdout eval targets from runs/encoder_gold_v4b.jsonl: matched=98 missing=0
[  35.8s] epoch 0 step 50 avg_loss=96.698
[  37.4s] epoch 0 step 100 avg_loss=89.978
[  39.0s] epoch 0 step 150 avg_loss=86.250
[  40.7s] epoch 0 step 200 avg_loss=85.742
[  42.7s] epoch 0 step 250 avg_loss=86.808
[  44.4s] epoch 0 step 300 avg_loss=83.892
[  46.4s] epoch 0 step 350 avg_loss=83.104
[  47.9s] epoch 0 step 400 avg_loss=79.943
[  49.4s] epoch 0 step 450 avg_loss=77.440
[  51.0s] epoch 0 step 500 avg_loss=74.820
[  52.7s] epoch 0 step 550 avg_loss=73.595
[  54.3s] epoch 0 step 600 avg_loss=71.874
[  56.2s] epoch 0 step 650 avg_loss=70.935
[  57.9s] epoch 0 step 700 avg_loss=69.701
[  59.6s] epoch 0 step 750 avg_loss=68.212
[  61.3s] epoch 0 step 800 avg_loss=66.969
[  63.3s] epoch 0 step 850 avg_loss=66.158
[  65.0s] epoch 0 step 900 avg_loss=65.166
[  66.8s] epoch 0 step 950 avg_loss=64.560
[  68.6s] epoch 0 step 1000 avg_loss=64.029
[  70.2s] epoch 0 step 1050 avg_loss=63.092
[  71.6s] epoch 0 step 1100 avg_loss=62.045
[  73.4s] epoch 0 step 1150 avg_loss=61.248
[  75.1s] epoch 0 step 1200 avg_loss=60.643
[  77.1s] epoch 0 step 1250 avg_loss=60.259
[  78.6s] epoch 0 step 1300 avg_loss=59.481
[  80.3s] epoch 0 step 1350 avg_loss=59.025
[  82.0s] epoch 0 step 1400 avg_loss=58.417
[  83.6s] epoch 0 step 1450 avg_loss=57.902
[  85.2s] epoch 0 step 1500 avg_loss=57.354
[  86.8s] epoch 0 step 1550 avg_loss=56.825
[  88.5s] epoch 0 step 1600 avg_loss=56.314
[  90.2s] epoch 0 step 1650 avg_loss=55.705
[  92.1s] epoch 0 step 1700 avg_loss=55.216
[  93.6s] epoch 0 step 1750 avg_loss=54.549
[  95.4s] epoch 0 step 1800 avg_loss=54.205
[  97.0s] epoch 0 step 1850 avg_loss=53.726
[  98.6s] epoch 0 step 1900 avg_loss=53.237
[ 100.4s] epoch 0 step 1950 avg_loss=52.911
[ 101.9s] epoch 0 step 2000 avg_loss=52.340
[ 103.8s] epoch 0 step 2050 avg_loss=52.183
[ 105.3s] epoch 0 step 2100 avg_loss=51.830
[ 107.0s] epoch 0 step 2150 avg_loss=51.408
[ 109.0s] epoch 0 step 2200 avg_loss=51.228
[ 110.6s] epoch 0 step 2250 avg_loss=50.886
[ 112.3s] epoch 0 step 2300 avg_loss=50.506
[ 113.9s] epoch 0 step 2350 avg_loss=50.217
[ 115.3s] epoch 0 step 2400 avg_loss=49.815
[ 117.0s] epoch 0 step 2450 avg_loss=49.519
[ 118.6s] epoch 0 step 2500 avg_loss=49.164
[ 120.4s] epoch 0 step 2550 avg_loss=48.913
[ 121.9s] epoch 0 step 2600 avg_loss=48.583
[ 123.5s] epoch 0 step 2650 avg_loss=48.359
[ 125.4s] epoch 0 step 2700 avg_loss=48.337
[ 127.1s] epoch 0 step 2750 avg_loss=48.080
[ 128.9s] epoch 0 step 2800 avg_loss=47.913
[ 130.5s] epoch 0 step 2850 avg_loss=47.657
[ 132.1s] epoch 0 step 2900 avg_loss=47.398
[ 133.8s] epoch 0 step 2950 avg_loss=47.193
[ 135.4s] epoch 0 step 3000 avg_loss=46.998
[ 137.4s] epoch 0 step 3050 avg_loss=46.809
[ 139.1s] epoch 0 step 3100 avg_loss=46.661
[ 140.8s] epoch 0 step 3150 avg_loss=46.445
[ 142.6s] epoch 0 step 3200 avg_loss=46.248
[ 144.1s] epoch 0 step 3250 avg_loss=45.997
[ 145.7s] epoch 0 step 3300 avg_loss=45.784
[ 147.4s] epoch 0 step 3350 avg_loss=45.601
[ 149.1s] epoch 0 step 3400 avg_loss=45.383
[ 151.0s] epoch 0 step 3450 avg_loss=45.265
[ 152.9s] epoch 0 step 3500 avg_loss=45.110
[ 154.7s] epoch 0 step 3550 avg_loss=45.022
[ 156.5s] epoch 0 step 3600 avg_loss=44.805
[ 158.3s] epoch 0 step 3650 avg_loss=44.635
[ 160.1s] epoch 0 step 3700 avg_loss=44.438
[ 162.1s] epoch 0 step 3750 avg_loss=44.261
[ 163.7s] epoch 0 step 3800 avg_loss=43.979
[ 165.7s] epoch 0 step 3850 avg_loss=43.811
[ 167.5s] epoch 0 step 3900 avg_loss=43.653
[ 169.0s] epoch 0 step 3950 avg_loss=43.418
[ 170.9s] epoch 0 step 4000 avg_loss=43.331
[ 172.4s] epoch 0 step 4050 avg_loss=43.115
[ 174.3s] epoch 0 step 4100 avg_loss=42.937
[ 176.2s] epoch 0 step 4150 avg_loss=42.804
[ 178.1s] epoch 0 step 4200 avg_loss=42.668
[ 179.9s] epoch 0 step 4250 avg_loss=42.490
[ 182.0s] epoch 0 step 4300 avg_loss=42.413
[ 183.9s] epoch 0 step 4350 avg_loss=42.297
[ 185.7s] epoch 0 step 4400 avg_loss=42.145
[ 187.4s] epoch 0 step 4450 avg_loss=42.011
[ 189.4s] epoch 0 step 4500 avg_loss=41.844
[ 191.1s] epoch 0 step 4550 avg_loss=41.715
[ 193.2s] epoch 0 step 4600 avg_loss=41.640
[ 195.1s] epoch 0 step 4650 avg_loss=41.549
[ 196.5s] epoch 0 step 4700 avg_loss=41.363
[ 198.2s] epoch 0 step 4750 avg_loss=41.241
[ 199.8s] epoch 0 step 4800 avg_loss=41.071
[ 201.2s] epoch 0 step 4850 avg_loss=40.853
[ 202.7s] epoch 0 step 4900 avg_loss=40.740
[ 204.1s] epoch 0 step 4950 avg_loss=40.571
[ 205.6s] epoch 0 step 5000 avg_loss=40.417
[ 207.6s] epoch 0 step 5050 avg_loss=40.347
[ 209.2s] epoch 0 step 5100 avg_loss=40.215
[ 210.6s] epoch 0 step 5150 avg_loss=40.062
[ 212.4s] epoch 0 step 5200 avg_loss=39.982
[ 214.0s] epoch 0 step 5250 avg_loss=39.829
[ 215.7s] epoch 0 step 5300 avg_loss=39.694
[ 217.4s] epoch 0 step 5350 avg_loss=39.607
[ 219.0s] epoch 0 step 5400 avg_loss=39.517
[ 220.7s] epoch 0 step 5450 avg_loss=39.385
[ 222.3s] epoch 0 step 5500 avg_loss=39.253
[ 223.8s] epoch 0 step 5550 avg_loss=39.111
[ 225.6s] epoch 0 step 5600 avg_loss=38.999
[ 227.3s] epoch 0 step 5650 avg_loss=38.901
[ 228.9s] epoch 0 step 5700 avg_loss=38.806
[ 230.6s] epoch 0 step 5750 avg_loss=38.701
[ 232.2s] epoch 0 step 5800 avg_loss=38.593
[ 234.0s] epoch 0 step 5850 avg_loss=38.499
[ 235.7s] epoch 0 step 5900 avg_loss=38.366
[ 237.4s] epoch 0 step 5950 avg_loss=38.271
[ 239.0s] epoch 0 step 6000 avg_loss=38.163
[ 240.8s] epoch 0 step 6050 avg_loss=38.142
[ 242.5s] epoch 0 step 6100 avg_loss=38.028
[ 244.3s] epoch 0 step 6150 avg_loss=37.944
[ 246.1s] epoch 0 step 6200 avg_loss=37.845
[ 248.1s] epoch 0 step 6250 avg_loss=37.729
[ 250.1s] epoch 0 step 6300 avg_loss=37.634
[ 251.8s] epoch 0 step 6350 avg_loss=37.538
[ 253.7s] epoch 0 step 6400 avg_loss=37.489
[ 255.5s] epoch 0 step 6450 avg_loss=37.393
[ 257.1s] epoch 0 step 6500 avg_loss=37.278
[ 258.8s] epoch 0 step 6550 avg_loss=37.191
[ 260.5s] epoch 0 step 6600 avg_loss=37.083
[ 262.4s] epoch 0 step 6650 avg_loss=36.998
[ 264.2s] epoch 0 step 6700 avg_loss=36.922
[ 266.0s] epoch 0 step 6750 avg_loss=36.826
[ 267.7s] epoch 0 step 6800 avg_loss=36.701
[ 269.3s] epoch 0 step 6850 avg_loss=36.594
[ 271.1s] epoch 0 step 6900 avg_loss=36.544
[ 273.0s] epoch 0 step 6950 avg_loss=36.476
[ 274.6s] epoch 0 step 7000 avg_loss=36.360
[ 276.2s] epoch 0 step 7050 avg_loss=36.264
[ 278.0s] epoch 0 step 7100 avg_loss=36.180
[ 279.6s] epoch 0 step 7150 avg_loss=36.084
[ 281.3s] epoch 0 step 7200 avg_loss=36.030
[ 282.8s] epoch 0 step 7250 avg_loss=35.939
[ 284.4s] epoch 0 step 7300 avg_loss=35.854
[ 285.9s] epoch 0 step 7350 avg_loss=35.759
[ 287.5s] epoch 0 step 7400 avg_loss=35.699
[ 289.2s] epoch 0 step 7450 avg_loss=35.638
[ 290.9s] epoch 0 step 7500 avg_loss=35.578
[ 292.9s] epoch 0 step 7550 avg_loss=35.546
[ 294.5s] epoch 0 step 7600 avg_loss=35.462
[ 296.2s] epoch 0 step 7650 avg_loss=35.352
[ 297.8s] epoch 0 step 7700 avg_loss=35.272
[ 299.6s] epoch 0 step 7750 avg_loss=35.204
[ 301.6s] epoch 0 step 7800 avg_loss=35.144
[ 303.8s] epoch 0 step 7850 avg_loss=35.113
[ 305.8s] epoch 0 step 7900 avg_loss=35.050
[ 307.6s] epoch 0 step 7950 avg_loss=34.953
[ 323.0s] eval step=250 train_avg_loss=34.853 dev_rank1_f1=0.3948 dev_edge_p=0.4140 dev_edge_r=0.3773
[ 323.0s] epoch 0 step 8000 avg_loss=34.853
[ 323.0s] === epoch 0 done: avg_loss=34.853 (n=8000 derivations) ===
[ 324.6s] epoch 1 step 8050 avg_loss=20.237
[ 326.2s] epoch 1 step 8100 avg_loss=22.608
[ 328.3s] epoch 1 step 8150 avg_loss=24.926
[ 330.3s] epoch 1 step 8200 avg_loss=25.309
[ 332.0s] epoch 1 step 8250 avg_loss=25.506
[ 334.0s] epoch 1 step 8300 avg_loss=25.576
[ 335.7s] epoch 1 step 8350 avg_loss=25.161
[ 337.5s] epoch 1 step 8400 avg_loss=25.659
[ 339.1s] epoch 1 step 8450 avg_loss=25.240
[ 340.7s] epoch 1 step 8500 avg_loss=24.896
[ 342.3s] epoch 1 step 8550 avg_loss=24.884
[ 343.9s] epoch 1 step 8600 avg_loss=24.583
[ 345.5s] epoch 1 step 8650 avg_loss=24.514
[ 347.4s] epoch 1 step 8700 avg_loss=24.885
[ 349.1s] epoch 1 step 8750 avg_loss=24.852
[ 351.1s] epoch 1 step 8800 avg_loss=25.171
[ 352.7s] epoch 1 step 8850 avg_loss=25.076
[ 354.2s] epoch 1 step 8900 avg_loss=24.709
[ 355.9s] epoch 1 step 8950 avg_loss=24.838
[ 357.5s] epoch 1 step 9000 avg_loss=24.596
[ 359.0s] epoch 1 step 9050 avg_loss=24.389
[ 360.6s] epoch 1 step 9100 avg_loss=24.332
[ 362.3s] epoch 1 step 9150 avg_loss=24.148
[ 364.2s] epoch 1 step 9200 avg_loss=24.132
[ 365.9s] epoch 1 step 9250 avg_loss=24.156
[ 367.8s] epoch 1 step 9300 avg_loss=24.155
[ 369.6s] epoch 1 step 9350 avg_loss=24.157
[ 371.4s] epoch 1 step 9400 avg_loss=24.112
[ 373.3s] epoch 1 step 9450 avg_loss=24.079
[ 375.0s] epoch 1 step 9500 avg_loss=23.963
[ 376.6s] epoch 1 step 9550 avg_loss=23.931
[ 378.5s] epoch 1 step 9600 avg_loss=23.931
[ 379.9s] epoch 1 step 9650 avg_loss=23.825
[ 381.6s] epoch 1 step 9700 avg_loss=23.854
[ 383.3s] epoch 1 step 9750 avg_loss=23.915
[ 385.2s] epoch 1 step 9800 avg_loss=23.979
[ 387.0s] epoch 1 step 9850 avg_loss=23.978
[ 388.6s] epoch 1 step 9900 avg_loss=23.936
[ 390.5s] epoch 1 step 9950 avg_loss=23.994
[ 392.3s] epoch 1 step 10000 avg_loss=23.816
[ 394.3s] epoch 1 step 10050 avg_loss=23.832
[ 396.2s] epoch 1 step 10100 avg_loss=23.718
[ 398.1s] epoch 1 step 10150 avg_loss=23.811
[ 399.7s] epoch 1 step 10200 avg_loss=23.718
[ 401.8s] epoch 1 step 10250 avg_loss=23.782
[ 403.5s] epoch 1 step 10300 avg_loss=23.677
[ 405.6s] epoch 1 step 10350 avg_loss=23.565
[ 407.4s] epoch 1 step 10400 avg_loss=23.433
[ 409.2s] epoch 1 step 10450 avg_loss=23.488
[ 411.3s] epoch 1 step 10500 avg_loss=23.447
[ 413.0s] epoch 1 step 10550 avg_loss=23.395
[ 414.9s] epoch 1 step 10600 avg_loss=23.418
[ 416.7s] epoch 1 step 10650 avg_loss=23.387
[ 418.5s] epoch 1 step 10700 avg_loss=23.406
[ 420.3s] epoch 1 step 10750 avg_loss=23.366
[ 422.2s] epoch 1 step 10800 avg_loss=23.381
[ 424.2s] epoch 1 step 10850 avg_loss=23.370
[ 426.0s] epoch 1 step 10900 avg_loss=23.306
[ 427.8s] epoch 1 step 10950 avg_loss=23.253
[ 429.9s] epoch 1 step 11000 avg_loss=23.424
[ 431.5s] epoch 1 step 11050 avg_loss=23.333
[ 433.4s] epoch 1 step 11100 avg_loss=23.323
[ 435.1s] epoch 1 step 11150 avg_loss=23.307
[ 436.9s] epoch 1 step 11200 avg_loss=23.293
[ 438.9s] epoch 1 step 11250 avg_loss=23.253
[ 440.6s] epoch 1 step 11300 avg_loss=23.265
[ 442.8s] epoch 1 step 11350 avg_loss=23.313
[ 444.4s] epoch 1 step 11400 avg_loss=23.261
[ 446.1s] epoch 1 step 11450 avg_loss=23.254
[ 447.9s] epoch 1 step 11500 avg_loss=23.263
[ 449.8s] epoch 1 step 11550 avg_loss=23.233
[ 451.7s] epoch 1 step 11600 avg_loss=23.268
[ 453.5s] epoch 1 step 11650 avg_loss=23.220
[ 455.3s] epoch 1 step 11700 avg_loss=23.177
[ 457.1s] epoch 1 step 11750 avg_loss=23.165
[ 459.0s] epoch 1 step 11800 avg_loss=23.163
[ 460.8s] epoch 1 step 11850 avg_loss=23.193
[ 462.4s] epoch 1 step 11900 avg_loss=23.156
[ 463.9s] epoch 1 step 11950 avg_loss=23.086
[ 465.6s] epoch 1 step 12000 avg_loss=23.000
[ 467.4s] epoch 1 step 12050 avg_loss=22.970
[ 469.3s] epoch 1 step 12100 avg_loss=22.961
[ 471.0s] epoch 1 step 12150 avg_loss=22.956
[ 472.7s] epoch 1 step 12200 avg_loss=22.943
[ 474.3s] epoch 1 step 12250 avg_loss=22.905
[ 476.0s] epoch 1 step 12300 avg_loss=22.888
[ 477.7s] epoch 1 step 12350 avg_loss=22.841
[ 479.6s] epoch 1 step 12400 avg_loss=22.855
[ 481.3s] epoch 1 step 12450 avg_loss=22.859
[ 483.2s] epoch 1 step 12500 avg_loss=22.858
[ 484.8s] epoch 1 step 12550 avg_loss=22.787
[ 486.6s] epoch 1 step 12600 avg_loss=22.797
[ 488.6s] epoch 1 step 12650 avg_loss=22.779
[ 490.4s] epoch 1 step 12700 avg_loss=22.768
[ 492.0s] epoch 1 step 12750 avg_loss=22.702
[ 493.5s] epoch 1 step 12800 avg_loss=22.688
[ 495.1s] epoch 1 step 12850 avg_loss=22.642
[ 496.9s] epoch 1 step 12900 avg_loss=22.656
[ 498.6s] epoch 1 step 12950 avg_loss=22.643
[ 500.5s] epoch 1 step 13000 avg_loss=22.668
[ 502.2s] epoch 1 step 13050 avg_loss=22.725
[ 504.0s] epoch 1 step 13100 avg_loss=22.708
[ 505.7s] epoch 1 step 13150 avg_loss=22.692
[ 507.5s] epoch 1 step 13200 avg_loss=22.717
[ 509.1s] epoch 1 step 13250 avg_loss=22.683
[ 510.9s] epoch 1 step 13300 avg_loss=22.667
[ 512.7s] epoch 1 step 13350 avg_loss=22.683
[ 514.5s] epoch 1 step 13400 avg_loss=22.687
[ 516.2s] epoch 1 step 13450 avg_loss=22.711
[ 517.8s] epoch 1 step 13500 avg_loss=22.662
[ 519.7s] epoch 1 step 13550 avg_loss=22.657
[ 521.3s] epoch 1 step 13600 avg_loss=22.622
[ 523.1s] epoch 1 step 13650 avg_loss=22.638
[ 525.1s] epoch 1 step 13700 avg_loss=22.650
[ 526.8s] epoch 1 step 13750 avg_loss=22.601
[ 528.7s] epoch 1 step 13800 avg_loss=22.607
[ 530.6s] epoch 1 step 13850 avg_loss=22.604
[ 532.6s] epoch 1 step 13900 avg_loss=22.593
[ 534.2s] epoch 1 step 13950 avg_loss=22.565
[ 536.6s] epoch 1 step 14000 avg_loss=22.521
[ 538.4s] epoch 1 step 14050 avg_loss=22.503
[ 539.8s] epoch 1 step 14100 avg_loss=22.459
[ 541.6s] epoch 1 step 14150 avg_loss=22.440
[ 543.5s] epoch 1 step 14200 avg_loss=22.423
[ 545.1s] epoch 1 step 14250 avg_loss=22.425
[ 546.8s] epoch 1 step 14300 avg_loss=22.443
[ 548.5s] epoch 1 step 14350 avg_loss=22.442
[ 550.2s] epoch 1 step 14400 avg_loss=22.440
[ 551.9s] epoch 1 step 14450 avg_loss=22.435
[ 553.6s] epoch 1 step 14500 avg_loss=22.458
[ 555.3s] epoch 1 step 14550 avg_loss=22.458
[ 557.0s] epoch 1 step 14600 avg_loss=22.427
[ 558.8s] epoch 1 step 14650 avg_loss=22.450
[ 560.5s] epoch 1 step 14700 avg_loss=22.435
[ 562.3s] epoch 1 step 14750 avg_loss=22.430
[ 564.1s] epoch 1 step 14800 avg_loss=22.405
[ 565.8s] epoch 1 step 14850 avg_loss=22.401
[ 567.7s] epoch 1 step 14900 avg_loss=22.389
[ 569.6s] epoch 1 step 14950 avg_loss=22.376
[ 571.3s] epoch 1 step 15000 avg_loss=22.351
[ 572.9s] epoch 1 step 15050 avg_loss=22.330
[ 574.6s] epoch 1 step 15100 avg_loss=22.344
[ 576.3s] epoch 1 step 15150 avg_loss=22.324
[ 577.8s] epoch 1 step 15200 avg_loss=22.283
[ 579.4s] epoch 1 step 15250 avg_loss=22.267
[ 581.3s] epoch 1 step 15300 avg_loss=22.245
[ 583.0s] epoch 1 step 15350 avg_loss=22.223
[ 584.8s] epoch 1 step 15400 avg_loss=22.204
[ 586.5s] epoch 1 step 15450 avg_loss=22.183
[ 588.2s] epoch 1 step 15500 avg_loss=22.164
[ 589.9s] epoch 1 step 15550 avg_loss=22.156
[ 591.6s] epoch 1 step 15600 avg_loss=22.141
[ 593.3s] epoch 1 step 15650 avg_loss=22.143
[ 595.0s] epoch 1 step 15700 avg_loss=22.140
[ 596.8s] epoch 1 step 15750 avg_loss=22.135
[ 598.7s] epoch 1 step 15800 avg_loss=22.165
[ 600.4s] epoch 1 step 15850 avg_loss=22.150
[ 602.2s] epoch 1 step 15900 avg_loss=22.161
[ 603.7s] epoch 1 step 15950 avg_loss=22.133
[ 606.2s] eval step=500 train_avg_loss=22.108 dev_rank1_f1=0.4230 dev_edge_p=0.4192 dev_edge_r=0.4268
[ 607.3s] epoch 1 step 16000 avg_loss=22.108
[ 607.3s] === epoch 1 done: avg_loss=22.108 (n=8000 derivations) ===
[ 609.1s] epoch 2 step 16050 avg_loss=25.323
[ 610.8s] epoch 2 step 16100 avg_loss=22.086
[ 612.6s] epoch 2 step 16150 avg_loss=21.326
[ 614.4s] epoch 2 step 16200 avg_loss=21.734
[ 616.2s] epoch 2 step 16250 avg_loss=22.312
[ 617.6s] epoch 2 step 16300 avg_loss=20.805
[ 619.5s] epoch 2 step 16350 avg_loss=21.010
[ 621.5s] epoch 2 step 16400 avg_loss=21.742
[ 623.0s] epoch 2 step 16450 avg_loss=21.126
[ 624.7s] epoch 2 step 16500 avg_loss=20.952
[ 626.4s] epoch 2 step 16550 avg_loss=20.825
[ 628.0s] epoch 2 step 16600 avg_loss=20.908
[ 629.7s] epoch 2 step 16650 avg_loss=20.993
[ 631.5s] epoch 2 step 16700 avg_loss=20.633
[ 633.1s] epoch 2 step 16750 avg_loss=20.316
[ 634.9s] epoch 2 step 16800 avg_loss=20.358
[ 636.5s] epoch 2 step 16850 avg_loss=20.113
[ 638.2s] epoch 2 step 16900 avg_loss=19.964
[ 639.8s] epoch 2 step 16950 avg_loss=19.858
[ 641.5s] epoch 2 step 17000 avg_loss=19.917
[ 643.1s] epoch 2 step 17050 avg_loss=20.002
[ 644.6s] epoch 2 step 17100 avg_loss=19.941
[ 646.3s] epoch 2 step 17150 avg_loss=20.009
[ 648.0s] epoch 2 step 17200 avg_loss=19.943
[ 649.7s] epoch 2 step 17250 avg_loss=19.882
[ 651.3s] epoch 2 step 17300 avg_loss=19.747
[ 653.0s] epoch 2 step 17350 avg_loss=19.713
[ 654.6s] epoch 2 step 17400 avg_loss=19.641
[ 656.3s] epoch 2 step 17450 avg_loss=19.682
[ 658.0s] epoch 2 step 17500 avg_loss=19.622
[ 659.8s] epoch 2 step 17550 avg_loss=19.834
[ 661.5s] epoch 2 step 17600 avg_loss=19.844
[ 663.3s] epoch 2 step 17650 avg_loss=19.974
[ 665.2s] epoch 2 step 17700 avg_loss=20.031
[ 667.0s] epoch 2 step 17750 avg_loss=20.071
[ 668.8s] epoch 2 step 17800 avg_loss=20.088
[ 670.4s] epoch 2 step 17850 avg_loss=19.928
[ 672.3s] epoch 2 step 17900 avg_loss=19.944
[ 673.9s] epoch 2 step 17950 avg_loss=19.834
[ 676.0s] epoch 2 step 18000 avg_loss=19.842
[ 677.7s] epoch 2 step 18050 avg_loss=19.840
[ 679.3s] epoch 2 step 18100 avg_loss=19.828
[ 681.1s] epoch 2 step 18150 avg_loss=19.887
[ 682.9s] epoch 2 step 18200 avg_loss=19.961
[ 684.8s] epoch 2 step 18250 avg_loss=20.050
[ 686.5s] epoch 2 step 18300 avg_loss=19.996
[ 688.3s] epoch 2 step 18350 avg_loss=19.904
[ 690.1s] epoch 2 step 18400 avg_loss=19.898
[ 692.0s] epoch 2 step 18450 avg_loss=19.971
[ 693.7s] epoch 2 step 18500 avg_loss=19.974
[ 695.6s] epoch 2 step 18550 avg_loss=19.983
[ 697.4s] epoch 2 step 18600 avg_loss=20.005
[ 699.2s] epoch 2 step 18650 avg_loss=20.001
[ 700.9s] epoch 2 step 18700 avg_loss=19.951
[ 702.5s] epoch 2 step 18750 avg_loss=19.926
[ 704.1s] epoch 2 step 18800 avg_loss=19.876
[ 706.2s] epoch 2 step 18850 avg_loss=20.007
[ 708.1s] epoch 2 step 18900 avg_loss=20.043
[ 709.6s] epoch 2 step 18950 avg_loss=20.007
[ 711.6s] epoch 2 step 19000 avg_loss=20.055
[ 713.3s] epoch 2 step 19050 avg_loss=20.053
[ 714.9s] epoch 2 step 19100 avg_loss=20.013
[ 716.8s] epoch 2 step 19150 avg_loss=20.116
[ 718.3s] epoch 2 step 19200 avg_loss=20.048
[ 720.0s] epoch 2 step 19250 avg_loss=20.054
[ 721.8s] epoch 2 step 19300 avg_loss=20.037
[ 723.3s] epoch 2 step 19350 avg_loss=20.005
[ 725.2s] epoch 2 step 19400 avg_loss=19.968
[ 727.2s] epoch 2 step 19450 avg_loss=19.990
[ 729.2s] epoch 2 step 19500 avg_loss=20.056
[ 730.8s] epoch 2 step 19550 avg_loss=20.058
[ 732.8s] epoch 2 step 19600 avg_loss=20.095
[ 734.4s] epoch 2 step 19650 avg_loss=20.071
[ 736.0s] epoch 2 step 19700 avg_loss=20.096
[ 737.8s] epoch 2 step 19750 avg_loss=20.063
[ 739.4s] epoch 2 step 19800 avg_loss=20.031
[ 741.4s] epoch 2 step 19850 avg_loss=20.019
[ 743.3s] epoch 2 step 19900 avg_loss=20.015
[ 745.1s] epoch 2 step 19950 avg_loss=19.997
[ 746.8s] epoch 2 step 20000 avg_loss=20.055
[ 748.4s] epoch 2 step 20050 avg_loss=20.074
[ 749.9s] epoch 2 step 20100 avg_loss=20.060
[ 751.5s] epoch 2 step 20150 avg_loss=20.048
[ 753.0s] epoch 2 step 20200 avg_loss=20.005
[ 754.7s] epoch 2 step 20250 avg_loss=19.961
[ 756.4s] epoch 2 step 20300 avg_loss=19.938
[ 758.2s] epoch 2 step 20350 avg_loss=19.936
[ 759.9s] epoch 2 step 20400 avg_loss=19.900
[ 761.8s] epoch 2 step 20450 avg_loss=19.872
[ 763.4s] epoch 2 step 20500 avg_loss=19.861
[ 765.0s] epoch 2 step 20550 avg_loss=19.870
[ 766.7s] epoch 2 step 20600 avg_loss=19.842
[ 768.4s] epoch 2 step 20650 avg_loss=19.857
[ 770.3s] epoch 2 step 20700 avg_loss=19.835
[ 772.1s] epoch 2 step 20750 avg_loss=19.786
[ 773.9s] epoch 2 step 20800 avg_loss=19.756
[ 776.0s] epoch 2 step 20850 avg_loss=19.803
[ 778.0s] epoch 2 step 20900 avg_loss=19.776
[ 779.8s] epoch 2 step 20950 avg_loss=19.756
[ 781.4s] epoch 2 step 21000 avg_loss=19.757
[ 783.1s] epoch 2 step 21050 avg_loss=19.749
[ 784.7s] epoch 2 step 21100 avg_loss=19.726
[ 786.6s] epoch 2 step 21150 avg_loss=19.720
[ 788.5s] epoch 2 step 21200 avg_loss=19.723
[ 790.2s] epoch 2 step 21250 avg_loss=19.743
[ 791.8s] epoch 2 step 21300 avg_loss=19.713
[ 793.3s] epoch 2 step 21350 avg_loss=19.661
[ 795.0s] epoch 2 step 21400 avg_loss=19.625
[ 797.0s] epoch 2 step 21450 avg_loss=19.666
[ 798.8s] epoch 2 step 21500 avg_loss=19.657
[ 800.6s] epoch 2 step 21550 avg_loss=19.659
[ 802.4s] epoch 2 step 21600 avg_loss=19.645
[ 804.2s] epoch 2 step 21650 avg_loss=19.640
[ 805.7s] epoch 2 step 21700 avg_loss=19.603
[ 807.6s] epoch 2 step 21750 avg_loss=19.606
[ 809.3s] epoch 2 step 21800 avg_loss=19.601
[ 811.0s] epoch 2 step 21850 avg_loss=19.596
[ 812.8s] epoch 2 step 21900 avg_loss=19.615
[ 814.4s] epoch 2 step 21950 avg_loss=19.625
[ 816.1s] epoch 2 step 22000 avg_loss=19.619
[ 818.1s] epoch 2 step 22050 avg_loss=19.679
[ 819.6s] epoch 2 step 22100 avg_loss=19.655
[ 821.5s] epoch 2 step 22150 avg_loss=19.677
[ 823.2s] epoch 2 step 22200 avg_loss=19.683
[ 825.0s] epoch 2 step 22250 avg_loss=19.700
[ 826.8s] epoch 2 step 22300 avg_loss=19.686
[ 828.5s] epoch 2 step 22350 avg_loss=19.642
[ 830.4s] epoch 2 step 22400 avg_loss=19.647
[ 832.3s] epoch 2 step 22450 avg_loss=19.639
[ 833.9s] epoch 2 step 22500 avg_loss=19.594
[ 835.4s] epoch 2 step 22550 avg_loss=19.580
[ 837.1s] epoch 2 step 22600 avg_loss=19.593
[ 838.9s] epoch 2 step 22650 avg_loss=19.582
[ 840.7s] epoch 2 step 22700 avg_loss=19.594
[ 842.6s] epoch 2 step 22750 avg_loss=19.604
[ 844.4s] epoch 2 step 22800 avg_loss=19.608
[ 846.4s] epoch 2 step 22850 avg_loss=19.618
[ 848.3s] epoch 2 step 22900 avg_loss=19.589
[ 850.3s] epoch 2 step 22950 avg_loss=19.597
[ 852.2s] epoch 2 step 23000 avg_loss=19.650
[ 853.9s] epoch 2 step 23050 avg_loss=19.635
[ 855.8s] epoch 2 step 23100 avg_loss=19.640
[ 857.4s] epoch 2 step 23150 avg_loss=19.616
[ 859.1s] epoch 2 step 23200 avg_loss=19.592
[ 860.7s] epoch 2 step 23250 avg_loss=19.576
[ 862.3s] epoch 2 step 23300 avg_loss=19.547
[ 864.0s] epoch 2 step 23350 avg_loss=19.528
[ 865.7s] epoch 2 step 23400 avg_loss=19.535
[ 867.7s] epoch 2 step 23450 avg_loss=19.519
[ 869.4s] epoch 2 step 23500 avg_loss=19.497
[ 871.1s] epoch 2 step 23550 avg_loss=19.505
[ 872.8s] epoch 2 step 23600 avg_loss=19.512
[ 874.5s] epoch 2 step 23650 avg_loss=19.494
[ 875.9s] epoch 2 step 23700 avg_loss=19.436
[ 877.6s] epoch 2 step 23750 avg_loss=19.441
[ 879.4s] epoch 2 step 23800 avg_loss=19.458
[ 881.1s] epoch 2 step 23850 avg_loss=19.431
[ 882.8s] epoch 2 step 23900 avg_loss=19.398
[ 886.3s] eval step=750 train_avg_loss=19.410 dev_rank1_f1=0.4613 dev_edge_p=0.4505 dev_edge_r=0.4727
[ 886.7s] epoch 2 step 23950 avg_loss=19.408
[ 888.3s] epoch 2 step 24000 avg_loss=19.402
[ 888.3s] === epoch 2 done: avg_loss=19.402 (n=8000 derivations) ===
[ 890.0s] epoch 3 step 24050 avg_loss=14.999
[ 891.6s] epoch 3 step 24100 avg_loss=14.538
[ 893.4s] epoch 3 step 24150 avg_loss=15.531
[ 895.1s] epoch 3 step 24200 avg_loss=16.428
[ 896.7s] epoch 3 step 24250 avg_loss=16.396
[ 898.6s] epoch 3 step 24300 avg_loss=17.500
[ 900.3s] epoch 3 step 24350 avg_loss=17.836
[ 902.1s] epoch 3 step 24400 avg_loss=18.396
[ 904.0s] epoch 3 step 24450 avg_loss=18.332
[ 905.7s] epoch 3 step 24500 avg_loss=18.062
[ 907.4s] epoch 3 step 24550 avg_loss=18.336
[ 909.2s] epoch 3 step 24600 avg_loss=18.220
[ 910.7s] epoch 3 step 24650 avg_loss=17.963
[ 912.4s] epoch 3 step 24700 avg_loss=17.889
[ 914.3s] epoch 3 step 24750 avg_loss=18.117
[ 915.9s] epoch 3 step 24800 avg_loss=17.956
[ 917.6s] epoch 3 step 24850 avg_loss=18.124
[ 919.2s] epoch 3 step 24900 avg_loss=17.999
[ 920.8s] epoch 3 step 24950 avg_loss=18.158
[ 922.5s] epoch 3 step 25000 avg_loss=18.112
[ 924.1s] epoch 3 step 25050 avg_loss=18.194
[ 925.8s] epoch 3 step 25100 avg_loss=18.253
[ 927.5s] epoch 3 step 25150 avg_loss=18.267
[ 929.3s] epoch 3 step 25200 avg_loss=18.284
[ 931.0s] epoch 3 step 25250 avg_loss=18.278
[ 932.8s] epoch 3 step 25300 avg_loss=18.363
[ 934.6s] epoch 3 step 25350 avg_loss=18.396
[ 936.0s] epoch 3 step 25400 avg_loss=18.253
[ 937.5s] epoch 3 step 25450 avg_loss=18.074
[ 939.1s] epoch 3 step 25500 avg_loss=18.034
[ 940.7s] epoch 3 step 25550 avg_loss=17.936
[ 942.2s] epoch 3 step 25600 avg_loss=17.899
[ 944.0s] epoch 3 step 25650 avg_loss=18.039
[ 945.8s] epoch 3 step 25700 avg_loss=18.023
[ 947.5s] epoch 3 step 25750 avg_loss=18.060
[ 949.2s] epoch 3 step 25800 avg_loss=18.102
[ 951.3s] epoch 3 step 25850 avg_loss=18.235
[ 952.9s] epoch 3 step 25900 avg_loss=18.219
[ 954.4s] epoch 3 step 25950 avg_loss=18.086
[ 956.1s] epoch 3 step 26000 avg_loss=18.066
[ 957.9s] epoch 3 step 26050 avg_loss=17.972
[ 959.7s] epoch 3 step 26100 avg_loss=17.912
[ 961.4s] epoch 3 step 26150 avg_loss=17.932
[ 963.0s] epoch 3 step 26200 avg_loss=17.919
[ 964.8s] epoch 3 step 26250 avg_loss=17.976
[ 966.5s] epoch 3 step 26300 avg_loss=18.050
[ 968.2s] epoch 3 step 26350 avg_loss=18.073
[ 969.9s] epoch 3 step 26400 avg_loss=18.037
[ 971.6s] epoch 3 step 26450 avg_loss=18.105
[ 973.4s] epoch 3 step 26500 avg_loss=18.056
[ 975.2s] epoch 3 step 26550 avg_loss=18.117
[ 977.0s] epoch 3 step 26600 avg_loss=18.126
[ 978.6s] epoch 3 step 26650 avg_loss=18.036
[ 980.7s] epoch 3 step 26700 avg_loss=18.158
[ 982.7s] epoch 3 step 26750 avg_loss=18.210
[ 984.8s] epoch 3 step 26800 avg_loss=18.278
[ 986.4s] epoch 3 step 26850 avg_loss=18.232
[ 988.3s] epoch 3 step 26900 avg_loss=18.278
[ 990.1s] epoch 3 step 26950 avg_loss=18.277
[ 991.9s] epoch 3 step 27000 avg_loss=18.322
[ 993.8s] epoch 3 step 27050 avg_loss=18.413
[ 995.5s] epoch 3 step 27100 avg_loss=18.385
[ 997.3s] epoch 3 step 27150 avg_loss=18.437
[ 999.1s] epoch 3 step 27200 avg_loss=18.461
[1000.8s] epoch 3 step 27250 avg_loss=18.463
[1002.7s] epoch 3 step 27300 avg_loss=18.448
[1004.2s] epoch 3 step 27350 avg_loss=18.407
[1005.9s] epoch 3 step 27400 avg_loss=18.331
[1007.7s] epoch 3 step 27450 avg_loss=18.283
[1009.4s] epoch 3 step 27500 avg_loss=18.263
[1011.3s] epoch 3 step 27550 avg_loss=18.334
[1013.0s] epoch 3 step 27600 avg_loss=18.326
[1014.5s] epoch 3 step 27650 avg_loss=18.259
[1016.1s] epoch 3 step 27700 avg_loss=18.224
[1017.8s] epoch 3 step 27750 avg_loss=18.193
[1019.9s] epoch 3 step 27800 avg_loss=18.223
[1021.5s] epoch 3 step 27850 avg_loss=18.240
[1023.4s] epoch 3 step 27900 avg_loss=18.241
[1025.2s] epoch 3 step 27950 avg_loss=18.218
[1027.2s] epoch 3 step 28000 avg_loss=18.236
[1029.0s] epoch 3 step 28050 avg_loss=18.275
[1030.6s] epoch 3 step 28100 avg_loss=18.255
[1032.2s] epoch 3 step 28150 avg_loss=18.215
[1034.0s] epoch 3 step 28200 avg_loss=18.216
[1036.0s] epoch 3 step 28250 avg_loss=18.209
[1038.0s] epoch 3 step 28300 avg_loss=18.191
[1040.0s] epoch 3 step 28350 avg_loss=18.229
[1041.9s] epoch 3 step 28400 avg_loss=18.222
[1043.6s] epoch 3 step 28450 avg_loss=18.206
[1045.2s] epoch 3 step 28500 avg_loss=18.180
[1047.0s] epoch 3 step 28550 avg_loss=18.194
[1048.8s] epoch 3 step 28600 avg_loss=18.174
[1050.7s] epoch 3 step 28650 avg_loss=18.159
[1052.7s] epoch 3 step 28700 avg_loss=18.144
[1054.4s] epoch 3 step 28750 avg_loss=18.088
[1056.2s] epoch 3 step 28800 avg_loss=18.088
[1057.9s] epoch 3 step 28850 avg_loss=18.048
[1059.5s] epoch 3 step 28900 avg_loss=18.021
[1061.3s] epoch 3 step 28950 avg_loss=18.039
[1062.7s] epoch 3 step 29000 avg_loss=17.983
[1064.6s] epoch 3 step 29050 avg_loss=17.977
[1066.5s] epoch 3 step 29100 avg_loss=18.014
[1068.2s] epoch 3 step 29150 avg_loss=18.032
[1070.1s] epoch 3 step 29200 avg_loss=18.040
[1071.9s] epoch 3 step 29250 avg_loss=18.045
[1073.7s] epoch 3 step 29300 avg_loss=18.032
[1075.4s] epoch 3 step 29350 avg_loss=18.046
[1077.0s] epoch 3 step 29400 avg_loss=18.024
[1078.7s] epoch 3 step 29450 avg_loss=18.011
[1080.5s] epoch 3 step 29500 avg_loss=18.005
[1082.2s] epoch 3 step 29550 avg_loss=17.995
[1084.0s] epoch 3 step 29600 avg_loss=17.996
[1085.7s] epoch 3 step 29650 avg_loss=18.010
[1087.6s] epoch 3 step 29700 avg_loss=18.020
[1089.3s] epoch 3 step 29750 avg_loss=18.034
[1090.9s] epoch 3 step 29800 avg_loss=18.021
[1092.7s] epoch 3 step 29850 avg_loss=18.028
[1094.4s] epoch 3 step 29900 avg_loss=17.989
[1096.1s] epoch 3 step 29950 avg_loss=17.982
[1097.9s] epoch 3 step 30000 avg_loss=17.965
[1099.8s] epoch 3 step 30050 avg_loss=17.988
[1101.5s] epoch 3 step 30100 avg_loss=17.989
[1103.2s] epoch 3 step 30150 avg_loss=17.989
[1105.1s] epoch 3 step 30200 avg_loss=18.001
[1106.9s] epoch 3 step 30250 avg_loss=17.997
[1108.8s] epoch 3 step 30300 avg_loss=18.015
[1110.5s] epoch 3 step 30350 avg_loss=18.021
[1112.1s] epoch 3 step 30400 avg_loss=18.015
[1113.6s] epoch 3 step 30450 avg_loss=17.997
[1115.7s] epoch 3 step 30500 avg_loss=18.021
[1117.3s] epoch 3 step 30550 avg_loss=17.981
[1118.8s] epoch 3 step 30600 avg_loss=17.947
[1120.9s] epoch 3 step 30650 avg_loss=17.968
[1122.8s] epoch 3 step 30700 avg_loss=17.965
[1124.6s] epoch 3 step 30750 avg_loss=17.948
[1126.8s] epoch 3 step 30800 avg_loss=17.968
[1128.6s] epoch 3 step 30850 avg_loss=17.955
[1130.5s] epoch 3 step 30900 avg_loss=17.967
[1132.2s] epoch 3 step 30950 avg_loss=17.951
[1134.1s] epoch 3 step 31000 avg_loss=17.968
[1135.8s] epoch 3 step 31050 avg_loss=17.964
[1137.5s] epoch 3 step 31100 avg_loss=17.942
[1139.2s] epoch 3 step 31150 avg_loss=17.936
[1141.2s] epoch 3 step 31200 avg_loss=17.945
[1142.9s] epoch 3 step 31250 avg_loss=17.925
[1144.6s] epoch 3 step 31300 avg_loss=17.913
[1146.4s] epoch 3 step 31350 avg_loss=17.911
[1148.2s] epoch 3 step 31400 avg_loss=17.910
[1149.7s] epoch 3 step 31450 avg_loss=17.873
[1151.4s] epoch 3 step 31500 avg_loss=17.878
[1153.0s] epoch 3 step 31550 avg_loss=17.850
[1154.8s] epoch 3 step 31600 avg_loss=17.867
[1156.5s] epoch 3 step 31650 avg_loss=17.877
[1158.1s] epoch 3 step 31700 avg_loss=17.853
[1159.8s] epoch 3 step 31750 avg_loss=17.855
[1161.6s] epoch 3 step 31800 avg_loss=17.846
[1163.6s] epoch 3 step 31850 avg_loss=17.831
[1165.6s] epoch 3 step 31900 avg_loss=17.842
[1167.9s] eval step=1000 train_avg_loss=17.842 dev_rank1_f1=0.4723 dev_edge_p=0.4586 dev_edge_r=0.4869
[1169.8s] epoch 3 step 31950 avg_loss=17.834
[1171.5s] epoch 3 step 32000 avg_loss=17.803
[1171.5s] === epoch 3 done: avg_loss=17.803 (n=8000 derivations) ===
[1173.3s] epoch 4 step 32050 avg_loss=13.395
[1175.2s] epoch 4 step 32100 avg_loss=18.872
[1177.4s] epoch 4 step 32150 avg_loss=21.136
[1179.1s] epoch 4 step 32200 avg_loss=19.416
[1180.7s] epoch 4 step 32250 avg_loss=18.800
[1182.6s] epoch 4 step 32300 avg_loss=18.327
[1184.4s] epoch 4 step 32350 avg_loss=17.966
[1185.9s] epoch 4 step 32400 avg_loss=17.432
[1187.8s] epoch 4 step 32450 avg_loss=17.446
[1189.7s] epoch 4 step 32500 avg_loss=17.639
[1191.6s] epoch 4 step 32550 avg_loss=17.332
[1193.3s] epoch 4 step 32600 avg_loss=16.993
[1195.1s] epoch 4 step 32650 avg_loss=16.886
[1196.8s] epoch 4 step 32700 avg_loss=16.774
[1198.6s] epoch 4 step 32750 avg_loss=16.946
[1200.5s] epoch 4 step 32800 avg_loss=16.896
[1202.0s] epoch 4 step 32850 avg_loss=16.609
[1203.6s] epoch 4 step 32900 avg_loss=16.375
[1205.4s] epoch 4 step 32950 avg_loss=16.325
[1207.1s] epoch 4 step 33000 avg_loss=16.287
[1208.8s] epoch 4 step 33050 avg_loss=16.318
[1210.8s] epoch 4 step 33100 avg_loss=16.562
[1212.6s] epoch 4 step 33150 avg_loss=16.650
[1214.6s] epoch 4 step 33200 avg_loss=16.699
[1216.3s] epoch 4 step 33250 avg_loss=16.910
[1218.0s] epoch 4 step 33300 avg_loss=16.804
[1219.6s] epoch 4 step 33350 avg_loss=16.779
[1221.4s] epoch 4 step 33400 avg_loss=16.848
[1223.0s] epoch 4 step 33450 avg_loss=16.767
[1224.7s] epoch 4 step 33500 avg_loss=16.960
[1226.2s] epoch 4 step 33550 avg_loss=16.946
[1228.1s] epoch 4 step 33600 avg_loss=17.096
[1230.1s] epoch 4 step 33650 avg_loss=17.306
[1232.0s] epoch 4 step 33700 avg_loss=17.268
[1233.7s] epoch 4 step 33750 avg_loss=17.203
[1235.5s] epoch 4 step 33800 avg_loss=17.351
[1237.4s] epoch 4 step 33850 avg_loss=17.436
[1239.2s] epoch 4 step 33900 avg_loss=17.424
[1241.0s] epoch 4 step 33950 avg_loss=17.500
[1242.7s] epoch 4 step 34000 avg_loss=17.418
[1244.4s] epoch 4 step 34050 avg_loss=17.377
[1246.3s] epoch 4 step 34100 avg_loss=17.474
[1247.9s] epoch 4 step 34150 avg_loss=17.479
[1249.5s] epoch 4 step 34200 avg_loss=17.386
[1251.2s] epoch 4 step 34250 avg_loss=17.425
[1253.2s] epoch 4 step 34300 avg_loss=17.454
[1254.9s] epoch 4 step 34350 avg_loss=17.416
[1256.4s] epoch 4 step 34400 avg_loss=17.396
[1258.0s] epoch 4 step 34450 avg_loss=17.371
[1259.6s] epoch 4 step 34500 avg_loss=17.328
[1261.2s] epoch 4 step 34550 avg_loss=17.368
[1263.0s] epoch 4 step 34600 avg_loss=17.444
[1264.9s] epoch 4 step 34650 avg_loss=17.469
[1266.7s] epoch 4 step 34700 avg_loss=17.464
[1268.5s] epoch 4 step 34750 avg_loss=17.527
[1270.5s] epoch 4 step 34800 avg_loss=17.537
[1272.3s] epoch 4 step 34850 avg_loss=17.530
[1274.3s] epoch 4 step 34900 avg_loss=17.549
[1276.2s] epoch 4 step 34950 avg_loss=17.525
[1277.7s] epoch 4 step 35000 avg_loss=17.453
[1279.5s] epoch 4 step 35050 avg_loss=17.504
[1281.2s] epoch 4 step 35100 avg_loss=17.546
[1283.1s] epoch 4 step 35150 avg_loss=17.491
[1285.2s] epoch 4 step 35200 avg_loss=17.532
[1287.0s] epoch 4 step 35250 avg_loss=17.567
[1288.7s] epoch 4 step 35300 avg_loss=17.570
[1290.6s] epoch 4 step 35350 avg_loss=17.570
[1292.4s] epoch 4 step 35400 avg_loss=17.528
[1294.1s] epoch 4 step 35450 avg_loss=17.508
[1295.9s] epoch 4 step 35500 avg_loss=17.560
[1297.5s] epoch 4 step 35550 avg_loss=17.508
[1299.3s] epoch 4 step 35600 avg_loss=17.514
[1301.1s] epoch 4 step 35650 avg_loss=17.527
[1303.1s] epoch 4 step 35700 avg_loss=17.539
[1304.9s] epoch 4 step 35750 avg_loss=17.532
[1306.4s] epoch 4 step 35800 avg_loss=17.471
[1308.1s] epoch 4 step 35850 avg_loss=17.493
[1309.8s] epoch 4 step 35900 avg_loss=17.490
[1311.5s] epoch 4 step 35950 avg_loss=17.479
[1313.3s] epoch 4 step 36000 avg_loss=17.458
[1315.1s] epoch 4 step 36050 avg_loss=17.501
[1316.9s] epoch 4 step 36100 avg_loss=17.493
[1318.8s] epoch 4 step 36150 avg_loss=17.497
[1320.7s] epoch 4 step 36200 avg_loss=17.484
[1322.5s] epoch 4 step 36250 avg_loss=17.493
[1324.1s] epoch 4 step 36300 avg_loss=17.424
[1326.0s] epoch 4 step 36350 avg_loss=17.461
[1327.7s] epoch 4 step 36400 avg_loss=17.416
[1329.4s] epoch 4 step 36450 avg_loss=17.426
[1331.2s] epoch 4 step 36500 avg_loss=17.453
[1333.1s] epoch 4 step 36550 avg_loss=17.468
[1334.9s] epoch 4 step 36600 avg_loss=17.460
[1336.8s] epoch 4 step 36650 avg_loss=17.472
[1338.6s] epoch 4 step 36700 avg_loss=17.482
[1340.2s] epoch 4 step 36750 avg_loss=17.418
[1342.0s] epoch 4 step 36800 avg_loss=17.412
[1343.7s] epoch 4 step 36850 avg_loss=17.415
[1345.5s] epoch 4 step 36900 avg_loss=17.367
[1347.3s] epoch 4 step 36950 avg_loss=17.326
[1348.9s] epoch 4 step 37000 avg_loss=17.295
[1350.8s] epoch 4 step 37050 avg_loss=17.262
[1352.8s] epoch 4 step 37100 avg_loss=17.237
[1354.6s] epoch 4 step 37150 avg_loss=17.209
[1356.4s] epoch 4 step 37200 avg_loss=17.199
[1358.0s] epoch 4 step 37250 avg_loss=17.190
[1359.7s] epoch 4 step 37300 avg_loss=17.154
[1361.5s] epoch 4 step 37350 avg_loss=17.130
[1363.1s] epoch 4 step 37400 avg_loss=17.093
[1364.8s] epoch 4 step 37450 avg_loss=17.071
[1366.6s] epoch 4 step 37500 avg_loss=17.051
[1368.4s] epoch 4 step 37550 avg_loss=17.060
[1370.3s] epoch 4 step 37600 avg_loss=17.101
[1372.0s] epoch 4 step 37650 avg_loss=17.082
[1373.9s] epoch 4 step 37700 avg_loss=17.058
[1375.7s] epoch 4 step 37750 avg_loss=17.074
[1377.5s] epoch 4 step 37800 avg_loss=17.098
[1379.1s] epoch 4 step 37850 avg_loss=17.078
[1380.8s] epoch 4 step 37900 avg_loss=17.080
[1382.5s] epoch 4 step 37950 avg_loss=17.031
[1384.3s] epoch 4 step 38000 avg_loss=17.010
[1385.9s] epoch 4 step 38050 avg_loss=16.972
[1387.5s] epoch 4 step 38100 avg_loss=16.953
[1389.1s] epoch 4 step 38150 avg_loss=16.934
[1390.7s] epoch 4 step 38200 avg_loss=16.907
[1392.2s] epoch 4 step 38250 avg_loss=16.881
[1393.8s] epoch 4 step 38300 avg_loss=16.890
[1395.5s] epoch 4 step 38350 avg_loss=16.890
[1397.4s] epoch 4 step 38400 avg_loss=16.899
[1399.0s] epoch 4 step 38450 avg_loss=16.883
[1400.8s] epoch 4 step 38500 avg_loss=16.908
[1402.4s] epoch 4 step 38550 avg_loss=16.899
[1404.0s] epoch 4 step 38600 avg_loss=16.895
[1405.5s] epoch 4 step 38650 avg_loss=16.873
[1407.2s] epoch 4 step 38700 avg_loss=16.842
[1408.9s] epoch 4 step 38750 avg_loss=16.820
[1410.8s] epoch 4 step 38800 avg_loss=16.801
[1412.5s] epoch 4 step 38850 avg_loss=16.803
[1414.5s] epoch 4 step 38900 avg_loss=16.818
[1416.1s] epoch 4 step 38950 avg_loss=16.780
[1418.0s] epoch 4 step 39000 avg_loss=16.775
[1419.7s] epoch 4 step 39050 avg_loss=16.768
[1421.6s] epoch 4 step 39100 avg_loss=16.785
[1423.2s] epoch 4 step 39150 avg_loss=16.762
[1425.1s] epoch 4 step 39200 avg_loss=16.786
[1426.9s] epoch 4 step 39250 avg_loss=16.780
[1428.6s] epoch 4 step 39300 avg_loss=16.751
[1430.3s] epoch 4 step 39350 avg_loss=16.743
[1432.0s] epoch 4 step 39400 avg_loss=16.737
[1433.8s] epoch 4 step 39450 avg_loss=16.743
[1435.2s] epoch 4 step 39500 avg_loss=16.699
[1437.0s] epoch 4 step 39550 avg_loss=16.732
[1439.0s] epoch 4 step 39600 avg_loss=16.752
[1441.1s] epoch 4 step 39650 avg_loss=16.774
[1442.8s] epoch 4 step 39700 avg_loss=16.770
[1444.4s] epoch 4 step 39750 avg_loss=16.758
[1446.1s] epoch 4 step 39800 avg_loss=16.735
[1447.8s] epoch 4 step 39850 avg_loss=16.735
[1450.8s] eval step=1250 train_avg_loss=16.721 dev_rank1_f1=0.4792 dev_edge_p=0.4962 dev_edge_r=0.4632
[1451.7s] epoch 4 step 39900 avg_loss=16.729
[1453.2s] epoch 4 step 39950 avg_loss=16.724
[1454.7s] epoch 4 step 40000 avg_loss=16.707
[1454.7s] === epoch 4 done: avg_loss=16.707 (n=8000 derivations) ===
[1456.4s] epoch 5 step 40050 avg_loss=15.190
[1457.8s] epoch 5 step 40100 avg_loss=13.514
[1459.6s] epoch 5 step 40150 avg_loss=14.100
[1461.1s] epoch 5 step 40200 avg_loss=13.398
[1462.8s] epoch 5 step 40250 avg_loss=13.803
[1464.4s] epoch 5 step 40300 avg_loss=14.002
[1466.1s] epoch 5 step 40350 avg_loss=14.352
[1468.0s] epoch 5 step 40400 avg_loss=14.497
[1469.9s] epoch 5 step 40450 avg_loss=14.925
[1471.5s] epoch 5 step 40500 avg_loss=14.780
[1473.3s] epoch 5 step 40550 avg_loss=14.777
[1475.0s] epoch 5 step 40600 avg_loss=14.820
[1476.7s] epoch 5 step 40650 avg_loss=15.091
[1478.3s] epoch 5 step 40700 avg_loss=14.801
[1480.0s] epoch 5 step 40750 avg_loss=14.877
[1481.6s] epoch 5 step 40800 avg_loss=14.948
[1483.3s] epoch 5 step 40850 avg_loss=15.045
[1485.0s] epoch 5 step 40900 avg_loss=15.046
[1486.6s] epoch 5 step 40950 avg_loss=14.982
[1488.7s] epoch 5 step 41000 avg_loss=15.268
[1490.4s] epoch 5 step 41050 avg_loss=15.306
[1492.1s] epoch 5 step 41100 avg_loss=15.140
[1493.7s] epoch 5 step 41150 avg_loss=14.923
[1495.4s] epoch 5 step 41200 avg_loss=14.991
[1497.2s] epoch 5 step 41250 avg_loss=14.964
[1499.2s] epoch 5 step 41300 avg_loss=15.189
[1501.0s] epoch 5 step 41350 avg_loss=15.154
[1502.7s] epoch 5 step 41400 avg_loss=15.125
[1504.4s] epoch 5 step 41450 avg_loss=15.053
[1506.3s] epoch 5 step 41500 avg_loss=15.195
[1507.8s] epoch 5 step 41550 avg_loss=15.095
[1509.8s] epoch 5 step 41600 avg_loss=15.118
[1511.6s] epoch 5 step 41650 avg_loss=15.168
[1513.3s] epoch 5 step 41700 avg_loss=15.041
[1515.0s] epoch 5 step 41750 avg_loss=15.190
[1516.8s] epoch 5 step 41800 avg_loss=15.241
[1518.5s] epoch 5 step 41850 avg_loss=15.293
[1520.1s] epoch 5 step 41900 avg_loss=15.232
[1521.7s] epoch 5 step 41950 avg_loss=15.175
[1523.1s] epoch 5 step 42000 avg_loss=15.056
[1524.6s] epoch 5 step 42050 avg_loss=15.006
[1526.8s] epoch 5 step 42100 avg_loss=15.217
[1528.5s] epoch 5 step 42150 avg_loss=15.202
[1530.3s] epoch 5 step 42200 avg_loss=15.185
[1532.4s] epoch 5 step 42250 avg_loss=15.324
[1534.2s] epoch 5 step 42300 avg_loss=15.281
[1536.3s] epoch 5 step 42350 avg_loss=15.365
[1537.9s] epoch 5 step 42400 avg_loss=15.325
[1539.9s] epoch 5 step 42450 avg_loss=15.423
[1541.8s] epoch 5 step 42500 avg_loss=15.419
[1543.7s] epoch 5 step 42550 avg_loss=15.469
[1545.6s] epoch 5 step 42600 avg_loss=15.523
[1547.5s] epoch 5 step 42650 avg_loss=15.535
[1549.3s] epoch 5 step 42700 avg_loss=15.578
[1551.0s] epoch 5 step 42750 avg_loss=15.530
[1552.7s] epoch 5 step 42800 avg_loss=15.499
[1554.4s] epoch 5 step 42850 avg_loss=15.447
[1556.1s] epoch 5 step 42900 avg_loss=15.437
[1558.0s] epoch 5 step 42950 avg_loss=15.443
[1559.5s] epoch 5 step 43000 avg_loss=15.380
[1561.4s] epoch 5 step 43050 avg_loss=15.346
[1563.2s] epoch 5 step 43100 avg_loss=15.324
[1565.3s] epoch 5 step 43150 avg_loss=15.389
[1566.9s] epoch 5 step 43200 avg_loss=15.372
[1568.7s] epoch 5 step 43250 avg_loss=15.425
[1570.2s] epoch 5 step 43300 avg_loss=15.400
[1571.8s] epoch 5 step 43350 avg_loss=15.405
[1573.5s] epoch 5 step 43400 avg_loss=15.385
[1575.4s] epoch 5 step 43450 avg_loss=15.408
[1577.2s] epoch 5 step 43500 avg_loss=15.413
[1579.4s] epoch 5 step 43550 avg_loss=15.513
[1581.3s] epoch 5 step 43600 avg_loss=15.520
[1583.2s] epoch 5 step 43650 avg_loss=15.599
[1585.1s] epoch 5 step 43700 avg_loss=15.672
[1586.8s] epoch 5 step 43750 avg_loss=15.658
[1588.7s] epoch 5 step 43800 avg_loss=15.669
[1590.4s] epoch 5 step 43850 avg_loss=15.670
[1592.1s] epoch 5 step 43900 avg_loss=15.680
[1593.8s] epoch 5 step 43950 avg_loss=15.652
[1595.5s] epoch 5 step 44000 avg_loss=15.650
[1597.2s] epoch 5 step 44050 avg_loss=15.674
[1598.8s] epoch 5 step 44100 avg_loss=15.654
[1600.7s] epoch 5 step 44150 avg_loss=15.699
[1602.3s] epoch 5 step 44200 avg_loss=15.695
[1604.2s] epoch 5 step 44250 avg_loss=15.711
[1605.9s] epoch 5 step 44300 avg_loss=15.732
[1607.7s] epoch 5 step 44350 avg_loss=15.742
[1609.5s] epoch 5 step 44400 avg_loss=15.761
[1611.1s] epoch 5 step 44450 avg_loss=15.746
[1612.6s] epoch 5 step 44500 avg_loss=15.738
[1614.3s] epoch 5 step 44550 avg_loss=15.796
[1616.0s] epoch 5 step 44600 avg_loss=15.793
[1617.8s] epoch 5 step 44650 avg_loss=15.812
[1619.4s] epoch 5 step 44700 avg_loss=15.799
[1620.9s] epoch 5 step 44750 avg_loss=15.736
[1622.5s] epoch 5 step 44800 avg_loss=15.714
[1624.2s] epoch 5 step 44850 avg_loss=15.728
[1626.0s] epoch 5 step 44900 avg_loss=15.718
[1627.7s] epoch 5 step 44950 avg_loss=15.733
[1629.3s] epoch 5 step 45000 avg_loss=15.714
[1631.4s] epoch 5 step 45050 avg_loss=15.752
[1633.0s] epoch 5 step 45100 avg_loss=15.742
[1634.8s] epoch 5 step 45150 avg_loss=15.735
[1636.4s] epoch 5 step 45200 avg_loss=15.713
[1637.9s] epoch 5 step 45250 avg_loss=15.675
[1639.6s] epoch 5 step 45300 avg_loss=15.697
[1641.4s] epoch 5 step 45350 avg_loss=15.681
[1643.1s] epoch 5 step 45400 avg_loss=15.653
[1645.0s] epoch 5 step 45450 avg_loss=15.716
[1646.6s] epoch 5 step 45500 avg_loss=15.724
[1648.3s] epoch 5 step 45550 avg_loss=15.733
[1650.0s] epoch 5 step 45600 avg_loss=15.764
[1651.6s] epoch 5 step 45650 avg_loss=15.738
[1653.3s] epoch 5 step 45700 avg_loss=15.725
[1655.2s] epoch 5 step 45750 avg_loss=15.754
[1657.2s] epoch 5 step 45800 avg_loss=15.822
[1659.1s] epoch 5 step 45850 avg_loss=15.831
[1660.8s] epoch 5 step 45900 avg_loss=15.813
[1662.6s] epoch 5 step 45950 avg_loss=15.828
[1664.4s] epoch 5 step 46000 avg_loss=15.828
[1666.3s] epoch 5 step 46050 avg_loss=15.806
[1668.2s] epoch 5 step 46100 avg_loss=15.811
[1670.4s] epoch 5 step 46150 avg_loss=15.849
[1672.1s] epoch 5 step 46200 avg_loss=15.815
[1673.8s] epoch 5 step 46250 avg_loss=15.800
[1675.9s] epoch 5 step 46300 avg_loss=15.819
[1677.7s] epoch 5 step 46350 avg_loss=15.808
[1679.3s] epoch 5 step 46400 avg_loss=15.780
[1681.1s] epoch 5 step 46450 avg_loss=15.777
[1682.9s] epoch 5 step 46500 avg_loss=15.807
[1684.7s] epoch 5 step 46550 avg_loss=15.823
[1686.4s] epoch 5 step 46600 avg_loss=15.838
[1688.1s] epoch 5 step 46650 avg_loss=15.841
[1690.1s] epoch 5 step 46700 avg_loss=15.857
[1691.6s] epoch 5 step 46750 avg_loss=15.827
[1693.3s] epoch 5 step 46800 avg_loss=15.830
[1694.9s] epoch 5 step 46850 avg_loss=15.827
[1696.8s] epoch 5 step 46900 avg_loss=15.824
[1698.3s] epoch 5 step 46950 avg_loss=15.807
[1700.2s] epoch 5 step 47000 avg_loss=15.831
[1702.1s] epoch 5 step 47050 avg_loss=15.837
[1703.9s] epoch 5 step 47100 avg_loss=15.869
[1705.9s] epoch 5 step 47150 avg_loss=15.882
[1707.6s] epoch 5 step 47200 avg_loss=15.866
[1709.4s] epoch 5 step 47250 avg_loss=15.858
[1711.0s] epoch 5 step 47300 avg_loss=15.847
[1712.6s] epoch 5 step 47350 avg_loss=15.833
[1714.3s] epoch 5 step 47400 avg_loss=15.830
[1716.0s] epoch 5 step 47450 avg_loss=15.851
[1717.8s] epoch 5 step 47500 avg_loss=15.870
[1719.8s] epoch 5 step 47550 avg_loss=15.895
[1721.6s] epoch 5 step 47600 avg_loss=15.885
[1723.7s] epoch 5 step 47650 avg_loss=15.906
[1725.6s] epoch 5 step 47700 avg_loss=15.901
[1727.3s] epoch 5 step 47750 avg_loss=15.911
[1729.2s] epoch 5 step 47800 avg_loss=15.911
[1735.2s] eval step=1500 train_avg_loss=15.917 dev_rank1_f1=0.4555 dev_edge_p=0.4361 dev_edge_r=0.4767
[1735.6s] epoch 5 step 47850 avg_loss=15.916
[1737.3s] epoch 5 step 47900 avg_loss=15.882
[1739.2s] epoch 5 step 47950 avg_loss=15.863
[1741.2s] epoch 5 step 48000 avg_loss=15.855
[1741.2s] === epoch 5 done: avg_loss=15.855 (n=8000 derivations) ===
[1743.0s] epoch 6 step 48050 avg_loss=16.581
[1744.9s] epoch 6 step 48100 avg_loss=15.303
[1746.4s] epoch 6 step 48150 avg_loss=14.331
[1748.4s] epoch 6 step 48200 avg_loss=14.509
[1750.2s] epoch 6 step 48250 avg_loss=14.519
[1752.0s] epoch 6 step 48300 avg_loss=14.440
[1754.0s] epoch 6 step 48350 avg_loss=14.743
[1756.0s] epoch 6 step 48400 avg_loss=15.153
[1757.9s] epoch 6 step 48450 avg_loss=15.131
[1759.7s] epoch 6 step 48500 avg_loss=15.063
[1761.9s] epoch 6 step 48550 avg_loss=15.479
[1763.7s] epoch 6 step 48600 avg_loss=15.414
[1765.5s] epoch 6 step 48650 avg_loss=15.137
[1767.5s] epoch 6 step 48700 avg_loss=14.996
[1769.2s] epoch 6 step 48750 avg_loss=14.750
[1770.9s] epoch 6 step 48800 avg_loss=14.549
[1773.0s] epoch 6 step 48850 avg_loss=14.432
[1775.0s] epoch 6 step 48900 avg_loss=14.382
[1776.9s] epoch 6 step 48950 avg_loss=14.435
[1779.1s] epoch 6 step 49000 avg_loss=14.580
[1781.1s] epoch 6 step 49050 avg_loss=14.679
[1783.1s] epoch 6 step 49100 avg_loss=14.690
[1784.8s] epoch 6 step 49150 avg_loss=14.703
[1786.6s] epoch 6 step 49200 avg_loss=14.539
[1788.5s] epoch 6 step 49250 avg_loss=14.658
[1790.4s] epoch 6 step 49300 avg_loss=14.639
[1792.4s] epoch 6 step 49350 avg_loss=14.659
[1794.3s] epoch 6 step 49400 avg_loss=14.686
[1796.4s] epoch 6 step 49450 avg_loss=14.601
[1798.5s] epoch 6 step 49500 avg_loss=14.667
[1800.6s] epoch 6 step 49550 avg_loss=14.718
[1802.8s] epoch 6 step 49600 avg_loss=14.766
[1804.8s] epoch 6 step 49650 avg_loss=14.736
[1806.9s] epoch 6 step 49700 avg_loss=14.895
[1808.8s] epoch 6 step 49750 avg_loss=14.760
[1810.8s] epoch 6 step 49800 avg_loss=14.721
[1812.6s] epoch 6 step 49850 avg_loss=14.756
[1814.8s] epoch 6 step 49900 avg_loss=14.855
[1816.7s] epoch 6 step 49950 avg_loss=14.833
[1818.6s] epoch 6 step 50000 avg_loss=14.890
[1820.5s] epoch 6 step 50050 avg_loss=14.852
[1822.3s] epoch 6 step 50100 avg_loss=14.891
[1824.2s] epoch 6 step 50150 avg_loss=14.865
[1825.7s] epoch 6 step 50200 avg_loss=14.750
[1827.6s] epoch 6 step 50250 avg_loss=14.709
[1829.5s] epoch 6 step 50300 avg_loss=14.739
[1831.3s] epoch 6 step 50350 avg_loss=14.733
[1833.0s] epoch 6 step 50400 avg_loss=14.785
[1834.9s] epoch 6 step 50450 avg_loss=14.787
[1836.6s] epoch 6 step 50500 avg_loss=14.739
[1838.6s] epoch 6 step 50550 avg_loss=14.770
[1840.6s] epoch 6 step 50600 avg_loss=14.779
[1842.5s] epoch 6 step 50650 avg_loss=14.788
[1844.5s] epoch 6 step 50700 avg_loss=14.836
[1846.2s] epoch 6 step 50750 avg_loss=14.782
[1848.1s] epoch 6 step 50800 avg_loss=14.777
[1850.0s] epoch 6 step 50850 avg_loss=14.830
[1851.7s] epoch 6 step 50900 avg_loss=14.765
[1853.4s] epoch 6 step 50950 avg_loss=14.755
[1855.3s] epoch 6 step 51000 avg_loss=14.737
[1857.4s] epoch 6 step 51050 avg_loss=14.803
[1859.2s] epoch 6 step 51100 avg_loss=14.795
[1860.9s] epoch 6 step 51150 avg_loss=14.765
[1862.9s] epoch 6 step 51200 avg_loss=14.786
[1864.7s] epoch 6 step 51250 avg_loss=14.823
[1866.4s] epoch 6 step 51300 avg_loss=14.848
[1868.1s] epoch 6 step 51350 avg_loss=14.814
[1869.9s] epoch 6 step 51400 avg_loss=14.805
[1871.8s] epoch 6 step 51450 avg_loss=14.809
[1873.6s] epoch 6 step 51500 avg_loss=14.802
[1875.3s] epoch 6 step 51550 avg_loss=14.801
[1877.1s] epoch 6 step 51600 avg_loss=14.811
[1878.9s] epoch 6 step 51650 avg_loss=14.797
[1880.8s] epoch 6 step 51700 avg_loss=14.817
[1882.6s] epoch 6 step 51750 avg_loss=14.836
[1884.4s] epoch 6 step 51800 avg_loss=14.841
[1886.4s] epoch 6 step 51850 avg_loss=14.891
[1888.3s] epoch 6 step 51900 avg_loss=14.881
[1890.2s] epoch 6 step 51950 avg_loss=14.918
[1891.9s] epoch 6 step 52000 avg_loss=14.925
[1893.4s] epoch 6 step 52050 avg_loss=14.903
[1895.2s] epoch 6 step 52100 avg_loss=14.930
[1897.0s] epoch 6 step 52150 avg_loss=14.941
[1899.0s] epoch 6 step 52200 avg_loss=14.948
[1900.7s] epoch 6 step 52250 avg_loss=14.913
[1902.6s] epoch 6 step 52300 avg_loss=14.930
[1904.3s] epoch 6 step 52350 avg_loss=14.885
[1906.0s] epoch 6 step 52400 avg_loss=14.879
[1907.8s] epoch 6 step 52450 avg_loss=14.893
[1909.5s] epoch 6 step 52500 avg_loss=14.907
[1911.3s] epoch 6 step 52550 avg_loss=14.891
[1913.3s] epoch 6 step 52600 avg_loss=14.930
[1914.9s] epoch 6 step 52650 avg_loss=14.913
[1916.7s] epoch 6 step 52700 avg_loss=14.965
[1918.4s] epoch 6 step 52750 avg_loss=14.975
[1920.3s] epoch 6 step 52800 avg_loss=15.035
[1922.1s] epoch 6 step 52850 avg_loss=15.050
[1923.9s] epoch 6 step 52900 avg_loss=15.034
[1925.6s] epoch 6 step 52950 avg_loss=15.020
[1927.4s] epoch 6 step 53000 avg_loss=15.052
[1929.2s] epoch 6 step 53050 avg_loss=15.069
[1930.7s] epoch 6 step 53100 avg_loss=15.053
[1932.5s] epoch 6 step 53150 avg_loss=15.064
[1934.2s] epoch 6 step 53200 avg_loss=15.082
[1936.1s] epoch 6 step 53250 avg_loss=15.173
[1937.8s] epoch 6 step 53300 avg_loss=15.168
[1939.6s] epoch 6 step 53350 avg_loss=15.154
[1941.6s] epoch 6 step 53400 avg_loss=15.170
[1943.5s] epoch 6 step 53450 avg_loss=15.207
[1945.4s] epoch 6 step 53500 avg_loss=15.248
[1947.1s] epoch 6 step 53550 avg_loss=15.254
[1948.9s] epoch 6 step 53600 avg_loss=15.237
[1950.7s] epoch 6 step 53650 avg_loss=15.248
[1952.5s] epoch 6 step 53700 avg_loss=15.231
[1954.2s] epoch 6 step 53750 avg_loss=15.223
[1956.0s] epoch 6 step 53800 avg_loss=15.216
[1958.0s] epoch 6 step 53850 avg_loss=15.233
[1959.7s] epoch 6 step 53900 avg_loss=15.221
[1961.4s] epoch 6 step 53950 avg_loss=15.205
[1963.4s] epoch 6 step 54000 avg_loss=15.216
[1965.1s] epoch 6 step 54050 avg_loss=15.225
[1966.6s] epoch 6 step 54100 avg_loss=15.195
[1968.3s] epoch 6 step 54150 avg_loss=15.170
[1970.4s] epoch 6 step 54200 avg_loss=15.173
[1972.4s] epoch 6 step 54250 avg_loss=15.202
[1973.8s] epoch 6 step 54300 avg_loss=15.185
[1975.4s] epoch 6 step 54350 avg_loss=15.174
[1977.1s] epoch 6 step 54400 avg_loss=15.131
[1978.9s] epoch 6 step 54450 avg_loss=15.173
[1980.7s] epoch 6 step 54500 avg_loss=15.191
[1982.5s] epoch 6 step 54550 avg_loss=15.209
[1984.4s] epoch 6 step 54600 avg_loss=15.223
[1986.2s] epoch 6 step 54650 avg_loss=15.250
[1987.9s] epoch 6 step 54700 avg_loss=15.271
[1989.7s] epoch 6 step 54750 avg_loss=15.269
[1991.5s] epoch 6 step 54800 avg_loss=15.274
[1993.2s] epoch 6 step 54850 avg_loss=15.284
[1995.0s] epoch 6 step 54900 avg_loss=15.268
[1996.9s] epoch 6 step 54950 avg_loss=15.296
[1998.7s] epoch 6 step 55000 avg_loss=15.306
[2000.4s] epoch 6 step 55050 avg_loss=15.294
[2001.9s] epoch 6 step 55100 avg_loss=15.258
[2003.7s] epoch 6 step 55150 avg_loss=15.246
[2005.6s] epoch 6 step 55200 avg_loss=15.243
[2007.3s] epoch 6 step 55250 avg_loss=15.243
[2009.0s] epoch 6 step 55300 avg_loss=15.244
[2010.7s] epoch 6 step 55350 avg_loss=15.228
[2012.6s] epoch 6 step 55400 avg_loss=15.212
[2014.5s] epoch 6 step 55450 avg_loss=15.195
[2016.3s] epoch 6 step 55500 avg_loss=15.180
[2018.2s] epoch 6 step 55550 avg_loss=15.185
[2019.9s] epoch 6 step 55600 avg_loss=15.176
[2021.5s] epoch 6 step 55650 avg_loss=15.173
[2023.1s] epoch 6 step 55700 avg_loss=15.168
[2024.6s] epoch 6 step 55750 avg_loss=15.139
[2026.1s] epoch 6 step 55800 avg_loss=15.124
[2031.5s] eval step=1750 train_avg_loss=15.139 dev_rank1_f1=0.4947 dev_edge_p=0.4872 dev_edge_r=0.5024
[2032.8s] epoch 6 step 55850 avg_loss=15.119
[2034.6s] epoch 6 step 55900 avg_loss=15.114
[2036.3s] epoch 6 step 55950 avg_loss=15.113
[2038.2s] epoch 6 step 56000 avg_loss=15.116
[2038.2s] === epoch 6 done: avg_loss=15.116 (n=8000 derivations) ===
[2040.0s] epoch 7 step 56050 avg_loss=14.475
[2041.7s] epoch 7 step 56100 avg_loss=13.901
[2043.4s] epoch 7 step 56150 avg_loss=13.375
[2045.4s] epoch 7 step 56200 avg_loss=14.600
[2047.3s] epoch 7 step 56250 avg_loss=14.397
[2049.1s] epoch 7 step 56300 avg_loss=15.311
[2050.8s] epoch 7 step 56350 avg_loss=14.983
[2052.6s] epoch 7 step 56400 avg_loss=14.932
[2054.5s] epoch 7 step 56450 avg_loss=14.781
[2056.3s] epoch 7 step 56500 avg_loss=14.745
[2058.2s] epoch 7 step 56550 avg_loss=15.023
[2060.0s] epoch 7 step 56600 avg_loss=14.912
[2061.9s] epoch 7 step 56650 avg_loss=14.933
[2063.7s] epoch 7 step 56700 avg_loss=15.185
[2065.6s] epoch 7 step 56750 avg_loss=14.906
[2067.4s] epoch 7 step 56800 avg_loss=14.856
[2069.2s] epoch 7 step 56850 avg_loss=14.805
[2070.8s] epoch 7 step 56900 avg_loss=14.737
[2072.7s] epoch 7 step 56950 avg_loss=14.687
[2074.6s] epoch 7 step 57000 avg_loss=14.735
[2076.2s] epoch 7 step 57050 avg_loss=14.686
[2078.0s] epoch 7 step 57100 avg_loss=14.716
[2079.6s] epoch 7 step 57150 avg_loss=14.703
[2081.6s] epoch 7 step 57200 avg_loss=14.769
[2083.2s] epoch 7 step 57250 avg_loss=14.716
[2084.8s] epoch 7 step 57300 avg_loss=14.621
[2086.7s] epoch 7 step 57350 avg_loss=14.614
[2088.4s] epoch 7 step 57400 avg_loss=14.581
[2090.2s] epoch 7 step 57450 avg_loss=14.576
[2091.9s] epoch 7 step 57500 avg_loss=14.528
[2093.7s] epoch 7 step 57550 avg_loss=14.603
[2095.5s] epoch 7 step 57600 avg_loss=14.747
[2097.2s] epoch 7 step 57650 avg_loss=14.709
[2099.2s] epoch 7 step 57700 avg_loss=14.648
[2100.9s] epoch 7 step 57750 avg_loss=14.546
[2102.7s] epoch 7 step 57800 avg_loss=14.535
[2104.7s] epoch 7 step 57850 avg_loss=14.615
[2106.8s] epoch 7 step 57900 avg_loss=14.633
[2109.0s] epoch 7 step 57950 avg_loss=14.756
[2110.7s] epoch 7 step 58000 avg_loss=14.742
[2112.4s] epoch 7 step 58050 avg_loss=14.751
[2114.1s] epoch 7 step 58100 avg_loss=14.688
[2115.8s] epoch 7 step 58150 avg_loss=14.676
[2117.4s] epoch 7 step 58200 avg_loss=14.602
[2119.0s] epoch 7 step 58250 avg_loss=14.590
[2120.6s] epoch 7 step 58300 avg_loss=14.590
[2122.3s] epoch 7 step 58350 avg_loss=14.559
[2124.2s] epoch 7 step 58400 avg_loss=14.635
[2126.0s] epoch 7 step 58450 avg_loss=14.660
[2127.8s] epoch 7 step 58500 avg_loss=14.662
[2129.5s] epoch 7 step 58550 avg_loss=14.583
[2131.2s] epoch 7 step 58600 avg_loss=14.594
[2132.8s] epoch 7 step 58650 avg_loss=14.638
[2134.5s] epoch 7 step 58700 avg_loss=14.646
[2136.2s] epoch 7 step 58750 avg_loss=14.608
[2137.9s] epoch 7 step 58800 avg_loss=14.574
[2139.7s] epoch 7 step 58850 avg_loss=14.564
[2141.5s] epoch 7 step 58900 avg_loss=14.526
[2143.1s] epoch 7 step 58950 avg_loss=14.524
[2144.9s] epoch 7 step 59000 avg_loss=14.563
[2146.5s] epoch 7 step 59050 avg_loss=14.500
[2148.3s] epoch 7 step 59100 avg_loss=14.568
[2149.9s] epoch 7 step 59150 avg_loss=14.588
[2151.7s] epoch 7 step 59200 avg_loss=14.665
[2153.2s] epoch 7 step 59250 avg_loss=14.641
[2154.8s] epoch 7 step 59300 avg_loss=14.594
[2156.4s] epoch 7 step 59350 avg_loss=14.562
[2158.1s] epoch 7 step 59400 avg_loss=14.549
[2159.6s] epoch 7 step 59450 avg_loss=14.500
[2161.2s] epoch 7 step 59500 avg_loss=14.439
[2162.8s] epoch 7 step 59550 avg_loss=14.413
[2164.5s] epoch 7 step 59600 avg_loss=14.440
[2166.2s] epoch 7 step 59650 avg_loss=14.424
[2168.1s] epoch 7 step 59700 avg_loss=14.437
[2169.5s] epoch 7 step 59750 avg_loss=14.385
[2171.3s] epoch 7 step 59800 avg_loss=14.383
[2173.3s] epoch 7 step 59850 avg_loss=14.422
[2175.0s] epoch 7 step 59900 avg_loss=14.440
[2176.5s] epoch 7 step 59950 avg_loss=14.417
[2178.2s] epoch 7 step 60000 avg_loss=14.425
[2180.1s] epoch 7 step 60050 avg_loss=14.463
[2182.0s] epoch 7 step 60100 avg_loss=14.442
[2183.9s] epoch 7 step 60150 avg_loss=14.424
[2185.7s] epoch 7 step 60200 avg_loss=14.420
[2187.8s] epoch 7 step 60250 avg_loss=14.474
[2189.4s] epoch 7 step 60300 avg_loss=14.447
[2191.4s] epoch 7 step 60350 avg_loss=14.467
[2193.3s] epoch 7 step 60400 avg_loss=14.454
[2195.2s] epoch 7 step 60450 avg_loss=14.413
[2196.9s] epoch 7 step 60500 avg_loss=14.438
[2198.7s] epoch 7 step 60550 avg_loss=14.426
[2200.4s] epoch 7 step 60600 avg_loss=14.428
[2202.0s] epoch 7 step 60650 avg_loss=14.402
[2203.9s] epoch 7 step 60700 avg_loss=14.416
[2205.8s] epoch 7 step 60750 avg_loss=14.452
[2207.5s] epoch 7 step 60800 avg_loss=14.443
[2209.0s] epoch 7 step 60850 avg_loss=14.468
[2210.7s] epoch 7 step 60900 avg_loss=14.472
[2212.3s] epoch 7 step 60950 avg_loss=14.439
[2214.0s] epoch 7 step 61000 avg_loss=14.443
[2215.7s] epoch 7 step 61050 avg_loss=14.449
[2217.3s] epoch 7 step 61100 avg_loss=14.422
[2219.2s] epoch 7 step 61150 avg_loss=14.439
[2221.1s] epoch 7 step 61200 avg_loss=14.427
[2223.0s] epoch 7 step 61250 avg_loss=14.413
[2225.0s] epoch 7 step 61300 avg_loss=14.402
[2227.0s] epoch 7 step 61350 avg_loss=14.417
[2228.8s] epoch 7 step 61400 avg_loss=14.440
[2230.5s] epoch 7 step 61450 avg_loss=14.430
[2232.0s] epoch 7 step 61500 avg_loss=14.419
[2233.8s] epoch 7 step 61550 avg_loss=14.407
[2235.6s] epoch 7 step 61600 avg_loss=14.411
[2237.3s] epoch 7 step 61650 avg_loss=14.391
[2239.0s] epoch 7 step 61700 avg_loss=14.399
[2240.8s] epoch 7 step 61750 avg_loss=14.419
[2242.4s] epoch 7 step 61800 avg_loss=14.403
[2244.1s] epoch 7 step 61850 avg_loss=14.424
[2245.7s] epoch 7 step 61900 avg_loss=14.425
[2247.5s] epoch 7 step 61950 avg_loss=14.437
[2249.3s] epoch 7 step 62000 avg_loss=14.411
[2251.0s] epoch 7 step 62050 avg_loss=14.424
[2252.7s] epoch 7 step 62100 avg_loss=14.416
[2254.2s] epoch 7 step 62150 avg_loss=14.420
[2255.8s] epoch 7 step 62200 avg_loss=14.407
[2257.3s] epoch 7 step 62250 avg_loss=14.372
[2259.0s] epoch 7 step 62300 avg_loss=14.389
[2260.7s] epoch 7 step 62350 avg_loss=14.373
[2262.7s] epoch 7 step 62400 avg_loss=14.401
[2264.6s] epoch 7 step 62450 avg_loss=14.428
[2266.2s] epoch 7 step 62500 avg_loss=14.419
[2267.6s] epoch 7 step 62550 avg_loss=14.386
[2269.3s] epoch 7 step 62600 avg_loss=14.408
[2270.9s] epoch 7 step 62650 avg_loss=14.399
[2272.7s] epoch 7 step 62700 avg_loss=14.400
[2274.4s] epoch 7 step 62750 avg_loss=14.405
[2276.1s] epoch 7 step 62800 avg_loss=14.390
[2277.9s] epoch 7 step 62850 avg_loss=14.379
[2279.4s] epoch 7 step 62900 avg_loss=14.360
[2281.3s] epoch 7 step 62950 avg_loss=14.370
[2283.1s] epoch 7 step 63000 avg_loss=14.393
[2284.9s] epoch 7 step 63050 avg_loss=14.389
[2286.4s] epoch 7 step 63100 avg_loss=14.404
[2288.0s] epoch 7 step 63150 avg_loss=14.415
[2289.7s] epoch 7 step 63200 avg_loss=14.443
[2291.3s] epoch 7 step 63250 avg_loss=14.425
[2292.9s] epoch 7 step 63300 avg_loss=14.420
[2294.5s] epoch 7 step 63350 avg_loss=14.413
[2296.2s] epoch 7 step 63400 avg_loss=14.403
[2298.1s] epoch 7 step 63450 avg_loss=14.411
[2299.7s] epoch 7 step 63500 avg_loss=14.387
[2301.5s] epoch 7 step 63550 avg_loss=14.390
[2303.1s] epoch 7 step 63600 avg_loss=14.400
[2304.6s] epoch 7 step 63650 avg_loss=14.393
[2306.3s] epoch 7 step 63700 avg_loss=14.388
[2307.9s] epoch 7 step 63750 avg_loss=14.388
[2314.6s] eval step=2000 train_avg_loss=14.396 dev_rank1_f1=0.4710 dev_edge_p=0.4591 dev_edge_r=0.4835
[2315.3s] epoch 7 step 63800 avg_loss=14.394
[2317.0s] epoch 7 step 63850 avg_loss=14.415
[2318.6s] epoch 7 step 63900 avg_loss=14.422
[2320.3s] epoch 7 step 63950 avg_loss=14.452
[2322.0s] epoch 7 step 64000 avg_loss=14.467
[2322.0s] === epoch 7 done: avg_loss=14.467 (n=8000 derivations) ===
[2323.7s] epoch 8 step 64050 avg_loss=15.704
[2325.5s] epoch 8 step 64100 avg_loss=16.857
[2327.0s] epoch 8 step 64150 avg_loss=14.904
[2328.7s] epoch 8 step 64200 avg_loss=15.289
[2330.7s] epoch 8 step 64250 avg_loss=15.105
[2332.4s] epoch 8 step 64300 avg_loss=15.166
[2334.5s] epoch 8 step 64350 avg_loss=15.595
[2336.1s] epoch 8 step 64400 avg_loss=14.973
[2338.2s] epoch 8 step 64450 avg_loss=14.959
[2340.1s] epoch 8 step 64500 avg_loss=14.920
[2341.6s] epoch 8 step 64550 avg_loss=14.847
[2343.1s] epoch 8 step 64600 avg_loss=14.423
[2345.0s] epoch 8 step 64650 avg_loss=14.579
[2346.8s] epoch 8 step 64700 avg_loss=14.708
[2348.5s] epoch 8 step 64750 avg_loss=14.432
[2350.2s] epoch 8 step 64800 avg_loss=14.301
[2352.1s] epoch 8 step 64850 avg_loss=14.350
[2354.0s] epoch 8 step 64900 avg_loss=14.247
[2355.7s] epoch 8 step 64950 avg_loss=14.136
[2357.5s] epoch 8 step 65000 avg_loss=14.153
[2359.5s] epoch 8 step 65050 avg_loss=14.239
[2361.5s] epoch 8 step 65100 avg_loss=14.353
[2363.3s] epoch 8 step 65150 avg_loss=14.418
[2365.1s] epoch 8 step 65200 avg_loss=14.350
[2366.7s] epoch 8 step 65250 avg_loss=14.340
[2368.6s] epoch 8 step 65300 avg_loss=14.385
[2370.4s] epoch 8 step 65350 avg_loss=14.465
[2372.1s] epoch 8 step 65400 avg_loss=14.411
[2373.9s] epoch 8 step 65450 avg_loss=14.388
[2375.5s] epoch 8 step 65500 avg_loss=14.391
[2377.1s] epoch 8 step 65550 avg_loss=14.315
[2378.8s] epoch 8 step 65600 avg_loss=14.155
[2380.3s] epoch 8 step 65650 avg_loss=14.085
[2382.3s] epoch 8 step 65700 avg_loss=14.085
[2384.1s] epoch 8 step 65750 avg_loss=14.041
[2386.0s] epoch 8 step 65800 avg_loss=14.016
[2387.7s] epoch 8 step 65850 avg_loss=13.957
[2389.6s] epoch 8 step 65900 avg_loss=14.026
[2391.1s] epoch 8 step 65950 avg_loss=13.955
[2392.8s] epoch 8 step 66000 avg_loss=13.988
[2394.5s] epoch 8 step 66050 avg_loss=14.007
[2396.3s] epoch 8 step 66100 avg_loss=13.984
[2398.1s] epoch 8 step 66150 avg_loss=13.990
[2399.9s] epoch 8 step 66200 avg_loss=13.951
[2401.8s] epoch 8 step 66250 avg_loss=13.990
[2403.8s] epoch 8 step 66300 avg_loss=14.007
[2405.6s] epoch 8 step 66350 avg_loss=14.029
[2407.2s] epoch 8 step 66400 avg_loss=14.034
[2408.8s] epoch 8 step 66450 avg_loss=13.998
[2410.5s] epoch 8 step 66500 avg_loss=13.977
[2412.4s] epoch 8 step 66550 avg_loss=14.026
[2413.9s] epoch 8 step 66600 avg_loss=13.957
[2415.9s] epoch 8 step 66650 avg_loss=14.022
[2417.9s] epoch 8 step 66700 avg_loss=13.985
[2419.6s] epoch 8 step 66750 avg_loss=13.928
[2421.2s] epoch 8 step 66800 avg_loss=13.891
[2423.0s] epoch 8 step 66850 avg_loss=13.882
[2424.7s] epoch 8 step 66900 avg_loss=13.859
[2426.5s] epoch 8 step 66950 avg_loss=13.859
[2428.1s] epoch 8 step 67000 avg_loss=13.838
[2430.0s] epoch 8 step 67050 avg_loss=13.868
[2431.5s] epoch 8 step 67100 avg_loss=13.814
[2433.4s] epoch 8 step 67150 avg_loss=13.853
[2435.0s] epoch 8 step 67200 avg_loss=13.848
[2436.6s] epoch 8 step 67250 avg_loss=13.821
[2438.2s] epoch 8 step 67300 avg_loss=13.820
[2439.9s] epoch 8 step 67350 avg_loss=13.826
[2441.5s] epoch 8 step 67400 avg_loss=13.847
[2443.3s] epoch 8 step 67450 avg_loss=13.889
[2445.1s] epoch 8 step 67500 avg_loss=13.844
[2446.9s] epoch 8 step 67550 avg_loss=13.900
[2448.6s] epoch 8 step 67600 avg_loss=13.887
[2450.5s] epoch 8 step 67650 avg_loss=13.871
[2452.1s] epoch 8 step 67700 avg_loss=13.830
[2453.7s] epoch 8 step 67750 avg_loss=13.811
[2455.3s] epoch 8 step 67800 avg_loss=13.795
[2457.0s] epoch 8 step 67850 avg_loss=13.841
[2458.7s] epoch 8 step 67900 avg_loss=13.837
[2460.4s] epoch 8 step 67950 avg_loss=13.839
[2462.2s] epoch 8 step 68000 avg_loss=13.872
[2464.0s] epoch 8 step 68050 avg_loss=13.879
[2465.6s] epoch 8 step 68100 avg_loss=13.837
[2467.4s] epoch 8 step 68150 avg_loss=13.829
[2469.4s] epoch 8 step 68200 avg_loss=13.848
[2471.4s] epoch 8 step 68250 avg_loss=13.869
[2473.3s] epoch 8 step 68300 avg_loss=13.845
[2475.3s] epoch 8 step 68350 avg_loss=13.879
[2477.1s] epoch 8 step 68400 avg_loss=13.876
[2479.0s] epoch 8 step 68450 avg_loss=13.906
[2480.9s] epoch 8 step 68500 avg_loss=13.904
[2482.8s] epoch 8 step 68550 avg_loss=13.912
[2484.5s] epoch 8 step 68600 avg_loss=13.884
[2486.3s] epoch 8 step 68650 avg_loss=13.864
[2488.6s] epoch 8 step 68700 avg_loss=13.931
[2490.4s] epoch 8 step 68750 avg_loss=13.944
[2492.9s] epoch 8 step 68800 avg_loss=13.939
[2494.6s] epoch 8 step 68850 avg_loss=13.915
[2496.4s] epoch 8 step 68900 avg_loss=13.926
[2498.2s] epoch 8 step 68950 avg_loss=13.973
[2500.0s] epoch 8 step 69000 avg_loss=13.978
[2501.8s] epoch 8 step 69050 avg_loss=13.997
[2503.5s] epoch 8 step 69100 avg_loss=14.030
[2505.0s] epoch 8 step 69150 avg_loss=13.997
[2506.7s] epoch 8 step 69200 avg_loss=13.988
[2508.3s] epoch 8 step 69250 avg_loss=13.976
[2510.1s] epoch 8 step 69300 avg_loss=13.959
[2511.8s] epoch 8 step 69350 avg_loss=13.981
[2513.5s] epoch 8 step 69400 avg_loss=13.960
[2515.3s] epoch 8 step 69450 avg_loss=13.972
[2516.9s] epoch 8 step 69500 avg_loss=13.986
[2518.5s] epoch 8 step 69550 avg_loss=13.977
[2519.9s] epoch 8 step 69600 avg_loss=13.967
[2521.5s] epoch 8 step 69650 avg_loss=13.958
[2523.0s] epoch 8 step 69700 avg_loss=13.943
[2524.9s] epoch 8 step 69750 avg_loss=13.940
[2526.8s] epoch 8 step 69800 avg_loss=13.972
[2528.7s] epoch 8 step 69850 avg_loss=13.990
[2530.4s] epoch 8 step 69900 avg_loss=14.005
[2532.1s] epoch 8 step 69950 avg_loss=13.977
[2533.9s] epoch 8 step 70000 avg_loss=13.981
[2535.6s] epoch 8 step 70050 avg_loss=13.972
[2537.3s] epoch 8 step 70100 avg_loss=13.944
[2539.0s] epoch 8 step 70150 avg_loss=13.937
[2541.0s] epoch 8 step 70200 avg_loss=13.911
[2542.7s] epoch 8 step 70250 avg_loss=13.899
[2544.5s] epoch 8 step 70300 avg_loss=13.901
[2546.2s] epoch 8 step 70350 avg_loss=13.885
[2548.0s] epoch 8 step 70400 avg_loss=13.880
[2549.8s] epoch 8 step 70450 avg_loss=13.882
[2551.5s] epoch 8 step 70500 avg_loss=13.869
[2553.4s] epoch 8 step 70550 avg_loss=13.872
[2555.2s] epoch 8 step 70600 avg_loss=13.868
[2557.0s] epoch 8 step 70650 avg_loss=13.895
[2558.8s] epoch 8 step 70700 avg_loss=13.910
[2560.6s] epoch 8 step 70750 avg_loss=13.922
[2562.4s] epoch 8 step 70800 avg_loss=13.917
[2564.2s] epoch 8 step 70850 avg_loss=13.896
[2566.0s] epoch 8 step 70900 avg_loss=13.922
[2567.8s] epoch 8 step 70950 avg_loss=13.920
[2569.6s] epoch 8 step 71000 avg_loss=13.920
[2571.3s] epoch 8 step 71050 avg_loss=13.909
[2573.0s] epoch 8 step 71100 avg_loss=13.920
[2575.0s] epoch 8 step 71150 avg_loss=13.912
[2576.7s] epoch 8 step 71200 avg_loss=13.912
[2578.5s] epoch 8 step 71250 avg_loss=13.937
[2579.8s] epoch 8 step 71300 avg_loss=13.908
[2581.6s] epoch 8 step 71350 avg_loss=13.892
[2583.4s] epoch 8 step 71400 avg_loss=13.905
[2585.0s] epoch 8 step 71450 avg_loss=13.886
[2586.7s] epoch 8 step 71500 avg_loss=13.906
[2588.2s] epoch 8 step 71550 avg_loss=13.889
[2590.1s] epoch 8 step 71600 avg_loss=13.903
[2591.9s] epoch 8 step 71650 avg_loss=13.908
[2593.7s] epoch 8 step 71700 avg_loss=13.918
[2601.7s] eval step=2250 train_avg_loss=13.917 dev_rank1_f1=0.4661 dev_edge_p=0.4583 dev_edge_r=0.4741
[2601.8s] epoch 8 step 71750 avg_loss=13.909
[2603.4s] epoch 8 step 71800 avg_loss=13.907
[2605.3s] epoch 8 step 71850 avg_loss=13.901
[2607.1s] epoch 8 step 71900 avg_loss=13.914
[2608.6s] epoch 8 step 71950 avg_loss=13.886
[2610.6s] epoch 8 step 72000 avg_loss=13.900
[2610.6s] === epoch 8 done: avg_loss=13.900 (n=8000 derivations) ===
[2612.4s] epoch 9 step 72050 avg_loss=9.631
[2614.3s] epoch 9 step 72100 avg_loss=10.501
[2616.5s] epoch 9 step 72150 avg_loss=13.363
[2618.4s] epoch 9 step 72200 avg_loss=13.285
[2620.2s] epoch 9 step 72250 avg_loss=13.324
[2622.3s] epoch 9 step 72300 avg_loss=13.474
[2624.7s] epoch 9 step 72350 avg_loss=14.361
[2626.5s] epoch 9 step 72400 avg_loss=13.949
[2628.2s] epoch 9 step 72450 avg_loss=13.754
[2630.3s] epoch 9 step 72500 avg_loss=14.098
[2632.1s] epoch 9 step 72550 avg_loss=14.013
[2633.8s] epoch 9 step 72600 avg_loss=13.781
[2635.5s] epoch 9 step 72650 avg_loss=13.520
[2637.3s] epoch 9 step 72700 avg_loss=13.308
[2639.3s] epoch 9 step 72750 avg_loss=13.279
[2641.1s] epoch 9 step 72800 avg_loss=13.204
[2643.0s] epoch 9 step 72850 avg_loss=12.993
[2644.7s] epoch 9 step 72900 avg_loss=12.864
[2646.4s] epoch 9 step 72950 avg_loss=12.854
[2648.0s] epoch 9 step 73000 avg_loss=12.645
[2649.7s] epoch 9 step 73050 avg_loss=12.659
[2651.4s] epoch 9 step 73100 avg_loss=12.796
[2653.1s] epoch 9 step 73150 avg_loss=12.690
[2655.1s] epoch 9 step 73200 avg_loss=12.760
[2657.0s] epoch 9 step 73250 avg_loss=12.797
[2658.5s] epoch 9 step 73300 avg_loss=12.723
[2660.3s] epoch 9 step 73350 avg_loss=12.614
[2662.3s] epoch 9 step 73400 avg_loss=12.747
[2664.0s] epoch 9 step 73450 avg_loss=12.772
[2665.7s] epoch 9 step 73500 avg_loss=12.692
[2667.9s] epoch 9 step 73550 avg_loss=12.920
[2669.6s] epoch 9 step 73600 avg_loss=12.907
[2671.6s] epoch 9 step 73650 avg_loss=13.003
[2673.5s] epoch 9 step 73700 avg_loss=13.009
[2675.3s] epoch 9 step 73750 avg_loss=13.016
[2677.1s] epoch 9 step 73800 avg_loss=12.998
[2679.1s] epoch 9 step 73850 avg_loss=13.022
[2680.9s] epoch 9 step 73900 avg_loss=12.974
[2682.8s] epoch 9 step 73950 avg_loss=12.958
[2684.7s] epoch 9 step 74000 avg_loss=12.944
[2686.7s] epoch 9 step 74050 avg_loss=12.978
[2688.6s] epoch 9 step 74100 avg_loss=12.928
[2690.8s] epoch 9 step 74150 avg_loss=12.976
[2692.8s] epoch 9 step 74200 avg_loss=12.961
[2694.7s] epoch 9 step 74250 avg_loss=12.986
[2696.8s] epoch 9 step 74300 avg_loss=13.070
[2698.7s] epoch 9 step 74350 avg_loss=13.178
[2700.6s] epoch 9 step 74400 avg_loss=13.156
[2702.8s] epoch 9 step 74450 avg_loss=13.180
[2704.7s] epoch 9 step 74500 avg_loss=13.173
[2706.6s] epoch 9 step 74550 avg_loss=13.263
[2708.7s] epoch 9 step 74600 avg_loss=13.242
[2710.7s] epoch 9 step 74650 avg_loss=13.276
[2712.6s] epoch 9 step 74700 avg_loss=13.332
[2714.4s] epoch 9 step 74750 avg_loss=13.324
[2716.2s] epoch 9 step 74800 avg_loss=13.319
[2718.0s] epoch 9 step 74850 avg_loss=13.312
[2719.7s] epoch 9 step 74900 avg_loss=13.287
[2721.8s] epoch 9 step 74950 avg_loss=13.306
[2723.6s] epoch 9 step 75000 avg_loss=13.281
[2725.5s] epoch 9 step 75050 avg_loss=13.310
[2727.2s] epoch 9 step 75100 avg_loss=13.246
[2729.2s] epoch 9 step 75150 avg_loss=13.273
[2731.2s] epoch 9 step 75200 avg_loss=13.327
[2733.0s] epoch 9 step 75250 avg_loss=13.361
[2735.3s] epoch 9 step 75300 avg_loss=13.430
[2737.2s] epoch 9 step 75350 avg_loss=13.479
[2739.1s] epoch 9 step 75400 avg_loss=13.448
[2740.8s] epoch 9 step 75450 avg_loss=13.405
[2742.5s] epoch 9 step 75500 avg_loss=13.424
[2744.6s] epoch 9 step 75550 avg_loss=13.432
[2746.4s] epoch 9 step 75600 avg_loss=13.421
[2748.3s] epoch 9 step 75650 avg_loss=13.392
[2750.1s] epoch 9 step 75700 avg_loss=13.403
[2751.8s] epoch 9 step 75750 avg_loss=13.386
[2753.4s] epoch 9 step 75800 avg_loss=13.341
[2755.3s] epoch 9 step 75850 avg_loss=13.424
[2757.2s] epoch 9 step 75900 avg_loss=13.424
[2758.9s] epoch 9 step 75950 avg_loss=13.388
[2760.8s] epoch 9 step 76000 avg_loss=13.371
[2762.5s] epoch 9 step 76050 avg_loss=13.396
[2764.3s] epoch 9 step 76100 avg_loss=13.348
[2766.5s] epoch 9 step 76150 avg_loss=13.357
[2768.4s] epoch 9 step 76200 avg_loss=13.365
[2770.2s] epoch 9 step 76250 avg_loss=13.362
[2772.2s] epoch 9 step 76300 avg_loss=13.412
[2774.2s] epoch 9 step 76350 avg_loss=13.442
[2776.0s] epoch 9 step 76400 avg_loss=13.404
[2778.0s] epoch 9 step 76450 avg_loss=13.361
[2779.9s] epoch 9 step 76500 avg_loss=13.363
[2781.9s] epoch 9 step 76550 avg_loss=13.365
[2783.9s] epoch 9 step 76600 avg_loss=13.387
[2785.9s] epoch 9 step 76650 avg_loss=13.400
[2787.7s] epoch 9 step 76700 avg_loss=13.400
[2789.6s] epoch 9 step 76750 avg_loss=13.387
[2791.6s] epoch 9 step 76800 avg_loss=13.375
[2793.4s] epoch 9 step 76850 avg_loss=13.378
[2795.2s] epoch 9 step 76900 avg_loss=13.383
[2797.2s] epoch 9 step 76950 avg_loss=13.384
[2799.3s] epoch 9 step 77000 avg_loss=13.403
[2801.0s] epoch 9 step 77050 avg_loss=13.386
[2802.8s] epoch 9 step 77100 avg_loss=13.378
[2804.9s] epoch 9 step 77150 avg_loss=13.427
[2806.8s] epoch 9 step 77200 avg_loss=13.423
[2808.7s] epoch 9 step 77250 avg_loss=13.421
[2810.3s] epoch 9 step 77300 avg_loss=13.376
[2812.0s] epoch 9 step 77350 avg_loss=13.369
[2813.9s] epoch 9 step 77400 avg_loss=13.403
[2815.7s] epoch 9 step 77450 avg_loss=13.407
[2817.8s] epoch 9 step 77500 avg_loss=13.421
[2819.8s] epoch 9 step 77550 avg_loss=13.419
[2821.7s] epoch 9 step 77600 avg_loss=13.394
[2823.6s] epoch 9 step 77650 avg_loss=13.384
[2825.6s] epoch 9 step 77700 avg_loss=13.426
[2827.4s] epoch 9 step 77750 avg_loss=13.403
[2829.3s] epoch 9 step 77800 avg_loss=13.395
[2831.4s] epoch 9 step 77850 avg_loss=13.387
[2833.7s] epoch 9 step 77900 avg_loss=13.406
[2835.6s] epoch 9 step 77950 avg_loss=13.393
[2837.8s] epoch 9 step 78000 avg_loss=13.416
[2840.0s] epoch 9 step 78050 avg_loss=13.415
[2842.1s] epoch 9 step 78100 avg_loss=13.413
[2844.2s] epoch 9 step 78150 avg_loss=13.428
[2846.2s] epoch 9 step 78200 avg_loss=13.427
[2847.9s] epoch 9 step 78250 avg_loss=13.409
[2850.0s] epoch 9 step 78300 avg_loss=13.443
[2851.7s] epoch 9 step 78350 avg_loss=13.431
[2853.6s] epoch 9 step 78400 avg_loss=13.410
[2855.8s] epoch 9 step 78450 avg_loss=13.440
[2857.7s] epoch 9 step 78500 avg_loss=13.434
[2859.8s] epoch 9 step 78550 avg_loss=13.412
[2861.7s] epoch 9 step 78600 avg_loss=13.422
[2863.6s] epoch 9 step 78650 avg_loss=13.433
[2865.7s] epoch 9 step 78700 avg_loss=13.432
[2867.5s] epoch 9 step 78750 avg_loss=13.410
[2869.5s] epoch 9 step 78800 avg_loss=13.383
[2871.3s] epoch 9 step 78850 avg_loss=13.372
[2873.3s] epoch 9 step 78900 avg_loss=13.352
[2875.3s] epoch 9 step 78950 avg_loss=13.362
[2877.0s] epoch 9 step 79000 avg_loss=13.370
[2878.8s] epoch 9 step 79050 avg_loss=13.354
[2880.8s] epoch 9 step 79100 avg_loss=13.363
[2882.8s] epoch 9 step 79150 avg_loss=13.376
[2884.8s] epoch 9 step 79200 avg_loss=13.373
[2886.9s] epoch 9 step 79250 avg_loss=13.364
[2888.9s] epoch 9 step 79300 avg_loss=13.354
[2890.7s] epoch 9 step 79350 avg_loss=13.354
[2892.4s] epoch 9 step 79400 avg_loss=13.321
[2894.3s] epoch 9 step 79450 avg_loss=13.330
[2896.2s] epoch 9 step 79500 avg_loss=13.365
[2897.7s] epoch 9 step 79550 avg_loss=13.331
[2899.6s] epoch 9 step 79600 avg_loss=13.313
[2901.4s] epoch 9 step 79650 avg_loss=13.288
[2903.6s] epoch 9 step 79700 avg_loss=13.298
[2909.5s] eval step=2500 train_avg_loss=13.290 dev_rank1_f1=0.4695 dev_edge_p=0.4615 dev_edge_r=0.4779
[2910.8s] epoch 9 step 79750 avg_loss=13.284
[2912.6s] epoch 9 step 79800 avg_loss=13.277
[2914.5s] epoch 9 step 79850 avg_loss=13.279
[2916.8s] epoch 9 step 79900 avg_loss=13.327
[2918.8s] epoch 9 step 79950 avg_loss=13.338
[2920.9s] epoch 9 step 80000 avg_loss=13.354
[2920.9s] === epoch 9 done: avg_loss=13.354 (n=8000 derivations) ===
[2922.7s] epoch 10 step 80050 avg_loss=12.842
[2924.6s] epoch 10 step 80100 avg_loss=12.055
[2926.6s] epoch 10 step 80150 avg_loss=12.169
[2928.8s] epoch 10 step 80200 avg_loss=12.142
[2930.6s] epoch 10 step 80250 avg_loss=11.651
[2932.6s] epoch 10 step 80300 avg_loss=11.881
[2934.6s] epoch 10 step 80350 avg_loss=12.468
[2936.6s] epoch 10 step 80400 avg_loss=12.268
[2938.4s] epoch 10 step 80450 avg_loss=12.400
[2940.3s] epoch 10 step 80500 avg_loss=12.425
[2942.1s] epoch 10 step 80550 avg_loss=12.203
[2944.0s] epoch 10 step 80600 avg_loss=12.095
[2945.9s] epoch 10 step 80650 avg_loss=12.209
[2947.7s] epoch 10 step 80700 avg_loss=12.194
[2949.5s] epoch 10 step 80750 avg_loss=12.117
[2951.5s] epoch 10 step 80800 avg_loss=12.239
[2953.6s] epoch 10 step 80850 avg_loss=12.374
[2955.6s] epoch 10 step 80900 avg_loss=12.569
[2957.9s] epoch 10 step 80950 avg_loss=12.814
[2959.6s] epoch 10 step 81000 avg_loss=12.720
[2961.5s] epoch 10 step 81050 avg_loss=12.877
[2963.1s] epoch 10 step 81100 avg_loss=12.815
[2965.1s] epoch 10 step 81150 avg_loss=12.724
[2966.9s] epoch 10 step 81200 avg_loss=12.648
[2968.7s] epoch 10 step 81250 avg_loss=12.630
[2970.5s] epoch 10 step 81300 avg_loss=12.569
[2972.5s] epoch 10 step 81350 avg_loss=12.540
[2974.5s] epoch 10 step 81400 avg_loss=12.531
[2976.5s] epoch 10 step 81450 avg_loss=12.581
[2978.4s] epoch 10 step 81500 avg_loss=12.537
[2980.1s] epoch 10 step 81550 avg_loss=12.472
[2981.9s] epoch 10 step 81600 avg_loss=12.515
[2983.7s] epoch 10 step 81650 avg_loss=12.571
[2985.5s] epoch 10 step 81700 avg_loss=12.443
[2987.9s] epoch 10 step 81750 avg_loss=12.614
[2990.1s] epoch 10 step 81800 avg_loss=12.627
[2992.1s] epoch 10 step 81850 avg_loss=12.737
[2993.8s] epoch 10 step 81900 avg_loss=12.635
[2995.8s] epoch 10 step 81950 avg_loss=12.733
[2997.7s] epoch 10 step 82000 avg_loss=12.748
[2999.9s] epoch 10 step 82050 avg_loss=12.881
[3001.5s] epoch 10 step 82100 avg_loss=12.808
[3003.3s] epoch 10 step 82150 avg_loss=12.853
[3005.1s] epoch 10 step 82200 avg_loss=12.839
[3006.9s] epoch 10 step 82250 avg_loss=12.863
[3009.0s] epoch 10 step 82300 avg_loss=12.925
[3010.9s] epoch 10 step 82350 avg_loss=12.870
[3012.7s] epoch 10 step 82400 avg_loss=12.847
[3014.4s] epoch 10 step 82450 avg_loss=12.875
[3016.1s] epoch 10 step 82500 avg_loss=12.828
[3018.0s] epoch 10 step 82550 avg_loss=12.848
[3020.2s] epoch 10 step 82600 avg_loss=12.880
[3022.1s] epoch 10 step 82650 avg_loss=12.835
[3024.1s] epoch 10 step 82700 avg_loss=12.806
[3026.1s] epoch 10 step 82750 avg_loss=12.792
[3028.1s] epoch 10 step 82800 avg_loss=12.800
[3030.0s] epoch 10 step 82850 avg_loss=12.733
[3031.8s] epoch 10 step 82900 avg_loss=12.758
[3033.8s] epoch 10 step 82950 avg_loss=12.829
[3035.6s] epoch 10 step 83000 avg_loss=12.799
[3037.4s] epoch 10 step 83050 avg_loss=12.800
[3039.3s] epoch 10 step 83100 avg_loss=12.770
[3041.3s] epoch 10 step 83150 avg_loss=12.793
[3043.1s] epoch 10 step 83200 avg_loss=12.780
[3044.6s] epoch 10 step 83250 avg_loss=12.715
[3046.3s] epoch 10 step 83300 avg_loss=12.710
[3048.2s] epoch 10 step 83350 avg_loss=12.708
[3050.4s] epoch 10 step 83400 avg_loss=12.816
[3052.4s] epoch 10 step 83450 avg_loss=12.870
[3054.2s] epoch 10 step 83500 avg_loss=12.851
[3056.0s] epoch 10 step 83550 avg_loss=12.857
[3057.8s] epoch 10 step 83600 avg_loss=12.863
[3059.7s] epoch 10 step 83650 avg_loss=12.916
[3061.7s] epoch 10 step 83700 avg_loss=12.941
[3063.6s] epoch 10 step 83750 avg_loss=12.924
[3065.6s] epoch 10 step 83800 avg_loss=12.913
[3067.4s] epoch 10 step 83850 avg_loss=12.901
[3069.2s] epoch 10 step 83900 avg_loss=12.877
[3071.5s] epoch 10 step 83950 avg_loss=12.965
[3073.4s] epoch 10 step 84000 avg_loss=12.960
[3075.4s] epoch 10 step 84050 avg_loss=12.965
[3077.2s] epoch 10 step 84100 avg_loss=12.915
[3079.1s] epoch 10 step 84150 avg_loss=12.942
[3081.0s] epoch 10 step 84200 avg_loss=12.927
[3082.8s] epoch 10 step 84250 avg_loss=12.908
[3084.5s] epoch 10 step 84300 avg_loss=12.880
[3086.4s] epoch 10 step 84350 avg_loss=12.878
[3088.1s] epoch 10 step 84400 avg_loss=12.832
[3089.9s] epoch 10 step 84450 avg_loss=12.825
[3092.1s] epoch 10 step 84500 avg_loss=12.826
[3094.0s] epoch 10 step 84550 avg_loss=12.830
[3095.8s] epoch 10 step 84600 avg_loss=12.833
[3097.8s] epoch 10 step 84650 avg_loss=12.861
[3099.5s] epoch 10 step 84700 avg_loss=12.850
[3101.4s] epoch 10 step 84750 avg_loss=12.818
[3103.4s] epoch 10 step 84800 avg_loss=12.826
[3104.9s] epoch 10 step 84850 avg_loss=12.802
[3106.9s] epoch 10 step 84900 avg_loss=12.855
[3109.1s] epoch 10 step 84950 avg_loss=12.858
[3110.8s] epoch 10 step 85000 avg_loss=12.811
[3113.1s] epoch 10 step 85050 avg_loss=12.828
[3114.9s] epoch 10 step 85100 avg_loss=12.814
[3116.8s] epoch 10 step 85150 avg_loss=12.856
[3118.7s] epoch 10 step 85200 avg_loss=12.870
[3120.6s] epoch 10 step 85250 avg_loss=12.861
[3122.3s] epoch 10 step 85300 avg_loss=12.838
[3124.0s] epoch 10 step 85350 avg_loss=12.824
[3126.0s] epoch 10 step 85400 avg_loss=12.848
[3127.7s] epoch 10 step 85450 avg_loss=12.822
[3129.4s] epoch 10 step 85500 avg_loss=12.809
[3131.1s] epoch 10 step 85550 avg_loss=12.816
[3132.6s] epoch 10 step 85600 avg_loss=12.798
[3134.2s] epoch 10 step 85650 avg_loss=12.768
[3136.1s] epoch 10 step 85700 avg_loss=12.805
[3137.5s] epoch 10 step 85750 avg_loss=12.780
[3139.3s] epoch 10 step 85800 avg_loss=12.781
[3141.3s] epoch 10 step 85850 avg_loss=12.818
[3143.0s] epoch 10 step 85900 avg_loss=12.799
[3144.7s] epoch 10 step 85950 avg_loss=12.803
[3146.3s] epoch 10 step 86000 avg_loss=12.794
[3147.9s] epoch 10 step 86050 avg_loss=12.791
[3149.6s] epoch 10 step 86100 avg_loss=12.776
[3151.5s] epoch 10 step 86150 avg_loss=12.775
[3153.5s] epoch 10 step 86200 avg_loss=12.777
[3155.2s] epoch 10 step 86250 avg_loss=12.784
[3157.2s] epoch 10 step 86300 avg_loss=12.798
[3159.4s] epoch 10 step 86350 avg_loss=12.840
[3161.4s] epoch 10 step 86400 avg_loss=12.826
[3163.4s] epoch 10 step 86450 avg_loss=12.835
[3165.1s] epoch 10 step 86500 avg_loss=12.813
[3166.8s] epoch 10 step 86550 avg_loss=12.783
[3168.6s] epoch 10 step 86600 avg_loss=12.777
[3170.5s] epoch 10 step 86650 avg_loss=12.793
[3172.6s] epoch 10 step 86700 avg_loss=12.792
[3174.7s] epoch 10 step 86750 avg_loss=12.852
[3176.5s] epoch 10 step 86800 avg_loss=12.865
[3178.3s] epoch 10 step 86850 avg_loss=12.853
[3180.3s] epoch 10 step 86900 avg_loss=12.859
[3182.4s] epoch 10 step 86950 avg_loss=12.846
[3184.2s] epoch 10 step 87000 avg_loss=12.842
[3185.9s] epoch 10 step 87050 avg_loss=12.830
[3187.5s] epoch 10 step 87100 avg_loss=12.826
[3189.3s] epoch 10 step 87150 avg_loss=12.817
[3191.1s] epoch 10 step 87200 avg_loss=12.813
[3192.8s] epoch 10 step 87250 avg_loss=12.811
[3194.7s] epoch 10 step 87300 avg_loss=12.820
[3196.2s] epoch 10 step 87350 avg_loss=12.794
[3197.9s] epoch 10 step 87400 avg_loss=12.789
[3199.6s] epoch 10 step 87450 avg_loss=12.790
[3201.6s] epoch 10 step 87500 avg_loss=12.808
[3203.5s] epoch 10 step 87550 avg_loss=12.825
[3205.2s] epoch 10 step 87600 avg_loss=12.833
[3207.2s] epoch 10 step 87650 avg_loss=12.831
[3213.8s] eval step=2750 train_avg_loss=12.840 dev_rank1_f1=0.4659 dev_edge_p=0.4375 dev_edge_r=0.4983
[3214.6s] epoch 10 step 87700 avg_loss=12.845
[3216.7s] epoch 10 step 87750 avg_loss=12.853
[3218.5s] epoch 10 step 87800 avg_loss=12.840
[3220.5s] epoch 10 step 87850 avg_loss=12.832
[3222.3s] epoch 10 step 87900 avg_loss=12.827
[3223.9s] epoch 10 step 87950 avg_loss=12.805
[3225.8s] epoch 10 step 88000 avg_loss=12.816
[3225.8s] === epoch 10 done: avg_loss=12.816 (n=8000 derivations) ===
[3227.6s] epoch 11 step 88050 avg_loss=9.798
[3229.4s] epoch 11 step 88100 avg_loss=10.664
[3231.5s] epoch 11 step 88150 avg_loss=12.477
[3233.7s] epoch 11 step 88200 avg_loss=13.622
[3235.6s] epoch 11 step 88250 avg_loss=13.277
[3237.4s] epoch 11 step 88300 avg_loss=13.190
[3239.2s] epoch 11 step 88350 avg_loss=12.853
[3240.9s] epoch 11 step 88400 avg_loss=12.594
[3243.0s] epoch 11 step 88450 avg_loss=12.565
[3244.8s] epoch 11 step 88500 avg_loss=12.375
[3246.4s] epoch 11 step 88550 avg_loss=12.003
[3248.3s] epoch 11 step 88600 avg_loss=11.937
[3250.2s] epoch 11 step 88650 avg_loss=11.925
[3252.1s] epoch 11 step 88700 avg_loss=11.861
[3254.2s] epoch 11 step 88750 avg_loss=11.993
[3255.9s] epoch 11 step 88800 avg_loss=12.017
[3257.8s] epoch 11 step 88850 avg_loss=12.055
[3259.7s] epoch 11 step 88900 avg_loss=12.033
[3261.5s] epoch 11 step 88950 avg_loss=11.943
[3263.5s] epoch 11 step 89000 avg_loss=11.910
[3265.3s] epoch 11 step 89050 avg_loss=11.955
[3267.3s] epoch 11 step 89100 avg_loss=12.005
[3269.3s] epoch 11 step 89150 avg_loss=11.925
[3271.1s] epoch 11 step 89200 avg_loss=11.780
[3273.0s] epoch 11 step 89250 avg_loss=11.781
[3274.6s] epoch 11 step 89300 avg_loss=11.657
[3276.5s] epoch 11 step 89350 avg_loss=11.799
[3278.3s] epoch 11 step 89400 avg_loss=11.780
[3279.9s] epoch 11 step 89450 avg_loss=11.727
[3281.5s] epoch 11 step 89500 avg_loss=11.680
[3283.3s] epoch 11 step 89550 avg_loss=11.659
[3285.1s] epoch 11 step 89600 avg_loss=11.646
[3287.2s] epoch 11 step 89650 avg_loss=11.719
[3289.3s] epoch 11 step 89700 avg_loss=11.721
[3291.4s] epoch 11 step 89750 avg_loss=11.826
[3293.2s] epoch 11 step 89800 avg_loss=11.863
[3295.1s] epoch 11 step 89850 avg_loss=11.933
[3296.9s] epoch 11 step 89900 avg_loss=11.917
[3299.1s] epoch 11 step 89950 avg_loss=12.090
[3301.0s] epoch 11 step 90000 avg_loss=12.055
[3303.1s] epoch 11 step 90050 avg_loss=12.055
[3305.1s] epoch 11 step 90100 avg_loss=12.100
[3307.2s] epoch 11 step 90150 avg_loss=12.119
[3309.2s] epoch 11 step 90200 avg_loss=12.121
[3311.3s] epoch 11 step 90250 avg_loss=12.107
[3313.3s] epoch 11 step 90300 avg_loss=12.154
[3315.1s] epoch 11 step 90350 avg_loss=12.148
[3317.2s] epoch 11 step 90400 avg_loss=12.194
[3318.9s] epoch 11 step 90450 avg_loss=12.166
[3320.6s] epoch 11 step 90500 avg_loss=12.117
[3322.6s] epoch 11 step 90550 avg_loss=12.122
[3324.5s] epoch 11 step 90600 avg_loss=12.139
[3326.2s] epoch 11 step 90650 avg_loss=12.074
[3328.3s] epoch 11 step 90700 avg_loss=12.044
[3330.1s] epoch 11 step 90750 avg_loss=11.990
[3332.0s] epoch 11 step 90800 avg_loss=12.066
[3333.9s] epoch 11 step 90850 avg_loss=12.048
[3335.7s] epoch 11 step 90900 avg_loss=12.046
[3337.8s] epoch 11 step 90950 avg_loss=12.108
[3339.7s] epoch 11 step 91000 avg_loss=12.107
[3341.5s] epoch 11 step 91050 avg_loss=12.097
[3343.5s] epoch 11 step 91100 avg_loss=12.080
[3345.6s] epoch 11 step 91150 avg_loss=12.064
[3347.5s] epoch 11 step 91200 avg_loss=12.058
[3349.5s] epoch 11 step 91250 avg_loss=12.035
[3351.4s] epoch 11 step 91300 avg_loss=12.045
[3353.3s] epoch 11 step 91350 avg_loss=12.072
[3355.2s] epoch 11 step 91400 avg_loss=12.081
[3357.0s] epoch 11 step 91450 avg_loss=12.080
[3358.8s] epoch 11 step 91500 avg_loss=12.080
[3360.6s] epoch 11 step 91550 avg_loss=12.082
[3362.4s] epoch 11 step 91600 avg_loss=12.076
[3364.2s] epoch 11 step 91650 avg_loss=12.104
[3365.9s] epoch 11 step 91700 avg_loss=12.065
[3367.7s] epoch 11 step 91750 avg_loss=12.052
[3369.5s] epoch 11 step 91800 avg_loss=12.062
[3371.4s] epoch 11 step 91850 avg_loss=12.073
[3373.3s] epoch 11 step 91900 avg_loss=12.077
[3375.3s] epoch 11 step 91950 avg_loss=12.056
[3377.4s] epoch 11 step 92000 avg_loss=12.127
[3379.6s] epoch 11 step 92050 avg_loss=12.162
[3381.6s] epoch 11 step 92100 avg_loss=12.126
[3383.6s] epoch 11 step 92150 avg_loss=12.129
[3385.8s] epoch 11 step 92200 avg_loss=12.157
[3387.8s] epoch 11 step 92250 avg_loss=12.170
[3389.6s] epoch 11 step 92300 avg_loss=12.173
[3391.4s] epoch 11 step 92350 avg_loss=12.166
[3393.2s] epoch 11 step 92400 avg_loss=12.147
[3395.3s] epoch 11 step 92450 avg_loss=12.166
[3397.2s] epoch 11 step 92500 avg_loss=12.184
[3399.0s] epoch 11 step 92550 avg_loss=12.165
[3400.8s] epoch 11 step 92600 avg_loss=12.156
[3402.6s] epoch 11 step 92650 avg_loss=12.172
[3404.3s] epoch 11 step 92700 avg_loss=12.126
[3406.0s] epoch 11 step 92750 avg_loss=12.117
[3407.9s] epoch 11 step 92800 avg_loss=12.145
[3410.0s] epoch 11 step 92850 avg_loss=12.186
[3412.1s] epoch 11 step 92900 avg_loss=12.217
[3414.1s] epoch 11 step 92950 avg_loss=12.208
[3416.3s] epoch 11 step 93000 avg_loss=12.245
[3418.1s] epoch 11 step 93050 avg_loss=12.275
[3419.9s] epoch 11 step 93100 avg_loss=12.268
[3421.6s] epoch 11 step 93150 avg_loss=12.268
[3423.3s] epoch 11 step 93200 avg_loss=12.270
[3425.1s] epoch 11 step 93250 avg_loss=12.266
[3427.2s] epoch 11 step 93300 avg_loss=12.293
[3429.0s] epoch 11 step 93350 avg_loss=12.313
[3430.8s] epoch 11 step 93400 avg_loss=12.331
[3432.8s] epoch 11 step 93450 avg_loss=12.356
[3434.6s] epoch 11 step 93500 avg_loss=12.323
[3436.3s] epoch 11 step 93550 avg_loss=12.313
[3438.3s] epoch 11 step 93600 avg_loss=12.345
[3440.0s] epoch 11 step 93650 avg_loss=12.350
[3441.5s] epoch 11 step 93700 avg_loss=12.352
[3443.6s] epoch 11 step 93750 avg_loss=12.385
[3445.3s] epoch 11 step 93800 avg_loss=12.359
[3446.8s] epoch 11 step 93850 avg_loss=12.317
[3448.6s] epoch 11 step 93900 avg_loss=12.318
[3450.3s] epoch 11 step 93950 avg_loss=12.273
[3452.1s] epoch 11 step 94000 avg_loss=12.268
[3453.7s] epoch 11 step 94050 avg_loss=12.259
[3455.6s] epoch 11 step 94100 avg_loss=12.259
[3457.5s] epoch 11 step 94150 avg_loss=12.268
[3459.6s] epoch 11 step 94200 avg_loss=12.274
[3461.4s] epoch 11 step 94250 avg_loss=12.237
[3462.9s] epoch 11 step 94300 avg_loss=12.208
[3464.7s] epoch 11 step 94350 avg_loss=12.214
[3466.6s] epoch 11 step 94400 avg_loss=12.239
[3468.6s] epoch 11 step 94450 avg_loss=12.248
[3470.6s] epoch 11 step 94500 avg_loss=12.270
[3472.5s] epoch 11 step 94550 avg_loss=12.257
[3474.5s] epoch 11 step 94600 avg_loss=12.286
[3476.3s] epoch 11 step 94650 avg_loss=12.294
[3478.3s] epoch 11 step 94700 avg_loss=12.286
[3480.1s] epoch 11 step 94750 avg_loss=12.279
[3481.9s] epoch 11 step 94800 avg_loss=12.281
[3484.0s] epoch 11 step 94850 avg_loss=12.296
[3485.7s] epoch 11 step 94900 avg_loss=12.282
[3487.9s] epoch 11 step 94950 avg_loss=12.320
[3489.8s] epoch 11 step 95000 avg_loss=12.355
[3491.5s] epoch 11 step 95050 avg_loss=12.335
[3493.4s] epoch 11 step 95100 avg_loss=12.338
[3495.2s] epoch 11 step 95150 avg_loss=12.330
[3497.1s] epoch 11 step 95200 avg_loss=12.321
[3498.8s] epoch 11 step 95250 avg_loss=12.332
[3500.5s] epoch 11 step 95300 avg_loss=12.329
[3502.6s] epoch 11 step 95350 avg_loss=12.354
[3504.5s] epoch 11 step 95400 avg_loss=12.341
[3506.2s] epoch 11 step 95450 avg_loss=12.336
[3508.2s] epoch 11 step 95500 avg_loss=12.360
[3509.9s] epoch 11 step 95550 avg_loss=12.335
[3511.5s] epoch 11 step 95600 avg_loss=12.326
[3517.3s] eval step=3000 train_avg_loss=12.322 dev_rank1_f1=0.4671 dev_edge_p=0.4819 dev_edge_r=0.4531
[3517.4s] epoch 11 step 95650 avg_loss=12.320
[3518.9s] epoch 11 step 95700 avg_loss=12.287
[3520.8s] epoch 11 step 95750 avg_loss=12.299
[3522.7s] epoch 11 step 95800 avg_loss=12.316
[3524.4s] epoch 11 step 95850 avg_loss=12.311
[3526.4s] epoch 11 step 95900 avg_loss=12.346
[3528.1s] epoch 11 step 95950 avg_loss=12.348
[3530.0s] epoch 11 step 96000 avg_loss=12.349
[3530.0s] === epoch 11 done: avg_loss=12.349 (n=8000 derivations) ===
[3531.8s] epoch 12 step 96050 avg_loss=10.658
[3533.7s] epoch 12 step 96100 avg_loss=11.595
[3535.4s] epoch 12 step 96150 avg_loss=10.865
[3537.3s] epoch 12 step 96200 avg_loss=11.193
[3539.5s] epoch 12 step 96250 avg_loss=12.032
[3541.2s] epoch 12 step 96300 avg_loss=11.673
[3543.1s] epoch 12 step 96350 avg_loss=11.615
[3545.1s] epoch 12 step 96400 avg_loss=11.637
[3547.0s] epoch 12 step 96450 avg_loss=11.536
[3549.2s] epoch 12 step 96500 avg_loss=11.730
[3551.3s] epoch 12 step 96550 avg_loss=12.085
[3553.1s] epoch 12 step 96600 avg_loss=11.925
[3555.1s] epoch 12 step 96650 avg_loss=12.047
[3557.0s] epoch 12 step 96700 avg_loss=11.801
[3558.9s] epoch 12 step 96750 avg_loss=11.658
[3561.2s] epoch 12 step 96800 avg_loss=11.680
[3563.3s] epoch 12 step 96850 avg_loss=11.894
[3565.0s] epoch 12 step 96900 avg_loss=11.718
[3566.7s] epoch 12 step 96950 avg_loss=11.644
[3568.8s] epoch 12 step 97000 avg_loss=11.642
[3570.9s] epoch 12 step 97050 avg_loss=11.742
[3572.8s] epoch 12 step 97100 avg_loss=11.709
[3574.4s] epoch 12 step 97150 avg_loss=11.675
[3576.3s] epoch 12 step 97200 avg_loss=11.746
[3578.1s] epoch 12 step 97250 avg_loss=11.724
[3580.2s] epoch 12 step 97300 avg_loss=11.792
[3582.1s] epoch 12 step 97350 avg_loss=11.894
[3583.9s] epoch 12 step 97400 avg_loss=11.889
[3585.7s] epoch 12 step 97450 avg_loss=11.815
[3587.6s] epoch 12 step 97500 avg_loss=11.758
[3589.4s] epoch 12 step 97550 avg_loss=11.785
[3591.2s] epoch 12 step 97600 avg_loss=11.848
[3592.9s] epoch 12 step 97650 avg_loss=11.802
[3594.8s] epoch 12 step 97700 avg_loss=11.829
[3596.6s] epoch 12 step 97750 avg_loss=11.742
[3598.6s] epoch 12 step 97800 avg_loss=11.757
[3600.7s] epoch 12 step 97850 avg_loss=11.753
[3602.8s] epoch 12 step 97900 avg_loss=11.845
[3604.9s] epoch 12 step 97950 avg_loss=11.941
[3606.9s] epoch 12 step 98000 avg_loss=11.911
[3608.7s] epoch 12 step 98050 avg_loss=11.894
[3610.7s] epoch 12 step 98100 avg_loss=11.857
[3612.4s] epoch 12 step 98150 avg_loss=11.850
[3614.2s] epoch 12 step 98200 avg_loss=11.829
[3615.9s] epoch 12 step 98250 avg_loss=11.780
[3618.0s] epoch 12 step 98300 avg_loss=11.794
[3619.8s] epoch 12 step 98350 avg_loss=11.787
[3621.7s] epoch 12 step 98400 avg_loss=11.727
[3623.7s] epoch 12 step 98450 avg_loss=11.784
[3625.6s] epoch 12 step 98500 avg_loss=11.802
[3627.6s] epoch 12 step 98550 avg_loss=11.819
[3629.5s] epoch 12 step 98600 avg_loss=11.854
[3631.5s] epoch 12 step 98650 avg_loss=11.872
[3633.3s] epoch 12 step 98700 avg_loss=11.846
[3635.3s] epoch 12 step 98750 avg_loss=11.843
[3637.1s] epoch 12 step 98800 avg_loss=11.826
[3638.9s] epoch 12 step 98850 avg_loss=11.856
[3640.8s] epoch 12 step 98900 avg_loss=11.877
[3642.9s] epoch 12 step 98950 avg_loss=11.931
[3644.7s] epoch 12 step 99000 avg_loss=11.918
[3646.7s] epoch 12 step 99050 avg_loss=11.960
[3648.8s] epoch 12 step 99100 avg_loss=12.005
[3650.9s] epoch 12 step 99150 avg_loss=12.009
[3652.7s] epoch 12 step 99200 avg_loss=12.046
[3654.5s] epoch 12 step 99250 avg_loss=12.020
[3656.2s] epoch 12 step 99300 avg_loss=11.991
[3657.9s] epoch 12 step 99350 avg_loss=11.966
[3659.7s] epoch 12 step 99400 avg_loss=11.924
[3661.2s] epoch 12 step 99450 avg_loss=11.894
[3663.2s] epoch 12 step 99500 avg_loss=11.898
[3665.2s] epoch 12 step 99550 avg_loss=11.910
[3667.5s] epoch 12 step 99600 avg_loss=11.920
[3669.2s] epoch 12 step 99650 avg_loss=11.906
[3671.0s] epoch 12 step 99700 avg_loss=11.862
[3672.8s] epoch 12 step 99750 avg_loss=11.850
[3674.6s] epoch 12 step 99800 avg_loss=11.838
[3676.3s] epoch 12 step 99850 avg_loss=11.845
[3678.2s] epoch 12 step 99900 avg_loss=11.855
[3679.8s] epoch 12 step 99950 avg_loss=11.801
[3681.6s] epoch 12 step 100000 avg_loss=11.792
[3683.4s] epoch 12 step 100050 avg_loss=11.768
[3685.7s] epoch 12 step 100100 avg_loss=11.838
[3687.7s] epoch 12 step 100150 avg_loss=11.847
[3689.6s] epoch 12 step 100200 avg_loss=11.824
[3691.2s] epoch 12 step 100250 avg_loss=11.809
[3693.0s] epoch 12 step 100300 avg_loss=11.790
[3694.9s] epoch 12 step 100350 avg_loss=11.787
[3696.6s] epoch 12 step 100400 avg_loss=11.758
[3698.7s] epoch 12 step 100450 avg_loss=11.798
[3700.6s] epoch 12 step 100500 avg_loss=11.777
[3702.3s] epoch 12 step 100550 avg_loss=11.737
[3704.1s] epoch 12 step 100600 avg_loss=11.733
[3706.0s] epoch 12 step 100650 avg_loss=11.731
[3707.9s] epoch 12 step 100700 avg_loss=11.772
[3709.7s] epoch 12 step 100750 avg_loss=11.764
[3711.8s] epoch 12 step 100800 avg_loss=11.770
[3713.6s] epoch 12 step 100850 avg_loss=11.771
[3715.5s] epoch 12 step 100900 avg_loss=11.773
[3717.5s] epoch 12 step 100950 avg_loss=11.777
[3719.4s] epoch 12 step 101000 avg_loss=11.751
[3721.4s] epoch 12 step 101050 avg_loss=11.759
[3723.3s] epoch 12 step 101100 avg_loss=11.776
[3725.1s] epoch 12 step 101150 avg_loss=11.795
[3726.9s] epoch 12 step 101200 avg_loss=11.790
[3728.6s] epoch 12 step 101250 avg_loss=11.770
[3730.4s] epoch 12 step 101300 avg_loss=11.727
[3732.4s] epoch 12 step 101350 avg_loss=11.766
[3734.3s] epoch 12 step 101400 avg_loss=11.779
[3736.2s] epoch 12 step 101450 avg_loss=11.783
[3738.4s] epoch 12 step 101500 avg_loss=11.825
[3740.3s] epoch 12 step 101550 avg_loss=11.811
[3742.0s] epoch 12 step 101600 avg_loss=11.820
[3743.6s] epoch 12 step 101650 avg_loss=11.811
[3745.2s] epoch 12 step 101700 avg_loss=11.820
[3747.0s] epoch 12 step 101750 avg_loss=11.811
[3748.7s] epoch 12 step 101800 avg_loss=11.823
[3750.3s] epoch 12 step 101850 avg_loss=11.832
[3752.1s] epoch 12 step 101900 avg_loss=11.857
[3753.7s] epoch 12 step 101950 avg_loss=11.850
[3755.7s] epoch 12 step 102000 avg_loss=11.834
[3757.5s] epoch 12 step 102050 avg_loss=11.825
[3759.4s] epoch 12 step 102100 avg_loss=11.820
[3761.4s] epoch 12 step 102150 avg_loss=11.828
[3763.6s] epoch 12 step 102200 avg_loss=11.856
[3765.4s] epoch 12 step 102250 avg_loss=11.833
[3767.3s] epoch 12 step 102300 avg_loss=11.808
[3768.9s] epoch 12 step 102350 avg_loss=11.805
[3770.8s] epoch 12 step 102400 avg_loss=11.808
[3772.8s] epoch 12 step 102450 avg_loss=11.835
[3774.8s] epoch 12 step 102500 avg_loss=11.863
[3776.7s] epoch 12 step 102550 avg_loss=11.842
[3778.3s] epoch 12 step 102600 avg_loss=11.830
[3780.3s] epoch 12 step 102650 avg_loss=11.841
[3781.9s] epoch 12 step 102700 avg_loss=11.832
[3783.6s] epoch 12 step 102750 avg_loss=11.819
[3785.3s] epoch 12 step 102800 avg_loss=11.836
[3787.2s] epoch 12 step 102850 avg_loss=11.842
[3788.9s] epoch 12 step 102900 avg_loss=11.822
[3790.7s] epoch 12 step 102950 avg_loss=11.812
[3792.2s] epoch 12 step 103000 avg_loss=11.808
[3793.9s] epoch 12 step 103050 avg_loss=11.803
[3795.8s] epoch 12 step 103100 avg_loss=11.812
[3797.8s] epoch 12 step 103150 avg_loss=11.817
[3799.8s] epoch 12 step 103200 avg_loss=11.822
[3802.1s] epoch 12 step 103250 avg_loss=11.857
[3803.9s] epoch 12 step 103300 avg_loss=11.845
[3805.8s] epoch 12 step 103350 avg_loss=11.837
[3807.7s] epoch 12 step 103400 avg_loss=11.835
[3809.6s] epoch 12 step 103450 avg_loss=11.859
[3811.3s] epoch 12 step 103500 avg_loss=11.864
[3812.9s] epoch 12 step 103550 avg_loss=11.866
[3814.7s] epoch 12 step 103600 avg_loss=11.866
[3819.7s] eval step=3250 train_avg_loss=11.866 dev_rank1_f1=0.4796 dev_edge_p=0.4749 dev_edge_r=0.4844
[3820.8s] epoch 12 step 103650 avg_loss=11.869
[3822.7s] epoch 12 step 103700 avg_loss=11.869
[3824.6s] epoch 12 step 103750 avg_loss=11.871
[3826.7s] epoch 12 step 103800 avg_loss=11.877
[3828.4s] epoch 12 step 103850 avg_loss=11.850
[3830.4s] epoch 12 step 103900 avg_loss=11.854
[3832.2s] epoch 12 step 103950 avg_loss=11.836
[3834.1s] epoch 12 step 104000 avg_loss=11.848
[3834.1s] === epoch 12 done: avg_loss=11.848 (n=8000 derivations) ===
[3835.6s] epoch 13 step 104050 avg_loss=8.276
[3837.7s] epoch 13 step 104100 avg_loss=8.689
[3839.7s] epoch 13 step 104150 avg_loss=10.218
[3841.5s] epoch 13 step 104200 avg_loss=9.492
[3843.5s] epoch 13 step 104250 avg_loss=9.983
[3845.5s] epoch 13 step 104300 avg_loss=10.750
[3847.4s] epoch 13 step 104350 avg_loss=10.745
[3849.1s] epoch 13 step 104400 avg_loss=10.634
[3850.8s] epoch 13 step 104450 avg_loss=10.948
[3852.4s] epoch 13 step 104500 avg_loss=10.892
[3854.3s] epoch 13 step 104550 avg_loss=11.095
[3856.1s] epoch 13 step 104600 avg_loss=10.986
[3857.9s] epoch 13 step 104650 avg_loss=10.922
[3859.5s] epoch 13 step 104700 avg_loss=10.768
[3861.4s] epoch 13 step 104750 avg_loss=10.656
[3863.2s] epoch 13 step 104800 avg_loss=10.775
[3865.1s] epoch 13 step 104850 avg_loss=10.854
[3867.0s] epoch 13 step 104900 avg_loss=11.137
[3868.7s] epoch 13 step 104950 avg_loss=11.071
[3870.6s] epoch 13 step 105000 avg_loss=11.165
[3872.2s] epoch 13 step 105050 avg_loss=11.026
[3874.0s] epoch 13 step 105100 avg_loss=10.951
[3876.0s] epoch 13 step 105150 avg_loss=11.019
[3877.8s] epoch 13 step 105200 avg_loss=11.156
[3879.6s] epoch 13 step 105250 avg_loss=11.078
[3881.4s] epoch 13 step 105300 avg_loss=11.046
[3883.2s] epoch 13 step 105350 avg_loss=11.064
[3884.7s] epoch 13 step 105400 avg_loss=11.090
[3886.5s] epoch 13 step 105450 avg_loss=11.208
[3888.3s] epoch 13 step 105500 avg_loss=11.226
[3890.0s] epoch 13 step 105550 avg_loss=11.152
[3891.8s] epoch 13 step 105600 avg_loss=11.040
[3893.6s] epoch 13 step 105650 avg_loss=11.206
[3895.2s] epoch 13 step 105700 avg_loss=11.100
[3897.1s] epoch 13 step 105750 avg_loss=11.121
[3898.9s] epoch 13 step 105800 avg_loss=11.133
[3900.7s] epoch 13 step 105850 avg_loss=11.097
[3902.4s] epoch 13 step 105900 avg_loss=11.110
[3904.0s] epoch 13 step 105950 avg_loss=11.111
[3905.7s] epoch 13 step 106000 avg_loss=11.057
[3907.4s] epoch 13 step 106050 avg_loss=11.056
[3909.0s] epoch 13 step 106100 avg_loss=10.992
[3910.7s] epoch 13 step 106150 avg_loss=11.016
[3912.4s] epoch 13 step 106200 avg_loss=11.028
[3914.1s] epoch 13 step 106250 avg_loss=11.007
[3915.7s] epoch 13 step 106300 avg_loss=10.938
[3917.3s] epoch 13 step 106350 avg_loss=10.935
[3919.1s] epoch 13 step 106400 avg_loss=11.025
[3920.7s] epoch 13 step 106450 avg_loss=10.999
[3922.7s] epoch 13 step 106500 avg_loss=11.071
[3924.3s] epoch 13 step 106550 avg_loss=11.012
[3926.0s] epoch 13 step 106600 avg_loss=11.024
[3927.7s] epoch 13 step 106650 avg_loss=11.080
[3929.3s] epoch 13 step 106700 avg_loss=11.026
[3931.2s] epoch 13 step 106750 avg_loss=11.065
[3933.0s] epoch 13 step 106800 avg_loss=11.070
[3934.7s] epoch 13 step 106850 avg_loss=11.084
[3936.3s] epoch 13 step 106900 avg_loss=11.039
[3938.3s] epoch 13 step 106950 avg_loss=11.102
[3940.2s] epoch 13 step 107000 avg_loss=11.146
[3942.3s] epoch 13 step 107050 avg_loss=11.128
[3944.5s] epoch 13 step 107100 avg_loss=11.178
[3946.5s] epoch 13 step 107150 avg_loss=11.201
[3948.4s] epoch 13 step 107200 avg_loss=11.237
[3950.1s] epoch 13 step 107250 avg_loss=11.188
[3951.6s] epoch 13 step 107300 avg_loss=11.148
[3953.2s] epoch 13 step 107350 avg_loss=11.123
[3955.1s] epoch 13 step 107400 avg_loss=11.149
[3956.7s] epoch 13 step 107450 avg_loss=11.133
[3958.4s] epoch 13 step 107500 avg_loss=11.125
[3960.1s] epoch 13 step 107550 avg_loss=11.084
[3961.9s] epoch 13 step 107600 avg_loss=11.088
[3963.7s] epoch 13 step 107650 avg_loss=11.117
[3965.3s] epoch 13 step 107700 avg_loss=11.096
[3967.1s] epoch 13 step 107750 avg_loss=11.101
[3968.8s] epoch 13 step 107800 avg_loss=11.092
[3970.5s] epoch 13 step 107850 avg_loss=11.116
[3972.2s] epoch 13 step 107900 avg_loss=11.137
[3973.9s] epoch 13 step 107950 avg_loss=11.168
[3975.7s] epoch 13 step 108000 avg_loss=11.216
[3977.5s] epoch 13 step 108050 avg_loss=11.191
[3979.3s] epoch 13 step 108100 avg_loss=11.208
[3981.0s] epoch 13 step 108150 avg_loss=11.231
[3982.7s] epoch 13 step 108200 avg_loss=11.221
[3984.5s] epoch 13 step 108250 avg_loss=11.225
[3986.4s] epoch 13 step 108300 avg_loss=11.252
[3988.2s] epoch 13 step 108350 avg_loss=11.271
[3989.9s] epoch 13 step 108400 avg_loss=11.260
[3991.5s] epoch 13 step 108450 avg_loss=11.266
[3992.8s] epoch 13 step 108500 avg_loss=11.225
[3994.6s] epoch 13 step 108550 avg_loss=11.237
[3996.3s] epoch 13 step 108600 avg_loss=11.250
[3997.9s] epoch 13 step 108650 avg_loss=11.231
[3999.6s] epoch 13 step 108700 avg_loss=11.245
[4001.3s] epoch 13 step 108750 avg_loss=11.227
[4003.0s] epoch 13 step 108800 avg_loss=11.232
[4004.5s] epoch 13 step 108850 avg_loss=11.220
[4006.2s] epoch 13 step 108900 avg_loss=11.218
[4007.7s] epoch 13 step 108950 avg_loss=11.186
[4009.6s] epoch 13 step 109000 avg_loss=11.184
[4011.4s] epoch 13 step 109050 avg_loss=11.171
[4013.2s] epoch 13 step 109100 avg_loss=11.169
[4014.8s] epoch 13 step 109150 avg_loss=11.149
[4016.8s] epoch 13 step 109200 avg_loss=11.187
[4018.5s] epoch 13 step 109250 avg_loss=11.196
[4020.3s] epoch 13 step 109300 avg_loss=11.197
[4021.9s] epoch 13 step 109350 avg_loss=11.173
[4023.8s] epoch 13 step 109400 avg_loss=11.168
[4025.4s] epoch 13 step 109450 avg_loss=11.190
[4027.4s] epoch 13 step 109500 avg_loss=11.217
[4029.5s] epoch 13 step 109550 avg_loss=11.227
[4031.4s] epoch 13 step 109600 avg_loss=11.223
[4033.4s] epoch 13 step 109650 avg_loss=11.246
[4035.0s] epoch 13 step 109700 avg_loss=11.228
[4036.9s] epoch 13 step 109750 avg_loss=11.239
[4038.6s] epoch 13 step 109800 avg_loss=11.254
[4040.2s] epoch 13 step 109850 avg_loss=11.247
[4041.9s] epoch 13 step 109900 avg_loss=11.248
[4043.8s] epoch 13 step 109950 avg_loss=11.271
[4045.3s] epoch 13 step 110000 avg_loss=11.266
[4047.1s] epoch 13 step 110050 avg_loss=11.286
[4048.8s] epoch 13 step 110100 avg_loss=11.293
[4050.6s] epoch 13 step 110150 avg_loss=11.318
[4052.3s] epoch 13 step 110200 avg_loss=11.313
[4054.1s] epoch 13 step 110250 avg_loss=11.335
[4055.7s] epoch 13 step 110300 avg_loss=11.329
[4057.8s] epoch 13 step 110350 avg_loss=11.361
[4059.7s] epoch 13 step 110400 avg_loss=11.360
[4061.7s] epoch 13 step 110450 avg_loss=11.395
[4063.6s] epoch 13 step 110500 avg_loss=11.403
[4065.4s] epoch 13 step 110550 avg_loss=11.394
[4067.2s] epoch 13 step 110600 avg_loss=11.399
[4068.9s] epoch 13 step 110650 avg_loss=11.388
[4070.6s] epoch 13 step 110700 avg_loss=11.391
[4072.5s] epoch 13 step 110750 avg_loss=11.401
[4074.1s] epoch 13 step 110800 avg_loss=11.393
[4075.7s] epoch 13 step 110850 avg_loss=11.369
[4077.2s] epoch 13 step 110900 avg_loss=11.358
[4079.0s] epoch 13 step 110950 avg_loss=11.373
[4080.7s] epoch 13 step 111000 avg_loss=11.368
[4082.5s] epoch 13 step 111050 avg_loss=11.377
[4084.4s] epoch 13 step 111100 avg_loss=11.371
[4086.4s] epoch 13 step 111150 avg_loss=11.384
[4088.3s] epoch 13 step 111200 avg_loss=11.368
[4090.3s] epoch 13 step 111250 avg_loss=11.390
[4091.8s] epoch 13 step 111300 avg_loss=11.388
[4093.6s] epoch 13 step 111350 avg_loss=11.378
[4095.3s] epoch 13 step 111400 avg_loss=11.388
[4097.1s] epoch 13 step 111450 avg_loss=11.408
[4098.8s] epoch 13 step 111500 avg_loss=11.414
[4100.6s] epoch 13 step 111550 avg_loss=11.418
[4105.8s] eval step=3500 train_avg_loss=11.400 dev_rank1_f1=0.4839 dev_edge_p=0.4654 dev_edge_r=0.5040
[4106.3s] epoch 13 step 111600 avg_loss=11.390
[4108.2s] epoch 13 step 111650 avg_loss=11.426
[4109.8s] epoch 13 step 111700 avg_loss=11.400
[4111.3s] epoch 13 step 111750 avg_loss=11.387
[4113.0s] epoch 13 step 111800 avg_loss=11.401
[4114.8s] epoch 13 step 111850 avg_loss=11.389
[4116.7s] epoch 13 step 111900 avg_loss=11.397
[4118.6s] epoch 13 step 111950 avg_loss=11.412
[4120.4s] epoch 13 step 112000 avg_loss=11.422
[4120.4s] === epoch 13 done: avg_loss=11.422 (n=8000 derivations) ===
[4122.0s] epoch 14 step 112050 avg_loss=11.078
[4123.7s] epoch 14 step 112100 avg_loss=10.502
[4125.4s] epoch 14 step 112150 avg_loss=10.669
[4127.1s] epoch 14 step 112200 avg_loss=10.134
[4128.9s] epoch 14 step 112250 avg_loss=9.903
[4130.8s] epoch 14 step 112300 avg_loss=9.973
[4132.5s] epoch 14 step 112350 avg_loss=10.514
[4134.4s] epoch 14 step 112400 avg_loss=10.685
[4136.1s] epoch 14 step 112450 avg_loss=10.695
[4138.0s] epoch 14 step 112500 avg_loss=10.973
[4139.9s] epoch 14 step 112550 avg_loss=11.188
[4141.7s] epoch 14 step 112600 avg_loss=11.099
[4143.7s] epoch 14 step 112650 avg_loss=11.243
[4145.3s] epoch 14 step 112700 avg_loss=11.117
[4147.1s] epoch 14 step 112750 avg_loss=11.053
[4149.1s] epoch 14 step 112800 avg_loss=10.893
[4150.9s] epoch 14 step 112850 avg_loss=10.783
[4152.7s] epoch 14 step 112900 avg_loss=10.811
[4154.6s] epoch 14 step 112950 avg_loss=10.834
[4156.6s] epoch 14 step 113000 avg_loss=11.068
[4158.5s] epoch 14 step 113050 avg_loss=11.018
[4160.5s] epoch 14 step 113100 avg_loss=10.977
[4162.7s] epoch 14 step 113150 avg_loss=11.011
[4164.3s] epoch 14 step 113200 avg_loss=10.982
[4166.2s] epoch 14 step 113250 avg_loss=10.988
[4168.1s] epoch 14 step 113300 avg_loss=10.863
[4169.9s] epoch 14 step 113350 avg_loss=10.797
[4172.2s] epoch 14 step 113400 avg_loss=10.867
[4174.4s] epoch 14 step 113450 avg_loss=10.933
[4176.5s] epoch 14 step 113500 avg_loss=10.969
[4178.4s] epoch 14 step 113550 avg_loss=10.957
[4180.1s] epoch 14 step 113600 avg_loss=10.991
[4181.9s] epoch 14 step 113650 avg_loss=10.915
[4183.6s] epoch 14 step 113700 avg_loss=10.868
[4185.6s] epoch 14 step 113750 avg_loss=10.966
[4187.7s] epoch 14 step 113800 avg_loss=11.002
[4189.6s] epoch 14 step 113850 avg_loss=11.019
[4191.8s] epoch 14 step 113900 avg_loss=11.039
[4193.5s] epoch 14 step 113950 avg_loss=10.961
[4195.2s] epoch 14 step 114000 avg_loss=10.876
[4196.8s] epoch 14 step 114050 avg_loss=10.859
[4198.5s] epoch 14 step 114100 avg_loss=10.897
[4200.3s] epoch 14 step 114150 avg_loss=10.887
[4202.2s] epoch 14 step 114200 avg_loss=10.868
[4203.9s] epoch 14 step 114250 avg_loss=10.854
[4205.8s] epoch 14 step 114300 avg_loss=10.899
[4207.9s] epoch 14 step 114350 avg_loss=10.934
[4209.6s] epoch 14 step 114400 avg_loss=10.938
[4211.6s] epoch 14 step 114450 avg_loss=10.956
[4213.1s] epoch 14 step 114500 avg_loss=10.915
[4214.7s] epoch 14 step 114550 avg_loss=10.853
[4216.5s] epoch 14 step 114600 avg_loss=10.853
[4218.3s] epoch 14 step 114650 avg_loss=10.858
[4220.0s] epoch 14 step 114700 avg_loss=10.857
[4221.9s] epoch 14 step 114750 avg_loss=10.844
[4223.6s] epoch 14 step 114800 avg_loss=10.788
[4225.5s] epoch 14 step 114850 avg_loss=10.790
[4227.4s] epoch 14 step 114900 avg_loss=10.819
[4229.3s] epoch 14 step 114950 avg_loss=10.847
[4231.1s] epoch 14 step 115000 avg_loss=10.824
[4233.0s] epoch 14 step 115050 avg_loss=10.873
[4234.8s] epoch 14 step 115100 avg_loss=10.937
[4236.6s] epoch 14 step 115150 avg_loss=10.941
[4238.3s] epoch 14 step 115200 avg_loss=10.911
[4240.0s] epoch 14 step 115250 avg_loss=10.899
[4241.7s] epoch 14 step 115300 avg_loss=10.920
[4243.2s] epoch 14 step 115350 avg_loss=10.885
[4244.9s] epoch 14 step 115400 avg_loss=10.840
[4246.5s] epoch 14 step 115450 avg_loss=10.845
[4248.2s] epoch 14 step 115500 avg_loss=10.881
[4249.8s] epoch 14 step 115550 avg_loss=10.902
[4251.5s] epoch 14 step 115600 avg_loss=10.920
[4253.0s] epoch 14 step 115650 avg_loss=10.903
[4254.7s] epoch 14 step 115700 avg_loss=10.907
[4256.5s] epoch 14 step 115750 avg_loss=10.922
[4258.1s] epoch 14 step 115800 avg_loss=10.909
[4259.7s] epoch 14 step 115850 avg_loss=10.890
[4261.5s] epoch 14 step 115900 avg_loss=10.885
[4263.3s] epoch 14 step 115950 avg_loss=10.923
[4265.0s] epoch 14 step 116000 avg_loss=10.873
[4266.7s] epoch 14 step 116050 avg_loss=10.873
[4268.5s] epoch 14 step 116100 avg_loss=10.887
[4270.1s] epoch 14 step 116150 avg_loss=10.858
[4271.8s] epoch 14 step 116200 avg_loss=10.858
[4273.8s] epoch 14 step 116250 avg_loss=10.870
[4275.4s] epoch 14 step 116300 avg_loss=10.851
[4277.1s] epoch 14 step 116350 avg_loss=10.842
[4278.6s] epoch 14 step 116400 avg_loss=10.822
[4280.2s] epoch 14 step 116450 avg_loss=10.813
[4281.9s] epoch 14 step 116500 avg_loss=10.817
[4283.8s] epoch 14 step 116550 avg_loss=10.848
[4285.5s] epoch 14 step 116600 avg_loss=10.861
[4287.3s] epoch 14 step 116650 avg_loss=10.862
[4289.2s] epoch 14 step 116700 avg_loss=10.843
[4290.9s] epoch 14 step 116750 avg_loss=10.829
[4292.8s] epoch 14 step 116800 avg_loss=10.827
[4294.4s] epoch 14 step 116850 avg_loss=10.805
[4296.0s] epoch 14 step 116900 avg_loss=10.791
[4297.8s] epoch 14 step 116950 avg_loss=10.791
[4299.5s] epoch 14 step 117000 avg_loss=10.773
[4301.2s] epoch 14 step 117050 avg_loss=10.762
[4303.0s] epoch 14 step 117100 avg_loss=10.811
[4304.5s] epoch 14 step 117150 avg_loss=10.790
[4305.9s] epoch 14 step 117200 avg_loss=10.748
[4307.7s] epoch 14 step 117250 avg_loss=10.749
[4309.3s] epoch 14 step 117300 avg_loss=10.750
[4311.0s] epoch 14 step 117350 avg_loss=10.745
[4312.7s] epoch 14 step 117400 avg_loss=10.731
[4314.5s] epoch 14 step 117450 avg_loss=10.771
[4316.2s] epoch 14 step 117500 avg_loss=10.776
[4318.0s] epoch 14 step 117550 avg_loss=10.801
[4319.6s] epoch 14 step 117600 avg_loss=10.840
[4321.3s] epoch 14 step 117650 avg_loss=10.850
[4323.0s] epoch 14 step 117700 avg_loss=10.861
[4324.5s] epoch 14 step 117750 avg_loss=10.831
[4326.1s] epoch 14 step 117800 avg_loss=10.831
[4327.7s] epoch 14 step 117850 avg_loss=10.819
[4329.7s] epoch 14 step 117900 avg_loss=10.858
[4331.5s] epoch 14 step 117950 avg_loss=10.869
[4333.1s] epoch 14 step 118000 avg_loss=10.877
[4334.6s] epoch 14 step 118050 avg_loss=10.874
[4336.4s] epoch 14 step 118100 avg_loss=10.899
[4337.9s] epoch 14 step 118150 avg_loss=10.893
[4339.5s] epoch 14 step 118200 avg_loss=10.877
[4340.9s] epoch 14 step 118250 avg_loss=10.837
[4342.8s] epoch 14 step 118300 avg_loss=10.845
[4344.6s] epoch 14 step 118350 avg_loss=10.832
[4346.5s] epoch 14 step 118400 avg_loss=10.861
[4348.1s] epoch 14 step 118450 avg_loss=10.864
[4349.8s] epoch 14 step 118500 avg_loss=10.882
[4351.4s] epoch 14 step 118550 avg_loss=10.879
[4353.0s] epoch 14 step 118600 avg_loss=10.864
[4354.6s] epoch 14 step 118650 avg_loss=10.860
[4356.2s] epoch 14 step 118700 avg_loss=10.848
[4357.6s] epoch 14 step 118750 avg_loss=10.849
[4359.1s] epoch 14 step 118800 avg_loss=10.846
[4360.7s] epoch 14 step 118850 avg_loss=10.854
[4362.5s] epoch 14 step 118900 avg_loss=10.863
[4364.3s] epoch 14 step 118950 avg_loss=10.876
[4366.3s] epoch 14 step 119000 avg_loss=10.893
[4368.0s] epoch 14 step 119050 avg_loss=10.911
[4369.9s] epoch 14 step 119100 avg_loss=10.915
[4371.5s] epoch 14 step 119150 avg_loss=10.918
[4373.1s] epoch 14 step 119200 avg_loss=10.926
[4374.7s] epoch 14 step 119250 avg_loss=10.928
[4376.5s] epoch 14 step 119300 avg_loss=10.937
[4378.0s] epoch 14 step 119350 avg_loss=10.928
[4379.8s] epoch 14 step 119400 avg_loss=10.952
[4381.5s] epoch 14 step 119450 avg_loss=10.947
[4383.1s] epoch 14 step 119500 avg_loss=10.957
[4384.8s] epoch 14 step 119550 avg_loss=10.944
[4392.8s] eval step=3750 train_avg_loss=10.944 dev_rank1_f1=0.4881 dev_edge_p=0.4781 dev_edge_r=0.4984
[4394.4s] epoch 14 step 119600 avg_loss=10.949
[4396.1s] epoch 14 step 119650 avg_loss=10.954
[4397.5s] epoch 14 step 119700 avg_loss=10.944
[4399.3s] epoch 14 step 119750 avg_loss=10.960
[4401.2s] epoch 14 step 119800 avg_loss=10.962
[4402.6s] epoch 14 step 119850 avg_loss=10.961
[4404.2s] epoch 14 step 119900 avg_loss=10.974
[4405.7s] epoch 14 step 119950 avg_loss=10.964
[4407.4s] epoch 14 step 120000 avg_loss=10.973
[4407.4s] === epoch 14 done: avg_loss=10.973 (n=8000 derivations) ===
[4409.1s] epoch 15 step 120050 avg_loss=11.524
[4410.6s] epoch 15 step 120100 avg_loss=9.716
[4412.5s] epoch 15 step 120150 avg_loss=11.330
[4414.3s] epoch 15 step 120200 avg_loss=11.603
[4416.0s] epoch 15 step 120250 avg_loss=11.267
[4417.8s] epoch 15 step 120300 avg_loss=11.012
[4419.5s] epoch 15 step 120350 avg_loss=10.843
[4421.4s] epoch 15 step 120400 avg_loss=10.989
[4423.1s] epoch 15 step 120450 avg_loss=10.644
[4424.8s] epoch 15 step 120500 avg_loss=10.776
[4426.3s] epoch 15 step 120550 avg_loss=10.616
[4427.9s] epoch 15 step 120600 avg_loss=10.481
[4429.7s] epoch 15 step 120650 avg_loss=10.529
[4431.6s] epoch 15 step 120700 avg_loss=10.678
[4433.2s] epoch 15 step 120750 avg_loss=10.720
[4434.9s] epoch 15 step 120800 avg_loss=10.641
[4436.6s] epoch 15 step 120850 avg_loss=10.707
[4438.3s] epoch 15 step 120900 avg_loss=10.724
[4440.1s] epoch 15 step 120950 avg_loss=10.546
[4442.0s] epoch 15 step 121000 avg_loss=10.715
[4443.7s] epoch 15 step 121050 avg_loss=10.615
[4445.3s] epoch 15 step 121100 avg_loss=10.615
[4447.0s] epoch 15 step 121150 avg_loss=10.644
[4448.7s] epoch 15 step 121200 avg_loss=10.678
[4450.3s] epoch 15 step 121250 avg_loss=10.761
[4452.0s] epoch 15 step 121300 avg_loss=10.695
[4453.7s] epoch 15 step 121350 avg_loss=10.664
[4455.5s] epoch 15 step 121400 avg_loss=10.678
[4457.0s] epoch 15 step 121450 avg_loss=10.595
[4458.7s] epoch 15 step 121500 avg_loss=10.531
[4460.4s] epoch 15 step 121550 avg_loss=10.500
[4462.2s] epoch 15 step 121600 avg_loss=10.498
[4463.9s] epoch 15 step 121650 avg_loss=10.560
[4465.7s] epoch 15 step 121700 avg_loss=10.572
[4467.5s] epoch 15 step 121750 avg_loss=10.568
[4469.2s] epoch 15 step 121800 avg_loss=10.513
[4471.0s] epoch 15 step 121850 avg_loss=10.510
[4472.6s] epoch 15 step 121900 avg_loss=10.478
[4474.2s] epoch 15 step 121950 avg_loss=10.518
[4475.9s] epoch 15 step 122000 avg_loss=10.477
[4477.6s] epoch 15 step 122050 avg_loss=10.488
[4479.3s] epoch 15 step 122100 avg_loss=10.486
[4480.8s] epoch 15 step 122150 avg_loss=10.433
[4482.5s] epoch 15 step 122200 avg_loss=10.453
[4484.2s] epoch 15 step 122250 avg_loss=10.510
[4486.0s] epoch 15 step 122300 avg_loss=10.481
[4487.6s] epoch 15 step 122350 avg_loss=10.422
[4489.2s] epoch 15 step 122400 avg_loss=10.363
[4491.2s] epoch 15 step 122450 avg_loss=10.366
[4493.0s] epoch 15 step 122500 avg_loss=10.340
[4494.5s] epoch 15 step 122550 avg_loss=10.313
[4496.2s] epoch 15 step 122600 avg_loss=10.314
[4497.8s] epoch 15 step 122650 avg_loss=10.258
[4499.6s] epoch 15 step 122700 avg_loss=10.273
[4501.2s] epoch 15 step 122750 avg_loss=10.206
[4502.8s] epoch 15 step 122800 avg_loss=10.181
[4504.7s] epoch 15 step 122850 avg_loss=10.247
[4506.4s] epoch 15 step 122900 avg_loss=10.277
[4508.3s] epoch 15 step 122950 avg_loss=10.362
[4510.3s] epoch 15 step 123000 avg_loss=10.363
[4512.1s] epoch 15 step 123050 avg_loss=10.315
[4514.0s] epoch 15 step 123100 avg_loss=10.319
[4515.9s] epoch 15 step 123150 avg_loss=10.357
[4517.6s] epoch 15 step 123200 avg_loss=10.332
[4519.2s] epoch 15 step 123250 avg_loss=10.321
[4520.9s] epoch 15 step 123300 avg_loss=10.331
[4522.5s] epoch 15 step 123350 avg_loss=10.353
[4524.2s] epoch 15 step 123400 avg_loss=10.350
[4525.8s] epoch 15 step 123450 avg_loss=10.330
[4527.5s] epoch 15 step 123500 avg_loss=10.324
[4529.2s] epoch 15 step 123550 avg_loss=10.336
[4530.7s] epoch 15 step 123600 avg_loss=10.331
[4532.4s] epoch 15 step 123650 avg_loss=10.311
[4534.3s] epoch 15 step 123700 avg_loss=10.325
[4535.9s] epoch 15 step 123750 avg_loss=10.347
[4537.6s] epoch 15 step 123800 avg_loss=10.351
[4539.2s] epoch 15 step 123850 avg_loss=10.325
[4541.0s] epoch 15 step 123900 avg_loss=10.344
[4542.8s] epoch 15 step 123950 avg_loss=10.361
[4544.4s] epoch 15 step 124000 avg_loss=10.366
[4546.0s] epoch 15 step 124050 avg_loss=10.351
[4547.9s] epoch 15 step 124100 avg_loss=10.352
[4549.4s] epoch 15 step 124150 avg_loss=10.314
[4551.0s] epoch 15 step 124200 avg_loss=10.287
[4552.9s] epoch 15 step 124250 avg_loss=10.310
[4554.5s] epoch 15 step 124300 avg_loss=10.310
[4556.3s] epoch 15 step 124350 avg_loss=10.357
[4557.9s] epoch 15 step 124400 avg_loss=10.365
[4559.6s] epoch 15 step 124450 avg_loss=10.413
[4561.5s] epoch 15 step 124500 avg_loss=10.450
[4563.3s] epoch 15 step 124550 avg_loss=10.455
[4565.1s] epoch 15 step 124600 avg_loss=10.439
[4566.8s] epoch 15 step 124650 avg_loss=10.451
[4568.5s] epoch 15 step 124700 avg_loss=10.445
[4570.5s] epoch 15 step 124750 avg_loss=10.480
[4572.5s] epoch 15 step 124800 avg_loss=10.523
[4574.6s] epoch 15 step 124850 avg_loss=10.574
[4576.2s] epoch 15 step 124900 avg_loss=10.566
[4577.7s] epoch 15 step 124950 avg_loss=10.550
[4579.5s] epoch 15 step 125000 avg_loss=10.541
[4581.4s] epoch 15 step 125050 avg_loss=10.563
[4583.0s] epoch 15 step 125100 avg_loss=10.535
[4584.7s] epoch 15 step 125150 avg_loss=10.533
[4586.3s] epoch 15 step 125200 avg_loss=10.555
[4587.9s] epoch 15 step 125250 avg_loss=10.559
[4589.8s] epoch 15 step 125300 avg_loss=10.571
[4591.5s] epoch 15 step 125350 avg_loss=10.580
[4593.1s] epoch 15 step 125400 avg_loss=10.567
[4594.8s] epoch 15 step 125450 avg_loss=10.560
[4596.4s] epoch 15 step 125500 avg_loss=10.566
[4598.0s] epoch 15 step 125550 avg_loss=10.585
[4599.6s] epoch 15 step 125600 avg_loss=10.585
[4601.4s] epoch 15 step 125650 avg_loss=10.589
[4602.9s] epoch 15 step 125700 avg_loss=10.574
[4604.6s] epoch 15 step 125750 avg_loss=10.587
[4606.3s] epoch 15 step 125800 avg_loss=10.572
[4608.2s] epoch 15 step 125850 avg_loss=10.591
[4609.8s] epoch 15 step 125900 avg_loss=10.602
[4611.4s] epoch 15 step 125950 avg_loss=10.591
[4612.9s] epoch 15 step 126000 avg_loss=10.589
[4614.7s] epoch 15 step 126050 avg_loss=10.601
[4616.4s] epoch 15 step 126100 avg_loss=10.612
[4617.9s] epoch 15 step 126150 avg_loss=10.583
[4619.3s] epoch 15 step 126200 avg_loss=10.562
[4621.2s] epoch 15 step 126250 avg_loss=10.573
[4622.7s] epoch 15 step 126300 avg_loss=10.561
[4624.4s] epoch 15 step 126350 avg_loss=10.567
[4626.1s] epoch 15 step 126400 avg_loss=10.569
[4627.7s] epoch 15 step 126450 avg_loss=10.571
[4629.2s] epoch 15 step 126500 avg_loss=10.548
[4630.5s] epoch 15 step 126550 avg_loss=10.522
[4632.2s] epoch 15 step 126600 avg_loss=10.511
[4633.9s] epoch 15 step 126650 avg_loss=10.494
[4635.4s] epoch 15 step 126700 avg_loss=10.501
[4637.3s] epoch 15 step 126750 avg_loss=10.518
[4638.9s] epoch 15 step 126800 avg_loss=10.499
[4640.6s] epoch 15 step 126850 avg_loss=10.481
[4642.2s] epoch 15 step 126900 avg_loss=10.472
[4643.7s] epoch 15 step 126950 avg_loss=10.455
[4645.4s] epoch 15 step 127000 avg_loss=10.465
[4647.4s] epoch 15 step 127050 avg_loss=10.481
[4649.1s] epoch 15 step 127100 avg_loss=10.472
[4650.8s] epoch 15 step 127150 avg_loss=10.477
[4652.5s] epoch 15 step 127200 avg_loss=10.467
[4654.2s] epoch 15 step 127250 avg_loss=10.477
[4655.8s] epoch 15 step 127300 avg_loss=10.483
[4657.4s] epoch 15 step 127350 avg_loss=10.480
[4658.9s] epoch 15 step 127400 avg_loss=10.478
[4660.6s] epoch 15 step 127450 avg_loss=10.501
[4662.0s] epoch 15 step 127500 avg_loss=10.497
[4667.2s] eval step=4000 train_avg_loss=10.491 dev_rank1_f1=0.4633 dev_edge_p=0.4592 dev_edge_r=0.4676
[4668.3s] epoch 15 step 127550 avg_loss=10.490
[4669.9s] epoch 15 step 127600 avg_loss=10.489
[4671.4s] epoch 15 step 127650 avg_loss=10.475
[4673.2s] epoch 15 step 127700 avg_loss=10.508
[4675.0s] epoch 15 step 127750 avg_loss=10.520
[4676.6s] epoch 15 step 127800 avg_loss=10.523
[4678.6s] epoch 15 step 127850 avg_loss=10.538
[4680.3s] epoch 15 step 127900 avg_loss=10.523
[4681.9s] epoch 15 step 127950 avg_loss=10.533
[4683.5s] epoch 15 step 128000 avg_loss=10.547
[4683.5s] === epoch 15 done: avg_loss=10.547 (n=8000 derivations) ===
[4685.2s] epoch 16 step 128050 avg_loss=12.007
[4686.9s] epoch 16 step 128100 avg_loss=11.738
[4688.5s] epoch 16 step 128150 avg_loss=11.971
[4690.0s] epoch 16 step 128200 avg_loss=11.232
[4691.7s] epoch 16 step 128250 avg_loss=10.803
[4693.2s] epoch 16 step 128300 avg_loss=10.562
[4694.9s] epoch 16 step 128350 avg_loss=10.197
[4696.5s] epoch 16 step 128400 avg_loss=10.248
[4698.2s] epoch 16 step 128450 avg_loss=9.924
[4700.2s] epoch 16 step 128500 avg_loss=10.162
[4702.0s] epoch 16 step 128550 avg_loss=10.223
[4703.7s] epoch 16 step 128600 avg_loss=10.230
[4705.5s] epoch 16 step 128650 avg_loss=10.285
[4707.1s] epoch 16 step 128700 avg_loss=10.329
[4708.6s] epoch 16 step 128750 avg_loss=10.183
[4710.2s] epoch 16 step 128800 avg_loss=10.125
[4711.9s] epoch 16 step 128850 avg_loss=10.319
[4713.5s] epoch 16 step 128900 avg_loss=10.251
[4715.3s] epoch 16 step 128950 avg_loss=10.234
[4717.2s] epoch 16 step 129000 avg_loss=10.337
[4718.9s] epoch 16 step 129050 avg_loss=10.422
[4720.4s] epoch 16 step 129100 avg_loss=10.401
[4722.5s] epoch 16 step 129150 avg_loss=10.427
[4724.4s] epoch 16 step 129200 avg_loss=10.473
[4726.2s] epoch 16 step 129250 avg_loss=10.526
[4727.7s] epoch 16 step 129300 avg_loss=10.469
[4729.4s] epoch 16 step 129350 avg_loss=10.391
[4731.2s] epoch 16 step 129400 avg_loss=10.427
[4732.9s] epoch 16 step 129450 avg_loss=10.446
[4734.4s] epoch 16 step 129500 avg_loss=10.448
[4736.0s] epoch 16 step 129550 avg_loss=10.373
[4737.8s] epoch 16 step 129600 avg_loss=10.319
[4739.5s] epoch 16 step 129650 avg_loss=10.351
[4741.7s] epoch 16 step 129700 avg_loss=10.373
[4743.5s] epoch 16 step 129750 avg_loss=10.414
[4745.4s] epoch 16 step 129800 avg_loss=10.426
[4746.9s] epoch 16 step 129850 avg_loss=10.312
[4748.8s] epoch 16 step 129900 avg_loss=10.232
[4750.5s] epoch 16 step 129950 avg_loss=10.209
[4752.2s] epoch 16 step 130000 avg_loss=10.224
[4753.9s] epoch 16 step 130050 avg_loss=10.241
[4755.8s] epoch 16 step 130100 avg_loss=10.351
[4757.7s] epoch 16 step 130150 avg_loss=10.381
[4759.4s] epoch 16 step 130200 avg_loss=10.357
[4761.2s] epoch 16 step 130250 avg_loss=10.374
[4762.8s] epoch 16 step 130300 avg_loss=10.362
[4764.3s] epoch 16 step 130350 avg_loss=10.298
[4766.2s] epoch 16 step 130400 avg_loss=10.346
[4768.0s] epoch 16 step 130450 avg_loss=10.390
[4769.8s] epoch 16 step 130500 avg_loss=10.443
[4771.6s] epoch 16 step 130550 avg_loss=10.451
[4773.3s] epoch 16 step 130600 avg_loss=10.463
[4775.0s] epoch 16 step 130650 avg_loss=10.476
[4776.6s] epoch 16 step 130700 avg_loss=10.417
[4778.1s] epoch 16 step 130750 avg_loss=10.377
[4779.8s] epoch 16 step 130800 avg_loss=10.392
[4781.3s] epoch 16 step 130850 avg_loss=10.399
[4782.8s] epoch 16 step 130900 avg_loss=10.388
[4784.4s] epoch 16 step 130950 avg_loss=10.409
[4786.2s] epoch 16 step 131000 avg_loss=10.411
[4787.8s] epoch 16 step 131050 avg_loss=10.386
[4789.2s] epoch 16 step 131100 avg_loss=10.362
[4790.8s] epoch 16 step 131150 avg_loss=10.313
[4792.5s] epoch 16 step 131200 avg_loss=10.337
[4794.1s] epoch 16 step 131250 avg_loss=10.304
[4795.9s] epoch 16 step 131300 avg_loss=10.321
[4797.5s] epoch 16 step 131350 avg_loss=10.305
[4799.3s] epoch 16 step 131400 avg_loss=10.317
[4800.8s] epoch 16 step 131450 avg_loss=10.278
[4802.3s] epoch 16 step 131500 avg_loss=10.258
[4803.9s] epoch 16 step 131550 avg_loss=10.259
[4805.7s] epoch 16 step 131600 avg_loss=10.303
[4807.2s] epoch 16 step 131650 avg_loss=10.263
[4808.8s] epoch 16 step 131700 avg_loss=10.268
[4810.5s] epoch 16 step 131750 avg_loss=10.316
[4812.2s] epoch 16 step 131800 avg_loss=10.371
[4814.0s] epoch 16 step 131850 avg_loss=10.385
[4815.6s] epoch 16 step 131900 avg_loss=10.403
[4817.4s] epoch 16 step 131950 avg_loss=10.399
[4819.2s] epoch 16 step 132000 avg_loss=10.416
[4820.7s] epoch 16 step 132050 avg_loss=10.382
[4822.6s] epoch 16 step 132100 avg_loss=10.414
[4824.2s] epoch 16 step 132150 avg_loss=10.401
[4825.8s] epoch 16 step 132200 avg_loss=10.388
[4828.0s] epoch 16 step 132250 avg_loss=10.425
[4829.7s] epoch 16 step 132300 avg_loss=10.426
[4831.7s] epoch 16 step 132350 avg_loss=10.431
[4833.4s] epoch 16 step 132400 avg_loss=10.412
[4835.1s] epoch 16 step 132450 avg_loss=10.449
[4836.8s] epoch 16 step 132500 avg_loss=10.420
[4838.4s] epoch 16 step 132550 avg_loss=10.364
[4840.3s] epoch 16 step 132600 avg_loss=10.360
[4842.1s] epoch 16 step 132650 avg_loss=10.339
[4844.0s] epoch 16 step 132700 avg_loss=10.370
[4845.6s] epoch 16 step 132750 avg_loss=10.346
[4847.2s] epoch 16 step 132800 avg_loss=10.332
[4848.9s] epoch 16 step 132850 avg_loss=10.339
[4850.5s] epoch 16 step 132900 avg_loss=10.358
[4852.1s] epoch 16 step 132950 avg_loss=10.351
[4854.0s] epoch 16 step 133000 avg_loss=10.375
[4855.7s] epoch 16 step 133050 avg_loss=10.370
[4857.5s] epoch 16 step 133100 avg_loss=10.374
[4859.4s] epoch 16 step 133150 avg_loss=10.374
[4861.1s] epoch 16 step 133200 avg_loss=10.365
[4862.7s] epoch 16 step 133250 avg_loss=10.341
[4864.5s] epoch 16 step 133300 avg_loss=10.361
[4866.2s] epoch 16 step 133350 avg_loss=10.372
[4867.7s] epoch 16 step 133400 avg_loss=10.372
[4869.3s] epoch 16 step 133450 avg_loss=10.347
[4870.8s] epoch 16 step 133500 avg_loss=10.325
[4872.6s] epoch 16 step 133550 avg_loss=10.341
[4874.3s] epoch 16 step 133600 avg_loss=10.342
[4875.6s] epoch 16 step 133650 avg_loss=10.318
[4877.2s] epoch 16 step 133700 avg_loss=10.300
[4878.7s] epoch 16 step 133750 avg_loss=10.264
[4880.3s] epoch 16 step 133800 avg_loss=10.241
[4882.0s] epoch 16 step 133850 avg_loss=10.212
[4883.5s] epoch 16 step 133900 avg_loss=10.211
[4885.5s] epoch 16 step 133950 avg_loss=10.245
[4887.4s] epoch 16 step 134000 avg_loss=10.267
[4888.9s] epoch 16 step 134050 avg_loss=10.245
[4890.5s] epoch 16 step 134100 avg_loss=10.200
[4892.1s] epoch 16 step 134150 avg_loss=10.192
[4893.7s] epoch 16 step 134200 avg_loss=10.170
[4895.5s] epoch 16 step 134250 avg_loss=10.183
[4897.1s] epoch 16 step 134300 avg_loss=10.175
[4898.8s] epoch 16 step 134350 avg_loss=10.168
[4900.5s] epoch 16 step 134400 avg_loss=10.206
[4902.0s] epoch 16 step 134450 avg_loss=10.188
[4903.4s] epoch 16 step 134500 avg_loss=10.180
[4905.2s] epoch 16 step 134550 avg_loss=10.176
[4906.7s] epoch 16 step 134600 avg_loss=10.165
[4908.4s] epoch 16 step 134650 avg_loss=10.170
[4910.1s] epoch 16 step 134700 avg_loss=10.185
[4911.9s] epoch 16 step 134750 avg_loss=10.192
[4913.8s] epoch 16 step 134800 avg_loss=10.199
[4915.5s] epoch 16 step 134850 avg_loss=10.218
[4917.1s] epoch 16 step 134900 avg_loss=10.204
[4918.6s] epoch 16 step 134950 avg_loss=10.188
[4920.2s] epoch 16 step 135000 avg_loss=10.194
[4922.1s] epoch 16 step 135050 avg_loss=10.188
[4923.8s] epoch 16 step 135100 avg_loss=10.179
[4925.4s] epoch 16 step 135150 avg_loss=10.205
[4927.1s] epoch 16 step 135200 avg_loss=10.217
[4929.0s] epoch 16 step 135250 avg_loss=10.227
[4930.8s] epoch 16 step 135300 avg_loss=10.233
[4932.6s] epoch 16 step 135350 avg_loss=10.227
[4934.4s] epoch 16 step 135400 avg_loss=10.202
[4936.2s] epoch 16 step 135450 avg_loss=10.206
[4939.5s] eval step=4250 train_avg_loss=10.213 dev_rank1_f1=0.4939 dev_edge_p=0.4885 dev_edge_r=0.4994
[4939.8s] epoch 16 step 135500 avg_loss=10.208
[4941.5s] epoch 16 step 135550 avg_loss=10.212
[4943.2s] epoch 16 step 135600 avg_loss=10.198
[4945.1s] epoch 16 step 135650 avg_loss=10.211
[4946.6s] epoch 16 step 135700 avg_loss=10.213
[4948.1s] epoch 16 step 135750 avg_loss=10.219
[4949.8s] epoch 16 step 135800 avg_loss=10.213
[4951.4s] epoch 16 step 135850 avg_loss=10.200
[4953.3s] epoch 16 step 135900 avg_loss=10.194
[4955.1s] epoch 16 step 135950 avg_loss=10.189
[4956.7s] epoch 16 step 136000 avg_loss=10.170
[4956.7s] === epoch 16 done: avg_loss=10.170 (n=8000 derivations) ===
[4958.5s] epoch 17 step 136050 avg_loss=11.715
[4960.2s] epoch 17 step 136100 avg_loss=10.616
[4961.8s] epoch 17 step 136150 avg_loss=10.227
[4963.4s] epoch 17 step 136200 avg_loss=9.859
[4964.9s] epoch 17 step 136250 avg_loss=9.374
[4966.7s] epoch 17 step 136300 avg_loss=9.450
[4968.2s] epoch 17 step 136350 avg_loss=9.330
[4969.7s] epoch 17 step 136400 avg_loss=9.483
[4971.4s] epoch 17 step 136450 avg_loss=9.067
[4972.9s] epoch 17 step 136500 avg_loss=8.857
[4974.7s] epoch 17 step 136550 avg_loss=9.016
[4976.2s] epoch 17 step 136600 avg_loss=8.904
[4977.8s] epoch 17 step 136650 avg_loss=9.001
[4979.5s] epoch 17 step 136700 avg_loss=9.051
[4980.9s] epoch 17 step 136750 avg_loss=8.938
[4982.5s] epoch 17 step 136800 avg_loss=8.963
[4983.9s] epoch 17 step 136850 avg_loss=8.935
[4985.6s] epoch 17 step 136900 avg_loss=8.988
[4987.2s] epoch 17 step 136950 avg_loss=8.987
[4988.8s] epoch 17 step 137000 avg_loss=8.854
[4990.3s] epoch 17 step 137050 avg_loss=8.902
[4992.1s] epoch 17 step 137100 avg_loss=9.003
[4993.6s] epoch 17 step 137150 avg_loss=8.981
[4995.3s] epoch 17 step 137200 avg_loss=8.978
[4996.9s] epoch 17 step 137250 avg_loss=9.045
[4998.6s] epoch 17 step 137300 avg_loss=9.042
[5000.3s] epoch 17 step 137350 avg_loss=9.127
[5002.3s] epoch 17 step 137400 avg_loss=9.256
[5004.0s] epoch 17 step 137450 avg_loss=9.377
[5005.7s] epoch 17 step 137500 avg_loss=9.525
[5007.4s] epoch 17 step 137550 avg_loss=9.430
[5009.1s] epoch 17 step 137600 avg_loss=9.548
[5010.5s] epoch 17 step 137650 avg_loss=9.534
[5012.3s] epoch 17 step 137700 avg_loss=9.510
[5013.9s] epoch 17 step 137750 avg_loss=9.496
[5015.3s] epoch 17 step 137800 avg_loss=9.411
[5016.8s] epoch 17 step 137850 avg_loss=9.349
[5018.6s] epoch 17 step 137900 avg_loss=9.383
[5020.2s] epoch 17 step 137950 avg_loss=9.352
[5021.9s] epoch 17 step 138000 avg_loss=9.273
[5023.8s] epoch 17 step 138050 avg_loss=9.362
[5025.7s] epoch 17 step 138100 avg_loss=9.423
[5027.6s] epoch 17 step 138150 avg_loss=9.475
[5029.5s] epoch 17 step 138200 avg_loss=9.473
[5031.1s] epoch 17 step 138250 avg_loss=9.468
[5032.8s] epoch 17 step 138300 avg_loss=9.466
[5034.3s] epoch 17 step 138350 avg_loss=9.462
[5036.1s] epoch 17 step 138400 avg_loss=9.476
[5037.9s] epoch 17 step 138450 avg_loss=9.490
[5039.7s] epoch 17 step 138500 avg_loss=9.529
[5041.6s] epoch 17 step 138550 avg_loss=9.557
[5043.2s] epoch 17 step 138600 avg_loss=9.547
[5044.9s] epoch 17 step 138650 avg_loss=9.570
[5046.8s] epoch 17 step 138700 avg_loss=9.628
[5048.4s] epoch 17 step 138750 avg_loss=9.624
[5049.8s] epoch 17 step 138800 avg_loss=9.554
[5051.6s] epoch 17 step 138850 avg_loss=9.590
[5053.1s] epoch 17 step 138900 avg_loss=9.607
[5054.6s] epoch 17 step 138950 avg_loss=9.588
[5056.3s] epoch 17 step 139000 avg_loss=9.612
[5058.1s] epoch 17 step 139050 avg_loss=9.607
[5060.0s] epoch 17 step 139100 avg_loss=9.636
[5061.9s] epoch 17 step 139150 avg_loss=9.624
[5063.5s] epoch 17 step 139200 avg_loss=9.648
[5065.3s] epoch 17 step 139250 avg_loss=9.629
[5067.1s] epoch 17 step 139300 avg_loss=9.696
[5068.7s] epoch 17 step 139350 avg_loss=9.673
[5070.4s] epoch 17 step 139400 avg_loss=9.661
[5072.1s] epoch 17 step 139450 avg_loss=9.614
[5073.9s] epoch 17 step 139500 avg_loss=9.602
[5075.7s] epoch 17 step 139550 avg_loss=9.588
[5077.4s] epoch 17 step 139600 avg_loss=9.597
[5079.7s] epoch 17 step 139650 avg_loss=9.629
[5081.4s] epoch 17 step 139700 avg_loss=9.622
[5083.2s] epoch 17 step 139750 avg_loss=9.615
[5084.9s] epoch 17 step 139800 avg_loss=9.615
[5086.8s] epoch 17 step 139850 avg_loss=9.608
[5088.5s] epoch 17 step 139900 avg_loss=9.649
[5090.2s] epoch 17 step 139950 avg_loss=9.622
[5091.8s] epoch 17 step 140000 avg_loss=9.596
[5093.6s] epoch 17 step 140050 avg_loss=9.571
[5095.1s] epoch 17 step 140100 avg_loss=9.551
[5096.8s] epoch 17 step 140150 avg_loss=9.557
[5098.5s] epoch 17 step 140200 avg_loss=9.528
[5100.2s] epoch 17 step 140250 avg_loss=9.565
[5102.1s] epoch 17 step 140300 avg_loss=9.596
[5103.9s] epoch 17 step 140350 avg_loss=9.600
[5105.7s] epoch 17 step 140400 avg_loss=9.614
[5107.2s] epoch 17 step 140450 avg_loss=9.577
[5109.0s] epoch 17 step 140500 avg_loss=9.586
[5110.7s] epoch 17 step 140550 avg_loss=9.569
[5112.3s] epoch 17 step 140600 avg_loss=9.563
[5114.3s] epoch 17 step 140650 avg_loss=9.599
[5116.3s] epoch 17 step 140700 avg_loss=9.656
[5117.8s] epoch 17 step 140750 avg_loss=9.631
[5119.5s] epoch 17 step 140800 avg_loss=9.655
[5121.3s] epoch 17 step 140850 avg_loss=9.632
[5123.4s] epoch 17 step 140900 avg_loss=9.610
[5125.1s] epoch 17 step 140950 avg_loss=9.606
[5126.7s] epoch 17 step 141000 avg_loss=9.591
[5128.2s] epoch 17 step 141050 avg_loss=9.619
[5129.9s] epoch 17 step 141100 avg_loss=9.605
[5131.6s] epoch 17 step 141150 avg_loss=9.610
[5133.2s] epoch 17 step 141200 avg_loss=9.619
[5134.9s] epoch 17 step 141250 avg_loss=9.630
[5136.6s] epoch 17 step 141300 avg_loss=9.640
[5138.2s] epoch 17 step 141350 avg_loss=9.641
[5139.9s] epoch 17 step 141400 avg_loss=9.627
[5141.8s] epoch 17 step 141450 avg_loss=9.650
[5143.4s] epoch 17 step 141500 avg_loss=9.658
[5145.4s] epoch 17 step 141550 avg_loss=9.697
[5147.1s] epoch 17 step 141600 avg_loss=9.704
[5149.0s] epoch 17 step 141650 avg_loss=9.709
[5150.6s] epoch 17 step 141700 avg_loss=9.692
[5152.7s] epoch 17 step 141750 avg_loss=9.712
[5154.3s] epoch 17 step 141800 avg_loss=9.713
[5155.9s] epoch 17 step 141850 avg_loss=9.705
[5157.6s] epoch 17 step 141900 avg_loss=9.704
[5159.5s] epoch 17 step 141950 avg_loss=9.747
[5161.2s] epoch 17 step 142000 avg_loss=9.773
[5162.6s] epoch 17 step 142050 avg_loss=9.752
[5164.1s] epoch 17 step 142100 avg_loss=9.768
[5166.0s] epoch 17 step 142150 avg_loss=9.763
[5167.8s] epoch 17 step 142200 avg_loss=9.782
[5169.5s] epoch 17 step 142250 avg_loss=9.780
[5171.5s] epoch 17 step 142300 avg_loss=9.799
[5172.9s] epoch 17 step 142350 avg_loss=9.798
[5174.5s] epoch 17 step 142400 avg_loss=9.792
[5176.2s] epoch 17 step 142450 avg_loss=9.797
[5178.2s] epoch 17 step 142500 avg_loss=9.818
[5179.9s] epoch 17 step 142550 avg_loss=9.819
[5181.6s] epoch 17 step 142600 avg_loss=9.800
[5183.2s] epoch 17 step 142650 avg_loss=9.787
[5184.8s] epoch 17 step 142700 avg_loss=9.780
[5186.3s] epoch 17 step 142750 avg_loss=9.786
[5188.0s] epoch 17 step 142800 avg_loss=9.772
[5189.7s] epoch 17 step 142850 avg_loss=9.757
[5191.8s] epoch 17 step 142900 avg_loss=9.775
[5193.8s] epoch 17 step 142950 avg_loss=9.770
[5195.5s] epoch 17 step 143000 avg_loss=9.761
[5197.4s] epoch 17 step 143050 avg_loss=9.762
[5199.2s] epoch 17 step 143100 avg_loss=9.771
[5200.8s] epoch 17 step 143150 avg_loss=9.769
[5202.5s] epoch 17 step 143200 avg_loss=9.758
[5204.3s] epoch 17 step 143250 avg_loss=9.746
[5205.9s] epoch 17 step 143300 avg_loss=9.752
[5207.6s] epoch 17 step 143350 avg_loss=9.735
[5209.7s] epoch 17 step 143400 avg_loss=9.733
[5211.3s] epoch 17 step 143450 avg_loss=9.742
[5213.4s] eval step=4500 train_avg_loss=9.744 dev_rank1_f1=0.4946 dev_edge_p=0.4888 dev_edge_r=0.5005
[5214.9s] epoch 17 step 143500 avg_loss=9.751
[5216.4s] epoch 17 step 143550 avg_loss=9.744
[5218.0s] epoch 17 step 143600 avg_loss=9.744
[5219.7s] epoch 17 step 143650 avg_loss=9.762
[5221.4s] epoch 17 step 143700 avg_loss=9.768
[5223.1s] epoch 17 step 143750 avg_loss=9.777
[5224.7s] epoch 17 step 143800 avg_loss=9.785
[5226.3s] epoch 17 step 143850 avg_loss=9.796
[5227.8s] epoch 17 step 143900 avg_loss=9.801
[5229.4s] epoch 17 step 143950 avg_loss=9.806
[5231.4s] epoch 17 step 144000 avg_loss=9.817
[5231.4s] === epoch 17 done: avg_loss=9.817 (n=8000 derivations) ===
[5233.2s] epoch 18 step 144050 avg_loss=9.520
[5235.0s] epoch 18 step 144100 avg_loss=10.932
[5236.8s] epoch 18 step 144150 avg_loss=10.715
[5238.5s] epoch 18 step 144200 avg_loss=10.813
[5240.1s] epoch 18 step 144250 avg_loss=10.198
[5241.6s] epoch 18 step 144300 avg_loss=10.036
[5243.3s] epoch 18 step 144350 avg_loss=9.887
[5245.2s] epoch 18 step 144400 avg_loss=10.019
[5247.3s] epoch 18 step 144450 avg_loss=9.966
[5249.3s] epoch 18 step 144500 avg_loss=10.072
[5251.2s] epoch 18 step 144550 avg_loss=9.794
[5253.0s] epoch 18 step 144600 avg_loss=9.625
[5254.7s] epoch 18 step 144650 avg_loss=9.408
[5256.3s] epoch 18 step 144700 avg_loss=9.369
[5258.1s] epoch 18 step 144750 avg_loss=9.475
[5259.6s] epoch 18 step 144800 avg_loss=9.491
[5261.1s] epoch 18 step 144850 avg_loss=9.329
[5262.7s] epoch 18 step 144900 avg_loss=9.427
[5264.3s] epoch 18 step 144950 avg_loss=9.402
[5265.7s] epoch 18 step 145000 avg_loss=9.304
[5267.3s] epoch 18 step 145050 avg_loss=9.295
[5269.0s] epoch 18 step 145100 avg_loss=9.342
[5270.5s] epoch 18 step 145150 avg_loss=9.391
[5272.1s] epoch 18 step 145200 avg_loss=9.405
[5274.0s] epoch 18 step 145250 avg_loss=9.463
[5275.4s] epoch 18 step 145300 avg_loss=9.416
[5277.0s] epoch 18 step 145350 avg_loss=9.376
[5278.6s] epoch 18 step 145400 avg_loss=9.349
[5280.4s] epoch 18 step 145450 avg_loss=9.328
[5282.0s] epoch 18 step 145500 avg_loss=9.316
[5283.7s] epoch 18 step 145550 avg_loss=9.374
[5285.3s] epoch 18 step 145600 avg_loss=9.308
[5287.0s] epoch 18 step 145650 avg_loss=9.293
[5288.7s] epoch 18 step 145700 avg_loss=9.208
[5290.3s] epoch 18 step 145750 avg_loss=9.228
[5291.8s] epoch 18 step 145800 avg_loss=9.175
[5293.6s] epoch 18 step 145850 avg_loss=9.122
[5295.4s] epoch 18 step 145900 avg_loss=9.191
[5297.4s] epoch 18 step 145950 avg_loss=9.232
[5299.2s] epoch 18 step 146000 avg_loss=9.261
[5301.1s] epoch 18 step 146050 avg_loss=9.276
[5302.9s] epoch 18 step 146100 avg_loss=9.318
[5304.9s] epoch 18 step 146150 avg_loss=9.319
[5306.6s] epoch 18 step 146200 avg_loss=9.329
[5308.5s] epoch 18 step 146250 avg_loss=9.347
[5310.1s] epoch 18 step 146300 avg_loss=9.361
[5311.6s] epoch 18 step 146350 avg_loss=9.309
[5313.3s] epoch 18 step 146400 avg_loss=9.288
[5315.1s] epoch 18 step 146450 avg_loss=9.300
[5316.7s] epoch 18 step 146500 avg_loss=9.307
[5318.2s] epoch 18 step 146550 avg_loss=9.301
[5319.7s] epoch 18 step 146600 avg_loss=9.252
[5321.4s] epoch 18 step 146650 avg_loss=9.294
[5323.0s] epoch 18 step 146700 avg_loss=9.257
[5325.0s] epoch 18 step 146750 avg_loss=9.296
[5326.7s] epoch 18 step 146800 avg_loss=9.313
[5328.4s] epoch 18 step 146850 avg_loss=9.323
[5329.9s] epoch 18 step 146900 avg_loss=9.320
[5331.5s] epoch 18 step 146950 avg_loss=9.321
[5333.0s] epoch 18 step 147000 avg_loss=9.334
[5334.7s] epoch 18 step 147050 avg_loss=9.362
[5336.3s] epoch 18 step 147100 avg_loss=9.319
[5338.0s] epoch 18 step 147150 avg_loss=9.326
[5339.7s] epoch 18 step 147200 avg_loss=9.309
[5341.4s] epoch 18 step 147250 avg_loss=9.285
[5343.0s] epoch 18 step 147300 avg_loss=9.290
[5344.8s] epoch 18 step 147350 avg_loss=9.295
[5346.4s] epoch 18 step 147400 avg_loss=9.274
[5348.0s] epoch 18 step 147450 avg_loss=9.273
[5349.5s] epoch 18 step 147500 avg_loss=9.261
[5351.1s] epoch 18 step 147550 avg_loss=9.246
[5352.8s] epoch 18 step 147600 avg_loss=9.235
[5354.3s] epoch 18 step 147650 avg_loss=9.229
[5356.0s] epoch 18 step 147700 avg_loss=9.244
[5357.8s] epoch 18 step 147750 avg_loss=9.248
[5359.6s] epoch 18 step 147800 avg_loss=9.284
[5361.5s] epoch 18 step 147850 avg_loss=9.297
[5363.2s] epoch 18 step 147900 avg_loss=9.295
[5364.8s] epoch 18 step 147950 avg_loss=9.301
[5366.2s] epoch 18 step 148000 avg_loss=9.274
[5367.8s] epoch 18 step 148050 avg_loss=9.260
[5369.4s] epoch 18 step 148100 avg_loss=9.261
[5370.7s] epoch 18 step 148150 avg_loss=9.230
[5372.3s] epoch 18 step 148200 avg_loss=9.246
[5373.9s] epoch 18 step 148250 avg_loss=9.250
[5375.6s] epoch 18 step 148300 avg_loss=9.237
[5377.1s] epoch 18 step 148350 avg_loss=9.222
[5378.7s] epoch 18 step 148400 avg_loss=9.199
[5380.6s] epoch 18 step 148450 avg_loss=9.204
[5382.4s] epoch 18 step 148500 avg_loss=9.170
[5384.4s] epoch 18 step 148550 avg_loss=9.214
[5386.2s] epoch 18 step 148600 avg_loss=9.246
[5388.1s] epoch 18 step 148650 avg_loss=9.264
[5389.8s] epoch 18 step 148700 avg_loss=9.264
[5391.4s] epoch 18 step 148750 avg_loss=9.261
[5393.1s] epoch 18 step 148800 avg_loss=9.279
[5394.9s] epoch 18 step 148850 avg_loss=9.281
[5396.7s] epoch 18 step 148900 avg_loss=9.323
[5398.3s] epoch 18 step 148950 avg_loss=9.330
[5400.0s] epoch 18 step 149000 avg_loss=9.344
[5401.7s] epoch 18 step 149050 avg_loss=9.370
[5403.4s] epoch 18 step 149100 avg_loss=9.394
[5404.9s] epoch 18 step 149150 avg_loss=9.379
[5406.7s] epoch 18 step 149200 avg_loss=9.388
[5408.4s] epoch 18 step 149250 avg_loss=9.379
[5410.2s] epoch 18 step 149300 avg_loss=9.400
[5411.8s] epoch 18 step 149350 avg_loss=9.392
[5413.6s] epoch 18 step 149400 avg_loss=9.401
[5415.4s] epoch 18 step 149450 avg_loss=9.402
[5417.1s] epoch 18 step 149500 avg_loss=9.382
[5418.7s] epoch 18 step 149550 avg_loss=9.359
[5420.4s] epoch 18 step 149600 avg_loss=9.370
[5421.9s] epoch 18 step 149650 avg_loss=9.375
[5423.4s] epoch 18 step 149700 avg_loss=9.369
[5425.1s] epoch 18 step 149750 avg_loss=9.360
[5426.6s] epoch 18 step 149800 avg_loss=9.336
[5428.4s] epoch 18 step 149850 avg_loss=9.361
[5430.2s] epoch 18 step 149900 avg_loss=9.380
[5431.7s] epoch 18 step 149950 avg_loss=9.361
[5433.3s] epoch 18 step 150000 avg_loss=9.355
[5435.1s] epoch 18 step 150050 avg_loss=9.367
[5437.2s] epoch 18 step 150100 avg_loss=9.377
[5439.1s] epoch 18 step 150150 avg_loss=9.408
[5441.1s] epoch 18 step 150200 avg_loss=9.429
[5443.0s] epoch 18 step 150250 avg_loss=9.434
[5444.6s] epoch 18 step 150300 avg_loss=9.433
[5446.1s] epoch 18 step 150350 avg_loss=9.414
[5447.6s] epoch 18 step 150400 avg_loss=9.414
[5448.9s] epoch 18 step 150450 avg_loss=9.393
[5450.4s] epoch 18 step 150500 avg_loss=9.374
[5452.1s] epoch 18 step 150550 avg_loss=9.379
[5453.9s] epoch 18 step 150600 avg_loss=9.374
[5455.4s] epoch 18 step 150650 avg_loss=9.365
[5457.3s] epoch 18 step 150700 avg_loss=9.355
[5458.9s] epoch 18 step 150750 avg_loss=9.369
[5460.6s] epoch 18 step 150800 avg_loss=9.374
[5462.1s] epoch 18 step 150850 avg_loss=9.385
[5463.7s] epoch 18 step 150900 avg_loss=9.380
[5465.3s] epoch 18 step 150950 avg_loss=9.366
[5467.0s] epoch 18 step 151000 avg_loss=9.367
[5468.7s] epoch 18 step 151050 avg_loss=9.370
[5470.4s] epoch 18 step 151100 avg_loss=9.387
[5472.0s] epoch 18 step 151150 avg_loss=9.386
[5473.9s] epoch 18 step 151200 avg_loss=9.414
[5475.9s] epoch 18 step 151250 avg_loss=9.451
[5477.6s] epoch 18 step 151300 avg_loss=9.463
[5479.3s] epoch 18 step 151350 avg_loss=9.455
[5480.9s] epoch 18 step 151400 avg_loss=9.457
[5483.3s] eval step=4750 train_avg_loss=9.448 dev_rank1_f1=0.4934 dev_edge_p=0.4873 dev_edge_r=0.4997
[5484.2s] epoch 18 step 151450 avg_loss=9.441
[5485.9s] epoch 18 step 151500 avg_loss=9.440
[5487.5s] epoch 18 step 151550 avg_loss=9.446
[5489.2s] epoch 18 step 151600 avg_loss=9.476
[5491.0s] epoch 18 step 151650 avg_loss=9.484
[5492.6s] epoch 18 step 151700 avg_loss=9.488
[5494.5s] epoch 18 step 151750 avg_loss=9.491
[5496.1s] epoch 18 step 151800 avg_loss=9.478
[5497.8s] epoch 18 step 151850 avg_loss=9.478
[5499.2s] epoch 18 step 151900 avg_loss=9.462
[5501.0s] epoch 18 step 151950 avg_loss=9.458
[5502.7s] epoch 18 step 152000 avg_loss=9.468
[5502.7s] === epoch 18 done: avg_loss=9.468 (n=8000 derivations) ===
[5504.2s] epoch 19 step 152050 avg_loss=5.704
[5506.0s] epoch 19 step 152100 avg_loss=8.424
[5507.8s] epoch 19 step 152150 avg_loss=8.984
[5509.4s] epoch 19 step 152200 avg_loss=8.594
[5511.1s] epoch 19 step 152250 avg_loss=8.394
[5513.0s] epoch 19 step 152300 avg_loss=8.177
[5514.8s] epoch 19 step 152350 avg_loss=8.328
[5516.5s] epoch 19 step 152400 avg_loss=8.037
[5518.4s] epoch 19 step 152450 avg_loss=7.997
[5520.1s] epoch 19 step 152500 avg_loss=8.254
[5521.9s] epoch 19 step 152550 avg_loss=8.231
[5523.3s] epoch 19 step 152600 avg_loss=8.094
[5525.1s] epoch 19 step 152650 avg_loss=8.058
[5526.7s] epoch 19 step 152700 avg_loss=8.194
[5528.5s] epoch 19 step 152750 avg_loss=8.393
[5530.2s] epoch 19 step 152800 avg_loss=8.488
[5531.7s] epoch 19 step 152850 avg_loss=8.518
[5533.2s] epoch 19 step 152900 avg_loss=8.384
[5534.8s] epoch 19 step 152950 avg_loss=8.458
[5536.6s] epoch 19 step 153000 avg_loss=8.458
[5538.4s] epoch 19 step 153050 avg_loss=8.449
[5540.2s] epoch 19 step 153100 avg_loss=8.472
[5541.7s] epoch 19 step 153150 avg_loss=8.493
[5543.3s] epoch 19 step 153200 avg_loss=8.422
[5544.7s] epoch 19 step 153250 avg_loss=8.388
[5546.5s] epoch 19 step 153300 avg_loss=8.426
[5548.2s] epoch 19 step 153350 avg_loss=8.434
[5549.7s] epoch 19 step 153400 avg_loss=8.408
[5551.5s] epoch 19 step 153450 avg_loss=8.538
[5553.1s] epoch 19 step 153500 avg_loss=8.582
[5554.4s] epoch 19 step 153550 avg_loss=8.535
[5556.1s] epoch 19 step 153600 avg_loss=8.595
[5557.8s] epoch 19 step 153650 avg_loss=8.575
[5559.2s] epoch 19 step 153700 avg_loss=8.491
[5560.6s] epoch 19 step 153750 avg_loss=8.436
[5562.2s] epoch 19 step 153800 avg_loss=8.447
[5564.0s] epoch 19 step 153850 avg_loss=8.423
[5565.7s] epoch 19 step 153900 avg_loss=8.373
[5567.3s] epoch 19 step 153950 avg_loss=8.390
[5568.8s] epoch 19 step 154000 avg_loss=8.328
[5570.6s] epoch 19 step 154050 avg_loss=8.382
[5572.3s] epoch 19 step 154100 avg_loss=8.385
[5573.8s] epoch 19 step 154150 avg_loss=8.342
[5575.5s] epoch 19 step 154200 avg_loss=8.413
[5577.6s] epoch 19 step 154250 avg_loss=8.537
[5579.5s] epoch 19 step 154300 avg_loss=8.556
[5581.3s] epoch 19 step 154350 avg_loss=8.659
[5583.1s] epoch 19 step 154400 avg_loss=8.713
[5584.8s] epoch 19 step 154450 avg_loss=8.688
[5586.4s] epoch 19 step 154500 avg_loss=8.715
[5588.0s] epoch 19 step 154550 avg_loss=8.699
[5589.6s] epoch 19 step 154600 avg_loss=8.719
[5591.2s] epoch 19 step 154650 avg_loss=8.687
[5592.6s] epoch 19 step 154700 avg_loss=8.637
[5594.4s] epoch 19 step 154750 avg_loss=8.691
[5595.9s] epoch 19 step 154800 avg_loss=8.678
[5597.7s] epoch 19 step 154850 avg_loss=8.702
[5599.6s] epoch 19 step 154900 avg_loss=8.742
[5601.3s] epoch 19 step 154950 avg_loss=8.756
[5603.2s] epoch 19 step 155000 avg_loss=8.822
[5604.9s] epoch 19 step 155050 avg_loss=8.836
[5606.8s] epoch 19 step 155100 avg_loss=8.845
[5608.5s] epoch 19 step 155150 avg_loss=8.857
[5610.2s] epoch 19 step 155200 avg_loss=8.858
[5612.1s] epoch 19 step 155250 avg_loss=8.895
[5613.8s] epoch 19 step 155300 avg_loss=8.902
[5615.5s] epoch 19 step 155350 avg_loss=8.878
[5617.2s] epoch 19 step 155400 avg_loss=8.878
[5618.6s] epoch 19 step 155450 avg_loss=8.869
[5620.3s] epoch 19 step 155500 avg_loss=8.856
[5622.0s] epoch 19 step 155550 avg_loss=8.883
[5623.6s] epoch 19 step 155600 avg_loss=8.857
[5625.2s] epoch 19 step 155650 avg_loss=8.889
[5626.9s] epoch 19 step 155700 avg_loss=8.895
[5628.8s] epoch 19 step 155750 avg_loss=8.949
[5630.5s] epoch 19 step 155800 avg_loss=8.930
[5632.3s] epoch 19 step 155850 avg_loss=8.940
[5633.8s] epoch 19 step 155900 avg_loss=8.932
[5635.8s] epoch 19 step 155950 avg_loss=9.005
[5637.2s] epoch 19 step 156000 avg_loss=8.976
[5638.8s] epoch 19 step 156050 avg_loss=8.957
[5640.7s] epoch 19 step 156100 avg_loss=9.006
[5642.3s] epoch 19 step 156150 avg_loss=9.027
[5643.9s] epoch 19 step 156200 avg_loss=9.042
[5645.6s] epoch 19 step 156250 avg_loss=9.053
[5647.3s] epoch 19 step 156300 avg_loss=9.057
[5649.1s] epoch 19 step 156350 avg_loss=9.056
[5650.8s] epoch 19 step 156400 avg_loss=9.064
[5652.6s] epoch 19 step 156450 avg_loss=9.046
[5654.5s] epoch 19 step 156500 avg_loss=9.048
[5656.4s] epoch 19 step 156550 avg_loss=9.065
[5658.3s] epoch 19 step 156600 avg_loss=9.074
[5660.4s] epoch 19 step 156650 avg_loss=9.137
[5662.0s] epoch 19 step 156700 avg_loss=9.117
[5663.7s] epoch 19 step 156750 avg_loss=9.111
[5665.1s] epoch 19 step 156800 avg_loss=9.103
[5666.9s] epoch 19 step 156850 avg_loss=9.101
[5668.5s] epoch 19 step 156900 avg_loss=9.105
[5669.9s] epoch 19 step 156950 avg_loss=9.072
[5671.6s] epoch 19 step 157000 avg_loss=9.100
[5673.3s] epoch 19 step 157050 avg_loss=9.111
[5675.1s] epoch 19 step 157100 avg_loss=9.124
[5676.7s] epoch 19 step 157150 avg_loss=9.098
[5678.2s] epoch 19 step 157200 avg_loss=9.096
[5679.6s] epoch 19 step 157250 avg_loss=9.068
[5681.2s] epoch 19 step 157300 avg_loss=9.069
[5682.7s] epoch 19 step 157350 avg_loss=9.052
[5684.5s] epoch 19 step 157400 avg_loss=9.049
[5686.0s] epoch 19 step 157450 avg_loss=9.030
[5687.8s] epoch 19 step 157500 avg_loss=9.042
[5689.6s] epoch 19 step 157550 avg_loss=9.048
[5691.3s] epoch 19 step 157600 avg_loss=9.045
[5693.2s] epoch 19 step 157650 avg_loss=9.050
[5694.8s] epoch 19 step 157700 avg_loss=9.048
[5696.4s] epoch 19 step 157750 avg_loss=9.052
[5698.0s] epoch 19 step 157800 avg_loss=9.077
[5699.7s] epoch 19 step 157850 avg_loss=9.077
[5701.5s] epoch 19 step 157900 avg_loss=9.100
[5703.1s] epoch 19 step 157950 avg_loss=9.101
[5704.8s] epoch 19 step 158000 avg_loss=9.089
[5706.4s] epoch 19 step 158050 avg_loss=9.082
[5708.3s] epoch 19 step 158100 avg_loss=9.098
[5710.1s] epoch 19 step 158150 avg_loss=9.106
[5712.2s] epoch 19 step 158200 avg_loss=9.115
[5714.0s] epoch 19 step 158250 avg_loss=9.122
[5715.8s] epoch 19 step 158300 avg_loss=9.123
[5717.2s] epoch 19 step 158350 avg_loss=9.105
[5718.6s] epoch 19 step 158400 avg_loss=9.100
[5720.5s] epoch 19 step 158450 avg_loss=9.098
[5722.1s] epoch 19 step 158500 avg_loss=9.095
[5723.7s] epoch 19 step 158550 avg_loss=9.094
[5725.4s] epoch 19 step 158600 avg_loss=9.099
[5727.2s] epoch 19 step 158650 avg_loss=9.091
[5728.8s] epoch 19 step 158700 avg_loss=9.081
[5730.3s] epoch 19 step 158750 avg_loss=9.077
[5732.0s] epoch 19 step 158800 avg_loss=9.079
[5734.1s] epoch 19 step 158850 avg_loss=9.098
[5735.6s] epoch 19 step 158900 avg_loss=9.094
[5737.2s] epoch 19 step 158950 avg_loss=9.099
[5739.1s] epoch 19 step 159000 avg_loss=9.103
[5740.7s] epoch 19 step 159050 avg_loss=9.100
[5742.1s] epoch 19 step 159100 avg_loss=9.079
[5743.6s] epoch 19 step 159150 avg_loss=9.063
[5745.2s] epoch 19 step 159200 avg_loss=9.046
[5746.7s] epoch 19 step 159250 avg_loss=9.034
[5748.4s] epoch 19 step 159300 avg_loss=9.056
[5750.2s] epoch 19 step 159350 avg_loss=9.060
[5753.2s] eval step=5000 train_avg_loss=9.051 dev_rank1_f1=0.5290 dev_edge_p=0.5434 dev_edge_r=0.5154
[5753.5s] epoch 19 step 159400 avg_loss=9.051
[5755.2s] epoch 19 step 159450 avg_loss=9.042
[5756.8s] epoch 19 step 159500 avg_loss=9.039
[5758.5s] epoch 19 step 159550 avg_loss=9.042
[5760.0s] epoch 19 step 159600 avg_loss=9.036
[5761.7s] epoch 19 step 159650 avg_loss=9.037
[5763.3s] epoch 19 step 159700 avg_loss=9.035
[5765.0s] epoch 19 step 159750 avg_loss=9.056
[5766.8s] epoch 19 step 159800 avg_loss=9.076
[5768.5s] epoch 19 step 159850 avg_loss=9.078
[5770.2s] epoch 19 step 159900 avg_loss=9.084
[5771.9s] epoch 19 step 159950 avg_loss=9.094
[5773.7s] epoch 19 step 160000 avg_loss=9.101
[5773.7s] === epoch 19 done: avg_loss=9.101 (n=8000 derivations) ===
[5775.6s] epoch 20 step 160050 avg_loss=12.331
[5777.6s] epoch 20 step 160100 avg_loss=11.346
[5779.4s] epoch 20 step 160150 avg_loss=10.693
[5781.1s] epoch 20 step 160200 avg_loss=10.268
[5783.0s] epoch 20 step 160250 avg_loss=10.327
[5784.5s] epoch 20 step 160300 avg_loss=9.777
[5786.1s] epoch 20 step 160350 avg_loss=9.355
[5787.8s] epoch 20 step 160400 avg_loss=9.263
[5789.3s] epoch 20 step 160450 avg_loss=8.843
[5790.9s] epoch 20 step 160500 avg_loss=8.671
[5792.5s] epoch 20 step 160550 avg_loss=8.484
[5794.1s] epoch 20 step 160600 avg_loss=8.333
[5796.3s] epoch 20 step 160650 avg_loss=8.531
[5798.1s] epoch 20 step 160700 avg_loss=8.674
[5799.9s] epoch 20 step 160750 avg_loss=8.618
[5801.7s] epoch 20 step 160800 avg_loss=8.509
[5803.3s] epoch 20 step 160850 avg_loss=8.366
[5804.9s] epoch 20 step 160900 avg_loss=8.415
[5806.7s] epoch 20 step 160950 avg_loss=8.446
[5808.7s] epoch 20 step 161000 avg_loss=8.517
[5810.4s] epoch 20 step 161050 avg_loss=8.416
[5812.0s] epoch 20 step 161100 avg_loss=8.367
[5813.4s] epoch 20 step 161150 avg_loss=8.302
[5815.2s] epoch 20 step 161200 avg_loss=8.295
[5816.9s] epoch 20 step 161250 avg_loss=8.357
[5818.7s] epoch 20 step 161300 avg_loss=8.282
[5820.3s] epoch 20 step 161350 avg_loss=8.181
[5822.1s] epoch 20 step 161400 avg_loss=8.310
[5823.9s] epoch 20 step 161450 avg_loss=8.345
[5825.6s] epoch 20 step 161500 avg_loss=8.406
[5827.2s] epoch 20 step 161550 avg_loss=8.387
[5828.6s] epoch 20 step 161600 avg_loss=8.351
[5830.1s] epoch 20 step 161650 avg_loss=8.283
[5831.5s] epoch 20 step 161700 avg_loss=8.241
[5833.4s] epoch 20 step 161750 avg_loss=8.317
[5835.0s] epoch 20 step 161800 avg_loss=8.342
[5836.9s] epoch 20 step 161850 avg_loss=8.395
[5838.7s] epoch 20 step 161900 avg_loss=8.439
[5840.7s] epoch 20 step 161950 avg_loss=8.487
[5842.6s] epoch 20 step 162000 avg_loss=8.455
[5844.7s] epoch 20 step 162050 avg_loss=8.501
[5846.4s] epoch 20 step 162100 avg_loss=8.434
[5848.1s] epoch 20 step 162150 avg_loss=8.438
[5849.9s] epoch 20 step 162200 avg_loss=8.436
[5851.6s] epoch 20 step 162250 avg_loss=8.482
[5853.3s] epoch 20 step 162300 avg_loss=8.494
[5855.1s] epoch 20 step 162350 avg_loss=8.478
[5856.7s] epoch 20 step 162400 avg_loss=8.431
[5858.3s] epoch 20 step 162450 avg_loss=8.423
[5860.0s] epoch 20 step 162500 avg_loss=8.428
[5861.7s] epoch 20 step 162550 avg_loss=8.394
[5863.2s] epoch 20 step 162600 avg_loss=8.372
[5864.6s] epoch 20 step 162650 avg_loss=8.340
[5866.1s] epoch 20 step 162700 avg_loss=8.281
[5867.9s] epoch 20 step 162750 avg_loss=8.300
[5869.7s] epoch 20 step 162800 avg_loss=8.337
[5871.3s] epoch 20 step 162850 avg_loss=8.354
[5872.7s] epoch 20 step 162900 avg_loss=8.354
[5874.5s] epoch 20 step 162950 avg_loss=8.326
[5876.3s] epoch 20 step 163000 avg_loss=8.352
[5877.8s] epoch 20 step 163050 avg_loss=8.314
[5879.6s] epoch 20 step 163100 avg_loss=8.340
[5881.4s] epoch 20 step 163150 avg_loss=8.340
[5883.0s] epoch 20 step 163200 avg_loss=8.356
[5884.6s] epoch 20 step 163250 avg_loss=8.378
[5886.2s] epoch 20 step 163300 avg_loss=8.387
[5887.8s] epoch 20 step 163350 avg_loss=8.399
[5889.3s] epoch 20 step 163400 avg_loss=8.377
[5891.3s] epoch 20 step 163450 avg_loss=8.414
[5893.1s] epoch 20 step 163500 avg_loss=8.401
[5894.9s] epoch 20 step 163550 avg_loss=8.440
[5896.8s] epoch 20 step 163600 avg_loss=8.458
[5898.4s] epoch 20 step 163650 avg_loss=8.459
[5900.0s] epoch 20 step 163700 avg_loss=8.424
[5901.3s] epoch 20 step 163750 avg_loss=8.388
[5902.9s] epoch 20 step 163800 avg_loss=8.373
[5904.6s] epoch 20 step 163850 avg_loss=8.417
[5906.2s] epoch 20 step 163900 avg_loss=8.414
[5907.9s] epoch 20 step 163950 avg_loss=8.451
[5909.5s] epoch 20 step 164000 avg_loss=8.444
[5911.2s] epoch 20 step 164050 avg_loss=8.485
[5912.7s] epoch 20 step 164100 avg_loss=8.492
[5914.3s] epoch 20 step 164150 avg_loss=8.491
[5916.0s] epoch 20 step 164200 avg_loss=8.483
[5917.8s] epoch 20 step 164250 avg_loss=8.474
[5919.8s] epoch 20 step 164300 avg_loss=8.488
[5921.5s] epoch 20 step 164350 avg_loss=8.502
[5923.0s] epoch 20 step 164400 avg_loss=8.484
[5924.6s] epoch 20 step 164450 avg_loss=8.477
[5926.3s] epoch 20 step 164500 avg_loss=8.492
[5928.0s] epoch 20 step 164550 avg_loss=8.499
[5929.7s] epoch 20 step 164600 avg_loss=8.523
[5931.5s] epoch 20 step 164650 avg_loss=8.517
[5933.0s] epoch 20 step 164700 avg_loss=8.497
[5934.7s] epoch 20 step 164750 avg_loss=8.486
[5936.3s] epoch 20 step 164800 avg_loss=8.453
[5938.0s] epoch 20 step 164850 avg_loss=8.480
[5939.6s] epoch 20 step 164900 avg_loss=8.458
[5941.4s] epoch 20 step 164950 avg_loss=8.495
[5943.0s] epoch 20 step 165000 avg_loss=8.484
[5944.5s] epoch 20 step 165050 avg_loss=8.485
[5946.1s] epoch 20 step 165100 avg_loss=8.470
[5948.0s] epoch 20 step 165150 avg_loss=8.497
[5949.8s] epoch 20 step 165200 avg_loss=8.509
[5951.6s] epoch 20 step 165250 avg_loss=8.549
[5953.5s] epoch 20 step 165300 avg_loss=8.543
[5955.2s] epoch 20 step 165350 avg_loss=8.543
[5956.9s] epoch 20 step 165400 avg_loss=8.564
[5958.7s] epoch 20 step 165450 avg_loss=8.568
[5960.5s] epoch 20 step 165500 avg_loss=8.576
[5962.3s] epoch 20 step 165550 avg_loss=8.578
[5963.9s] epoch 20 step 165600 avg_loss=8.586
[5965.6s] epoch 20 step 165650 avg_loss=8.582
[5967.0s] epoch 20 step 165700 avg_loss=8.552
[5968.6s] epoch 20 step 165750 avg_loss=8.536
[5970.4s] epoch 20 step 165800 avg_loss=8.563
[5972.2s] epoch 20 step 165850 avg_loss=8.562
[5973.9s] epoch 20 step 165900 avg_loss=8.561
[5975.7s] epoch 20 step 165950 avg_loss=8.572
[5977.0s] epoch 20 step 166000 avg_loss=8.546
[5978.5s] epoch 20 step 166050 avg_loss=8.540
[5979.9s] epoch 20 step 166100 avg_loss=8.525
[5981.7s] epoch 20 step 166150 avg_loss=8.558
[5983.5s] epoch 20 step 166200 avg_loss=8.582
[5984.9s] epoch 20 step 166250 avg_loss=8.577
[5986.8s] epoch 20 step 166300 avg_loss=8.576
[5988.6s] epoch 20 step 166350 avg_loss=8.594
[5990.2s] epoch 20 step 166400 avg_loss=8.595
[5992.0s] epoch 20 step 166450 avg_loss=8.613
[5993.5s] epoch 20 step 166500 avg_loss=8.614
[5995.1s] epoch 20 step 166550 avg_loss=8.631
[5996.9s] epoch 20 step 166600 avg_loss=8.635
[5998.7s] epoch 20 step 166650 avg_loss=8.651
[6000.5s] epoch 20 step 166700 avg_loss=8.638
[6002.6s] epoch 20 step 166750 avg_loss=8.650
[6004.6s] epoch 20 step 166800 avg_loss=8.674
[6006.6s] epoch 20 step 166850 avg_loss=8.691
[6008.2s] epoch 20 step 166900 avg_loss=8.676
[6009.9s] epoch 20 step 166950 avg_loss=8.683
[6011.5s] epoch 20 step 167000 avg_loss=8.675
[6013.3s] epoch 20 step 167050 avg_loss=8.680
[6014.9s] epoch 20 step 167100 avg_loss=8.685
[6016.6s] epoch 20 step 167150 avg_loss=8.696
[6018.1s] epoch 20 step 167200 avg_loss=8.679
[6019.7s] epoch 20 step 167250 avg_loss=8.676
[6021.6s] epoch 20 step 167300 avg_loss=8.703
[6023.2s] epoch 20 step 167350 avg_loss=8.697
[6025.2s] eval step=5250 train_avg_loss=8.701 dev_rank1_f1=0.5111 dev_edge_p=0.5011 dev_edge_r=0.5214
[6026.7s] epoch 20 step 167400 avg_loss=8.712
[6028.3s] epoch 20 step 167450 avg_loss=8.732
[6030.1s] epoch 20 step 167500 avg_loss=8.736
[6031.8s] epoch 20 step 167550 avg_loss=8.736
[6033.5s] epoch 20 step 167600 avg_loss=8.732
[6035.6s] epoch 20 step 167650 avg_loss=8.749
[6036.9s] epoch 20 step 167700 avg_loss=8.731
[6038.7s] epoch 20 step 167750 avg_loss=8.728
[6040.4s] epoch 20 step 167800 avg_loss=8.730
[6042.3s] epoch 20 step 167850 avg_loss=8.744
[6043.9s] epoch 20 step 167900 avg_loss=8.739
[6045.6s] epoch 20 step 167950 avg_loss=8.746
[6047.5s] epoch 20 step 168000 avg_loss=8.761
[6047.5s] === epoch 20 done: avg_loss=8.761 (n=8000 derivations) ===
[6049.1s] epoch 21 step 168050 avg_loss=9.006
[6051.0s] epoch 21 step 168100 avg_loss=10.349
[6052.6s] epoch 21 step 168150 avg_loss=9.378
[6054.5s] epoch 21 step 168200 avg_loss=8.992
[6056.3s] epoch 21 step 168250 avg_loss=9.275
[6058.1s] epoch 21 step 168300 avg_loss=9.022
[6059.5s] epoch 21 step 168350 avg_loss=8.714
[6061.3s] epoch 21 step 168400 avg_loss=8.865
[6063.0s] epoch 21 step 168450 avg_loss=8.756
[6064.6s] epoch 21 step 168500 avg_loss=8.560
[6066.4s] epoch 21 step 168550 avg_loss=8.514
[6068.2s] epoch 21 step 168600 avg_loss=8.589
[6069.9s] epoch 21 step 168650 avg_loss=8.503
[6071.5s] epoch 21 step 168700 avg_loss=8.450
[6073.2s] epoch 21 step 168750 avg_loss=8.410
[6074.8s] epoch 21 step 168800 avg_loss=8.485
[6076.4s] epoch 21 step 168850 avg_loss=8.411
[6078.1s] epoch 21 step 168900 avg_loss=8.362
[6079.8s] epoch 21 step 168950 avg_loss=8.267
[6081.4s] epoch 21 step 169000 avg_loss=8.250
[6083.0s] epoch 21 step 169050 avg_loss=8.183
[6084.6s] epoch 21 step 169100 avg_loss=8.298
[6086.2s] epoch 21 step 169150 avg_loss=8.351
[6087.9s] epoch 21 step 169200 avg_loss=8.239
[6089.9s] epoch 21 step 169250 avg_loss=8.308
[6091.6s] epoch 21 step 169300 avg_loss=8.235
[6093.2s] epoch 21 step 169350 avg_loss=8.207
[6095.1s] epoch 21 step 169400 avg_loss=8.134
[6097.1s] epoch 21 step 169450 avg_loss=8.230
[6098.8s] epoch 21 step 169500 avg_loss=8.233
[6100.4s] epoch 21 step 169550 avg_loss=8.165
[6102.1s] epoch 21 step 169600 avg_loss=8.265
[6104.1s] epoch 21 step 169650 avg_loss=8.322
[6105.9s] epoch 21 step 169700 avg_loss=8.345
[6107.7s] epoch 21 step 169750 avg_loss=8.315
[6109.5s] epoch 21 step 169800 avg_loss=8.339
[6111.4s] epoch 21 step 169850 avg_loss=8.390
[6113.2s] epoch 21 step 169900 avg_loss=8.441
[6114.8s] epoch 21 step 169950 avg_loss=8.403
[6116.4s] epoch 21 step 170000 avg_loss=8.369
[6118.0s] epoch 21 step 170050 avg_loss=8.351
[6119.5s] epoch 21 step 170100 avg_loss=8.311
[6121.4s] epoch 21 step 170150 avg_loss=8.330
[6122.8s] epoch 21 step 170200 avg_loss=8.278
[6124.5s] epoch 21 step 170250 avg_loss=8.249
[6126.3s] epoch 21 step 170300 avg_loss=8.344
[6128.1s] epoch 21 step 170350 avg_loss=8.316
[6129.7s] epoch 21 step 170400 avg_loss=8.305
[6131.6s] epoch 21 step 170450 avg_loss=8.342
[6133.2s] epoch 21 step 170500 avg_loss=8.378
[6134.7s] epoch 21 step 170550 avg_loss=8.355
[6136.4s] epoch 21 step 170600 avg_loss=8.334
[6137.9s] epoch 21 step 170650 avg_loss=8.286
[6139.6s] epoch 21 step 170700 avg_loss=8.288
[6141.1s] epoch 21 step 170750 avg_loss=8.272
[6142.8s] epoch 21 step 170800 avg_loss=8.275
[6144.4s] epoch 21 step 170850 avg_loss=8.279
[6146.0s] epoch 21 step 170900 avg_loss=8.269
[6147.6s] epoch 21 step 170950 avg_loss=8.239
[6149.3s] epoch 21 step 171000 avg_loss=8.230
[6150.7s] epoch 21 step 171050 avg_loss=8.209
[6152.7s] epoch 21 step 171100 avg_loss=8.284
[6154.5s] epoch 21 step 171150 avg_loss=8.315
[6156.2s] epoch 21 step 171200 avg_loss=8.323
[6157.9s] epoch 21 step 171250 avg_loss=8.350
[6159.5s] epoch 21 step 171300 avg_loss=8.350
[6161.0s] epoch 21 step 171350 avg_loss=8.357
[6162.6s] epoch 21 step 171400 avg_loss=8.367
[6164.2s] epoch 21 step 171450 avg_loss=8.348
[6165.8s] epoch 21 step 171500 avg_loss=8.323
[6167.2s] epoch 21 step 171550 avg_loss=8.277
[6168.7s] epoch 21 step 171600 avg_loss=8.284
[6170.6s] epoch 21 step 171650 avg_loss=8.320
[6172.1s] epoch 21 step 171700 avg_loss=8.277
[6173.9s] epoch 21 step 171750 avg_loss=8.298
[6175.5s] epoch 21 step 171800 avg_loss=8.289
[6177.3s] epoch 21 step 171850 avg_loss=8.308
[6178.9s] epoch 21 step 171900 avg_loss=8.303
[6180.8s] epoch 21 step 171950 avg_loss=8.321
[6182.4s] epoch 21 step 172000 avg_loss=8.341
[6184.0s] epoch 21 step 172050 avg_loss=8.339
[6185.5s] epoch 21 step 172100 avg_loss=8.292
[6187.2s] epoch 21 step 172150 avg_loss=8.305
[6188.8s] epoch 21 step 172200 avg_loss=8.295
[6190.5s] epoch 21 step 172250 avg_loss=8.304
[6192.2s] epoch 21 step 172300 avg_loss=8.299
[6194.0s] epoch 21 step 172350 avg_loss=8.329
[6195.7s] epoch 21 step 172400 avg_loss=8.337
[6197.4s] epoch 21 step 172450 avg_loss=8.323
[6199.3s] epoch 21 step 172500 avg_loss=8.344
[6201.3s] epoch 21 step 172550 avg_loss=8.352
[6203.0s] epoch 21 step 172600 avg_loss=8.341
[6204.7s] epoch 21 step 172650 avg_loss=8.333
[6206.6s] epoch 21 step 172700 avg_loss=8.311
[6208.0s] epoch 21 step 172750 avg_loss=8.298
[6209.7s] epoch 21 step 172800 avg_loss=8.270
[6211.4s] epoch 21 step 172850 avg_loss=8.279
[6213.3s] epoch 21 step 172900 avg_loss=8.298
[6215.1s] epoch 21 step 172950 avg_loss=8.295
[6217.0s] epoch 21 step 173000 avg_loss=8.311
[6218.7s] epoch 21 step 173050 avg_loss=8.315
[6220.4s] epoch 21 step 173100 avg_loss=8.311
[6222.2s] epoch 21 step 173150 avg_loss=8.311
[6223.9s] epoch 21 step 173200 avg_loss=8.339
[6225.5s] epoch 21 step 173250 avg_loss=8.343
[6227.2s] epoch 21 step 173300 avg_loss=8.365
[6228.8s] epoch 21 step 173350 avg_loss=8.361
[6230.6s] epoch 21 step 173400 avg_loss=8.359
[6232.2s] epoch 21 step 173450 avg_loss=8.357
[6233.9s] epoch 21 step 173500 avg_loss=8.362
[6235.8s] epoch 21 step 173550 avg_loss=8.394
[6237.4s] epoch 21 step 173600 avg_loss=8.392
[6239.4s] epoch 21 step 173650 avg_loss=8.416
[6240.9s] epoch 21 step 173700 avg_loss=8.408
[6242.3s] epoch 21 step 173750 avg_loss=8.392
[6243.9s] epoch 21 step 173800 avg_loss=8.388
[6245.4s] epoch 21 step 173850 avg_loss=8.371
[6247.0s] epoch 21 step 173900 avg_loss=8.377
[6248.5s] epoch 21 step 173950 avg_loss=8.350
[6250.2s] epoch 21 step 174000 avg_loss=8.339
[6251.8s] epoch 21 step 174050 avg_loss=8.338
[6253.5s] epoch 21 step 174100 avg_loss=8.358
[6255.0s] epoch 21 step 174150 avg_loss=8.341
[6256.8s] epoch 21 step 174200 avg_loss=8.357
[6258.7s] epoch 21 step 174250 avg_loss=8.393
[6260.4s] epoch 21 step 174300 avg_loss=8.400
[6261.7s] epoch 21 step 174350 avg_loss=8.391
[6263.4s] epoch 21 step 174400 avg_loss=8.418
[6265.2s] epoch 21 step 174450 avg_loss=8.434
[6266.8s] epoch 21 step 174500 avg_loss=8.454
[6268.2s] epoch 21 step 174550 avg_loss=8.438
[6269.9s] epoch 21 step 174600 avg_loss=8.447
[6271.6s] epoch 21 step 174650 avg_loss=8.458
[6273.3s] epoch 21 step 174700 avg_loss=8.467
[6275.1s] epoch 21 step 174750 avg_loss=8.462
[6276.5s] epoch 21 step 174800 avg_loss=8.445
[6278.3s] epoch 21 step 174850 avg_loss=8.448
[6280.1s] epoch 21 step 174900 avg_loss=8.455
[6281.9s] epoch 21 step 174950 avg_loss=8.471
[6283.9s] epoch 21 step 175000 avg_loss=8.465
[6285.5s] epoch 21 step 175050 avg_loss=8.463
[6287.2s] epoch 21 step 175100 avg_loss=8.475
[6288.9s] epoch 21 step 175150 avg_loss=8.475
[6290.9s] epoch 21 step 175200 avg_loss=8.475
[6292.6s] epoch 21 step 175250 avg_loss=8.458
[6294.4s] epoch 21 step 175300 avg_loss=8.457
[6296.8s] eval step=5500 train_avg_loss=8.454 dev_rank1_f1=0.5135 dev_edge_p=0.5204 dev_edge_r=0.5068
[6297.5s] epoch 21 step 175350 avg_loss=8.442
[6298.9s] epoch 21 step 175400 avg_loss=8.436
[6300.6s] epoch 21 step 175450 avg_loss=8.433
[6302.3s] epoch 21 step 175500 avg_loss=8.422
[6304.2s] epoch 21 step 175550 avg_loss=8.447
[6305.8s] epoch 21 step 175600 avg_loss=8.448
[6307.6s] epoch 21 step 175650 avg_loss=8.455
[6309.4s] epoch 21 step 175700 avg_loss=8.461
[6311.0s] epoch 21 step 175750 avg_loss=8.472
[6312.6s] epoch 21 step 175800 avg_loss=8.486
[6314.2s] epoch 21 step 175850 avg_loss=8.476
[6315.7s] epoch 21 step 175900 avg_loss=8.465
[6317.3s] epoch 21 step 175950 avg_loss=8.456
[6319.0s] epoch 21 step 176000 avg_loss=8.481
[6319.0s] === epoch 21 done: avg_loss=8.481 (n=8000 derivations) ===
[6321.1s] epoch 22 step 176050 avg_loss=7.112
[6322.7s] epoch 22 step 176100 avg_loss=6.792
[6324.3s] epoch 22 step 176150 avg_loss=6.706
[6326.1s] epoch 22 step 176200 avg_loss=7.118
[6328.0s] epoch 22 step 176250 avg_loss=7.724
[6329.9s] epoch 22 step 176300 avg_loss=8.131
[6331.6s] epoch 22 step 176350 avg_loss=8.011
[6333.1s] epoch 22 step 176400 avg_loss=7.829
[6334.8s] epoch 22 step 176450 avg_loss=7.889
[6336.5s] epoch 22 step 176500 avg_loss=7.684
[6338.2s] epoch 22 step 176550 avg_loss=7.622
[6339.7s] epoch 22 step 176600 avg_loss=7.596
[6341.3s] epoch 22 step 176650 avg_loss=7.559
[6343.2s] epoch 22 step 176700 avg_loss=7.776
[6345.1s] epoch 22 step 176750 avg_loss=7.904
[6346.8s] epoch 22 step 176800 avg_loss=7.837
[6348.7s] epoch 22 step 176850 avg_loss=7.865
[6350.5s] epoch 22 step 176900 avg_loss=7.934
[6352.1s] epoch 22 step 176950 avg_loss=7.893
[6353.6s] epoch 22 step 177000 avg_loss=7.917
[6355.3s] epoch 22 step 177050 avg_loss=7.874
[6356.9s] epoch 22 step 177100 avg_loss=7.955
[6358.3s] epoch 22 step 177150 avg_loss=7.857
[6360.5s] epoch 22 step 177200 avg_loss=7.952
[6362.4s] epoch 22 step 177250 avg_loss=7.965
[6364.3s] epoch 22 step 177300 avg_loss=8.015
[6365.9s] epoch 22 step 177350 avg_loss=7.991
[6367.5s] epoch 22 step 177400 avg_loss=8.007
[6369.2s] epoch 22 step 177450 avg_loss=7.948
[6370.7s] epoch 22 step 177500 avg_loss=7.857
[6372.3s] epoch 22 step 177550 avg_loss=7.967
[6373.9s] epoch 22 step 177600 avg_loss=7.956
[6375.3s] epoch 22 step 177650 avg_loss=7.905
[6376.6s] epoch 22 step 177700 avg_loss=7.781
[6378.2s] epoch 22 step 177750 avg_loss=7.754
[6379.7s] epoch 22 step 177800 avg_loss=7.755
[6381.7s] epoch 22 step 177850 avg_loss=7.936
[6383.3s] epoch 22 step 177900 avg_loss=7.860
[6384.8s] epoch 22 step 177950 avg_loss=7.884
[6386.5s] epoch 22 step 178000 avg_loss=7.922
[6388.1s] epoch 22 step 178050 avg_loss=7.919
[6389.5s] epoch 22 step 178100 avg_loss=7.880
[6391.1s] epoch 22 step 178150 avg_loss=7.867
[6392.8s] epoch 22 step 178200 avg_loss=7.882
[6394.5s] epoch 22 step 178250 avg_loss=7.903
[6396.4s] epoch 22 step 178300 avg_loss=7.963
[6398.2s] epoch 22 step 178350 avg_loss=7.947
[6400.2s] epoch 22 step 178400 avg_loss=7.941
[6402.3s] epoch 22 step 178450 avg_loss=8.030
[6404.4s] epoch 22 step 178500 avg_loss=8.041
[6406.0s] epoch 22 step 178550 avg_loss=8.021
[6407.9s] epoch 22 step 178600 avg_loss=8.050
[6409.5s] epoch 22 step 178650 avg_loss=8.053
[6411.1s] epoch 22 step 178700 avg_loss=8.040
[6412.9s] epoch 22 step 178750 avg_loss=8.047
[6414.7s] epoch 22 step 178800 avg_loss=8.019
[6416.2s] epoch 22 step 178850 avg_loss=7.997
[6417.8s] epoch 22 step 178900 avg_loss=8.001
[6419.5s] epoch 22 step 178950 avg_loss=7.983
[6421.1s] epoch 22 step 179000 avg_loss=7.964
[6423.0s] epoch 22 step 179050 avg_loss=8.002
[6424.7s] epoch 22 step 179100 avg_loss=8.021
[6426.5s] epoch 22 step 179150 avg_loss=8.015
[6428.0s] epoch 22 step 179200 avg_loss=8.008
[6429.8s] epoch 22 step 179250 avg_loss=8.032
[6431.7s] epoch 22 step 179300 avg_loss=8.040
[6433.5s] epoch 22 step 179350 avg_loss=8.056
[6435.1s] epoch 22 step 179400 avg_loss=8.058
[6436.8s] epoch 22 step 179450 avg_loss=8.039
[6438.5s] epoch 22 step 179500 avg_loss=8.062
[6440.0s] epoch 22 step 179550 avg_loss=8.035
[6441.8s] epoch 22 step 179600 avg_loss=8.042
[6443.4s] epoch 22 step 179650 avg_loss=8.026
[6445.0s] epoch 22 step 179700 avg_loss=8.020
[6446.5s] epoch 22 step 179750 avg_loss=7.980
[6448.1s] epoch 22 step 179800 avg_loss=8.006
[6449.9s] epoch 22 step 179850 avg_loss=8.007
[6451.6s] epoch 22 step 179900 avg_loss=7.969
[6453.5s] epoch 22 step 179950 avg_loss=7.978
[6455.1s] epoch 22 step 180000 avg_loss=7.963
[6456.9s] epoch 22 step 180050 avg_loss=7.974
[6458.7s] epoch 22 step 180100 avg_loss=7.993
[6460.2s] epoch 22 step 180150 avg_loss=8.006
[6461.8s] epoch 22 step 180200 avg_loss=7.998
[6463.3s] epoch 22 step 180250 avg_loss=7.982
[6465.0s] epoch 22 step 180300 avg_loss=8.019
[6466.6s] epoch 22 step 180350 avg_loss=8.033
[6468.3s] epoch 22 step 180400 avg_loss=8.047
[6470.1s] epoch 22 step 180450 avg_loss=8.029
[6471.7s] epoch 22 step 180500 avg_loss=8.019
[6473.5s] epoch 22 step 180550 avg_loss=8.015
[6475.3s] epoch 22 step 180600 avg_loss=8.024
[6477.2s] epoch 22 step 180650 avg_loss=8.033
[6478.9s] epoch 22 step 180700 avg_loss=8.021
[6480.5s] epoch 22 step 180750 avg_loss=8.011
[6482.2s] epoch 22 step 180800 avg_loss=8.026
[6484.0s] epoch 22 step 180850 avg_loss=8.026
[6485.9s] epoch 22 step 180900 avg_loss=8.051
[6487.3s] epoch 22 step 180950 avg_loss=8.028
[6489.0s] epoch 22 step 181000 avg_loss=8.025
[6490.7s] epoch 22 step 181050 avg_loss=8.025
[6492.5s] epoch 22 step 181100 avg_loss=8.047
[6494.2s] epoch 22 step 181150 avg_loss=8.044
[6496.0s] epoch 22 step 181200 avg_loss=8.056
[6497.7s] epoch 22 step 181250 avg_loss=8.066
[6499.6s] epoch 22 step 181300 avg_loss=8.053
[6501.3s] epoch 22 step 181350 avg_loss=8.042
[6503.1s] epoch 22 step 181400 avg_loss=8.050
[6504.7s] epoch 22 step 181450 avg_loss=8.059
[6506.4s] epoch 22 step 181500 avg_loss=8.053
[6508.4s] epoch 22 step 181550 avg_loss=8.090
[6509.9s] epoch 22 step 181600 avg_loss=8.084
[6511.5s] epoch 22 step 181650 avg_loss=8.086
[6513.1s] epoch 22 step 181700 avg_loss=8.074
[6514.6s] epoch 22 step 181750 avg_loss=8.075
[6516.3s] epoch 22 step 181800 avg_loss=8.054
[6517.9s] epoch 22 step 181850 avg_loss=8.044
[6519.6s] epoch 22 step 181900 avg_loss=8.039
[6521.4s] epoch 22 step 181950 avg_loss=8.045
[6523.2s] epoch 22 step 182000 avg_loss=8.038
[6525.1s] epoch 22 step 182050 avg_loss=8.055
[6527.0s] epoch 22 step 182100 avg_loss=8.078
[6528.8s] epoch 22 step 182150 avg_loss=8.093
[6530.6s] epoch 22 step 182200 avg_loss=8.095
[6532.4s] epoch 22 step 182250 avg_loss=8.107
[6533.9s] epoch 22 step 182300 avg_loss=8.110
[6535.6s] epoch 22 step 182350 avg_loss=8.106
[6537.2s] epoch 22 step 182400 avg_loss=8.109
[6538.9s] epoch 22 step 182450 avg_loss=8.106
[6540.7s] epoch 22 step 182500 avg_loss=8.101
[6542.2s] epoch 22 step 182550 avg_loss=8.100
[6544.0s] epoch 22 step 182600 avg_loss=8.118
[6545.7s] epoch 22 step 182650 avg_loss=8.100
[6547.7s] epoch 22 step 182700 avg_loss=8.129
[6549.4s] epoch 22 step 182750 avg_loss=8.119
[6550.9s] epoch 22 step 182800 avg_loss=8.119
[6552.5s] epoch 22 step 182850 avg_loss=8.121
[6554.2s] epoch 22 step 182900 avg_loss=8.119
[6555.8s] epoch 22 step 182950 avg_loss=8.113
[6557.4s] epoch 22 step 183000 avg_loss=8.123
[6559.2s] epoch 22 step 183050 avg_loss=8.134
[6561.1s] epoch 22 step 183100 avg_loss=8.125
[6562.7s] epoch 22 step 183150 avg_loss=8.136
[6564.4s] epoch 22 step 183200 avg_loss=8.148
[6566.1s] epoch 22 step 183250 avg_loss=8.146
[6569.3s] eval step=5750 train_avg_loss=8.134 dev_rank1_f1=0.4952 dev_edge_p=0.4709 dev_edge_r=0.5221
[6569.5s] epoch 22 step 183300 avg_loss=8.131
[6571.1s] epoch 22 step 183350 avg_loss=8.116
[6572.8s] epoch 22 step 183400 avg_loss=8.108
[6574.4s] epoch 22 step 183450 avg_loss=8.105
[6576.3s] epoch 22 step 183500 avg_loss=8.141
[6578.3s] epoch 22 step 183550 avg_loss=8.151
[6580.1s] epoch 22 step 183600 avg_loss=8.159
[6581.9s] epoch 22 step 183650 avg_loss=8.181
[6583.6s] epoch 22 step 183700 avg_loss=8.182
[6585.2s] epoch 22 step 183750 avg_loss=8.182
[6587.0s] epoch 22 step 183800 avg_loss=8.177
[6588.6s] epoch 22 step 183850 avg_loss=8.180
[6590.4s] epoch 22 step 183900 avg_loss=8.176
[6592.0s] epoch 22 step 183950 avg_loss=8.183
[6593.9s] epoch 22 step 184000 avg_loss=8.177
[6593.9s] === epoch 22 done: avg_loss=8.177 (n=8000 derivations) ===
[6595.4s] epoch 23 step 184050 avg_loss=6.690
[6596.9s] epoch 23 step 184100 avg_loss=7.686
[6598.7s] epoch 23 step 184150 avg_loss=7.678
[6600.3s] epoch 23 step 184200 avg_loss=7.605
[6602.0s] epoch 23 step 184250 avg_loss=7.757
[6603.4s] epoch 23 step 184300 avg_loss=7.345
[6605.1s] epoch 23 step 184350 avg_loss=7.415
[6606.7s] epoch 23 step 184400 avg_loss=7.239
[6608.3s] epoch 23 step 184450 avg_loss=7.442
[6610.1s] epoch 23 step 184500 avg_loss=7.460
[6611.7s] epoch 23 step 184550 avg_loss=7.608
[6613.5s] epoch 23 step 184600 avg_loss=7.460
[6615.0s] epoch 23 step 184650 avg_loss=7.395
[6616.7s] epoch 23 step 184700 avg_loss=7.438
[6618.5s] epoch 23 step 184750 avg_loss=7.575
[6620.0s] epoch 23 step 184800 avg_loss=7.476
[6621.9s] epoch 23 step 184850 avg_loss=7.602
[6623.5s] epoch 23 step 184900 avg_loss=7.505
[6625.0s] epoch 23 step 184950 avg_loss=7.394
[6626.9s] epoch 23 step 185000 avg_loss=7.469
[6628.6s] epoch 23 step 185050 avg_loss=7.559
[6630.3s] epoch 23 step 185100 avg_loss=7.673
[6631.9s] epoch 23 step 185150 avg_loss=7.646
[6633.6s] epoch 23 step 185200 avg_loss=7.657
[6635.2s] epoch 23 step 185250 avg_loss=7.798
[6637.0s] epoch 23 step 185300 avg_loss=7.793
[6638.6s] epoch 23 step 185350 avg_loss=7.692
[6640.1s] epoch 23 step 185400 avg_loss=7.574
[6641.6s] epoch 23 step 185450 avg_loss=7.530
[6643.2s] epoch 23 step 185500 avg_loss=7.559
[6644.8s] epoch 23 step 185550 avg_loss=7.542
[6646.5s] epoch 23 step 185600 avg_loss=7.629
[6648.1s] epoch 23 step 185650 avg_loss=7.585
[6649.5s] epoch 23 step 185700 avg_loss=7.573
[6651.4s] epoch 23 step 185750 avg_loss=7.548
[6653.0s] epoch 23 step 185800 avg_loss=7.578
[6654.7s] epoch 23 step 185850 avg_loss=7.530
[6656.2s] epoch 23 step 185900 avg_loss=7.513
[6658.0s] epoch 23 step 185950 avg_loss=7.543
[6659.5s] epoch 23 step 186000 avg_loss=7.495
[6661.0s] epoch 23 step 186050 avg_loss=7.451
[6662.7s] epoch 23 step 186100 avg_loss=7.507
[6664.3s] epoch 23 step 186150 avg_loss=7.513
[6665.9s] epoch 23 step 186200 avg_loss=7.496
[6667.5s] epoch 23 step 186250 avg_loss=7.511
[6669.2s] epoch 23 step 186300 avg_loss=7.584
[6670.9s] epoch 23 step 186350 avg_loss=7.586
[6672.4s] epoch 23 step 186400 avg_loss=7.576
[6674.0s] epoch 23 step 186450 avg_loss=7.548
[6675.7s] epoch 23 step 186500 avg_loss=7.581
[6677.2s] epoch 23 step 186550 avg_loss=7.583
[6678.8s] epoch 23 step 186600 avg_loss=7.604
[6680.5s] epoch 23 step 186650 avg_loss=7.650
[6682.0s] epoch 23 step 186700 avg_loss=7.620
[6683.6s] epoch 23 step 186750 avg_loss=7.595
[6685.1s] epoch 23 step 186800 avg_loss=7.558
[6686.8s] epoch 23 step 186850 avg_loss=7.547
[6688.5s] epoch 23 step 186900 avg_loss=7.567
[6690.2s] epoch 23 step 186950 avg_loss=7.577
[6691.9s] epoch 23 step 187000 avg_loss=7.559
[6693.6s] epoch 23 step 187050 avg_loss=7.540
[6695.3s] epoch 23 step 187100 avg_loss=7.530
[6697.0s] epoch 23 step 187150 avg_loss=7.578
[6698.9s] epoch 23 step 187200 avg_loss=7.575
[6700.9s] epoch 23 step 187250 avg_loss=7.612
[6702.7s] epoch 23 step 187300 avg_loss=7.630
[6704.5s] epoch 23 step 187350 avg_loss=7.622
[6706.4s] epoch 23 step 187400 avg_loss=7.653
[6708.0s] epoch 23 step 187450 avg_loss=7.641
[6709.8s] epoch 23 step 187500 avg_loss=7.669
[6711.7s] epoch 23 step 187550 avg_loss=7.711
[6713.5s] epoch 23 step 187600 avg_loss=7.707
[6715.3s] epoch 23 step 187650 avg_loss=7.728
[6717.0s] epoch 23 step 187700 avg_loss=7.722
[6718.8s] epoch 23 step 187750 avg_loss=7.708
[6720.4s] epoch 23 step 187800 avg_loss=7.720
[6722.0s] epoch 23 step 187850 avg_loss=7.685
[6723.8s] epoch 23 step 187900 avg_loss=7.704
[6725.4s] epoch 23 step 187950 avg_loss=7.692
[6726.7s] epoch 23 step 188000 avg_loss=7.659
[6728.3s] epoch 23 step 188050 avg_loss=7.653
[6729.8s] epoch 23 step 188100 avg_loss=7.663
[6731.5s] epoch 23 step 188150 avg_loss=7.675
[6733.2s] epoch 23 step 188200 avg_loss=7.660
[6735.0s] epoch 23 step 188250 avg_loss=7.659
[6736.6s] epoch 23 step 188300 avg_loss=7.655
[6738.2s] epoch 23 step 188350 avg_loss=7.651
[6740.2s] epoch 23 step 188400 avg_loss=7.634
[6742.2s] epoch 23 step 188450 avg_loss=7.648
[6743.9s] epoch 23 step 188500 avg_loss=7.633
[6745.4s] epoch 23 step 188550 avg_loss=7.640
[6747.0s] epoch 23 step 188600 avg_loss=7.602
[6748.9s] epoch 23 step 188650 avg_loss=7.602
[6750.7s] epoch 23 step 188700 avg_loss=7.604
[6752.4s] epoch 23 step 188750 avg_loss=7.607
[6754.0s] epoch 23 step 188800 avg_loss=7.597
[6755.8s] epoch 23 step 188850 avg_loss=7.565
[6757.4s] epoch 23 step 188900 avg_loss=7.566
[6759.0s] epoch 23 step 188950 avg_loss=7.544
[6760.8s] epoch 23 step 189000 avg_loss=7.540
[6762.6s] epoch 23 step 189050 avg_loss=7.577
[6764.4s] epoch 23 step 189100 avg_loss=7.579
[6766.1s] epoch 23 step 189150 avg_loss=7.586
[6767.8s] epoch 23 step 189200 avg_loss=7.576
[6769.5s] epoch 23 step 189250 avg_loss=7.608
[6771.0s] epoch 23 step 189300 avg_loss=7.591
[6772.9s] epoch 23 step 189350 avg_loss=7.611
[6774.7s] epoch 23 step 189400 avg_loss=7.618
[6776.4s] epoch 23 step 189450 avg_loss=7.617
[6778.2s] epoch 23 step 189500 avg_loss=7.638
[6779.9s] epoch 23 step 189550 avg_loss=7.645
[6781.8s] epoch 23 step 189600 avg_loss=7.668
[6783.8s] epoch 23 step 189650 avg_loss=7.707
[6785.6s] epoch 23 step 189700 avg_loss=7.734
[6787.5s] epoch 23 step 189750 avg_loss=7.758
[6789.2s] epoch 23 step 189800 avg_loss=7.757
[6790.8s] epoch 23 step 189850 avg_loss=7.756
[6792.7s] epoch 23 step 189900 avg_loss=7.763
[6794.4s] epoch 23 step 189950 avg_loss=7.765
[6796.0s] epoch 23 step 190000 avg_loss=7.771
[6797.7s] epoch 23 step 190050 avg_loss=7.790
[6799.6s] epoch 23 step 190100 avg_loss=7.819
[6801.2s] epoch 23 step 190150 avg_loss=7.823
[6802.8s] epoch 23 step 190200 avg_loss=7.816
[6804.4s] epoch 23 step 190250 avg_loss=7.817
[6806.2s] epoch 23 step 190300 avg_loss=7.825
[6807.8s] epoch 23 step 190350 avg_loss=7.817
[6809.4s] epoch 23 step 190400 avg_loss=7.813
[6811.3s] epoch 23 step 190450 avg_loss=7.854
[6812.9s] epoch 23 step 190500 avg_loss=7.854
[6814.6s] epoch 23 step 190550 avg_loss=7.851
[6816.6s] epoch 23 step 190600 avg_loss=7.870
[6818.2s] epoch 23 step 190650 avg_loss=7.852
[6820.0s] epoch 23 step 190700 avg_loss=7.848
[6821.9s] epoch 23 step 190750 avg_loss=7.862
[6823.6s] epoch 23 step 190800 avg_loss=7.867
[6825.2s] epoch 23 step 190850 avg_loss=7.878
[6827.0s] epoch 23 step 190900 avg_loss=7.900
[6828.5s] epoch 23 step 190950 avg_loss=7.900
[6830.3s] epoch 23 step 191000 avg_loss=7.909
[6831.9s] epoch 23 step 191050 avg_loss=7.906
[6833.6s] epoch 23 step 191100 avg_loss=7.917
[6834.9s] epoch 23 step 191150 avg_loss=7.904
[6836.7s] epoch 23 step 191200 avg_loss=7.925
[6838.4s] epoch 23 step 191250 avg_loss=7.928
[6840.6s] eval step=6000 train_avg_loss=7.937 dev_rank1_f1=0.4948 dev_edge_p=0.4902 dev_edge_r=0.4995
[6842.0s] epoch 23 step 191300 avg_loss=7.937
[6843.7s] epoch 23 step 191350 avg_loss=7.932
[6845.2s] epoch 23 step 191400 avg_loss=7.925
[6847.0s] epoch 23 step 191450 avg_loss=7.909
[6848.8s] epoch 23 step 191500 avg_loss=7.914
[6850.6s] epoch 23 step 191550 avg_loss=7.924
[6852.1s] epoch 23 step 191600 avg_loss=7.917
[6853.9s] epoch 23 step 191650 avg_loss=7.915
[6855.6s] epoch 23 step 191700 avg_loss=7.906
[6857.3s] epoch 23 step 191750 avg_loss=7.917
[6858.9s] epoch 23 step 191800 avg_loss=7.901
[6860.7s] epoch 23 step 191850 avg_loss=7.913
[6862.4s] epoch 23 step 191900 avg_loss=7.910
[6863.8s] epoch 23 step 191950 avg_loss=7.908
[6865.5s] epoch 23 step 192000 avg_loss=7.917
[6865.5s] === epoch 23 done: avg_loss=7.917 (n=8000 derivations) ===
[6867.2s] epoch 24 step 192050 avg_loss=6.086
[6868.9s] epoch 24 step 192100 avg_loss=7.534
[6870.5s] epoch 24 step 192150 avg_loss=7.399
[6872.3s] epoch 24 step 192200 avg_loss=7.589
[6874.1s] epoch 24 step 192250 avg_loss=7.241
[6875.9s] epoch 24 step 192300 avg_loss=7.348
[6877.7s] epoch 24 step 192350 avg_loss=7.197
[6879.8s] epoch 24 step 192400 avg_loss=7.310
[6881.6s] epoch 24 step 192450 avg_loss=7.276
[6883.3s] epoch 24 step 192500 avg_loss=7.356
[6884.8s] epoch 24 step 192550 avg_loss=7.049
[6886.4s] epoch 24 step 192600 avg_loss=7.260
[6888.1s] epoch 24 step 192650 avg_loss=7.343
[6889.6s] epoch 24 step 192700 avg_loss=7.263
[6891.3s] epoch 24 step 192750 avg_loss=7.300
[6893.1s] epoch 24 step 192800 avg_loss=7.375
[6894.7s] epoch 24 step 192850 avg_loss=7.275
[6896.4s] epoch 24 step 192900 avg_loss=7.273
[6898.1s] epoch 24 step 192950 avg_loss=7.338
[6899.9s] epoch 24 step 193000 avg_loss=7.390
[6901.4s] epoch 24 step 193050 avg_loss=7.304
[6903.1s] epoch 24 step 193100 avg_loss=7.367
[6904.7s] epoch 24 step 193150 avg_loss=7.294
[6906.3s] epoch 24 step 193200 avg_loss=7.234
[6907.8s] epoch 24 step 193250 avg_loss=7.216
[6909.7s] epoch 24 step 193300 avg_loss=7.270
[6911.8s] epoch 24 step 193350 avg_loss=7.278
[6913.5s] epoch 24 step 193400 avg_loss=7.243
[6915.1s] epoch 24 step 193450 avg_loss=7.258
[6916.9s] epoch 24 step 193500 avg_loss=7.357
[6918.6s] epoch 24 step 193550 avg_loss=7.326
[6920.3s] epoch 24 step 193600 avg_loss=7.304
[6922.0s] epoch 24 step 193650 avg_loss=7.317
[6923.8s] epoch 24 step 193700 avg_loss=7.314
[6925.5s] epoch 24 step 193750 avg_loss=7.314
[6927.1s] epoch 24 step 193800 avg_loss=7.272
[6929.0s] epoch 24 step 193850 avg_loss=7.293
[6930.6s] epoch 24 step 193900 avg_loss=7.314
[6932.4s] epoch 24 step 193950 avg_loss=7.313
[6934.2s] epoch 24 step 194000 avg_loss=7.305
[6935.8s] epoch 24 step 194050 avg_loss=7.275
[6937.8s] epoch 24 step 194100 avg_loss=7.294
[6939.7s] epoch 24 step 194150 avg_loss=7.367
[6941.4s] epoch 24 step 194200 avg_loss=7.403
[6943.2s] epoch 24 step 194250 avg_loss=7.415
[6945.0s] epoch 24 step 194300 avg_loss=7.424
[6946.7s] epoch 24 step 194350 avg_loss=7.433
[6948.2s] epoch 24 step 194400 avg_loss=7.410
[6949.9s] epoch 24 step 194450 avg_loss=7.407
[6951.5s] epoch 24 step 194500 avg_loss=7.435
[6953.4s] epoch 24 step 194550 avg_loss=7.444
[6955.3s] epoch 24 step 194600 avg_loss=7.494
[6957.0s] epoch 24 step 194650 avg_loss=7.479
[6959.0s] epoch 24 step 194700 avg_loss=7.509
[6960.6s] epoch 24 step 194750 avg_loss=7.481
[6962.2s] epoch 24 step 194800 avg_loss=7.506
[6963.9s] epoch 24 step 194850 avg_loss=7.498
[6965.7s] epoch 24 step 194900 avg_loss=7.532
[6967.4s] epoch 24 step 194950 avg_loss=7.507
[6968.9s] epoch 24 step 195000 avg_loss=7.469
[6970.4s] epoch 24 step 195050 avg_loss=7.449
[6972.1s] epoch 24 step 195100 avg_loss=7.459
[6973.7s] epoch 24 step 195150 avg_loss=7.442
[6975.5s] epoch 24 step 195200 avg_loss=7.494
[6977.3s] epoch 24 step 195250 avg_loss=7.520
[6979.1s] epoch 24 step 195300 avg_loss=7.558
[6980.9s] epoch 24 step 195350 avg_loss=7.555
[6982.7s] epoch 24 step 195400 avg_loss=7.562
[6984.6s] epoch 24 step 195450 avg_loss=7.569
[6986.2s] epoch 24 step 195500 avg_loss=7.565
[6988.0s] epoch 24 step 195550 avg_loss=7.597
[6989.7s] epoch 24 step 195600 avg_loss=7.603
[6991.5s] epoch 24 step 195650 avg_loss=7.606
[6993.2s] epoch 24 step 195700 avg_loss=7.599
[6994.8s] epoch 24 step 195750 avg_loss=7.585
[6996.5s] epoch 24 step 195800 avg_loss=7.553
[6998.1s] epoch 24 step 195850 avg_loss=7.548
[6999.9s] epoch 24 step 195900 avg_loss=7.565
[7001.7s] epoch 24 step 195950 avg_loss=7.573
[7003.4s] epoch 24 step 196000 avg_loss=7.568
[7005.1s] epoch 24 step 196050 avg_loss=7.593
[7006.8s] epoch 24 step 196100 avg_loss=7.592
[7008.5s] epoch 24 step 196150 avg_loss=7.611
[7010.0s] epoch 24 step 196200 avg_loss=7.562
[7011.8s] epoch 24 step 196250 avg_loss=7.608
[7013.2s] epoch 24 step 196300 avg_loss=7.592
[7014.7s] epoch 24 step 196350 avg_loss=7.586
[7016.1s] epoch 24 step 196400 avg_loss=7.570
[7017.7s] epoch 24 step 196450 avg_loss=7.542
[7019.2s] epoch 24 step 196500 avg_loss=7.538
[7021.2s] epoch 24 step 196550 avg_loss=7.562
[7022.9s] epoch 24 step 196600 avg_loss=7.573
[7024.3s] epoch 24 step 196650 avg_loss=7.563
[7026.2s] epoch 24 step 196700 avg_loss=7.587
[7027.9s] epoch 24 step 196750 avg_loss=7.590
[7029.6s] epoch 24 step 196800 avg_loss=7.593
[7031.2s] epoch 24 step 196850 avg_loss=7.592
[7032.7s] epoch 24 step 196900 avg_loss=7.578
[7034.4s] epoch 24 step 196950 avg_loss=7.611
[7036.1s] epoch 24 step 197000 avg_loss=7.635
[7037.9s] epoch 24 step 197050 avg_loss=7.644
[7039.4s] epoch 24 step 197100 avg_loss=7.624
[7041.0s] epoch 24 step 197150 avg_loss=7.623
[7042.8s] epoch 24 step 197200 avg_loss=7.636
[7044.6s] epoch 24 step 197250 avg_loss=7.654
[7046.1s] epoch 24 step 197300 avg_loss=7.641
[7047.7s] epoch 24 step 197350 avg_loss=7.622
[7049.3s] epoch 24 step 197400 avg_loss=7.619
[7050.6s] epoch 24 step 197450 avg_loss=7.617
[7052.2s] epoch 24 step 197500 avg_loss=7.610
[7054.0s] epoch 24 step 197550 avg_loss=7.628
[7055.7s] epoch 24 step 197600 avg_loss=7.630
[7057.3s] epoch 24 step 197650 avg_loss=7.636
[7058.8s] epoch 24 step 197700 avg_loss=7.609
[7060.5s] epoch 24 step 197750 avg_loss=7.599
[7062.4s] epoch 24 step 197800 avg_loss=7.590
[7064.2s] epoch 24 step 197850 avg_loss=7.589
[7066.2s] epoch 24 step 197900 avg_loss=7.578
[7068.2s] epoch 24 step 197950 avg_loss=7.587
[7070.0s] epoch 24 step 198000 avg_loss=7.588
[7071.6s] epoch 24 step 198050 avg_loss=7.580
[7073.2s] epoch 24 step 198100 avg_loss=7.568
[7074.9s] epoch 24 step 198150 avg_loss=7.577
[7076.6s] epoch 24 step 198200 avg_loss=7.604
[7078.5s] epoch 24 step 198250 avg_loss=7.621
[7080.4s] epoch 24 step 198300 avg_loss=7.633
[7082.0s] epoch 24 step 198350 avg_loss=7.627
[7083.7s] epoch 24 step 198400 avg_loss=7.611
[7085.1s] epoch 24 step 198450 avg_loss=7.579
[7086.7s] epoch 24 step 198500 avg_loss=7.556
[7088.5s] epoch 24 step 198550 avg_loss=7.554
[7090.3s] epoch 24 step 198600 avg_loss=7.573
[7092.0s] epoch 24 step 198650 avg_loss=7.564
[7093.8s] epoch 24 step 198700 avg_loss=7.561
[7095.4s] epoch 24 step 198750 avg_loss=7.559
[7097.1s] epoch 24 step 198800 avg_loss=7.552
[7098.8s] epoch 24 step 198850 avg_loss=7.553
[7100.6s] epoch 24 step 198900 avg_loss=7.560
[7102.3s] epoch 24 step 198950 avg_loss=7.580
[7104.0s] epoch 24 step 199000 avg_loss=7.583
[7105.7s] epoch 24 step 199050 avg_loss=7.590
[7107.5s] epoch 24 step 199100 avg_loss=7.603
[7109.1s] epoch 24 step 199150 avg_loss=7.605
[7110.6s] epoch 24 step 199200 avg_loss=7.588
[7113.2s] eval step=6250 train_avg_loss=7.588 dev_rank1_f1=0.4817 dev_edge_p=0.4768 dev_edge_r=0.4867
[7113.7s] epoch 24 step 199250 avg_loss=7.579
[7115.1s] epoch 24 step 199300 avg_loss=7.563
[7116.6s] epoch 24 step 199350 avg_loss=7.573
[7118.3s] epoch 24 step 199400 avg_loss=7.570
[7120.0s] epoch 24 step 199450 avg_loss=7.565
[7121.9s] epoch 24 step 199500 avg_loss=7.583
[7123.8s] epoch 24 step 199550 avg_loss=7.594
[7125.6s] epoch 24 step 199600 avg_loss=7.614
[7127.2s] epoch 24 step 199650 avg_loss=7.612
[7128.9s] epoch 24 step 199700 avg_loss=7.614
[7130.4s] epoch 24 step 199750 avg_loss=7.605
[7132.1s] epoch 24 step 199800 avg_loss=7.610
[7133.8s] epoch 24 step 199850 avg_loss=7.613
[7135.5s] epoch 24 step 199900 avg_loss=7.624
[7137.1s] epoch 24 step 199950 avg_loss=7.629
[7138.9s] epoch 24 step 200000 avg_loss=7.634
[7138.9s] === epoch 24 done: avg_loss=7.634 (n=8000 derivations) ===
[7140.6s] epoch 25 step 200050 avg_loss=7.728
[7142.2s] epoch 25 step 200100 avg_loss=6.915
[7143.8s] epoch 25 step 200150 avg_loss=6.085
[7145.4s] epoch 25 step 200200 avg_loss=6.678
[7147.0s] epoch 25 step 200250 avg_loss=6.950
[7148.8s] epoch 25 step 200300 avg_loss=6.950
[7150.6s] epoch 25 step 200350 avg_loss=7.064
[7152.2s] epoch 25 step 200400 avg_loss=6.819
[7153.9s] epoch 25 step 200450 avg_loss=6.798
[7155.5s] epoch 25 step 200500 avg_loss=6.830
[7157.0s] epoch 25 step 200550 avg_loss=6.700
[7158.6s] epoch 25 step 200600 avg_loss=6.753
[7160.0s] epoch 25 step 200650 avg_loss=6.703
[7161.4s] epoch 25 step 200700 avg_loss=6.567
[7163.0s] epoch 25 step 200750 avg_loss=6.595
[7164.8s] epoch 25 step 200800 avg_loss=6.649
[7166.3s] epoch 25 step 200850 avg_loss=6.645
[7168.2s] epoch 25 step 200900 avg_loss=6.744
[7170.1s] epoch 25 step 200950 avg_loss=6.654
[7172.0s] epoch 25 step 201000 avg_loss=6.787
[7173.8s] epoch 25 step 201050 avg_loss=6.828
[7175.7s] epoch 25 step 201100 avg_loss=6.892
[7177.3s] epoch 25 step 201150 avg_loss=6.927
[7179.1s] epoch 25 step 201200 avg_loss=7.046
[7180.6s] epoch 25 step 201250 avg_loss=6.974
[7182.2s] epoch 25 step 201300 avg_loss=6.910
[7184.1s] epoch 25 step 201350 avg_loss=6.941
[7185.9s] epoch 25 step 201400 avg_loss=7.044
[7187.6s] epoch 25 step 201450 avg_loss=7.044
[7189.4s] epoch 25 step 201500 avg_loss=7.047
[7191.1s] epoch 25 step 201550 avg_loss=7.006
[7192.6s] epoch 25 step 201600 avg_loss=6.965
[7194.2s] epoch 25 step 201650 avg_loss=6.957
[7196.3s] epoch 25 step 201700 avg_loss=7.015
[7198.1s] epoch 25 step 201750 avg_loss=7.111
[7199.9s] epoch 25 step 201800 avg_loss=7.097
[7201.7s] epoch 25 step 201850 avg_loss=7.087
[7203.3s] epoch 25 step 201900 avg_loss=7.055
[7204.9s] epoch 25 step 201950 avg_loss=7.092
[7206.6s] epoch 25 step 202000 avg_loss=7.127
[7208.1s] epoch 25 step 202050 avg_loss=7.107
[7210.1s] epoch 25 step 202100 avg_loss=7.099
[7211.8s] epoch 25 step 202150 avg_loss=7.113
[7213.7s] epoch 25 step 202200 avg_loss=7.161
[7215.2s] epoch 25 step 202250 avg_loss=7.168
[7216.7s] epoch 25 step 202300 avg_loss=7.133
[7218.0s] epoch 25 step 202350 avg_loss=7.074
[7219.7s] epoch 25 step 202400 avg_loss=7.063
[7221.3s] epoch 25 step 202450 avg_loss=7.076
[7222.8s] epoch 25 step 202500 avg_loss=7.079
[7224.4s] epoch 25 step 202550 avg_loss=7.078
[7226.2s] epoch 25 step 202600 avg_loss=7.140
[7227.8s] epoch 25 step 202650 avg_loss=7.162
[7229.6s] epoch 25 step 202700 avg_loss=7.161
[7231.5s] epoch 25 step 202750 avg_loss=7.209
[7233.4s] epoch 25 step 202800 avg_loss=7.215
[7235.0s] epoch 25 step 202850 avg_loss=7.183
[7236.6s] epoch 25 step 202900 avg_loss=7.202
[7238.3s] epoch 25 step 202950 avg_loss=7.226
[7239.9s] epoch 25 step 203000 avg_loss=7.222
[7241.6s] epoch 25 step 203050 avg_loss=7.224
[7243.2s] epoch 25 step 203100 avg_loss=7.221
[7244.8s] epoch 25 step 203150 avg_loss=7.215
[7246.4s] epoch 25 step 203200 avg_loss=7.187
[7248.0s] epoch 25 step 203250 avg_loss=7.179
[7249.7s] epoch 25 step 203300 avg_loss=7.173
[7251.3s] epoch 25 step 203350 avg_loss=7.188
[7252.8s] epoch 25 step 203400 avg_loss=7.185
[7254.6s] epoch 25 step 203450 avg_loss=7.217
[7256.2s] epoch 25 step 203500 avg_loss=7.214
[7257.7s] epoch 25 step 203550 avg_loss=7.189
[7259.4s] epoch 25 step 203600 avg_loss=7.196
[7261.2s] epoch 25 step 203650 avg_loss=7.245
[7262.9s] epoch 25 step 203700 avg_loss=7.232
[7264.2s] epoch 25 step 203750 avg_loss=7.220
[7265.8s] epoch 25 step 203800 avg_loss=7.180
[7267.5s] epoch 25 step 203850 avg_loss=7.194
[7269.1s] epoch 25 step 203900 avg_loss=7.200
[7271.0s] epoch 25 step 203950 avg_loss=7.208
[7272.6s] epoch 25 step 204000 avg_loss=7.178
[7274.4s] epoch 25 step 204050 avg_loss=7.177
[7275.9s] epoch 25 step 204100 avg_loss=7.192
[7277.4s] epoch 25 step 204150 avg_loss=7.182
[7279.0s] epoch 25 step 204200 avg_loss=7.176
[7280.5s] epoch 25 step 204250 avg_loss=7.187
[7282.1s] epoch 25 step 204300 avg_loss=7.206
[7283.6s] epoch 25 step 204350 avg_loss=7.190
[7285.1s] epoch 25 step 204400 avg_loss=7.182
[7286.6s] epoch 25 step 204450 avg_loss=7.175
[7288.3s] epoch 25 step 204500 avg_loss=7.179
[7290.3s] epoch 25 step 204550 avg_loss=7.195
[7291.9s] epoch 25 step 204600 avg_loss=7.199
[7293.6s] epoch 25 step 204650 avg_loss=7.218
[7295.6s] epoch 25 step 204700 avg_loss=7.239
[7297.3s] epoch 25 step 204750 avg_loss=7.229
[7298.9s] epoch 25 step 204800 avg_loss=7.209
[7300.6s] epoch 25 step 204850 avg_loss=7.226
[7302.2s] epoch 25 step 204900 avg_loss=7.232
[7304.2s] epoch 25 step 204950 avg_loss=7.273
[7305.8s] epoch 25 step 205000 avg_loss=7.249
[7307.5s] epoch 25 step 205050 avg_loss=7.228
[7309.4s] epoch 25 step 205100 avg_loss=7.228
[7310.9s] epoch 25 step 205150 avg_loss=7.244
[7312.7s] epoch 25 step 205200 avg_loss=7.243
[7314.2s] epoch 25 step 205250 avg_loss=7.251
[7315.8s] epoch 25 step 205300 avg_loss=7.257
[7317.6s] epoch 25 step 205350 avg_loss=7.262
[7319.2s] epoch 25 step 205400 avg_loss=7.257
[7321.0s] epoch 25 step 205450 avg_loss=7.268
[7322.5s] epoch 25 step 205500 avg_loss=7.256
[7324.1s] epoch 25 step 205550 avg_loss=7.257
[7325.6s] epoch 25 step 205600 avg_loss=7.248
[7327.2s] epoch 25 step 205650 avg_loss=7.233
[7328.9s] epoch 25 step 205700 avg_loss=7.247
[7330.5s] epoch 25 step 205750 avg_loss=7.254
[7332.1s] epoch 25 step 205800 avg_loss=7.249
[7333.7s] epoch 25 step 205850 avg_loss=7.254
[7335.4s] epoch 25 step 205900 avg_loss=7.260
[7337.4s] epoch 25 step 205950 avg_loss=7.257
[7339.1s] epoch 25 step 206000 avg_loss=7.265
[7341.0s] epoch 25 step 206050 avg_loss=7.269
[7342.7s] epoch 25 step 206100 avg_loss=7.262
[7344.3s] epoch 25 step 206150 avg_loss=7.249
[7346.1s] epoch 25 step 206200 avg_loss=7.253
[7347.7s] epoch 25 step 206250 avg_loss=7.260
[7349.5s] epoch 25 step 206300 avg_loss=7.273
[7351.1s] epoch 25 step 206350 avg_loss=7.280
[7352.7s] epoch 25 step 206400 avg_loss=7.261
[7354.6s] epoch 25 step 206450 avg_loss=7.268
[7356.1s] epoch 25 step 206500 avg_loss=7.268
[7358.2s] epoch 25 step 206550 avg_loss=7.282
[7359.8s] epoch 25 step 206600 avg_loss=7.260
[7361.4s] epoch 25 step 206650 avg_loss=7.253
[7363.3s] epoch 25 step 206700 avg_loss=7.279
[7365.0s] epoch 25 step 206750 avg_loss=7.272
[7366.7s] epoch 25 step 206800 avg_loss=7.272
[7368.3s] epoch 25 step 206850 avg_loss=7.256
[7370.1s] epoch 25 step 206900 avg_loss=7.260
[7371.8s] epoch 25 step 206950 avg_loss=7.253
[7373.5s] epoch 25 step 207000 avg_loss=7.261
[7375.4s] epoch 25 step 207050 avg_loss=7.279
[7377.2s] epoch 25 step 207100 avg_loss=7.275
[7379.0s] epoch 25 step 207150 avg_loss=7.279
[7382.4s] eval step=6500 train_avg_loss=7.281 dev_rank1_f1=0.5311 dev_edge_p=0.5300 dev_edge_r=0.5322
[7382.4s] epoch 25 step 207200 avg_loss=7.281
[7384.1s] epoch 25 step 207250 avg_loss=7.291
[7385.8s] epoch 25 step 207300 avg_loss=7.322
[7387.6s] epoch 25 step 207350 avg_loss=7.318
[7389.1s] epoch 25 step 207400 avg_loss=7.306
[7391.0s] epoch 25 step 207450 avg_loss=7.314
[7392.9s] epoch 25 step 207500 avg_loss=7.323
[7394.5s] epoch 25 step 207550 avg_loss=7.315
[7396.5s] epoch 25 step 207600 avg_loss=7.340
[7398.3s] epoch 25 step 207650 avg_loss=7.349
[7400.0s] epoch 25 step 207700 avg_loss=7.351
[7401.6s] epoch 25 step 207750 avg_loss=7.369
[7403.5s] epoch 25 step 207800 avg_loss=7.385
[7405.0s] epoch 25 step 207850 avg_loss=7.369
[7406.6s] epoch 25 step 207900 avg_loss=7.376
[7408.5s] epoch 25 step 207950 avg_loss=7.368
[7410.3s] epoch 25 step 208000 avg_loss=7.375
[7410.3s] === epoch 25 done: avg_loss=7.375 (n=8000 derivations) ===
[7412.1s] epoch 26 step 208050 avg_loss=7.679
[7413.6s] epoch 26 step 208100 avg_loss=7.135
[7415.2s] epoch 26 step 208150 avg_loss=6.591
[7416.7s] epoch 26 step 208200 avg_loss=6.464
[7418.3s] epoch 26 step 208250 avg_loss=6.255
[7420.0s] epoch 26 step 208300 avg_loss=5.982
[7421.6s] epoch 26 step 208350 avg_loss=5.942
[7423.2s] epoch 26 step 208400 avg_loss=5.907
[7424.7s] epoch 26 step 208450 avg_loss=5.798
[7426.5s] epoch 26 step 208500 avg_loss=5.859
[7428.4s] epoch 26 step 208550 avg_loss=6.135
[7430.2s] epoch 26 step 208600 avg_loss=6.274
[7432.0s] epoch 26 step 208650 avg_loss=6.246
[7433.7s] epoch 26 step 208700 avg_loss=6.154
[7435.4s] epoch 26 step 208750 avg_loss=6.204
[7437.0s] epoch 26 step 208800 avg_loss=6.230
[7438.6s] epoch 26 step 208850 avg_loss=6.208
[7440.1s] epoch 26 step 208900 avg_loss=6.274
[7442.1s] epoch 26 step 208950 avg_loss=6.436
[7443.6s] epoch 26 step 209000 avg_loss=6.376
[7445.1s] epoch 26 step 209050 avg_loss=6.401
[7446.8s] epoch 26 step 209100 avg_loss=6.382
[7448.4s] epoch 26 step 209150 avg_loss=6.389
[7450.3s] epoch 26 step 209200 avg_loss=6.434
[7452.1s] epoch 26 step 209250 avg_loss=6.474
[7454.0s] epoch 26 step 209300 avg_loss=6.481
[7455.6s] epoch 26 step 209350 avg_loss=6.561
[7457.3s] epoch 26 step 209400 avg_loss=6.513
[7459.0s] epoch 26 step 209450 avg_loss=6.554
[7460.9s] epoch 26 step 209500 avg_loss=6.558
[7462.7s] epoch 26 step 209550 avg_loss=6.584
[7464.3s] epoch 26 step 209600 avg_loss=6.539
[7465.9s] epoch 26 step 209650 avg_loss=6.504
[7467.4s] epoch 26 step 209700 avg_loss=6.560
[7469.1s] epoch 26 step 209750 avg_loss=6.575
[7470.6s] epoch 26 step 209800 avg_loss=6.532
[7472.3s] epoch 26 step 209850 avg_loss=6.591
[7474.0s] epoch 26 step 209900 avg_loss=6.590
[7476.0s] epoch 26 step 209950 avg_loss=6.657
[7478.0s] epoch 26 step 210000 avg_loss=6.694
[7479.5s] epoch 26 step 210050 avg_loss=6.696
[7481.2s] epoch 26 step 210100 avg_loss=6.724
[7483.2s] epoch 26 step 210150 avg_loss=6.757
[7484.8s] epoch 26 step 210200 avg_loss=6.710
[7486.8s] epoch 26 step 210250 avg_loss=6.805
[7488.7s] epoch 26 step 210300 avg_loss=6.838
[7490.5s] epoch 26 step 210350 avg_loss=6.797
[7492.1s] epoch 26 step 210400 avg_loss=6.753
[7493.8s] epoch 26 step 210450 avg_loss=6.728
[7495.7s] epoch 26 step 210500 avg_loss=6.738
[7497.7s] epoch 26 step 210550 avg_loss=6.802
[7499.5s] epoch 26 step 210600 avg_loss=6.836
[7501.0s] epoch 26 step 210650 avg_loss=6.779
[7502.7s] epoch 26 step 210700 avg_loss=6.817
[7504.4s] epoch 26 step 210750 avg_loss=6.859
[7506.0s] epoch 26 step 210800 avg_loss=6.819
[7507.3s] epoch 26 step 210850 avg_loss=6.772
[7508.9s] epoch 26 step 210900 avg_loss=6.779
[7510.9s] epoch 26 step 210950 avg_loss=6.800
[7512.7s] epoch 26 step 211000 avg_loss=6.813
[7514.4s] epoch 26 step 211050 avg_loss=6.833
[7515.9s] epoch 26 step 211100 avg_loss=6.818
[7517.6s] epoch 26 step 211150 avg_loss=6.830
[7519.3s] epoch 26 step 211200 avg_loss=6.825
[7520.9s] epoch 26 step 211250 avg_loss=6.827
[7522.5s] epoch 26 step 211300 avg_loss=6.847
[7524.0s] epoch 26 step 211350 avg_loss=6.815
[7525.7s] epoch 26 step 211400 avg_loss=6.817
[7527.4s] epoch 26 step 211450 avg_loss=6.837
[7529.1s] epoch 26 step 211500 avg_loss=6.850
[7530.8s] epoch 26 step 211550 avg_loss=6.844
[7532.3s] epoch 26 step 211600 avg_loss=6.834
[7534.0s] epoch 26 step 211650 avg_loss=6.837
[7536.2s] epoch 26 step 211700 avg_loss=6.860
[7537.7s] epoch 26 step 211750 avg_loss=6.847
[7539.3s] epoch 26 step 211800 avg_loss=6.868
[7541.5s] epoch 26 step 211850 avg_loss=6.861
[7543.3s] epoch 26 step 211900 avg_loss=6.860
[7545.4s] epoch 26 step 211950 avg_loss=6.845
[7547.3s] epoch 26 step 212000 avg_loss=6.845
[7549.1s] epoch 26 step 212050 avg_loss=6.858
[7550.9s] epoch 26 step 212100 avg_loss=6.861
[7552.8s] epoch 26 step 212150 avg_loss=6.897
[7554.4s] epoch 26 step 212200 avg_loss=6.911
[7556.1s] epoch 26 step 212250 avg_loss=6.923
[7557.8s] epoch 26 step 212300 avg_loss=6.939
[7559.4s] epoch 26 step 212350 avg_loss=6.935
[7561.1s] epoch 26 step 212400 avg_loss=6.946
[7562.7s] epoch 26 step 212450 avg_loss=6.944
[7564.2s] epoch 26 step 212500 avg_loss=6.939
[7565.8s] epoch 26 step 212550 avg_loss=6.929
[7567.4s] epoch 26 step 212600 avg_loss=6.910
[7569.2s] epoch 26 step 212650 avg_loss=6.914
[7570.9s] epoch 26 step 212700 avg_loss=6.939
[7572.5s] epoch 26 step 212750 avg_loss=6.936
[7574.2s] epoch 26 step 212800 avg_loss=6.936
[7575.8s] epoch 26 step 212850 avg_loss=6.921
[7577.6s] epoch 26 step 212900 avg_loss=6.918
[7579.2s] epoch 26 step 212950 avg_loss=6.917
[7580.8s] epoch 26 step 213000 avg_loss=6.888
[7582.3s] epoch 26 step 213050 avg_loss=6.887
[7583.8s] epoch 26 step 213100 avg_loss=6.867
[7585.3s] epoch 26 step 213150 avg_loss=6.869
[7586.9s] epoch 26 step 213200 avg_loss=6.869
[7588.6s] epoch 26 step 213250 avg_loss=6.906
[7590.2s] epoch 26 step 213300 avg_loss=6.903
[7591.9s] epoch 26 step 213350 avg_loss=6.884
[7593.5s] epoch 26 step 213400 avg_loss=6.881
[7595.4s] epoch 26 step 213450 avg_loss=6.898
[7597.1s] epoch 26 step 213500 avg_loss=6.887
[7598.9s] epoch 26 step 213550 avg_loss=6.896
[7600.5s] epoch 26 step 213600 avg_loss=6.878
[7601.9s] epoch 26 step 213650 avg_loss=6.872
[7603.8s] epoch 26 step 213700 avg_loss=6.863
[7605.4s] epoch 26 step 213750 avg_loss=6.870
[7607.3s] epoch 26 step 213800 avg_loss=6.883
[7608.9s] epoch 26 step 213850 avg_loss=6.864
[7610.5s] epoch 26 step 213900 avg_loss=6.882
[7612.2s] epoch 26 step 213950 avg_loss=6.893
[7614.0s] epoch 26 step 214000 avg_loss=6.893
[7615.6s] epoch 26 step 214050 avg_loss=6.890
[7617.5s] epoch 26 step 214100 avg_loss=6.907
[7619.5s] epoch 26 step 214150 avg_loss=6.901
[7621.3s] epoch 26 step 214200 avg_loss=6.889
[7623.0s] epoch 26 step 214250 avg_loss=6.891
[7624.9s] epoch 26 step 214300 avg_loss=6.923
[7626.7s] epoch 26 step 214350 avg_loss=6.929
[7628.4s] epoch 26 step 214400 avg_loss=6.942
[7630.3s] epoch 26 step 214450 avg_loss=6.959
[7632.0s] epoch 26 step 214500 avg_loss=6.983
[7633.6s] epoch 26 step 214550 avg_loss=6.994
[7635.1s] epoch 26 step 214600 avg_loss=6.995
[7636.8s] epoch 26 step 214650 avg_loss=7.003
[7638.3s] epoch 26 step 214700 avg_loss=6.995
[7639.9s] epoch 26 step 214750 avg_loss=6.988
[7641.5s] epoch 26 step 214800 avg_loss=6.996
[7643.1s] epoch 26 step 214850 avg_loss=6.999
[7644.6s] epoch 26 step 214900 avg_loss=6.989
[7646.1s] epoch 26 step 214950 avg_loss=6.971
[7647.7s] epoch 26 step 215000 avg_loss=6.971
[7649.5s] epoch 26 step 215050 avg_loss=6.991
[7651.2s] epoch 26 step 215100 avg_loss=7.015
[7653.0s] epoch 26 step 215150 avg_loss=7.031
[7655.2s] eval step=6750 train_avg_loss=7.026 dev_rank1_f1=0.4866 dev_edge_p=0.4838 dev_edge_r=0.4894
[7656.3s] epoch 26 step 215200 avg_loss=7.029
[7658.0s] epoch 26 step 215250 avg_loss=7.050
[7659.8s] epoch 26 step 215300 avg_loss=7.086
[7661.6s] epoch 26 step 215350 avg_loss=7.092
[7663.4s] epoch 26 step 215400 avg_loss=7.085
[7665.3s] epoch 26 step 215450 avg_loss=7.126
[7666.8s] epoch 26 step 215500 avg_loss=7.141
[7668.4s] epoch 26 step 215550 avg_loss=7.128
[7670.3s] epoch 26 step 215600 avg_loss=7.134
[7671.9s] epoch 26 step 215650 avg_loss=7.147
[7673.6s] epoch 26 step 215700 avg_loss=7.145
[7675.2s] epoch 26 step 215750 avg_loss=7.140
[7676.8s] epoch 26 step 215800 avg_loss=7.126
[7678.4s] epoch 26 step 215850 avg_loss=7.118
[7679.9s] epoch 26 step 215900 avg_loss=7.119
[7681.4s] epoch 26 step 215950 avg_loss=7.104
[7683.1s] epoch 26 step 216000 avg_loss=7.116
[7683.1s] === epoch 26 done: avg_loss=7.116 (n=8000 derivations) ===
[7684.8s] epoch 27 step 216050 avg_loss=7.399
[7686.4s] epoch 27 step 216100 avg_loss=7.076
[7688.0s] epoch 27 step 216150 avg_loss=6.540
[7690.1s] epoch 27 step 216200 avg_loss=7.229
[7691.9s] epoch 27 step 216250 avg_loss=7.466
[7693.5s] epoch 27 step 216300 avg_loss=6.828
[7695.1s] epoch 27 step 216350 avg_loss=6.750
[7696.7s] epoch 27 step 216400 avg_loss=6.738
[7698.4s] epoch 27 step 216450 avg_loss=6.762
[7700.1s] epoch 27 step 216500 avg_loss=6.534
[7702.0s] epoch 27 step 216550 avg_loss=6.520
[7703.7s] epoch 27 step 216600 avg_loss=6.600
[7705.7s] epoch 27 step 216650 avg_loss=6.804
[7707.2s] epoch 27 step 216700 avg_loss=6.758
[7708.9s] epoch 27 step 216750 avg_loss=6.723
[7710.7s] epoch 27 step 216800 avg_loss=6.758
[7712.2s] epoch 27 step 216850 avg_loss=6.648
[7714.0s] epoch 27 step 216900 avg_loss=6.571
[7715.8s] epoch 27 step 216950 avg_loss=6.845
[7717.3s] epoch 27 step 217000 avg_loss=6.795
[7719.3s] epoch 27 step 217050 avg_loss=6.852
[7721.2s] epoch 27 step 217100 avg_loss=6.820
[7723.0s] epoch 27 step 217150 avg_loss=6.754
[7724.7s] epoch 27 step 217200 avg_loss=6.782
[7726.7s] epoch 27 step 217250 avg_loss=6.761
[7728.5s] epoch 27 step 217300 avg_loss=6.829
[7730.3s] epoch 27 step 217350 avg_loss=6.894
[7731.7s] epoch 27 step 217400 avg_loss=6.816
[7733.3s] epoch 27 step 217450 avg_loss=6.778
[7734.9s] epoch 27 step 217500 avg_loss=6.774
[7736.9s] epoch 27 step 217550 avg_loss=6.790
[7738.7s] epoch 27 step 217600 avg_loss=6.816
[7740.4s] epoch 27 step 217650 avg_loss=6.874
[7742.1s] epoch 27 step 217700 avg_loss=6.891
[7743.6s] epoch 27 step 217750 avg_loss=6.840
[7745.3s] epoch 27 step 217800 avg_loss=6.824
[7747.1s] epoch 27 step 217850 avg_loss=6.803
[7748.7s] epoch 27 step 217900 avg_loss=6.848
[7750.5s] epoch 27 step 217950 avg_loss=6.854
[7752.1s] epoch 27 step 218000 avg_loss=6.833
[7753.9s] epoch 27 step 218050 avg_loss=6.826
[7755.7s] epoch 27 step 218100 avg_loss=6.852
[7757.2s] epoch 27 step 218150 avg_loss=6.793
[7758.8s] epoch 27 step 218200 avg_loss=6.806
[7760.4s] epoch 27 step 218250 avg_loss=6.779
[7762.0s] epoch 27 step 218300 avg_loss=6.775
[7763.6s] epoch 27 step 218350 avg_loss=6.798
[7765.3s] epoch 27 step 218400 avg_loss=6.839
[7767.2s] epoch 27 step 218450 avg_loss=6.864
[7768.7s] epoch 27 step 218500 avg_loss=6.823
[7770.5s] epoch 27 step 218550 avg_loss=6.808
[7772.2s] epoch 27 step 218600 avg_loss=6.792
[7773.7s] epoch 27 step 218650 avg_loss=6.783
[7775.5s] epoch 27 step 218700 avg_loss=6.768
[7777.1s] epoch 27 step 218750 avg_loss=6.758
[7778.9s] epoch 27 step 218800 avg_loss=6.777
[7780.7s] epoch 27 step 218850 avg_loss=6.811
[7782.6s] epoch 27 step 218900 avg_loss=6.839
[7784.2s] epoch 27 step 218950 avg_loss=6.826
[7785.9s] epoch 27 step 219000 avg_loss=6.772
[7787.4s] epoch 27 step 219050 avg_loss=6.738
[7788.9s] epoch 27 step 219100 avg_loss=6.721
[7790.8s] epoch 27 step 219150 avg_loss=6.748
[7792.7s] epoch 27 step 219200 avg_loss=6.779
[7794.6s] epoch 27 step 219250 avg_loss=6.772
[7796.2s] epoch 27 step 219300 avg_loss=6.751
[7797.8s] epoch 27 step 219350 avg_loss=6.751
[7799.2s] epoch 27 step 219400 avg_loss=6.724
[7800.8s] epoch 27 step 219450 avg_loss=6.704
[7802.3s] epoch 27 step 219500 avg_loss=6.702
[7804.1s] epoch 27 step 219550 avg_loss=6.695
[7805.8s] epoch 27 step 219600 avg_loss=6.736
[7807.6s] epoch 27 step 219650 avg_loss=6.735
[7809.1s] epoch 27 step 219700 avg_loss=6.713
[7810.9s] epoch 27 step 219750 avg_loss=6.751
[7812.5s] epoch 27 step 219800 avg_loss=6.741
[7814.1s] epoch 27 step 219850 avg_loss=6.729
[7815.7s] epoch 27 step 219900 avg_loss=6.723
[7817.5s] epoch 27 step 219950 avg_loss=6.724
[7819.3s] epoch 27 step 220000 avg_loss=6.729
[7821.1s] epoch 27 step 220050 avg_loss=6.729
[7822.9s] epoch 27 step 220100 avg_loss=6.735
[7824.5s] epoch 27 step 220150 avg_loss=6.730
[7826.4s] epoch 27 step 220200 avg_loss=6.731
[7828.2s] epoch 27 step 220250 avg_loss=6.724
[7830.2s] epoch 27 step 220300 avg_loss=6.745
[7832.1s] epoch 27 step 220350 avg_loss=6.745
[7833.9s] epoch 27 step 220400 avg_loss=6.748
[7835.7s] epoch 27 step 220450 avg_loss=6.746
[7837.2s] epoch 27 step 220500 avg_loss=6.725
[7838.6s] epoch 27 step 220550 avg_loss=6.710
[7840.3s] epoch 27 step 220600 avg_loss=6.716
[7841.9s] epoch 27 step 220650 avg_loss=6.713
[7843.6s] epoch 27 step 220700 avg_loss=6.714
[7845.1s] epoch 27 step 220750 avg_loss=6.693
[7846.8s] epoch 27 step 220800 avg_loss=6.671
[7848.4s] epoch 27 step 220850 avg_loss=6.683
[7850.1s] epoch 27 step 220900 avg_loss=6.695
[7851.6s] epoch 27 step 220950 avg_loss=6.671
[7853.4s] epoch 27 step 221000 avg_loss=6.657
[7855.1s] epoch 27 step 221050 avg_loss=6.669
[7856.8s] epoch 27 step 221100 avg_loss=6.677
[7858.3s] epoch 27 step 221150 avg_loss=6.672
[7859.9s] epoch 27 step 221200 avg_loss=6.670
[7861.5s] epoch 27 step 221250 avg_loss=6.677
[7863.2s] epoch 27 step 221300 avg_loss=6.672
[7864.7s] epoch 27 step 221350 avg_loss=6.670
[7866.2s] epoch 27 step 221400 avg_loss=6.675
[7867.8s] epoch 27 step 221450 avg_loss=6.680
[7869.2s] epoch 27 step 221500 avg_loss=6.668
[7871.0s] epoch 27 step 221550 avg_loss=6.671
[7872.5s] epoch 27 step 221600 avg_loss=6.672
[7874.3s] epoch 27 step 221650 avg_loss=6.676
[7875.9s] epoch 27 step 221700 avg_loss=6.677
[7877.4s] epoch 27 step 221750 avg_loss=6.672
[7878.9s] epoch 27 step 221800 avg_loss=6.655
[7880.5s] epoch 27 step 221850 avg_loss=6.664
[7881.9s] epoch 27 step 221900 avg_loss=6.649
[7884.0s] epoch 27 step 221950 avg_loss=6.711
[7885.6s] epoch 27 step 222000 avg_loss=6.728
[7887.3s] epoch 27 step 222050 avg_loss=6.740
[7889.0s] epoch 27 step 222100 avg_loss=6.744
[7890.7s] epoch 27 step 222150 avg_loss=6.746
[7892.6s] epoch 27 step 222200 avg_loss=6.750
[7894.5s] epoch 27 step 222250 avg_loss=6.779
[7896.4s] epoch 27 step 222300 avg_loss=6.787
[7898.0s] epoch 27 step 222350 avg_loss=6.781
[7899.6s] epoch 27 step 222400 avg_loss=6.776
[7901.3s] epoch 27 step 222450 avg_loss=6.786
[7902.9s] epoch 27 step 222500 avg_loss=6.796
[7904.6s] epoch 27 step 222550 avg_loss=6.819
[7906.2s] epoch 27 step 222600 avg_loss=6.816
[7907.7s] epoch 27 step 222650 avg_loss=6.809
[7909.5s] epoch 27 step 222700 avg_loss=6.821
[7911.2s] epoch 27 step 222750 avg_loss=6.822
[7912.8s] epoch 27 step 222800 avg_loss=6.822
[7914.4s] epoch 27 step 222850 avg_loss=6.815
[7915.8s] epoch 27 step 222900 avg_loss=6.812
[7917.9s] epoch 27 step 222950 avg_loss=6.823
[7919.4s] epoch 27 step 223000 avg_loss=6.827
[7921.0s] epoch 27 step 223050 avg_loss=6.835
[7922.8s] epoch 27 step 223100 avg_loss=6.832
[7927.4s] eval step=7000 train_avg_loss=6.822 dev_rank1_f1=0.4918 dev_edge_p=0.4853 dev_edge_r=0.4985
[7928.0s] epoch 27 step 223150 avg_loss=6.820
[7929.8s] epoch 27 step 223200 avg_loss=6.814
[7931.7s] epoch 27 step 223250 avg_loss=6.810
[7933.5s] epoch 27 step 223300 avg_loss=6.825
[7935.3s] epoch 27 step 223350 avg_loss=6.819
[7937.2s] epoch 27 step 223400 avg_loss=6.813
[7939.5s] epoch 27 step 223450 avg_loss=6.865
[7941.3s] epoch 27 step 223500 avg_loss=6.854
[7943.0s] epoch 27 step 223550 avg_loss=6.840
[7944.9s] epoch 27 step 223600 avg_loss=6.856
[7946.5s] epoch 27 step 223650 avg_loss=6.861
[7948.0s] epoch 27 step 223700 avg_loss=6.843
[7949.6s] epoch 27 step 223750 avg_loss=6.836
[7951.2s] epoch 27 step 223800 avg_loss=6.834
[7952.9s] epoch 27 step 223850 avg_loss=6.838
[7954.6s] epoch 27 step 223900 avg_loss=6.849
[7956.3s] epoch 27 step 223950 avg_loss=6.867
[7958.2s] epoch 27 step 224000 avg_loss=6.884
[7958.2s] === epoch 27 done: avg_loss=6.884 (n=8000 derivations) ===
[7960.1s] epoch 28 step 224050 avg_loss=5.761
[7961.8s] epoch 28 step 224100 avg_loss=4.997
[7963.6s] epoch 28 step 224150 avg_loss=5.070
[7965.5s] epoch 28 step 224200 avg_loss=5.211
[7967.5s] epoch 28 step 224250 avg_loss=5.662
[7969.1s] epoch 28 step 224300 avg_loss=5.574
[7970.9s] epoch 28 step 224350 avg_loss=5.584
[7972.6s] epoch 28 step 224400 avg_loss=5.544
[7974.2s] epoch 28 step 224450 avg_loss=5.548
[7975.9s] epoch 28 step 224500 avg_loss=5.603
[7977.6s] epoch 28 step 224550 avg_loss=5.695
[7979.4s] epoch 28 step 224600 avg_loss=5.798
[7981.2s] epoch 28 step 224650 avg_loss=5.972
[7982.9s] epoch 28 step 224700 avg_loss=6.084
[7984.7s] epoch 28 step 224750 avg_loss=6.185
[7986.4s] epoch 28 step 224800 avg_loss=6.106
[7988.2s] epoch 28 step 224850 avg_loss=6.299
[7989.8s] epoch 28 step 224900 avg_loss=6.203
[7991.8s] epoch 28 step 224950 avg_loss=6.248
[7993.5s] epoch 28 step 225000 avg_loss=6.217
[7995.2s] epoch 28 step 225050 avg_loss=6.196
[7997.0s] epoch 28 step 225100 avg_loss=6.260
[7998.4s] epoch 28 step 225150 avg_loss=6.286
[8000.2s] epoch 28 step 225200 avg_loss=6.210
[8001.8s] epoch 28 step 225250 avg_loss=6.197
[8003.7s] epoch 28 step 225300 avg_loss=6.205
[8005.4s] epoch 28 step 225350 avg_loss=6.200
[8007.1s] epoch 28 step 225400 avg_loss=6.264
[8009.2s] epoch 28 step 225450 avg_loss=6.346
[8011.0s] epoch 28 step 225500 avg_loss=6.363
[8012.8s] epoch 28 step 225550 avg_loss=6.364
[8014.6s] epoch 28 step 225600 avg_loss=6.318
[8016.4s] epoch 28 step 225650 avg_loss=6.325
[8017.8s] epoch 28 step 225700 avg_loss=6.324
[8019.4s] epoch 28 step 225750 avg_loss=6.358
[8020.8s] epoch 28 step 225800 avg_loss=6.298
[8022.8s] epoch 28 step 225850 avg_loss=6.445
[8024.5s] epoch 28 step 225900 avg_loss=6.416
[8026.2s] epoch 28 step 225950 avg_loss=6.412
[8027.8s] epoch 28 step 226000 avg_loss=6.406
[8029.4s] epoch 28 step 226050 avg_loss=6.377
[8031.0s] epoch 28 step 226100 avg_loss=6.339
[8032.5s] epoch 28 step 226150 avg_loss=6.327
[8034.5s] epoch 28 step 226200 avg_loss=6.405
[8035.9s] epoch 28 step 226250 avg_loss=6.384
[8037.7s] epoch 28 step 226300 avg_loss=6.415
[8039.3s] epoch 28 step 226350 avg_loss=6.402
[8040.8s] epoch 28 step 226400 avg_loss=6.401
[8042.5s] epoch 28 step 226450 avg_loss=6.384
[8044.0s] epoch 28 step 226500 avg_loss=6.374
[8045.8s] epoch 28 step 226550 avg_loss=6.417
[8047.3s] epoch 28 step 226600 avg_loss=6.459
[8048.9s] epoch 28 step 226650 avg_loss=6.485
[8050.4s] epoch 28 step 226700 avg_loss=6.433
[8052.2s] epoch 28 step 226750 avg_loss=6.462
[8053.9s] epoch 28 step 226800 avg_loss=6.488
[8055.7s] epoch 28 step 226850 avg_loss=6.538
[8057.7s] epoch 28 step 226900 avg_loss=6.545
[8059.4s] epoch 28 step 226950 avg_loss=6.541
[8061.4s] epoch 28 step 227000 avg_loss=6.559
[8063.2s] epoch 28 step 227050 avg_loss=6.532
[8065.0s] epoch 28 step 227100 avg_loss=6.539
[8066.6s] epoch 28 step 227150 avg_loss=6.525
[8068.1s] epoch 28 step 227200 avg_loss=6.507
[8069.8s] epoch 28 step 227250 avg_loss=6.550
[8071.3s] epoch 28 step 227300 avg_loss=6.529
[8073.0s] epoch 28 step 227350 avg_loss=6.528
[8074.8s] epoch 28 step 227400 avg_loss=6.526
[8076.6s] epoch 28 step 227450 avg_loss=6.557
[8078.3s] epoch 28 step 227500 avg_loss=6.571
[8079.8s] epoch 28 step 227550 avg_loss=6.556
[8081.3s] epoch 28 step 227600 avg_loss=6.554
[8083.1s] epoch 28 step 227650 avg_loss=6.560
[8084.6s] epoch 28 step 227700 avg_loss=6.542
[8086.4s] epoch 28 step 227750 avg_loss=6.543
[8088.1s] epoch 28 step 227800 avg_loss=6.565
[8089.7s] epoch 28 step 227850 avg_loss=6.556
[8091.5s] epoch 28 step 227900 avg_loss=6.577
[8093.2s] epoch 28 step 227950 avg_loss=6.590
[8095.1s] epoch 28 step 228000 avg_loss=6.603
[8096.9s] epoch 28 step 228050 avg_loss=6.605
[8098.8s] epoch 28 step 228100 avg_loss=6.617
[8100.8s] epoch 28 step 228150 avg_loss=6.637
[8102.6s] epoch 28 step 228200 avg_loss=6.640
[8104.4s] epoch 28 step 228250 avg_loss=6.639
[8106.0s] epoch 28 step 228300 avg_loss=6.636
[8107.9s] epoch 28 step 228350 avg_loss=6.631
[8109.3s] epoch 28 step 228400 avg_loss=6.611
[8111.1s] epoch 28 step 228450 avg_loss=6.599
[8112.7s] epoch 28 step 228500 avg_loss=6.592
[8114.4s] epoch 28 step 228550 avg_loss=6.579
[8115.9s] epoch 28 step 228600 avg_loss=6.573
[8117.6s] epoch 28 step 228650 avg_loss=6.561
[8119.4s] epoch 28 step 228700 avg_loss=6.559
[8121.1s] epoch 28 step 228750 avg_loss=6.542
[8122.9s] epoch 28 step 228800 avg_loss=6.549
[8124.6s] epoch 28 step 228850 avg_loss=6.550
[8126.2s] epoch 28 step 228900 avg_loss=6.544
[8128.1s] epoch 28 step 228950 avg_loss=6.546
[8129.6s] epoch 28 step 229000 avg_loss=6.540
[8131.1s] epoch 28 step 229050 avg_loss=6.534
[8132.9s] epoch 28 step 229100 avg_loss=6.547
[8134.5s] epoch 28 step 229150 avg_loss=6.549
[8136.1s] epoch 28 step 229200 avg_loss=6.532
[8137.8s] epoch 28 step 229250 avg_loss=6.549
[8139.6s] epoch 28 step 229300 avg_loss=6.599
[8141.2s] epoch 28 step 229350 avg_loss=6.594
[8142.7s] epoch 28 step 229400 avg_loss=6.598
[8144.1s] epoch 28 step 229450 avg_loss=6.580
[8145.7s] epoch 28 step 229500 avg_loss=6.597
[8147.3s] epoch 28 step 229550 avg_loss=6.604
[8148.8s] epoch 28 step 229600 avg_loss=6.611
[8150.5s] epoch 28 step 229650 avg_loss=6.625
[8152.2s] epoch 28 step 229700 avg_loss=6.619
[8153.9s] epoch 28 step 229750 avg_loss=6.637
[8155.5s] epoch 28 step 229800 avg_loss=6.642
[8157.0s] epoch 28 step 229850 avg_loss=6.637
[8158.6s] epoch 28 step 229900 avg_loss=6.627
[8160.4s] epoch 28 step 229950 avg_loss=6.652
[8162.0s] epoch 28 step 230000 avg_loss=6.632
[8163.6s] epoch 28 step 230050 avg_loss=6.620
[8165.2s] epoch 28 step 230100 avg_loss=6.614
[8167.2s] epoch 28 step 230150 avg_loss=6.624
[8169.0s] epoch 28 step 230200 avg_loss=6.620
[8171.0s] epoch 28 step 230250 avg_loss=6.635
[8172.6s] epoch 28 step 230300 avg_loss=6.618
[8174.2s] epoch 28 step 230350 avg_loss=6.628
[8176.0s] epoch 28 step 230400 avg_loss=6.638
[8177.6s] epoch 28 step 230450 avg_loss=6.654
[8179.2s] epoch 28 step 230500 avg_loss=6.635
[8181.2s] epoch 28 step 230550 avg_loss=6.634
[8182.8s] epoch 28 step 230600 avg_loss=6.631
[8184.4s] epoch 28 step 230650 avg_loss=6.630
[8186.2s] epoch 28 step 230700 avg_loss=6.637
[8187.8s] epoch 28 step 230750 avg_loss=6.624
[8189.4s] epoch 28 step 230800 avg_loss=6.615
[8191.2s] epoch 28 step 230850 avg_loss=6.653
[8193.1s] epoch 28 step 230900 avg_loss=6.654
[8194.7s] epoch 28 step 230950 avg_loss=6.653
[8196.3s] epoch 28 step 231000 avg_loss=6.643
[8198.1s] epoch 28 step 231050 avg_loss=6.665
[8199.8s] epoch 28 step 231100 avg_loss=6.662
[8201.7s] eval step=7250 train_avg_loss=6.663 dev_rank1_f1=0.4819 dev_edge_p=0.4730 dev_edge_r=0.4910
[8203.2s] epoch 28 step 231150 avg_loss=6.666
[8204.9s] epoch 28 step 231200 avg_loss=6.664
[8206.5s] epoch 28 step 231250 avg_loss=6.657
[8208.2s] epoch 28 step 231300 avg_loss=6.653
[8210.0s] epoch 28 step 231350 avg_loss=6.652
[8211.5s] epoch 28 step 231400 avg_loss=6.646
[8213.3s] epoch 28 step 231450 avg_loss=6.643
[8214.9s] epoch 28 step 231500 avg_loss=6.639
[8216.8s] epoch 28 step 231550 avg_loss=6.638
[8218.7s] epoch 28 step 231600 avg_loss=6.648
[8220.3s] epoch 28 step 231650 avg_loss=6.643
[8222.1s] epoch 28 step 231700 avg_loss=6.663
[8223.6s] epoch 28 step 231750 avg_loss=6.648
[8225.3s] epoch 28 step 231800 avg_loss=6.628
[8227.2s] epoch 28 step 231850 avg_loss=6.644
[8228.6s] epoch 28 step 231900 avg_loss=6.641
[8230.5s] epoch 28 step 231950 avg_loss=6.644
[8232.2s] epoch 28 step 232000 avg_loss=6.641
[8232.2s] === epoch 28 done: avg_loss=6.641 (n=8000 derivations) ===
[8233.8s] epoch 29 step 232050 avg_loss=6.294
[8235.4s] epoch 29 step 232100 avg_loss=5.099
[8237.1s] epoch 29 step 232150 avg_loss=5.699
[8238.8s] epoch 29 step 232200 avg_loss=5.815
[8240.5s] epoch 29 step 232250 avg_loss=5.742
[8242.5s] epoch 29 step 232300 avg_loss=5.757
[8244.1s] epoch 29 step 232350 avg_loss=5.898
[8245.8s] epoch 29 step 232400 avg_loss=5.794
[8247.3s] epoch 29 step 232450 avg_loss=5.735
[8249.1s] epoch 29 step 232500 avg_loss=5.898
[8250.9s] epoch 29 step 232550 avg_loss=6.153
[8252.7s] epoch 29 step 232600 avg_loss=6.146
[8254.8s] epoch 29 step 232650 avg_loss=6.299
[8256.7s] epoch 29 step 232700 avg_loss=6.397
[8258.3s] epoch 29 step 232750 avg_loss=6.314
[8260.2s] epoch 29 step 232800 avg_loss=6.316
[8262.2s] epoch 29 step 232850 avg_loss=6.323
[8264.0s] epoch 29 step 232900 avg_loss=6.306
[8265.7s] epoch 29 step 232950 avg_loss=6.312
[8267.6s] epoch 29 step 233000 avg_loss=6.346
[8269.1s] epoch 29 step 233050 avg_loss=6.258
[8271.1s] epoch 29 step 233100 avg_loss=6.198
[8273.2s] epoch 29 step 233150 avg_loss=6.223
[8275.0s] epoch 29 step 233200 avg_loss=6.219
[8277.0s] epoch 29 step 233250 avg_loss=6.299
[8278.9s] epoch 29 step 233300 avg_loss=6.341
[8280.6s] epoch 29 step 233350 avg_loss=6.266
[8282.5s] epoch 29 step 233400 avg_loss=6.284
[8284.6s] epoch 29 step 233450 avg_loss=6.336
[8286.4s] epoch 29 step 233500 avg_loss=6.324
[8288.3s] epoch 29 step 233550 avg_loss=6.352
[8290.1s] epoch 29 step 233600 avg_loss=6.334
[8291.8s] epoch 29 step 233650 avg_loss=6.334
[8293.7s] epoch 29 step 233700 avg_loss=6.401
[8295.2s] epoch 29 step 233750 avg_loss=6.384
[8296.9s] epoch 29 step 233800 avg_loss=6.389
[8298.3s] epoch 29 step 233850 avg_loss=6.349
[8299.8s] epoch 29 step 233900 avg_loss=6.366
[8301.6s] epoch 29 step 233950 avg_loss=6.351
[8303.4s] epoch 29 step 234000 avg_loss=6.314
[8305.2s] epoch 29 step 234050 avg_loss=6.294
[8307.0s] epoch 29 step 234100 avg_loss=6.363
[8308.8s] epoch 29 step 234150 avg_loss=6.327
[8310.9s] epoch 29 step 234200 avg_loss=6.353
[8312.8s] epoch 29 step 234250 avg_loss=6.334
[8314.7s] epoch 29 step 234300 avg_loss=6.412
[8316.5s] epoch 29 step 234350 avg_loss=6.430
[8318.1s] epoch 29 step 234400 avg_loss=6.397
[8319.6s] epoch 29 step 234450 avg_loss=6.367
[8321.5s] epoch 29 step 234500 avg_loss=6.363
[8323.3s] epoch 29 step 234550 avg_loss=6.397
[8325.0s] epoch 29 step 234600 avg_loss=6.348
[8326.4s] epoch 29 step 234650 avg_loss=6.297
[8328.2s] epoch 29 step 234700 avg_loss=6.317
[8329.8s] epoch 29 step 234750 avg_loss=6.265
[8331.8s] epoch 29 step 234800 avg_loss=6.311
[8333.5s] epoch 29 step 234850 avg_loss=6.296
[8335.0s] epoch 29 step 234900 avg_loss=6.273
[8336.6s] epoch 29 step 234950 avg_loss=6.250
[8338.4s] epoch 29 step 235000 avg_loss=6.265
[8340.4s] epoch 29 step 235050 avg_loss=6.320
[8342.1s] epoch 29 step 235100 avg_loss=6.319
[8343.8s] epoch 29 step 235150 avg_loss=6.289
[8345.6s] epoch 29 step 235200 avg_loss=6.318
[8347.8s] epoch 29 step 235250 avg_loss=6.380
[8349.6s] epoch 29 step 235300 avg_loss=6.388
[8351.5s] epoch 29 step 235350 avg_loss=6.394
[8353.3s] epoch 29 step 235400 avg_loss=6.396
[8355.0s] epoch 29 step 235450 avg_loss=6.411
[8356.5s] epoch 29 step 235500 avg_loss=6.385
[8358.1s] epoch 29 step 235550 avg_loss=6.366
[8359.6s] epoch 29 step 235600 avg_loss=6.357
[8361.3s] epoch 29 step 235650 avg_loss=6.357
[8363.0s] epoch 29 step 235700 avg_loss=6.368
[8364.8s] epoch 29 step 235750 avg_loss=6.390
[8366.4s] epoch 29 step 235800 avg_loss=6.378
[8368.2s] epoch 29 step 235850 avg_loss=6.367
[8370.0s] epoch 29 step 235900 avg_loss=6.391
[8371.6s] epoch 29 step 235950 avg_loss=6.395
[8373.4s] epoch 29 step 236000 avg_loss=6.429
[8375.2s] epoch 29 step 236050 avg_loss=6.452
[8376.8s] epoch 29 step 236100 avg_loss=6.436
[8378.3s] epoch 29 step 236150 avg_loss=6.416
[8380.0s] epoch 29 step 236200 avg_loss=6.398
[8381.6s] epoch 29 step 236250 avg_loss=6.388
[8383.4s] epoch 29 step 236300 avg_loss=6.383
[8385.2s] epoch 29 step 236350 avg_loss=6.408
[8386.8s] epoch 29 step 236400 avg_loss=6.407
[8388.3s] epoch 29 step 236450 avg_loss=6.411
[8389.8s] epoch 29 step 236500 avg_loss=6.392
[8391.6s] epoch 29 step 236550 avg_loss=6.397
[8393.3s] epoch 29 step 236600 avg_loss=6.403
[8395.0s] epoch 29 step 236650 avg_loss=6.406
[8396.3s] epoch 29 step 236700 avg_loss=6.373
[8398.1s] epoch 29 step 236750 avg_loss=6.355
[8399.9s] epoch 29 step 236800 avg_loss=6.368
[8401.5s] epoch 29 step 236850 avg_loss=6.357
[8403.1s] epoch 29 step 236900 avg_loss=6.342
[8404.7s] epoch 29 step 236950 avg_loss=6.334
[8406.6s] epoch 29 step 237000 avg_loss=6.332
[8408.1s] epoch 29 step 237050 avg_loss=6.321
[8409.6s] epoch 29 step 237100 avg_loss=6.299
[8411.2s] epoch 29 step 237150 avg_loss=6.323
[8412.9s] epoch 29 step 237200 avg_loss=6.307
[8414.6s] epoch 29 step 237250 avg_loss=6.304
[8416.3s] epoch 29 step 237300 avg_loss=6.301
[8418.1s] epoch 29 step 237350 avg_loss=6.317
[8419.8s] epoch 29 step 237400 avg_loss=6.303
[8421.6s] epoch 29 step 237450 avg_loss=6.300
[8423.3s] epoch 29 step 237500 avg_loss=6.298
[8425.2s] epoch 29 step 237550 avg_loss=6.307
[8427.0s] epoch 29 step 237600 avg_loss=6.338
[8429.1s] epoch 29 step 237650 avg_loss=6.358
[8430.8s] epoch 29 step 237700 avg_loss=6.364
[8432.3s] epoch 29 step 237750 avg_loss=6.340
[8433.9s] epoch 29 step 237800 avg_loss=6.332
[8435.7s] epoch 29 step 237850 avg_loss=6.347
[8437.4s] epoch 29 step 237900 avg_loss=6.341
[8439.1s] epoch 29 step 237950 avg_loss=6.337
[8440.7s] epoch 29 step 238000 avg_loss=6.324
[8442.4s] epoch 29 step 238050 avg_loss=6.334
[8444.2s] epoch 29 step 238100 avg_loss=6.339
[8446.1s] epoch 29 step 238150 avg_loss=6.336
[8447.8s] epoch 29 step 238200 avg_loss=6.332
[8449.6s] epoch 29 step 238250 avg_loss=6.325
[8451.4s] epoch 29 step 238300 avg_loss=6.327
[8453.5s] epoch 29 step 238350 avg_loss=6.328
[8455.1s] epoch 29 step 238400 avg_loss=6.319
[8458.3s] epoch 29 step 238450 avg_loss=6.338
[8460.0s] epoch 29 step 238500 avg_loss=6.327
[8461.9s] epoch 29 step 238550 avg_loss=6.333
[8463.8s] epoch 29 step 238600 avg_loss=6.358
[8465.5s] epoch 29 step 238650 avg_loss=6.361
[8467.2s] epoch 29 step 238700 avg_loss=6.345
[8469.0s] epoch 29 step 238750 avg_loss=6.358
[8470.7s] epoch 29 step 238800 avg_loss=6.360
[8472.7s] epoch 29 step 238850 avg_loss=6.372
[8474.6s] epoch 29 step 238900 avg_loss=6.389
[8476.4s] epoch 29 step 238950 avg_loss=6.397
[8478.2s] epoch 29 step 239000 avg_loss=6.395
[8479.9s] epoch 29 step 239050 avg_loss=6.398
[8482.3s] eval step=7500 train_avg_loss=6.393 dev_rank1_f1=0.4948 dev_edge_p=0.4840 dev_edge_r=0.5061
[8483.3s] epoch 29 step 239100 avg_loss=6.391
[8484.8s] epoch 29 step 239150 avg_loss=6.383
[8486.5s] epoch 29 step 239200 avg_loss=6.383
[8488.1s] epoch 29 step 239250 avg_loss=6.370
[8489.8s] epoch 29 step 239300 avg_loss=6.373
[8491.5s] epoch 29 step 239350 avg_loss=6.374
[8493.1s] epoch 29 step 239400 avg_loss=6.366
[8494.9s] epoch 29 step 239450 avg_loss=6.370
[8496.6s] epoch 29 step 239500 avg_loss=6.373
[8498.4s] epoch 29 step 239550 avg_loss=6.378
[8500.3s] epoch 29 step 239600 avg_loss=6.390
[8502.1s] epoch 29 step 239650 avg_loss=6.395
[8504.0s] epoch 29 step 239700 avg_loss=6.393
[8505.8s] epoch 29 step 239750 avg_loss=6.411
[8507.6s] epoch 29 step 239800 avg_loss=6.423
[8509.4s] epoch 29 step 239850 avg_loss=6.431
[8511.1s] epoch 29 step 239900 avg_loss=6.423
[8513.0s] epoch 29 step 239950 avg_loss=6.426
[8514.9s] epoch 29 step 240000 avg_loss=6.423
[8514.9s] === epoch 29 done: avg_loss=6.423 (n=8000 derivations) ===
[8516.4s] epoch 30 step 240050 avg_loss=3.803
[8518.2s] epoch 30 step 240100 avg_loss=4.959
[8519.8s] epoch 30 step 240150 avg_loss=5.088
[8521.7s] epoch 30 step 240200 avg_loss=5.464
[8523.7s] epoch 30 step 240250 avg_loss=6.391
[8525.6s] epoch 30 step 240300 avg_loss=6.330
[8527.4s] epoch 30 step 240350 avg_loss=6.354
[8529.3s] epoch 30 step 240400 avg_loss=6.294
[8531.0s] epoch 30 step 240450 avg_loss=6.071
[8532.9s] epoch 30 step 240500 avg_loss=6.150
[8534.6s] epoch 30 step 240550 avg_loss=6.305
[8536.2s] epoch 30 step 240600 avg_loss=6.341
[8538.0s] epoch 30 step 240650 avg_loss=6.238
[8539.3s] epoch 30 step 240700 avg_loss=6.005
[8541.2s] epoch 30 step 240750 avg_loss=6.005
[8542.9s] epoch 30 step 240800 avg_loss=5.934
[8544.6s] epoch 30 step 240850 avg_loss=5.893
[8546.3s] epoch 30 step 240900 avg_loss=5.983
[8548.1s] epoch 30 step 240950 avg_loss=6.122
[8549.7s] epoch 30 step 241000 avg_loss=6.098
[8551.3s] epoch 30 step 241050 avg_loss=6.019
[8553.5s] epoch 30 step 241100 avg_loss=6.284
[8555.2s] epoch 30 step 241150 avg_loss=6.156
[8557.0s] epoch 30 step 241200 avg_loss=6.149
[8558.6s] epoch 30 step 241250 avg_loss=6.116
[8560.5s] epoch 30 step 241300 avg_loss=6.127
[8562.5s] epoch 30 step 241350 avg_loss=6.113
[8564.3s] epoch 30 step 241400 avg_loss=6.111
[8566.2s] epoch 30 step 241450 avg_loss=6.145
[8567.8s] epoch 30 step 241500 avg_loss=6.155
[8569.5s] epoch 30 step 241550 avg_loss=6.172
[8571.3s] epoch 30 step 241600 avg_loss=6.253
[8573.4s] epoch 30 step 241650 avg_loss=6.227
[8575.3s] epoch 30 step 241700 avg_loss=6.307
[8577.0s] epoch 30 step 241750 avg_loss=6.297
[8578.8s] epoch 30 step 241800 avg_loss=6.298
[8580.9s] epoch 30 step 241850 avg_loss=6.390
[8582.5s] epoch 30 step 241900 avg_loss=6.428
[8584.4s] epoch 30 step 241950 avg_loss=6.470
[8586.1s] epoch 30 step 242000 avg_loss=6.461
[8587.8s] epoch 30 step 242050 avg_loss=6.449
[8589.7s] epoch 30 step 242100 avg_loss=6.422
[8591.3s] epoch 30 step 242150 avg_loss=6.379
[8592.7s] epoch 30 step 242200 avg_loss=6.305
[8594.2s] epoch 30 step 242250 avg_loss=6.342
[8596.5s] epoch 30 step 242300 avg_loss=6.375
[8598.3s] epoch 30 step 242350 avg_loss=6.378
[8600.0s] epoch 30 step 242400 avg_loss=6.376
[8601.9s] epoch 30 step 242450 avg_loss=6.397
[8603.6s] epoch 30 step 242500 avg_loss=6.383
[8605.5s] epoch 30 step 242550 avg_loss=6.372
[8607.4s] epoch 30 step 242600 avg_loss=6.320
[8609.4s] epoch 30 step 242650 avg_loss=6.286
[8611.2s] epoch 30 step 242700 avg_loss=6.289
[8612.7s] epoch 30 step 242750 avg_loss=6.272
[8614.4s] epoch 30 step 242800 avg_loss=6.303
[8616.2s] epoch 30 step 242850 avg_loss=6.271
[8618.0s] epoch 30 step 242900 avg_loss=6.263
[8619.7s] epoch 30 step 242950 avg_loss=6.282
[8621.5s] epoch 30 step 243000 avg_loss=6.288
[8623.2s] epoch 30 step 243050 avg_loss=6.274
[8625.0s] epoch 30 step 243100 avg_loss=6.269
[8626.9s] epoch 30 step 243150 avg_loss=6.248
[8628.6s] epoch 30 step 243200 avg_loss=6.222
[8630.3s] epoch 30 step 243250 avg_loss=6.203
[8632.2s] epoch 30 step 243300 avg_loss=6.209
[8633.8s] epoch 30 step 243350 avg_loss=6.223
[8636.1s] epoch 30 step 243400 avg_loss=6.244
[8638.2s] epoch 30 step 243450 avg_loss=6.273
[8639.7s] epoch 30 step 243500 avg_loss=6.241
[8641.3s] epoch 30 step 243550 avg_loss=6.226
[8643.1s] epoch 30 step 243600 avg_loss=6.219
[8644.5s] epoch 30 step 243650 avg_loss=6.186
[8646.0s] epoch 30 step 243700 avg_loss=6.181
[8647.9s] epoch 30 step 243750 avg_loss=6.169
[8649.7s] epoch 30 step 243800 avg_loss=6.169
[8651.3s] epoch 30 step 243850 avg_loss=6.167
[8653.1s] epoch 30 step 243900 avg_loss=6.178
[8654.8s] epoch 30 step 243950 avg_loss=6.177
[8656.5s] epoch 30 step 244000 avg_loss=6.171
[8658.1s] epoch 30 step 244050 avg_loss=6.167
[8660.0s] epoch 30 step 244100 avg_loss=6.196
[8661.5s] epoch 30 step 244150 avg_loss=6.166
[8663.3s] epoch 30 step 244200 avg_loss=6.171
[8665.2s] epoch 30 step 244250 avg_loss=6.181
[8667.1s] epoch 30 step 244300 avg_loss=6.186
[8668.6s] epoch 30 step 244350 avg_loss=6.185
[8670.6s] epoch 30 step 244400 avg_loss=6.208
[8672.6s] epoch 30 step 244450 avg_loss=6.216
[8674.3s] epoch 30 step 244500 avg_loss=6.210
[8676.0s] epoch 30 step 244550 avg_loss=6.222
[8677.6s] epoch 30 step 244600 avg_loss=6.233
[8679.0s] epoch 30 step 244650 avg_loss=6.240
[8680.6s] epoch 30 step 244700 avg_loss=6.229
[8682.5s] epoch 30 step 244750 avg_loss=6.235
[8684.3s] epoch 30 step 244800 avg_loss=6.251
[8686.0s] epoch 30 step 244850 avg_loss=6.243
[8687.8s] epoch 30 step 244900 avg_loss=6.241
[8689.6s] epoch 30 step 244950 avg_loss=6.248
[8691.1s] epoch 30 step 245000 avg_loss=6.228
[8692.7s] epoch 30 step 245050 avg_loss=6.220
[8694.1s] epoch 30 step 245100 avg_loss=6.212
[8695.7s] epoch 30 step 245150 avg_loss=6.206
[8697.4s] epoch 30 step 245200 avg_loss=6.211
[8699.1s] epoch 30 step 245250 avg_loss=6.208
[8701.2s] epoch 30 step 245300 avg_loss=6.214
[8703.1s] epoch 30 step 245350 avg_loss=6.228
[8704.8s] epoch 30 step 245400 avg_loss=6.226
[8706.5s] epoch 30 step 245450 avg_loss=6.203
[8708.4s] epoch 30 step 245500 avg_loss=6.215
[8709.9s] epoch 30 step 245550 avg_loss=6.203
[8711.4s] epoch 30 step 245600 avg_loss=6.187
[8713.1s] epoch 30 step 245650 avg_loss=6.195
[8714.9s] epoch 30 step 245700 avg_loss=6.202
[8716.7s] epoch 30 step 245750 avg_loss=6.218
[8718.5s] epoch 30 step 245800 avg_loss=6.220
[8720.0s] epoch 30 step 245850 avg_loss=6.199
[8722.0s] epoch 30 step 245900 avg_loss=6.199
[8723.9s] epoch 30 step 245950 avg_loss=6.211
[8725.7s] epoch 30 step 246000 avg_loss=6.203
[8727.3s] epoch 30 step 246050 avg_loss=6.200
[8729.0s] epoch 30 step 246100 avg_loss=6.192
[8730.9s] epoch 30 step 246150 avg_loss=6.206
[8732.7s] epoch 30 step 246200 avg_loss=6.202
[8734.4s] epoch 30 step 246250 avg_loss=6.197
[8736.2s] epoch 30 step 246300 avg_loss=6.217
[8737.9s] epoch 30 step 246350 avg_loss=6.215
[8739.5s] epoch 30 step 246400 avg_loss=6.217
[8741.4s] epoch 30 step 246450 avg_loss=6.250
[8743.2s] epoch 30 step 246500 avg_loss=6.253
[8745.3s] epoch 30 step 246550 avg_loss=6.281
[8747.1s] epoch 30 step 246600 avg_loss=6.270
[8749.0s] epoch 30 step 246650 avg_loss=6.274
[8750.8s] epoch 30 step 246700 avg_loss=6.278
[8752.8s] epoch 30 step 246750 avg_loss=6.291
[8754.4s] epoch 30 step 246800 avg_loss=6.285
[8756.1s] epoch 30 step 246850 avg_loss=6.281
[8757.9s] epoch 30 step 246900 avg_loss=6.270
[8759.6s] epoch 30 step 246950 avg_loss=6.276
[8760.9s] epoch 30 step 247000 avg_loss=6.254
[8764.1s] eval step=7750 train_avg_loss=6.259 dev_rank1_f1=0.5107 dev_edge_p=0.4988 dev_edge_r=0.5232
[8764.4s] epoch 30 step 247050 avg_loss=6.255
[8766.1s] epoch 30 step 247100 avg_loss=6.242
[8768.0s] epoch 30 step 247150 avg_loss=6.262
[8769.6s] epoch 30 step 247200 avg_loss=6.262
[8771.3s] epoch 30 step 247250 avg_loss=6.262
[8773.1s] epoch 30 step 247300 avg_loss=6.281
[8774.8s] epoch 30 step 247350 avg_loss=6.281
[8776.4s] epoch 30 step 247400 avg_loss=6.278
[8778.0s] epoch 30 step 247450 avg_loss=6.264
[8779.5s] epoch 30 step 247500 avg_loss=6.254
[8781.4s] epoch 30 step 247550 avg_loss=6.252
[8783.1s] epoch 30 step 247600 avg_loss=6.250
[8785.0s] epoch 30 step 247650 avg_loss=6.255
[8786.8s] epoch 30 step 247700 avg_loss=6.254
[8788.3s] epoch 30 step 247750 avg_loss=6.241
[8790.0s] epoch 30 step 247800 avg_loss=6.238
[8791.7s] epoch 30 step 247850 avg_loss=6.233
[8793.3s] epoch 30 step 247900 avg_loss=6.220
[8795.1s] epoch 30 step 247950 avg_loss=6.220
[8796.8s] epoch 30 step 248000 avg_loss=6.234
[8796.8s] === epoch 30 done: avg_loss=6.234 (n=8000 derivations) ===
[8798.4s] epoch 31 step 248050 avg_loss=6.337
[8800.0s] epoch 31 step 248100 avg_loss=4.834
[8801.9s] epoch 31 step 248150 avg_loss=5.694
[8803.8s] epoch 31 step 248200 avg_loss=5.716
[8805.5s] epoch 31 step 248250 avg_loss=5.200
[8807.3s] epoch 31 step 248300 avg_loss=5.438
[8809.2s] epoch 31 step 248350 avg_loss=5.919
[8810.9s] epoch 31 step 248400 avg_loss=5.702
[8812.7s] epoch 31 step 248450 avg_loss=5.619
[8814.4s] epoch 31 step 248500 avg_loss=5.653
[8816.4s] epoch 31 step 248550 avg_loss=5.736
[8818.1s] epoch 31 step 248600 avg_loss=5.656
[8820.0s] epoch 31 step 248650 avg_loss=5.691
[8821.7s] epoch 31 step 248700 avg_loss=5.693
[8823.3s] epoch 31 step 248750 avg_loss=5.757
[8825.4s] epoch 31 step 248800 avg_loss=5.761
[8827.4s] epoch 31 step 248850 avg_loss=5.704
[8829.3s] epoch 31 step 248900 avg_loss=5.883
[8831.1s] epoch 31 step 248950 avg_loss=5.883
[8833.0s] epoch 31 step 249000 avg_loss=5.872
[8834.8s] epoch 31 step 249050 avg_loss=5.752
[8836.7s] epoch 31 step 249100 avg_loss=5.728
[8838.4s] epoch 31 step 249150 avg_loss=5.723
[8840.3s] epoch 31 step 249200 avg_loss=5.761
[8842.1s] epoch 31 step 249250 avg_loss=5.684
[8843.8s] epoch 31 step 249300 avg_loss=5.713
[8845.3s] epoch 31 step 249350 avg_loss=5.633
[8847.1s] epoch 31 step 249400 avg_loss=5.657
[8848.8s] epoch 31 step 249450 avg_loss=5.663
[8850.5s] epoch 31 step 249500 avg_loss=5.746
[8852.4s] epoch 31 step 249550 avg_loss=5.729
[8854.3s] epoch 31 step 249600 avg_loss=5.756
[8856.2s] epoch 31 step 249650 avg_loss=5.767
[8858.1s] epoch 31 step 249700 avg_loss=5.774
[8859.8s] epoch 31 step 249750 avg_loss=5.749
[8861.5s] epoch 31 step 249800 avg_loss=5.808
[8863.3s] epoch 31 step 249850 avg_loss=5.764
[8865.1s] epoch 31 step 249900 avg_loss=5.749
[8867.1s] epoch 31 step 249950 avg_loss=5.734
[8868.9s] epoch 31 step 250000 avg_loss=5.749
[8871.0s] epoch 31 step 250050 avg_loss=5.816
[8872.8s] epoch 31 step 250100 avg_loss=5.853
[8874.9s] epoch 31 step 250150 avg_loss=5.858
[8876.6s] epoch 31 step 250200 avg_loss=5.868
[8878.3s] epoch 31 step 250250 avg_loss=5.821
[8880.0s] epoch 31 step 250300 avg_loss=5.847
[8881.7s] epoch 31 step 250350 avg_loss=5.868
[8883.5s] epoch 31 step 250400 avg_loss=5.863
[8885.6s] epoch 31 step 250450 avg_loss=5.900
[8887.3s] epoch 31 step 250500 avg_loss=5.898
[8889.1s] epoch 31 step 250550 avg_loss=5.883
[8890.7s] epoch 31 step 250600 avg_loss=5.891
[8892.5s] epoch 31 step 250650 avg_loss=5.868
[8894.4s] epoch 31 step 250700 avg_loss=5.916
[8896.0s] epoch 31 step 250750 avg_loss=5.912
[8897.9s] epoch 31 step 250800 avg_loss=5.949
[8899.5s] epoch 31 step 250850 avg_loss=5.908
[8901.3s] epoch 31 step 250900 avg_loss=5.943
[8902.8s] epoch 31 step 250950 avg_loss=5.904
[8904.5s] epoch 31 step 251000 avg_loss=5.929
[8906.2s] epoch 31 step 251050 avg_loss=5.931
[8907.9s] epoch 31 step 251100 avg_loss=5.943
[8909.9s] epoch 31 step 251150 avg_loss=6.027
[8911.6s] epoch 31 step 251200 avg_loss=6.009
[8913.4s] epoch 31 step 251250 avg_loss=5.997
[8914.9s] epoch 31 step 251300 avg_loss=5.991
[8916.7s] epoch 31 step 251350 avg_loss=6.001
[8918.4s] epoch 31 step 251400 avg_loss=6.020
[8920.2s] epoch 31 step 251450 avg_loss=6.073
[8921.8s] epoch 31 step 251500 avg_loss=6.043
[8923.5s] epoch 31 step 251550 avg_loss=6.057
[8925.1s] epoch 31 step 251600 avg_loss=6.033
[8926.7s] epoch 31 step 251650 avg_loss=6.035
[8928.4s] epoch 31 step 251700 avg_loss=6.034
[8930.1s] epoch 31 step 251750 avg_loss=6.014
[8931.8s] epoch 31 step 251800 avg_loss=6.021
[8933.6s] epoch 31 step 251850 avg_loss=6.008
[8935.2s] epoch 31 step 251900 avg_loss=6.024
[8937.0s] epoch 31 step 251950 avg_loss=6.038
[8938.6s] epoch 31 step 252000 avg_loss=6.050
[8940.5s] epoch 31 step 252050 avg_loss=6.085
[8942.2s] epoch 31 step 252100 avg_loss=6.063
[8943.8s] epoch 31 step 252150 avg_loss=6.046
[8945.5s] epoch 31 step 252200 avg_loss=6.056
[8947.3s] epoch 31 step 252250 avg_loss=6.056
[8949.1s] epoch 31 step 252300 avg_loss=6.054
[8950.9s] epoch 31 step 252350 avg_loss=6.095
[8952.6s] epoch 31 step 252400 avg_loss=6.102
[8954.3s] epoch 31 step 252450 avg_loss=6.128
[8956.0s] epoch 31 step 252500 avg_loss=6.101
[8957.8s] epoch 31 step 252550 avg_loss=6.124
[8959.6s] epoch 31 step 252600 avg_loss=6.130
[8961.3s] epoch 31 step 252650 avg_loss=6.138
[8963.1s] epoch 31 step 252700 avg_loss=6.141
[8964.8s] epoch 31 step 252750 avg_loss=6.138
[8966.5s] epoch 31 step 252800 avg_loss=6.129
[8968.3s] epoch 31 step 252850 avg_loss=6.151
[8970.1s] epoch 31 step 252900 avg_loss=6.143
[8971.6s] epoch 31 step 252950 avg_loss=6.126
[8973.2s] epoch 31 step 253000 avg_loss=6.119
[8974.8s] epoch 31 step 253050 avg_loss=6.130
[8976.7s] epoch 31 step 253100 avg_loss=6.148
[8978.4s] epoch 31 step 253150 avg_loss=6.140
[8980.4s] epoch 31 step 253200 avg_loss=6.160
[8982.2s] epoch 31 step 253250 avg_loss=6.166
[8983.8s] epoch 31 step 253300 avg_loss=6.161
[8985.7s] epoch 31 step 253350 avg_loss=6.179
[8987.7s] epoch 31 step 253400 avg_loss=6.183
[8989.4s] epoch 31 step 253450 avg_loss=6.169
[8991.0s] epoch 31 step 253500 avg_loss=6.156
[8992.8s] epoch 31 step 253550 avg_loss=6.141
[8994.4s] epoch 31 step 253600 avg_loss=6.130
[8996.2s] epoch 31 step 253650 avg_loss=6.128
[8997.9s] epoch 31 step 253700 avg_loss=6.129
[8999.7s] epoch 31 step 253750 avg_loss=6.120
[9001.5s] epoch 31 step 253800 avg_loss=6.103
[9003.3s] epoch 31 step 253850 avg_loss=6.120
[9005.2s] epoch 31 step 253900 avg_loss=6.108
[9006.8s] epoch 31 step 253950 avg_loss=6.092
[9008.3s] epoch 31 step 254000 avg_loss=6.076
[9010.1s] epoch 31 step 254050 avg_loss=6.075
[9012.0s] epoch 31 step 254100 avg_loss=6.087
[9013.7s] epoch 31 step 254150 avg_loss=6.071
[9015.8s] epoch 31 step 254200 avg_loss=6.066
[9017.7s] epoch 31 step 254250 avg_loss=6.072
[9019.3s] epoch 31 step 254300 avg_loss=6.069
[9021.5s] epoch 31 step 254350 avg_loss=6.077
[9023.2s] epoch 31 step 254400 avg_loss=6.083
[9024.9s] epoch 31 step 254450 avg_loss=6.090
[9026.7s] epoch 31 step 254500 avg_loss=6.082
[9028.7s] epoch 31 step 254550 avg_loss=6.084
[9030.6s] epoch 31 step 254600 avg_loss=6.081
[9032.7s] epoch 31 step 254650 avg_loss=6.074
[9034.5s] epoch 31 step 254700 avg_loss=6.078
[9036.4s] epoch 31 step 254750 avg_loss=6.076
[9038.1s] epoch 31 step 254800 avg_loss=6.084
[9039.7s] epoch 31 step 254850 avg_loss=6.071
[9041.3s] epoch 31 step 254900 avg_loss=6.069
[9042.9s] epoch 31 step 254950 avg_loss=6.061
[9044.4s] epoch 31 step 255000 avg_loss=6.059
[9046.4s] eval step=8000 train_avg_loss=6.061 dev_rank1_f1=0.5070 dev_edge_p=0.5005 dev_edge_r=0.5136
[9046.4s] === epoch 31 done: avg_loss=6.061 (n=7008 derivations) ===
[9046.4s] training wall-clock: 9012.4s (stopped_early=True)
[9046.4s] max-steps budget: optimizer_steps=8000 (cap=8000, stop_reason=max_steps) epoch_fraction=32.000 throughput=0.8877 steps/s (1.1266 s/step)
[9046.4s] wrote 32 curve rows -> runs/arms/v4b_8000_0.pt.curve.tsv
[9046.5s] holdout eval targets from runs/encoder_gold_v4b.jsonl: matched=98 missing=0
[9046.6s] holdout eval targets (alt) from runs/encoder_gold_v2.jsonl: matched=98 missing=0
[9046.6s] evaluating [last] (model policy) ...
[9218.0s] [last] holdout (best-of-6 + rank1 + forest width): {'sense_recall': 0.8344827586206897, 'slot_recall': 0.7611940298507462, 'structure_recall': 0.21428571428571427, 'all_gold_recalled_rate': 0.21428571428571427, 'edge_precision': 0.7233798536765776, 'edge_recall': 0.7185064085574288, 'overgen_ratio': 1.0314995378770888, 'n_records': 98, 'rank1_edge_precision': 0.6622445440047481, 'rank1_edge_recall': 0.5965179944771781, 'rank1_edge_f1': 0.6276653064677105, 'rank1_structure_recall': 0.14285714285714285, 'mean_forest_width': 6}
[9381.6s] [last] holdout_alt (best-of-6 + rank1 + forest width): {'sense_recall': 0.8247422680412371, 'slot_recall': 0.6987577639751553, 'structure_recall': 0.1078838174273859, 'all_gold_recalled_rate': 0.04081632653061224, 'edge_precision': 0.5710648058728081, 'edge_recall': 0.718602231102231, 'overgen_ratio': 1.3605704055959156, 'n_records': 98, 'rank1_edge_precision': 0.48007055302973684, 'rank1_edge_recall': 0.5994217469982777, 'rank1_edge_f1': 0.5331482764111355, 'rank1_structure_recall': 0.058091286307053944, 'mean_forest_width': 6}
[9381.6s] evaluating [best] (model policy) ...
[9563.3s] [best] holdout (best-of-6 + rank1 + forest width): {'sense_recall': 0.8160919540229885, 'slot_recall': 0.7835820895522388, 'structure_recall': 0.21428571428571427, 'all_gold_recalled_rate': 0.21428571428571427, 'edge_precision': 0.7136462572217139, 'edge_recall': 0.7244559578743253, 'overgen_ratio': 1.0600644820032576, 'n_records': 98, 'rank1_edge_precision': 0.6791184439143625, 'rank1_edge_recall': 0.5920694951307197, 'rank1_edge_f1': 0.6326134820385151, 'rank1_structure_recall': 0.14285714285714285, 'mean_forest_width': 5.989795918367347}
[9743.1s] [best] holdout_alt (best-of-6 + rank1 + forest width): {'sense_recall': 0.8419243986254296, 'slot_recall': 0.7080745341614907, 'structure_recall': 0.1078838174273859, 'all_gold_recalled_rate': 0.061224489795918366, 'edge_precision': 0.5670991957578959, 'edge_recall': 0.7258927391580452, 'overgen_ratio': 1.3882415062262001, 'n_records': 98, 'rank1_edge_precision': 0.48454576885699324, 'rank1_edge_recall': 0.5952554861993637, 'rank1_edge_f1': 0.5342252120493421, 'rank1_structure_recall': 0.05394190871369295, 'mean_forest_width': 5.979591836734694}
[9743.1s] evaluating RANDOM baseline on holdout ...
[9746.7s] holdout (random baseline): {'sense_recall': 0.020689655172413793, 'slot_recall': 0.0, 'structure_recall': 0.0, 'all_gold_recalled_rate': 0.0, 'edge_precision': 0.011661807580174927, 'edge_recall': 0.004263848396501457, 'overgen_ratio': 0.01695821185617104, 'n_records': 98}
[9746.8s] saved BEST checkpoint (step=6500, dev_rank1_f1=0.5311) -> runs/arms/v4b_8000_0.pt
[9746.8s] saved LAST checkpoint -> runs/arms/v4b_8000_0.pt.last.pt
[9746.8s] TOTAL wall-clock: 9746.8s
