[   0.0s] loading gold from runs/encoder_gold_v4b_margin.jsonl
[   0.1s] 986 gold records
[   0.1s] holdout mode: 98 held-out sentences, pool=790, train subset=788 (subset_seed=1)
[   0.1s] loading USVS from /home/user/NAOMI/consciousness_transformer/data/usvs
[  11.3s] USVS loaded: 117679 senses, d_axes=607
[  11.3s] pos_vocab=15 role_vocab=40
[  11.3s] policy params: 343,495 (~1.374 MB fp32)
[  11.3s] building features + derivations for 788 train records
[  11.8s] 1106 teacher-forced derivations
[  12.4s] dev-holdout eval targets from runs/encoder_gold_v2.jsonl: matched=98 missing=0
[  14.8s] epoch 0 step 50 avg_loss=113.909
[  16.2s] epoch 0 step 100 avg_loss=118.517
[  17.6s] epoch 0 step 150 avg_loss=117.754
[  18.7s] epoch 0 step 200 avg_loss=109.550
[  19.6s] epoch 0 step 250 avg_loss=103.761
[  20.7s] epoch 0 step 300 avg_loss=99.590
[  22.1s] epoch 0 step 350 avg_loss=97.670
[  23.3s] epoch 0 step 400 avg_loss=94.443
[  24.4s] epoch 0 step 450 avg_loss=92.519
[  25.6s] epoch 0 step 500 avg_loss=90.428
[  26.9s] epoch 0 step 550 avg_loss=88.837
[  28.1s] epoch 0 step 600 avg_loss=87.607
[  29.3s] epoch 0 step 650 avg_loss=86.190
[  30.7s] epoch 0 step 700 avg_loss=84.935
[  32.0s] epoch 0 step 750 avg_loss=83.563
[  33.1s] epoch 0 step 800 avg_loss=81.637
[  34.1s] epoch 0 step 850 avg_loss=79.871
[  35.2s] epoch 0 step 900 avg_loss=78.667
[  36.4s] epoch 0 step 950 avg_loss=77.901
[  37.4s] epoch 0 step 1000 avg_loss=76.862
[  38.3s] epoch 0 step 1050 avg_loss=75.356
[  39.3s] epoch 0 step 1100 avg_loss=73.914
[  39.4s] === epoch 0 done: avg_loss=73.912 (n=1106 derivations) ===
[  40.4s] epoch 1 step 1150 avg_loss=62.744
[  41.5s] epoch 1 step 1200 avg_loss=58.762
[  42.8s] epoch 1 step 1250 avg_loss=57.474
[  44.0s] epoch 1 step 1300 avg_loss=55.678
[  44.8s] epoch 1 step 1350 avg_loss=53.511
[  45.9s] epoch 1 step 1400 avg_loss=51.969
[  47.0s] epoch 1 step 1450 avg_loss=51.748
[  47.9s] epoch 1 step 1500 avg_loss=50.233
[  49.0s] epoch 1 step 1550 avg_loss=49.614
[  50.1s] epoch 1 step 1600 avg_loss=50.096
[  51.2s] epoch 1 step 1650 avg_loss=49.746
[  52.3s] epoch 1 step 1700 avg_loss=49.867
[  53.4s] epoch 1 step 1750 avg_loss=49.932
[  54.5s] epoch 1 step 1800 avg_loss=49.696
[  55.7s] epoch 1 step 1850 avg_loss=49.989
[  56.9s] epoch 1 step 1900 avg_loss=49.984
[  58.0s] epoch 1 step 1950 avg_loss=49.522
[  59.1s] epoch 1 step 2000 avg_loss=49.221
[  60.4s] epoch 1 step 2050 avg_loss=49.384
[  61.6s] epoch 1 step 2100 avg_loss=48.742
[  62.9s] epoch 1 step 2150 avg_loss=48.247
[  63.9s] epoch 1 step 2200 avg_loss=47.789
[  64.1s] === epoch 1 done: avg_loss=47.634 (n=1106 derivations) ===
[  64.9s] epoch 2 step 2250 avg_loss=41.787
[  66.0s] epoch 2 step 2300 avg_loss=39.174
[  67.3s] epoch 2 step 2350 avg_loss=42.733
[  68.5s] epoch 2 step 2400 avg_loss=43.695
[  69.7s] epoch 2 step 2450 avg_loss=45.583
[  70.8s] epoch 2 step 2500 avg_loss=45.404
[  72.0s] epoch 2 step 2550 avg_loss=45.010
[  73.1s] epoch 2 step 2600 avg_loss=43.928
[  74.2s] epoch 2 step 2650 avg_loss=43.151
[  75.6s] epoch 2 step 2700 avg_loss=43.451
[  76.8s] epoch 2 step 2750 avg_loss=42.919
[  78.0s] epoch 2 step 2800 avg_loss=42.179
[  79.3s] epoch 2 step 2850 avg_loss=42.311
[  80.4s] epoch 2 step 2900 avg_loss=41.693
[  81.6s] epoch 2 step 2950 avg_loss=41.485
[  82.8s] epoch 2 step 3000 avg_loss=40.848
[  83.8s] epoch 2 step 3050 avg_loss=40.232
[  84.9s] epoch 2 step 3100 avg_loss=40.337
[  85.9s] epoch 2 step 3150 avg_loss=39.817
[  87.1s] epoch 2 step 3200 avg_loss=39.691
[  88.3s] epoch 2 step 3250 avg_loss=39.304
[  89.4s] epoch 2 step 3300 avg_loss=39.287
[  89.9s] === epoch 2 done: avg_loss=39.202 (n=1106 derivations) ===
[  90.9s] epoch 3 step 3350 avg_loss=37.918
[  92.1s] epoch 3 step 3400 avg_loss=38.494
[  93.5s] epoch 3 step 3450 avg_loss=39.076
[  94.7s] epoch 3 step 3500 avg_loss=38.325
[  95.8s] epoch 3 step 3550 avg_loss=37.766
[  97.0s] epoch 3 step 3600 avg_loss=37.372
[  98.1s] epoch 3 step 3650 avg_loss=36.260
[  99.1s] epoch 3 step 3700 avg_loss=35.632
[ 100.1s] epoch 3 step 3750 avg_loss=35.306
[ 101.3s] epoch 3 step 3800 avg_loss=34.935
[ 102.4s] epoch 3 step 3850 avg_loss=34.991
[ 103.5s] epoch 3 step 3900 avg_loss=34.790
[ 104.8s] epoch 3 step 3950 avg_loss=34.855
[ 106.0s] epoch 3 step 4000 avg_loss=34.945
[ 107.4s] epoch 3 step 4050 avg_loss=35.709
[ 108.5s] epoch 3 step 4100 avg_loss=35.540
[ 109.6s] epoch 3 step 4150 avg_loss=35.546
[ 110.5s] epoch 3 step 4200 avg_loss=35.199
[ 111.7s] epoch 3 step 4250 avg_loss=35.110
[ 112.8s] epoch 3 step 4300 avg_loss=34.827
[ 113.8s] epoch 3 step 4350 avg_loss=34.798
[ 114.7s] epoch 3 step 4400 avg_loss=34.491
[ 115.2s] === epoch 3 done: avg_loss=34.464 (n=1106 derivations) ===
[ 115.8s] epoch 4 step 4450 avg_loss=28.537
[ 116.9s] epoch 4 step 4500 avg_loss=33.293
[ 118.0s] epoch 4 step 4550 avg_loss=32.652
[ 118.9s] epoch 4 step 4600 avg_loss=31.714
[ 120.2s] epoch 4 step 4650 avg_loss=32.267
[ 121.3s] epoch 4 step 4700 avg_loss=32.033
[ 122.5s] epoch 4 step 4750 avg_loss=31.926
[ 123.7s] epoch 4 step 4800 avg_loss=31.703
[ 125.1s] epoch 4 step 4850 avg_loss=31.900
[ 126.6s] epoch 4 step 4900 avg_loss=32.020
[ 127.8s] epoch 4 step 4950 avg_loss=32.098
[ 129.2s] epoch 4 step 5000 avg_loss=31.758
[ 130.5s] epoch 4 step 5050 avg_loss=31.437
[ 131.9s] epoch 4 step 5100 avg_loss=31.615
[ 133.2s] epoch 4 step 5150 avg_loss=31.980
[ 134.5s] epoch 4 step 5200 avg_loss=32.062
[ 135.8s] epoch 4 step 5250 avg_loss=32.034
[ 137.0s] epoch 4 step 5300 avg_loss=31.931
[ 138.0s] epoch 4 step 5350 avg_loss=31.595
[ 139.1s] epoch 4 step 5400 avg_loss=31.461
[ 140.2s] epoch 4 step 5450 avg_loss=31.452
[ 141.2s] epoch 4 step 5500 avg_loss=31.198
[ 141.9s] === epoch 4 done: avg_loss=31.172 (n=1106 derivations) ===
[ 142.4s] epoch 5 step 5550 avg_loss=25.878
[ 143.4s] epoch 5 step 5600 avg_loss=27.714
[ 144.6s] epoch 5 step 5650 avg_loss=26.835
[ 146.0s] epoch 5 step 5700 avg_loss=27.513
[ 147.1s] epoch 5 step 5750 avg_loss=27.457
[ 148.4s] epoch 5 step 5800 avg_loss=28.040
[ 149.4s] epoch 5 step 5850 avg_loss=27.978
[ 150.8s] epoch 5 step 5900 avg_loss=28.762
[ 151.9s] epoch 5 step 5950 avg_loss=28.702
[ 153.1s] epoch 5 step 6000 avg_loss=28.645
[ 154.1s] epoch 5 step 6050 avg_loss=28.417
[ 155.3s] epoch 5 step 6100 avg_loss=28.790
[ 156.4s] epoch 5 step 6150 avg_loss=28.482
[ 157.5s] epoch 5 step 6200 avg_loss=28.704
[ 158.8s] epoch 5 step 6250 avg_loss=28.777
[ 160.0s] epoch 5 step 6300 avg_loss=28.847
[ 161.0s] epoch 5 step 6350 avg_loss=28.704
[ 162.1s] epoch 5 step 6400 avg_loss=28.665
[ 163.1s] epoch 5 step 6450 avg_loss=28.441
[ 164.3s] epoch 5 step 6500 avg_loss=28.573
[ 165.4s] epoch 5 step 6550 avg_loss=28.773
[ 166.6s] epoch 5 step 6600 avg_loss=28.468
[ 167.7s] === epoch 5 done: avg_loss=28.746 (n=1106 derivations) ===
[ 167.9s] epoch 6 step 6650 avg_loss=20.890
[ 168.9s] epoch 6 step 6700 avg_loss=22.196
[ 170.1s] epoch 6 step 6750 avg_loss=25.090
[ 171.2s] epoch 6 step 6800 avg_loss=24.955
[ 172.5s] epoch 6 step 6850 avg_loss=25.070
[ 173.8s] epoch 6 step 6900 avg_loss=26.230
[ 175.0s] epoch 6 step 6950 avg_loss=26.428
[ 176.1s] epoch 6 step 7000 avg_loss=26.605
[ 177.4s] epoch 6 step 7050 avg_loss=26.595
[ 178.5s] epoch 6 step 7100 avg_loss=26.680
[ 179.5s] epoch 6 step 7150 avg_loss=26.851
[ 180.8s] epoch 6 step 7200 avg_loss=26.761
[ 182.1s] epoch 6 step 7250 avg_loss=26.781
[ 183.4s] epoch 6 step 7300 avg_loss=26.834
[ 184.6s] epoch 6 step 7350 avg_loss=26.772
[ 185.6s] epoch 6 step 7400 avg_loss=26.729
[ 186.7s] epoch 6 step 7450 avg_loss=26.662
[ 187.9s] epoch 6 step 7500 avg_loss=26.954
[ 189.0s] epoch 6 step 7550 avg_loss=26.774
[ 190.2s] epoch 6 step 7600 avg_loss=27.055
[ 191.2s] epoch 6 step 7650 avg_loss=26.871
[ 192.4s] epoch 6 step 7700 avg_loss=26.985
[ 193.5s] === epoch 6 done: avg_loss=26.902 (n=1106 derivations) ===
[ 193.7s] epoch 7 step 7750 avg_loss=30.397
[ 195.1s] epoch 7 step 7800 avg_loss=26.814
[ 196.5s] epoch 7 step 7850 avg_loss=25.183
[ 197.8s] epoch 7 step 7900 avg_loss=25.572
[ 199.0s] eval step=250 train_avg_loss=25.575 dev_rank1_f1=0.3057 dev_edge_p=0.2785 dev_edge_r=0.3388
[ 200.2s] epoch 7 step 7950 avg_loss=26.480
[ 201.4s] epoch 7 step 8000 avg_loss=26.169
[ 202.6s] epoch 7 step 8050 avg_loss=25.875
[ 203.8s] epoch 7 step 8100 avg_loss=26.352
[ 205.1s] epoch 7 step 8150 avg_loss=26.790
[ 206.2s] epoch 7 step 8200 avg_loss=26.473
[ 207.2s] epoch 7 step 8250 avg_loss=26.658
[ 208.2s] epoch 7 step 8300 avg_loss=26.101
[ 209.3s] epoch 7 step 8350 avg_loss=25.952
[ 210.2s] epoch 7 step 8400 avg_loss=25.556
[ 211.3s] epoch 7 step 8450 avg_loss=25.254
[ 212.6s] epoch 7 step 8500 avg_loss=25.497
[ 213.7s] epoch 7 step 8550 avg_loss=25.172
[ 215.1s] epoch 7 step 8600 avg_loss=25.096
[ 216.5s] epoch 7 step 8650 avg_loss=25.143
[ 217.9s] epoch 7 step 8700 avg_loss=25.203
[ 219.0s] epoch 7 step 8750 avg_loss=25.061
[ 220.4s] epoch 7 step 8800 avg_loss=25.236
[ 221.5s] === epoch 7 done: avg_loss=25.289 (n=1106 derivations) ===
[ 221.5s] epoch 8 step 8850 avg_loss=44.012
[ 222.7s] epoch 8 step 8900 avg_loss=26.008
[ 223.8s] epoch 8 step 8950 avg_loss=26.307
[ 225.0s] epoch 8 step 9000 avg_loss=25.003
[ 226.2s] epoch 8 step 9050 avg_loss=24.285
[ 227.6s] epoch 8 step 9100 avg_loss=24.100
[ 228.8s] epoch 8 step 9150 avg_loss=24.108
[ 229.9s] epoch 8 step 9200 avg_loss=23.708
[ 231.0s] epoch 8 step 9250 avg_loss=23.548
[ 232.1s] epoch 8 step 9300 avg_loss=23.608
[ 233.2s] epoch 8 step 9350 avg_loss=23.764
[ 234.3s] epoch 8 step 9400 avg_loss=23.813
[ 235.4s] epoch 8 step 9450 avg_loss=23.704
[ 236.5s] epoch 8 step 9500 avg_loss=23.347
[ 237.6s] epoch 8 step 9550 avg_loss=23.452
[ 238.7s] epoch 8 step 9600 avg_loss=23.292
[ 239.9s] epoch 8 step 9650 avg_loss=23.705
[ 240.9s] epoch 8 step 9700 avg_loss=23.480
[ 242.2s] epoch 8 step 9750 avg_loss=23.501
[ 243.3s] epoch 8 step 9800 avg_loss=23.412
[ 244.5s] epoch 8 step 9850 avg_loss=23.464
[ 245.9s] epoch 8 step 9900 avg_loss=23.772
[ 247.2s] epoch 8 step 9950 avg_loss=23.784
[ 247.3s] === epoch 8 done: avg_loss=23.843 (n=1106 derivations) ===
[ 248.3s] epoch 9 step 10000 avg_loss=21.502
[ 249.7s] epoch 9 step 10050 avg_loss=23.968
[ 250.8s] epoch 9 step 10100 avg_loss=23.220
[ 251.8s] epoch 9 step 10150 avg_loss=22.107
[ 253.1s] epoch 9 step 10200 avg_loss=22.570
[ 254.4s] epoch 9 step 10250 avg_loss=22.548
[ 255.6s] epoch 9 step 10300 avg_loss=22.287
[ 256.9s] epoch 9 step 10350 avg_loss=22.247
[ 258.1s] epoch 9 step 10400 avg_loss=22.380
[ 259.2s] epoch 9 step 10450 avg_loss=21.932
[ 260.2s] epoch 9 step 10500 avg_loss=22.237
[ 261.3s] epoch 9 step 10550 avg_loss=22.262
[ 262.4s] epoch 9 step 10600 avg_loss=22.491
[ 263.4s] epoch 9 step 10650 avg_loss=22.155
[ 264.4s] epoch 9 step 10700 avg_loss=22.200
[ 265.4s] epoch 9 step 10750 avg_loss=21.953
[ 266.5s] epoch 9 step 10800 avg_loss=21.817
[ 267.6s] epoch 9 step 10850 avg_loss=21.952
[ 268.8s] epoch 9 step 10900 avg_loss=22.063
[ 270.3s] epoch 9 step 10950 avg_loss=22.268
[ 271.6s] epoch 9 step 11000 avg_loss=22.271
[ 272.9s] epoch 9 step 11050 avg_loss=22.414
[ 273.1s] === epoch 9 done: avg_loss=22.434 (n=1106 derivations) ===
[ 274.2s] epoch 10 step 11100 avg_loss=26.292
[ 275.6s] epoch 10 step 11150 avg_loss=26.989
[ 276.8s] epoch 10 step 11200 avg_loss=25.292
[ 278.0s] epoch 10 step 11250 avg_loss=23.879
[ 279.0s] epoch 10 step 11300 avg_loss=22.478
[ 280.0s] epoch 10 step 11350 avg_loss=21.073
[ 281.2s] epoch 10 step 11400 avg_loss=21.597
[ 282.4s] epoch 10 step 11450 avg_loss=21.749
[ 283.4s] epoch 10 step 11500 avg_loss=21.143
[ 284.7s] epoch 10 step 11550 avg_loss=21.116
[ 286.1s] epoch 10 step 11600 avg_loss=20.979
[ 287.2s] epoch 10 step 11650 avg_loss=20.659
[ 288.4s] epoch 10 step 11700 avg_loss=20.743
[ 289.9s] epoch 10 step 11750 avg_loss=20.841
[ 291.1s] epoch 10 step 11800 avg_loss=20.742
[ 292.5s] epoch 10 step 11850 avg_loss=20.825
[ 293.8s] epoch 10 step 11900 avg_loss=20.817
[ 295.1s] epoch 10 step 11950 avg_loss=20.894
[ 296.4s] epoch 10 step 12000 avg_loss=21.001
[ 297.4s] epoch 10 step 12050 avg_loss=21.092
[ 298.6s] epoch 10 step 12100 avg_loss=21.234
[ 299.6s] epoch 10 step 12150 avg_loss=21.230
[ 299.9s] === epoch 10 done: avg_loss=21.142 (n=1106 derivations) ===
[ 300.6s] epoch 11 step 12200 avg_loss=17.272
[ 301.8s] epoch 11 step 12250 avg_loss=19.720
[ 302.9s] epoch 11 step 12300 avg_loss=19.526
[ 304.0s] epoch 11 step 12350 avg_loss=19.930
[ 305.2s] epoch 11 step 12400 avg_loss=19.897
[ 306.3s] epoch 11 step 12450 avg_loss=19.808
[ 307.5s] epoch 11 step 12500 avg_loss=19.728
[ 308.6s] epoch 11 step 12550 avg_loss=19.524
[ 309.9s] epoch 11 step 12600 avg_loss=19.554
[ 311.0s] epoch 11 step 12650 avg_loss=19.518
[ 312.0s] epoch 11 step 12700 avg_loss=19.338
[ 313.2s] epoch 11 step 12750 avg_loss=19.607
[ 314.7s] epoch 11 step 12800 avg_loss=19.386
[ 316.2s] epoch 11 step 12850 avg_loss=19.585
[ 317.6s] epoch 11 step 12900 avg_loss=19.776
[ 318.9s] epoch 11 step 12950 avg_loss=19.872
[ 320.1s] epoch 11 step 13000 avg_loss=19.904
[ 321.2s] epoch 11 step 13050 avg_loss=19.995
[ 322.4s] epoch 11 step 13100 avg_loss=20.030
[ 323.9s] epoch 11 step 13150 avg_loss=20.195
[ 325.1s] epoch 11 step 13200 avg_loss=20.124
[ 326.5s] epoch 11 step 13250 avg_loss=19.975
[ 327.1s] === epoch 11 done: avg_loss=19.983 (n=1106 derivations) ===
[ 327.8s] epoch 12 step 13300 avg_loss=17.074
[ 329.1s] epoch 12 step 13350 avg_loss=16.460
[ 330.6s] epoch 12 step 13400 avg_loss=17.688
[ 331.8s] epoch 12 step 13450 avg_loss=18.109
[ 332.9s] epoch 12 step 13500 avg_loss=17.304
[ 334.1s] epoch 12 step 13550 avg_loss=17.272
[ 335.4s] epoch 12 step 13600 avg_loss=18.121
[ 336.7s] epoch 12 step 13650 avg_loss=17.853
[ 338.0s] epoch 12 step 13700 avg_loss=18.187
[ 339.3s] epoch 12 step 13750 avg_loss=18.448
[ 340.6s] epoch 12 step 13800 avg_loss=18.258
[ 341.9s] epoch 12 step 13850 avg_loss=18.633
[ 343.2s] epoch 12 step 13900 avg_loss=19.148
[ 344.6s] epoch 12 step 13950 avg_loss=19.207
[ 345.7s] epoch 12 step 14000 avg_loss=18.919
[ 347.3s] epoch 12 step 14050 avg_loss=18.848
[ 348.7s] epoch 12 step 14100 avg_loss=18.902
[ 349.8s] epoch 12 step 14150 avg_loss=18.762
[ 351.0s] epoch 12 step 14200 avg_loss=18.852
[ 352.4s] epoch 12 step 14250 avg_loss=18.910
[ 353.4s] epoch 12 step 14300 avg_loss=18.683
[ 354.4s] epoch 12 step 14350 avg_loss=18.829
[ 355.1s] === epoch 12 done: avg_loss=18.816 (n=1106 derivations) ===
[ 355.6s] epoch 13 step 14400 avg_loss=16.400
[ 356.8s] epoch 13 step 14450 avg_loss=18.341
[ 358.1s] epoch 13 step 14500 avg_loss=19.444
[ 359.3s] epoch 13 step 14550 avg_loss=18.489
[ 360.3s] epoch 13 step 14600 avg_loss=17.891
[ 361.5s] epoch 13 step 14650 avg_loss=17.480
[ 362.7s] epoch 13 step 14700 avg_loss=17.544
[ 364.2s] epoch 13 step 14750 avg_loss=17.650
[ 365.6s] epoch 13 step 14800 avg_loss=17.663
[ 367.0s] epoch 13 step 14850 avg_loss=17.962
[ 368.2s] epoch 13 step 14900 avg_loss=17.951
[ 369.5s] epoch 13 step 14950 avg_loss=18.142
[ 370.7s] epoch 13 step 15000 avg_loss=18.110
[ 371.9s] epoch 13 step 15050 avg_loss=17.963
[ 373.0s] epoch 13 step 15100 avg_loss=17.871
[ 374.2s] epoch 13 step 15150 avg_loss=17.756
[ 375.4s] epoch 13 step 15200 avg_loss=17.726
[ 377.0s] epoch 13 step 15250 avg_loss=18.019
[ 378.0s] epoch 13 step 15300 avg_loss=17.968
[ 379.1s] epoch 13 step 15350 avg_loss=18.055
[ 380.3s] epoch 13 step 15400 avg_loss=18.020
[ 381.4s] epoch 13 step 15450 avg_loss=17.840
[ 382.1s] === epoch 13 done: avg_loss=17.675 (n=1106 derivations) ===
[ 382.4s] epoch 14 step 15500 avg_loss=13.559
[ 383.5s] epoch 14 step 15550 avg_loss=17.430
[ 384.6s] epoch 14 step 15600 avg_loss=17.654
[ 385.7s] epoch 14 step 15650 avg_loss=17.682
[ 387.0s] epoch 14 step 15700 avg_loss=17.206
[ 388.1s] epoch 14 step 15750 avg_loss=16.665
[ 389.4s] epoch 14 step 15800 avg_loss=16.818
[ 390.5s] eval step=500 train_avg_loss=16.762 dev_rank1_f1=0.3099 dev_edge_p=0.2637 dev_edge_r=0.3759
[ 391.5s] epoch 14 step 15850 avg_loss=16.346
[ 392.8s] epoch 14 step 15900 avg_loss=16.426
[ 394.1s] epoch 14 step 15950 avg_loss=17.059
[ 395.3s] epoch 14 step 16000 avg_loss=16.952
[ 396.5s] epoch 14 step 16050 avg_loss=16.853
[ 397.6s] epoch 14 step 16100 avg_loss=16.967
[ 398.8s] epoch 14 step 16150 avg_loss=16.896
[ 399.9s] epoch 14 step 16200 avg_loss=16.747
[ 401.0s] epoch 14 step 16250 avg_loss=16.677
[ 402.1s] epoch 14 step 16300 avg_loss=16.619
[ 403.2s] epoch 14 step 16350 avg_loss=16.639
[ 404.4s] epoch 14 step 16400 avg_loss=16.958
[ 405.7s] epoch 14 step 16450 avg_loss=16.968
[ 407.0s] epoch 14 step 16500 avg_loss=16.866
[ 408.3s] epoch 14 step 16550 avg_loss=16.728
[ 409.2s] === epoch 14 done: avg_loss=16.694 (n=1106 derivations) ===
[ 409.5s] epoch 15 step 16600 avg_loss=16.092
[ 410.6s] epoch 15 step 16650 avg_loss=15.183
[ 411.9s] epoch 15 step 16700 avg_loss=15.614
[ 413.2s] epoch 15 step 16750 avg_loss=15.723
[ 414.6s] epoch 15 step 16800 avg_loss=16.106
[ 415.9s] epoch 15 step 16850 avg_loss=16.165
[ 417.1s] epoch 15 step 16900 avg_loss=15.814
[ 418.4s] epoch 15 step 16950 avg_loss=15.980
[ 419.8s] epoch 15 step 17000 avg_loss=16.079
[ 420.8s] epoch 15 step 17050 avg_loss=15.834
[ 422.0s] epoch 15 step 17100 avg_loss=15.787
[ 423.4s] epoch 15 step 17150 avg_loss=15.780
[ 424.5s] epoch 15 step 17200 avg_loss=15.919
[ 425.7s] epoch 15 step 17250 avg_loss=15.849
[ 426.9s] epoch 15 step 17300 avg_loss=16.023
[ 428.1s] epoch 15 step 17350 avg_loss=16.038
[ 429.2s] epoch 15 step 17400 avg_loss=15.837
[ 430.3s] epoch 15 step 17450 avg_loss=16.058
[ 431.6s] epoch 15 step 17500 avg_loss=16.066
[ 432.7s] epoch 15 step 17550 avg_loss=15.850
[ 433.9s] epoch 15 step 17600 avg_loss=15.880
[ 434.9s] epoch 15 step 17650 avg_loss=15.765
[ 435.9s] === epoch 15 done: avg_loss=15.751 (n=1106 derivations) ===
[ 436.0s] epoch 16 step 17700 avg_loss=11.253
[ 437.1s] epoch 16 step 17750 avg_loss=12.061
[ 438.2s] epoch 16 step 17800 avg_loss=12.926
[ 439.4s] epoch 16 step 17850 avg_loss=14.249
[ 440.8s] epoch 16 step 17900 avg_loss=14.609
[ 442.0s] epoch 16 step 17950 avg_loss=14.689
[ 443.3s] epoch 16 step 18000 avg_loss=14.548
[ 444.6s] epoch 16 step 18050 avg_loss=14.731
[ 445.7s] epoch 16 step 18100 avg_loss=14.775
[ 446.9s] epoch 16 step 18150 avg_loss=14.698
[ 447.9s] epoch 16 step 18200 avg_loss=14.886
[ 449.1s] epoch 16 step 18250 avg_loss=14.901
[ 450.2s] epoch 16 step 18300 avg_loss=14.866
[ 451.5s] epoch 16 step 18350 avg_loss=15.134
[ 452.6s] epoch 16 step 18400 avg_loss=14.927
[ 453.8s] epoch 16 step 18450 avg_loss=14.869
[ 455.1s] epoch 16 step 18500 avg_loss=15.063
[ 456.3s] epoch 16 step 18550 avg_loss=15.093
[ 457.5s] epoch 16 step 18600 avg_loss=15.088
[ 458.6s] epoch 16 step 18650 avg_loss=15.030
[ 459.9s] epoch 16 step 18700 avg_loss=14.993
[ 461.1s] epoch 16 step 18750 avg_loss=14.848
[ 462.4s] epoch 16 step 18800 avg_loss=14.880
[ 462.5s] === epoch 16 done: avg_loss=14.898 (n=1106 derivations) ===
[ 463.5s] epoch 17 step 18850 avg_loss=12.739
[ 464.7s] epoch 17 step 18900 avg_loss=14.032
[ 465.9s] epoch 17 step 18950 avg_loss=13.652
[ 466.9s] epoch 17 step 19000 avg_loss=12.994
[ 468.1s] epoch 17 step 19050 avg_loss=13.228
[ 469.3s] epoch 17 step 19100 avg_loss=13.266
[ 470.4s] epoch 17 step 19150 avg_loss=13.269
[ 471.6s] epoch 17 step 19200 avg_loss=13.284
[ 472.8s] epoch 17 step 19250 avg_loss=13.641
[ 474.0s] epoch 17 step 19300 avg_loss=13.772
[ 475.1s] epoch 17 step 19350 avg_loss=13.778
[ 476.1s] epoch 17 step 19400 avg_loss=13.705
[ 477.3s] epoch 17 step 19450 avg_loss=13.713
[ 478.2s] epoch 17 step 19500 avg_loss=13.458
[ 479.5s] epoch 17 step 19550 avg_loss=13.399
[ 480.6s] epoch 17 step 19600 avg_loss=13.519
[ 482.1s] epoch 17 step 19650 avg_loss=13.544
[ 483.4s] epoch 17 step 19700 avg_loss=13.718
[ 484.5s] epoch 17 step 19750 avg_loss=13.928
[ 485.8s] epoch 17 step 19800 avg_loss=14.140
[ 486.7s] epoch 17 step 19850 avg_loss=14.031
[ 488.0s] epoch 17 step 19900 avg_loss=14.095
[ 488.1s] === epoch 17 done: avg_loss=14.082 (n=1106 derivations) ===
[ 489.1s] epoch 18 step 19950 avg_loss=16.648
[ 490.3s] epoch 18 step 20000 avg_loss=13.397
[ 491.4s] epoch 18 step 20050 avg_loss=13.456
[ 492.7s] epoch 18 step 20100 avg_loss=13.607
[ 494.0s] epoch 18 step 20150 avg_loss=13.643
[ 495.1s] epoch 18 step 20200 avg_loss=13.507
[ 496.1s] epoch 18 step 20250 avg_loss=12.692
[ 497.0s] epoch 18 step 20300 avg_loss=12.380
[ 498.1s] epoch 18 step 20350 avg_loss=12.375
[ 499.3s] epoch 18 step 20400 avg_loss=12.504
[ 500.3s] epoch 18 step 20450 avg_loss=12.668
[ 501.4s] epoch 18 step 20500 avg_loss=12.856
[ 502.7s] epoch 18 step 20550 avg_loss=13.176
[ 503.7s] epoch 18 step 20600 avg_loss=13.113
[ 505.2s] epoch 18 step 20650 avg_loss=13.074
[ 506.7s] epoch 18 step 20700 avg_loss=13.082
[ 508.0s] epoch 18 step 20750 avg_loss=13.136
[ 509.4s] epoch 18 step 20800 avg_loss=13.287
[ 510.8s] epoch 18 step 20850 avg_loss=13.273
[ 512.1s] epoch 18 step 20900 avg_loss=13.390
[ 513.1s] epoch 18 step 20950 avg_loss=13.266
[ 514.3s] epoch 18 step 21000 avg_loss=13.340
[ 514.6s] === epoch 18 done: avg_loss=13.292 (n=1106 derivations) ===
[ 515.6s] epoch 19 step 21050 avg_loss=13.903
[ 516.8s] epoch 19 step 21100 avg_loss=12.904
[ 517.9s] epoch 19 step 21150 avg_loss=11.584
[ 519.0s] epoch 19 step 21200 avg_loss=11.695
[ 520.3s] epoch 19 step 21250 avg_loss=12.068
[ 521.4s] epoch 19 step 21300 avg_loss=11.779
[ 522.5s] epoch 19 step 21350 avg_loss=12.120
[ 523.7s] epoch 19 step 21400 avg_loss=12.360
[ 524.7s] epoch 19 step 21450 avg_loss=12.223
[ 526.2s] epoch 19 step 21500 avg_loss=12.367
[ 527.4s] epoch 19 step 21550 avg_loss=12.603
[ 528.4s] epoch 19 step 21600 avg_loss=12.494
[ 529.5s] epoch 19 step 21650 avg_loss=12.407
[ 530.5s] epoch 19 step 21700 avg_loss=12.478
[ 532.0s] epoch 19 step 21750 avg_loss=12.600
[ 533.2s] epoch 19 step 21800 avg_loss=12.581
[ 534.5s] epoch 19 step 21850 avg_loss=12.520
[ 535.7s] epoch 19 step 21900 avg_loss=12.437
[ 536.9s] epoch 19 step 21950 avg_loss=12.466
[ 538.2s] epoch 19 step 22000 avg_loss=12.440
[ 539.2s] epoch 19 step 22050 avg_loss=12.360
[ 540.5s] epoch 19 step 22100 avg_loss=12.440
[ 541.0s] === epoch 19 done: avg_loss=12.541 (n=1106 derivations) ===
[ 541.6s] epoch 20 step 22150 avg_loss=7.897
[ 542.7s] epoch 20 step 22200 avg_loss=10.149
[ 544.0s] epoch 20 step 22250 avg_loss=12.083
[ 545.2s] epoch 20 step 22300 avg_loss=11.396
[ 546.3s] epoch 20 step 22350 avg_loss=11.048
[ 547.6s] epoch 20 step 22400 avg_loss=11.562
[ 548.8s] epoch 20 step 22450 avg_loss=11.770
[ 550.0s] epoch 20 step 22500 avg_loss=12.175
[ 551.1s] epoch 20 step 22550 avg_loss=11.914
[ 552.3s] epoch 20 step 22600 avg_loss=11.978
[ 553.4s] epoch 20 step 22650 avg_loss=11.902
[ 554.5s] epoch 20 step 22700 avg_loss=11.792
[ 555.6s] epoch 20 step 22750 avg_loss=11.771
[ 556.9s] epoch 20 step 22800 avg_loss=11.734
[ 557.9s] epoch 20 step 22850 avg_loss=11.640
[ 558.9s] epoch 20 step 22900 avg_loss=11.594
[ 559.8s] epoch 20 step 22950 avg_loss=11.459
[ 560.8s] epoch 20 step 23000 avg_loss=11.444
[ 562.0s] epoch 20 step 23050 avg_loss=11.635
[ 563.1s] epoch 20 step 23100 avg_loss=11.707
[ 564.3s] epoch 20 step 23150 avg_loss=11.753
[ 565.4s] epoch 20 step 23200 avg_loss=11.857
[ 565.9s] === epoch 20 done: avg_loss=11.848 (n=1106 derivations) ===
[ 566.5s] epoch 21 step 23250 avg_loss=14.225
[ 567.8s] epoch 21 step 23300 avg_loss=11.348
[ 569.1s] epoch 21 step 23350 avg_loss=11.522
[ 570.1s] epoch 21 step 23400 avg_loss=12.170
[ 571.2s] epoch 21 step 23450 avg_loss=11.657
[ 572.6s] epoch 21 step 23500 avg_loss=11.515
[ 573.8s] epoch 21 step 23550 avg_loss=11.764
[ 575.1s] epoch 21 step 23600 avg_loss=11.771
[ 576.4s] epoch 21 step 23650 avg_loss=11.345
[ 577.7s] epoch 21 step 23700 avg_loss=11.451
[ 578.9s] eval step=750 train_avg_loss=11.384 dev_rank1_f1=0.3131 dev_edge_p=0.2631 dev_edge_r=0.3866
[ 580.1s] epoch 21 step 23750 avg_loss=11.422
[ 581.3s] epoch 21 step 23800 avg_loss=11.217
[ 582.7s] epoch 21 step 23850 avg_loss=11.349
[ 583.9s] epoch 21 step 23900 avg_loss=11.461
[ 585.2s] epoch 21 step 23950 avg_loss=11.577
[ 586.5s] epoch 21 step 24000 avg_loss=11.453
[ 587.5s] epoch 21 step 24050 avg_loss=11.368
[ 588.6s] epoch 21 step 24100 avg_loss=11.339
[ 589.5s] epoch 21 step 24150 avg_loss=11.118
[ 590.7s] epoch 21 step 24200 avg_loss=11.152
[ 591.8s] epoch 21 step 24250 avg_loss=11.208
[ 592.8s] epoch 21 step 24300 avg_loss=11.175
[ 593.4s] === epoch 21 done: avg_loss=11.188 (n=1106 derivations) ===
[ 593.8s] epoch 22 step 24350 avg_loss=6.543
[ 594.8s] epoch 22 step 24400 avg_loss=7.783
[ 595.8s] epoch 22 step 24450 avg_loss=8.146
[ 597.0s] epoch 22 step 24500 avg_loss=8.615
[ 598.1s] epoch 22 step 24550 avg_loss=9.245
[ 599.2s] epoch 22 step 24600 avg_loss=9.424
[ 600.6s] epoch 22 step 24650 avg_loss=10.159
[ 601.7s] epoch 22 step 24700 avg_loss=10.557
[ 602.8s] epoch 22 step 24750 avg_loss=10.627
[ 603.8s] epoch 22 step 24800 avg_loss=10.574
[ 604.9s] epoch 22 step 24850 avg_loss=10.387
[ 606.1s] epoch 22 step 24900 avg_loss=10.391
[ 607.3s] epoch 22 step 24950 avg_loss=10.498
[ 608.4s] epoch 22 step 25000 avg_loss=10.560
[ 609.6s] epoch 22 step 25050 avg_loss=10.408
[ 610.7s] epoch 22 step 25100 avg_loss=10.388
[ 611.7s] epoch 22 step 25150 avg_loss=10.425
[ 612.8s] epoch 22 step 25200 avg_loss=10.509
[ 613.9s] epoch 22 step 25250 avg_loss=10.399
[ 615.1s] epoch 22 step 25300 avg_loss=10.485
[ 616.2s] epoch 22 step 25350 avg_loss=10.507
[ 617.4s] epoch 22 step 25400 avg_loss=10.488
[ 618.2s] === epoch 22 done: avg_loss=10.500 (n=1106 derivations) ===
[ 618.5s] epoch 23 step 25450 avg_loss=6.976
[ 619.6s] epoch 23 step 25500 avg_loss=11.953
[ 620.7s] epoch 23 step 25550 avg_loss=10.990
[ 621.7s] epoch 23 step 25600 avg_loss=10.008
[ 622.8s] epoch 23 step 25650 avg_loss=9.771
[ 623.8s] epoch 23 step 25700 avg_loss=9.784
[ 624.7s] epoch 23 step 25750 avg_loss=9.441
[ 625.9s] epoch 23 step 25800 avg_loss=9.551
[ 627.0s] epoch 23 step 25850 avg_loss=9.583
[ 628.2s] epoch 23 step 25900 avg_loss=9.651
[ 629.3s] epoch 23 step 25950 avg_loss=9.988
[ 630.5s] epoch 23 step 26000 avg_loss=9.913
[ 631.8s] epoch 23 step 26050 avg_loss=9.855
[ 632.7s] epoch 23 step 26100 avg_loss=9.862
[ 633.9s] epoch 23 step 26150 avg_loss=9.956
[ 635.1s] epoch 23 step 26200 avg_loss=10.036
[ 636.1s] epoch 23 step 26250 avg_loss=9.859
[ 637.6s] epoch 23 step 26300 avg_loss=9.847
[ 638.9s] epoch 23 step 26350 avg_loss=10.039
[ 640.1s] epoch 23 step 26400 avg_loss=9.932
[ 641.3s] epoch 23 step 26450 avg_loss=9.893
[ 642.5s] epoch 23 step 26500 avg_loss=9.941
[ 643.5s] === epoch 23 done: avg_loss=10.054 (n=1106 derivations) ===
[ 643.7s] epoch 24 step 26550 avg_loss=10.696
[ 644.9s] epoch 24 step 26600 avg_loss=9.320
[ 646.4s] epoch 24 step 26650 avg_loss=9.501
[ 647.8s] epoch 24 step 26700 avg_loss=10.073
[ 649.1s] epoch 24 step 26750 avg_loss=10.034
[ 650.2s] epoch 24 step 26800 avg_loss=9.726
[ 651.2s] epoch 24 step 26850 avg_loss=9.638
[ 652.2s] epoch 24 step 26900 avg_loss=9.478
[ 653.4s] epoch 24 step 26950 avg_loss=9.468
[ 654.3s] epoch 24 step 27000 avg_loss=9.126
[ 655.5s] epoch 24 step 27050 avg_loss=9.121
[ 657.0s] epoch 24 step 27100 avg_loss=9.232
[ 658.2s] epoch 24 step 27150 avg_loss=9.330
[ 659.5s] epoch 24 step 27200 avg_loss=9.370
[ 660.7s] epoch 24 step 27250 avg_loss=9.362
[ 661.9s] epoch 24 step 27300 avg_loss=9.250
[ 663.0s] epoch 24 step 27350 avg_loss=9.275
[ 664.1s] epoch 24 step 27400 avg_loss=9.428
[ 665.2s] epoch 24 step 27450 avg_loss=9.382
[ 666.2s] epoch 24 step 27500 avg_loss=9.366
[ 667.5s] epoch 24 step 27550 avg_loss=9.358
[ 668.5s] epoch 24 step 27600 avg_loss=9.370
[ 669.5s] epoch 24 step 27650 avg_loss=9.422
[ 669.5s] === epoch 24 done: avg_loss=9.422 (n=1106 derivations) ===
[ 670.7s] epoch 25 step 27700 avg_loss=8.979
[ 671.7s] epoch 25 step 27750 avg_loss=8.025
[ 672.8s] epoch 25 step 27800 avg_loss=8.902
[ 673.9s] epoch 25 step 27850 avg_loss=8.950
[ 674.9s] epoch 25 step 27900 avg_loss=9.040
[ 676.4s] epoch 25 step 27950 avg_loss=9.000
[ 677.6s] epoch 25 step 28000 avg_loss=8.994
[ 678.7s] epoch 25 step 28050 avg_loss=8.932
[ 679.5s] epoch 25 step 28100 avg_loss=8.694
[ 680.6s] epoch 25 step 28150 avg_loss=8.781
[ 681.8s] epoch 25 step 28200 avg_loss=8.867
[ 682.8s] epoch 25 step 28250 avg_loss=8.859
[ 683.8s] epoch 25 step 28300 avg_loss=8.899
[ 684.8s] epoch 25 step 28350 avg_loss=8.855
[ 685.9s] epoch 25 step 28400 avg_loss=9.045
[ 687.0s] epoch 25 step 28450 avg_loss=9.030
[ 688.2s] epoch 25 step 28500 avg_loss=8.990
[ 689.7s] epoch 25 step 28550 avg_loss=8.952
[ 691.1s] epoch 25 step 28600 avg_loss=8.963
[ 692.3s] epoch 25 step 28650 avg_loss=8.914
[ 693.5s] epoch 25 step 28700 avg_loss=8.920
[ 694.6s] epoch 25 step 28750 avg_loss=9.001
[ 694.7s] === epoch 25 done: avg_loss=8.988 (n=1106 derivations) ===
[ 695.8s] epoch 26 step 28800 avg_loss=8.612
[ 697.0s] epoch 26 step 28850 avg_loss=7.258
[ 698.2s] epoch 26 step 28900 avg_loss=8.008
[ 699.4s] epoch 26 step 28950 avg_loss=7.905
[ 700.8s] epoch 26 step 29000 avg_loss=8.522
[ 702.0s] epoch 26 step 29050 avg_loss=8.388
[ 703.2s] epoch 26 step 29100 avg_loss=8.464
[ 704.3s] epoch 26 step 29150 avg_loss=8.342
[ 705.4s] epoch 26 step 29200 avg_loss=8.082
[ 706.6s] epoch 26 step 29250 avg_loss=8.014
[ 707.9s] epoch 26 step 29300 avg_loss=7.907
[ 709.1s] epoch 26 step 29350 avg_loss=7.856
[ 710.3s] epoch 26 step 29400 avg_loss=7.976
[ 711.5s] epoch 26 step 29450 avg_loss=8.052
[ 712.6s] epoch 26 step 29500 avg_loss=8.043
[ 713.7s] epoch 26 step 29550 avg_loss=8.097
[ 714.7s] epoch 26 step 29600 avg_loss=8.241
[ 716.1s] epoch 26 step 29650 avg_loss=8.255
[ 717.2s] epoch 26 step 29700 avg_loss=8.371
[ 718.6s] epoch 26 step 29750 avg_loss=8.390
[ 719.8s] epoch 26 step 29800 avg_loss=8.526
[ 721.0s] epoch 26 step 29850 avg_loss=8.547
[ 721.2s] === epoch 26 done: avg_loss=8.528 (n=1106 derivations) ===
[ 722.2s] epoch 27 step 29900 avg_loss=7.422
[ 723.3s] epoch 27 step 29950 avg_loss=8.098
[ 724.3s] epoch 27 step 30000 avg_loss=7.974
[ 725.4s] epoch 27 step 30050 avg_loss=8.433
[ 726.6s] epoch 27 step 30100 avg_loss=8.214
[ 727.6s] epoch 27 step 30150 avg_loss=8.148
[ 728.7s] epoch 27 step 30200 avg_loss=8.266
[ 729.7s] epoch 27 step 30250 avg_loss=7.944
[ 730.8s] epoch 27 step 30300 avg_loss=7.960
[ 731.8s] epoch 27 step 30350 avg_loss=7.906
[ 732.8s] epoch 27 step 30400 avg_loss=7.970
[ 734.0s] epoch 27 step 30450 avg_loss=7.999
[ 734.9s] epoch 27 step 30500 avg_loss=7.853
[ 736.3s] epoch 27 step 30550 avg_loss=7.961
[ 737.3s] epoch 27 step 30600 avg_loss=7.872
[ 738.5s] epoch 27 step 30650 avg_loss=8.007
[ 739.7s] epoch 27 step 30700 avg_loss=8.058
[ 740.8s] epoch 27 step 30750 avg_loss=8.051
[ 741.9s] epoch 27 step 30800 avg_loss=7.973
[ 743.1s] epoch 27 step 30850 avg_loss=7.942
[ 744.1s] epoch 27 step 30900 avg_loss=7.955
[ 745.2s] epoch 27 step 30950 avg_loss=8.029
[ 745.7s] === epoch 27 done: avg_loss=8.054 (n=1106 derivations) ===
[ 746.5s] epoch 28 step 31000 avg_loss=5.982
[ 747.6s] epoch 28 step 31050 avg_loss=6.778
[ 748.8s] epoch 28 step 31100 avg_loss=6.737
[ 750.0s] epoch 28 step 31150 avg_loss=6.648
[ 751.6s] epoch 28 step 31200 avg_loss=6.957
[ 752.6s] epoch 28 step 31250 avg_loss=6.751
[ 753.8s] epoch 28 step 31300 avg_loss=6.771
[ 755.1s] epoch 28 step 31350 avg_loss=7.102
[ 756.3s] epoch 28 step 31400 avg_loss=7.233
[ 757.6s] epoch 28 step 31450 avg_loss=7.308
[ 758.6s] epoch 28 step 31500 avg_loss=7.466
[ 759.8s] epoch 28 step 31550 avg_loss=7.589
[ 760.8s] epoch 28 step 31600 avg_loss=7.511
[ 761.8s] eval step=1000 train_avg_loss=7.498 dev_rank1_f1=0.3225 dev_edge_p=0.2784 dev_edge_r=0.3832
[ 762.8s] epoch 28 step 31650 avg_loss=7.625
[ 764.1s] epoch 28 step 31700 avg_loss=7.757
[ 765.3s] epoch 28 step 31750 avg_loss=7.598
[ 766.5s] epoch 28 step 31800 avg_loss=7.637
[ 767.7s] epoch 28 step 31850 avg_loss=7.705
[ 768.6s] epoch 28 step 31900 avg_loss=7.604
[ 769.8s] epoch 28 step 31950 avg_loss=7.711
[ 770.8s] epoch 28 step 32000 avg_loss=7.631
[ 771.8s] epoch 28 step 32050 avg_loss=7.630
[ 772.4s] === epoch 28 done: avg_loss=7.609 (n=1106 derivations) ===
[ 773.0s] epoch 29 step 32100 avg_loss=8.754
[ 774.1s] epoch 29 step 32150 avg_loss=9.183
[ 775.3s] epoch 29 step 32200 avg_loss=7.587
[ 776.6s] epoch 29 step 32250 avg_loss=7.273
[ 777.8s] epoch 29 step 32300 avg_loss=7.115
[ 779.0s] epoch 29 step 32350 avg_loss=7.136
[ 780.2s] epoch 29 step 32400 avg_loss=7.101
[ 781.4s] epoch 29 step 32450 avg_loss=7.042
[ 782.5s] epoch 29 step 32500 avg_loss=7.139
[ 783.8s] epoch 29 step 32550 avg_loss=7.131
[ 785.0s] epoch 29 step 32600 avg_loss=7.237
[ 786.0s] epoch 29 step 32650 avg_loss=7.208
[ 787.1s] epoch 29 step 32700 avg_loss=7.114
[ 788.3s] epoch 29 step 32750 avg_loss=7.144
[ 789.4s] epoch 29 step 32800 avg_loss=7.220
[ 790.4s] epoch 29 step 32850 avg_loss=7.173
[ 791.6s] epoch 29 step 32900 avg_loss=7.425
[ 792.7s] epoch 29 step 32950 avg_loss=7.446
[ 793.9s] epoch 29 step 33000 avg_loss=7.445
[ 794.9s] epoch 29 step 33050 avg_loss=7.389
[ 796.1s] epoch 29 step 33100 avg_loss=7.361
[ 797.2s] epoch 29 step 33150 avg_loss=7.334
[ 797.9s] === epoch 29 done: avg_loss=7.390 (n=1106 derivations) ===
[ 798.3s] epoch 30 step 33200 avg_loss=5.277
[ 799.4s] epoch 30 step 33250 avg_loss=5.137
[ 800.6s] epoch 30 step 33300 avg_loss=5.345
[ 802.0s] epoch 30 step 33350 avg_loss=5.623
[ 803.3s] epoch 30 step 33400 avg_loss=6.295
[ 804.8s] epoch 30 step 33450 avg_loss=6.292
[ 805.9s] epoch 30 step 33500 avg_loss=6.104
[ 806.9s] epoch 30 step 33550 avg_loss=5.893
[ 808.0s] epoch 30 step 33600 avg_loss=6.179
[ 809.2s] epoch 30 step 33650 avg_loss=6.310
[ 810.4s] epoch 30 step 33700 avg_loss=6.523
[ 811.5s] epoch 30 step 33750 avg_loss=6.484
[ 812.5s] epoch 30 step 33800 avg_loss=6.453
[ 813.5s] epoch 30 step 33850 avg_loss=6.544
[ 814.6s] epoch 30 step 33900 avg_loss=6.592
[ 815.7s] epoch 30 step 33950 avg_loss=6.652
[ 816.7s] epoch 30 step 34000 avg_loss=6.606
[ 817.7s] epoch 30 step 34050 avg_loss=6.573
[ 818.7s] epoch 30 step 34100 avg_loss=6.604
[ 819.8s] epoch 30 step 34150 avg_loss=6.690
[ 820.8s] epoch 30 step 34200 avg_loss=6.763
[ 821.9s] epoch 30 step 34250 avg_loss=6.873
[ 822.7s] === epoch 30 done: avg_loss=6.899 (n=1106 derivations) ===
[ 823.0s] epoch 31 step 34300 avg_loss=7.224
[ 824.0s] epoch 31 step 34350 avg_loss=6.122
[ 825.2s] epoch 31 step 34400 avg_loss=6.597
[ 826.2s] epoch 31 step 34450 avg_loss=6.219
[ 827.3s] epoch 31 step 34500 avg_loss=6.014
[ 828.5s] epoch 31 step 34550 avg_loss=6.700
[ 829.5s] epoch 31 step 34600 avg_loss=6.613
[ 830.6s] epoch 31 step 34650 avg_loss=6.738
[ 831.5s] epoch 31 step 34700 avg_loss=6.575
[ 832.5s] epoch 31 step 34750 avg_loss=6.585
[ 833.5s] epoch 31 step 34800 avg_loss=6.624
[ 834.6s] epoch 31 step 34850 avg_loss=6.690
[ 835.7s] epoch 31 step 34900 avg_loss=6.561
[ 836.9s] epoch 31 step 34950 avg_loss=6.615
[ 838.1s] epoch 31 step 35000 avg_loss=6.592
[ 839.2s] epoch 31 step 35050 avg_loss=6.647
[ 840.3s] epoch 31 step 35100 avg_loss=6.764
[ 841.4s] epoch 31 step 35150 avg_loss=6.811
[ 842.6s] epoch 31 step 35200 avg_loss=6.784
[ 843.7s] epoch 31 step 35250 avg_loss=6.802
[ 844.9s] epoch 31 step 35300 avg_loss=6.806
[ 845.9s] epoch 31 step 35350 avg_loss=6.708
[ 846.8s] === epoch 31 done: avg_loss=6.684 (n=1106 derivations) ===
[ 847.0s] epoch 32 step 35400 avg_loss=3.999
[ 847.9s] epoch 32 step 35450 avg_loss=5.388
[ 849.0s] epoch 32 step 35500 avg_loss=5.581
[ 849.9s] epoch 32 step 35550 avg_loss=5.643
[ 850.9s] epoch 32 step 35600 avg_loss=5.843
[ 852.2s] epoch 32 step 35650 avg_loss=5.799
[ 853.4s] epoch 32 step 35700 avg_loss=5.785
[ 854.5s] epoch 32 step 35750 avg_loss=5.624
[ 855.7s] epoch 32 step 35800 avg_loss=5.774
[ 857.0s] epoch 32 step 35850 avg_loss=6.114
[ 858.1s] epoch 32 step 35900 avg_loss=6.156
[ 859.3s] epoch 32 step 35950 avg_loss=6.161
[ 860.6s] epoch 32 step 36000 avg_loss=6.347
[ 861.8s] epoch 32 step 36050 avg_loss=6.534
[ 863.1s] epoch 32 step 36100 avg_loss=6.518
[ 864.3s] epoch 32 step 36150 avg_loss=6.558
[ 865.4s] epoch 32 step 36200 avg_loss=6.491
[ 866.8s] epoch 32 step 36250 avg_loss=6.559
[ 868.0s] epoch 32 step 36300 avg_loss=6.508
[ 869.3s] epoch 32 step 36350 avg_loss=6.522
[ 870.6s] epoch 32 step 36400 avg_loss=6.433
[ 871.7s] epoch 32 step 36450 avg_loss=6.434
[ 872.8s] === epoch 32 done: avg_loss=6.412 (n=1106 derivations) ===
[ 872.8s] epoch 33 step 36500 avg_loss=1.296
[ 874.0s] epoch 33 step 36550 avg_loss=6.395
[ 875.2s] epoch 33 step 36600 avg_loss=6.033
[ 876.3s] epoch 33 step 36650 avg_loss=5.810
[ 877.3s] epoch 33 step 36700 avg_loss=5.807
[ 878.3s] epoch 33 step 36750 avg_loss=5.645
[ 879.6s] epoch 33 step 36800 avg_loss=5.778
[ 880.7s] epoch 33 step 36850 avg_loss=5.673
[ 881.7s] epoch 33 step 36900 avg_loss=5.578
[ 882.9s] epoch 33 step 36950 avg_loss=5.710
[ 883.8s] epoch 33 step 37000 avg_loss=5.666
[ 885.0s] epoch 33 step 37050 avg_loss=5.734
[ 886.3s] epoch 33 step 37100 avg_loss=5.722
[ 887.3s] epoch 33 step 37150 avg_loss=5.808
[ 888.3s] epoch 33 step 37200 avg_loss=5.771
[ 889.4s] epoch 33 step 37250 avg_loss=5.804
[ 890.5s] epoch 33 step 37300 avg_loss=5.953
[ 891.5s] epoch 33 step 37350 avg_loss=5.920
[ 892.7s] epoch 33 step 37400 avg_loss=5.944
[ 893.7s] epoch 33 step 37450 avg_loss=5.970
[ 894.9s] epoch 33 step 37500 avg_loss=6.063
[ 896.4s] epoch 33 step 37550 avg_loss=6.107
[ 897.5s] epoch 33 step 37600 avg_loss=6.141
[ 897.5s] === epoch 33 done: avg_loss=6.125 (n=1106 derivations) ===
[ 898.8s] epoch 34 step 37650 avg_loss=5.458
[ 899.9s] epoch 34 step 37700 avg_loss=4.975
[ 901.2s] epoch 34 step 37750 avg_loss=5.407
[ 902.2s] epoch 34 step 37800 avg_loss=5.278
[ 903.3s] epoch 34 step 37850 avg_loss=5.196
[ 904.5s] epoch 34 step 37900 avg_loss=5.437
[ 905.6s] epoch 34 step 37950 avg_loss=5.268
[ 907.0s] epoch 34 step 38000 avg_loss=5.663
[ 908.2s] epoch 34 step 38050 avg_loss=6.023
[ 909.3s] epoch 34 step 38100 avg_loss=5.836
[ 910.4s] epoch 34 step 38150 avg_loss=5.845
[ 911.5s] epoch 34 step 38200 avg_loss=5.764
[ 912.5s] epoch 34 step 38250 avg_loss=5.727
[ 913.6s] epoch 34 step 38300 avg_loss=5.690
[ 914.6s] epoch 34 step 38350 avg_loss=5.693
[ 915.7s] epoch 34 step 38400 avg_loss=5.728
[ 916.8s] epoch 34 step 38450 avg_loss=5.668
[ 918.0s] epoch 34 step 38500 avg_loss=5.726
[ 919.2s] epoch 34 step 38550 avg_loss=5.768
[ 920.3s] epoch 34 step 38600 avg_loss=5.832
[ 921.5s] epoch 34 step 38650 avg_loss=5.852
[ 922.5s] epoch 34 step 38700 avg_loss=5.896
[ 922.8s] === epoch 34 done: avg_loss=5.893 (n=1106 derivations) ===
[ 923.9s] epoch 35 step 38750 avg_loss=5.894
[ 925.0s] epoch 35 step 38800 avg_loss=5.933
[ 926.3s] epoch 35 step 38850 avg_loss=5.725
[ 927.4s] epoch 35 step 38900 avg_loss=5.545
[ 928.6s] epoch 35 step 38950 avg_loss=5.359
[ 929.9s] epoch 35 step 39000 avg_loss=5.640
[ 931.1s] epoch 35 step 39050 avg_loss=5.557
[ 932.5s] epoch 35 step 39100 avg_loss=5.769
[ 933.7s] epoch 35 step 39150 avg_loss=5.642
[ 935.1s] epoch 35 step 39200 avg_loss=5.794
[ 936.3s] epoch 35 step 39250 avg_loss=5.902
[ 937.6s] epoch 35 step 39300 avg_loss=5.851
[ 939.0s] epoch 35 step 39350 avg_loss=5.820
[ 940.2s] epoch 35 step 39400 avg_loss=5.644
[ 941.3s] epoch 35 step 39450 avg_loss=5.672
[ 942.3s] epoch 35 step 39500 avg_loss=5.639
[ 943.4s] eval step=1250 train_avg_loss=5.623 dev_rank1_f1=0.3154 dev_edge_p=0.2581 dev_edge_r=0.4055
[ 944.4s] epoch 35 step 39550 avg_loss=5.636
[ 945.5s] epoch 35 step 39600 avg_loss=5.624
[ 946.6s] epoch 35 step 39650 avg_loss=5.626
[ 947.8s] epoch 35 step 39700 avg_loss=5.625
[ 948.8s] epoch 35 step 39750 avg_loss=5.582
[ 949.8s] epoch 35 step 39800 avg_loss=5.682
[ 950.2s] === epoch 35 done: avg_loss=5.671 (n=1106 derivations) ===
[ 950.9s] epoch 36 step 39850 avg_loss=3.353
[ 951.9s] epoch 36 step 39900 avg_loss=4.402
[ 953.0s] epoch 36 step 39950 avg_loss=4.967
[ 954.1s] epoch 36 step 40000 avg_loss=5.251
[ 955.1s] epoch 36 step 40050 avg_loss=5.037
[ 956.1s] epoch 36 step 40100 avg_loss=4.808
[ 957.3s] epoch 36 step 40150 avg_loss=4.939
[ 958.2s] epoch 36 step 40200 avg_loss=5.029
[ 959.3s] epoch 36 step 40250 avg_loss=5.012
[ 960.2s] epoch 36 step 40300 avg_loss=4.860
[ 961.4s] epoch 36 step 40350 avg_loss=5.096
[ 962.6s] epoch 36 step 40400 avg_loss=5.126
[ 963.6s] epoch 36 step 40450 avg_loss=5.040
[ 964.6s] epoch 36 step 40500 avg_loss=5.079
[ 966.1s] epoch 36 step 40550 avg_loss=5.071
[ 967.4s] epoch 36 step 40600 avg_loss=5.086
[ 968.8s] epoch 36 step 40650 avg_loss=5.299
[ 970.2s] epoch 36 step 40700 avg_loss=5.345
[ 971.3s] epoch 36 step 40750 avg_loss=5.355
[ 972.4s] epoch 36 step 40800 avg_loss=5.374
[ 973.4s] epoch 36 step 40850 avg_loss=5.457
[ 974.7s] epoch 36 step 40900 avg_loss=5.530
[ 975.1s] === epoch 36 done: avg_loss=5.507 (n=1106 derivations) ===
[ 975.8s] epoch 37 step 40950 avg_loss=4.306
[ 977.1s] epoch 37 step 41000 avg_loss=5.015
[ 978.1s] epoch 37 step 41050 avg_loss=5.019
[ 979.1s] epoch 37 step 41100 avg_loss=4.916
[ 980.2s] epoch 37 step 41150 avg_loss=4.859
[ 981.3s] epoch 37 step 41200 avg_loss=4.809
[ 982.4s] epoch 37 step 41250 avg_loss=4.769
[ 983.8s] epoch 37 step 41300 avg_loss=4.780
[ 984.8s] epoch 37 step 41350 avg_loss=4.851
[ 986.0s] epoch 37 step 41400 avg_loss=4.887
[ 987.3s] epoch 37 step 41450 avg_loss=4.903
[ 988.5s] epoch 37 step 41500 avg_loss=4.978
[ 989.6s] epoch 37 step 41550 avg_loss=5.030
[ 990.8s] epoch 37 step 41600 avg_loss=4.983
[ 991.9s] epoch 37 step 41650 avg_loss=4.980
[ 993.1s] epoch 37 step 41700 avg_loss=5.034
[ 994.3s] epoch 37 step 41750 avg_loss=5.104
[ 995.4s] epoch 37 step 41800 avg_loss=5.064
[ 996.4s] epoch 37 step 41850 avg_loss=5.033
[ 997.6s] epoch 37 step 41900 avg_loss=5.093
[ 998.6s] epoch 37 step 41950 avg_loss=5.134
[ 999.6s] epoch 37 step 42000 avg_loss=5.126
[1000.3s] === epoch 37 done: avg_loss=5.194 (n=1106 derivations) ===
[1000.8s] epoch 38 step 42050 avg_loss=3.219
[1001.8s] epoch 38 step 42100 avg_loss=3.665
[1002.9s] epoch 38 step 42150 avg_loss=4.000
[1004.0s] epoch 38 step 42200 avg_loss=3.939
[1005.2s] epoch 38 step 42250 avg_loss=4.458
[1006.5s] epoch 38 step 42300 avg_loss=4.649
[1007.5s] epoch 38 step 42350 avg_loss=4.572
[1008.8s] epoch 38 step 42400 avg_loss=4.851
[1010.1s] epoch 38 step 42450 avg_loss=5.006
[1011.2s] epoch 38 step 42500 avg_loss=4.915
[1012.5s] epoch 38 step 42550 avg_loss=4.901
[1013.8s] epoch 38 step 42600 avg_loss=4.947
[1015.2s] epoch 38 step 42650 avg_loss=4.950
[1016.5s] epoch 38 step 42700 avg_loss=4.988
[1017.8s] epoch 38 step 42750 avg_loss=4.950
[1019.0s] epoch 38 step 42800 avg_loss=4.908
[1020.1s] epoch 38 step 42850 avg_loss=4.930
[1021.1s] epoch 38 step 42900 avg_loss=4.991
[1022.2s] epoch 38 step 42950 avg_loss=4.933
[1023.5s] epoch 38 step 43000 avg_loss=4.953
[1024.7s] epoch 38 step 43050 avg_loss=4.998
[1025.8s] epoch 38 step 43100 avg_loss=5.042
[1026.6s] === epoch 38 done: avg_loss=4.998 (n=1106 derivations) ===
[1027.1s] epoch 39 step 43150 avg_loss=5.660
[1028.1s] epoch 39 step 43200 avg_loss=4.186
[1029.3s] epoch 39 step 43250 avg_loss=5.209
[1030.4s] epoch 39 step 43300 avg_loss=4.986
[1031.4s] epoch 39 step 43350 avg_loss=4.585
[1032.5s] epoch 39 step 43400 avg_loss=4.659
[1033.5s] epoch 39 step 43450 avg_loss=4.414
[1034.7s] epoch 39 step 43500 avg_loss=4.415
[1035.9s] epoch 39 step 43550 avg_loss=4.397
[1037.1s] epoch 39 step 43600 avg_loss=4.545
[1038.2s] epoch 39 step 43650 avg_loss=4.545
[1039.3s] epoch 39 step 43700 avg_loss=4.620
[1040.4s] epoch 39 step 43750 avg_loss=4.575
[1041.6s] epoch 39 step 43800 avg_loss=4.545
[1042.8s] epoch 39 step 43850 avg_loss=4.618
[1044.0s] epoch 39 step 43900 avg_loss=4.598
[1045.1s] epoch 39 step 43950 avg_loss=4.555
[1046.3s] epoch 39 step 44000 avg_loss=4.668
[1047.3s] epoch 39 step 44050 avg_loss=4.714
[1048.4s] epoch 39 step 44100 avg_loss=4.693
[1049.5s] epoch 39 step 44150 avg_loss=4.762
[1050.8s] epoch 39 step 44200 avg_loss=4.805
[1051.7s] === epoch 39 done: avg_loss=4.822 (n=1106 derivations) ===
[1051.9s] epoch 40 step 44250 avg_loss=4.539
[1053.1s] epoch 40 step 44300 avg_loss=4.904
[1054.2s] epoch 40 step 44350 avg_loss=4.818
[1055.4s] epoch 40 step 44400 avg_loss=4.426
[1056.8s] epoch 40 step 44450 avg_loss=4.435
[1057.9s] epoch 40 step 44500 avg_loss=4.563
[1059.0s] epoch 40 step 44550 avg_loss=4.705
[1060.1s] epoch 40 step 44600 avg_loss=4.551
[1061.2s] epoch 40 step 44650 avg_loss=4.573
[1062.3s] epoch 40 step 44700 avg_loss=4.535
[1063.3s] epoch 40 step 44750 avg_loss=4.603
[1064.6s] epoch 40 step 44800 avg_loss=4.642
[1065.9s] epoch 40 step 44850 avg_loss=4.652
[1067.0s] epoch 40 step 44900 avg_loss=4.505
[1068.1s] epoch 40 step 44950 avg_loss=4.526
[1069.1s] epoch 40 step 45000 avg_loss=4.528
[1070.3s] epoch 40 step 45050 avg_loss=4.519
[1071.4s] epoch 40 step 45100 avg_loss=4.495
[1072.6s] epoch 40 step 45150 avg_loss=4.510
[1073.7s] epoch 40 step 45200 avg_loss=4.500
[1074.8s] epoch 40 step 45250 avg_loss=4.489
[1076.4s] epoch 40 step 45300 avg_loss=4.545
[1077.5s] === epoch 40 done: avg_loss=4.626 (n=1106 derivations) ===
[1077.6s] epoch 41 step 45350 avg_loss=4.184
[1078.8s] epoch 41 step 45400 avg_loss=4.261
[1079.9s] epoch 41 step 45450 avg_loss=3.756
[1081.1s] epoch 41 step 45500 avg_loss=3.986
[1082.3s] epoch 41 step 45550 avg_loss=3.924
[1083.4s] epoch 41 step 45600 avg_loss=3.983
[1084.5s] epoch 41 step 45650 avg_loss=3.941
[1085.7s] epoch 41 step 45700 avg_loss=3.920
[1086.7s] epoch 41 step 45750 avg_loss=3.962
[1088.1s] epoch 41 step 45800 avg_loss=4.214
[1089.2s] epoch 41 step 45850 avg_loss=4.239
[1090.2s] epoch 41 step 45900 avg_loss=4.204
[1091.3s] epoch 41 step 45950 avg_loss=4.208
[1092.6s] epoch 41 step 46000 avg_loss=4.276
[1093.7s] epoch 41 step 46050 avg_loss=4.300
[1095.0s] epoch 41 step 46100 avg_loss=4.325
[1096.3s] epoch 41 step 46150 avg_loss=4.410
[1097.5s] epoch 41 step 46200 avg_loss=4.379
[1098.9s] epoch 41 step 46250 avg_loss=4.376
[1100.0s] epoch 41 step 46300 avg_loss=4.401
[1101.0s] epoch 41 step 46350 avg_loss=4.443
[1102.1s] epoch 41 step 46400 avg_loss=4.440
[1103.5s] epoch 41 step 46450 avg_loss=4.476
[1103.6s] === epoch 41 done: avg_loss=4.469 (n=1106 derivations) ===
[1104.7s] epoch 42 step 46500 avg_loss=4.440
[1105.9s] epoch 42 step 46550 avg_loss=4.211
[1107.2s] epoch 42 step 46600 avg_loss=3.881
[1108.4s] epoch 42 step 46650 avg_loss=3.799
[1109.7s] epoch 42 step 46700 avg_loss=3.896
[1111.0s] epoch 42 step 46750 avg_loss=3.967
[1112.2s] epoch 42 step 46800 avg_loss=4.275
[1113.5s] epoch 42 step 46850 avg_loss=4.225
[1114.7s] epoch 42 step 46900 avg_loss=4.115
[1116.1s] epoch 42 step 46950 avg_loss=4.165
[1117.6s] epoch 42 step 47000 avg_loss=4.206
[1118.7s] epoch 42 step 47050 avg_loss=4.145
[1120.0s] epoch 42 step 47100 avg_loss=4.187
[1121.2s] epoch 42 step 47150 avg_loss=4.205
[1122.3s] epoch 42 step 47200 avg_loss=4.189
[1123.5s] epoch 42 step 47250 avg_loss=4.232
[1124.7s] epoch 42 step 47300 avg_loss=4.175
[1126.1s] epoch 42 step 47350 avg_loss=4.215
[1127.4s] epoch 42 step 47400 avg_loss=4.271
[1128.7s] eval step=1500 train_avg_loss=4.276 dev_rank1_f1=0.3245 dev_edge_p=0.2809 dev_edge_r=0.3841
[1129.6s] epoch 42 step 47450 avg_loss=4.298
[1130.8s] epoch 42 step 47500 avg_loss=4.300
[1131.9s] epoch 42 step 47550 avg_loss=4.269
[1132.0s] === epoch 42 done: avg_loss=4.259 (n=1106 derivations) ===
[1133.1s] epoch 43 step 47600 avg_loss=3.624
[1134.1s] epoch 43 step 47650 avg_loss=3.520
[1135.2s] epoch 43 step 47700 avg_loss=3.693
[1136.4s] epoch 43 step 47750 avg_loss=3.574
[1137.4s] epoch 43 step 47800 avg_loss=3.391
[1138.4s] epoch 43 step 47850 avg_loss=3.487
[1139.5s] epoch 43 step 47900 avg_loss=3.458
[1140.8s] epoch 43 step 47950 avg_loss=3.689
[1142.0s] epoch 43 step 48000 avg_loss=3.845
[1143.3s] epoch 43 step 48050 avg_loss=3.918
[1144.4s] epoch 43 step 48100 avg_loss=3.915
[1145.7s] epoch 43 step 48150 avg_loss=3.979
[1147.0s] epoch 43 step 48200 avg_loss=3.974
[1148.1s] epoch 43 step 48250 avg_loss=3.982
[1149.2s] epoch 43 step 48300 avg_loss=4.050
[1150.5s] epoch 43 step 48350 avg_loss=4.130
[1151.8s] epoch 43 step 48400 avg_loss=4.153
[1153.0s] epoch 43 step 48450 avg_loss=4.138
[1154.3s] epoch 43 step 48500 avg_loss=4.093
[1155.6s] epoch 43 step 48550 avg_loss=4.088
[1157.0s] epoch 43 step 48600 avg_loss=4.115
[1158.1s] epoch 43 step 48650 avg_loss=4.159
[1158.4s] === epoch 43 done: avg_loss=4.150 (n=1106 derivations) ===
[1159.3s] epoch 44 step 48700 avg_loss=3.096
[1160.7s] epoch 44 step 48750 avg_loss=4.003
[1161.8s] epoch 44 step 48800 avg_loss=3.971
[1162.9s] epoch 44 step 48850 avg_loss=3.733
[1163.9s] epoch 44 step 48900 avg_loss=3.782
[1165.1s] epoch 44 step 48950 avg_loss=3.875
[1166.2s] epoch 44 step 49000 avg_loss=3.964
[1167.3s] epoch 44 step 49050 avg_loss=3.809
[1168.4s] epoch 44 step 49100 avg_loss=3.808
[1169.4s] epoch 44 step 49150 avg_loss=3.728
[1170.7s] epoch 44 step 49200 avg_loss=3.812
[1171.8s] epoch 44 step 49250 avg_loss=3.819
[1172.9s] epoch 44 step 49300 avg_loss=3.853
[1174.2s] epoch 44 step 49350 avg_loss=3.878
[1175.2s] epoch 44 step 49400 avg_loss=3.883
[1176.7s] epoch 44 step 49450 avg_loss=3.946
[1178.0s] epoch 44 step 49500 avg_loss=3.916
[1179.0s] epoch 44 step 49550 avg_loss=3.938
[1180.1s] epoch 44 step 49600 avg_loss=3.904
[1181.2s] epoch 44 step 49650 avg_loss=3.950
[1182.4s] epoch 44 step 49700 avg_loss=3.949
[1183.4s] epoch 44 step 49750 avg_loss=3.957
[1183.8s] === epoch 44 done: avg_loss=3.971 (n=1106 derivations) ===
[1184.5s] epoch 45 step 49800 avg_loss=2.736
[1185.5s] epoch 45 step 49850 avg_loss=2.963
[1186.5s] epoch 45 step 49900 avg_loss=3.151
[1187.7s] epoch 45 step 49950 avg_loss=3.252
[1188.8s] epoch 45 step 50000 avg_loss=3.197
[1189.8s] epoch 45 step 50050 avg_loss=3.340
[1191.1s] epoch 45 step 50100 avg_loss=3.735
[1192.3s] epoch 45 step 50150 avg_loss=3.546
[1193.5s] epoch 45 step 50200 avg_loss=3.586
[1194.6s] epoch 45 step 50250 avg_loss=3.640
[1195.7s] epoch 45 step 50300 avg_loss=3.726
[1197.0s] epoch 45 step 50350 avg_loss=3.723
[1198.1s] epoch 45 step 50400 avg_loss=3.708
[1199.4s] epoch 45 step 50450 avg_loss=3.731
[1200.5s] epoch 45 step 50500 avg_loss=3.700
[1202.0s] epoch 45 step 50550 avg_loss=3.742
[1203.1s] epoch 45 step 50600 avg_loss=3.759
[1204.3s] epoch 45 step 50650 avg_loss=3.786
[1205.7s] epoch 45 step 50700 avg_loss=3.805
[1206.8s] epoch 45 step 50750 avg_loss=3.861
[1207.7s] epoch 45 step 50800 avg_loss=3.803
[1209.0s] epoch 45 step 50850 avg_loss=3.852
[1209.7s] === epoch 45 done: avg_loss=3.905 (n=1106 derivations) ===
[1210.4s] epoch 46 step 50900 avg_loss=3.260
[1211.6s] epoch 46 step 50950 avg_loss=3.558
[1212.9s] epoch 46 step 51000 avg_loss=3.400
[1214.1s] epoch 46 step 51050 avg_loss=3.269
[1215.3s] epoch 46 step 51100 avg_loss=3.432
[1216.4s] epoch 46 step 51150 avg_loss=3.364
[1217.5s] epoch 46 step 51200 avg_loss=3.240
[1218.7s] epoch 46 step 51250 avg_loss=3.325
[1219.7s] epoch 46 step 51300 avg_loss=3.335
[1220.8s] epoch 46 step 51350 avg_loss=3.401
[1221.9s] epoch 46 step 51400 avg_loss=3.435
[1223.0s] epoch 46 step 51450 avg_loss=3.487
[1224.2s] epoch 46 step 51500 avg_loss=3.567
[1225.2s] epoch 46 step 51550 avg_loss=3.549
[1226.3s] epoch 46 step 51600 avg_loss=3.528
[1227.5s] epoch 46 step 51650 avg_loss=3.553
[1228.7s] epoch 46 step 51700 avg_loss=3.585
[1229.8s] epoch 46 step 51750 avg_loss=3.578
[1231.0s] epoch 46 step 51800 avg_loss=3.654
[1232.1s] epoch 46 step 51850 avg_loss=3.654
[1233.3s] epoch 46 step 51900 avg_loss=3.613
[1234.4s] epoch 46 step 51950 avg_loss=3.646
[1235.2s] === epoch 46 done: avg_loss=3.721 (n=1106 derivations) ===
[1235.8s] epoch 47 step 52000 avg_loss=5.947
[1237.2s] epoch 47 step 52050 avg_loss=4.373
[1238.3s] epoch 47 step 52100 avg_loss=3.850
[1239.5s] epoch 47 step 52150 avg_loss=3.532
[1240.6s] epoch 47 step 52200 avg_loss=3.450
[1241.7s] epoch 47 step 52250 avg_loss=3.630
[1242.7s] epoch 47 step 52300 avg_loss=3.534
[1243.8s] epoch 47 step 52350 avg_loss=3.447
[1245.0s] epoch 47 step 52400 avg_loss=3.554
[1246.2s] epoch 47 step 52450 avg_loss=3.546
[1247.4s] epoch 47 step 52500 avg_loss=3.548
[1248.7s] epoch 47 step 52550 avg_loss=3.627
[1249.8s] epoch 47 step 52600 avg_loss=3.545
[1250.8s] epoch 47 step 52650 avg_loss=3.509
[1252.0s] epoch 47 step 52700 avg_loss=3.495
[1253.2s] epoch 47 step 52750 avg_loss=3.542
[1254.3s] epoch 47 step 52800 avg_loss=3.575
[1255.3s] epoch 47 step 52850 avg_loss=3.608
[1256.7s] epoch 47 step 52900 avg_loss=3.687
[1257.9s] epoch 47 step 52950 avg_loss=3.683
[1259.0s] epoch 47 step 53000 avg_loss=3.673
[1260.3s] epoch 47 step 53050 avg_loss=3.669
[1261.2s] === epoch 47 done: avg_loss=3.663 (n=1106 derivations) ===
[1261.4s] epoch 48 step 53100 avg_loss=1.397
[1262.7s] epoch 48 step 53150 avg_loss=2.068
[1264.0s] epoch 48 step 53200 avg_loss=2.821
[1264.9s] epoch 48 step 53250 avg_loss=2.603
[1266.0s] epoch 48 step 53300 avg_loss=2.901
[1267.1s] epoch 48 step 53350 avg_loss=3.041
[1268.2s] epoch 48 step 53400 avg_loss=3.072
[1269.3s] epoch 48 step 53450 avg_loss=3.200
[1270.4s] epoch 48 step 53500 avg_loss=3.208
[1271.7s] epoch 48 step 53550 avg_loss=3.254
[1272.8s] epoch 48 step 53600 avg_loss=3.242
[1274.1s] epoch 48 step 53650 avg_loss=3.393
[1275.1s] epoch 48 step 53700 avg_loss=3.386
[1276.3s] epoch 48 step 53750 avg_loss=3.393
[1277.4s] epoch 48 step 53800 avg_loss=3.379
[1278.5s] epoch 48 step 53850 avg_loss=3.406
[1279.6s] epoch 48 step 53900 avg_loss=3.497
[1280.7s] epoch 48 step 53950 avg_loss=3.478
[1282.1s] epoch 48 step 54000 avg_loss=3.520
[1283.5s] epoch 48 step 54050 avg_loss=3.523
[1284.6s] epoch 48 step 54100 avg_loss=3.528
[1285.8s] epoch 48 step 54150 avg_loss=3.527
[1286.8s] === epoch 48 done: avg_loss=3.503 (n=1106 derivations) ===
[1286.9s] epoch 49 step 54200 avg_loss=2.528
[1288.1s] epoch 49 step 54250 avg_loss=3.599
[1289.2s] epoch 49 step 54300 avg_loss=3.559
[1290.5s] epoch 49 step 54350 avg_loss=3.317
[1291.6s] epoch 49 step 54400 avg_loss=3.532
[1292.7s] epoch 49 step 54450 avg_loss=3.399
[1293.9s] epoch 49 step 54500 avg_loss=3.453
[1295.0s] epoch 49 step 54550 avg_loss=3.496
[1296.2s] epoch 49 step 54600 avg_loss=3.480
[1297.2s] epoch 49 step 54650 avg_loss=3.460
[1298.4s] epoch 49 step 54700 avg_loss=3.544
[1299.6s] epoch 49 step 54750 avg_loss=3.653
[1300.6s] epoch 49 step 54800 avg_loss=3.541
[1301.7s] epoch 49 step 54850 avg_loss=3.621
[1303.1s] epoch 49 step 54900 avg_loss=3.587
[1304.2s] epoch 49 step 54950 avg_loss=3.582
[1305.4s] epoch 49 step 55000 avg_loss=3.560
[1306.7s] epoch 49 step 55050 avg_loss=3.531
[1307.7s] epoch 49 step 55100 avg_loss=3.494
[1308.6s] epoch 49 step 55150 avg_loss=3.456
[1309.5s] epoch 49 step 55200 avg_loss=3.439
[1310.6s] epoch 49 step 55250 avg_loss=3.437
[1311.7s] epoch 49 step 55300 avg_loss=3.449
[1312.6s] eval step=1750 train_avg_loss=3.449 dev_rank1_f1=0.3255 dev_edge_p=0.2778 dev_edge_r=0.3932
[1312.6s] === epoch 49 done: avg_loss=3.449 (n=1106 derivations) ===
[1313.9s] epoch 50 step 55350 avg_loss=3.828
[1315.0s] epoch 50 step 55400 avg_loss=3.458
[1316.2s] epoch 50 step 55450 avg_loss=3.127
[1317.4s] epoch 50 step 55500 avg_loss=3.102
[1318.5s] epoch 50 step 55550 avg_loss=2.954
[1319.8s] epoch 50 step 55600 avg_loss=3.000
[1321.4s] epoch 50 step 55650 avg_loss=3.140
[1322.7s] epoch 50 step 55700 avg_loss=3.212
[1324.0s] epoch 50 step 55750 avg_loss=3.348
[1325.1s] epoch 50 step 55800 avg_loss=3.268
[1326.4s] epoch 50 step 55850 avg_loss=3.234
[1327.6s] epoch 50 step 55900 avg_loss=3.256
[1328.7s] epoch 50 step 55950 avg_loss=3.232
[1329.8s] epoch 50 step 56000 avg_loss=3.244
[1330.8s] epoch 50 step 56050 avg_loss=3.246
[1332.0s] epoch 50 step 56100 avg_loss=3.224
[1333.3s] epoch 50 step 56150 avg_loss=3.325
[1334.5s] epoch 50 step 56200 avg_loss=3.362
[1335.6s] epoch 50 step 56250 avg_loss=3.334
[1336.8s] epoch 50 step 56300 avg_loss=3.323
[1337.8s] epoch 50 step 56350 avg_loss=3.333
[1338.9s] epoch 50 step 56400 avg_loss=3.303
[1339.1s] === epoch 50 done: avg_loss=3.295 (n=1106 derivations) ===
[1340.1s] epoch 51 step 56450 avg_loss=3.444
[1341.1s] epoch 51 step 56500 avg_loss=3.242
[1342.1s] epoch 51 step 56550 avg_loss=3.114
[1343.2s] epoch 51 step 56600 avg_loss=3.238
[1344.1s] epoch 51 step 56650 avg_loss=3.091
[1345.2s] epoch 51 step 56700 avg_loss=3.060
[1346.4s] epoch 51 step 56750 avg_loss=3.082
[1347.5s] epoch 51 step 56800 avg_loss=3.086
[1348.6s] epoch 51 step 56850 avg_loss=3.118
[1349.6s] epoch 51 step 56900 avg_loss=3.158
[1350.8s] epoch 51 step 56950 avg_loss=3.144
[1351.9s] epoch 51 step 57000 avg_loss=3.166
[1352.9s] epoch 51 step 57050 avg_loss=3.203
[1353.9s] epoch 51 step 57100 avg_loss=3.224
[1355.0s] epoch 51 step 57150 avg_loss=3.155
[1356.1s] epoch 51 step 57200 avg_loss=3.170
[1357.2s] epoch 51 step 57250 avg_loss=3.146
[1358.3s] epoch 51 step 57300 avg_loss=3.165
[1359.7s] epoch 51 step 57350 avg_loss=3.187
[1360.7s] epoch 51 step 57400 avg_loss=3.161
[1361.9s] epoch 51 step 57450 avg_loss=3.198
[1363.0s] epoch 51 step 57500 avg_loss=3.211
[1363.3s] === epoch 51 done: avg_loss=3.215 (n=1106 derivations) ===
[1364.0s] epoch 52 step 57550 avg_loss=2.796
[1365.2s] epoch 52 step 57600 avg_loss=3.600
[1366.3s] epoch 52 step 57650 avg_loss=3.102
[1367.6s] epoch 52 step 57700 avg_loss=3.314
[1368.9s] epoch 52 step 57750 avg_loss=3.318
[1370.3s] epoch 52 step 57800 avg_loss=3.234
[1371.4s] epoch 52 step 57850 avg_loss=3.080
[1372.8s] epoch 52 step 57900 avg_loss=3.066
[1374.0s] epoch 52 step 57950 avg_loss=3.018
[1375.3s] epoch 52 step 58000 avg_loss=3.031
[1376.4s] epoch 52 step 58050 avg_loss=3.156
[1377.7s] epoch 52 step 58100 avg_loss=3.237
[1378.7s] epoch 52 step 58150 avg_loss=3.233
[1379.7s] epoch 52 step 58200 avg_loss=3.160
[1380.7s] epoch 52 step 58250 avg_loss=3.118
[1381.8s] epoch 52 step 58300 avg_loss=3.154
[1382.9s] epoch 52 step 58350 avg_loss=3.151
[1383.9s] epoch 52 step 58400 avg_loss=3.119
[1385.1s] epoch 52 step 58450 avg_loss=3.143
[1386.1s] epoch 52 step 58500 avg_loss=3.116
[1387.3s] epoch 52 step 58550 avg_loss=3.128
[1388.3s] epoch 52 step 58600 avg_loss=3.112
[1388.6s] === epoch 52 done: avg_loss=3.086 (n=1106 derivations) ===
[1389.3s] epoch 53 step 58650 avg_loss=2.166
[1390.5s] epoch 53 step 58700 avg_loss=2.276
[1391.5s] epoch 53 step 58750 avg_loss=2.476
[1392.6s] epoch 53 step 58800 avg_loss=2.447
[1393.6s] epoch 53 step 58850 avg_loss=2.333
[1394.8s] epoch 53 step 58900 avg_loss=2.566
[1396.1s] epoch 53 step 58950 avg_loss=2.792
[1397.3s] epoch 53 step 59000 avg_loss=2.922
[1398.4s] epoch 53 step 59050 avg_loss=2.927
[1399.4s] epoch 53 step 59100 avg_loss=2.980
[1400.3s] epoch 53 step 59150 avg_loss=2.919
[1401.4s] epoch 53 step 59200 avg_loss=3.090
[1402.6s] epoch 53 step 59250 avg_loss=3.074
[1403.7s] epoch 53 step 59300 avg_loss=3.050
[1404.9s] epoch 53 step 59350 avg_loss=3.087
[1406.1s] epoch 53 step 59400 avg_loss=3.106
[1407.2s] epoch 53 step 59450 avg_loss=3.163
[1408.5s] epoch 53 step 59500 avg_loss=3.150
[1409.6s] epoch 53 step 59550 avg_loss=3.127
[1410.8s] epoch 53 step 59600 avg_loss=3.104
[1411.7s] epoch 53 step 59650 avg_loss=3.062
[1412.9s] epoch 53 step 59700 avg_loss=3.054
[1413.3s] === epoch 53 done: avg_loss=3.023 (n=1106 derivations) ===
[1413.9s] epoch 54 step 59750 avg_loss=3.789
[1415.0s] epoch 54 step 59800 avg_loss=2.744
[1416.2s] epoch 54 step 59850 avg_loss=2.585
[1417.3s] epoch 54 step 59900 avg_loss=2.553
[1418.5s] epoch 54 step 59950 avg_loss=2.841
[1419.8s] epoch 54 step 60000 avg_loss=2.811
[1421.0s] epoch 54 step 60050 avg_loss=2.915
[1422.0s] epoch 54 step 60100 avg_loss=2.764
[1423.3s] epoch 54 step 60150 avg_loss=2.746
[1424.3s] epoch 54 step 60200 avg_loss=2.733
[1425.7s] epoch 54 step 60250 avg_loss=2.680
[1427.1s] epoch 54 step 60300 avg_loss=2.731
[1428.3s] epoch 54 step 60350 avg_loss=2.845
[1429.3s] epoch 54 step 60400 avg_loss=2.819
[1430.3s] epoch 54 step 60450 avg_loss=2.801
[1431.3s] epoch 54 step 60500 avg_loss=2.771
[1432.6s] epoch 54 step 60550 avg_loss=2.832
[1433.8s] epoch 54 step 60600 avg_loss=2.887
[1435.0s] epoch 54 step 60650 avg_loss=2.944
[1436.3s] epoch 54 step 60700 avg_loss=2.958
[1437.6s] epoch 54 step 60750 avg_loss=2.952
[1438.7s] epoch 54 step 60800 avg_loss=2.949
[1439.5s] === epoch 54 done: avg_loss=2.960 (n=1106 derivations) ===
[1440.0s] epoch 55 step 60850 avg_loss=1.634
[1441.3s] epoch 55 step 60900 avg_loss=2.219
[1442.5s] epoch 55 step 60950 avg_loss=2.093
[1443.7s] epoch 55 step 61000 avg_loss=2.417
[1444.9s] epoch 55 step 61050 avg_loss=2.562
[1446.0s] epoch 55 step 61100 avg_loss=2.518
[1447.4s] epoch 55 step 61150 avg_loss=2.657
[1448.6s] epoch 55 step 61200 avg_loss=2.567
[1449.9s] epoch 55 step 61250 avg_loss=2.638
[1450.9s] epoch 55 step 61300 avg_loss=2.580
[1452.2s] epoch 55 step 61350 avg_loss=2.626
[1453.3s] epoch 55 step 61400 avg_loss=2.640
[1454.5s] epoch 55 step 61450 avg_loss=2.756
[1455.7s] epoch 55 step 61500 avg_loss=2.745
[1456.9s] epoch 55 step 61550 avg_loss=2.726
[1458.2s] epoch 55 step 61600 avg_loss=2.792
[1459.3s] epoch 55 step 61650 avg_loss=2.851
[1460.4s] epoch 55 step 61700 avg_loss=2.858
[1461.4s] epoch 55 step 61750 avg_loss=2.817
[1462.4s] epoch 55 step 61800 avg_loss=2.832
[1463.4s] epoch 55 step 61850 avg_loss=2.798
[1464.6s] epoch 55 step 61900 avg_loss=2.844
[1465.4s] === epoch 55 done: avg_loss=2.855 (n=1106 derivations) ===
[1465.7s] epoch 56 step 61950 avg_loss=2.231
[1466.8s] epoch 56 step 62000 avg_loss=2.401
[1468.1s] epoch 56 step 62050 avg_loss=2.559
[1469.2s] epoch 56 step 62100 avg_loss=2.671
[1470.5s] epoch 56 step 62150 avg_loss=2.924
[1471.6s] epoch 56 step 62200 avg_loss=2.980
[1472.8s] epoch 56 step 62250 avg_loss=2.923
[1473.7s] epoch 56 step 62300 avg_loss=2.782
[1474.9s] epoch 56 step 62350 avg_loss=2.760
[1476.1s] epoch 56 step 62400 avg_loss=2.792
[1477.3s] epoch 56 step 62450 avg_loss=2.782
[1478.8s] epoch 56 step 62500 avg_loss=2.778
[1480.1s] epoch 56 step 62550 avg_loss=2.721
[1481.3s] epoch 56 step 62600 avg_loss=2.735
[1482.3s] epoch 56 step 62650 avg_loss=2.692
[1483.5s] epoch 56 step 62700 avg_loss=2.718
[1484.8s] epoch 56 step 62750 avg_loss=2.760
[1486.2s] epoch 56 step 62800 avg_loss=2.802
[1487.6s] epoch 56 step 62850 avg_loss=2.793
[1488.8s] epoch 56 step 62900 avg_loss=2.811
[1490.1s] epoch 56 step 62950 avg_loss=2.809
[1491.1s] epoch 56 step 63000 avg_loss=2.803
[1491.8s] === epoch 56 done: avg_loss=2.789 (n=1106 derivations) ===
[1492.0s] epoch 57 step 63050 avg_loss=3.574
[1493.1s] epoch 57 step 63100 avg_loss=3.101
[1494.3s] epoch 57 step 63150 avg_loss=2.745
[1495.4s] epoch 57 step 63200 avg_loss=2.572
[1496.5s] eval step=2000 train_avg_loss=2.569 dev_rank1_f1=0.3149 dev_edge_p=0.2701 dev_edge_r=0.3777
[1497.6s] epoch 57 step 63250 avg_loss=2.499
[1498.7s] epoch 57 step 63300 avg_loss=2.482
[1499.7s] epoch 57 step 63350 avg_loss=2.459
[1500.9s] epoch 57 step 63400 avg_loss=2.504
[1502.3s] epoch 57 step 63450 avg_loss=2.519
[1503.4s] epoch 57 step 63500 avg_loss=2.512
[1504.6s] epoch 57 step 63550 avg_loss=2.605
[1505.7s] epoch 57 step 63600 avg_loss=2.582
[1506.9s] epoch 57 step 63650 avg_loss=2.578
[1508.0s] epoch 57 step 63700 avg_loss=2.554
[1509.1s] epoch 57 step 63750 avg_loss=2.552
[1510.4s] epoch 57 step 63800 avg_loss=2.652
[1511.7s] epoch 57 step 63850 avg_loss=2.680
[1512.7s] epoch 57 step 63900 avg_loss=2.715
[1513.8s] epoch 57 step 63950 avg_loss=2.729
[1514.9s] epoch 57 step 64000 avg_loss=2.756
[1516.1s] epoch 57 step 64050 avg_loss=2.753
[1517.4s] epoch 57 step 64100 avg_loss=2.764
[1518.5s] === epoch 57 done: avg_loss=2.747 (n=1106 derivations) ===
[1518.5s] epoch 58 step 64150 avg_loss=1.134
[1519.7s] epoch 58 step 64200 avg_loss=2.281
[1520.8s] epoch 58 step 64250 avg_loss=1.960
[1522.0s] epoch 58 step 64300 avg_loss=2.119
[1523.1s] epoch 58 step 64350 avg_loss=2.310
[1524.2s] epoch 58 step 64400 avg_loss=2.322
[1525.2s] epoch 58 step 64450 avg_loss=2.295
[1526.5s] epoch 58 step 64500 avg_loss=2.367
[1527.4s] epoch 58 step 64550 avg_loss=2.462
[1528.7s] epoch 58 step 64600 avg_loss=2.511
[1529.8s] epoch 58 step 64650 avg_loss=2.489
[1531.1s] epoch 58 step 64700 avg_loss=2.559
[1532.3s] epoch 58 step 64750 avg_loss=2.510
[1533.6s] epoch 58 step 64800 avg_loss=2.553
[1534.8s] epoch 58 step 64850 avg_loss=2.524
[1536.2s] epoch 58 step 64900 avg_loss=2.627
[1537.4s] epoch 58 step 64950 avg_loss=2.617
[1538.5s] epoch 58 step 65000 avg_loss=2.644
[1539.6s] epoch 58 step 65050 avg_loss=2.623
[1540.8s] epoch 58 step 65100 avg_loss=2.611
[1541.9s] epoch 58 step 65150 avg_loss=2.621
[1543.1s] epoch 58 step 65200 avg_loss=2.642
[1544.3s] epoch 58 step 65250 avg_loss=2.684
[1544.4s] === epoch 58 done: avg_loss=2.683 (n=1106 derivations) ===
[1545.6s] epoch 59 step 65300 avg_loss=2.172
[1546.9s] epoch 59 step 65350 avg_loss=2.192
[1548.1s] epoch 59 step 65400 avg_loss=2.251
[1549.2s] epoch 59 step 65450 avg_loss=2.314
[1550.4s] epoch 59 step 65500 avg_loss=2.426
[1551.6s] epoch 59 step 65550 avg_loss=2.421
[1552.8s] epoch 59 step 65600 avg_loss=2.431
[1554.0s] epoch 59 step 65650 avg_loss=2.460
[1555.3s] epoch 59 step 65700 avg_loss=2.473
[1557.0s] epoch 59 step 65750 avg_loss=2.648
[1558.2s] epoch 59 step 65800 avg_loss=2.643
[1559.5s] epoch 59 step 65850 avg_loss=2.685
[1560.8s] epoch 59 step 65900 avg_loss=2.652
[1562.0s] epoch 59 step 65950 avg_loss=2.668
[1563.3s] epoch 59 step 66000 avg_loss=2.623
[1564.4s] epoch 59 step 66050 avg_loss=2.572
[1565.7s] epoch 59 step 66100 avg_loss=2.613
[1566.9s] epoch 59 step 66150 avg_loss=2.618
[1568.0s] epoch 59 step 66200 avg_loss=2.597
[1569.2s] epoch 59 step 66250 avg_loss=2.628
[1570.3s] epoch 59 step 66300 avg_loss=2.664
[1571.5s] epoch 59 step 66350 avg_loss=2.646
[1571.7s] === epoch 59 done: avg_loss=2.632 (n=1106 derivations) ===
[1572.6s] epoch 60 step 66400 avg_loss=1.506
[1574.0s] epoch 60 step 66450 avg_loss=1.913
[1575.3s] epoch 60 step 66500 avg_loss=1.788
[1576.5s] epoch 60 step 66550 avg_loss=1.935
[1577.7s] epoch 60 step 66600 avg_loss=2.085
[1578.7s] epoch 60 step 66650 avg_loss=2.096
[1579.9s] epoch 60 step 66700 avg_loss=2.208
[1581.0s] epoch 60 step 66750 avg_loss=2.252
[1582.2s] epoch 60 step 66800 avg_loss=2.337
[1583.4s] epoch 60 step 66850 avg_loss=2.389
[1584.4s] epoch 60 step 66900 avg_loss=2.451
[1585.5s] epoch 60 step 66950 avg_loss=2.416
[1586.8s] epoch 60 step 67000 avg_loss=2.401
[1588.2s] epoch 60 step 67050 avg_loss=2.482
[1589.3s] epoch 60 step 67100 avg_loss=2.522
[1590.4s] epoch 60 step 67150 avg_loss=2.528
[1591.5s] epoch 60 step 67200 avg_loss=2.534
[1592.7s] epoch 60 step 67250 avg_loss=2.528
[1594.0s] epoch 60 step 67300 avg_loss=2.550
[1595.1s] epoch 60 step 67350 avg_loss=2.528
[1596.5s] epoch 60 step 67400 avg_loss=2.529
[1597.8s] epoch 60 step 67450 avg_loss=2.528
[1598.3s] === epoch 60 done: avg_loss=2.535 (n=1106 derivations) ===
[1599.2s] epoch 61 step 67500 avg_loss=3.314
[1600.5s] epoch 61 step 67550 avg_loss=2.717
[1601.5s] epoch 61 step 67600 avg_loss=2.199
[1602.8s] epoch 61 step 67650 avg_loss=2.531
[1603.8s] epoch 61 step 67700 avg_loss=2.470
[1604.9s] epoch 61 step 67750 avg_loss=2.560
[1605.9s] epoch 61 step 67800 avg_loss=2.484
[1607.0s] epoch 61 step 67850 avg_loss=2.400
[1608.4s] epoch 61 step 67900 avg_loss=2.452
[1609.7s] epoch 61 step 67950 avg_loss=2.458
[1610.9s] epoch 61 step 68000 avg_loss=2.450
[1612.3s] epoch 61 step 68050 avg_loss=2.396
[1613.5s] epoch 61 step 68100 avg_loss=2.374
[1614.7s] epoch 61 step 68150 avg_loss=2.402
[1616.0s] epoch 61 step 68200 avg_loss=2.412
[1617.1s] epoch 61 step 68250 avg_loss=2.369
[1618.3s] epoch 61 step 68300 avg_loss=2.427
[1619.5s] epoch 61 step 68350 avg_loss=2.461
[1620.7s] epoch 61 step 68400 avg_loss=2.463
[1621.8s] epoch 61 step 68450 avg_loss=2.491
[1623.0s] epoch 61 step 68500 avg_loss=2.520
[1624.0s] epoch 61 step 68550 avg_loss=2.504
[1624.5s] === epoch 61 done: avg_loss=2.501 (n=1106 derivations) ===
[1625.1s] epoch 62 step 68600 avg_loss=2.043
[1626.3s] epoch 62 step 68650 avg_loss=2.330
[1627.6s] epoch 62 step 68700 avg_loss=2.198
[1628.6s] epoch 62 step 68750 avg_loss=2.015
[1629.8s] epoch 62 step 68800 avg_loss=2.027
[1631.1s] epoch 62 step 68850 avg_loss=2.074
[1632.2s] epoch 62 step 68900 avg_loss=2.043
[1633.3s] epoch 62 step 68950 avg_loss=2.035
[1634.4s] epoch 62 step 69000 avg_loss=2.024
[1635.7s] epoch 62 step 69050 avg_loss=2.109
[1637.0s] epoch 62 step 69100 avg_loss=2.143
[1638.1s] epoch 62 step 69150 avg_loss=2.147
[1639.2s] epoch 62 step 69200 avg_loss=2.176
[1640.3s] epoch 62 step 69250 avg_loss=2.269
[1641.5s] epoch 62 step 69300 avg_loss=2.359
[1642.8s] epoch 62 step 69350 avg_loss=2.334
[1643.9s] epoch 62 step 69400 avg_loss=2.337
[1645.3s] epoch 62 step 69450 avg_loss=2.414
[1646.4s] epoch 62 step 69500 avg_loss=2.440
[1647.7s] epoch 62 step 69550 avg_loss=2.436
[1648.8s] epoch 62 step 69600 avg_loss=2.434
[1650.1s] epoch 62 step 69650 avg_loss=2.472
[1650.8s] === epoch 62 done: avg_loss=2.465 (n=1106 derivations) ===
[1651.3s] epoch 63 step 69700 avg_loss=1.842
[1652.5s] epoch 63 step 69750 avg_loss=2.081
[1653.5s] epoch 63 step 69800 avg_loss=1.990
[1654.6s] epoch 63 step 69850 avg_loss=1.914
[1655.6s] epoch 63 step 69900 avg_loss=1.865
[1656.7s] epoch 63 step 69950 avg_loss=1.961
[1657.8s] epoch 63 step 70000 avg_loss=2.011
[1658.9s] epoch 63 step 70050 avg_loss=2.115
[1660.1s] epoch 63 step 70100 avg_loss=2.072
[1661.1s] epoch 63 step 70150 avg_loss=2.057
[1662.2s] epoch 63 step 70200 avg_loss=2.123
[1663.4s] epoch 63 step 70250 avg_loss=2.224
[1664.4s] epoch 63 step 70300 avg_loss=2.223
[1665.6s] epoch 63 step 70350 avg_loss=2.237
[1666.7s] epoch 63 step 70400 avg_loss=2.194
[1667.7s] epoch 63 step 70450 avg_loss=2.217
[1668.8s] epoch 63 step 70500 avg_loss=2.248
[1669.9s] epoch 63 step 70550 avg_loss=2.321
[1671.1s] epoch 63 step 70600 avg_loss=2.343
[1672.4s] epoch 63 step 70650 avg_loss=2.410
[1673.5s] epoch 63 step 70700 avg_loss=2.394
[1674.9s] epoch 63 step 70750 avg_loss=2.420
[1675.7s] === epoch 63 done: avg_loss=2.420 (n=1106 derivations) ===
[1676.1s] epoch 64 step 70800 avg_loss=4.287
[1677.3s] epoch 64 step 70850 avg_loss=2.813
[1678.5s] epoch 64 step 70900 avg_loss=2.305
[1679.7s] epoch 64 step 70950 avg_loss=2.330
[1680.8s] epoch 64 step 71000 avg_loss=2.382
[1681.8s] epoch 64 step 71050 avg_loss=2.373
[1682.9s] epoch 64 step 71100 avg_loss=2.454
[1683.8s] eval step=2250 train_avg_loss=2.457 dev_rank1_f1=0.3123 dev_edge_p=0.2727 dev_edge_r=0.3654
[1684.8s] epoch 64 step 71150 avg_loss=2.403
[1686.0s] epoch 64 step 71200 avg_loss=2.423
[1687.2s] epoch 64 step 71250 avg_loss=2.373
[1688.3s] epoch 64 step 71300 avg_loss=2.357
[1689.4s] epoch 64 step 71350 avg_loss=2.331
[1690.5s] epoch 64 step 71400 avg_loss=2.335
[1691.6s] epoch 64 step 71450 avg_loss=2.373
[1692.7s] epoch 64 step 71500 avg_loss=2.366
[1693.7s] epoch 64 step 71550 avg_loss=2.406
[1694.9s] epoch 64 step 71600 avg_loss=2.396
[1696.0s] epoch 64 step 71650 avg_loss=2.402
[1697.1s] epoch 64 step 71700 avg_loss=2.413
[1698.2s] epoch 64 step 71750 avg_loss=2.431
[1699.2s] epoch 64 step 71800 avg_loss=2.457
[1700.2s] epoch 64 step 71850 avg_loss=2.413
[1700.9s] === epoch 64 done: avg_loss=2.422 (n=1106 derivations) ===
[1701.2s] epoch 65 step 71900 avg_loss=2.008
[1702.4s] epoch 65 step 71950 avg_loss=2.025
[1703.5s] epoch 65 step 72000 avg_loss=2.261
[1704.8s] epoch 65 step 72050 avg_loss=2.222
[1706.1s] epoch 65 step 72100 avg_loss=2.108
[1707.2s] epoch 65 step 72150 avg_loss=2.020
[1708.4s] epoch 65 step 72200 avg_loss=2.020
[1709.3s] epoch 65 step 72250 avg_loss=1.960
[1710.5s] epoch 65 step 72300 avg_loss=2.054
[1711.7s] epoch 65 step 72350 avg_loss=2.079
[1712.9s] epoch 65 step 72400 avg_loss=2.178
[1714.1s] epoch 65 step 72450 avg_loss=2.239
[1715.3s] epoch 65 step 72500 avg_loss=2.258
[1716.5s] epoch 65 step 72550 avg_loss=2.264
[1717.7s] epoch 65 step 72600 avg_loss=2.284
[1718.8s] epoch 65 step 72650 avg_loss=2.268
[1719.9s] epoch 65 step 72700 avg_loss=2.284
[1721.0s] epoch 65 step 72750 avg_loss=2.325
[1722.2s] epoch 65 step 72800 avg_loss=2.330
[1723.3s] epoch 65 step 72850 avg_loss=2.336
[1724.3s] epoch 65 step 72900 avg_loss=2.296
[1725.3s] epoch 65 step 72950 avg_loss=2.278
[1726.3s] === epoch 65 done: avg_loss=2.270 (n=1106 derivations) ===
[1726.4s] epoch 66 step 73000 avg_loss=0.523
[1727.5s] epoch 66 step 73050 avg_loss=2.301
[1728.7s] epoch 66 step 73100 avg_loss=2.406
[1729.7s] epoch 66 step 73150 avg_loss=2.377
[1730.7s] epoch 66 step 73200 avg_loss=2.205
[1731.8s] epoch 66 step 73250 avg_loss=2.190
[1733.0s] epoch 66 step 73300 avg_loss=2.214
[1734.0s] epoch 66 step 73350 avg_loss=2.080
[1735.0s] epoch 66 step 73400 avg_loss=2.070
[1736.2s] epoch 66 step 73450 avg_loss=2.091
[1737.3s] epoch 66 step 73500 avg_loss=2.100
[1738.4s] epoch 66 step 73550 avg_loss=2.120
[1739.4s] epoch 66 step 73600 avg_loss=2.109
[1740.6s] epoch 66 step 73650 avg_loss=2.156
[1741.6s] epoch 66 step 73700 avg_loss=2.163
[1742.8s] epoch 66 step 73750 avg_loss=2.130
[1743.9s] epoch 66 step 73800 avg_loss=2.151
[1744.9s] epoch 66 step 73850 avg_loss=2.223
[1746.1s] epoch 66 step 73900 avg_loss=2.278
[1747.2s] epoch 66 step 73950 avg_loss=2.271
[1748.3s] epoch 66 step 74000 avg_loss=2.264
[1749.2s] epoch 66 step 74050 avg_loss=2.252
[1750.3s] epoch 66 step 74100 avg_loss=2.268
[1750.4s] === epoch 66 done: avg_loss=2.268 (n=1106 derivations) ===
[1751.5s] epoch 67 step 74150 avg_loss=1.898
[1752.5s] epoch 67 step 74200 avg_loss=1.756
[1753.4s] epoch 67 step 74250 avg_loss=1.754
[1754.5s] epoch 67 step 74300 avg_loss=1.722
[1755.8s] epoch 67 step 74350 avg_loss=1.884
[1756.9s] epoch 67 step 74400 avg_loss=1.853
[1758.1s] epoch 67 step 74450 avg_loss=1.966
[1759.1s] epoch 67 step 74500 avg_loss=2.047
[1760.2s] epoch 67 step 74550 avg_loss=2.027
[1761.4s] epoch 67 step 74600 avg_loss=2.026
[1762.6s] epoch 67 step 74650 avg_loss=2.143
[1763.6s] epoch 67 step 74700 avg_loss=2.099
[1764.8s] epoch 67 step 74750 avg_loss=2.079
[1765.9s] epoch 67 step 74800 avg_loss=2.142
[1767.0s] epoch 67 step 74850 avg_loss=2.133
[1768.0s] epoch 67 step 74900 avg_loss=2.119
[1769.0s] epoch 67 step 74950 avg_loss=2.167
[1770.2s] epoch 67 step 75000 avg_loss=2.235
[1771.2s] epoch 67 step 75050 avg_loss=2.236
[1772.3s] epoch 67 step 75100 avg_loss=2.247
[1773.3s] epoch 67 step 75150 avg_loss=2.266
[1774.4s] epoch 67 step 75200 avg_loss=2.284
[1774.6s] === epoch 67 done: avg_loss=2.293 (n=1106 derivations) ===
[1775.5s] epoch 68 step 75250 avg_loss=1.067
[1776.7s] epoch 68 step 75300 avg_loss=1.457
[1777.8s] epoch 68 step 75350 avg_loss=1.702
[1779.2s] epoch 68 step 75400 avg_loss=1.914
[1780.2s] epoch 68 step 75450 avg_loss=1.869
[1781.3s] epoch 68 step 75500 avg_loss=1.872
[1782.6s] epoch 68 step 75550 avg_loss=1.995
[1783.9s] epoch 68 step 75600 avg_loss=2.043
[1784.9s] epoch 68 step 75650 avg_loss=2.083
[1786.1s] epoch 68 step 75700 avg_loss=2.111
[1787.2s] epoch 68 step 75750 avg_loss=2.040
[1788.4s] epoch 68 step 75800 avg_loss=2.046
[1789.6s] epoch 68 step 75850 avg_loss=2.067
[1790.8s] epoch 68 step 75900 avg_loss=2.109
[1792.1s] epoch 68 step 75950 avg_loss=2.112
[1793.3s] epoch 68 step 76000 avg_loss=2.176
[1794.5s] epoch 68 step 76050 avg_loss=2.160
[1795.7s] epoch 68 step 76100 avg_loss=2.185
[1796.8s] epoch 68 step 76150 avg_loss=2.195
[1797.9s] epoch 68 step 76200 avg_loss=2.203
[1798.9s] epoch 68 step 76250 avg_loss=2.202
[1799.9s] epoch 68 step 76300 avg_loss=2.222
[1800.2s] === epoch 68 done: avg_loss=2.233 (n=1106 derivations) ===
[1801.0s] epoch 69 step 76350 avg_loss=1.656
[1802.0s] epoch 69 step 76400 avg_loss=1.546
[1802.9s] epoch 69 step 76450 avg_loss=1.742
[1804.2s] epoch 69 step 76500 avg_loss=1.778
[1805.2s] epoch 69 step 76550 avg_loss=1.744
[1806.4s] epoch 69 step 76600 avg_loss=1.804
[1807.6s] epoch 69 step 76650 avg_loss=1.789
[1808.5s] epoch 69 step 76700 avg_loss=1.768
[1809.7s] epoch 69 step 76750 avg_loss=1.913
[1810.6s] epoch 69 step 76800 avg_loss=1.899
[1811.8s] epoch 69 step 76850 avg_loss=1.962
[1813.0s] epoch 69 step 76900 avg_loss=1.976
[1814.3s] epoch 69 step 76950 avg_loss=1.964
[1815.6s] epoch 69 step 77000 avg_loss=1.951
[1816.9s] epoch 69 step 77050 avg_loss=1.944
[1818.1s] epoch 69 step 77100 avg_loss=1.949
[1819.3s] epoch 69 step 77150 avg_loss=2.021
[1820.5s] epoch 69 step 77200 avg_loss=2.095
[1821.5s] epoch 69 step 77250 avg_loss=2.110
[1822.7s] epoch 69 step 77300 avg_loss=2.146
[1823.7s] epoch 69 step 77350 avg_loss=2.144
[1824.6s] epoch 69 step 77400 avg_loss=2.121
[1825.1s] === epoch 69 done: avg_loss=2.126 (n=1106 derivations) ===
[1825.8s] epoch 70 step 77450 avg_loss=1.436
[1827.1s] epoch 70 step 77500 avg_loss=1.745
[1828.5s] epoch 70 step 77550 avg_loss=1.695
[1829.6s] epoch 70 step 77600 avg_loss=1.529
[1831.2s] epoch 70 step 77650 avg_loss=1.749
[1832.3s] epoch 70 step 77700 avg_loss=1.897
[1833.4s] epoch 70 step 77750 avg_loss=1.839
[1834.7s] epoch 70 step 77800 avg_loss=1.894
[1835.9s] epoch 70 step 77850 avg_loss=1.900
[1836.9s] epoch 70 step 77900 avg_loss=1.903
[1838.1s] epoch 70 step 77950 avg_loss=1.993
[1839.2s] epoch 70 step 78000 avg_loss=1.975
[1840.4s] epoch 70 step 78050 avg_loss=2.062
[1841.5s] epoch 70 step 78100 avg_loss=2.080
[1842.5s] epoch 70 step 78150 avg_loss=2.083
[1843.5s] epoch 70 step 78200 avg_loss=2.052
[1844.7s] epoch 70 step 78250 avg_loss=2.083
[1845.8s] epoch 70 step 78300 avg_loss=2.085
[1846.8s] epoch 70 step 78350 avg_loss=2.068
[1848.0s] epoch 70 step 78400 avg_loss=2.074
[1849.0s] epoch 70 step 78450 avg_loss=2.063
[1850.3s] epoch 70 step 78500 avg_loss=2.106
[1850.9s] === epoch 70 done: avg_loss=2.132 (n=1106 derivations) ===
[1851.4s] epoch 71 step 78550 avg_loss=1.396
[1852.6s] epoch 71 step 78600 avg_loss=1.846
[1853.6s] epoch 71 step 78650 avg_loss=1.979
[1854.7s] epoch 71 step 78700 avg_loss=1.911
[1856.0s] epoch 71 step 78750 avg_loss=1.855
[1857.0s] epoch 71 step 78800 avg_loss=1.885
[1858.2s] epoch 71 step 78850 avg_loss=1.872
[1859.3s] epoch 71 step 78900 avg_loss=1.853
[1860.3s] epoch 71 step 78950 avg_loss=1.871
[1861.3s] epoch 71 step 79000 avg_loss=1.840
[1862.4s] eval step=2500 train_avg_loss=1.883 dev_rank1_f1=0.3081 dev_edge_p=0.2601 dev_edge_r=0.3778
[1863.4s] epoch 71 step 79050 avg_loss=1.915
[1864.5s] epoch 71 step 79100 avg_loss=1.932
[1865.6s] epoch 71 step 79150 avg_loss=1.986
[1866.7s] epoch 71 step 79200 avg_loss=1.980
[1868.0s] epoch 71 step 79250 avg_loss=2.010
[1869.2s] epoch 71 step 79300 avg_loss=2.076
[1870.3s] epoch 71 step 79350 avg_loss=2.046
[1871.4s] epoch 71 step 79400 avg_loss=2.071
[1872.6s] epoch 71 step 79450 avg_loss=2.042
[1873.8s] epoch 71 step 79500 avg_loss=2.073
[1875.0s] epoch 71 step 79550 avg_loss=2.101
[1876.3s] epoch 71 step 79600 avg_loss=2.090
[1877.3s] === epoch 71 done: avg_loss=2.127 (n=1106 derivations) ===
[1877.7s] epoch 72 step 79650 avg_loss=2.385
[1879.0s] epoch 72 step 79700 avg_loss=2.102
[1880.3s] epoch 72 step 79750 avg_loss=1.924
[1881.4s] epoch 72 step 79800 avg_loss=1.865
[1882.6s] epoch 72 step 79850 avg_loss=1.828
[1883.8s] epoch 72 step 79900 avg_loss=1.845
[1884.9s] epoch 72 step 79950 avg_loss=1.917
[1886.1s] epoch 72 step 80000 avg_loss=1.874
[1887.4s] epoch 72 step 80050 avg_loss=1.862
[1888.7s] epoch 72 step 80100 avg_loss=1.842
[1889.9s] epoch 72 step 80150 avg_loss=1.893
[1891.0s] epoch 72 step 80200 avg_loss=1.914
[1892.1s] epoch 72 step 80250 avg_loss=1.912
[1893.3s] epoch 72 step 80300 avg_loss=1.932
[1894.3s] epoch 72 step 80350 avg_loss=1.899
[1895.5s] epoch 72 step 80400 avg_loss=1.950
[1896.8s] epoch 72 step 80450 avg_loss=1.951
[1897.7s] epoch 72 step 80500 avg_loss=1.955
[1898.9s] epoch 72 step 80550 avg_loss=2.006
[1900.0s] epoch 72 step 80600 avg_loss=2.021
[1901.0s] epoch 72 step 80650 avg_loss=2.014
[1902.2s] epoch 72 step 80700 avg_loss=2.047
[1903.0s] === epoch 72 done: avg_loss=2.056 (n=1106 derivations) ===
[1903.3s] epoch 73 step 80750 avg_loss=1.318
[1904.3s] epoch 73 step 80800 avg_loss=1.662
[1905.6s] epoch 73 step 80850 avg_loss=1.792
[1907.0s] epoch 73 step 80900 avg_loss=1.784
[1908.3s] epoch 73 step 80950 avg_loss=1.845
[1909.6s] epoch 73 step 81000 avg_loss=1.761
[1910.8s] epoch 73 step 81050 avg_loss=1.839
[1911.7s] epoch 73 step 81100 avg_loss=1.800
[1912.8s] epoch 73 step 81150 avg_loss=1.769
[1913.9s] epoch 73 step 81200 avg_loss=1.846
[1915.0s] epoch 73 step 81250 avg_loss=1.825
[1916.2s] epoch 73 step 81300 avg_loss=1.867
[1917.4s] epoch 73 step 81350 avg_loss=1.926
[1918.5s] epoch 73 step 81400 avg_loss=1.954
[1919.7s] epoch 73 step 81450 avg_loss=1.952
[1921.1s] epoch 73 step 81500 avg_loss=1.958
[1922.3s] epoch 73 step 81550 avg_loss=1.955
[1923.5s] epoch 73 step 81600 avg_loss=1.961
[1924.7s] epoch 73 step 81650 avg_loss=2.020
[1925.9s] epoch 73 step 81700 avg_loss=2.005
[1927.0s] epoch 73 step 81750 avg_loss=2.030
[1928.1s] epoch 73 step 81800 avg_loss=2.016
[1928.9s] === epoch 73 done: avg_loss=2.027 (n=1106 derivations) ===
[1929.0s] epoch 74 step 81850 avg_loss=1.394
[1930.1s] epoch 74 step 81900 avg_loss=2.017
[1931.1s] epoch 74 step 81950 avg_loss=1.845
[1932.1s] epoch 74 step 82000 avg_loss=1.747
[1933.4s] epoch 74 step 82050 avg_loss=1.741
[1934.6s] epoch 74 step 82100 avg_loss=1.729
[1935.8s] epoch 74 step 82150 avg_loss=1.804
[1937.2s] epoch 74 step 82200 avg_loss=1.807
[1938.8s] epoch 74 step 82250 avg_loss=1.836
[1939.8s] epoch 74 step 82300 avg_loss=1.868
[1940.9s] epoch 74 step 82350 avg_loss=1.893
[1942.0s] epoch 74 step 82400 avg_loss=1.851
[1943.1s] epoch 74 step 82450 avg_loss=1.873
[1944.1s] epoch 74 step 82500 avg_loss=1.831
[1945.2s] epoch 74 step 82550 avg_loss=1.847
[1946.5s] epoch 74 step 82600 avg_loss=1.922
[1947.6s] epoch 74 step 82650 avg_loss=1.929
[1948.7s] epoch 74 step 82700 avg_loss=1.901
[1950.0s] epoch 74 step 82750 avg_loss=1.892
[1951.3s] epoch 74 step 82800 avg_loss=1.886
[1952.4s] epoch 74 step 82850 avg_loss=1.918
[1953.5s] epoch 74 step 82900 avg_loss=1.920
[1954.7s] epoch 74 step 82950 avg_loss=1.954
[1954.7s] === epoch 74 done: avg_loss=1.954 (n=1106 derivations) ===
[1956.0s] epoch 75 step 83000 avg_loss=2.008
[1957.3s] epoch 75 step 83050 avg_loss=1.994
[1958.4s] epoch 75 step 83100 avg_loss=1.808
[1959.8s] epoch 75 step 83150 avg_loss=1.928
[1961.0s] epoch 75 step 83200 avg_loss=1.961
[1962.0s] epoch 75 step 83250 avg_loss=1.821
[1963.2s] epoch 75 step 83300 avg_loss=1.882
[1964.4s] epoch 75 step 83350 avg_loss=1.904
[1965.6s] epoch 75 step 83400 avg_loss=1.882
[1966.8s] epoch 75 step 83450 avg_loss=1.849
[1968.1s] epoch 75 step 83500 avg_loss=1.817
[1969.3s] epoch 75 step 83550 avg_loss=1.809
[1970.4s] epoch 75 step 83600 avg_loss=1.865
[1971.6s] epoch 75 step 83650 avg_loss=1.912
[1972.7s] epoch 75 step 83700 avg_loss=1.912
[1973.8s] epoch 75 step 83750 avg_loss=1.884
[1974.9s] epoch 75 step 83800 avg_loss=1.881
[1975.9s] epoch 75 step 83850 avg_loss=1.853
[1977.1s] epoch 75 step 83900 avg_loss=1.915
[1978.3s] epoch 75 step 83950 avg_loss=1.936
[1979.3s] epoch 75 step 84000 avg_loss=1.944
[1980.4s] epoch 75 step 84050 avg_loss=1.961
[1980.5s] === epoch 75 done: avg_loss=1.954 (n=1106 derivations) ===
[1981.5s] epoch 76 step 84100 avg_loss=1.606
[1982.6s] epoch 76 step 84150 avg_loss=1.770
[1983.7s] epoch 76 step 84200 avg_loss=1.672
[1984.9s] epoch 76 step 84250 avg_loss=1.622
[1986.0s] epoch 76 step 84300 avg_loss=1.702
[1987.0s] epoch 76 step 84350 avg_loss=1.708
[1988.2s] epoch 76 step 84400 avg_loss=1.681
[1989.2s] epoch 76 step 84450 avg_loss=1.634
[1990.3s] epoch 76 step 84500 avg_loss=1.694
[1991.4s] epoch 76 step 84550 avg_loss=1.730
[1992.6s] epoch 76 step 84600 avg_loss=1.776
[1993.6s] epoch 76 step 84650 avg_loss=1.794
[1994.8s] epoch 76 step 84700 avg_loss=1.813
[1996.0s] epoch 76 step 84750 avg_loss=1.818
[1997.4s] epoch 76 step 84800 avg_loss=1.845
[1998.6s] epoch 76 step 84850 avg_loss=1.905
[1999.7s] epoch 76 step 84900 avg_loss=1.932
[2001.0s] epoch 76 step 84950 avg_loss=1.925
[2002.3s] epoch 76 step 85000 avg_loss=1.922
[2003.4s] epoch 76 step 85050 avg_loss=1.935
[2004.3s] epoch 76 step 85100 avg_loss=1.918
[2005.3s] epoch 76 step 85150 avg_loss=1.923
[2005.6s] === epoch 76 done: avg_loss=1.917 (n=1106 derivations) ===
[2006.5s] epoch 77 step 85200 avg_loss=1.694
[2007.6s] epoch 77 step 85250 avg_loss=1.765
[2008.7s] epoch 77 step 85300 avg_loss=1.624
[2009.9s] epoch 77 step 85350 avg_loss=1.594
[2011.0s] epoch 77 step 85400 avg_loss=1.596
[2012.4s] epoch 77 step 85450 avg_loss=1.595
[2013.5s] epoch 77 step 85500 avg_loss=1.624
[2014.7s] epoch 77 step 85550 avg_loss=1.685
[2015.8s] epoch 77 step 85600 avg_loss=1.658
[2017.0s] epoch 77 step 85650 avg_loss=1.715
[2018.1s] epoch 77 step 85700 avg_loss=1.772
[2019.3s] epoch 77 step 85750 avg_loss=1.826
[2020.3s] epoch 77 step 85800 avg_loss=1.817
[2021.3s] epoch 77 step 85850 avg_loss=1.828
[2022.5s] epoch 77 step 85900 avg_loss=1.839
[2023.6s] epoch 77 step 85950 avg_loss=1.817
[2024.8s] epoch 77 step 86000 avg_loss=1.822
[2026.0s] epoch 77 step 86050 avg_loss=1.842
[2027.3s] epoch 77 step 86100 avg_loss=1.878
[2028.4s] epoch 77 step 86150 avg_loss=1.885
[2029.5s] epoch 77 step 86200 avg_loss=1.894
[2030.6s] epoch 77 step 86250 avg_loss=1.910
[2031.1s] === epoch 77 done: avg_loss=1.906 (n=1106 derivations) ===
[2031.8s] epoch 78 step 86300 avg_loss=1.912
[2033.3s] epoch 78 step 86350 avg_loss=2.051
[2034.6s] epoch 78 step 86400 avg_loss=1.807
[2035.6s] epoch 78 step 86450 avg_loss=1.710
[2037.0s] epoch 78 step 86500 avg_loss=1.670
[2038.3s] epoch 78 step 86550 avg_loss=1.668
[2039.6s] epoch 78 step 86600 avg_loss=1.639
[2040.9s] epoch 78 step 86650 avg_loss=1.707
[2042.2s] epoch 78 step 86700 avg_loss=1.686
[2043.5s] epoch 78 step 86750 avg_loss=1.724
[2044.8s] epoch 78 step 86800 avg_loss=1.786
[2045.9s] epoch 78 step 86850 avg_loss=1.782
[2047.1s] epoch 78 step 86900 avg_loss=1.799
[2048.2s] eval step=2750 train_avg_loss=1.804 dev_rank1_f1=0.3039 dev_edge_p=0.2552 dev_edge_r=0.3756
[2049.1s] epoch 78 step 86950 avg_loss=1.815
[2050.3s] epoch 78 step 87000 avg_loss=1.813
[2051.6s] epoch 78 step 87050 avg_loss=1.842
[2052.9s] epoch 78 step 87100 avg_loss=1.827
[2054.2s] epoch 78 step 87150 avg_loss=1.862
[2055.3s] epoch 78 step 87200 avg_loss=1.843
[2056.5s] epoch 78 step 87250 avg_loss=1.824
[2057.8s] epoch 78 step 87300 avg_loss=1.849
[2059.1s] epoch 78 step 87350 avg_loss=1.882
[2059.7s] === epoch 78 done: avg_loss=1.878 (n=1106 derivations) ===
[2060.3s] epoch 79 step 87400 avg_loss=1.866
[2061.6s] epoch 79 step 87450 avg_loss=1.742
[2062.8s] epoch 79 step 87500 avg_loss=1.576
[2063.9s] epoch 79 step 87550 avg_loss=1.769
[2065.1s] epoch 79 step 87600 avg_loss=1.731
[2066.2s] epoch 79 step 87650 avg_loss=1.685
[2067.5s] epoch 79 step 87700 avg_loss=1.741
[2068.6s] epoch 79 step 87750 avg_loss=1.777
[2069.6s] epoch 79 step 87800 avg_loss=1.803
[2070.8s] epoch 79 step 87850 avg_loss=1.801
[2071.9s] epoch 79 step 87900 avg_loss=1.781
[2073.0s] epoch 79 step 87950 avg_loss=1.777
[2074.0s] epoch 79 step 88000 avg_loss=1.781
[2075.0s] epoch 79 step 88050 avg_loss=1.763
[2076.2s] epoch 79 step 88100 avg_loss=1.772
[2077.3s] epoch 79 step 88150 avg_loss=1.789
[2078.5s] epoch 79 step 88200 avg_loss=1.797
[2079.5s] epoch 79 step 88250 avg_loss=1.805
[2080.7s] epoch 79 step 88300 avg_loss=1.791
[2081.6s] epoch 79 step 88350 avg_loss=1.781
[2082.7s] epoch 79 step 88400 avg_loss=1.826
[2084.0s] epoch 79 step 88450 avg_loss=1.865
[2084.9s] === epoch 79 done: avg_loss=1.888 (n=1106 derivations) ===
[2085.5s] epoch 80 step 88500 avg_loss=1.654
[2087.0s] epoch 80 step 88550 avg_loss=1.398
[2088.2s] epoch 80 step 88600 avg_loss=1.597
[2089.6s] epoch 80 step 88650 avg_loss=1.625
[2090.9s] epoch 80 step 88700 avg_loss=1.741
[2092.0s] epoch 80 step 88750 avg_loss=1.758
[2093.2s] epoch 80 step 88800 avg_loss=1.776
[2094.3s] epoch 80 step 88850 avg_loss=1.702
[2095.4s] epoch 80 step 88900 avg_loss=1.687
[2096.5s] epoch 80 step 88950 avg_loss=1.660
[2097.7s] epoch 80 step 89000 avg_loss=1.688
[2098.8s] epoch 80 step 89050 avg_loss=1.689
[2099.7s] epoch 80 step 89100 avg_loss=1.703
[2100.7s] epoch 80 step 89150 avg_loss=1.682
[2101.7s] epoch 80 step 89200 avg_loss=1.702
[2102.8s] epoch 80 step 89250 avg_loss=1.712
[2104.0s] epoch 80 step 89300 avg_loss=1.737
[2105.1s] epoch 80 step 89350 avg_loss=1.776
[2106.3s] epoch 80 step 89400 avg_loss=1.790
[2107.4s] epoch 80 step 89450 avg_loss=1.792
[2108.3s] epoch 80 step 89500 avg_loss=1.787
[2109.4s] epoch 80 step 89550 avg_loss=1.795
[2110.1s] === epoch 80 done: avg_loss=1.802 (n=1106 derivations) ===
[2110.5s] epoch 81 step 89600 avg_loss=1.295
[2111.6s] epoch 81 step 89650 avg_loss=2.106
[2112.6s] epoch 81 step 89700 avg_loss=1.885
[2113.7s] epoch 81 step 89750 avg_loss=1.673
[2114.7s] epoch 81 step 89800 avg_loss=1.692
[2115.9s] epoch 81 step 89850 avg_loss=1.694
[2117.2s] epoch 81 step 89900 avg_loss=1.763
[2118.2s] epoch 81 step 89950 avg_loss=1.746
[2119.3s] epoch 81 step 90000 avg_loss=1.767
[2120.3s] epoch 81 step 90050 avg_loss=1.751
[2121.5s] epoch 81 step 90100 avg_loss=1.859
[2122.5s] epoch 81 step 90150 avg_loss=1.825
[2123.9s] epoch 81 step 90200 avg_loss=1.834
[2124.9s] epoch 81 step 90250 avg_loss=1.800
[2126.0s] epoch 81 step 90300 avg_loss=1.777
[2127.3s] epoch 81 step 90350 avg_loss=1.809
[2128.4s] epoch 81 step 90400 avg_loss=1.839
[2129.5s] epoch 81 step 90450 avg_loss=1.834
[2130.6s] epoch 81 step 90500 avg_loss=1.853
[2131.6s] epoch 81 step 90550 avg_loss=1.852
[2132.7s] epoch 81 step 90600 avg_loss=1.840
[2133.8s] epoch 81 step 90650 avg_loss=1.853
[2134.7s] === epoch 81 done: avg_loss=1.857 (n=1106 derivations) ===
[2134.8s] epoch 82 step 90700 avg_loss=0.806
[2136.0s] epoch 82 step 90750 avg_loss=1.202
[2137.2s] epoch 82 step 90800 avg_loss=1.575
[2138.4s] epoch 82 step 90850 avg_loss=1.570
[2139.6s] epoch 82 step 90900 avg_loss=1.655
[2140.7s] epoch 82 step 90950 avg_loss=1.677
[2141.7s] epoch 82 step 91000 avg_loss=1.611
[2142.8s] epoch 82 step 91050 avg_loss=1.655
[2144.0s] epoch 82 step 91100 avg_loss=1.669
[2145.1s] epoch 82 step 91150 avg_loss=1.701
[2146.2s] epoch 82 step 91200 avg_loss=1.679
[2147.4s] epoch 82 step 91250 avg_loss=1.702
[2148.4s] epoch 82 step 91300 avg_loss=1.698
[2149.4s] epoch 82 step 91350 avg_loss=1.724
[2150.5s] epoch 82 step 91400 avg_loss=1.741
[2151.5s] epoch 82 step 91450 avg_loss=1.738
[2152.6s] epoch 82 step 91500 avg_loss=1.747
[2153.7s] epoch 82 step 91550 avg_loss=1.796
[2154.7s] epoch 82 step 91600 avg_loss=1.799
[2155.8s] epoch 82 step 91650 avg_loss=1.802
[2156.9s] epoch 82 step 91700 avg_loss=1.815
[2158.1s] epoch 82 step 91750 avg_loss=1.814
[2159.2s] === epoch 82 done: avg_loss=1.819 (n=1106 derivations) ===
[2159.2s] epoch 83 step 91800 avg_loss=0.268
[2160.4s] epoch 83 step 91850 avg_loss=1.497
[2161.5s] epoch 83 step 91900 avg_loss=1.479
[2162.7s] epoch 83 step 91950 avg_loss=1.488
[2163.7s] epoch 83 step 92000 avg_loss=1.381
[2164.7s] epoch 83 step 92050 avg_loss=1.497
[2165.6s] epoch 83 step 92100 avg_loss=1.388
[2166.7s] epoch 83 step 92150 avg_loss=1.365
[2167.8s] epoch 83 step 92200 avg_loss=1.442
[2168.9s] epoch 83 step 92250 avg_loss=1.445
[2169.9s] epoch 83 step 92300 avg_loss=1.435
[2171.0s] epoch 83 step 92350 avg_loss=1.482
[2172.1s] epoch 83 step 92400 avg_loss=1.501
[2173.2s] epoch 83 step 92450 avg_loss=1.543
[2174.3s] epoch 83 step 92500 avg_loss=1.600
[2175.5s] epoch 83 step 92550 avg_loss=1.622
[2176.7s] epoch 83 step 92600 avg_loss=1.624
[2177.8s] epoch 83 step 92650 avg_loss=1.669
[2178.9s] epoch 83 step 92700 avg_loss=1.691
[2180.1s] epoch 83 step 92750 avg_loss=1.701
[2181.2s] epoch 83 step 92800 avg_loss=1.721
[2182.4s] epoch 83 step 92850 avg_loss=1.739
[2183.4s] epoch 83 step 92900 avg_loss=1.776
[2183.5s] === epoch 83 done: avg_loss=1.779 (n=1106 derivations) ===
[2184.5s] epoch 84 step 92950 avg_loss=1.382
[2185.8s] epoch 84 step 93000 avg_loss=1.424
[2187.1s] epoch 84 step 93050 avg_loss=1.544
[2188.2s] epoch 84 step 93100 avg_loss=1.461
[2189.7s] epoch 84 step 93150 avg_loss=1.525
[2191.0s] epoch 84 step 93200 avg_loss=1.592
[2192.1s] epoch 84 step 93250 avg_loss=1.534
[2193.4s] epoch 84 step 93300 avg_loss=1.552
[2194.7s] epoch 84 step 93350 avg_loss=1.575
[2195.8s] epoch 84 step 93400 avg_loss=1.553
[2197.1s] epoch 84 step 93450 avg_loss=1.558
[2198.1s] epoch 84 step 93500 avg_loss=1.561
[2199.1s] epoch 84 step 93550 avg_loss=1.585
[2200.1s] epoch 84 step 93600 avg_loss=1.576
[2201.1s] epoch 84 step 93650 avg_loss=1.588
[2202.3s] epoch 84 step 93700 avg_loss=1.608
[2203.5s] epoch 84 step 93750 avg_loss=1.633
[2204.8s] epoch 84 step 93800 avg_loss=1.671
[2205.8s] epoch 84 step 93850 avg_loss=1.660
[2207.1s] epoch 84 step 93900 avg_loss=1.667
[2208.3s] epoch 84 step 93950 avg_loss=1.721
[2209.4s] epoch 84 step 94000 avg_loss=1.728
[2209.6s] === epoch 84 done: avg_loss=1.742 (n=1106 derivations) ===
[2210.5s] epoch 85 step 94050 avg_loss=1.127
[2211.8s] epoch 85 step 94100 avg_loss=1.892
[2212.9s] epoch 85 step 94150 avg_loss=1.668
[2214.1s] epoch 85 step 94200 avg_loss=1.652
[2215.3s] epoch 85 step 94250 avg_loss=1.553
[2216.6s] epoch 85 step 94300 avg_loss=1.540
[2217.8s] epoch 85 step 94350 avg_loss=1.620
[2218.9s] epoch 85 step 94400 avg_loss=1.671
[2220.3s] epoch 85 step 94450 avg_loss=1.647
[2221.3s] epoch 85 step 94500 avg_loss=1.664
[2222.3s] epoch 85 step 94550 avg_loss=1.674
[2223.6s] epoch 85 step 94600 avg_loss=1.688
[2224.7s] epoch 85 step 94650 avg_loss=1.724
[2225.8s] epoch 85 step 94700 avg_loss=1.708
[2227.1s] epoch 85 step 94750 avg_loss=1.741
[2228.3s] epoch 85 step 94800 avg_loss=1.797
[2229.5s] eval step=3000 train_avg_loss=1.790 dev_rank1_f1=0.3148 dev_edge_p=0.2766 dev_edge_r=0.3653
[2230.4s] epoch 85 step 94850 avg_loss=1.797
[2231.5s] epoch 85 step 94900 avg_loss=1.787
[2232.8s] epoch 85 step 94950 avg_loss=1.766
[2233.9s] epoch 85 step 95000 avg_loss=1.729
[2235.2s] epoch 85 step 95050 avg_loss=1.730
[2236.5s] epoch 85 step 95100 avg_loss=1.728
[2236.8s] === epoch 85 done: avg_loss=1.728 (n=1106 derivations) ===
[2237.6s] epoch 86 step 95150 avg_loss=1.149
[2238.7s] epoch 86 step 95200 avg_loss=1.171
[2239.9s] epoch 86 step 95250 avg_loss=1.250
[2241.0s] epoch 86 step 95300 avg_loss=1.302
[2241.9s] epoch 86 step 95350 avg_loss=1.301
[2242.9s] epoch 86 step 95400 avg_loss=1.309
[2243.7s] epoch 86 step 95450 avg_loss=1.243
[2245.0s] epoch 86 step 95500 avg_loss=1.438
[2246.5s] epoch 86 step 95550 avg_loss=1.500
[2247.7s] epoch 86 step 95600 avg_loss=1.499
[2249.1s] epoch 86 step 95650 avg_loss=1.534
[2250.4s] epoch 86 step 95700 avg_loss=1.533
[2251.5s] epoch 86 step 95750 avg_loss=1.544
[2252.7s] epoch 86 step 95800 avg_loss=1.575
[2253.8s] epoch 86 step 95850 avg_loss=1.621
[2254.9s] epoch 86 step 95900 avg_loss=1.622
[2256.2s] epoch 86 step 95950 avg_loss=1.647
[2257.2s] epoch 86 step 96000 avg_loss=1.652
[2258.5s] epoch 86 step 96050 avg_loss=1.706
[2259.9s] epoch 86 step 96100 avg_loss=1.760
[2261.0s] epoch 86 step 96150 avg_loss=1.766
[2262.0s] epoch 86 step 96200 avg_loss=1.766
[2262.5s] === epoch 86 done: avg_loss=1.762 (n=1106 derivations) ===
[2263.0s] epoch 87 step 96250 avg_loss=1.221
[2264.1s] epoch 87 step 96300 avg_loss=1.171
[2265.3s] epoch 87 step 96350 avg_loss=1.543
[2266.6s] epoch 87 step 96400 avg_loss=1.495
[2267.9s] epoch 87 step 96450 avg_loss=1.600
[2268.8s] epoch 87 step 96500 avg_loss=1.519
[2269.9s] epoch 87 step 96550 avg_loss=1.516
[2271.2s] epoch 87 step 96600 avg_loss=1.558
[2272.1s] epoch 87 step 96650 avg_loss=1.506
[2273.1s] epoch 87 step 96700 avg_loss=1.512
[2274.2s] epoch 87 step 96750 avg_loss=1.591
[2275.3s] epoch 87 step 96800 avg_loss=1.611
[2276.3s] epoch 87 step 96850 avg_loss=1.637
[2277.4s] epoch 87 step 96900 avg_loss=1.680
[2278.5s] epoch 87 step 96950 avg_loss=1.686
[2279.8s] epoch 87 step 97000 avg_loss=1.686
[2281.0s] epoch 87 step 97050 avg_loss=1.693
[2281.9s] epoch 87 step 97100 avg_loss=1.699
[2283.0s] epoch 87 step 97150 avg_loss=1.698
[2284.1s] epoch 87 step 97200 avg_loss=1.690
[2285.4s] epoch 87 step 97250 avg_loss=1.709
[2286.5s] epoch 87 step 97300 avg_loss=1.724
[2287.3s] === epoch 87 done: avg_loss=1.731 (n=1106 derivations) ===
[2287.7s] epoch 88 step 97350 avg_loss=1.411
[2288.7s] epoch 88 step 97400 avg_loss=1.465
[2289.9s] epoch 88 step 97450 avg_loss=1.277
[2291.1s] epoch 88 step 97500 avg_loss=1.365
[2292.2s] epoch 88 step 97550 avg_loss=1.456
[2293.4s] epoch 88 step 97600 avg_loss=1.553
[2294.4s] epoch 88 step 97650 avg_loss=1.545
[2295.8s] epoch 88 step 97700 avg_loss=1.564
[2297.2s] epoch 88 step 97750 avg_loss=1.521
[2298.3s] epoch 88 step 97800 avg_loss=1.565
[2299.5s] epoch 88 step 97850 avg_loss=1.577
[2300.7s] epoch 88 step 97900 avg_loss=1.558
[2301.9s] epoch 88 step 97950 avg_loss=1.591
[2303.0s] epoch 88 step 98000 avg_loss=1.599
[2304.2s] epoch 88 step 98050 avg_loss=1.601
[2305.2s] epoch 88 step 98100 avg_loss=1.581
[2306.5s] epoch 88 step 98150 avg_loss=1.574
[2307.7s] epoch 88 step 98200 avg_loss=1.604
[2308.9s] epoch 88 step 98250 avg_loss=1.636
[2310.1s] epoch 88 step 98300 avg_loss=1.610
[2311.7s] epoch 88 step 98350 avg_loss=1.636
[2312.8s] epoch 88 step 98400 avg_loss=1.657
[2313.7s] === epoch 88 done: avg_loss=1.677 (n=1106 derivations) ===
[2314.0s] epoch 89 step 98450 avg_loss=1.373
[2315.1s] epoch 89 step 98500 avg_loss=1.353
[2316.3s] epoch 89 step 98550 avg_loss=1.424
[2317.6s] epoch 89 step 98600 avg_loss=1.451
[2318.8s] epoch 89 step 98650 avg_loss=1.549
[2320.1s] epoch 89 step 98700 avg_loss=1.616
[2321.3s] epoch 89 step 98750 avg_loss=1.608
[2322.7s] epoch 89 step 98800 avg_loss=1.669
[2323.9s] epoch 89 step 98850 avg_loss=1.624
[2325.1s] epoch 89 step 98900 avg_loss=1.573
[2326.3s] epoch 89 step 98950 avg_loss=1.555
[2327.4s] epoch 89 step 99000 avg_loss=1.551
[2328.6s] epoch 89 step 99050 avg_loss=1.606
[2329.6s] epoch 89 step 99100 avg_loss=1.616
[2330.8s] epoch 89 step 99150 avg_loss=1.640
[2331.9s] epoch 89 step 99200 avg_loss=1.629
[2333.1s] epoch 89 step 99250 avg_loss=1.648
[2334.4s] epoch 89 step 99300 avg_loss=1.673
[2335.6s] epoch 89 step 99350 avg_loss=1.686
[2336.8s] epoch 89 step 99400 avg_loss=1.675
[2338.1s] epoch 89 step 99450 avg_loss=1.700
[2339.3s] epoch 89 step 99500 avg_loss=1.678
[2340.2s] === epoch 89 done: avg_loss=1.688 (n=1106 derivations) ===
[2340.4s] epoch 90 step 99550 avg_loss=1.059
[2341.5s] epoch 90 step 99600 avg_loss=1.374
[2342.6s] epoch 90 step 99650 avg_loss=1.357
[2343.7s] epoch 90 step 99700 avg_loss=1.417
[2344.7s] epoch 90 step 99750 avg_loss=1.372
[2345.8s] epoch 90 step 99800 avg_loss=1.385
[2347.1s] epoch 90 step 99850 avg_loss=1.465
[2348.3s] epoch 90 step 99900 avg_loss=1.504
[2349.4s] epoch 90 step 99950 avg_loss=1.519
[2350.7s] epoch 90 step 100000 avg_loss=1.486
[2352.0s] epoch 90 step 100050 avg_loss=1.569
[2353.2s] epoch 90 step 100100 avg_loss=1.591
[2354.4s] epoch 90 step 100150 avg_loss=1.640
[2355.8s] epoch 90 step 100200 avg_loss=1.619
[2357.4s] epoch 90 step 100250 avg_loss=1.597
[2358.5s] epoch 90 step 100300 avg_loss=1.611
[2359.8s] epoch 90 step 100350 avg_loss=1.616
[2361.2s] epoch 90 step 100400 avg_loss=1.608
[2362.2s] epoch 90 step 100450 avg_loss=1.618
[2363.3s] epoch 90 step 100500 avg_loss=1.617
[2364.6s] epoch 90 step 100550 avg_loss=1.625
[2365.9s] epoch 90 step 100600 avg_loss=1.637
[2367.1s] === epoch 90 done: avg_loss=1.655 (n=1106 derivations) ===
[2367.2s] epoch 91 step 100650 avg_loss=2.454
[2368.3s] epoch 91 step 100700 avg_loss=1.299
[2369.5s] epoch 91 step 100750 avg_loss=1.303
[2370.7s] epoch 91 step 100800 avg_loss=1.398
[2371.9s] epoch 91 step 100850 avg_loss=1.456
[2373.0s] epoch 91 step 100900 avg_loss=1.503
[2374.1s] epoch 91 step 100950 avg_loss=1.508
[2375.1s] epoch 91 step 101000 avg_loss=1.433
[2376.3s] epoch 91 step 101050 avg_loss=1.449
[2377.4s] epoch 91 step 101100 avg_loss=1.451
[2378.7s] epoch 91 step 101150 avg_loss=1.481
[2379.9s] epoch 91 step 101200 avg_loss=1.439
[2381.2s] epoch 91 step 101250 avg_loss=1.457
[2382.5s] epoch 91 step 101300 avg_loss=1.545
[2383.8s] epoch 91 step 101350 avg_loss=1.548
[2385.2s] epoch 91 step 101400 avg_loss=1.545
[2386.3s] epoch 91 step 101450 avg_loss=1.576
[2387.4s] epoch 91 step 101500 avg_loss=1.548
[2388.6s] epoch 91 step 101550 avg_loss=1.580
[2389.7s] epoch 91 step 101600 avg_loss=1.619
[2390.8s] epoch 91 step 101650 avg_loss=1.615
[2391.9s] epoch 91 step 101700 avg_loss=1.632
[2393.1s] epoch 91 step 101750 avg_loss=1.631
[2393.1s] === epoch 91 done: avg_loss=1.638 (n=1106 derivations) ===
[2394.3s] epoch 92 step 101800 avg_loss=1.021
[2395.4s] epoch 92 step 101850 avg_loss=1.215
[2396.6s] epoch 92 step 101900 avg_loss=1.288
[2397.7s] epoch 92 step 101950 avg_loss=1.323
[2399.0s] epoch 92 step 102000 avg_loss=1.392
[2400.0s] epoch 92 step 102050 avg_loss=1.443
[2401.4s] epoch 92 step 102100 avg_loss=1.478
[2402.5s] epoch 92 step 102150 avg_loss=1.431
[2403.6s] epoch 92 step 102200 avg_loss=1.480
[2404.7s] epoch 92 step 102250 avg_loss=1.486
[2405.8s] epoch 92 step 102300 avg_loss=1.493
[2406.9s] epoch 92 step 102350 avg_loss=1.508
[2408.0s] epoch 92 step 102400 avg_loss=1.504
[2409.1s] epoch 92 step 102450 avg_loss=1.527
[2410.3s] epoch 92 step 102500 avg_loss=1.540
[2411.5s] epoch 92 step 102550 avg_loss=1.519
[2412.8s] epoch 92 step 102600 avg_loss=1.537
[2413.9s] epoch 92 step 102650 avg_loss=1.530
[2415.2s] epoch 92 step 102700 avg_loss=1.560
[2416.6s] eval step=3250 train_avg_loss=1.564 dev_rank1_f1=0.3086 dev_edge_p=0.2690 dev_edge_r=0.3621
[2417.4s] epoch 92 step 102750 avg_loss=1.574
[2418.6s] epoch 92 step 102800 avg_loss=1.576
[2419.7s] epoch 92 step 102850 avg_loss=1.585
[2419.9s] === epoch 92 done: avg_loss=1.589 (n=1106 derivations) ===
[2420.9s] epoch 93 step 102900 avg_loss=1.317
[2422.2s] epoch 93 step 102950 avg_loss=1.233
[2423.3s] epoch 93 step 103000 avg_loss=1.339
[2424.4s] epoch 93 step 103050 avg_loss=1.316
[2425.5s] epoch 93 step 103100 avg_loss=1.362
[2426.6s] epoch 93 step 103150 avg_loss=1.381
[2427.6s] epoch 93 step 103200 avg_loss=1.414
[2428.6s] epoch 93 step 103250 avg_loss=1.356
[2429.8s] epoch 93 step 103300 avg_loss=1.424
[2431.0s] epoch 93 step 103350 avg_loss=1.451
[2431.9s] epoch 93 step 103400 avg_loss=1.429
[2433.0s] epoch 93 step 103450 avg_loss=1.412
[2434.2s] epoch 93 step 103500 avg_loss=1.416
[2435.4s] epoch 93 step 103550 avg_loss=1.447
[2436.7s] epoch 93 step 103600 avg_loss=1.474
[2437.8s] epoch 93 step 103650 avg_loss=1.465
[2438.9s] epoch 93 step 103700 avg_loss=1.454
[2440.1s] epoch 93 step 103750 avg_loss=1.498
[2441.3s] epoch 93 step 103800 avg_loss=1.536
[2442.5s] epoch 93 step 103850 avg_loss=1.571
[2443.5s] epoch 93 step 103900 avg_loss=1.576
[2444.7s] epoch 93 step 103950 avg_loss=1.601
[2445.0s] === epoch 93 done: avg_loss=1.599 (n=1106 derivations) ===
[2445.9s] epoch 94 step 104000 avg_loss=1.340
[2447.4s] epoch 94 step 104050 avg_loss=1.206
[2448.6s] epoch 94 step 104100 avg_loss=1.221
[2449.6s] epoch 94 step 104150 avg_loss=1.164
[2450.7s] epoch 94 step 104200 avg_loss=1.136
[2451.8s] epoch 94 step 104250 avg_loss=1.172
[2453.1s] epoch 94 step 104300 avg_loss=1.383
[2454.5s] epoch 94 step 104350 avg_loss=1.426
[2455.6s] epoch 94 step 104400 avg_loss=1.390
[2456.8s] epoch 94 step 104450 avg_loss=1.446
[2458.0s] epoch 94 step 104500 avg_loss=1.464
[2459.1s] epoch 94 step 104550 avg_loss=1.457
[2460.2s] epoch 94 step 104600 avg_loss=1.478
[2461.4s] epoch 94 step 104650 avg_loss=1.487
[2462.5s] epoch 94 step 104700 avg_loss=1.516
[2463.7s] epoch 94 step 104750 avg_loss=1.529
[2464.9s] epoch 94 step 104800 avg_loss=1.526
[2466.2s] epoch 94 step 104850 avg_loss=1.546
[2467.4s] epoch 94 step 104900 avg_loss=1.526
[2468.6s] epoch 94 step 104950 avg_loss=1.520
[2469.9s] epoch 94 step 105000 avg_loss=1.547
[2471.1s] epoch 94 step 105050 avg_loss=1.549
[2471.5s] === epoch 94 done: avg_loss=1.545 (n=1106 derivations) ===
[2472.2s] epoch 95 step 105100 avg_loss=2.155
[2473.5s] epoch 95 step 105150 avg_loss=1.826
[2474.7s] epoch 95 step 105200 avg_loss=1.638
[2476.1s] epoch 95 step 105250 avg_loss=1.488
[2477.3s] epoch 95 step 105300 avg_loss=1.477
[2478.5s] epoch 95 step 105350 avg_loss=1.427
[2479.8s] epoch 95 step 105400 avg_loss=1.462
[2480.9s] epoch 95 step 105450 avg_loss=1.405
[2482.1s] epoch 95 step 105500 avg_loss=1.388
[2483.2s] epoch 95 step 105550 avg_loss=1.371
[2484.3s] epoch 95 step 105600 avg_loss=1.399
[2485.4s] epoch 95 step 105650 avg_loss=1.429
[2486.6s] epoch 95 step 105700 avg_loss=1.414
[2487.8s] epoch 95 step 105750 avg_loss=1.435
[2488.9s] epoch 95 step 105800 avg_loss=1.461
[2490.1s] epoch 95 step 105850 avg_loss=1.477
[2491.4s] epoch 95 step 105900 avg_loss=1.474
[2492.5s] epoch 95 step 105950 avg_loss=1.489
[2493.8s] epoch 95 step 106000 avg_loss=1.493
[2495.1s] epoch 95 step 106050 avg_loss=1.535
[2496.3s] epoch 95 step 106100 avg_loss=1.551
[2497.4s] epoch 95 step 106150 avg_loss=1.575
[2498.0s] === epoch 95 done: avg_loss=1.587 (n=1106 derivations) ===
[2498.5s] epoch 96 step 106200 avg_loss=0.715
[2499.7s] epoch 96 step 106250 avg_loss=1.191
[2501.0s] epoch 96 step 106300 avg_loss=1.186
[2502.2s] epoch 96 step 106350 avg_loss=1.300
[2503.2s] epoch 96 step 106400 avg_loss=1.346
[2504.4s] epoch 96 step 106450 avg_loss=1.322
[2505.8s] epoch 96 step 106500 avg_loss=1.403
[2506.9s] epoch 96 step 106550 avg_loss=1.479
[2508.0s] epoch 96 step 106600 avg_loss=1.515
[2509.2s] epoch 96 step 106650 avg_loss=1.565
[2510.2s] epoch 96 step 106700 avg_loss=1.541
[2511.3s] epoch 96 step 106750 avg_loss=1.502
[2512.4s] epoch 96 step 106800 avg_loss=1.492
[2513.3s] epoch 96 step 106850 avg_loss=1.506
[2514.4s] epoch 96 step 106900 avg_loss=1.499
[2515.5s] epoch 96 step 106950 avg_loss=1.539
[2516.7s] epoch 96 step 107000 avg_loss=1.560
[2517.8s] epoch 96 step 107050 avg_loss=1.557
[2518.9s] epoch 96 step 107100 avg_loss=1.557
[2520.1s] epoch 96 step 107150 avg_loss=1.569
[2521.3s] epoch 96 step 107200 avg_loss=1.571
[2522.5s] epoch 96 step 107250 avg_loss=1.554
[2523.3s] === epoch 96 done: avg_loss=1.556 (n=1106 derivations) ===
[2523.7s] epoch 97 step 107300 avg_loss=1.326
[2524.7s] epoch 97 step 107350 avg_loss=1.165
[2525.9s] epoch 97 step 107400 avg_loss=1.169
[2527.1s] epoch 97 step 107450 avg_loss=1.296
[2528.2s] epoch 97 step 107500 avg_loss=1.303
[2529.3s] epoch 97 step 107550 avg_loss=1.322
[2530.6s] epoch 97 step 107600 avg_loss=1.308
[2531.7s] epoch 97 step 107650 avg_loss=1.326
[2533.0s] epoch 97 step 107700 avg_loss=1.387
[2534.2s] epoch 97 step 107750 avg_loss=1.380
[2535.4s] epoch 97 step 107800 avg_loss=1.348
[2536.8s] epoch 97 step 107850 avg_loss=1.328
[2538.2s] epoch 97 step 107900 avg_loss=1.323
[2539.4s] epoch 97 step 107950 avg_loss=1.350
[2540.5s] epoch 97 step 108000 avg_loss=1.356
[2541.5s] epoch 97 step 108050 avg_loss=1.376
[2542.7s] epoch 97 step 108100 avg_loss=1.368
[2543.7s] epoch 97 step 108150 avg_loss=1.394
[2544.8s] epoch 97 step 108200 avg_loss=1.420
[2546.0s] epoch 97 step 108250 avg_loss=1.452
[2547.0s] epoch 97 step 108300 avg_loss=1.465
[2548.1s] epoch 97 step 108350 avg_loss=1.489
[2548.9s] === epoch 97 done: avg_loss=1.516 (n=1106 derivations) ===
[2549.2s] epoch 98 step 108400 avg_loss=1.203
[2550.5s] epoch 98 step 108450 avg_loss=1.578
[2551.7s] epoch 98 step 108500 avg_loss=1.493
[2552.8s] epoch 98 step 108550 avg_loss=1.475
[2554.0s] epoch 98 step 108600 avg_loss=1.487
[2555.1s] epoch 98 step 108650 avg_loss=1.420
[2556.1s] epoch 98 step 108700 avg_loss=1.436
[2557.4s] epoch 98 step 108750 avg_loss=1.417
[2558.7s] epoch 98 step 108800 avg_loss=1.394
[2559.9s] epoch 98 step 108850 avg_loss=1.381
[2561.1s] epoch 98 step 108900 avg_loss=1.372
[2562.2s] epoch 98 step 108950 avg_loss=1.412
[2563.4s] epoch 98 step 109000 avg_loss=1.405
[2564.6s] epoch 98 step 109050 avg_loss=1.436
[2566.1s] epoch 98 step 109100 avg_loss=1.460
[2567.2s] epoch 98 step 109150 avg_loss=1.465
[2568.4s] epoch 98 step 109200 avg_loss=1.469
[2569.5s] epoch 98 step 109250 avg_loss=1.454
[2570.6s] epoch 98 step 109300 avg_loss=1.476
[2571.7s] epoch 98 step 109350 avg_loss=1.509
[2572.9s] epoch 98 step 109400 avg_loss=1.537
[2574.0s] epoch 98 step 109450 avg_loss=1.544
[2575.0s] === epoch 98 done: avg_loss=1.543 (n=1106 derivations) ===
[2575.2s] epoch 99 step 109500 avg_loss=3.567
[2576.1s] epoch 99 step 109550 avg_loss=1.229
[2577.3s] epoch 99 step 109600 avg_loss=1.375
[2578.6s] epoch 99 step 109650 avg_loss=1.397
[2579.9s] epoch 99 step 109700 avg_loss=1.461
[2581.1s] epoch 99 step 109750 avg_loss=1.422
[2582.1s] epoch 99 step 109800 avg_loss=1.400
[2583.2s] epoch 99 step 109850 avg_loss=1.382
[2584.3s] epoch 99 step 109900 avg_loss=1.387
[2585.5s] epoch 99 step 109950 avg_loss=1.426
[2586.6s] epoch 99 step 110000 avg_loss=1.425
[2587.8s] epoch 99 step 110050 avg_loss=1.484
[2588.8s] epoch 99 step 110100 avg_loss=1.468
[2590.1s] epoch 99 step 110150 avg_loss=1.453
[2591.4s] epoch 99 step 110200 avg_loss=1.480
[2592.5s] epoch 99 step 110250 avg_loss=1.480
[2593.6s] epoch 99 step 110300 avg_loss=1.489
[2594.8s] epoch 99 step 110350 avg_loss=1.489
[2595.8s] epoch 99 step 110400 avg_loss=1.464
[2597.1s] epoch 99 step 110450 avg_loss=1.479
[2598.1s] epoch 99 step 110500 avg_loss=1.482
[2599.3s] epoch 99 step 110550 avg_loss=1.495
[2600.5s] epoch 99 step 110600 avg_loss=1.514
[2601.3s] eval step=3500 train_avg_loss=1.514 dev_rank1_f1=0.3166 dev_edge_p=0.2730 dev_edge_r=0.3766
[2601.3s] === epoch 99 done: avg_loss=1.514 (n=1106 derivations) ===
[2602.5s] epoch 100 step 110650 avg_loss=1.942
[2603.6s] epoch 100 step 110700 avg_loss=1.510
[2604.6s] epoch 100 step 110750 avg_loss=1.391
[2605.8s] epoch 100 step 110800 avg_loss=1.334
[2607.1s] epoch 100 step 110850 avg_loss=1.388
[2608.3s] epoch 100 step 110900 avg_loss=1.307
[2609.4s] epoch 100 step 110950 avg_loss=1.271
[2610.6s] epoch 100 step 111000 avg_loss=1.301
[2611.8s] epoch 100 step 111050 avg_loss=1.297
[2613.1s] epoch 100 step 111100 avg_loss=1.291
[2614.3s] epoch 100 step 111150 avg_loss=1.311
[2615.4s] epoch 100 step 111200 avg_loss=1.326
[2616.5s] epoch 100 step 111250 avg_loss=1.364
[2617.7s] epoch 100 step 111300 avg_loss=1.393
[2618.8s] epoch 100 step 111350 avg_loss=1.400
[2619.9s] epoch 100 step 111400 avg_loss=1.437
[2621.0s] epoch 100 step 111450 avg_loss=1.428
[2622.1s] epoch 100 step 111500 avg_loss=1.431
[2623.3s] epoch 100 step 111550 avg_loss=1.455
[2624.4s] epoch 100 step 111600 avg_loss=1.468
[2625.4s] epoch 100 step 111650 avg_loss=1.461
[2626.5s] epoch 100 step 111700 avg_loss=1.468
[2626.6s] === epoch 100 done: avg_loss=1.474 (n=1106 derivations) ===
[2627.7s] epoch 101 step 111750 avg_loss=1.024
[2628.8s] epoch 101 step 111800 avg_loss=1.311
[2629.8s] epoch 101 step 111850 avg_loss=1.273
[2631.0s] epoch 101 step 111900 avg_loss=1.192
[2632.0s] epoch 101 step 111950 avg_loss=1.204
[2633.3s] epoch 101 step 112000 avg_loss=1.269
[2634.2s] epoch 101 step 112050 avg_loss=1.264
[2635.3s] epoch 101 step 112100 avg_loss=1.310
[2636.4s] epoch 101 step 112150 avg_loss=1.317
[2637.4s] epoch 101 step 112200 avg_loss=1.307
[2638.5s] epoch 101 step 112250 avg_loss=1.325
[2639.7s] epoch 101 step 112300 avg_loss=1.377
[2640.9s] epoch 101 step 112350 avg_loss=1.401
[2642.1s] epoch 101 step 112400 avg_loss=1.435
[2643.1s] epoch 101 step 112450 avg_loss=1.425
[2644.0s] epoch 101 step 112500 avg_loss=1.409
[2645.2s] epoch 101 step 112550 avg_loss=1.424
[2646.3s] epoch 101 step 112600 avg_loss=1.448
[2647.4s] epoch 101 step 112650 avg_loss=1.425
[2648.4s] epoch 101 step 112700 avg_loss=1.417
[2649.6s] epoch 101 step 112750 avg_loss=1.446
[2650.7s] epoch 101 step 112800 avg_loss=1.449
[2651.0s] === epoch 101 done: avg_loss=1.449 (n=1106 derivations) ===
[2651.9s] epoch 102 step 112850 avg_loss=1.255
[2653.1s] epoch 102 step 112900 avg_loss=1.408
[2654.3s] epoch 102 step 112950 avg_loss=1.318
[2655.3s] epoch 102 step 113000 avg_loss=1.395
[2656.5s] epoch 102 step 113050 avg_loss=1.342
[2657.8s] epoch 102 step 113100 avg_loss=1.347
[2658.9s] epoch 102 step 113150 avg_loss=1.372
[2659.9s] epoch 102 step 113200 avg_loss=1.335
[2661.1s] epoch 102 step 113250 avg_loss=1.339
[2662.3s] epoch 102 step 113300 avg_loss=1.393
[2663.4s] epoch 102 step 113350 avg_loss=1.388
[2664.5s] epoch 102 step 113400 avg_loss=1.365
[2665.5s] epoch 102 step 113450 avg_loss=1.361
[2666.7s] epoch 102 step 113500 avg_loss=1.363
[2667.8s] epoch 102 step 113550 avg_loss=1.355
[2669.0s] epoch 102 step 113600 avg_loss=1.378
[2670.1s] epoch 102 step 113650 avg_loss=1.394
[2671.3s] epoch 102 step 113700 avg_loss=1.441
[2672.5s] epoch 102 step 113750 avg_loss=1.452
[2673.5s] epoch 102 step 113800 avg_loss=1.441
[2674.8s] epoch 102 step 113850 avg_loss=1.457
[2676.0s] epoch 102 step 113900 avg_loss=1.479
[2676.5s] === epoch 102 done: avg_loss=1.481 (n=1106 derivations) ===
[2677.2s] epoch 103 step 113950 avg_loss=0.779
[2678.3s] epoch 103 step 114000 avg_loss=0.748
[2679.5s] epoch 103 step 114050 avg_loss=0.868
[2680.7s] epoch 103 step 114100 avg_loss=1.042
[2681.9s] epoch 103 step 114150 avg_loss=1.107
[2683.0s] epoch 103 step 114200 avg_loss=1.134
[2684.3s] epoch 103 step 114250 avg_loss=1.264
[2685.6s] epoch 103 step 114300 avg_loss=1.221
[2687.1s] epoch 103 step 114350 avg_loss=1.271
[2688.4s] epoch 103 step 114400 avg_loss=1.330
[2689.6s] epoch 103 step 114450 avg_loss=1.289
[2690.9s] epoch 103 step 114500 avg_loss=1.314
[2692.1s] epoch 103 step 114550 avg_loss=1.332
[2693.5s] epoch 103 step 114600 avg_loss=1.438
[2694.5s] epoch 103 step 114650 avg_loss=1.429
[2695.4s] epoch 103 step 114700 avg_loss=1.414
[2696.5s] epoch 103 step 114750 avg_loss=1.450
[2697.6s] epoch 103 step 114800 avg_loss=1.436
[2698.6s] epoch 103 step 114850 avg_loss=1.430
[2699.8s] epoch 103 step 114900 avg_loss=1.465
[2700.9s] epoch 103 step 114950 avg_loss=1.441
[2702.2s] epoch 103 step 115000 avg_loss=1.488
[2702.8s] === epoch 103 done: avg_loss=1.476 (n=1106 derivations) ===
[2703.6s] epoch 104 step 115050 avg_loss=0.800
[2704.6s] epoch 104 step 115100 avg_loss=0.866
[2705.9s] epoch 104 step 115150 avg_loss=0.996
[2707.2s] epoch 104 step 115200 avg_loss=1.146
[2708.4s] epoch 104 step 115250 avg_loss=1.283
[2709.6s] epoch 104 step 115300 avg_loss=1.325
[2710.7s] epoch 104 step 115350 avg_loss=1.330
[2711.8s] epoch 104 step 115400 avg_loss=1.284
[2713.1s] epoch 104 step 115450 avg_loss=1.274
[2714.3s] epoch 104 step 115500 avg_loss=1.270
[2715.4s] epoch 104 step 115550 avg_loss=1.283
[2716.9s] epoch 104 step 115600 avg_loss=1.290
[2718.1s] epoch 104 step 115650 avg_loss=1.295
[2719.4s] epoch 104 step 115700 avg_loss=1.286
[2720.6s] epoch 104 step 115750 avg_loss=1.318
[2722.0s] epoch 104 step 115800 avg_loss=1.344
[2723.3s] epoch 104 step 115850 avg_loss=1.330
[2724.5s] epoch 104 step 115900 avg_loss=1.394
[2725.8s] epoch 104 step 115950 avg_loss=1.415
[2727.1s] epoch 104 step 116000 avg_loss=1.422
[2728.1s] epoch 104 step 116050 avg_loss=1.398
[2729.4s] epoch 104 step 116100 avg_loss=1.424
[2730.3s] === epoch 104 done: avg_loss=1.434 (n=1106 derivations) ===
[2730.8s] epoch 105 step 116150 avg_loss=1.054
[2732.1s] epoch 105 step 116200 avg_loss=1.179
[2733.5s] epoch 105 step 116250 avg_loss=1.218
[2734.6s] epoch 105 step 116300 avg_loss=1.126
[2735.7s] epoch 105 step 116350 avg_loss=1.164
[2736.9s] epoch 105 step 116400 avg_loss=1.204
[2738.1s] epoch 105 step 116450 avg_loss=1.251
[2739.4s] epoch 105 step 116500 avg_loss=1.328
[2740.7s] epoch 105 step 116550 avg_loss=1.269
[2741.8s] epoch 105 step 116600 avg_loss=1.290
[2743.0s] epoch 105 step 116650 avg_loss=1.332
[2744.2s] epoch 105 step 116700 avg_loss=1.395
[2745.6s] epoch 105 step 116750 avg_loss=1.374
[2747.0s] epoch 105 step 116800 avg_loss=1.335
[2748.3s] epoch 105 step 116850 avg_loss=1.367
[2749.3s] epoch 105 step 116900 avg_loss=1.368
[2750.5s] epoch 105 step 116950 avg_loss=1.372
[2751.8s] epoch 105 step 117000 avg_loss=1.392
[2752.9s] epoch 105 step 117050 avg_loss=1.385
[2754.3s] epoch 105 step 117100 avg_loss=1.399
[2755.6s] epoch 105 step 117150 avg_loss=1.420
[2756.6s] epoch 105 step 117200 avg_loss=1.419
[2757.3s] === epoch 105 done: avg_loss=1.436 (n=1106 derivations) ===
[2757.6s] epoch 106 step 117250 avg_loss=0.687
[2758.7s] epoch 106 step 117300 avg_loss=1.284
[2759.8s] epoch 106 step 117350 avg_loss=1.482
[2760.9s] epoch 106 step 117400 avg_loss=1.415
[2761.9s] epoch 106 step 117450 avg_loss=1.387
[2762.9s] epoch 106 step 117500 avg_loss=1.255
[2764.0s] epoch 106 step 117550 avg_loss=1.249
[2765.1s] epoch 106 step 117600 avg_loss=1.217
[2766.4s] epoch 106 step 117650 avg_loss=1.209
[2767.6s] epoch 106 step 117700 avg_loss=1.206
[2768.7s] epoch 106 step 117750 avg_loss=1.229
[2769.9s] epoch 106 step 117800 avg_loss=1.241
[2771.1s] epoch 106 step 117850 avg_loss=1.226
[2772.2s] epoch 106 step 117900 avg_loss=1.267
[2773.4s] epoch 106 step 117950 avg_loss=1.304
[2774.6s] epoch 106 step 118000 avg_loss=1.303
[2775.8s] epoch 106 step 118050 avg_loss=1.320
[2777.1s] epoch 106 step 118100 avg_loss=1.349
[2778.4s] epoch 106 step 118150 avg_loss=1.395
[2779.5s] epoch 106 step 118200 avg_loss=1.400
[2780.5s] epoch 106 step 118250 avg_loss=1.410
[2781.6s] epoch 106 step 118300 avg_loss=1.411
[2782.6s] === epoch 106 done: avg_loss=1.432 (n=1106 derivations) ===
[2782.8s] epoch 107 step 118350 avg_loss=1.932
[2783.9s] epoch 107 step 118400 avg_loss=1.713
[2785.1s] epoch 107 step 118450 avg_loss=1.372
[2786.4s] epoch 107 step 118500 avg_loss=1.223
[2787.4s] eval step=3750 train_avg_loss=1.242 dev_rank1_f1=0.3011 dev_edge_p=0.2640 dev_edge_r=0.3503
[2788.6s] epoch 107 step 118550 avg_loss=1.228
[2789.7s] epoch 107 step 118600 avg_loss=1.199
[2791.0s] epoch 107 step 118650 avg_loss=1.177
[2792.1s] epoch 107 step 118700 avg_loss=1.171
[2793.2s] epoch 107 step 118750 avg_loss=1.178
[2794.5s] epoch 107 step 118800 avg_loss=1.177
[2795.7s] epoch 107 step 118850 avg_loss=1.191
[2796.9s] epoch 107 step 118900 avg_loss=1.267
[2797.9s] epoch 107 step 118950 avg_loss=1.226
[2799.0s] epoch 107 step 119000 avg_loss=1.231
[2800.0s] epoch 107 step 119050 avg_loss=1.252
[2801.1s] epoch 107 step 119100 avg_loss=1.273
[2802.2s] epoch 107 step 119150 avg_loss=1.277
[2803.4s] epoch 107 step 119200 avg_loss=1.276
[2804.6s] epoch 107 step 119250 avg_loss=1.261
[2805.9s] epoch 107 step 119300 avg_loss=1.307
[2807.0s] epoch 107 step 119350 avg_loss=1.322
[2808.2s] epoch 107 step 119400 avg_loss=1.357
[2809.4s] === epoch 107 done: avg_loss=1.377 (n=1106 derivations) ===
[2809.4s] epoch 108 step 119450 avg_loss=0.050
[2810.6s] epoch 108 step 119500 avg_loss=0.935
[2811.6s] epoch 108 step 119550 avg_loss=1.026
[2812.8s] epoch 108 step 119600 avg_loss=1.020
[2813.9s] epoch 108 step 119650 avg_loss=1.038
[2815.1s] epoch 108 step 119700 avg_loss=1.126
[2816.5s] epoch 108 step 119750 avg_loss=1.169
[2818.1s] epoch 108 step 119800 avg_loss=1.173
[2819.3s] epoch 108 step 119850 avg_loss=1.163
[2820.7s] epoch 108 step 119900 avg_loss=1.149
[2822.3s] epoch 108 step 119950 avg_loss=1.184
[2823.5s] epoch 108 step 120000 avg_loss=1.226
[2824.6s] epoch 108 step 120050 avg_loss=1.274
[2825.9s] epoch 108 step 120100 avg_loss=1.287
[2827.0s] epoch 108 step 120150 avg_loss=1.306
[2828.0s] epoch 108 step 120200 avg_loss=1.303
[2829.1s] epoch 108 step 120250 avg_loss=1.312
[2830.3s] epoch 108 step 120300 avg_loss=1.359
[2831.5s] epoch 108 step 120350 avg_loss=1.350
[2832.8s] epoch 108 step 120400 avg_loss=1.373
[2834.0s] epoch 108 step 120450 avg_loss=1.389
[2835.1s] epoch 108 step 120500 avg_loss=1.386
[2836.3s] epoch 108 step 120550 avg_loss=1.389
[2836.4s] === epoch 108 done: avg_loss=1.397 (n=1106 derivations) ===
[2837.5s] epoch 109 step 120600 avg_loss=0.937
[2838.4s] epoch 109 step 120650 avg_loss=0.885
[2839.6s] epoch 109 step 120700 avg_loss=1.155
[2840.8s] epoch 109 step 120750 avg_loss=1.223
[2842.0s] epoch 109 step 120800 avg_loss=1.251
[2843.2s] epoch 109 step 120850 avg_loss=1.266
[2844.3s] epoch 109 step 120900 avg_loss=1.228
[2845.6s] epoch 109 step 120950 avg_loss=1.239
[2846.9s] epoch 109 step 121000 avg_loss=1.199
[2848.0s] epoch 109 step 121050 avg_loss=1.251
[2849.2s] epoch 109 step 121100 avg_loss=1.290
[2850.3s] epoch 109 step 121150 avg_loss=1.260
[2851.4s] epoch 109 step 121200 avg_loss=1.271
[2852.5s] epoch 109 step 121250 avg_loss=1.265
[2853.6s] epoch 109 step 121300 avg_loss=1.269
[2854.8s] epoch 109 step 121350 avg_loss=1.301
[2856.2s] epoch 109 step 121400 avg_loss=1.338
[2857.8s] epoch 109 step 121450 avg_loss=1.362
[2859.2s] epoch 109 step 121500 avg_loss=1.377
[2860.6s] epoch 109 step 121550 avg_loss=1.375
[2861.7s] epoch 109 step 121600 avg_loss=1.355
[2862.8s] epoch 109 step 121650 avg_loss=1.351
[2863.0s] === epoch 109 done: avg_loss=1.359 (n=1106 derivations) ===
[2864.0s] epoch 110 step 121700 avg_loss=1.894
[2865.1s] epoch 110 step 121750 avg_loss=1.484
[2866.2s] epoch 110 step 121800 avg_loss=1.261
[2867.4s] epoch 110 step 121850 avg_loss=1.356
[2868.6s] epoch 110 step 121900 avg_loss=1.279
[2869.7s] epoch 110 step 121950 avg_loss=1.244
[2870.9s] epoch 110 step 122000 avg_loss=1.296
[2872.0s] epoch 110 step 122050 avg_loss=1.261
[2873.1s] epoch 110 step 122100 avg_loss=1.234
[2874.4s] epoch 110 step 122150 avg_loss=1.217
[2875.7s] epoch 110 step 122200 avg_loss=1.265
[2876.9s] epoch 110 step 122250 avg_loss=1.296
[2878.1s] epoch 110 step 122300 avg_loss=1.321
[2879.3s] epoch 110 step 122350 avg_loss=1.358
[2880.4s] epoch 110 step 122400 avg_loss=1.368
[2881.6s] epoch 110 step 122450 avg_loss=1.369
[2882.7s] epoch 110 step 122500 avg_loss=1.368
[2883.8s] epoch 110 step 122550 avg_loss=1.361
[2884.8s] epoch 110 step 122600 avg_loss=1.347
[2885.9s] epoch 110 step 122650 avg_loss=1.359
[2887.2s] epoch 110 step 122700 avg_loss=1.377
[2888.4s] epoch 110 step 122750 avg_loss=1.382
[2888.7s] === epoch 110 done: avg_loss=1.381 (n=1106 derivations) ===
[2889.6s] epoch 111 step 122800 avg_loss=1.681
[2890.9s] epoch 111 step 122850 avg_loss=1.504
[2892.0s] epoch 111 step 122900 avg_loss=1.257
[2893.2s] epoch 111 step 122950 avg_loss=1.207
[2894.3s] epoch 111 step 123000 avg_loss=1.127
[2895.5s] epoch 111 step 123050 avg_loss=1.218
[2896.5s] epoch 111 step 123100 avg_loss=1.177
[2897.6s] epoch 111 step 123150 avg_loss=1.188
[2898.6s] epoch 111 step 123200 avg_loss=1.189
[2899.8s] epoch 111 step 123250 avg_loss=1.183
[2900.9s] epoch 111 step 123300 avg_loss=1.179
[2902.2s] epoch 111 step 123350 avg_loss=1.203
[2903.3s] epoch 111 step 123400 avg_loss=1.213
[2904.6s] epoch 111 step 123450 avg_loss=1.240
[2906.0s] epoch 111 step 123500 avg_loss=1.292
[2907.2s] epoch 111 step 123550 avg_loss=1.298
[2908.5s] epoch 111 step 123600 avg_loss=1.315
[2909.7s] epoch 111 step 123650 avg_loss=1.329
[2910.9s] epoch 111 step 123700 avg_loss=1.333
[2912.1s] epoch 111 step 123750 avg_loss=1.352
[2913.2s] epoch 111 step 123800 avg_loss=1.342
[2914.3s] epoch 111 step 123850 avg_loss=1.356
[2914.8s] === epoch 111 done: avg_loss=1.349 (n=1106 derivations) ===
[2915.5s] epoch 112 step 123900 avg_loss=1.176
[2916.8s] epoch 112 step 123950 avg_loss=1.234
[2918.0s] epoch 112 step 124000 avg_loss=1.240
[2919.1s] epoch 112 step 124050 avg_loss=1.229
[2920.5s] epoch 112 step 124100 avg_loss=1.235
[2921.7s] epoch 112 step 124150 avg_loss=1.235
[2922.9s] epoch 112 step 124200 avg_loss=1.284
[2924.0s] epoch 112 step 124250 avg_loss=1.264
[2925.0s] epoch 112 step 124300 avg_loss=1.262
[2926.2s] epoch 112 step 124350 avg_loss=1.272
[2927.2s] epoch 112 step 124400 avg_loss=1.255
[2928.4s] epoch 112 step 124450 avg_loss=1.325
[2929.6s] epoch 112 step 124500 avg_loss=1.348
[2930.9s] epoch 112 step 124550 avg_loss=1.324
[2932.3s] epoch 112 step 124600 avg_loss=1.361
[2933.6s] epoch 112 step 124650 avg_loss=1.374
[2934.7s] epoch 112 step 124700 avg_loss=1.339
[2935.9s] epoch 112 step 124750 avg_loss=1.382
[2937.0s] epoch 112 step 124800 avg_loss=1.369
[2938.2s] epoch 112 step 124850 avg_loss=1.390
[2939.3s] epoch 112 step 124900 avg_loss=1.384
[2940.6s] epoch 112 step 124950 avg_loss=1.413
[2941.4s] === epoch 112 done: avg_loss=1.399 (n=1106 derivations) ===
[2941.8s] epoch 113 step 125000 avg_loss=1.388
[2943.1s] epoch 113 step 125050 avg_loss=1.299
[2944.2s] epoch 113 step 125100 avg_loss=1.266
[2945.4s] epoch 113 step 125150 avg_loss=1.246
[2946.3s] epoch 113 step 125200 avg_loss=1.149
[2947.3s] epoch 113 step 125250 avg_loss=1.229
[2948.4s] epoch 113 step 125300 avg_loss=1.296
[2949.5s] epoch 113 step 125350 avg_loss=1.302
[2950.5s] epoch 113 step 125400 avg_loss=1.315
[2951.6s] epoch 113 step 125450 avg_loss=1.355
[2952.4s] epoch 113 step 125500 avg_loss=1.328
[2953.3s] epoch 113 step 125550 avg_loss=1.284
[2954.5s] epoch 113 step 125600 avg_loss=1.294
[2955.5s] epoch 113 step 125650 avg_loss=1.275
[2956.7s] epoch 113 step 125700 avg_loss=1.274
[2958.0s] epoch 113 step 125750 avg_loss=1.324
[2959.1s] epoch 113 step 125800 avg_loss=1.315
[2960.1s] epoch 113 step 125850 avg_loss=1.327
[2961.1s] epoch 113 step 125900 avg_loss=1.319
[2962.1s] epoch 113 step 125950 avg_loss=1.343
[2963.3s] epoch 113 step 126000 avg_loss=1.369
[2964.3s] epoch 113 step 126050 avg_loss=1.368
[2965.0s] === epoch 113 done: avg_loss=1.361 (n=1106 derivations) ===
[2965.3s] epoch 114 step 126100 avg_loss=0.843
[2966.5s] epoch 114 step 126150 avg_loss=1.023
[2967.5s] epoch 114 step 126200 avg_loss=0.949
[2968.5s] epoch 114 step 126250 avg_loss=0.943
[2969.5s] epoch 114 step 126300 avg_loss=0.958
[2970.6s] epoch 114 step 126350 avg_loss=1.007
[2971.9s] epoch 114 step 126400 avg_loss=1.097
[2973.0s] eval step=4000 train_avg_loss=1.090 dev_rank1_f1=0.3049 dev_edge_p=0.2651 dev_edge_r=0.3589
[2974.1s] epoch 114 step 126450 avg_loss=1.145
[2975.2s] epoch 114 step 126500 avg_loss=1.137
[2976.4s] epoch 114 step 126550 avg_loss=1.155
[2977.7s] epoch 114 step 126600 avg_loss=1.188
[2978.8s] epoch 114 step 126650 avg_loss=1.230
[2980.1s] epoch 114 step 126700 avg_loss=1.250
[2981.3s] epoch 114 step 126750 avg_loss=1.262
[2982.3s] epoch 114 step 126800 avg_loss=1.263
[2983.4s] epoch 114 step 126850 avg_loss=1.282
[2984.5s] epoch 114 step 126900 avg_loss=1.263
[2985.8s] epoch 114 step 126950 avg_loss=1.292
[2987.1s] epoch 114 step 127000 avg_loss=1.320
[2988.2s] epoch 114 step 127050 avg_loss=1.312
[2989.6s] epoch 114 step 127100 avg_loss=1.340
[2990.9s] epoch 114 step 127150 avg_loss=1.357
[2991.8s] === epoch 114 done: avg_loss=1.350 (n=1106 derivations) ===
[2992.1s] epoch 115 step 127200 avg_loss=0.446
[2993.1s] epoch 115 step 127250 avg_loss=0.730
[2994.2s] epoch 115 step 127300 avg_loss=0.808
[2995.2s] epoch 115 step 127350 avg_loss=0.858
[2996.3s] epoch 115 step 127400 avg_loss=0.991
[2997.5s] epoch 115 step 127450 avg_loss=0.943
[2998.7s] epoch 115 step 127500 avg_loss=1.091
[2999.8s] epoch 115 step 127550 avg_loss=1.143
[3001.0s] epoch 115 step 127600 avg_loss=1.116
[3002.2s] epoch 115 step 127650 avg_loss=1.156
[3003.3s] epoch 115 step 127700 avg_loss=1.146
[3004.3s] epoch 115 step 127750 avg_loss=1.152
[3005.4s] epoch 115 step 127800 avg_loss=1.211
[3006.5s] epoch 115 step 127850 avg_loss=1.203
[3007.7s] epoch 115 step 127900 avg_loss=1.225
[3008.8s] epoch 115 step 127950 avg_loss=1.227
[3010.0s] epoch 115 step 128000 avg_loss=1.272
[3011.2s] epoch 115 step 128050 avg_loss=1.282
[3012.5s] epoch 115 step 128100 avg_loss=1.296
[3013.6s] epoch 115 step 128150 avg_loss=1.303
[3014.7s] epoch 115 step 128200 avg_loss=1.302
[3015.8s] epoch 115 step 128250 avg_loss=1.306
[3016.9s] === epoch 115 done: avg_loss=1.332 (n=1106 derivations) ===
[3016.9s] epoch 116 step 128300 avg_loss=0.329
[3018.1s] epoch 116 step 128350 avg_loss=1.169
[3019.1s] epoch 116 step 128400 avg_loss=1.023
[3020.2s] epoch 116 step 128450 avg_loss=1.104
[3021.1s] epoch 116 step 128500 avg_loss=1.115
[3022.3s] epoch 116 step 128550 avg_loss=1.151
[3023.4s] epoch 116 step 128600 avg_loss=1.185
[3024.7s] epoch 116 step 128650 avg_loss=1.254
[3025.9s] epoch 116 step 128700 avg_loss=1.256
[3027.0s] epoch 116 step 128750 avg_loss=1.240
[3027.9s] epoch 116 step 128800 avg_loss=1.186
[3029.0s] epoch 116 step 128850 avg_loss=1.207
[3030.1s] epoch 116 step 128900 avg_loss=1.230
[3031.2s] epoch 116 step 128950 avg_loss=1.208
[3032.3s] epoch 116 step 129000 avg_loss=1.264
[3033.5s] epoch 116 step 129050 avg_loss=1.296
[3034.7s] epoch 116 step 129100 avg_loss=1.311
[3035.9s] epoch 116 step 129150 avg_loss=1.305
[3037.0s] epoch 116 step 129200 avg_loss=1.316
[3038.1s] epoch 116 step 129250 avg_loss=1.332
[3039.4s] epoch 116 step 129300 avg_loss=1.346
[3040.6s] epoch 116 step 129350 avg_loss=1.352
[3042.0s] epoch 116 step 129400 avg_loss=1.353
[3042.0s] === epoch 116 done: avg_loss=1.352 (n=1106 derivations) ===
[3043.2s] epoch 117 step 129450 avg_loss=1.369
[3044.5s] epoch 117 step 129500 avg_loss=1.309
[3046.0s] epoch 117 step 129550 avg_loss=1.311
[3047.3s] epoch 117 step 129600 avg_loss=1.239
[3048.2s] epoch 117 step 129650 avg_loss=1.212
[3049.5s] epoch 117 step 129700 avg_loss=1.295
[3050.7s] epoch 117 step 129750 avg_loss=1.246
[3051.9s] epoch 117 step 129800 avg_loss=1.251
[3053.2s] epoch 117 step 129850 avg_loss=1.272
[3054.4s] epoch 117 step 129900 avg_loss=1.294
[3055.6s] epoch 117 step 129950 avg_loss=1.317
[3056.9s] epoch 117 step 130000 avg_loss=1.350
[3058.1s] epoch 117 step 130050 avg_loss=1.352
[3059.3s] epoch 117 step 130100 avg_loss=1.363
[3060.5s] epoch 117 step 130150 avg_loss=1.339
[3061.5s] epoch 117 step 130200 avg_loss=1.326
[3062.9s] epoch 117 step 130250 avg_loss=1.344
[3064.3s] epoch 117 step 130300 avg_loss=1.340
[3065.5s] epoch 117 step 130350 avg_loss=1.330
[3066.7s] epoch 117 step 130400 avg_loss=1.315
[3067.9s] epoch 117 step 130450 avg_loss=1.314
[3069.2s] epoch 117 step 130500 avg_loss=1.340
[3069.4s] === epoch 117 done: avg_loss=1.339 (n=1106 derivations) ===
[3070.3s] epoch 118 step 130550 avg_loss=0.887
[3071.5s] epoch 118 step 130600 avg_loss=1.270
[3072.7s] epoch 118 step 130650 avg_loss=1.093
[3073.9s] epoch 118 step 130700 avg_loss=1.105
[3075.3s] epoch 118 step 130750 avg_loss=1.235
[3076.7s] epoch 118 step 130800 avg_loss=1.283
[3077.6s] epoch 118 step 130850 avg_loss=1.195
[3078.7s] epoch 118 step 130900 avg_loss=1.273
[3079.8s] epoch 118 step 130950 avg_loss=1.247
[3081.1s] epoch 118 step 131000 avg_loss=1.235
[3082.1s] epoch 118 step 131050 avg_loss=1.224
[3083.4s] epoch 118 step 131100 avg_loss=1.216
[3084.7s] epoch 118 step 131150 avg_loss=1.222
[3085.8s] epoch 118 step 131200 avg_loss=1.227
[3086.8s] epoch 118 step 131250 avg_loss=1.260
[3088.3s] epoch 118 step 131300 avg_loss=1.267
[3089.4s] epoch 118 step 131350 avg_loss=1.294
[3090.7s] epoch 118 step 131400 avg_loss=1.310
[3092.0s] epoch 118 step 131450 avg_loss=1.296
[3093.4s] epoch 118 step 131500 avg_loss=1.295
[3094.6s] epoch 118 step 131550 avg_loss=1.293
[3096.3s] epoch 118 step 131600 avg_loss=1.297
[3096.6s] === epoch 118 done: avg_loss=1.304 (n=1106 derivations) ===
[3097.4s] epoch 119 step 131650 avg_loss=0.887
[3098.7s] epoch 119 step 131700 avg_loss=1.117
[3099.7s] epoch 119 step 131750 avg_loss=1.115
[3100.8s] epoch 119 step 131800 avg_loss=1.200
[3101.8s] epoch 119 step 131850 avg_loss=1.130
[3102.8s] epoch 119 step 131900 avg_loss=1.131
[3103.9s] epoch 119 step 131950 avg_loss=1.142
[3104.9s] epoch 119 step 132000 avg_loss=1.129
[3106.0s] epoch 119 step 132050 avg_loss=1.107
[3107.3s] epoch 119 step 132100 avg_loss=1.155
[3108.4s] epoch 119 step 132150 avg_loss=1.175
[3109.6s] epoch 119 step 132200 avg_loss=1.151
[3110.9s] epoch 119 step 132250 avg_loss=1.180
[3112.1s] epoch 119 step 132300 avg_loss=1.159
[3113.4s] epoch 119 step 132350 avg_loss=1.216
[3114.7s] epoch 119 step 132400 avg_loss=1.247
[3115.9s] epoch 119 step 132450 avg_loss=1.243
[3117.2s] epoch 119 step 132500 avg_loss=1.260
[3118.3s] epoch 119 step 132550 avg_loss=1.279
[3119.4s] epoch 119 step 132600 avg_loss=1.295
[3120.6s] epoch 119 step 132650 avg_loss=1.306
[3121.8s] epoch 119 step 132700 avg_loss=1.301
[3122.3s] === epoch 119 done: avg_loss=1.294 (n=1106 derivations) ===
[3123.1s] epoch 120 step 132750 avg_loss=1.039
[3124.1s] epoch 120 step 132800 avg_loss=1.063
[3125.4s] epoch 120 step 132850 avg_loss=1.116
[3126.7s] epoch 120 step 132900 avg_loss=1.087
[3127.7s] epoch 120 step 132950 avg_loss=0.998
[3129.1s] epoch 120 step 133000 avg_loss=1.075
[3130.2s] epoch 120 step 133050 avg_loss=1.089
[3131.5s] epoch 120 step 133100 avg_loss=1.179
[3132.8s] epoch 120 step 133150 avg_loss=1.172
[3134.0s] epoch 120 step 133200 avg_loss=1.180
[3135.3s] epoch 120 step 133250 avg_loss=1.216
[3136.7s] epoch 120 step 133300 avg_loss=1.198
[3138.0s] epoch 120 step 133350 avg_loss=1.168
[3139.2s] epoch 120 step 133400 avg_loss=1.178
[3140.2s] epoch 120 step 133450 avg_loss=1.181
[3141.3s] epoch 120 step 133500 avg_loss=1.223
[3142.4s] epoch 120 step 133550 avg_loss=1.230
[3143.4s] epoch 120 step 133600 avg_loss=1.247
[3144.6s] epoch 120 step 133650 avg_loss=1.265
[3145.7s] epoch 120 step 133700 avg_loss=1.250
[3146.8s] epoch 120 step 133750 avg_loss=1.261
[3148.0s] epoch 120 step 133800 avg_loss=1.271
[3148.5s] === epoch 120 done: avg_loss=1.295 (n=1106 derivations) ===
[3149.1s] epoch 121 step 133850 avg_loss=0.652
[3150.2s] epoch 121 step 133900 avg_loss=0.799
[3151.5s] epoch 121 step 133950 avg_loss=1.026
[3152.5s] epoch 121 step 134000 avg_loss=1.036
[3153.5s] epoch 121 step 134050 avg_loss=0.959
[3154.6s] epoch 121 step 134100 avg_loss=0.954
[3155.6s] epoch 121 step 134150 avg_loss=0.955
[3156.8s] epoch 121 step 134200 avg_loss=1.017
[3158.0s] epoch 121 step 134250 avg_loss=1.101
[3159.2s] epoch 121 step 134300 avg_loss=1.130
[3160.5s] eval step=4250 train_avg_loss=1.135 dev_rank1_f1=0.3149 dev_edge_p=0.2645 dev_edge_r=0.3889
[3161.6s] epoch 121 step 134350 avg_loss=1.163
[3163.1s] epoch 121 step 134400 avg_loss=1.197
[3164.6s] epoch 121 step 134450 avg_loss=1.215
[3166.0s] epoch 121 step 134500 avg_loss=1.224
[3167.4s] epoch 121 step 134550 avg_loss=1.217
[3168.6s] epoch 121 step 134600 avg_loss=1.218
[3169.9s] epoch 121 step 134650 avg_loss=1.250
[3171.1s] epoch 121 step 134700 avg_loss=1.253
[3172.2s] epoch 121 step 134750 avg_loss=1.255
[3173.3s] epoch 121 step 134800 avg_loss=1.253
[3174.2s] epoch 121 step 134850 avg_loss=1.253
[3175.4s] epoch 121 step 134900 avg_loss=1.289
[3176.2s] === epoch 121 done: avg_loss=1.298 (n=1106 derivations) ===
[3176.6s] epoch 122 step 134950 avg_loss=0.920
[3177.6s] epoch 122 step 135000 avg_loss=0.795
[3178.7s] epoch 122 step 135050 avg_loss=1.102
[3179.7s] epoch 122 step 135100 avg_loss=1.031
[3181.1s] epoch 122 step 135150 avg_loss=1.090
[3182.4s] epoch 122 step 135200 avg_loss=1.054
[3183.6s] epoch 122 step 135250 avg_loss=1.081
[3185.0s] epoch 122 step 135300 avg_loss=1.148
[3186.4s] epoch 122 step 135350 avg_loss=1.137
[3187.5s] epoch 122 step 135400 avg_loss=1.147
[3188.8s] epoch 122 step 135450 avg_loss=1.143
[3189.8s] epoch 122 step 135500 avg_loss=1.141
[3191.0s] epoch 122 step 135550 avg_loss=1.153
[3192.1s] epoch 122 step 135600 avg_loss=1.146
[3193.1s] epoch 122 step 135650 avg_loss=1.147
[3194.3s] epoch 122 step 135700 avg_loss=1.169
[3195.5s] epoch 122 step 135750 avg_loss=1.173
[3197.0s] epoch 122 step 135800 avg_loss=1.193
[3198.3s] epoch 122 step 135850 avg_loss=1.243
[3199.5s] epoch 122 step 135900 avg_loss=1.265
[3200.5s] epoch 122 step 135950 avg_loss=1.264
[3201.5s] epoch 122 step 136000 avg_loss=1.272
[3202.6s] === epoch 122 done: avg_loss=1.272 (n=1106 derivations) ===
[3202.8s] epoch 123 step 136050 avg_loss=0.722
[3204.1s] epoch 123 step 136100 avg_loss=0.988
[3205.1s] epoch 123 step 136150 avg_loss=0.819
[3206.5s] epoch 123 step 136200 avg_loss=0.967
[3207.8s] epoch 123 step 136250 avg_loss=0.949
[3209.1s] epoch 123 step 136300 avg_loss=1.005
[3210.4s] epoch 123 step 136350 avg_loss=0.998
[3211.5s] epoch 123 step 136400 avg_loss=0.985
[3212.6s] epoch 123 step 136450 avg_loss=1.065
[3213.8s] epoch 123 step 136500 avg_loss=1.060
[3215.0s] epoch 123 step 136550 avg_loss=1.063
[3216.3s] epoch 123 step 136600 avg_loss=1.143
[3217.5s] epoch 123 step 136650 avg_loss=1.152
[3218.6s] epoch 123 step 136700 avg_loss=1.127
[3219.9s] epoch 123 step 136750 avg_loss=1.116
[3221.3s] epoch 123 step 136800 avg_loss=1.172
[3222.4s] epoch 123 step 136850 avg_loss=1.180
[3223.4s] epoch 123 step 136900 avg_loss=1.190
[3224.5s] epoch 123 step 136950 avg_loss=1.179
[3225.7s] epoch 123 step 137000 avg_loss=1.181
[3227.1s] epoch 123 step 137050 avg_loss=1.201
[3228.3s] epoch 123 step 137100 avg_loss=1.232
[3229.2s] === epoch 123 done: avg_loss=1.249 (n=1106 derivations) ===
[3229.3s] epoch 124 step 137150 avg_loss=0.442
[3230.4s] epoch 124 step 137200 avg_loss=0.792
[3231.6s] epoch 124 step 137250 avg_loss=1.099
[3232.8s] epoch 124 step 137300 avg_loss=1.001
[3233.8s] epoch 124 step 137350 avg_loss=0.941
[3235.2s] epoch 124 step 137400 avg_loss=0.982
[3236.4s] epoch 124 step 137450 avg_loss=1.099
[3237.6s] epoch 124 step 137500 avg_loss=1.120
[3238.6s] epoch 124 step 137550 avg_loss=1.077
[3239.6s] epoch 124 step 137600 avg_loss=1.085
[3240.9s] epoch 124 step 137650 avg_loss=1.112
[3242.0s] epoch 124 step 137700 avg_loss=1.105
[3243.1s] epoch 124 step 137750 avg_loss=1.096
[3244.3s] epoch 124 step 137800 avg_loss=1.113
[3245.5s] epoch 124 step 137850 avg_loss=1.139
[3246.6s] epoch 124 step 137900 avg_loss=1.125
[3247.9s] epoch 124 step 137950 avg_loss=1.157
[3249.1s] epoch 124 step 138000 avg_loss=1.182
[3250.2s] epoch 124 step 138050 avg_loss=1.170
[3251.6s] epoch 124 step 138100 avg_loss=1.209
[3253.0s] epoch 124 step 138150 avg_loss=1.230
[3254.4s] epoch 124 step 138200 avg_loss=1.232
[3255.9s] epoch 124 step 138250 avg_loss=1.243
[3255.9s] === epoch 124 done: avg_loss=1.243 (n=1106 derivations) ===
[3257.5s] epoch 125 step 138300 avg_loss=1.152
[3259.0s] epoch 125 step 138350 avg_loss=1.037
[3260.5s] epoch 125 step 138400 avg_loss=1.061
[3262.1s] epoch 125 step 138450 avg_loss=1.171
[3263.8s] epoch 125 step 138500 avg_loss=1.214
[3265.1s] epoch 125 step 138550 avg_loss=1.181
[3266.1s] epoch 125 step 138600 avg_loss=1.173
[3267.1s] epoch 125 step 138650 avg_loss=1.153
[3268.3s] epoch 125 step 138700 avg_loss=1.159
[3269.5s] epoch 125 step 138750 avg_loss=1.148
[3270.9s] epoch 125 step 138800 avg_loss=1.205
[3271.8s] epoch 125 step 138850 avg_loss=1.210
[3273.0s] epoch 125 step 138900 avg_loss=1.207
[3274.2s] epoch 125 step 138950 avg_loss=1.197
[3275.5s] epoch 125 step 139000 avg_loss=1.201
[3277.1s] epoch 125 step 139050 avg_loss=1.189
[3278.7s] epoch 125 step 139100 avg_loss=1.210
[3280.0s] epoch 125 step 139150 avg_loss=1.228
[3281.5s] epoch 125 step 139200 avg_loss=1.226
[3282.8s] epoch 125 step 139250 avg_loss=1.229
[3283.9s] epoch 125 step 139300 avg_loss=1.244
[3284.9s] epoch 125 step 139350 avg_loss=1.230
[3285.1s] === epoch 125 done: avg_loss=1.234 (n=1106 derivations) ===
[3286.2s] epoch 126 step 139400 avg_loss=1.509
[3287.3s] epoch 126 step 139450 avg_loss=1.206
[3288.4s] epoch 126 step 139500 avg_loss=1.065
[3289.4s] epoch 126 step 139550 avg_loss=0.992
[3290.6s] epoch 126 step 139600 avg_loss=1.027
[3291.7s] epoch 126 step 139650 avg_loss=1.054
[3292.8s] epoch 126 step 139700 avg_loss=1.066
[3294.1s] epoch 126 step 139750 avg_loss=1.083
[3295.3s] epoch 126 step 139800 avg_loss=1.119
[3296.6s] epoch 126 step 139850 avg_loss=1.137
[3297.6s] epoch 126 step 139900 avg_loss=1.120
[3298.7s] epoch 126 step 139950 avg_loss=1.159
[3299.8s] epoch 126 step 140000 avg_loss=1.199
[3301.1s] epoch 126 step 140050 avg_loss=1.229
[3302.3s] epoch 126 step 140100 avg_loss=1.227
[3303.4s] epoch 126 step 140150 avg_loss=1.224
[3304.6s] epoch 126 step 140200 avg_loss=1.203
[3305.7s] epoch 126 step 140250 avg_loss=1.195
[3306.9s] epoch 126 step 140300 avg_loss=1.223
[3308.1s] epoch 126 step 140350 avg_loss=1.234
[3309.2s] epoch 126 step 140400 avg_loss=1.251
[3310.3s] epoch 126 step 140450 avg_loss=1.250
[3310.6s] === epoch 126 done: avg_loss=1.247 (n=1106 derivations) ===
[3311.4s] epoch 127 step 140500 avg_loss=1.069
[3312.5s] epoch 127 step 140550 avg_loss=1.107
[3313.5s] epoch 127 step 140600 avg_loss=1.043
[3314.6s] epoch 127 step 140650 avg_loss=0.943
[3315.7s] epoch 127 step 140700 avg_loss=0.931
[3316.8s] epoch 127 step 140750 avg_loss=0.878
[3318.2s] epoch 127 step 140800 avg_loss=0.936
[3319.5s] epoch 127 step 140850 avg_loss=0.985
[3320.8s] epoch 127 step 140900 avg_loss=1.013
[3321.8s] epoch 127 step 140950 avg_loss=1.001
[3323.0s] epoch 127 step 141000 avg_loss=1.007
[3324.1s] epoch 127 step 141050 avg_loss=1.034
[3325.3s] epoch 127 step 141100 avg_loss=1.081
[3326.5s] epoch 127 step 141150 avg_loss=1.097
[3327.8s] epoch 127 step 141200 avg_loss=1.126
[3329.1s] epoch 127 step 141250 avg_loss=1.151
[3330.3s] epoch 127 step 141300 avg_loss=1.160
[3331.5s] epoch 127 step 141350 avg_loss=1.199
[3332.6s] epoch 127 step 141400 avg_loss=1.189
[3334.0s] epoch 127 step 141450 avg_loss=1.209
[3335.2s] epoch 127 step 141500 avg_loss=1.230
[3336.4s] epoch 127 step 141550 avg_loss=1.235
[3337.0s] === epoch 127 done: avg_loss=1.238 (n=1106 derivations) ===
[3337.7s] epoch 128 step 141600 avg_loss=0.598
[3339.1s] epoch 128 step 141650 avg_loss=0.785
[3340.3s] epoch 128 step 141700 avg_loss=0.886
[3341.3s] epoch 128 step 141750 avg_loss=0.957
[3342.6s] epoch 128 step 141800 avg_loss=1.059
[3343.7s] epoch 128 step 141850 avg_loss=1.060
[3345.0s] epoch 128 step 141900 avg_loss=1.062
[3346.4s] epoch 128 step 141950 avg_loss=1.084
[3347.8s] epoch 128 step 142000 avg_loss=1.096
[3349.0s] epoch 128 step 142050 avg_loss=1.132
[3350.2s] epoch 128 step 142100 avg_loss=1.135
[3351.3s] epoch 128 step 142150 avg_loss=1.124
[3352.6s] epoch 128 step 142200 avg_loss=1.159
[3353.7s] eval step=4500 train_avg_loss=1.154 dev_rank1_f1=0.3126 dev_edge_p=0.2732 dev_edge_r=0.3653
[3355.0s] epoch 128 step 142250 avg_loss=1.171
[3356.1s] epoch 128 step 142300 avg_loss=1.153
[3357.5s] epoch 128 step 142350 avg_loss=1.177
[3358.5s] epoch 128 step 142400 avg_loss=1.176
[3359.6s] epoch 128 step 142450 avg_loss=1.199
[3360.7s] epoch 128 step 142500 avg_loss=1.175
[3361.8s] epoch 128 step 142550 avg_loss=1.171
[3363.0s] epoch 128 step 142600 avg_loss=1.175
[3364.1s] epoch 128 step 142650 avg_loss=1.197
[3364.7s] === epoch 128 done: avg_loss=1.217 (n=1106 derivations) ===
[3365.3s] epoch 129 step 142700 avg_loss=0.744
[3366.5s] epoch 129 step 142750 avg_loss=0.927
[3367.5s] epoch 129 step 142800 avg_loss=0.862
[3368.5s] epoch 129 step 142850 avg_loss=0.934
[3369.6s] epoch 129 step 142900 avg_loss=0.982
[3371.0s] epoch 129 step 142950 avg_loss=0.990
[3372.2s] epoch 129 step 143000 avg_loss=1.040
[3373.4s] epoch 129 step 143050 avg_loss=1.015
[3374.6s] epoch 129 step 143100 avg_loss=1.020
[3375.9s] epoch 129 step 143150 avg_loss=1.004
[3377.1s] epoch 129 step 143200 avg_loss=1.001
[3378.3s] epoch 129 step 143250 avg_loss=1.040
[3379.6s] epoch 129 step 143300 avg_loss=1.120
[3380.8s] epoch 129 step 143350 avg_loss=1.110
[3381.9s] epoch 129 step 143400 avg_loss=1.132
[3383.0s] epoch 129 step 143450 avg_loss=1.162
[3384.2s] epoch 129 step 143500 avg_loss=1.175
[3385.3s] epoch 129 step 143550 avg_loss=1.196
[3386.6s] epoch 129 step 143600 avg_loss=1.181
[3387.7s] epoch 129 step 143650 avg_loss=1.189
[3389.0s] epoch 129 step 143700 avg_loss=1.209
[3390.1s] epoch 129 step 143750 avg_loss=1.245
[3390.7s] === epoch 129 done: avg_loss=1.241 (n=1106 derivations) ===
[3391.1s] epoch 130 step 143800 avg_loss=0.844
[3392.3s] epoch 130 step 143850 avg_loss=1.114
[3393.4s] epoch 130 step 143900 avg_loss=1.092
[3394.5s] epoch 130 step 143950 avg_loss=1.018
[3395.7s] epoch 130 step 144000 avg_loss=1.092
[3396.9s] epoch 130 step 144050 avg_loss=1.121
[3398.2s] epoch 130 step 144100 avg_loss=1.181
[3399.1s] epoch 130 step 144150 avg_loss=1.124
[3400.3s] epoch 130 step 144200 avg_loss=1.123
[3401.4s] epoch 130 step 144250 avg_loss=1.108
[3402.5s] epoch 130 step 144300 avg_loss=1.093
[3403.8s] epoch 130 step 144350 avg_loss=1.100
[3405.1s] epoch 130 step 144400 avg_loss=1.102
[3406.2s] epoch 130 step 144450 avg_loss=1.123
[3407.4s] epoch 130 step 144500 avg_loss=1.128
[3408.6s] epoch 130 step 144550 avg_loss=1.145
[3409.8s] epoch 130 step 144600 avg_loss=1.152
[3411.0s] epoch 130 step 144650 avg_loss=1.147
[3412.0s] epoch 130 step 144700 avg_loss=1.136
[3413.1s] epoch 130 step 144750 avg_loss=1.194
[3414.2s] epoch 130 step 144800 avg_loss=1.200
[3415.4s] epoch 130 step 144850 avg_loss=1.214
[3416.4s] === epoch 130 done: avg_loss=1.221 (n=1106 derivations) ===
[3416.7s] epoch 131 step 144900 avg_loss=1.148
[3418.0s] epoch 131 step 144950 avg_loss=1.334
[3419.1s] epoch 131 step 145000 avg_loss=1.126
[3420.3s] epoch 131 step 145050 avg_loss=1.017
[3421.3s] epoch 131 step 145100 avg_loss=0.978
[3422.5s] epoch 131 step 145150 avg_loss=0.994
[3423.8s] epoch 131 step 145200 avg_loss=1.052
[3425.0s] epoch 131 step 145250 avg_loss=1.037
[3426.2s] epoch 131 step 145300 avg_loss=1.039
[3427.4s] epoch 131 step 145350 avg_loss=1.024
[3428.6s] epoch 131 step 145400 avg_loss=1.010
[3429.8s] epoch 131 step 145450 avg_loss=1.022
[3431.1s] epoch 131 step 145500 avg_loss=1.086
[3432.2s] epoch 131 step 145550 avg_loss=1.084
[3433.3s] epoch 131 step 145600 avg_loss=1.102
[3434.4s] epoch 131 step 145650 avg_loss=1.084
[3435.7s] epoch 131 step 145700 avg_loss=1.121
[3436.9s] epoch 131 step 145750 avg_loss=1.126
[3438.0s] epoch 131 step 145800 avg_loss=1.106
[3439.3s] epoch 131 step 145850 avg_loss=1.121
[3440.3s] epoch 131 step 145900 avg_loss=1.122
[3441.5s] epoch 131 step 145950 avg_loss=1.155
[3442.7s] === epoch 131 done: avg_loss=1.200 (n=1106 derivations) ===
[3442.9s] epoch 132 step 146000 avg_loss=0.937
[3444.4s] epoch 132 step 146050 avg_loss=1.062
[3445.7s] epoch 132 step 146100 avg_loss=1.126
[3447.0s] epoch 132 step 146150 avg_loss=1.019
[3448.2s] epoch 132 step 146200 avg_loss=0.994
[3449.3s] epoch 132 step 146250 avg_loss=1.016
[3450.5s] epoch 132 step 146300 avg_loss=1.021
[3451.4s] epoch 132 step 146350 avg_loss=0.992
[3452.6s] epoch 132 step 146400 avg_loss=1.048
[3453.6s] epoch 132 step 146450 avg_loss=1.059
[3454.8s] epoch 132 step 146500 avg_loss=1.072
[3456.0s] epoch 132 step 146550 avg_loss=1.096
[3457.1s] epoch 132 step 146600 avg_loss=1.086
[3458.4s] epoch 132 step 146650 avg_loss=1.097
[3459.7s] epoch 132 step 146700 avg_loss=1.098
[3460.9s] epoch 132 step 146750 avg_loss=1.111
[3462.1s] epoch 132 step 146800 avg_loss=1.128
[3463.1s] epoch 132 step 146850 avg_loss=1.128
[3464.2s] epoch 132 step 146900 avg_loss=1.121
[3465.6s] epoch 132 step 146950 avg_loss=1.142
[3467.2s] epoch 132 step 147000 avg_loss=1.169
[3468.4s] epoch 132 step 147050 avg_loss=1.189
[3469.8s] === epoch 132 done: avg_loss=1.202 (n=1106 derivations) ===
[3469.9s] epoch 133 step 147100 avg_loss=1.626
[3471.3s] epoch 133 step 147150 avg_loss=1.351
[3472.5s] epoch 133 step 147200 avg_loss=1.231
[3473.9s] epoch 133 step 147250 avg_loss=1.148
[3475.2s] epoch 133 step 147300 avg_loss=1.140
[3476.5s] epoch 133 step 147350 avg_loss=1.150
[3477.7s] epoch 133 step 147400 avg_loss=1.102
[3479.0s] epoch 133 step 147450 avg_loss=1.135
[3480.3s] epoch 133 step 147500 avg_loss=1.104
[3481.5s] epoch 133 step 147550 avg_loss=1.141
[3482.9s] epoch 133 step 147600 avg_loss=1.167
[3484.3s] epoch 133 step 147650 avg_loss=1.177
[3485.4s] epoch 133 step 147700 avg_loss=1.130
[3486.6s] epoch 133 step 147750 avg_loss=1.119
[3487.7s] epoch 133 step 147800 avg_loss=1.144
[3488.9s] epoch 133 step 147850 avg_loss=1.168
[3490.0s] epoch 133 step 147900 avg_loss=1.146
[3491.3s] epoch 133 step 147950 avg_loss=1.158
[3492.5s] epoch 133 step 148000 avg_loss=1.152
[3493.7s] epoch 133 step 148050 avg_loss=1.174
[3494.9s] epoch 133 step 148100 avg_loss=1.189
[3496.3s] epoch 133 step 148150 avg_loss=1.192
[3497.8s] epoch 133 step 148200 avg_loss=1.221
[3497.9s] === epoch 133 done: avg_loss=1.220 (n=1106 derivations) ===
[3499.0s] epoch 134 step 148250 avg_loss=0.892
[3500.1s] epoch 134 step 148300 avg_loss=0.958
[3501.3s] epoch 134 step 148350 avg_loss=1.017
[3502.4s] epoch 134 step 148400 avg_loss=1.070
[3503.7s] epoch 134 step 148450 avg_loss=1.135
[3504.7s] epoch 134 step 148500 avg_loss=1.152
[3505.8s] epoch 134 step 148550 avg_loss=1.110
[3507.0s] epoch 134 step 148600 avg_loss=1.144
[3508.1s] epoch 134 step 148650 avg_loss=1.141
[3509.4s] epoch 134 step 148700 avg_loss=1.142
[3511.0s] epoch 134 step 148750 avg_loss=1.165
[3512.2s] epoch 134 step 148800 avg_loss=1.183
[3513.4s] epoch 134 step 148850 avg_loss=1.171
[3514.6s] epoch 134 step 148900 avg_loss=1.201
[3515.7s] epoch 134 step 148950 avg_loss=1.186
[3516.9s] epoch 134 step 149000 avg_loss=1.186
[3518.2s] epoch 134 step 149050 avg_loss=1.195
[3519.3s] epoch 134 step 149100 avg_loss=1.205
[3520.5s] epoch 134 step 149150 avg_loss=1.205
[3521.6s] epoch 134 step 149200 avg_loss=1.203
[3522.5s] epoch 134 step 149250 avg_loss=1.180
[3523.5s] epoch 134 step 149300 avg_loss=1.174
[3523.7s] === epoch 134 done: avg_loss=1.183 (n=1106 derivations) ===
[3524.6s] epoch 135 step 149350 avg_loss=1.122
[3525.9s] epoch 135 step 149400 avg_loss=1.240
[3527.2s] epoch 135 step 149450 avg_loss=1.192
[3528.4s] epoch 135 step 149500 avg_loss=1.167
[3529.3s] epoch 135 step 149550 avg_loss=1.083
[3530.4s] epoch 135 step 149600 avg_loss=1.105
[3531.6s] epoch 135 step 149650 avg_loss=1.095
[3532.7s] epoch 135 step 149700 avg_loss=1.115
[3533.7s] epoch 135 step 149750 avg_loss=1.064
[3534.8s] epoch 135 step 149800 avg_loss=1.106
[3535.8s] epoch 135 step 149850 avg_loss=1.062
[3536.9s] epoch 135 step 149900 avg_loss=1.047
[3538.2s] epoch 135 step 149950 avg_loss=1.078
[3539.3s] epoch 135 step 150000 avg_loss=1.074
[3540.5s] epoch 135 step 150050 avg_loss=1.080
[3541.7s] epoch 135 step 150100 avg_loss=1.098
[3543.0s] eval step=4750 train_avg_loss=1.102 dev_rank1_f1=0.3113 dev_edge_p=0.2718 dev_edge_r=0.3643
[3543.9s] epoch 135 step 150150 avg_loss=1.113
[3545.1s] epoch 135 step 150200 avg_loss=1.111
[3546.4s] epoch 135 step 150250 avg_loss=1.135
[3547.7s] epoch 135 step 150300 avg_loss=1.138
[3548.8s] epoch 135 step 150350 avg_loss=1.149
[3550.1s] epoch 135 step 150400 avg_loss=1.157
[3550.6s] === epoch 135 done: avg_loss=1.155 (n=1106 derivations) ===
[3551.7s] epoch 136 step 150450 avg_loss=1.007
[3553.0s] epoch 136 step 150500 avg_loss=1.076
[3554.2s] epoch 136 step 150550 avg_loss=1.149
[3555.2s] epoch 136 step 150600 avg_loss=1.085
[3556.4s] epoch 136 step 150650 avg_loss=1.118
[3557.6s] epoch 136 step 150700 avg_loss=1.173
[3558.6s] epoch 136 step 150750 avg_loss=1.117
[3559.6s] epoch 136 step 150800 avg_loss=1.106
[3560.8s] epoch 136 step 150850 avg_loss=1.099
[3561.9s] epoch 136 step 150900 avg_loss=1.067
[3563.0s] epoch 136 step 150950 avg_loss=1.062
[3564.3s] epoch 136 step 151000 avg_loss=1.077
[3565.4s] epoch 136 step 151050 avg_loss=1.083
[3566.6s] epoch 136 step 151100 avg_loss=1.098
[3567.9s] epoch 136 step 151150 avg_loss=1.095
[3568.9s] epoch 136 step 151200 avg_loss=1.092
[3570.1s] epoch 136 step 151250 avg_loss=1.108
[3571.2s] epoch 136 step 151300 avg_loss=1.104
[3572.4s] epoch 136 step 151350 avg_loss=1.118
[3573.6s] epoch 136 step 151400 avg_loss=1.136
[3574.9s] epoch 136 step 151450 avg_loss=1.155
[3576.1s] epoch 136 step 151500 avg_loss=1.177
[3576.5s] === epoch 136 done: avg_loss=1.171 (n=1106 derivations) ===
[3577.2s] epoch 137 step 151550 avg_loss=0.681
[3578.5s] epoch 137 step 151600 avg_loss=0.845
[3579.7s] epoch 137 step 151650 avg_loss=0.985
[3580.8s] epoch 137 step 151700 avg_loss=0.942
[3582.0s] epoch 137 step 151750 avg_loss=1.018
[3583.2s] epoch 137 step 151800 avg_loss=1.089
[3584.6s] epoch 137 step 151850 avg_loss=1.076
[3586.2s] epoch 137 step 151900 avg_loss=1.060
[3587.6s] epoch 137 step 151950 avg_loss=1.124
[3588.8s] epoch 137 step 152000 avg_loss=1.118
[3590.1s] epoch 137 step 152050 avg_loss=1.134
[3591.2s] epoch 137 step 152100 avg_loss=1.123
[3592.5s] epoch 137 step 152150 avg_loss=1.167
[3593.6s] epoch 137 step 152200 avg_loss=1.190
[3594.9s] epoch 137 step 152250 avg_loss=1.188
[3596.0s] epoch 137 step 152300 avg_loss=1.185
[3597.1s] epoch 137 step 152350 avg_loss=1.163
[3598.3s] epoch 137 step 152400 avg_loss=1.157
[3599.5s] epoch 137 step 152450 avg_loss=1.164
[3600.5s] epoch 137 step 152500 avg_loss=1.158
[3601.7s] epoch 137 step 152550 avg_loss=1.180
[3603.1s] epoch 137 step 152600 avg_loss=1.206
[3603.9s] === epoch 137 done: avg_loss=1.188 (n=1106 derivations) ===
[3604.3s] epoch 138 step 152650 avg_loss=0.710
[3605.5s] epoch 138 step 152700 avg_loss=1.213
[3606.6s] epoch 138 step 152750 avg_loss=1.134
[3607.7s] epoch 138 step 152800 avg_loss=1.039
[3609.1s] epoch 138 step 152850 avg_loss=1.070
[3610.2s] epoch 138 step 152900 avg_loss=1.030
[3611.3s] epoch 138 step 152950 avg_loss=1.074
[3612.3s] epoch 138 step 153000 avg_loss=1.075
[3613.4s] epoch 138 step 153050 avg_loss=1.077
[3614.6s] epoch 138 step 153100 avg_loss=1.103
[3615.8s] epoch 138 step 153150 avg_loss=1.118
[3617.1s] epoch 138 step 153200 avg_loss=1.185
[3618.2s] epoch 138 step 153250 avg_loss=1.182
[3619.2s] epoch 138 step 153300 avg_loss=1.181
[3620.3s] epoch 138 step 153350 avg_loss=1.179
[3621.5s] epoch 138 step 153400 avg_loss=1.163
[3622.9s] epoch 138 step 153450 avg_loss=1.165
[3624.4s] epoch 138 step 153500 avg_loss=1.165
[3625.6s] epoch 138 step 153550 avg_loss=1.190
[3627.0s] epoch 138 step 153600 avg_loss=1.200
[3628.1s] epoch 138 step 153650 avg_loss=1.205
[3629.3s] epoch 138 step 153700 avg_loss=1.192
[3630.0s] === epoch 138 done: avg_loss=1.184 (n=1106 derivations) ===
[3630.4s] epoch 139 step 153750 avg_loss=0.883
[3631.6s] epoch 139 step 153800 avg_loss=1.092
[3632.8s] epoch 139 step 153850 avg_loss=1.007
[3633.9s] epoch 139 step 153900 avg_loss=1.023
[3635.1s] epoch 139 step 153950 avg_loss=1.092
[3636.2s] epoch 139 step 154000 avg_loss=1.031
[3637.4s] epoch 139 step 154050 avg_loss=0.994
[3638.6s] epoch 139 step 154100 avg_loss=1.014
[3639.8s] epoch 139 step 154150 avg_loss=1.018
[3640.9s] epoch 139 step 154200 avg_loss=1.010
[3642.0s] epoch 139 step 154250 avg_loss=1.055
[3643.0s] epoch 139 step 154300 avg_loss=1.087
[3644.2s] epoch 139 step 154350 avg_loss=1.100
[3645.4s] epoch 139 step 154400 avg_loss=1.096
[3647.0s] epoch 139 step 154450 avg_loss=1.128
[3648.1s] epoch 139 step 154500 avg_loss=1.113
[3649.4s] epoch 139 step 154550 avg_loss=1.143
[3650.7s] epoch 139 step 154600 avg_loss=1.176
[3651.9s] epoch 139 step 154650 avg_loss=1.189
[3653.1s] epoch 139 step 154700 avg_loss=1.199
[3654.0s] epoch 139 step 154750 avg_loss=1.186
[3655.0s] epoch 139 step 154800 avg_loss=1.192
[3669.2s] === epoch 139 done: avg_loss=1.199 (n=1106 derivations) ===
[3669.8s] epoch 140 step 154850 avg_loss=1.541
[3671.7s] epoch 140 step 154900 avg_loss=1.181
[3673.6s] epoch 140 step 154950 avg_loss=1.130
[3674.8s] epoch 140 step 155000 avg_loss=1.045
[3676.3s] epoch 140 step 155050 avg_loss=1.135
[3677.9s] epoch 140 step 155100 avg_loss=1.158
[3679.3s] epoch 140 step 155150 avg_loss=1.138
[3681.0s] epoch 140 step 155200 avg_loss=1.181
[3682.4s] epoch 140 step 155250 avg_loss=1.129
[3684.0s] epoch 140 step 155300 avg_loss=1.107
[3685.2s] epoch 140 step 155350 avg_loss=1.129
[3686.6s] epoch 140 step 155400 avg_loss=1.147
[3688.0s] epoch 140 step 155450 avg_loss=1.160
[3689.4s] epoch 140 step 155500 avg_loss=1.172
[3690.7s] epoch 140 step 155550 avg_loss=1.181
[3692.0s] epoch 140 step 155600 avg_loss=1.180
[3693.5s] epoch 140 step 155650 avg_loss=1.186
[3694.8s] epoch 140 step 155700 avg_loss=1.189
[3696.1s] epoch 140 step 155750 avg_loss=1.185
[3697.4s] epoch 140 step 155800 avg_loss=1.202
[3698.7s] epoch 140 step 155850 avg_loss=1.201
[3700.0s] epoch 140 step 155900 avg_loss=1.215
[3701.0s] === epoch 140 done: avg_loss=1.218 (n=1106 derivations) ===
[3701.2s] epoch 141 step 155950 avg_loss=2.955
[3702.4s] epoch 141 step 156000 avg_loss=0.974
[3703.7s] epoch 141 step 156050 avg_loss=1.106
[3704.8s] epoch 141 step 156100 avg_loss=0.997
[3706.1s] epoch 141 step 156150 avg_loss=0.981
[3707.2s] epoch 141 step 156200 avg_loss=0.978
[3708.5s] epoch 141 step 156250 avg_loss=0.981
[3709.8s] epoch 141 step 156300 avg_loss=0.989
[3711.0s] epoch 141 step 156350 avg_loss=0.975
[3712.4s] epoch 141 step 156400 avg_loss=1.058
[3713.6s] epoch 141 step 156450 avg_loss=1.086
[3714.8s] epoch 141 step 156500 avg_loss=1.102
[3716.0s] epoch 141 step 156550 avg_loss=1.110
[3717.3s] epoch 141 step 156600 avg_loss=1.128
[3718.6s] epoch 141 step 156650 avg_loss=1.141
[3719.8s] epoch 141 step 156700 avg_loss=1.151
[3720.9s] epoch 141 step 156750 avg_loss=1.157
[3722.3s] epoch 141 step 156800 avg_loss=1.188
[3723.5s] epoch 141 step 156850 avg_loss=1.196
[3724.5s] epoch 141 step 156900 avg_loss=1.175
[3725.7s] epoch 141 step 156950 avg_loss=1.185
[3726.9s] epoch 141 step 157000 avg_loss=1.199
[3728.1s] epoch 141 step 157050 avg_loss=1.206
[3728.2s] === epoch 141 done: avg_loss=1.208 (n=1106 derivations) ===
[3729.3s] epoch 142 step 157100 avg_loss=1.036
[3730.7s] epoch 142 step 157150 avg_loss=0.931
[3731.9s] epoch 142 step 157200 avg_loss=0.966
[3733.1s] epoch 142 step 157250 avg_loss=0.967
[3734.4s] epoch 142 step 157300 avg_loss=1.049
[3735.7s] epoch 142 step 157350 avg_loss=1.095
[3737.3s] epoch 142 step 157400 avg_loss=1.149
[3738.5s] epoch 142 step 157450 avg_loss=1.167
[3739.6s] epoch 142 step 157500 avg_loss=1.126
[3740.9s] epoch 142 step 157550 avg_loss=1.203
[3742.5s] epoch 142 step 157600 avg_loss=1.264
[3743.7s] epoch 142 step 157650 avg_loss=1.227
[3745.1s] epoch 142 step 157700 avg_loss=1.232
[3746.5s] epoch 142 step 157750 avg_loss=1.203
[3747.6s] epoch 142 step 157800 avg_loss=1.188
[3749.1s] epoch 142 step 157850 avg_loss=1.201
[3750.6s] epoch 142 step 157900 avg_loss=1.214
[3752.0s] epoch 142 step 157950 avg_loss=1.219
[3753.3s] epoch 142 step 158000 avg_loss=1.222
[3754.7s] eval step=5000 train_avg_loss=1.226 dev_rank1_f1=0.3129 dev_edge_p=0.2787 dev_edge_r=0.3566
[3755.7s] epoch 142 step 158050 avg_loss=1.235
[3757.0s] epoch 142 step 158100 avg_loss=1.224
[3758.5s] epoch 142 step 158150 avg_loss=1.224
[3758.7s] === epoch 142 done: avg_loss=1.230 (n=1106 derivations) ===
[3760.0s] epoch 143 step 158200 avg_loss=0.890
[3761.4s] epoch 143 step 158250 avg_loss=1.053
[3762.5s] epoch 143 step 158300 avg_loss=0.873
[3763.9s] epoch 143 step 158350 avg_loss=0.964
[3765.2s] epoch 143 step 158400 avg_loss=0.984
[3767.3s] epoch 143 step 158450 avg_loss=1.073
[3768.9s] epoch 143 step 158500 avg_loss=1.042
[3770.3s] epoch 143 step 158550 avg_loss=1.022
[3771.8s] epoch 143 step 158600 avg_loss=1.057
[3773.5s] epoch 143 step 158650 avg_loss=1.102
[3774.7s] epoch 143 step 158700 avg_loss=1.116
[3776.1s] epoch 143 step 158750 avg_loss=1.118
[3777.6s] epoch 143 step 158800 avg_loss=1.140
[3778.9s] epoch 143 step 158850 avg_loss=1.141
[3780.4s] epoch 143 step 158900 avg_loss=1.172
[3781.7s] epoch 143 step 158950 avg_loss=1.162
[3783.0s] epoch 143 step 159000 avg_loss=1.158
[3784.5s] epoch 143 step 159050 avg_loss=1.182
[3785.7s] epoch 143 step 159100 avg_loss=1.195
[3787.1s] epoch 143 step 159150 avg_loss=1.211
[3788.4s] epoch 143 step 159200 avg_loss=1.197
[3789.7s] epoch 143 step 159250 avg_loss=1.218
[3790.1s] === epoch 143 done: avg_loss=1.217 (n=1106 derivations) ===
[3791.1s] epoch 144 step 159300 avg_loss=1.166
[3792.7s] epoch 144 step 159350 avg_loss=1.177
[3794.4s] epoch 144 step 159400 avg_loss=1.084
[3796.1s] epoch 144 step 159450 avg_loss=1.112
[3797.7s] epoch 144 step 159500 avg_loss=1.121
[3799.3s] epoch 144 step 159550 avg_loss=1.171
[3800.7s] epoch 144 step 159600 avg_loss=1.212
[3801.9s] epoch 144 step 159650 avg_loss=1.205
[3803.1s] epoch 144 step 159700 avg_loss=1.210
[3804.1s] epoch 144 step 159750 avg_loss=1.168
[3805.4s] epoch 144 step 159800 avg_loss=1.191
[3806.9s] epoch 144 step 159850 avg_loss=1.184
[3808.5s] epoch 144 step 159900 avg_loss=1.203
[3810.0s] epoch 144 step 159950 avg_loss=1.197
[3811.8s] epoch 144 step 160000 avg_loss=1.222
[3813.3s] epoch 144 step 160050 avg_loss=1.211
[3814.6s] epoch 144 step 160100 avg_loss=1.175
[3816.0s] epoch 144 step 160150 avg_loss=1.179
[3817.4s] epoch 144 step 160200 avg_loss=1.186
[3818.8s] epoch 144 step 160250 avg_loss=1.199
[3820.2s] epoch 144 step 160300 avg_loss=1.221
[3821.4s] epoch 144 step 160350 avg_loss=1.210
[3821.9s] === epoch 144 done: avg_loss=1.226 (n=1106 derivations) ===
[3822.8s] epoch 145 step 160400 avg_loss=0.869
[3824.4s] epoch 145 step 160450 avg_loss=1.041
[3826.0s] epoch 145 step 160500 avg_loss=1.209
[3827.7s] epoch 145 step 160550 avg_loss=1.206
[3829.4s] epoch 145 step 160600 avg_loss=1.192
[3831.1s] epoch 145 step 160650 avg_loss=1.163
[3832.5s] epoch 145 step 160700 avg_loss=1.148
[3833.8s] epoch 145 step 160750 avg_loss=1.125
[3835.1s] epoch 145 step 160800 avg_loss=1.104
[3836.3s] epoch 145 step 160850 avg_loss=1.112
[3837.5s] epoch 145 step 160900 avg_loss=1.117
[3838.9s] epoch 145 step 160950 avg_loss=1.102
[3840.2s] epoch 145 step 161000 avg_loss=1.086
[3841.5s] epoch 145 step 161050 avg_loss=1.078
[3842.7s] epoch 145 step 161100 avg_loss=1.077
[3844.0s] epoch 145 step 161150 avg_loss=1.094
[3845.3s] epoch 145 step 161200 avg_loss=1.099
[3846.7s] epoch 145 step 161250 avg_loss=1.132
[3848.1s] epoch 145 step 161300 avg_loss=1.121
[3849.3s] epoch 145 step 161350 avg_loss=1.114
[3850.7s] epoch 145 step 161400 avg_loss=1.142
[3852.5s] epoch 145 step 161450 avg_loss=1.161
[3853.3s] === epoch 145 done: avg_loss=1.173 (n=1106 derivations) ===
[3853.9s] epoch 146 step 161500 avg_loss=1.062
[3855.4s] epoch 146 step 161550 avg_loss=0.942
[3856.6s] epoch 146 step 161600 avg_loss=0.827
[3858.1s] epoch 146 step 161650 avg_loss=0.864
[3859.5s] epoch 146 step 161700 avg_loss=0.926
[3860.6s] epoch 146 step 161750 avg_loss=0.916
[3862.0s] epoch 146 step 161800 avg_loss=0.976
[3863.3s] epoch 146 step 161850 avg_loss=0.928
[3864.4s] epoch 146 step 161900 avg_loss=0.917
[3865.9s] epoch 146 step 161950 avg_loss=0.979
[3867.3s] epoch 146 step 162000 avg_loss=0.987
[3868.8s] epoch 146 step 162050 avg_loss=0.988
[3870.2s] epoch 146 step 162100 avg_loss=1.022
[3871.5s] epoch 146 step 162150 avg_loss=1.019
[3873.0s] epoch 146 step 162200 avg_loss=1.066
[3874.5s] epoch 146 step 162250 avg_loss=1.082
[3875.9s] epoch 146 step 162300 avg_loss=1.098
[3877.3s] epoch 146 step 162350 avg_loss=1.108
[3878.4s] epoch 146 step 162400 avg_loss=1.121
[3879.6s] epoch 146 step 162450 avg_loss=1.118
[3881.0s] epoch 146 step 162500 avg_loss=1.173
[3882.1s] epoch 146 step 162550 avg_loss=1.163
[3882.9s] === epoch 146 done: avg_loss=1.168 (n=1106 derivations) ===
[3883.4s] epoch 147 step 162600 avg_loss=1.879
[3884.8s] epoch 147 step 162650 avg_loss=1.121
[3886.1s] epoch 147 step 162700 avg_loss=1.172
[3887.6s] epoch 147 step 162750 avg_loss=1.133
[3889.0s] epoch 147 step 162800 avg_loss=1.099
[3890.3s] epoch 147 step 162850 avg_loss=1.113
[3891.8s] epoch 147 step 162900 avg_loss=1.139
[3893.3s] epoch 147 step 162950 avg_loss=1.146
[3894.5s] epoch 147 step 163000 avg_loss=1.125
[3895.8s] epoch 147 step 163050 avg_loss=1.110
[3897.2s] epoch 147 step 163100 avg_loss=1.111
[3898.4s] epoch 147 step 163150 avg_loss=1.090
[3899.8s] epoch 147 step 163200 avg_loss=1.101
[3901.2s] epoch 147 step 163250 avg_loss=1.113
[3902.4s] epoch 147 step 163300 avg_loss=1.104
[3903.7s] epoch 147 step 163350 avg_loss=1.165
[3904.8s] epoch 147 step 163400 avg_loss=1.167
[3906.0s] epoch 147 step 163450 avg_loss=1.153
[3907.2s] epoch 147 step 163500 avg_loss=1.169
[3908.4s] epoch 147 step 163550 avg_loss=1.169
[3909.6s] epoch 147 step 163600 avg_loss=1.169
[3910.9s] epoch 147 step 163650 avg_loss=1.159
[3911.9s] === epoch 147 done: avg_loss=1.182 (n=1106 derivations) ===
[3912.3s] epoch 148 step 163700 avg_loss=0.544
[3913.5s] epoch 148 step 163750 avg_loss=0.637
[3915.0s] epoch 148 step 163800 avg_loss=0.784
[3916.4s] epoch 148 step 163850 avg_loss=0.847
[3918.0s] epoch 148 step 163900 avg_loss=0.918
[3919.2s] epoch 148 step 163950 avg_loss=0.925
[3920.5s] epoch 148 step 164000 avg_loss=1.070
[3921.7s] epoch 148 step 164050 avg_loss=1.092
[3922.9s] epoch 148 step 164100 avg_loss=1.071
[3924.0s] epoch 148 step 164150 avg_loss=1.086
[3925.1s] epoch 148 step 164200 avg_loss=1.085
[3926.4s] epoch 148 step 164250 avg_loss=1.075
[3927.6s] epoch 148 step 164300 avg_loss=1.068
[3928.8s] epoch 148 step 164350 avg_loss=1.055
[3930.3s] epoch 148 step 164400 avg_loss=1.070
[3931.9s] epoch 148 step 164450 avg_loss=1.070
[3933.2s] epoch 148 step 164500 avg_loss=1.081
[3934.8s] epoch 148 step 164550 avg_loss=1.099
[3936.2s] epoch 148 step 164600 avg_loss=1.113
[3937.6s] epoch 148 step 164650 avg_loss=1.128
[3938.9s] epoch 148 step 164700 avg_loss=1.141
[3940.2s] epoch 148 step 164750 avg_loss=1.180
[3941.3s] === epoch 148 done: avg_loss=1.191 (n=1106 derivations) ===
[3941.5s] epoch 149 step 164800 avg_loss=2.289
[3942.6s] epoch 149 step 164850 avg_loss=1.330
[3943.9s] epoch 149 step 164900 avg_loss=1.319
[3945.1s] epoch 149 step 164950 avg_loss=1.430
[3946.5s] epoch 149 step 165000 avg_loss=1.353
[3947.8s] epoch 149 step 165050 avg_loss=1.248
[3948.9s] epoch 149 step 165100 avg_loss=1.226
[3950.2s] epoch 149 step 165150 avg_loss=1.232
[3951.5s] epoch 149 step 165200 avg_loss=1.195
[3952.9s] epoch 149 step 165250 avg_loss=1.183
[3954.2s] epoch 149 step 165300 avg_loss=1.163
[3955.6s] epoch 149 step 165350 avg_loss=1.168
[3957.1s] epoch 149 step 165400 avg_loss=1.149
[3958.3s] epoch 149 step 165450 avg_loss=1.130
[3959.4s] epoch 149 step 165500 avg_loss=1.119
[3960.5s] epoch 149 step 165550 avg_loss=1.116
[3961.8s] epoch 149 step 165600 avg_loss=1.121
[3963.1s] epoch 149 step 165650 avg_loss=1.135
[3964.3s] epoch 149 step 165700 avg_loss=1.139
[3965.4s] epoch 149 step 165750 avg_loss=1.149
[3966.7s] epoch 149 step 165800 avg_loss=1.165
[3967.8s] epoch 149 step 165850 avg_loss=1.169
[3969.0s] epoch 149 step 165900 avg_loss=1.181
[3970.0s] eval step=5250 train_avg_loss=1.181 dev_rank1_f1=0.3088 dev_edge_p=0.2648 dev_edge_r=0.3706
[3970.0s] === epoch 149 done: avg_loss=1.181 (n=1106 derivations) ===
[3971.3s] epoch 150 step 165950 avg_loss=1.007
[3972.6s] epoch 150 step 166000 avg_loss=1.114
[3973.7s] epoch 150 step 166050 avg_loss=1.040
[3974.9s] epoch 150 step 166100 avg_loss=1.014
[3976.1s] epoch 150 step 166150 avg_loss=0.980
[3977.5s] epoch 150 step 166200 avg_loss=1.041
[3978.7s] epoch 150 step 166250 avg_loss=1.044
[3979.8s] epoch 150 step 166300 avg_loss=1.067
[3981.1s] epoch 150 step 166350 avg_loss=1.053
[3982.5s] epoch 150 step 166400 avg_loss=1.129
[3984.1s] epoch 150 step 166450 avg_loss=1.184
[3985.5s] epoch 150 step 166500 avg_loss=1.195
[3986.9s] epoch 150 step 166550 avg_loss=1.191
[3988.4s] epoch 150 step 166600 avg_loss=1.202
[3989.6s] epoch 150 step 166650 avg_loss=1.190
[3990.9s] epoch 150 step 166700 avg_loss=1.212
[3992.4s] epoch 150 step 166750 avg_loss=1.223
[3993.7s] epoch 150 step 166800 avg_loss=1.225
[3995.0s] epoch 150 step 166850 avg_loss=1.225
[3996.1s] epoch 150 step 166900 avg_loss=1.187
[3997.3s] epoch 150 step 166950 avg_loss=1.202
[3998.4s] epoch 150 step 167000 avg_loss=1.207
[3998.5s] === epoch 150 done: avg_loss=1.202 (n=1106 derivations) ===
[3999.6s] epoch 151 step 167050 avg_loss=1.360
[4000.9s] epoch 151 step 167100 avg_loss=1.427
[4002.1s] epoch 151 step 167150 avg_loss=1.302
[4003.5s] epoch 151 step 167200 avg_loss=1.263
[4004.6s] epoch 151 step 167250 avg_loss=1.166
[4005.9s] epoch 151 step 167300 avg_loss=1.122
[4007.2s] epoch 151 step 167350 avg_loss=1.107
[4008.4s] epoch 151 step 167400 avg_loss=1.124
[4009.6s] epoch 151 step 167450 avg_loss=1.127
[4011.1s] epoch 151 step 167500 avg_loss=1.134
[4012.2s] epoch 151 step 167550 avg_loss=1.128
[4013.4s] epoch 151 step 167600 avg_loss=1.157
[4014.7s] epoch 151 step 167650 avg_loss=1.170
[4015.8s] epoch 151 step 167700 avg_loss=1.186
[4017.1s] epoch 151 step 167750 avg_loss=1.201
[4018.7s] epoch 151 step 167800 avg_loss=1.241
[4020.1s] epoch 151 step 167850 avg_loss=1.229
[4021.6s] epoch 151 step 167900 avg_loss=1.206
[4023.2s] epoch 151 step 167950 avg_loss=1.207
[4024.5s] epoch 151 step 168000 avg_loss=1.213
[4026.0s] epoch 151 step 168050 avg_loss=1.211
[4027.3s] epoch 151 step 168100 avg_loss=1.196
[4027.6s] === epoch 151 done: avg_loss=1.197 (n=1106 derivations) ===
[4028.6s] epoch 152 step 168150 avg_loss=0.789
[4029.9s] epoch 152 step 168200 avg_loss=1.085
[4031.0s] epoch 152 step 168250 avg_loss=0.956
[4032.3s] epoch 152 step 168300 avg_loss=1.006
[4033.6s] epoch 152 step 168350 avg_loss=1.079
[4035.0s] epoch 152 step 168400 avg_loss=1.105
[4036.5s] epoch 152 step 168450 avg_loss=1.187
[4037.9s] epoch 152 step 168500 avg_loss=1.235
[4039.3s] epoch 152 step 168550 avg_loss=1.223
[4041.2s] epoch 152 step 168600 avg_loss=1.243
[4042.7s] epoch 152 step 168650 avg_loss=1.263
[4044.2s] epoch 152 step 168700 avg_loss=1.230
[4045.5s] epoch 152 step 168750 avg_loss=1.214
[4047.1s] epoch 152 step 168800 avg_loss=1.263
[4048.6s] epoch 152 step 168850 avg_loss=1.261
[4049.9s] epoch 152 step 168900 avg_loss=1.249
[4051.1s] epoch 152 step 168950 avg_loss=1.245
[4052.3s] epoch 152 step 169000 avg_loss=1.228
[4053.5s] epoch 152 step 169050 avg_loss=1.224
[4054.8s] epoch 152 step 169100 avg_loss=1.243
[4056.0s] epoch 152 step 169150 avg_loss=1.212
[4057.1s] epoch 152 step 169200 avg_loss=1.217
[4057.6s] === epoch 152 done: avg_loss=1.226 (n=1106 derivations) ===
[4058.2s] epoch 153 step 169250 avg_loss=0.789
[4059.5s] epoch 153 step 169300 avg_loss=1.023
[4060.7s] epoch 153 step 169350 avg_loss=1.116
[4061.7s] epoch 153 step 169400 avg_loss=1.076
[4063.2s] epoch 153 step 169450 avg_loss=1.184
[4064.4s] epoch 153 step 169500 avg_loss=1.152
[4065.8s] epoch 153 step 169550 avg_loss=1.149
[4067.2s] epoch 153 step 169600 avg_loss=1.104
[4068.7s] epoch 153 step 169650 avg_loss=1.081
[4070.2s] epoch 153 step 169700 avg_loss=1.101
[4071.6s] epoch 153 step 169750 avg_loss=1.098
[4073.2s] epoch 153 step 169800 avg_loss=1.091
[4074.8s] epoch 153 step 169850 avg_loss=1.113
[4076.1s] epoch 153 step 169900 avg_loss=1.139
[4077.6s] epoch 153 step 169950 avg_loss=1.198
[4079.2s] epoch 153 step 170000 avg_loss=1.211
[4080.8s] epoch 153 step 170050 avg_loss=1.207
[4082.5s] epoch 153 step 170100 avg_loss=1.224
[4084.1s] epoch 153 step 170150 avg_loss=1.224
[4085.2s] epoch 153 step 170200 avg_loss=1.216
[4086.7s] epoch 153 step 170250 avg_loss=1.229
[4088.0s] epoch 153 step 170300 avg_loss=1.236
[4088.6s] === epoch 153 done: avg_loss=1.232 (n=1106 derivations) ===
[4089.3s] epoch 154 step 170350 avg_loss=1.279
[4090.6s] epoch 154 step 170400 avg_loss=0.933
[4091.8s] epoch 154 step 170450 avg_loss=1.029
[4093.1s] epoch 154 step 170500 avg_loss=1.140
[4094.6s] epoch 154 step 170550 avg_loss=1.272
[4096.3s] epoch 154 step 170600 avg_loss=1.242
[4097.9s] epoch 154 step 170650 avg_loss=1.257
[4099.3s] epoch 154 step 170700 avg_loss=1.199
[4100.8s] epoch 154 step 170750 avg_loss=1.192
[4102.2s] epoch 154 step 170800 avg_loss=1.168
[4103.5s] epoch 154 step 170850 avg_loss=1.179
[4104.9s] epoch 154 step 170900 avg_loss=1.184
[4106.1s] epoch 154 step 170950 avg_loss=1.167
[4107.3s] epoch 154 step 171000 avg_loss=1.144
[4108.9s] epoch 154 step 171050 avg_loss=1.137
[4110.4s] epoch 154 step 171100 avg_loss=1.130
[4111.8s] epoch 154 step 171150 avg_loss=1.180
[4113.1s] epoch 154 step 171200 avg_loss=1.172
[4114.5s] epoch 154 step 171250 avg_loss=1.171
[4115.8s] epoch 154 step 171300 avg_loss=1.167
[4117.3s] epoch 154 step 171350 avg_loss=1.189
[4118.8s] epoch 154 step 171400 avg_loss=1.211
[4119.6s] === epoch 154 done: avg_loss=1.216 (n=1106 derivations) ===
[4120.2s] epoch 155 step 171450 avg_loss=1.073
[4121.8s] epoch 155 step 171500 avg_loss=0.979
[4123.1s] epoch 155 step 171550 avg_loss=0.862
[4124.6s] epoch 155 step 171600 avg_loss=1.009
[4126.2s] epoch 155 step 171650 avg_loss=1.079
[4127.8s] epoch 155 step 171700 avg_loss=1.064
[4129.3s] epoch 155 step 171750 avg_loss=1.186
[4130.7s] epoch 155 step 171800 avg_loss=1.187
[4132.2s] epoch 155 step 171850 avg_loss=1.170
[4133.4s] epoch 155 step 171900 avg_loss=1.209
[4134.7s] epoch 155 step 171950 avg_loss=1.199
[4136.3s] epoch 155 step 172000 avg_loss=1.201
[4137.8s] epoch 155 step 172050 avg_loss=1.178
[4139.1s] epoch 155 step 172100 avg_loss=1.156
[4140.3s] epoch 155 step 172150 avg_loss=1.148
[4141.5s] epoch 155 step 172200 avg_loss=1.147
[4142.8s] epoch 155 step 172250 avg_loss=1.168
[4144.0s] epoch 155 step 172300 avg_loss=1.159
[4145.3s] epoch 155 step 172350 avg_loss=1.156
[4146.7s] epoch 155 step 172400 avg_loss=1.178
[4148.0s] epoch 155 step 172450 avg_loss=1.189
[4149.3s] epoch 155 step 172500 avg_loss=1.208
[4150.2s] === epoch 155 done: avg_loss=1.204 (n=1106 derivations) ===
[4150.6s] epoch 156 step 172550 avg_loss=0.832
[4151.8s] epoch 156 step 172600 avg_loss=1.126
[4153.0s] epoch 156 step 172650 avg_loss=0.961
[4154.4s] epoch 156 step 172700 avg_loss=1.062
[4155.9s] epoch 156 step 172750 avg_loss=1.056
[4157.4s] epoch 156 step 172800 avg_loss=1.053
[4158.8s] epoch 156 step 172850 avg_loss=1.060
[4160.1s] epoch 156 step 172900 avg_loss=1.068
[4161.2s] epoch 156 step 172950 avg_loss=1.092
[4162.5s] epoch 156 step 173000 avg_loss=1.111
[4164.0s] epoch 156 step 173050 avg_loss=1.095
[4165.7s] epoch 156 step 173100 avg_loss=1.111
[4167.0s] epoch 156 step 173150 avg_loss=1.129
[4168.2s] epoch 156 step 173200 avg_loss=1.129
[4169.6s] epoch 156 step 173250 avg_loss=1.116
[4171.1s] epoch 156 step 173300 avg_loss=1.126
[4172.4s] epoch 156 step 173350 avg_loss=1.157
[4174.0s] epoch 156 step 173400 avg_loss=1.183
[4175.3s] epoch 156 step 173450 avg_loss=1.183
[4176.9s] epoch 156 step 173500 avg_loss=1.184
[4178.4s] epoch 156 step 173550 avg_loss=1.198
[4179.7s] epoch 156 step 173600 avg_loss=1.184
[4180.7s] === epoch 156 done: avg_loss=1.182 (n=1106 derivations) ===
[4180.9s] epoch 157 step 173650 avg_loss=1.635
[4181.9s] epoch 157 step 173700 avg_loss=0.768
[4183.2s] epoch 157 step 173750 avg_loss=0.920
[4184.3s] epoch 157 step 173800 avg_loss=0.909
[4185.4s] eval step=5500 train_avg_loss=0.900 dev_rank1_f1=0.2906 dev_edge_p=0.2500 dev_edge_r=0.3470
[4186.7s] epoch 157 step 173850 avg_loss=0.960
[4188.1s] epoch 157 step 173900 avg_loss=0.953
[4189.5s] epoch 157 step 173950 avg_loss=1.010
[4191.0s] epoch 157 step 174000 avg_loss=1.062
[4192.2s] epoch 157 step 174050 avg_loss=1.034
[4193.4s] epoch 157 step 174100 avg_loss=1.031
[4194.8s] epoch 157 step 174150 avg_loss=1.054
[4196.0s] epoch 157 step 174200 avg_loss=1.081
[4197.5s] epoch 157 step 174250 avg_loss=1.081
[4198.7s] epoch 157 step 174300 avg_loss=1.077
[4200.1s] epoch 157 step 174350 avg_loss=1.082
[4201.5s] epoch 157 step 174400 avg_loss=1.091
[4203.0s] epoch 157 step 174450 avg_loss=1.133
[4204.4s] epoch 157 step 174500 avg_loss=1.137
[4205.9s] epoch 157 step 174550 avg_loss=1.161
[4207.5s] epoch 157 step 174600 avg_loss=1.167
[4208.7s] epoch 157 step 174650 avg_loss=1.214
[4210.1s] epoch 157 step 174700 avg_loss=1.216
[4211.4s] === epoch 157 done: avg_loss=1.215 (n=1106 derivations) ===
[4211.4s] epoch 158 step 174750 avg_loss=0.163
[4212.8s] epoch 158 step 174800 avg_loss=0.928
[4214.0s] epoch 158 step 174850 avg_loss=1.101
[4215.3s] epoch 158 step 174900 avg_loss=1.036
[4216.8s] epoch 158 step 174950 avg_loss=1.040
[4218.2s] epoch 158 step 175000 avg_loss=1.101
[4219.5s] epoch 158 step 175050 avg_loss=1.076
[4220.7s] epoch 158 step 175100 avg_loss=1.084
[4222.2s] epoch 158 step 175150 avg_loss=1.127
[4223.9s] epoch 158 step 175200 avg_loss=1.176
[4225.3s] epoch 158 step 175250 avg_loss=1.176
[4226.7s] epoch 158 step 175300 avg_loss=1.148
[4228.1s] epoch 158 step 175350 avg_loss=1.140
[4229.3s] epoch 158 step 175400 avg_loss=1.141
[4230.6s] epoch 158 step 175450 avg_loss=1.134
[4231.9s] epoch 158 step 175500 avg_loss=1.142
[4233.2s] epoch 158 step 175550 avg_loss=1.140
[4234.5s] epoch 158 step 175600 avg_loss=1.173
[4235.7s] epoch 158 step 175650 avg_loss=1.172
[4236.9s] epoch 158 step 175700 avg_loss=1.151
[4238.1s] epoch 158 step 175750 avg_loss=1.151
[4239.2s] epoch 158 step 175800 avg_loss=1.141
[4240.4s] epoch 158 step 175850 avg_loss=1.154
[4240.5s] === epoch 158 done: avg_loss=1.156 (n=1106 derivations) ===
[4241.7s] epoch 159 step 175900 avg_loss=1.114
[4243.0s] epoch 159 step 175950 avg_loss=1.119
[4244.4s] epoch 159 step 176000 avg_loss=1.041
[4246.0s] epoch 159 step 176050 avg_loss=1.260
[4247.3s] epoch 159 step 176100 avg_loss=1.214
[4248.6s] epoch 159 step 176150 avg_loss=1.205
[4249.9s] epoch 159 step 176200 avg_loss=1.200
[4251.0s] epoch 159 step 176250 avg_loss=1.153
[4252.3s] epoch 159 step 176300 avg_loss=1.125
[4253.4s] epoch 159 step 176350 avg_loss=1.119
[4254.7s] epoch 159 step 176400 avg_loss=1.116
[4256.0s] epoch 159 step 176450 avg_loss=1.101
[4257.2s] epoch 159 step 176500 avg_loss=1.115
[4258.4s] epoch 159 step 176550 avg_loss=1.106
[4259.8s] epoch 159 step 176600 avg_loss=1.113
[4261.2s] epoch 159 step 176650 avg_loss=1.114
[4262.6s] epoch 159 step 176700 avg_loss=1.152
[4263.9s] epoch 159 step 176750 avg_loss=1.156
[4265.2s] epoch 159 step 176800 avg_loss=1.140
[4266.3s] epoch 159 step 176850 avg_loss=1.128
[4267.7s] epoch 159 step 176900 avg_loss=1.140
[4269.1s] epoch 159 step 176950 avg_loss=1.172
[4269.4s] === epoch 159 done: avg_loss=1.172 (n=1106 derivations) ===
[4270.4s] epoch 160 step 177000 avg_loss=0.861
[4271.5s] epoch 160 step 177050 avg_loss=0.899
[4272.7s] epoch 160 step 177100 avg_loss=1.048
[4273.8s] epoch 160 step 177150 avg_loss=0.984
[4275.1s] epoch 160 step 177200 avg_loss=1.028
[4276.6s] epoch 160 step 177250 avg_loss=1.115
[4277.9s] epoch 160 step 177300 avg_loss=1.141
[4279.1s] epoch 160 step 177350 avg_loss=1.145
[4280.4s] epoch 160 step 177400 avg_loss=1.157
[4281.5s] epoch 160 step 177450 avg_loss=1.153
[4282.9s] epoch 160 step 177500 avg_loss=1.132
[4284.1s] epoch 160 step 177550 avg_loss=1.142
[4285.6s] epoch 160 step 177600 avg_loss=1.182
[4287.0s] epoch 160 step 177650 avg_loss=1.163
[4288.6s] epoch 160 step 177700 avg_loss=1.160
[4290.0s] epoch 160 step 177750 avg_loss=1.144
[4291.2s] epoch 160 step 177800 avg_loss=1.131
[4292.7s] epoch 160 step 177850 avg_loss=1.144
[4294.2s] epoch 160 step 177900 avg_loss=1.154
[4295.4s] epoch 160 step 177950 avg_loss=1.141
[4296.8s] epoch 160 step 178000 avg_loss=1.156
[4298.0s] epoch 160 step 178050 avg_loss=1.164
[4298.4s] === epoch 160 done: avg_loss=1.159 (n=1106 derivations) ===
[4299.1s] epoch 161 step 178100 avg_loss=1.140
[4300.4s] epoch 161 step 178150 avg_loss=1.094
[4301.7s] epoch 161 step 178200 avg_loss=0.988
[4303.0s] epoch 161 step 178250 avg_loss=0.932
[4304.3s] epoch 161 step 178300 avg_loss=0.908
[4305.5s] epoch 161 step 178350 avg_loss=0.898
[4307.0s] epoch 161 step 178400 avg_loss=0.882
[4308.7s] epoch 161 step 178450 avg_loss=0.945
[4310.0s] epoch 161 step 178500 avg_loss=0.955
[4311.3s] epoch 161 step 178550 avg_loss=0.991
[4312.7s] epoch 161 step 178600 avg_loss=1.037
[4314.1s] epoch 161 step 178650 avg_loss=1.062
[4315.3s] epoch 161 step 178700 avg_loss=1.037
[4316.5s] epoch 161 step 178750 avg_loss=1.066
[4317.8s] epoch 161 step 178800 avg_loss=1.056
[4319.0s] epoch 161 step 178850 avg_loss=1.044
[4320.4s] epoch 161 step 178900 avg_loss=1.067
[4321.9s] epoch 161 step 178950 avg_loss=1.081
[4323.4s] epoch 161 step 179000 avg_loss=1.098
[4325.0s] epoch 161 step 179050 avg_loss=1.106
[4326.5s] epoch 161 step 179100 avg_loss=1.131
[4328.2s] epoch 161 step 179150 avg_loss=1.120
[4328.9s] === epoch 161 done: avg_loss=1.133 (n=1106 derivations) ===
[4329.8s] epoch 162 step 179200 avg_loss=1.443
[4331.1s] epoch 162 step 179250 avg_loss=1.135
[4332.6s] epoch 162 step 179300 avg_loss=1.102
[4334.2s] epoch 162 step 179350 avg_loss=1.130
[4335.5s] epoch 162 step 179400 avg_loss=1.162
[4337.0s] epoch 162 step 179450 avg_loss=1.236
[4338.3s] epoch 162 step 179500 avg_loss=1.216
[4339.6s] epoch 162 step 179550 avg_loss=1.160
[4341.0s] epoch 162 step 179600 avg_loss=1.211
[4342.3s] epoch 162 step 179650 avg_loss=1.229
[4343.6s] epoch 162 step 179700 avg_loss=1.193
[4344.9s] epoch 162 step 179750 avg_loss=1.193
[4346.2s] epoch 162 step 179800 avg_loss=1.210
[4347.7s] epoch 162 step 179850 avg_loss=1.220
[4349.1s] epoch 162 step 179900 avg_loss=1.211
[4350.5s] epoch 162 step 179950 avg_loss=1.205
[4351.7s] epoch 162 step 180000 avg_loss=1.205
[4352.8s] epoch 162 step 180050 avg_loss=1.175
[4354.0s] epoch 162 step 180100 avg_loss=1.156
[4355.3s] epoch 162 step 180150 avg_loss=1.176
[4356.7s] epoch 162 step 180200 avg_loss=1.181
[4357.8s] epoch 162 step 180250 avg_loss=1.153
[4358.5s] === epoch 162 done: avg_loss=1.141 (n=1106 derivations) ===
[4359.0s] epoch 163 step 180300 avg_loss=0.740
[4360.2s] epoch 163 step 180350 avg_loss=0.782
[4361.5s] epoch 163 step 180400 avg_loss=0.964
[4362.6s] epoch 163 step 180450 avg_loss=0.995
[4363.7s] epoch 163 step 180500 avg_loss=0.953
[4364.9s] epoch 163 step 180550 avg_loss=0.943
[4366.1s] epoch 163 step 180600 avg_loss=0.896
[4367.2s] epoch 163 step 180650 avg_loss=0.868
[4368.4s] epoch 163 step 180700 avg_loss=0.886
[4369.7s] epoch 163 step 180750 avg_loss=0.933
[4371.1s] epoch 163 step 180800 avg_loss=0.970
[4372.3s] epoch 163 step 180850 avg_loss=0.969
[4373.3s] epoch 163 step 180900 avg_loss=0.968
[4374.6s] epoch 163 step 180950 avg_loss=1.040
[4375.8s] epoch 163 step 181000 avg_loss=1.023
[4377.0s] epoch 163 step 181050 avg_loss=1.027
[4378.2s] epoch 163 step 181100 avg_loss=1.030
[4379.4s] epoch 163 step 181150 avg_loss=1.025
[4380.6s] epoch 163 step 181200 avg_loss=1.046
[4381.9s] epoch 163 step 181250 avg_loss=1.059
[4383.2s] epoch 163 step 181300 avg_loss=1.079
[4384.6s] epoch 163 step 181350 avg_loss=1.109
[4385.6s] === epoch 163 done: avg_loss=1.120 (n=1106 derivations) ===
[4386.1s] epoch 164 step 181400 avg_loss=1.172
[4387.3s] epoch 164 step 181450 avg_loss=0.919
[4388.8s] epoch 164 step 181500 avg_loss=0.861
[4390.0s] epoch 164 step 181550 avg_loss=0.859
[4391.5s] epoch 164 step 181600 avg_loss=0.996
[4392.9s] epoch 164 step 181650 avg_loss=0.983
[4394.3s] epoch 164 step 181700 avg_loss=0.980
[4395.7s] eval step=5750 train_avg_loss=0.973 dev_rank1_f1=0.3101 dev_edge_p=0.2662 dev_edge_r=0.3711
[4397.3s] epoch 164 step 181750 avg_loss=0.957
[4398.6s] epoch 164 step 181800 avg_loss=0.945
[4399.9s] epoch 164 step 181850 avg_loss=0.958
[4401.3s] epoch 164 step 181900 avg_loss=0.940
[4402.6s] epoch 164 step 181950 avg_loss=0.963
[4403.9s] epoch 164 step 182000 avg_loss=1.009
[4405.2s] epoch 164 step 182050 avg_loss=1.019
[4406.5s] epoch 164 step 182100 avg_loss=1.061
[4407.8s] epoch 164 step 182150 avg_loss=1.066
[4409.2s] epoch 164 step 182200 avg_loss=1.070
[4410.7s] epoch 164 step 182250 avg_loss=1.073
[4412.3s] epoch 164 step 182300 avg_loss=1.057
[4413.6s] epoch 164 step 182350 avg_loss=1.057
[4414.9s] epoch 164 step 182400 avg_loss=1.056
[4416.5s] epoch 164 step 182450 avg_loss=1.073
[4417.5s] === epoch 164 done: avg_loss=1.097 (n=1106 derivations) ===
[4417.8s] epoch 165 step 182500 avg_loss=0.718
[4419.1s] epoch 165 step 182550 avg_loss=0.706
[4420.5s] epoch 165 step 182600 avg_loss=0.895
[4421.7s] epoch 165 step 182650 avg_loss=0.841
[4422.9s] epoch 165 step 182700 avg_loss=0.821
[4424.3s] epoch 165 step 182750 avg_loss=0.935
[4425.6s] epoch 165 step 182800 avg_loss=0.885
[4427.2s] epoch 165 step 182850 avg_loss=0.939
[4428.6s] epoch 165 step 182900 avg_loss=0.960
[4429.9s] epoch 165 step 182950 avg_loss=0.968
[4431.2s] epoch 165 step 183000 avg_loss=0.997
[4432.5s] epoch 165 step 183050 avg_loss=1.015
[4433.7s] epoch 165 step 183100 avg_loss=1.009
[4434.9s] epoch 165 step 183150 avg_loss=0.988
[4436.1s] epoch 165 step 183200 avg_loss=0.984
[4437.8s] epoch 165 step 183250 avg_loss=0.991
[4439.3s] epoch 165 step 183300 avg_loss=1.008
[4440.7s] epoch 165 step 183350 avg_loss=1.014
[4442.1s] epoch 165 step 183400 avg_loss=1.015
[4444.0s] epoch 165 step 183450 avg_loss=1.038
[4445.6s] epoch 165 step 183500 avg_loss=1.073
[4447.5s] epoch 165 step 183550 avg_loss=1.088
[4448.8s] === epoch 165 done: avg_loss=1.089 (n=1106 derivations) ===
[4448.9s] epoch 166 step 183600 avg_loss=0.398
[4450.3s] epoch 166 step 183650 avg_loss=0.837
[4452.1s] epoch 166 step 183700 avg_loss=1.057
[4453.5s] epoch 166 step 183750 avg_loss=1.058
[4455.1s] epoch 166 step 183800 avg_loss=1.041
[4456.7s] epoch 166 step 183850 avg_loss=1.098
[4457.9s] epoch 166 step 183900 avg_loss=1.076
[4459.5s] epoch 166 step 183950 avg_loss=1.062
[4460.8s] epoch 166 step 184000 avg_loss=1.069
[4462.2s] epoch 166 step 184050 avg_loss=1.089
[4463.8s] epoch 166 step 184100 avg_loss=1.107
[4465.5s] epoch 166 step 184150 avg_loss=1.151
[4467.0s] epoch 166 step 184200 avg_loss=1.155
[4468.2s] epoch 166 step 184250 avg_loss=1.140
[4469.5s] epoch 166 step 184300 avg_loss=1.131
[4470.8s] epoch 166 step 184350 avg_loss=1.119
[4472.1s] epoch 166 step 184400 avg_loss=1.114
[4473.4s] epoch 166 step 184450 avg_loss=1.146
[4474.7s] epoch 166 step 184500 avg_loss=1.134
[4476.1s] epoch 166 step 184550 avg_loss=1.132
[4477.5s] epoch 166 step 184600 avg_loss=1.128
[4478.8s] epoch 166 step 184650 avg_loss=1.126
[4480.3s] epoch 166 step 184700 avg_loss=1.120
[4480.3s] === epoch 166 done: avg_loss=1.118 (n=1106 derivations) ===
[4481.6s] epoch 167 step 184750 avg_loss=0.862
[4482.9s] epoch 167 step 184800 avg_loss=0.770
[4484.2s] epoch 167 step 184850 avg_loss=0.695
[4485.6s] epoch 167 step 184900 avg_loss=0.707
[4487.1s] epoch 167 step 184950 avg_loss=0.814
[4488.5s] epoch 167 step 185000 avg_loss=0.861
[4490.0s] epoch 167 step 185050 avg_loss=0.902
[4491.4s] epoch 167 step 185100 avg_loss=0.933
[4493.2s] epoch 167 step 185150 avg_loss=0.970
[4494.7s] epoch 167 step 185200 avg_loss=1.048
[4496.3s] epoch 167 step 185250 avg_loss=1.060
[4497.8s] epoch 167 step 185300 avg_loss=1.057
[4499.1s] epoch 167 step 185350 avg_loss=1.072
[4500.4s] epoch 167 step 185400 avg_loss=1.064
[4501.8s] epoch 167 step 185450 avg_loss=1.080
[4503.2s] epoch 167 step 185500 avg_loss=1.098
[4504.7s] epoch 167 step 185550 avg_loss=1.112
[4506.1s] epoch 167 step 185600 avg_loss=1.099
[4507.8s] epoch 167 step 185650 avg_loss=1.105
[4509.3s] epoch 167 step 185700 avg_loss=1.133
[4510.5s] epoch 167 step 185750 avg_loss=1.129
[4511.8s] epoch 167 step 185800 avg_loss=1.143
[4512.1s] === epoch 167 done: avg_loss=1.143 (n=1106 derivations) ===
[4513.2s] epoch 168 step 185850 avg_loss=1.527
[4514.4s] epoch 168 step 185900 avg_loss=1.026
[4515.8s] epoch 168 step 185950 avg_loss=1.043
[4517.1s] epoch 168 step 186000 avg_loss=0.995
[4518.3s] epoch 168 step 186050 avg_loss=0.976
[4519.4s] epoch 168 step 186100 avg_loss=0.911
[4520.5s] epoch 168 step 186150 avg_loss=0.929
[4521.7s] epoch 168 step 186200 avg_loss=0.909
[4522.8s] epoch 168 step 186250 avg_loss=0.918
[4524.3s] epoch 168 step 186300 avg_loss=0.995
[4525.6s] epoch 168 step 186350 avg_loss=0.992
[4527.1s] epoch 168 step 186400 avg_loss=0.957
[4528.5s] epoch 168 step 186450 avg_loss=0.946
[4529.9s] epoch 168 step 186500 avg_loss=0.978
[4531.6s] epoch 168 step 186550 avg_loss=1.044
[4533.0s] epoch 168 step 186600 avg_loss=1.051
[4534.5s] epoch 168 step 186650 avg_loss=1.071
[4536.0s] epoch 168 step 186700 avg_loss=1.068
[4537.5s] epoch 168 step 186750 avg_loss=1.089
[4538.7s] epoch 168 step 186800 avg_loss=1.123
[4540.0s] epoch 168 step 186850 avg_loss=1.125
[4541.2s] epoch 168 step 186900 avg_loss=1.145
[4541.5s] === epoch 168 done: avg_loss=1.144 (n=1106 derivations) ===
[4542.6s] epoch 169 step 186950 avg_loss=1.103
[4544.2s] epoch 169 step 187000 avg_loss=0.986
[4545.5s] epoch 169 step 187050 avg_loss=0.902
[4547.0s] epoch 169 step 187100 avg_loss=0.965
[4548.5s] epoch 169 step 187150 avg_loss=0.976
[4549.9s] epoch 169 step 187200 avg_loss=0.940
[4551.6s] epoch 169 step 187250 avg_loss=0.998
[4553.2s] epoch 169 step 187300 avg_loss=1.027
[4554.8s] epoch 169 step 187350 avg_loss=1.016
[4556.0s] epoch 169 step 187400 avg_loss=0.981
[4557.5s] epoch 169 step 187450 avg_loss=1.021
[4558.9s] epoch 169 step 187500 avg_loss=1.006
[4560.5s] epoch 169 step 187550 avg_loss=1.038
[4561.7s] epoch 169 step 187600 avg_loss=1.033
[4563.1s] epoch 169 step 187650 avg_loss=1.039
[4564.6s] epoch 169 step 187700 avg_loss=1.022
[4566.1s] epoch 169 step 187750 avg_loss=1.012
[4567.4s] epoch 169 step 187800 avg_loss=1.006
[4568.7s] epoch 169 step 187850 avg_loss=1.027
[4570.0s] epoch 169 step 187900 avg_loss=1.032
[4571.3s] epoch 169 step 187950 avg_loss=1.055
[4572.9s] epoch 169 step 188000 avg_loss=1.092
[4573.4s] === epoch 169 done: avg_loss=1.105 (n=1106 derivations) ===
[4574.3s] epoch 170 step 188050 avg_loss=0.844
[4575.7s] epoch 170 step 188100 avg_loss=0.744
[4577.0s] epoch 170 step 188150 avg_loss=0.826
[4578.3s] epoch 170 step 188200 avg_loss=0.856
[4579.5s] epoch 170 step 188250 avg_loss=0.973
[4581.0s] epoch 170 step 188300 avg_loss=0.980
[4582.3s] epoch 170 step 188350 avg_loss=1.025
[4583.5s] epoch 170 step 188400 avg_loss=1.036
[4584.9s] epoch 170 step 188450 avg_loss=1.062
[4586.3s] epoch 170 step 188500 avg_loss=1.086
[4587.6s] epoch 170 step 188550 avg_loss=1.135
[4588.7s] epoch 170 step 188600 avg_loss=1.101
[4590.2s] epoch 170 step 188650 avg_loss=1.097
[4591.8s] epoch 170 step 188700 avg_loss=1.092
[4593.2s] epoch 170 step 188750 avg_loss=1.109
[4594.7s] epoch 170 step 188800 avg_loss=1.116
[4596.6s] epoch 170 step 188850 avg_loss=1.095
[4598.2s] epoch 170 step 188900 avg_loss=1.094
[4599.7s] epoch 170 step 188950 avg_loss=1.087
[4601.2s] epoch 170 step 189000 avg_loss=1.092
[4602.5s] epoch 170 step 189050 avg_loss=1.095
[4603.8s] epoch 170 step 189100 avg_loss=1.094
[4604.7s] === epoch 170 done: avg_loss=1.091 (n=1106 derivations) ===
[4605.3s] epoch 171 step 189150 avg_loss=0.454
[4607.0s] epoch 171 step 189200 avg_loss=0.687
[4608.4s] epoch 171 step 189250 avg_loss=0.690
[4609.7s] epoch 171 step 189300 avg_loss=0.786
[4611.0s] epoch 171 step 189350 avg_loss=0.810
[4612.2s] epoch 171 step 189400 avg_loss=0.832
[4613.5s] epoch 171 step 189450 avg_loss=0.892
[4615.0s] epoch 171 step 189500 avg_loss=0.969
[4616.4s] epoch 171 step 189550 avg_loss=0.979
[4617.8s] epoch 171 step 189600 avg_loss=0.972
[4619.0s] eval step=6000 train_avg_loss=0.967 dev_rank1_f1=0.3120 dev_edge_p=0.2736 dev_edge_r=0.3630
[4620.1s] epoch 171 step 189650 avg_loss=0.967
[4621.4s] epoch 171 step 189700 avg_loss=0.980
[4622.8s] epoch 171 step 189750 avg_loss=1.008
[4624.3s] epoch 171 step 189800 avg_loss=1.038
[4625.6s] epoch 171 step 189850 avg_loss=1.032
[4627.0s] epoch 171 step 189900 avg_loss=1.043
[4628.5s] epoch 171 step 189950 avg_loss=1.055
[4629.8s] epoch 171 step 190000 avg_loss=1.056
[4631.0s] epoch 171 step 190050 avg_loss=1.074
[4632.4s] epoch 171 step 190100 avg_loss=1.073
[4633.9s] epoch 171 step 190150 avg_loss=1.105
[4635.1s] epoch 171 step 190200 avg_loss=1.115
[4635.8s] === epoch 171 done: avg_loss=1.105 (n=1106 derivations) ===
[4636.3s] epoch 172 step 190250 avg_loss=0.700
[4637.7s] epoch 172 step 190300 avg_loss=0.775
[4639.1s] epoch 172 step 190350 avg_loss=1.008
[4640.2s] epoch 172 step 190400 avg_loss=0.975
[4641.3s] epoch 172 step 190450 avg_loss=0.909
[4642.7s] epoch 172 step 190500 avg_loss=1.062
[4643.8s] epoch 172 step 190550 avg_loss=1.051
[4645.0s] epoch 172 step 190600 avg_loss=1.035
[4646.4s] epoch 172 step 190650 avg_loss=1.028
[4647.6s] epoch 172 step 190700 avg_loss=1.042
[4649.1s] epoch 172 step 190750 avg_loss=1.081
[4650.5s] epoch 172 step 190800 avg_loss=1.124
[4651.8s] epoch 172 step 190850 avg_loss=1.177
[4653.0s] epoch 172 step 190900 avg_loss=1.148
[4654.3s] epoch 172 step 190950 avg_loss=1.139
[4655.5s] epoch 172 step 191000 avg_loss=1.113
[4656.6s] epoch 172 step 191050 avg_loss=1.110
[4657.8s] epoch 172 step 191100 avg_loss=1.098
[4659.2s] epoch 172 step 191150 avg_loss=1.135
[4660.5s] epoch 172 step 191200 avg_loss=1.152
[4661.7s] epoch 172 step 191250 avg_loss=1.159
[4663.2s] epoch 172 step 191300 avg_loss=1.157
[4664.3s] === epoch 172 done: avg_loss=1.154 (n=1106 derivations) ===
[4664.7s] epoch 173 step 191350 avg_loss=1.148
[4666.2s] epoch 173 step 191400 avg_loss=0.978
[4667.7s] epoch 173 step 191450 avg_loss=1.090
[4669.0s] epoch 173 step 191500 avg_loss=1.035
[4670.3s] epoch 173 step 191550 avg_loss=0.990
[4671.7s] epoch 173 step 191600 avg_loss=0.989
[4673.2s] epoch 173 step 191650 avg_loss=0.989
[4674.8s] epoch 173 step 191700 avg_loss=1.043
[4676.2s] epoch 173 step 191750 avg_loss=1.055
[4677.5s] epoch 173 step 191800 avg_loss=1.064
[4678.8s] epoch 173 step 191850 avg_loss=1.066
[4680.1s] epoch 173 step 191900 avg_loss=1.108
[4681.5s] epoch 173 step 191950 avg_loss=1.115
[4682.7s] epoch 173 step 192000 avg_loss=1.102
[4683.9s] epoch 173 step 192050 avg_loss=1.084
[4685.2s] epoch 173 step 192100 avg_loss=1.106
[4686.7s] epoch 173 step 192150 avg_loss=1.127
[4687.7s] epoch 173 step 192200 avg_loss=1.113
[4688.9s] epoch 173 step 192250 avg_loss=1.107
[4690.2s] epoch 173 step 192300 avg_loss=1.122
[4691.5s] epoch 173 step 192350 avg_loss=1.125
[4692.6s] epoch 173 step 192400 avg_loss=1.115
[4693.7s] === epoch 173 done: avg_loss=1.133 (n=1106 derivations) ===
[4693.9s] epoch 174 step 192450 avg_loss=0.380
[4695.2s] epoch 174 step 192500 avg_loss=0.801
[4696.5s] epoch 174 step 192550 avg_loss=0.967
[4697.8s] epoch 174 step 192600 avg_loss=0.934
[4699.0s] epoch 174 step 192650 avg_loss=0.970
[4700.4s] epoch 174 step 192700 avg_loss=0.995
[4701.6s] epoch 174 step 192750 avg_loss=0.982
[4702.7s] epoch 174 step 192800 avg_loss=0.944
[4703.9s] epoch 174 step 192850 avg_loss=1.015
[4705.3s] epoch 174 step 192900 avg_loss=1.015
[4706.5s] epoch 174 step 192950 avg_loss=1.012
[4707.8s] epoch 174 step 193000 avg_loss=1.030
[4709.1s] epoch 174 step 193050 avg_loss=1.044
[4710.4s] epoch 174 step 193100 avg_loss=1.034
[4712.0s] epoch 174 step 193150 avg_loss=1.051
[4713.3s] epoch 174 step 193200 avg_loss=1.062
[4714.7s] epoch 174 step 193250 avg_loss=1.061
[4716.3s] epoch 174 step 193300 avg_loss=1.073
[4717.8s] epoch 174 step 193350 avg_loss=1.073
[4719.3s] epoch 174 step 193400 avg_loss=1.074
[4720.9s] epoch 174 step 193450 avg_loss=1.097
[4722.2s] epoch 174 step 193500 avg_loss=1.090
[4723.6s] epoch 174 step 193550 avg_loss=1.111
[4723.6s] === epoch 174 done: avg_loss=1.111 (n=1106 derivations) ===
[4725.3s] epoch 175 step 193600 avg_loss=0.980
[4726.8s] epoch 175 step 193650 avg_loss=0.796
[4727.9s] epoch 175 step 193700 avg_loss=0.712
[4729.1s] epoch 175 step 193750 avg_loss=0.840
[4730.2s] epoch 175 step 193800 avg_loss=0.849
[4731.3s] epoch 175 step 193850 avg_loss=0.885
[4732.6s] epoch 175 step 193900 avg_loss=0.890
[4733.6s] epoch 175 step 193950 avg_loss=0.936
[4734.8s] epoch 175 step 194000 avg_loss=0.936
[4736.1s] epoch 175 step 194050 avg_loss=0.932
[4737.1s] epoch 175 step 194100 avg_loss=0.928
[4738.2s] epoch 175 step 194150 avg_loss=0.946
[4739.5s] epoch 175 step 194200 avg_loss=0.953
[4740.6s] epoch 175 step 194250 avg_loss=0.951
[4741.9s] epoch 175 step 194300 avg_loss=0.962
[4743.4s] epoch 175 step 194350 avg_loss=1.016
[4744.6s] epoch 175 step 194400 avg_loss=1.029
[4746.0s] epoch 175 step 194450 avg_loss=1.060
[4747.5s] epoch 175 step 194500 avg_loss=1.077
[4749.0s] epoch 175 step 194550 avg_loss=1.078
[4750.3s] epoch 175 step 194600 avg_loss=1.094
[4751.7s] epoch 175 step 194650 avg_loss=1.090
[4751.9s] === epoch 175 done: avg_loss=1.091 (n=1106 derivations) ===
[4752.9s] epoch 176 step 194700 avg_loss=0.879
[4754.2s] epoch 176 step 194750 avg_loss=0.938
[4755.4s] epoch 176 step 194800 avg_loss=0.972
[4756.7s] epoch 176 step 194850 avg_loss=1.051
[4758.1s] epoch 176 step 194900 avg_loss=1.017
[4759.6s] epoch 176 step 194950 avg_loss=1.106
[4761.1s] epoch 176 step 195000 avg_loss=1.095
[4762.4s] epoch 176 step 195050 avg_loss=1.020
[4763.5s] epoch 176 step 195100 avg_loss=0.955
[4765.1s] epoch 176 step 195150 avg_loss=0.981
[4766.5s] epoch 176 step 195200 avg_loss=0.973
[4767.7s] epoch 176 step 195250 avg_loss=0.990
[4769.0s] epoch 176 step 195300 avg_loss=1.023
[4770.4s] epoch 176 step 195350 avg_loss=1.022
[4771.7s] epoch 176 step 195400 avg_loss=1.017
[4772.9s] epoch 176 step 195450 avg_loss=1.002
[4774.2s] epoch 176 step 195500 avg_loss=0.999
[4775.7s] epoch 176 step 195550 avg_loss=0.999
[4777.2s] epoch 176 step 195600 avg_loss=1.026
[4778.6s] epoch 176 step 195650 avg_loss=1.031
[4779.9s] epoch 176 step 195700 avg_loss=1.047
[4781.3s] epoch 176 step 195750 avg_loss=1.066
[4781.6s] === epoch 176 done: avg_loss=1.073 (n=1106 derivations) ===
[4782.4s] epoch 177 step 195800 avg_loss=0.614
[4783.8s] epoch 177 step 195850 avg_loss=1.068
[4784.9s] epoch 177 step 195900 avg_loss=0.989
[4786.0s] epoch 177 step 195950 avg_loss=0.898
[4787.2s] epoch 177 step 196000 avg_loss=0.874
[4788.4s] epoch 177 step 196050 avg_loss=0.850
[4789.7s] epoch 177 step 196100 avg_loss=0.891
[4791.0s] epoch 177 step 196150 avg_loss=0.943
[4792.2s] epoch 177 step 196200 avg_loss=0.991
[4793.3s] epoch 177 step 196250 avg_loss=0.998
[4794.6s] epoch 177 step 196300 avg_loss=0.976
[4795.9s] epoch 177 step 196350 avg_loss=1.018
[4797.3s] epoch 177 step 196400 avg_loss=1.028
[4798.7s] epoch 177 step 196450 avg_loss=1.016
[4800.0s] epoch 177 step 196500 avg_loss=0.991
[4801.4s] epoch 177 step 196550 avg_loss=1.027
[4802.7s] epoch 177 step 196600 avg_loss=1.037
[4804.0s] epoch 177 step 196650 avg_loss=1.049
[4805.4s] epoch 177 step 196700 avg_loss=1.078
[4806.4s] epoch 177 step 196750 avg_loss=1.062
[4807.6s] epoch 177 step 196800 avg_loss=1.069
[4808.8s] epoch 177 step 196850 avg_loss=1.060
[4809.3s] === epoch 177 done: avg_loss=1.060 (n=1106 derivations) ===
[4810.0s] epoch 178 step 196900 avg_loss=0.571
[4811.5s] epoch 178 step 196950 avg_loss=1.040
[4812.6s] epoch 178 step 197000 avg_loss=1.015
[4814.0s] epoch 178 step 197050 avg_loss=1.025
[4815.3s] epoch 178 step 197100 avg_loss=1.058
[4816.7s] epoch 178 step 197150 avg_loss=1.033
[4818.1s] epoch 178 step 197200 avg_loss=0.999
[4819.3s] epoch 178 step 197250 avg_loss=1.018
[4821.0s] epoch 178 step 197300 avg_loss=1.015
[4822.5s] epoch 178 step 197350 avg_loss=1.065
[4823.8s] epoch 178 step 197400 avg_loss=1.041
[4825.3s] epoch 178 step 197450 avg_loss=1.040
[4826.6s] epoch 178 step 197500 avg_loss=1.018
[4828.0s] eval step=6250 train_avg_loss=1.016 dev_rank1_f1=0.3085 dev_edge_p=0.2670 dev_edge_r=0.3654
[4829.2s] epoch 178 step 197550 avg_loss=1.025
[4830.5s] epoch 178 step 197600 avg_loss=1.046
[4831.5s] epoch 178 step 197650 avg_loss=1.017
[4832.8s] epoch 178 step 197700 avg_loss=1.036
[4834.2s] epoch 178 step 197750 avg_loss=1.051
[4835.6s] epoch 178 step 197800 avg_loss=1.052
[4836.9s] epoch 178 step 197850 avg_loss=1.058
[4838.2s] epoch 178 step 197900 avg_loss=1.057
[4839.5s] epoch 178 step 197950 avg_loss=1.057
[4840.1s] === epoch 178 done: avg_loss=1.058 (n=1106 derivations) ===
[4840.8s] epoch 179 step 198000 avg_loss=1.050
[4842.0s] epoch 179 step 198050 avg_loss=1.019
[4843.3s] epoch 179 step 198100 avg_loss=1.096
[4844.8s] epoch 179 step 198150 avg_loss=1.002
[4846.5s] epoch 179 step 198200 avg_loss=0.985
[4848.0s] epoch 179 step 198250 avg_loss=0.998
[4849.7s] epoch 179 step 198300 avg_loss=1.075
[4851.2s] epoch 179 step 198350 avg_loss=1.071
[4852.6s] epoch 179 step 198400 avg_loss=1.024
[4854.1s] epoch 179 step 198450 avg_loss=0.998
[4855.5s] epoch 179 step 198500 avg_loss=1.013
[4856.9s] epoch 179 step 198550 avg_loss=1.018
[4858.4s] epoch 179 step 198600 avg_loss=1.017
[4859.9s] epoch 179 step 198650 avg_loss=1.008
[4861.3s] epoch 179 step 198700 avg_loss=0.997
[4862.9s] epoch 179 step 198750 avg_loss=1.030
[4864.2s] epoch 179 step 198800 avg_loss=1.040
[4865.8s] epoch 179 step 198850 avg_loss=1.057
[4867.4s] epoch 179 step 198900 avg_loss=1.053
[4869.1s] epoch 179 step 198950 avg_loss=1.060
[4870.5s] epoch 179 step 199000 avg_loss=1.066
[4871.9s] epoch 179 step 199050 avg_loss=1.060
[4872.8s] === epoch 179 done: avg_loss=1.054 (n=1106 derivations) ===
[4873.3s] epoch 180 step 199100 avg_loss=0.534
[4874.7s] epoch 180 step 199150 avg_loss=0.922
[4876.0s] epoch 180 step 199200 avg_loss=0.977
[4877.5s] epoch 180 step 199250 avg_loss=0.883
[4878.8s] epoch 180 step 199300 avg_loss=0.856
[4880.0s] epoch 180 step 199350 avg_loss=0.851
[4881.3s] epoch 180 step 199400 avg_loss=0.815
[4882.5s] epoch 180 step 199450 avg_loss=0.868
[4883.6s] epoch 180 step 199500 avg_loss=0.820
[4884.9s] epoch 180 step 199550 avg_loss=0.843
[4886.3s] epoch 180 step 199600 avg_loss=0.830
[4887.7s] epoch 180 step 199650 avg_loss=0.862
[4889.0s] epoch 180 step 199700 avg_loss=0.893
[4890.7s] epoch 180 step 199750 avg_loss=0.926
[4892.3s] epoch 180 step 199800 avg_loss=0.954
[4893.7s] epoch 180 step 199850 avg_loss=0.968
[4895.3s] epoch 180 step 199900 avg_loss=0.962
[4896.8s] epoch 180 step 199950 avg_loss=0.972
[4898.3s] epoch 180 step 200000 avg_loss=0.987
[4899.9s] epoch 180 step 200050 avg_loss=1.005
[4901.5s] epoch 180 step 200100 avg_loss=1.008
[4902.9s] epoch 180 step 200150 avg_loss=1.025
[4904.0s] === epoch 180 done: avg_loss=1.051 (n=1106 derivations) ===
[4904.4s] epoch 181 step 200200 avg_loss=1.146
[4906.0s] epoch 181 step 200250 avg_loss=1.035
[4907.4s] epoch 181 step 200300 avg_loss=1.045
[4908.8s] epoch 181 step 200350 avg_loss=1.009
[4910.3s] epoch 181 step 200400 avg_loss=1.052
[4911.8s] epoch 181 step 200450 avg_loss=1.066
[4913.1s] epoch 181 step 200500 avg_loss=1.055
[4914.4s] epoch 181 step 200550 avg_loss=1.032
[4915.8s] epoch 181 step 200600 avg_loss=1.009
[4917.1s] epoch 181 step 200650 avg_loss=1.016
[4918.3s] epoch 181 step 200700 avg_loss=1.002
[4919.6s] epoch 181 step 200750 avg_loss=1.020
[4920.7s] epoch 181 step 200800 avg_loss=0.990
[4922.0s] epoch 181 step 200850 avg_loss=0.984
[4923.3s] epoch 181 step 200900 avg_loss=0.968
[4924.7s] epoch 181 step 200950 avg_loss=0.965
[4926.1s] epoch 181 step 201000 avg_loss=0.994
[4927.3s] epoch 181 step 201050 avg_loss=0.998
[4928.8s] epoch 181 step 201100 avg_loss=1.004
[4930.1s] epoch 181 step 201150 avg_loss=1.033
[4931.4s] epoch 181 step 201200 avg_loss=1.025
[4932.8s] epoch 181 step 201250 avg_loss=1.032
[4933.9s] === epoch 181 done: avg_loss=1.043 (n=1106 derivations) ===
[4934.0s] epoch 182 step 201300 avg_loss=0.442
[4935.3s] epoch 182 step 201350 avg_loss=0.662
[4936.8s] epoch 182 step 201400 avg_loss=0.788
[4938.1s] epoch 182 step 201450 avg_loss=0.812
[4939.3s] epoch 182 step 201500 avg_loss=0.809
[4940.6s] epoch 182 step 201550 avg_loss=0.857
[4941.9s] epoch 182 step 201600 avg_loss=0.886
[4943.1s] epoch 182 step 201650 avg_loss=0.864
[4944.6s] epoch 182 step 201700 avg_loss=0.904
[4946.6s] epoch 182 step 201750 avg_loss=0.982
[4948.0s] epoch 182 step 201800 avg_loss=0.943
[4949.8s] epoch 182 step 201850 avg_loss=0.989
[4951.3s] epoch 182 step 201900 avg_loss=0.991
[4952.7s] epoch 182 step 201950 avg_loss=1.011
[4954.0s] epoch 182 step 202000 avg_loss=1.001
[4955.3s] epoch 182 step 202050 avg_loss=1.029
[4956.6s] epoch 182 step 202100 avg_loss=1.031
[4958.0s] epoch 182 step 202150 avg_loss=1.045
[4959.3s] epoch 182 step 202200 avg_loss=1.055
[4960.6s] epoch 182 step 202250 avg_loss=1.058
[4961.6s] epoch 182 step 202300 avg_loss=1.043
[4962.8s] epoch 182 step 202350 avg_loss=1.025
[4964.0s] === epoch 182 done: avg_loss=1.041 (n=1106 derivations) ===
[4964.0s] epoch 183 step 202400 avg_loss=0.386
[4965.3s] epoch 183 step 202450 avg_loss=1.139
[4966.6s] epoch 183 step 202500 avg_loss=0.862
[4968.0s] epoch 183 step 202550 avg_loss=0.902
[4969.2s] epoch 183 step 202600 avg_loss=0.910
[4970.5s] epoch 183 step 202650 avg_loss=0.958
[4971.8s] epoch 183 step 202700 avg_loss=0.946
[4973.0s] epoch 183 step 202750 avg_loss=0.916
[4974.1s] epoch 183 step 202800 avg_loss=0.903
[4975.2s] epoch 183 step 202850 avg_loss=0.907
[4976.5s] epoch 183 step 202900 avg_loss=0.907
[4977.6s] epoch 183 step 202950 avg_loss=0.924
[4978.9s] epoch 183 step 203000 avg_loss=0.964
[4980.4s] epoch 183 step 203050 avg_loss=0.977
[4981.8s] epoch 183 step 203100 avg_loss=0.994
[4983.1s] epoch 183 step 203150 avg_loss=0.988
[4984.3s] epoch 183 step 203200 avg_loss=0.999
[4985.7s] epoch 183 step 203250 avg_loss=1.000
[4987.1s] epoch 183 step 203300 avg_loss=0.997
[4988.4s] epoch 183 step 203350 avg_loss=1.011
[4989.7s] epoch 183 step 203400 avg_loss=1.000
[4991.1s] epoch 183 step 203450 avg_loss=1.031
[4992.5s] epoch 183 step 203500 avg_loss=1.045
[4992.5s] === epoch 183 done: avg_loss=1.045 (n=1106 derivations) ===
[4993.7s] epoch 184 step 203550 avg_loss=0.727
[4994.9s] epoch 184 step 203600 avg_loss=0.936
[4996.1s] epoch 184 step 203650 avg_loss=0.783
[4997.5s] epoch 184 step 203700 avg_loss=0.780
[4998.8s] epoch 184 step 203750 avg_loss=0.830
[5000.1s] epoch 184 step 203800 avg_loss=0.801
[5001.4s] epoch 184 step 203850 avg_loss=0.838
[5002.9s] epoch 184 step 203900 avg_loss=0.893
[5004.0s] epoch 184 step 203950 avg_loss=0.870
[5005.5s] epoch 184 step 204000 avg_loss=0.890
[5007.0s] epoch 184 step 204050 avg_loss=0.899
[5008.4s] epoch 184 step 204100 avg_loss=0.923
[5009.8s] epoch 184 step 204150 avg_loss=0.916
[5011.4s] epoch 184 step 204200 avg_loss=0.953
[5012.5s] epoch 184 step 204250 avg_loss=0.974
[5013.9s] epoch 184 step 204300 avg_loss=0.969
[5015.1s] epoch 184 step 204350 avg_loss=0.966
[5016.8s] epoch 184 step 204400 avg_loss=1.011
[5018.2s] epoch 184 step 204450 avg_loss=1.006
[5019.4s] epoch 184 step 204500 avg_loss=1.011
[5020.7s] epoch 184 step 204550 avg_loss=1.016
[5022.1s] epoch 184 step 204600 avg_loss=1.019
[5022.4s] === epoch 184 done: avg_loss=1.019 (n=1106 derivations) ===
[5023.3s] epoch 185 step 204650 avg_loss=0.688
[5024.6s] epoch 185 step 204700 avg_loss=0.905
[5026.0s] epoch 185 step 204750 avg_loss=0.889
[5027.6s] epoch 185 step 204800 avg_loss=0.911
[5028.9s] epoch 185 step 204850 avg_loss=0.875
[5030.4s] epoch 185 step 204900 avg_loss=0.933
[5032.0s] epoch 185 step 204950 avg_loss=0.881
[5033.2s] epoch 185 step 205000 avg_loss=0.893
[5034.5s] epoch 185 step 205050 avg_loss=0.890
[5036.3s] epoch 185 step 205100 avg_loss=0.884
[5037.9s] epoch 185 step 205150 avg_loss=0.905
[5039.4s] epoch 185 step 205200 avg_loss=0.912
[5040.9s] epoch 185 step 205250 avg_loss=0.946
[5042.4s] epoch 185 step 205300 avg_loss=0.960
[5043.7s] epoch 185 step 205350 avg_loss=0.968
[5045.2s] epoch 185 step 205400 avg_loss=0.990
[5046.7s] eval step=6500 train_avg_loss=0.997 dev_rank1_f1=0.3133 dev_edge_p=0.2699 dev_edge_r=0.3734
[5047.8s] epoch 185 step 205450 avg_loss=0.989
[5049.4s] epoch 185 step 205500 avg_loss=0.988
[5050.9s] epoch 185 step 205550 avg_loss=0.984
[5052.6s] epoch 185 step 205600 avg_loss=1.016
[5054.2s] epoch 185 step 205650 avg_loss=1.007
[5055.6s] epoch 185 step 205700 avg_loss=1.013
[5056.0s] === epoch 185 done: avg_loss=1.013 (n=1106 derivations) ===
[5056.9s] epoch 186 step 205750 avg_loss=0.806
[5058.2s] epoch 186 step 205800 avg_loss=0.712
[5059.4s] epoch 186 step 205850 avg_loss=0.760
[5060.9s] epoch 186 step 205900 avg_loss=0.952
[5062.2s] epoch 186 step 205950 avg_loss=1.023
[5063.6s] epoch 186 step 206000 avg_loss=1.033
[5065.0s] epoch 186 step 206050 avg_loss=1.018
[5066.3s] epoch 186 step 206100 avg_loss=0.996
[5068.0s] epoch 186 step 206150 avg_loss=1.006
[5069.6s] epoch 186 step 206200 avg_loss=1.062
[5071.0s] epoch 186 step 206250 avg_loss=1.048
[5072.4s] epoch 186 step 206300 avg_loss=1.021
[5073.5s] epoch 186 step 206350 avg_loss=1.020
[5074.8s] epoch 186 step 206400 avg_loss=0.997
[5076.1s] epoch 186 step 206450 avg_loss=1.025
[5077.4s] epoch 186 step 206500 avg_loss=1.024
[5078.9s] epoch 186 step 206550 avg_loss=1.025
[5080.1s] epoch 186 step 206600 avg_loss=1.001
[5081.6s] epoch 186 step 206650 avg_loss=1.002
[5083.0s] epoch 186 step 206700 avg_loss=1.008
[5084.5s] epoch 186 step 206750 avg_loss=1.031
[5085.8s] epoch 186 step 206800 avg_loss=1.009
[5086.5s] === epoch 186 done: avg_loss=1.014 (n=1106 derivations) ===
[5087.2s] epoch 187 step 206850 avg_loss=1.044
[5088.5s] epoch 187 step 206900 avg_loss=0.921
[5089.9s] epoch 187 step 206950 avg_loss=0.806
[5091.2s] epoch 187 step 207000 avg_loss=0.769
[5092.6s] epoch 187 step 207050 avg_loss=0.865
[5094.2s] epoch 187 step 207100 avg_loss=0.901
[5095.6s] epoch 187 step 207150 avg_loss=0.934
[5097.2s] epoch 187 step 207200 avg_loss=1.006
[5099.0s] epoch 187 step 207250 avg_loss=0.998
[5100.7s] epoch 187 step 207300 avg_loss=0.980
[5102.0s] epoch 187 step 207350 avg_loss=0.984
[5103.4s] epoch 187 step 207400 avg_loss=0.987
[5104.7s] epoch 187 step 207450 avg_loss=0.993
[5106.0s] epoch 187 step 207500 avg_loss=1.012
[5107.6s] epoch 187 step 207550 avg_loss=1.011
[5109.2s] epoch 187 step 207600 avg_loss=1.012
[5110.8s] epoch 187 step 207650 avg_loss=1.007
[5112.4s] epoch 187 step 207700 avg_loss=0.998
[5113.8s] epoch 187 step 207750 avg_loss=1.001
[5115.0s] epoch 187 step 207800 avg_loss=0.986
[5116.4s] epoch 187 step 207850 avg_loss=0.994
[5118.1s] epoch 187 step 207900 avg_loss=1.008
[5119.0s] === epoch 187 done: avg_loss=1.011 (n=1106 derivations) ===
[5119.8s] epoch 188 step 207950 avg_loss=1.839
[5121.2s] epoch 188 step 208000 avg_loss=1.092
[5122.9s] epoch 188 step 208050 avg_loss=1.100
[5124.3s] epoch 188 step 208100 avg_loss=1.072
[5125.4s] epoch 188 step 208150 avg_loss=1.000
[5126.9s] epoch 188 step 208200 avg_loss=1.028
[5128.4s] epoch 188 step 208250 avg_loss=1.042
[5129.7s] epoch 188 step 208300 avg_loss=0.998
[5130.8s] epoch 188 step 208350 avg_loss=0.977
[5132.2s] epoch 188 step 208400 avg_loss=0.969
[5133.5s] epoch 188 step 208450 avg_loss=0.962
[5134.8s] epoch 188 step 208500 avg_loss=0.951
[5136.2s] epoch 188 step 208550 avg_loss=0.960
[5137.6s] epoch 188 step 208600 avg_loss=0.990
[5138.9s] epoch 188 step 208650 avg_loss=0.988
[5140.5s] epoch 188 step 208700 avg_loss=1.000
[5141.8s] epoch 188 step 208750 avg_loss=0.990
[5143.0s] epoch 188 step 208800 avg_loss=0.980
[5144.2s] epoch 188 step 208850 avg_loss=0.980
[5145.5s] epoch 188 step 208900 avg_loss=0.986
[5146.6s] epoch 188 step 208950 avg_loss=0.990
[5148.2s] epoch 188 step 209000 avg_loss=1.004
[5149.2s] === epoch 188 done: avg_loss=1.005 (n=1106 derivations) ===
[5149.5s] epoch 189 step 209050 avg_loss=0.508
[5150.8s] epoch 189 step 209100 avg_loss=0.853
[5152.3s] epoch 189 step 209150 avg_loss=1.011
[5153.8s] epoch 189 step 209200 avg_loss=0.986
[5155.6s] epoch 189 step 209250 avg_loss=1.117
[5157.1s] epoch 189 step 209300 avg_loss=1.081
[5158.3s] epoch 189 step 209350 avg_loss=0.995
[5159.6s] epoch 189 step 209400 avg_loss=1.021
[5161.1s] epoch 189 step 209450 avg_loss=1.025
[5162.6s] epoch 189 step 209500 avg_loss=1.057
[5163.9s] epoch 189 step 209550 avg_loss=1.022
[5165.1s] epoch 189 step 209600 avg_loss=1.019
[5166.5s] epoch 189 step 209650 avg_loss=1.017
[5167.9s] epoch 189 step 209700 avg_loss=1.007
[5169.2s] epoch 189 step 209750 avg_loss=0.997
[5170.5s] epoch 189 step 209800 avg_loss=1.001
[5171.8s] epoch 189 step 209850 avg_loss=0.997
[5173.1s] epoch 189 step 209900 avg_loss=1.005
[5174.6s] epoch 189 step 209950 avg_loss=1.012
[5175.9s] epoch 189 step 210000 avg_loss=1.011
[5177.4s] epoch 189 step 210050 avg_loss=1.035
[5178.7s] epoch 189 step 210100 avg_loss=1.033
[5179.8s] === epoch 189 done: avg_loss=1.035 (n=1106 derivations) ===
[5180.0s] epoch 190 step 210150 avg_loss=0.439
[5181.6s] epoch 190 step 210200 avg_loss=0.627
[5183.1s] epoch 190 step 210250 avg_loss=0.683
[5184.7s] epoch 190 step 210300 avg_loss=0.769
[5186.3s] epoch 190 step 210350 avg_loss=0.889
[5187.9s] epoch 190 step 210400 avg_loss=0.937
[5189.2s] epoch 190 step 210450 avg_loss=0.927
[5190.8s] epoch 190 step 210500 avg_loss=0.959
[5192.1s] epoch 190 step 210550 avg_loss=0.950
[5193.4s] epoch 190 step 210600 avg_loss=0.947
[5194.6s] epoch 190 step 210650 avg_loss=0.950
[5196.0s] epoch 190 step 210700 avg_loss=0.931
[5197.4s] epoch 190 step 210750 avg_loss=0.964
[5199.0s] epoch 190 step 210800 avg_loss=0.955
[5200.4s] epoch 190 step 210850 avg_loss=0.952
[5201.8s] epoch 190 step 210900 avg_loss=0.970
[5203.4s] epoch 190 step 210950 avg_loss=1.015
[5204.9s] epoch 190 step 211000 avg_loss=1.035
[5206.3s] epoch 190 step 211050 avg_loss=1.040
[5207.9s] epoch 190 step 211100 avg_loss=1.060
[5209.5s] epoch 190 step 211150 avg_loss=1.051
[5210.8s] epoch 190 step 211200 avg_loss=1.035
[5212.0s] === epoch 190 done: avg_loss=1.024 (n=1106 derivations) ===
[5212.1s] epoch 191 step 211250 avg_loss=1.311
[5213.2s] epoch 191 step 211300 avg_loss=0.617
[5214.6s] epoch 191 step 211350 avg_loss=0.710
[5215.9s] epoch 191 step 211400 avg_loss=0.834
[5217.3s] epoch 191 step 211450 avg_loss=0.815
[5218.7s] epoch 191 step 211500 avg_loss=0.843
[5219.9s] epoch 191 step 211550 avg_loss=0.876
[5221.3s] epoch 191 step 211600 avg_loss=0.851
[5222.7s] epoch 191 step 211650 avg_loss=0.883
[5224.2s] epoch 191 step 211700 avg_loss=0.896
[5225.4s] epoch 191 step 211750 avg_loss=0.898
[5226.8s] epoch 191 step 211800 avg_loss=0.900
[5228.0s] epoch 191 step 211850 avg_loss=0.918
[5229.4s] epoch 191 step 211900 avg_loss=0.965
[5230.8s] epoch 191 step 211950 avg_loss=0.966
[5232.0s] epoch 191 step 212000 avg_loss=0.967
[5233.3s] epoch 191 step 212050 avg_loss=0.963
[5234.6s] epoch 191 step 212100 avg_loss=0.970
[5236.0s] epoch 191 step 212150 avg_loss=0.990
[5237.5s] epoch 191 step 212200 avg_loss=0.995
[5238.8s] epoch 191 step 212250 avg_loss=0.993
[5240.2s] epoch 191 step 212300 avg_loss=1.001
[5241.8s] epoch 191 step 212350 avg_loss=1.023
[5241.8s] === epoch 191 done: avg_loss=1.023 (n=1106 derivations) ===
[5243.1s] epoch 192 step 212400 avg_loss=0.898
[5244.5s] epoch 192 step 212450 avg_loss=1.007
[5245.8s] epoch 192 step 212500 avg_loss=0.989
[5247.1s] epoch 192 step 212550 avg_loss=1.010
[5248.6s] epoch 192 step 212600 avg_loss=1.022
[5249.8s] epoch 192 step 212650 avg_loss=1.021
[5251.5s] epoch 192 step 212700 avg_loss=0.997
[5253.2s] epoch 192 step 212750 avg_loss=1.025
[5254.9s] epoch 192 step 212800 avg_loss=1.035
[5256.5s] epoch 192 step 212850 avg_loss=1.049
[5257.9s] epoch 192 step 212900 avg_loss=1.028
[5259.2s] epoch 192 step 212950 avg_loss=1.004
[5260.8s] epoch 192 step 213000 avg_loss=1.039
[5262.1s] epoch 192 step 213050 avg_loss=1.016
[5263.3s] epoch 192 step 213100 avg_loss=1.033
[5264.7s] epoch 192 step 213150 avg_loss=1.021
[5266.2s] epoch 192 step 213200 avg_loss=1.037
[5267.4s] epoch 192 step 213250 avg_loss=1.029
[5268.7s] epoch 192 step 213300 avg_loss=1.037
[5270.2s] eval step=6750 train_avg_loss=1.059 dev_rank1_f1=0.3033 dev_edge_p=0.2631 dev_edge_r=0.3578
[5271.1s] epoch 192 step 213350 avg_loss=1.048
[5272.5s] epoch 192 step 213400 avg_loss=1.032
[5273.6s] epoch 192 step 213450 avg_loss=1.022
[5273.8s] === epoch 192 done: avg_loss=1.020 (n=1106 derivations) ===
[5274.9s] epoch 193 step 213500 avg_loss=0.957
[5276.4s] epoch 193 step 213550 avg_loss=0.847
[5277.7s] epoch 193 step 213600 avg_loss=0.840
[5279.4s] epoch 193 step 213650 avg_loss=0.971
[5280.5s] epoch 193 step 213700 avg_loss=0.930
[5282.0s] epoch 193 step 213750 avg_loss=0.930
[5283.4s] epoch 193 step 213800 avg_loss=0.943
[5284.8s] epoch 193 step 213850 avg_loss=0.951
[5286.2s] epoch 193 step 213900 avg_loss=0.960
[5287.8s] epoch 193 step 213950 avg_loss=0.966
[5289.3s] epoch 193 step 214000 avg_loss=0.933
[5290.9s] epoch 193 step 214050 avg_loss=0.935
[5292.4s] epoch 193 step 214100 avg_loss=0.974
[5293.7s] epoch 193 step 214150 avg_loss=0.951
[5295.0s] epoch 193 step 214200 avg_loss=0.961
[5296.4s] epoch 193 step 214250 avg_loss=0.995
[5297.6s] epoch 193 step 214300 avg_loss=0.985
[5298.8s] epoch 193 step 214350 avg_loss=0.977
[5300.2s] epoch 193 step 214400 avg_loss=0.977
[5301.5s] epoch 193 step 214450 avg_loss=0.997
[5302.8s] epoch 193 step 214500 avg_loss=0.994
[5304.4s] epoch 193 step 214550 avg_loss=1.015
[5304.7s] === epoch 193 done: avg_loss=1.014 (n=1106 derivations) ===
[5305.8s] epoch 194 step 214600 avg_loss=0.563
[5307.5s] epoch 194 step 214650 avg_loss=0.772
[5309.2s] epoch 194 step 214700 avg_loss=0.929
[5310.7s] epoch 194 step 214750 avg_loss=0.899
[5312.1s] epoch 194 step 214800 avg_loss=0.936
[5313.5s] epoch 194 step 214850 avg_loss=0.917
[5314.8s] epoch 194 step 214900 avg_loss=0.893
[5316.3s] epoch 194 step 214950 avg_loss=0.889
[5317.8s] epoch 194 step 215000 avg_loss=0.890
[5319.2s] epoch 194 step 215050 avg_loss=0.907
[5320.5s] epoch 194 step 215100 avg_loss=0.908
[5322.2s] epoch 194 step 215150 avg_loss=0.936
[5323.5s] epoch 194 step 215200 avg_loss=0.944
[5324.9s] epoch 194 step 215250 avg_loss=0.967
[5326.6s] epoch 194 step 215300 avg_loss=0.978
[5328.3s] epoch 194 step 215350 avg_loss=0.987
[5329.7s] epoch 194 step 215400 avg_loss=0.971
[5331.1s] epoch 194 step 215450 avg_loss=0.973
[5332.3s] epoch 194 step 215500 avg_loss=0.982
[5333.7s] epoch 194 step 215550 avg_loss=0.990
[5335.1s] epoch 194 step 215600 avg_loss=1.016
[5336.3s] epoch 194 step 215650 avg_loss=1.000
[5336.9s] === epoch 194 done: avg_loss=1.014 (n=1106 derivations) ===
[5337.6s] epoch 195 step 215700 avg_loss=0.782
[5338.9s] epoch 195 step 215750 avg_loss=0.667
[5340.1s] epoch 195 step 215800 avg_loss=0.674
[5341.6s] epoch 195 step 215850 avg_loss=0.814
[5342.7s] epoch 195 step 215900 avg_loss=0.775
[5344.1s] epoch 195 step 215950 avg_loss=0.805
[5345.5s] epoch 195 step 216000 avg_loss=0.814
[5346.6s] epoch 195 step 216050 avg_loss=0.798
[5347.9s] epoch 195 step 216100 avg_loss=0.793
[5349.3s] epoch 195 step 216150 avg_loss=0.831
[5350.4s] epoch 195 step 216200 avg_loss=0.833
[5351.9s] epoch 195 step 216250 avg_loss=0.876
[5353.3s] epoch 195 step 216300 avg_loss=0.906
[5354.9s] epoch 195 step 216350 avg_loss=0.947
[5356.6s] epoch 195 step 216400 avg_loss=0.956
[5358.1s] epoch 195 step 216450 avg_loss=0.958
[5359.5s] epoch 195 step 216500 avg_loss=0.994
[5360.8s] epoch 195 step 216550 avg_loss=0.984
[5362.0s] epoch 195 step 216600 avg_loss=0.983
[5363.3s] epoch 195 step 216650 avg_loss=0.986
[5364.6s] epoch 195 step 216700 avg_loss=0.978
[5365.9s] epoch 195 step 216750 avg_loss=0.994
[5366.6s] === epoch 195 done: avg_loss=0.998 (n=1106 derivations) ===
[5367.1s] epoch 196 step 216800 avg_loss=1.004
[5368.5s] epoch 196 step 216850 avg_loss=1.113
[5369.8s] epoch 196 step 216900 avg_loss=0.971
[5371.0s] epoch 196 step 216950 avg_loss=0.926
[5372.3s] epoch 196 step 217000 avg_loss=0.861
[5373.7s] epoch 196 step 217050 avg_loss=0.888
[5375.0s] epoch 196 step 217100 avg_loss=0.890
[5376.4s] epoch 196 step 217150 avg_loss=0.907
[5377.9s] epoch 196 step 217200 avg_loss=0.900
[5379.5s] epoch 196 step 217250 avg_loss=0.910
[5381.1s] epoch 196 step 217300 avg_loss=0.941
[5382.7s] epoch 196 step 217350 avg_loss=0.926
[5384.1s] epoch 196 step 217400 avg_loss=0.943
[5385.6s] epoch 196 step 217450 avg_loss=0.988
[5386.9s] epoch 196 step 217500 avg_loss=0.976
[5388.3s] epoch 196 step 217550 avg_loss=0.984
[5389.6s] epoch 196 step 217600 avg_loss=0.980
[5390.9s] epoch 196 step 217650 avg_loss=0.961
[5392.2s] epoch 196 step 217700 avg_loss=0.966
[5393.5s] epoch 196 step 217750 avg_loss=0.971
[5394.9s] epoch 196 step 217800 avg_loss=0.967
[5396.4s] epoch 196 step 217850 avg_loss=0.980
[5397.4s] === epoch 196 done: avg_loss=1.003 (n=1106 derivations) ===
[5398.0s] epoch 197 step 217900 avg_loss=0.875
[5399.8s] epoch 197 step 217950 avg_loss=1.017
[5401.2s] epoch 197 step 218000 avg_loss=0.901
[5402.8s] epoch 197 step 218050 avg_loss=0.899
[5404.1s] epoch 197 step 218100 avg_loss=0.892
[5405.2s] epoch 197 step 218150 avg_loss=0.920
[5406.4s] epoch 197 step 218200 avg_loss=0.901
[5407.7s] epoch 197 step 218250 avg_loss=0.849
[5409.0s] epoch 197 step 218300 avg_loss=0.854
[5410.5s] epoch 197 step 218350 avg_loss=0.843
[5411.9s] epoch 197 step 218400 avg_loss=0.882
[5413.1s] epoch 197 step 218450 avg_loss=0.877
[5414.4s] epoch 197 step 218500 avg_loss=0.916
[5415.7s] epoch 197 step 218550 avg_loss=0.911
[5417.1s] epoch 197 step 218600 avg_loss=0.927
[5418.4s] epoch 197 step 218650 avg_loss=0.958
[5419.9s] epoch 197 step 218700 avg_loss=0.972
[5421.1s] epoch 197 step 218750 avg_loss=0.976
[5422.5s] epoch 197 step 218800 avg_loss=0.985
[5423.9s] epoch 197 step 218850 avg_loss=0.998
[5425.5s] epoch 197 step 218900 avg_loss=1.005
[5426.9s] epoch 197 step 218950 avg_loss=1.023
[5427.7s] === epoch 197 done: avg_loss=1.006 (n=1106 derivations) ===
[5428.0s] epoch 198 step 219000 avg_loss=0.845
[5429.5s] epoch 198 step 219050 avg_loss=1.290
[5431.0s] epoch 198 step 219100 avg_loss=1.112
[5432.5s] epoch 198 step 219150 avg_loss=0.973
[5434.2s] epoch 198 step 219200 avg_loss=0.884
[5435.5s] epoch 198 step 219250 avg_loss=0.884
[5437.2s] epoch 198 step 219300 avg_loss=0.854
[5438.5s] epoch 198 step 219350 avg_loss=0.858
[5440.0s] epoch 198 step 219400 avg_loss=0.862
[5441.4s] epoch 198 step 219450 avg_loss=0.857
[5442.6s] epoch 198 step 219500 avg_loss=0.867
[5444.0s] epoch 198 step 219550 avg_loss=0.892
[5445.4s] epoch 198 step 219600 avg_loss=0.920
[5447.0s] epoch 198 step 219650 avg_loss=0.929
[5448.7s] epoch 198 step 219700 avg_loss=0.933
[5450.1s] epoch 198 step 219750 avg_loss=0.951
[5451.8s] epoch 198 step 219800 avg_loss=0.952
[5453.6s] epoch 198 step 219850 avg_loss=0.956
[5455.4s] epoch 198 step 219900 avg_loss=0.951
[5457.3s] epoch 198 step 219950 avg_loss=0.985
[5458.7s] epoch 198 step 220000 avg_loss=0.996
[5460.2s] epoch 198 step 220050 avg_loss=0.999
[5461.4s] === epoch 198 done: avg_loss=1.015 (n=1106 derivations) ===
[5461.5s] epoch 199 step 220100 avg_loss=0.793
[5463.0s] epoch 199 step 220150 avg_loss=0.961
[5464.4s] epoch 199 step 220200 avg_loss=1.013
[5465.8s] epoch 199 step 220250 avg_loss=1.019
[5467.3s] epoch 199 step 220300 avg_loss=1.051
[5468.8s] epoch 199 step 220350 avg_loss=1.006
[5470.6s] epoch 199 step 220400 avg_loss=1.002
[5472.2s] epoch 199 step 220450 avg_loss=1.056
[5473.8s] epoch 199 step 220500 avg_loss=1.077
[5475.0s] epoch 199 step 220550 avg_loss=1.039
[5476.4s] epoch 199 step 220600 avg_loss=1.001
[5478.2s] epoch 199 step 220650 avg_loss=1.009
[5479.3s] epoch 199 step 220700 avg_loss=1.018
[5480.5s] epoch 199 step 220750 avg_loss=1.013
[5481.6s] epoch 199 step 220800 avg_loss=1.046
[5482.8s] epoch 199 step 220850 avg_loss=1.014
[5484.5s] epoch 199 step 220900 avg_loss=1.020
[5486.2s] epoch 199 step 220950 avg_loss=1.014
[5487.5s] epoch 199 step 221000 avg_loss=1.024
[5489.1s] epoch 199 step 221050 avg_loss=1.054
[5490.6s] epoch 199 step 221100 avg_loss=1.051
[5492.0s] epoch 199 step 221150 avg_loss=1.036
[5493.5s] epoch 199 step 221200 avg_loss=1.024
[5494.8s] eval step=7000 train_avg_loss=1.024 dev_rank1_f1=0.3212 dev_edge_p=0.2787 dev_edge_r=0.3789
[5494.8s] === epoch 199 done: avg_loss=1.024 (n=1106 derivations) ===
[5496.3s] epoch 200 step 221250 avg_loss=0.936
[5497.7s] epoch 200 step 221300 avg_loss=0.886
[5499.0s] epoch 200 step 221350 avg_loss=0.943
[5500.4s] epoch 200 step 221400 avg_loss=0.895
[5501.7s] epoch 200 step 221450 avg_loss=0.867
[5503.0s] epoch 200 step 221500 avg_loss=0.918
[5504.4s] epoch 200 step 221550 avg_loss=0.950
[5506.2s] epoch 200 step 221600 avg_loss=0.973
[5508.0s] epoch 200 step 221650 avg_loss=1.010
[5509.5s] epoch 200 step 221700 avg_loss=1.015
[5510.9s] epoch 200 step 221750 avg_loss=1.012
[5512.1s] epoch 200 step 221800 avg_loss=0.985
[5513.4s] epoch 200 step 221850 avg_loss=1.022
[5514.9s] epoch 200 step 221900 avg_loss=1.026
[5516.3s] epoch 200 step 221950 avg_loss=1.027
[5517.4s] epoch 200 step 222000 avg_loss=1.016
[5518.6s] epoch 200 step 222050 avg_loss=1.009
[5520.0s] epoch 200 step 222100 avg_loss=1.014
[5521.5s] epoch 200 step 222150 avg_loss=1.015
[5522.9s] epoch 200 step 222200 avg_loss=1.010
[5524.3s] epoch 200 step 222250 avg_loss=1.010
[5525.7s] epoch 200 step 222300 avg_loss=1.028
[5526.0s] === epoch 200 done: avg_loss=1.033 (n=1106 derivations) ===
[5527.3s] epoch 201 step 222350 avg_loss=0.972
[5528.9s] epoch 201 step 222400 avg_loss=0.949
[5530.6s] epoch 201 step 222450 avg_loss=0.956
[5531.9s] epoch 201 step 222500 avg_loss=0.995
[5533.3s] epoch 201 step 222550 avg_loss=1.011
[5534.8s] epoch 201 step 222600 avg_loss=1.069
[5536.3s] epoch 201 step 222650 avg_loss=1.088
[5537.9s] epoch 201 step 222700 avg_loss=1.064
[5539.4s] epoch 201 step 222750 avg_loss=1.065
[5540.8s] epoch 201 step 222800 avg_loss=1.075
[5541.9s] epoch 201 step 222850 avg_loss=1.049
[5543.2s] epoch 201 step 222900 avg_loss=1.053
[5544.5s] epoch 201 step 222950 avg_loss=1.039
[5545.6s] epoch 201 step 223000 avg_loss=1.040
[5547.0s] epoch 201 step 223050 avg_loss=1.046
[5548.3s] epoch 201 step 223100 avg_loss=1.038
[5549.6s] epoch 201 step 223150 avg_loss=1.017
[5551.0s] epoch 201 step 223200 avg_loss=1.024
[5552.6s] epoch 201 step 223250 avg_loss=1.048
[5553.7s] epoch 201 step 223300 avg_loss=1.034
[5555.0s] epoch 201 step 223350 avg_loss=1.039
[5556.4s] epoch 201 step 223400 avg_loss=1.047
[5556.6s] === epoch 201 done: avg_loss=1.051 (n=1106 derivations) ===
[5557.7s] epoch 202 step 223450 avg_loss=1.081
[5559.1s] epoch 202 step 223500 avg_loss=1.004
[5560.9s] epoch 202 step 223550 avg_loss=1.228
[5562.4s] epoch 202 step 223600 avg_loss=1.099
[5564.2s] epoch 202 step 223650 avg_loss=1.132
[5565.7s] epoch 202 step 223700 avg_loss=1.025
[5567.3s] epoch 202 step 223750 avg_loss=1.031
[5568.7s] epoch 202 step 223800 avg_loss=1.029
[5570.4s] epoch 202 step 223850 avg_loss=1.073
[5571.7s] epoch 202 step 223900 avg_loss=1.027
[5573.2s] epoch 202 step 223950 avg_loss=1.028
[5574.7s] epoch 202 step 224000 avg_loss=1.032
[5576.6s] epoch 202 step 224050 avg_loss=1.049
[5578.2s] epoch 202 step 224100 avg_loss=1.058
[5579.5s] epoch 202 step 224150 avg_loss=1.060
[5580.9s] epoch 202 step 224200 avg_loss=1.040
[5582.4s] epoch 202 step 224250 avg_loss=1.042
[5583.9s] epoch 202 step 224300 avg_loss=1.072
[5585.3s] epoch 202 step 224350 avg_loss=1.079
[5586.8s] epoch 202 step 224400 avg_loss=1.095
[5587.9s] epoch 202 step 224450 avg_loss=1.079
[5589.4s] epoch 202 step 224500 avg_loss=1.100
[5589.8s] === epoch 202 done: avg_loss=1.112 (n=1106 derivations) ===
[5590.7s] epoch 203 step 224550 avg_loss=1.408
[5592.1s] epoch 203 step 224600 avg_loss=1.126
[5593.6s] epoch 203 step 224650 avg_loss=1.185
[5594.9s] epoch 203 step 224700 avg_loss=1.131
[5596.0s] epoch 203 step 224750 avg_loss=1.125
[5597.5s] epoch 203 step 224800 avg_loss=1.101
[5598.8s] epoch 203 step 224850 avg_loss=1.092
[5600.0s] epoch 203 step 224900 avg_loss=1.049
[5601.3s] epoch 203 step 224950 avg_loss=1.079
[5602.5s] epoch 203 step 225000 avg_loss=1.115
[5604.0s] epoch 203 step 225050 avg_loss=1.133
[5605.4s] epoch 203 step 225100 avg_loss=1.174
[5606.8s] epoch 203 step 225150 avg_loss=1.189
[5608.2s] epoch 203 step 225200 avg_loss=1.204
[5609.4s] epoch 203 step 225250 avg_loss=1.201
[5610.8s] epoch 203 step 225300 avg_loss=1.214
[5612.3s] epoch 203 step 225350 avg_loss=1.259
[5613.4s] epoch 203 step 225400 avg_loss=1.261
[5614.7s] epoch 203 step 225450 avg_loss=1.263
[5615.9s] epoch 203 step 225500 avg_loss=1.274
[5617.2s] epoch 203 step 225550 avg_loss=1.313
[5618.4s] epoch 203 step 225600 avg_loss=1.308
[5619.0s] === epoch 203 done: avg_loss=1.306 (n=1106 derivations) ===
[5619.7s] epoch 204 step 225650 avg_loss=0.839
[5621.0s] epoch 204 step 225700 avg_loss=0.926
[5622.4s] epoch 204 step 225750 avg_loss=1.372
[5623.9s] epoch 204 step 225800 avg_loss=1.444
[5625.3s] epoch 204 step 225850 avg_loss=1.483
[5626.7s] epoch 204 step 225900 avg_loss=1.497
[5628.1s] epoch 204 step 225950 avg_loss=1.415
[5629.5s] epoch 204 step 226000 avg_loss=1.428
[5630.9s] epoch 204 step 226050 avg_loss=1.457
[5632.4s] epoch 204 step 226100 avg_loss=1.500
[5633.8s] epoch 204 step 226150 avg_loss=1.482
[5635.1s] epoch 204 step 226200 avg_loss=1.462
[5636.6s] epoch 204 step 226250 avg_loss=1.438
[5637.8s] epoch 204 step 226300 avg_loss=1.410
[5639.1s] epoch 204 step 226350 avg_loss=1.422
[5640.5s] epoch 204 step 226400 avg_loss=1.447
[5641.7s] epoch 204 step 226450 avg_loss=1.424
[5643.0s] epoch 204 step 226500 avg_loss=1.418
[5644.2s] epoch 204 step 226550 avg_loss=1.419
[5645.5s] epoch 204 step 226600 avg_loss=1.436
[5646.8s] epoch 204 step 226650 avg_loss=1.453
[5647.9s] epoch 204 step 226700 avg_loss=1.452
[5648.8s] === epoch 204 done: avg_loss=1.482 (n=1106 derivations) ===
[5649.4s] epoch 205 step 226750 avg_loss=0.938
[5650.8s] epoch 205 step 226800 avg_loss=1.541
[5652.2s] epoch 205 step 226850 avg_loss=1.620
[5653.7s] epoch 205 step 226900 avg_loss=1.626
[5655.1s] epoch 205 step 226950 avg_loss=1.532
[5656.4s] epoch 205 step 227000 avg_loss=1.407
[5657.7s] epoch 205 step 227050 avg_loss=1.424
[5659.0s] epoch 205 step 227100 avg_loss=1.371
[5660.5s] epoch 205 step 227150 avg_loss=1.362
[5661.7s] epoch 205 step 227200 avg_loss=1.378
[5663.0s] epoch 205 step 227250 avg_loss=1.353
[5664.0s] epoch 205 step 227300 avg_loss=1.337
[5665.4s] epoch 205 step 227350 avg_loss=1.369
[5666.7s] epoch 205 step 227400 avg_loss=1.373
[5668.2s] epoch 205 step 227450 avg_loss=1.406
[5669.6s] epoch 205 step 227500 avg_loss=1.430
[5670.7s] epoch 205 step 227550 avg_loss=1.420
[5672.0s] epoch 205 step 227600 avg_loss=1.420
[5673.2s] epoch 205 step 227650 avg_loss=1.451
[5674.4s] epoch 205 step 227700 avg_loss=1.447
[5675.8s] epoch 205 step 227750 avg_loss=1.460
[5677.1s] epoch 205 step 227800 avg_loss=1.488
[5678.0s] === epoch 205 done: avg_loss=1.489 (n=1106 derivations) ===
[5678.5s] epoch 206 step 227850 avg_loss=1.561
[5679.9s] epoch 206 step 227900 avg_loss=1.776
[5681.2s] epoch 206 step 227950 avg_loss=1.552
[5682.5s] epoch 206 step 228000 avg_loss=1.589
[5683.7s] epoch 206 step 228050 avg_loss=1.558
[5685.0s] epoch 206 step 228100 avg_loss=1.440
[5686.3s] epoch 206 step 228150 avg_loss=1.420
[5687.6s] epoch 206 step 228200 avg_loss=1.363
[5688.7s] epoch 206 step 228250 avg_loss=1.342
[5690.1s] epoch 206 step 228300 avg_loss=1.334
[5691.3s] epoch 206 step 228350 avg_loss=1.372
[5692.6s] epoch 206 step 228400 avg_loss=1.376
[5694.1s] epoch 206 step 228450 avg_loss=1.386
[5695.4s] epoch 206 step 228500 avg_loss=1.393
[5696.7s] epoch 206 step 228550 avg_loss=1.409
[5698.1s] epoch 206 step 228600 avg_loss=1.400
[5699.6s] epoch 206 step 228650 avg_loss=1.424
[5700.7s] epoch 206 step 228700 avg_loss=1.425
[5702.0s] epoch 206 step 228750 avg_loss=1.434
[5703.4s] epoch 206 step 228800 avg_loss=1.415
[5704.8s] epoch 206 step 228850 avg_loss=1.428
[5706.2s] epoch 206 step 228900 avg_loss=1.433
[5707.4s] === epoch 206 done: avg_loss=1.442 (n=1106 derivations) ===
[5707.6s] epoch 207 step 228950 avg_loss=1.758
[5708.7s] epoch 207 step 229000 avg_loss=0.862
[5710.0s] epoch 207 step 229050 avg_loss=1.257
[5711.0s] epoch 207 step 229100 avg_loss=1.147
[5712.1s] eval step=7250 train_avg_loss=1.138 dev_rank1_f1=0.2990 dev_edge_p=0.2568 dev_edge_r=0.3579
[5713.3s] epoch 207 step 229150 avg_loss=1.162
[5714.6s] epoch 207 step 229200 avg_loss=1.295
[5716.1s] epoch 207 step 229250 avg_loss=1.319
[5717.2s] epoch 207 step 229300 avg_loss=1.321
[5718.5s] epoch 207 step 229350 avg_loss=1.295
[5719.8s] epoch 207 step 229400 avg_loss=1.410
[5721.1s] epoch 207 step 229450 avg_loss=1.396
[5722.5s] epoch 207 step 229500 avg_loss=1.413
[5724.0s] epoch 207 step 229550 avg_loss=1.500
[5725.1s] epoch 207 step 229600 avg_loss=1.469
[5726.4s] epoch 207 step 229650 avg_loss=1.484
[5727.7s] epoch 207 step 229700 avg_loss=1.487
[5729.0s] epoch 207 step 229750 avg_loss=1.495
[5730.3s] epoch 207 step 229800 avg_loss=1.468
[5731.6s] epoch 207 step 229850 avg_loss=1.490
[5732.9s] epoch 207 step 229900 avg_loss=1.502
[5734.2s] epoch 207 step 229950 avg_loss=1.501
[5735.5s] epoch 207 step 230000 avg_loss=1.543
[5736.9s] === epoch 207 done: avg_loss=1.529 (n=1106 derivations) ===
[5737.0s] epoch 208 step 230050 avg_loss=1.295
[5738.3s] epoch 208 step 230100 avg_loss=1.446
[5739.7s] epoch 208 step 230150 avg_loss=1.536
[5740.9s] epoch 208 step 230200 avg_loss=1.306
[5742.3s] epoch 208 step 230250 avg_loss=1.350
[5743.9s] epoch 208 step 230300 avg_loss=1.260
[5745.3s] epoch 208 step 230350 avg_loss=1.231
[5746.7s] epoch 208 step 230400 avg_loss=1.225
[5747.8s] epoch 208 step 230450 avg_loss=1.185
[5749.3s] epoch 208 step 230500 avg_loss=1.259
[5750.5s] epoch 208 step 230550 avg_loss=1.283
[5751.7s] epoch 208 step 230600 avg_loss=1.318
[5753.1s] epoch 208 step 230650 avg_loss=1.332
[5754.2s] epoch 208 step 230700 avg_loss=1.365
[5755.5s] epoch 208 step 230750 avg_loss=1.350
[5756.8s] epoch 208 step 230800 avg_loss=1.371
[5758.1s] epoch 208 step 230850 avg_loss=1.368
[5759.5s] epoch 208 step 230900 avg_loss=1.392
[5760.9s] epoch 208 step 230950 avg_loss=1.408
[5762.0s] epoch 208 step 231000 avg_loss=1.408
[5763.3s] epoch 208 step 231050 avg_loss=1.400
[5764.5s] epoch 208 step 231100 avg_loss=1.427
[5765.6s] epoch 208 step 231150 avg_loss=1.415
[5765.7s] === epoch 208 done: avg_loss=1.419 (n=1106 derivations) ===
[5766.8s] epoch 209 step 231200 avg_loss=1.344
[5768.1s] epoch 209 step 231250 avg_loss=1.395
[5769.6s] epoch 209 step 231300 avg_loss=1.567
[5770.8s] epoch 209 step 231350 avg_loss=1.514
[5772.1s] epoch 209 step 231400 avg_loss=1.502
[5773.4s] epoch 209 step 231450 avg_loss=1.448
[5774.5s] epoch 209 step 231500 avg_loss=1.415
[5775.8s] epoch 209 step 231550 avg_loss=1.383
[5777.4s] epoch 209 step 231600 avg_loss=1.371
[5778.6s] epoch 209 step 231650 avg_loss=1.352
[5779.8s] epoch 209 step 231700 avg_loss=1.356
[5781.0s] epoch 209 step 231750 avg_loss=1.384
[5782.4s] epoch 209 step 231800 avg_loss=1.373
[5783.5s] epoch 209 step 231850 avg_loss=1.328
[5784.7s] epoch 209 step 231900 avg_loss=1.339
[5786.0s] epoch 209 step 231950 avg_loss=1.361
[5787.2s] epoch 209 step 232000 avg_loss=1.343
[5788.4s] epoch 209 step 232050 avg_loss=1.353
[5789.7s] epoch 209 step 232100 avg_loss=1.371
[5791.1s] epoch 209 step 232150 avg_loss=1.378
[5792.3s] epoch 209 step 232200 avg_loss=1.380
[5793.4s] epoch 209 step 232250 avg_loss=1.358
[5793.7s] === epoch 209 done: avg_loss=1.358 (n=1106 derivations) ===
[5794.8s] epoch 210 step 232300 avg_loss=1.094
[5796.0s] epoch 210 step 232350 avg_loss=0.993
[5797.4s] epoch 210 step 232400 avg_loss=1.123
[5798.7s] epoch 210 step 232450 avg_loss=1.168
[5800.2s] epoch 210 step 232500 avg_loss=1.094
[5801.4s] epoch 210 step 232550 avg_loss=1.090
[5802.7s] epoch 210 step 232600 avg_loss=1.095
[5803.8s] epoch 210 step 232650 avg_loss=1.085
[5804.9s] epoch 210 step 232700 avg_loss=1.084
[5806.1s] epoch 210 step 232750 avg_loss=1.157
[5807.5s] epoch 210 step 232800 avg_loss=1.154
[5808.7s] epoch 210 step 232850 avg_loss=1.194
[5810.0s] epoch 210 step 232900 avg_loss=1.208
[5811.2s] epoch 210 step 232950 avg_loss=1.237
[5812.5s] epoch 210 step 233000 avg_loss=1.234
[5813.7s] epoch 210 step 233050 avg_loss=1.272
[5814.9s] epoch 210 step 233100 avg_loss=1.271
[5816.3s] epoch 210 step 233150 avg_loss=1.267
[5817.7s] epoch 210 step 233200 avg_loss=1.319
[5818.9s] epoch 210 step 233250 avg_loss=1.311
[5820.1s] epoch 210 step 233300 avg_loss=1.315
[5821.4s] epoch 210 step 233350 avg_loss=1.314
[5821.8s] === epoch 210 done: avg_loss=1.318 (n=1106 derivations) ===
[5822.5s] epoch 211 step 233400 avg_loss=0.705
[5823.8s] epoch 211 step 233450 avg_loss=0.916
[5825.0s] epoch 211 step 233500 avg_loss=0.880
[5826.3s] epoch 211 step 233550 avg_loss=0.940
[5827.5s] epoch 211 step 233600 avg_loss=0.978
[5828.8s] epoch 211 step 233650 avg_loss=1.057
[5830.1s] epoch 211 step 233700 avg_loss=1.083
[5831.3s] epoch 211 step 233750 avg_loss=1.097
[5832.8s] epoch 211 step 233800 avg_loss=1.145
[5834.0s] epoch 211 step 233850 avg_loss=1.144
[5835.3s] epoch 211 step 233900 avg_loss=1.146
[5836.7s] epoch 211 step 233950 avg_loss=1.177
[5838.2s] epoch 211 step 234000 avg_loss=1.207
[5839.6s] epoch 211 step 234050 avg_loss=1.250
[5840.9s] epoch 211 step 234100 avg_loss=1.250
[5842.1s] epoch 211 step 234150 avg_loss=1.270
[5843.2s] epoch 211 step 234200 avg_loss=1.261
[5844.3s] epoch 211 step 234250 avg_loss=1.255
[5845.3s] epoch 211 step 234300 avg_loss=1.240
[5846.7s] epoch 211 step 234350 avg_loss=1.243
[5848.1s] epoch 211 step 234400 avg_loss=1.245
[5849.5s] epoch 211 step 234450 avg_loss=1.248
[5850.3s] === epoch 211 done: avg_loss=1.272 (n=1106 derivations) ===
[5851.4s] epoch 212 step 234500 avg_loss=1.233
[5853.0s] epoch 212 step 234550 avg_loss=1.362
[5854.6s] epoch 212 step 234600 avg_loss=1.279
[5856.2s] epoch 212 step 234650 avg_loss=1.242
[5857.4s] epoch 212 step 234700 avg_loss=1.136
[5858.6s] epoch 212 step 234750 avg_loss=1.106
[5859.9s] epoch 212 step 234800 avg_loss=1.146
[5861.1s] epoch 212 step 234850 avg_loss=1.136
[5862.5s] epoch 212 step 234900 avg_loss=1.156
[5864.0s] epoch 212 step 234950 avg_loss=1.225
[5865.2s] epoch 212 step 235000 avg_loss=1.228
[5866.7s] epoch 212 step 235050 avg_loss=1.267
[5868.0s] epoch 212 step 235100 avg_loss=1.283
[5869.3s] epoch 212 step 235150 avg_loss=1.245
[5870.5s] epoch 212 step 235200 avg_loss=1.260
[5871.9s] epoch 212 step 235250 avg_loss=1.262
[5873.0s] epoch 212 step 235300 avg_loss=1.272
[5874.2s] epoch 212 step 235350 avg_loss=1.279
[5875.5s] epoch 212 step 235400 avg_loss=1.283
[5876.7s] epoch 212 step 235450 avg_loss=1.283
[5878.1s] epoch 212 step 235500 avg_loss=1.290
[5879.3s] epoch 212 step 235550 avg_loss=1.306
[5879.9s] === epoch 212 done: avg_loss=1.296 (n=1106 derivations) ===
[5880.5s] epoch 213 step 235600 avg_loss=1.236
[5881.7s] epoch 213 step 235650 avg_loss=1.079
[5882.9s] epoch 213 step 235700 avg_loss=0.938
[5884.1s] epoch 213 step 235750 avg_loss=0.933
[5885.2s] epoch 213 step 235800 avg_loss=0.917
[5886.4s] epoch 213 step 235850 avg_loss=0.942
[5887.8s] epoch 213 step 235900 avg_loss=0.988
[5889.0s] epoch 213 step 235950 avg_loss=1.054
[5890.3s] epoch 213 step 236000 avg_loss=1.111
[5891.5s] epoch 213 step 236050 avg_loss=1.165
[5892.9s] epoch 213 step 236100 avg_loss=1.207
[5894.3s] epoch 213 step 236150 avg_loss=1.172
[5895.7s] epoch 213 step 236200 avg_loss=1.169
[5897.0s] epoch 213 step 236250 avg_loss=1.175
[5898.5s] epoch 213 step 236300 avg_loss=1.198
[5900.0s] epoch 213 step 236350 avg_loss=1.218
[5901.3s] epoch 213 step 236400 avg_loss=1.250
[5902.8s] epoch 213 step 236450 avg_loss=1.286
[5904.0s] epoch 213 step 236500 avg_loss=1.277
[5905.4s] epoch 213 step 236550 avg_loss=1.278
[5906.8s] epoch 213 step 236600 avg_loss=1.273
[5908.1s] epoch 213 step 236650 avg_loss=1.274
[5909.0s] === epoch 213 done: avg_loss=1.278 (n=1106 derivations) ===
[5909.4s] epoch 214 step 236700 avg_loss=1.118
[5910.7s] epoch 214 step 236750 avg_loss=0.980
[5912.0s] epoch 214 step 236800 avg_loss=1.066
[5913.3s] epoch 214 step 236850 avg_loss=1.202
[5914.5s] epoch 214 step 236900 avg_loss=1.141
[5915.6s] epoch 214 step 236950 avg_loss=1.113
[5916.9s] epoch 214 step 237000 avg_loss=1.108
[5918.1s] eval step=7500 train_avg_loss=1.104 dev_rank1_f1=0.2983 dev_edge_p=0.2612 dev_edge_r=0.3476
[5919.1s] epoch 214 step 237050 avg_loss=1.075
[5920.7s] epoch 214 step 237100 avg_loss=1.076
[5921.8s] epoch 214 step 237150 avg_loss=1.120
[5922.9s] epoch 214 step 237200 avg_loss=1.101
[5924.5s] epoch 214 step 237250 avg_loss=1.130
[5925.6s] epoch 214 step 237300 avg_loss=1.098
[5927.0s] epoch 214 step 237350 avg_loss=1.083
[5928.3s] epoch 214 step 237400 avg_loss=1.092
[5929.7s] epoch 214 step 237450 avg_loss=1.119
[5930.9s] epoch 214 step 237500 avg_loss=1.130
[5932.1s] epoch 214 step 237550 avg_loss=1.109
[5933.3s] epoch 214 step 237600 avg_loss=1.124
[5934.5s] epoch 214 step 237650 avg_loss=1.114
[5935.7s] epoch 214 step 237700 avg_loss=1.118
[5937.1s] epoch 214 step 237750 avg_loss=1.159
[5938.1s] === epoch 214 done: avg_loss=1.171 (n=1106 derivations) ===
[5938.3s] epoch 215 step 237800 avg_loss=0.670
[5939.6s] epoch 215 step 237850 avg_loss=0.973
[5940.8s] epoch 215 step 237900 avg_loss=1.035
[5942.0s] epoch 215 step 237950 avg_loss=0.985
[5943.3s] epoch 215 step 238000 avg_loss=1.082
[5944.4s] epoch 215 step 238050 avg_loss=1.062
[5945.7s] epoch 215 step 238100 avg_loss=1.061
[5947.0s] epoch 215 step 238150 avg_loss=1.034
[5948.2s] epoch 215 step 238200 avg_loss=1.037
[5949.6s] epoch 215 step 238250 avg_loss=1.058
[5950.8s] epoch 215 step 238300 avg_loss=1.068
[5952.2s] epoch 215 step 238350 avg_loss=1.100
[5953.6s] epoch 215 step 238400 avg_loss=1.091
[5955.0s] epoch 215 step 238450 avg_loss=1.103
[5956.3s] epoch 215 step 238500 avg_loss=1.163
[5957.7s] epoch 215 step 238550 avg_loss=1.174
[5958.8s] epoch 215 step 238600 avg_loss=1.172
[5960.0s] epoch 215 step 238650 avg_loss=1.149
[5961.2s] epoch 215 step 238700 avg_loss=1.148
[5962.4s] epoch 215 step 238750 avg_loss=1.143
[5963.5s] epoch 215 step 238800 avg_loss=1.141
[5964.9s] epoch 215 step 238850 avg_loss=1.140
[5966.2s] === epoch 215 done: avg_loss=1.167 (n=1106 derivations) ===
[5966.4s] epoch 216 step 238900 avg_loss=1.153
[5967.7s] epoch 216 step 238950 avg_loss=1.045
[5969.1s] epoch 216 step 239000 avg_loss=1.146
[5970.5s] epoch 216 step 239050 avg_loss=1.049
[5971.9s] epoch 216 step 239100 avg_loss=1.031
[5973.2s] epoch 216 step 239150 avg_loss=0.962
[5974.7s] epoch 216 step 239200 avg_loss=1.039
[5975.9s] epoch 216 step 239250 avg_loss=1.003
[5977.4s] epoch 216 step 239300 avg_loss=1.006
[5978.6s] epoch 216 step 239350 avg_loss=1.010
[5979.9s] epoch 216 step 239400 avg_loss=1.008
[5981.1s] epoch 216 step 239450 avg_loss=1.021
[5982.2s] epoch 216 step 239500 avg_loss=1.014
[5983.5s] epoch 216 step 239550 avg_loss=1.071
[5984.8s] epoch 216 step 239600 avg_loss=1.070
[5986.1s] epoch 216 step 239650 avg_loss=1.078
[5987.5s] epoch 216 step 239700 avg_loss=1.102
[5988.9s] epoch 216 step 239750 avg_loss=1.093
[5990.2s] epoch 216 step 239800 avg_loss=1.087
[5991.4s] epoch 216 step 239850 avg_loss=1.098
[5992.7s] epoch 216 step 239900 avg_loss=1.092
[5994.0s] epoch 216 step 239950 avg_loss=1.113
[5995.2s] epoch 216 step 240000 avg_loss=1.117
[5995.2s] === epoch 216 done: avg_loss=1.117 (n=1106 derivations) ===
[5996.5s] epoch 217 step 240050 avg_loss=0.692
[5997.8s] epoch 217 step 240100 avg_loss=0.938
[5999.1s] epoch 217 step 240150 avg_loss=0.899
[6000.4s] epoch 217 step 240200 avg_loss=0.937
[6001.6s] epoch 217 step 240250 avg_loss=0.956
[6002.7s] epoch 217 step 240300 avg_loss=0.905
[6003.8s] epoch 217 step 240350 avg_loss=0.973
[6005.0s] epoch 217 step 240400 avg_loss=0.988
[6006.1s] epoch 217 step 240450 avg_loss=0.990
[6007.1s] epoch 217 step 240500 avg_loss=0.967
[6008.3s] epoch 217 step 240550 avg_loss=0.976
[6009.6s] epoch 217 step 240600 avg_loss=0.994
[6010.7s] epoch 217 step 240650 avg_loss=1.021
[6011.9s] epoch 217 step 240700 avg_loss=1.026
[6013.1s] epoch 217 step 240750 avg_loss=1.051
[6014.1s] epoch 217 step 240800 avg_loss=1.055
[6015.3s] epoch 217 step 240850 avg_loss=1.058
[6016.6s] epoch 217 step 240900 avg_loss=1.066
[6017.7s] epoch 217 step 240950 avg_loss=1.078
[6018.8s] epoch 217 step 241000 avg_loss=1.071
[6020.1s] epoch 217 step 241050 avg_loss=1.073
[6021.2s] epoch 217 step 241100 avg_loss=1.071
[6021.5s] === epoch 217 done: avg_loss=1.073 (n=1106 derivations) ===
[6022.4s] epoch 218 step 241150 avg_loss=1.201
[6023.6s] epoch 218 step 241200 avg_loss=1.210
[6024.8s] epoch 218 step 241250 avg_loss=1.096
[6026.0s] epoch 218 step 241300 avg_loss=1.066
[6027.1s] epoch 218 step 241350 avg_loss=1.025
[6028.6s] epoch 218 step 241400 avg_loss=1.053
[6030.0s] epoch 218 step 241450 avg_loss=1.065
[6031.5s] epoch 218 step 241500 avg_loss=1.071
[6032.7s] epoch 218 step 241550 avg_loss=1.022
[6034.1s] epoch 218 step 241600 avg_loss=1.021
[6035.5s] epoch 218 step 241650 avg_loss=1.045
[6036.8s] epoch 218 step 241700 avg_loss=1.055
[6037.9s] epoch 218 step 241750 avg_loss=1.045
[6039.1s] epoch 218 step 241800 avg_loss=1.047
[6040.5s] epoch 218 step 241850 avg_loss=1.070
[6041.7s] epoch 218 step 241900 avg_loss=1.083
[6042.9s] epoch 218 step 241950 avg_loss=1.093
[6044.1s] epoch 218 step 242000 avg_loss=1.086
[6045.6s] epoch 218 step 242050 avg_loss=1.112
[6047.0s] epoch 218 step 242100 avg_loss=1.112
[6048.4s] epoch 218 step 242150 avg_loss=1.100
[6049.6s] epoch 218 step 242200 avg_loss=1.091
[6050.1s] === epoch 218 done: avg_loss=1.099 (n=1106 derivations) ===
[6050.9s] epoch 219 step 242250 avg_loss=1.593
[6052.1s] epoch 219 step 242300 avg_loss=1.009
[6053.6s] epoch 219 step 242350 avg_loss=0.926
[6055.0s] epoch 219 step 242400 avg_loss=0.950
[6056.3s] epoch 219 step 242450 avg_loss=0.889
[6057.6s] epoch 219 step 242500 avg_loss=0.994
[6058.8s] epoch 219 step 242550 avg_loss=1.014
[6060.2s] epoch 219 step 242600 avg_loss=0.975
[6061.3s] epoch 219 step 242650 avg_loss=0.950
[6062.7s] epoch 219 step 242700 avg_loss=1.012
[6064.0s] epoch 219 step 242750 avg_loss=1.041
[6065.4s] epoch 219 step 242800 avg_loss=1.068
[6066.6s] epoch 219 step 242850 avg_loss=1.058
[6067.8s] epoch 219 step 242900 avg_loss=1.065
[6069.0s] epoch 219 step 242950 avg_loss=1.050
[6070.3s] epoch 219 step 243000 avg_loss=1.051
[6071.6s] epoch 219 step 243050 avg_loss=1.074
[6072.9s] epoch 219 step 243100 avg_loss=1.093
[6074.0s] epoch 219 step 243150 avg_loss=1.107
[6075.0s] epoch 219 step 243200 avg_loss=1.099
[6076.3s] epoch 219 step 243250 avg_loss=1.096
[6077.6s] epoch 219 step 243300 avg_loss=1.096
[6078.2s] === epoch 219 done: avg_loss=1.099 (n=1106 derivations) ===
[6078.8s] epoch 220 step 243350 avg_loss=0.843
[6080.2s] epoch 220 step 243400 avg_loss=0.969
[6081.5s] epoch 220 step 243450 avg_loss=0.934
[6082.6s] epoch 220 step 243500 avg_loss=0.998
[6084.1s] epoch 220 step 243550 avg_loss=0.977
[6085.6s] epoch 220 step 243600 avg_loss=1.047
[6087.1s] epoch 220 step 243650 avg_loss=1.078
[6088.5s] epoch 220 step 243700 avg_loss=1.069
[6089.8s] epoch 220 step 243750 avg_loss=1.062
[6091.0s] epoch 220 step 243800 avg_loss=1.059
[6092.3s] epoch 220 step 243850 avg_loss=1.090
[6093.5s] epoch 220 step 243900 avg_loss=1.103
[6094.8s] epoch 220 step 243950 avg_loss=1.098
[6096.0s] epoch 220 step 244000 avg_loss=1.082
[6097.4s] epoch 220 step 244050 avg_loss=1.067
[6098.7s] epoch 220 step 244100 avg_loss=1.072
[6100.1s] epoch 220 step 244150 avg_loss=1.088
[6101.5s] epoch 220 step 244200 avg_loss=1.107
[6102.7s] epoch 220 step 244250 avg_loss=1.122
[6104.0s] epoch 220 step 244300 avg_loss=1.109
[6105.2s] epoch 220 step 244350 avg_loss=1.116
[6106.6s] epoch 220 step 244400 avg_loss=1.118
[6107.2s] === epoch 220 done: avg_loss=1.113 (n=1106 derivations) ===
[6107.8s] epoch 221 step 244450 avg_loss=0.683
[6109.0s] epoch 221 step 244500 avg_loss=0.798
[6110.1s] epoch 221 step 244550 avg_loss=0.752
[6111.3s] epoch 221 step 244600 avg_loss=0.761
[6112.7s] epoch 221 step 244650 avg_loss=0.889
[6114.0s] epoch 221 step 244700 avg_loss=0.934
[6115.2s] epoch 221 step 244750 avg_loss=0.936
[6116.4s] epoch 221 step 244800 avg_loss=0.971
[6117.7s] epoch 221 step 244850 avg_loss=0.968
[6118.8s] epoch 221 step 244900 avg_loss=0.969
[6120.0s] eval step=7750 train_avg_loss=0.989 dev_rank1_f1=0.3077 dev_edge_p=0.2671 dev_edge_r=0.3631
[6121.2s] epoch 221 step 244950 avg_loss=0.978
[6122.5s] epoch 221 step 245000 avg_loss=0.994
[6123.7s] epoch 221 step 245050 avg_loss=0.986
[6125.0s] epoch 221 step 245100 avg_loss=0.992
[6126.4s] epoch 221 step 245150 avg_loss=1.022
[6127.7s] epoch 221 step 245200 avg_loss=1.004
[6129.2s] epoch 221 step 245250 avg_loss=1.045
[6130.4s] epoch 221 step 245300 avg_loss=1.044
[6131.8s] epoch 221 step 245350 avg_loss=1.064
[6133.0s] epoch 221 step 245400 avg_loss=1.072
[6134.2s] epoch 221 step 245450 avg_loss=1.076
[6135.4s] epoch 221 step 245500 avg_loss=1.072
[6136.4s] === epoch 221 done: avg_loss=1.086 (n=1106 derivations) ===
[6136.9s] epoch 222 step 245550 avg_loss=1.158
[6138.2s] epoch 222 step 245600 avg_loss=1.020
[6139.4s] epoch 222 step 245650 avg_loss=1.038
[6140.7s] epoch 222 step 245700 avg_loss=1.008
[6142.3s] epoch 222 step 245750 avg_loss=0.994
[6143.5s] epoch 222 step 245800 avg_loss=0.989
[6144.8s] epoch 222 step 245850 avg_loss=1.009
[6146.2s] epoch 222 step 245900 avg_loss=0.995
[6147.5s] epoch 222 step 245950 avg_loss=1.027
[6148.9s] epoch 222 step 246000 avg_loss=1.039
[6150.1s] epoch 222 step 246050 avg_loss=1.029
[6151.5s] epoch 222 step 246100 avg_loss=1.073
[6152.9s] epoch 222 step 246150 avg_loss=1.096
[6154.3s] epoch 222 step 246200 avg_loss=1.122
[6155.7s] epoch 222 step 246250 avg_loss=1.135
[6156.9s] epoch 222 step 246300 avg_loss=1.139
[6158.2s] epoch 222 step 246350 avg_loss=1.147
[6159.6s] epoch 222 step 246400 avg_loss=1.164
[6160.8s] epoch 222 step 246450 avg_loss=1.129
[6162.1s] epoch 222 step 246500 avg_loss=1.126
[6163.2s] epoch 222 step 246550 avg_loss=1.116
[6164.4s] epoch 222 step 246600 avg_loss=1.101
[6165.3s] === epoch 222 done: avg_loss=1.109 (n=1106 derivations) ===
[6165.7s] epoch 223 step 246650 avg_loss=1.239
[6167.1s] epoch 223 step 246700 avg_loss=0.793
[6168.4s] epoch 223 step 246750 avg_loss=0.745
[6170.0s] epoch 223 step 246800 avg_loss=0.930
[6171.4s] epoch 223 step 246850 avg_loss=0.901
[6172.8s] epoch 223 step 246900 avg_loss=0.936
[6174.1s] epoch 223 step 246950 avg_loss=0.942
[6175.6s] epoch 223 step 247000 avg_loss=1.038
[6176.9s] epoch 223 step 247050 avg_loss=1.074
[6178.2s] epoch 223 step 247100 avg_loss=1.084
[6179.3s] epoch 223 step 247150 avg_loss=1.031
[6180.7s] epoch 223 step 247200 avg_loss=1.098
[6181.8s] epoch 223 step 247250 avg_loss=1.062
[6183.2s] epoch 223 step 247300 avg_loss=1.070
[6184.4s] epoch 223 step 247350 avg_loss=1.059
[6185.8s] epoch 223 step 247400 avg_loss=1.070
[6187.0s] epoch 223 step 247450 avg_loss=1.077
[6188.3s] epoch 223 step 247500 avg_loss=1.083
[6189.3s] epoch 223 step 247550 avg_loss=1.076
[6190.5s] epoch 223 step 247600 avg_loss=1.086
[6191.8s] epoch 223 step 247650 avg_loss=1.104
[6193.2s] epoch 223 step 247700 avg_loss=1.118
[6194.4s] === epoch 223 done: avg_loss=1.121 (n=1106 derivations) ===
[6194.5s] epoch 224 step 247750 avg_loss=0.950
[6195.7s] epoch 224 step 247800 avg_loss=1.102
[6197.0s] epoch 224 step 247850 avg_loss=1.034
[6198.2s] epoch 224 step 247900 avg_loss=0.989
[6199.3s] epoch 224 step 247950 avg_loss=0.995
[6200.7s] epoch 224 step 248000 avg_loss=0.995
[6201.8s] epoch 224 step 248050 avg_loss=0.964
[6203.1s] epoch 224 step 248100 avg_loss=0.986
[6204.5s] epoch 224 step 248150 avg_loss=1.051
[6205.8s] epoch 224 step 248200 avg_loss=1.017
[6207.2s] epoch 224 step 248250 avg_loss=1.031
[6208.5s] epoch 224 step 248300 avg_loss=1.031
[6209.9s] epoch 224 step 248350 avg_loss=1.017
[6211.1s] epoch 224 step 248400 avg_loss=1.002
[6212.5s] epoch 224 step 248450 avg_loss=1.025
[6213.8s] epoch 224 step 248500 avg_loss=1.048
[6215.1s] epoch 224 step 248550 avg_loss=1.050
[6216.5s] epoch 224 step 248600 avg_loss=1.054
[6217.7s] epoch 224 step 248650 avg_loss=1.063
[6219.0s] epoch 224 step 248700 avg_loss=1.050
[6220.3s] epoch 224 step 248750 avg_loss=1.077
[6221.5s] epoch 224 step 248800 avg_loss=1.078
[6222.8s] epoch 224 step 248850 avg_loss=1.085
[6222.8s] === epoch 224 done: avg_loss=1.085 (n=1106 derivations) ===
[6224.3s] epoch 225 step 248900 avg_loss=1.211
[6225.6s] epoch 225 step 248950 avg_loss=1.130
[6227.0s] epoch 225 step 249000 avg_loss=1.017
[6228.4s] epoch 225 step 249050 avg_loss=0.989
[6229.8s] epoch 225 step 249100 avg_loss=1.087
[6231.2s] epoch 225 step 249150 avg_loss=1.019
[6232.3s] epoch 225 step 249200 avg_loss=1.050
[6233.6s] epoch 225 step 249250 avg_loss=1.040
[6235.0s] epoch 225 step 249300 avg_loss=1.094
[6236.5s] epoch 225 step 249350 avg_loss=1.155
[6237.7s] epoch 225 step 249400 avg_loss=1.180
[6239.1s] epoch 225 step 249450 avg_loss=1.147
[6240.6s] epoch 225 step 249500 avg_loss=1.148
[6242.2s] epoch 225 step 249550 avg_loss=1.155
[6243.6s] epoch 225 step 249600 avg_loss=1.152
[6244.8s] epoch 225 step 249650 avg_loss=1.148
[6246.3s] epoch 225 step 249700 avg_loss=1.152
[6247.8s] epoch 225 step 249750 avg_loss=1.167
[6249.3s] epoch 225 step 249800 avg_loss=1.191
[6250.7s] epoch 225 step 249850 avg_loss=1.179
[6251.9s] epoch 225 step 249900 avg_loss=1.171
[6253.3s] epoch 225 step 249950 avg_loss=1.159
[6253.5s] === epoch 225 done: avg_loss=1.157 (n=1106 derivations) ===
[6254.8s] epoch 226 step 250000 avg_loss=0.944
[6256.2s] epoch 226 step 250050 avg_loss=1.087
[6257.7s] epoch 226 step 250100 avg_loss=1.140
[6259.0s] epoch 226 step 250150 avg_loss=1.162
[6260.3s] epoch 226 step 250200 avg_loss=1.154
[6261.6s] epoch 226 step 250250 avg_loss=1.103
[6262.8s] epoch 226 step 250300 avg_loss=1.091
[6264.2s] epoch 226 step 250350 avg_loss=1.111
[6265.5s] epoch 226 step 250400 avg_loss=1.080
[6266.8s] epoch 226 step 250450 avg_loss=1.054
[6268.3s] epoch 226 step 250500 avg_loss=1.091
[6269.7s] epoch 226 step 250550 avg_loss=1.120
[6271.2s] epoch 226 step 250600 avg_loss=1.114
[6273.0s] epoch 226 step 250650 avg_loss=1.122
[6274.5s] epoch 226 step 250700 avg_loss=1.126
[6275.9s] epoch 226 step 250750 avg_loss=1.143
[6277.3s] epoch 226 step 250800 avg_loss=1.132
[6278.7s] epoch 226 step 250850 avg_loss=1.136
[6280.1s] epoch 226 step 250900 avg_loss=1.126
[6281.4s] epoch 226 step 250950 avg_loss=1.118
[6282.7s] epoch 226 step 251000 avg_loss=1.135
[6284.2s] epoch 226 step 251050 avg_loss=1.162
[6284.5s] === epoch 226 done: avg_loss=1.157 (n=1106 derivations) ===
[6285.5s] epoch 227 step 251100 avg_loss=1.036
[6286.9s] epoch 227 step 251150 avg_loss=1.127
[6288.3s] epoch 227 step 251200 avg_loss=1.152
[6289.6s] epoch 227 step 251250 avg_loss=1.096
[6291.1s] epoch 227 step 251300 avg_loss=1.147
[6292.5s] epoch 227 step 251350 avg_loss=1.183
[6293.9s] epoch 227 step 251400 avg_loss=1.189
[6295.4s] epoch 227 step 251450 avg_loss=1.156
[6297.0s] epoch 227 step 251500 avg_loss=1.172
[6298.5s] epoch 227 step 251550 avg_loss=1.144
[6299.8s] epoch 227 step 251600 avg_loss=1.143
[6301.2s] epoch 227 step 251650 avg_loss=1.118
[6302.6s] epoch 227 step 251700 avg_loss=1.124
[6304.1s] epoch 227 step 251750 avg_loss=1.122
[6305.3s] epoch 227 step 251800 avg_loss=1.090
[6306.7s] epoch 227 step 251850 avg_loss=1.089
[6308.1s] epoch 227 step 251900 avg_loss=1.087
[6309.6s] epoch 227 step 251950 avg_loss=1.102
[6311.0s] epoch 227 step 252000 avg_loss=1.133
[6312.4s] epoch 227 step 252050 avg_loss=1.139
[6313.7s] epoch 227 step 252100 avg_loss=1.141
[6315.0s] epoch 227 step 252150 avg_loss=1.152
[6315.5s] === epoch 227 done: avg_loss=1.144 (n=1106 derivations) ===
[6316.5s] epoch 228 step 252200 avg_loss=0.807
[6318.1s] epoch 228 step 252250 avg_loss=0.976
[6319.7s] epoch 228 step 252300 avg_loss=1.075
[6321.1s] epoch 228 step 252350 avg_loss=1.072
[6322.4s] epoch 228 step 252400 avg_loss=1.041
[6323.7s] epoch 228 step 252450 avg_loss=0.992
[6324.9s] epoch 228 step 252500 avg_loss=0.976
[6326.2s] epoch 228 step 252550 avg_loss=0.997
[6327.7s] epoch 228 step 252600 avg_loss=1.081
[6329.2s] epoch 228 step 252650 avg_loss=1.068
[6330.7s] epoch 228 step 252700 avg_loss=1.070
[6332.3s] epoch 228 step 252750 avg_loss=1.092
[6333.8s] epoch 228 step 252800 avg_loss=1.093
[6335.3s] eval step=8000 train_avg_loss=1.091 dev_rank1_f1=0.2979 dev_edge_p=0.2576 dev_edge_r=0.3531
[6335.3s] === epoch 228 done: avg_loss=1.091 (n=640 derivations) ===
[6335.4s] training wall-clock: 6321.8s (stopped_early=True)
[6335.4s] max-steps budget: optimizer_steps=8000 (cap=8000, stop_reason=max_steps) epoch_fraction=231.465 throughput=1.2655 steps/s (0.7902 s/step)
[6335.4s] wrote 32 curve rows -> runs/arms/v4b_margin_788_1.pt.curve.tsv
[6336.8s] holdout eval targets from runs/encoder_gold_v2.jsonl: matched=98 missing=0
[6336.9s] holdout eval targets (alt) from runs/encoder_gold_v4b.jsonl: matched=98 missing=0
[6336.9s] evaluating [last] (model policy) ...
[6495.2s] [last] holdout (best-of-6 + rank1 + forest width): {'sense_recall': 0.7250859106529209, 'slot_recall': 0.6925465838509317, 'structure_recall': 0.03319502074688797, 'all_gold_recalled_rate': 0.01020408163265306, 'edge_precision': 0.40787765280937527, 'edge_recall': 0.540617352224495, 'overgen_ratio': 1.4824139437659856, 'n_records': 98, 'rank1_edge_precision': 0.34705651727335385, 'rank1_edge_recall': 0.4432992036308363, 'rank1_edge_f1': 0.38931805933196906, 'rank1_structure_recall': 0.024896265560165973, 'mean_forest_width': 5.959183673469388}
[6649.6s] [last] holdout_alt (best-of-6 + rank1 + forest width): {'sense_recall': 0.7609195402298851, 'slot_recall': 0.7388059701492538, 'structure_recall': 0.08163265306122448, 'all_gold_recalled_rate': 0.08163265306122448, 'edge_precision': 0.566329152148686, 'edge_recall': 0.554480072082113, 'overgen_ratio': 1.075131557784619, 'n_records': 98, 'rank1_edge_precision': 0.4897891991944085, 'rank1_edge_recall': 0.43489693413162794, 'rank1_edge_f1': 0.4607137782725433, 'rank1_structure_recall': 0.061224489795918366, 'mean_forest_width': 6}
[6649.6s] evaluating [best] (model policy) ...
[6784.2s] [best] holdout (best-of-6 + rank1 + forest width): {'sense_recall': 0.7319587628865979, 'slot_recall': 0.6521739130434783, 'structure_recall': 0.03319502074688797, 'all_gold_recalled_rate': 0.01020408163265306, 'edge_precision': 0.4396205485191079, 'edge_recall': 0.5463738453534372, 'overgen_ratio': 1.3838459254275581, 'n_records': 98, 'rank1_edge_precision': 0.35122274739621673, 'rank1_edge_recall': 0.4166824624732788, 'rank1_edge_f1': 0.3811625637663213, 'rank1_structure_recall': 0.02074688796680498, 'mean_forest_width': 5.969387755102041}
[6915.7s] [best] holdout_alt (best-of-6 + rank1 + forest width): {'sense_recall': 0.728735632183908, 'slot_recall': 0.6716417910447762, 'structure_recall': 0.08163265306122448, 'all_gold_recalled_rate': 0.08163265306122448, 'edge_precision': 0.5875623809297279, 'edge_recall': 0.562574415380538, 'overgen_ratio': 1.0162320106197655, 'n_records': 98, 'rank1_edge_precision': 0.5166872809729953, 'rank1_edge_recall': 0.43253036645893794, 'rank1_edge_f1': 0.4708781797062986, 'rank1_structure_recall': 0.07142857142857142, 'mean_forest_width': 5.959183673469388}
[6915.7s] evaluating RANDOM baseline on holdout ...
[6919.5s] holdout (random baseline): {'sense_recall': 0.024054982817869417, 'slot_recall': 0.0, 'structure_recall': 0.0, 'all_gold_recalled_rate': 0.0, 'edge_precision': 0.007653061224489796, 'edge_recall': 0.007397959183673469, 'overgen_ratio': 0.027295918367346936, 'n_records': 98}
[6919.6s] saved BEST checkpoint (step=1750, dev_rank1_f1=0.3255) -> runs/arms/v4b_margin_788_1.pt
[6919.6s] saved LAST checkpoint -> runs/arms/v4b_margin_788_1.pt.last.pt
[6919.6s] TOTAL wall-clock: 6919.6s
