[   0.0s] loading gold from runs/encoder_gold_v4b.jsonl
[   0.3s] 987 gold records
[   0.3s] holdout mode: 98 held-out sentences, pool=791, train subset=788 (subset_seed=0)
[   0.3s] loading USVS from /home/user/NAOMI/consciousness_transformer/data/usvs
[  16.3s] USVS loaded: 117679 senses, d_axes=607
[  16.3s] pos_vocab=15 role_vocab=39
[  16.3s] policy params: 343,366 (~1.373 MB fp32)
[  16.3s] building features + derivations for 788 train records
[  19.5s] 788 teacher-forced derivations
[  19.9s] dev-holdout eval targets from runs/encoder_gold_v2.jsonl: matched=98 missing=0
[  22.1s] loss=usvs-soft (soft role/gtype/source targets, T=0.25); action-type/kind/prime heads stay hard
[  22.1s] --aux-usvs 0.5: USVS-space cosine loss on usvs_head, summed over every node-emitting step
[  24.4s] epoch 0 step 50 avg_loss=95.333
[  26.5s] epoch 0 step 100 avg_loss=99.501
[  28.7s] epoch 0 step 150 avg_loss=98.108
[  30.7s] epoch 0 step 200 avg_loss=95.336
[  32.5s] epoch 0 step 250 avg_loss=90.853
[  34.6s] epoch 0 step 300 avg_loss=88.431
[  37.0s] epoch 0 step 350 avg_loss=87.777
[  39.0s] epoch 0 step 400 avg_loss=85.687
[  41.6s] epoch 0 step 450 avg_loss=85.738
[  44.1s] epoch 0 step 500 avg_loss=85.319
[  46.0s] epoch 0 step 550 avg_loss=84.198
[  48.0s] epoch 0 step 600 avg_loss=83.136
[  49.9s] epoch 0 step 650 avg_loss=81.409
[  52.0s] epoch 0 step 700 avg_loss=80.419
[  54.0s] epoch 0 step 750 avg_loss=79.569
[  55.5s] === epoch 0 done: avg_loss=78.980 (n=788 derivations) ===
[  56.0s] epoch 1 step 800 avg_loss=66.316
[  58.1s] epoch 1 step 850 avg_loss=70.569
[  60.0s] epoch 1 step 900 avg_loss=63.616
[  61.8s] epoch 1 step 950 avg_loss=60.885
[  64.0s] epoch 1 step 1000 avg_loss=62.104
[  66.1s] epoch 1 step 1050 avg_loss=62.862
[  68.0s] epoch 1 step 1100 avg_loss=63.285
[  69.7s] epoch 1 step 1150 avg_loss=62.019
[  72.1s] epoch 1 step 1200 avg_loss=63.189
[  74.2s] epoch 1 step 1250 avg_loss=63.116
[  76.3s] epoch 1 step 1300 avg_loss=63.300
[  78.7s] epoch 1 step 1350 avg_loss=64.258
[  80.7s] epoch 1 step 1400 avg_loss=64.048
[  82.9s] epoch 1 step 1450 avg_loss=63.900
[  84.9s] epoch 1 step 1500 avg_loss=63.548
[  87.0s] epoch 1 step 1550 avg_loss=63.095
[  88.1s] === epoch 1 done: avg_loss=62.875 (n=788 derivations) ===
[  89.2s] epoch 2 step 1600 avg_loss=66.380
[  91.2s] epoch 2 step 1650 avg_loss=58.110
[  93.1s] epoch 2 step 1700 avg_loss=53.882
[  95.1s] epoch 2 step 1750 avg_loss=54.505
[  97.6s] epoch 2 step 1800 avg_loss=57.310
[  99.7s] epoch 2 step 1850 avg_loss=55.241
[ 102.0s] epoch 2 step 1900 avg_loss=56.332
[ 104.1s] epoch 2 step 1950 avg_loss=56.685
[ 106.1s] epoch 2 step 2000 avg_loss=56.888
[ 108.2s] epoch 2 step 2050 avg_loss=57.554
[ 110.0s] epoch 2 step 2100 avg_loss=56.633
[ 112.2s] epoch 2 step 2150 avg_loss=57.365
[ 114.1s] epoch 2 step 2200 avg_loss=57.284
[ 116.5s] epoch 2 step 2250 avg_loss=57.364
[ 118.8s] epoch 2 step 2300 avg_loss=57.317
[ 121.1s] epoch 2 step 2350 avg_loss=57.321
[ 121.7s] === epoch 2 done: avg_loss=57.291 (n=788 derivations) ===
[ 123.4s] epoch 3 step 2400 avg_loss=60.600
[ 125.8s] epoch 3 step 2450 avg_loss=63.376
[ 127.9s] epoch 3 step 2500 avg_loss=61.267
[ 130.1s] epoch 3 step 2550 avg_loss=58.788
[ 132.4s] epoch 3 step 2600 avg_loss=57.338
[ 134.8s] epoch 3 step 2650 avg_loss=57.141
[ 136.8s] epoch 3 step 2700 avg_loss=55.769
[ 139.3s] epoch 3 step 2750 avg_loss=56.280
[ 141.8s] epoch 3 step 2800 avg_loss=55.784
[ 143.5s] epoch 3 step 2850 avg_loss=54.619
[ 145.7s] epoch 3 step 2900 avg_loss=54.027
[ 148.0s] epoch 3 step 2950 avg_loss=54.169
[ 150.0s] epoch 3 step 3000 avg_loss=54.016
[ 152.2s] epoch 3 step 3050 avg_loss=54.288
[ 154.3s] epoch 3 step 3100 avg_loss=54.021
[ 156.6s] epoch 3 step 3150 avg_loss=54.345
[ 156.7s] === epoch 3 done: avg_loss=54.299 (n=788 derivations) ===
[ 158.8s] epoch 4 step 3200 avg_loss=54.867
[ 160.8s] epoch 4 step 3250 avg_loss=54.823
[ 163.0s] epoch 4 step 3300 avg_loss=56.744
[ 165.1s] epoch 4 step 3350 avg_loss=57.271
[ 167.5s] epoch 4 step 3400 avg_loss=58.145
[ 169.7s] epoch 4 step 3450 avg_loss=56.888
[ 171.7s] epoch 4 step 3500 avg_loss=55.092
[ 173.7s] epoch 4 step 3550 avg_loss=53.989
[ 175.7s] epoch 4 step 3600 avg_loss=53.915
[ 177.6s] epoch 4 step 3650 avg_loss=53.348
[ 179.5s] epoch 4 step 3700 avg_loss=52.137
[ 181.6s] epoch 4 step 3750 avg_loss=52.748
[ 183.5s] epoch 4 step 3800 avg_loss=52.468
[ 185.2s] epoch 4 step 3850 avg_loss=52.061
[ 187.4s] epoch 4 step 3900 avg_loss=52.058
[ 189.2s] === epoch 4 done: avg_loss=52.348 (n=788 derivations) ===
[ 189.6s] epoch 5 step 3950 avg_loss=62.938
[ 191.8s] epoch 5 step 4000 avg_loss=47.117
[ 194.0s] epoch 5 step 4050 avg_loss=47.349
[ 196.3s] epoch 5 step 4100 avg_loss=49.892
[ 198.8s] epoch 5 step 4150 avg_loss=53.160
[ 200.9s] epoch 5 step 4200 avg_loss=52.718
[ 203.2s] epoch 5 step 4250 avg_loss=52.204
[ 205.9s] epoch 5 step 4300 avg_loss=52.498
[ 208.2s] epoch 5 step 4350 avg_loss=52.916
[ 210.2s] epoch 5 step 4400 avg_loss=51.993
[ 212.6s] epoch 5 step 4450 avg_loss=52.253
[ 214.7s] epoch 5 step 4500 avg_loss=51.641
[ 216.7s] epoch 5 step 4550 avg_loss=51.172
[ 218.8s] epoch 5 step 4600 avg_loss=50.976
[ 221.0s] epoch 5 step 4650 avg_loss=50.550
[ 223.7s] epoch 5 step 4700 avg_loss=51.297
[ 224.7s] === epoch 5 done: avg_loss=50.814 (n=788 derivations) ===
[ 225.7s] epoch 6 step 4750 avg_loss=54.346
[ 228.0s] epoch 6 step 4800 avg_loss=51.207
[ 229.9s] epoch 6 step 4850 avg_loss=47.538
[ 232.4s] epoch 6 step 4900 avg_loss=49.585
[ 234.5s] epoch 6 step 4950 avg_loss=50.403
[ 236.8s] epoch 6 step 5000 avg_loss=50.350
[ 239.1s] epoch 6 step 5050 avg_loss=50.339
[ 241.2s] epoch 6 step 5100 avg_loss=50.674
[ 243.1s] epoch 6 step 5150 avg_loss=50.486
[ 245.2s] epoch 6 step 5200 avg_loss=50.830
[ 247.2s] epoch 6 step 5250 avg_loss=50.513
[ 249.5s] epoch 6 step 5300 avg_loss=50.454
[ 251.7s] epoch 6 step 5350 avg_loss=50.137
[ 253.9s] epoch 6 step 5400 avg_loss=49.838
[ 255.9s] epoch 6 step 5450 avg_loss=49.906
[ 258.1s] epoch 6 step 5500 avg_loss=49.798
[ 258.7s] === epoch 6 done: avg_loss=49.576 (n=788 derivations) ===
[ 260.3s] epoch 7 step 5550 avg_loss=53.673
[ 262.8s] epoch 7 step 5600 avg_loss=55.684
[ 264.7s] epoch 7 step 5650 avg_loss=50.194
[ 266.5s] epoch 7 step 5700 avg_loss=48.864
[ 268.7s] epoch 7 step 5750 avg_loss=50.022
[ 271.0s] epoch 7 step 5800 avg_loss=50.196
[ 273.1s] epoch 7 step 5850 avg_loss=50.352
[ 275.1s] epoch 7 step 5900 avg_loss=49.671
[ 277.2s] epoch 7 step 5950 avg_loss=49.262
[ 279.5s] epoch 7 step 6000 avg_loss=49.587
[ 281.4s] epoch 7 step 6050 avg_loss=48.980
[ 283.6s] epoch 7 step 6100 avg_loss=48.920
[ 285.8s] epoch 7 step 6150 avg_loss=49.233
[ 288.0s] epoch 7 step 6200 avg_loss=49.008
[ 290.0s] epoch 7 step 6250 avg_loss=48.750
[ 291.8s] epoch 7 step 6300 avg_loss=48.403
[ 292.0s] === epoch 7 done: avg_loss=48.485 (n=788 derivations) ===
[ 293.9s] epoch 8 step 6350 avg_loss=48.814
[ 295.9s] epoch 8 step 6400 avg_loss=46.181
[ 298.1s] epoch 8 step 6450 avg_loss=47.504
[ 300.3s] epoch 8 step 6500 avg_loss=47.402
[ 302.4s] epoch 8 step 6550 avg_loss=46.993
[ 304.6s] epoch 8 step 6600 avg_loss=48.154
[ 306.7s] epoch 8 step 6650 avg_loss=48.303
[ 308.8s] epoch 8 step 6700 avg_loss=47.644
[ 310.8s] epoch 8 step 6750 avg_loss=47.372
[ 313.1s] epoch 8 step 6800 avg_loss=48.160
[ 315.0s] epoch 8 step 6850 avg_loss=47.422
[ 317.5s] epoch 8 step 6900 avg_loss=48.043
[ 319.6s] epoch 8 step 6950 avg_loss=47.647
[ 321.6s] epoch 8 step 7000 avg_loss=47.422
[ 323.5s] epoch 8 step 7050 avg_loss=47.172
[ 325.3s] === epoch 8 done: avg_loss=47.605 (n=788 derivations) ===
[ 325.6s] epoch 9 step 7100 avg_loss=40.994
[ 327.8s] epoch 9 step 7150 avg_loss=46.069
[ 329.8s] epoch 9 step 7200 avg_loss=45.216
[ 331.6s] epoch 9 step 7250 avg_loss=43.129
[ 333.6s] epoch 9 step 7300 avg_loss=43.839
[ 335.9s] epoch 9 step 7350 avg_loss=46.204
[ 338.1s] epoch 9 step 7400 avg_loss=46.279
[ 340.4s] epoch 9 step 7450 avg_loss=47.002
[ 342.8s] epoch 9 step 7500 avg_loss=47.738
[ 344.9s] epoch 9 step 7550 avg_loss=47.606
[ 347.0s] epoch 9 step 7600 avg_loss=47.452
[ 349.0s] epoch 9 step 7650 avg_loss=47.134
[ 351.1s] epoch 9 step 7700 avg_loss=47.135
[ 352.8s] epoch 9 step 7750 avg_loss=46.240
[ 355.0s] epoch 9 step 7800 avg_loss=46.454
[ 357.1s] epoch 9 step 7850 avg_loss=46.471
[ 360.0s] eval step=250 train_avg_loss=46.856 dev_rank1_f1=0.2746 dev_edge_p=0.2503 dev_edge_r=0.3041
[ 360.0s] === epoch 9 done: avg_loss=46.856 (n=788 derivations) ===
[ 360.8s] epoch 10 step 7900 avg_loss=40.243
[ 363.0s] epoch 10 step 7950 avg_loss=44.085
[ 365.0s] epoch 10 step 8000 avg_loss=43.134
[ 367.4s] epoch 10 step 8050 avg_loss=46.695
[ 369.5s] epoch 10 step 8100 avg_loss=46.539
[ 371.9s] epoch 10 step 8150 avg_loss=46.220
[ 374.2s] epoch 10 step 8200 avg_loss=45.988
[ 376.3s] epoch 10 step 8250 avg_loss=45.945
[ 378.7s] epoch 10 step 8300 avg_loss=46.268
[ 381.1s] epoch 10 step 8350 avg_loss=47.008
[ 383.0s] epoch 10 step 8400 avg_loss=46.668
[ 384.8s] epoch 10 step 8450 avg_loss=46.114
[ 386.7s] epoch 10 step 8500 avg_loss=45.930
[ 388.6s] epoch 10 step 8550 avg_loss=45.569
[ 391.1s] epoch 10 step 8600 avg_loss=46.293
[ 393.0s] epoch 10 step 8650 avg_loss=46.148
[ 393.8s] === epoch 10 done: avg_loss=46.159 (n=788 derivations) ===
[ 395.2s] epoch 11 step 8700 avg_loss=53.732
[ 397.2s] epoch 11 step 8750 avg_loss=46.312
[ 399.2s] epoch 11 step 8800 avg_loss=44.342
[ 401.4s] epoch 11 step 8850 avg_loss=45.290
[ 403.4s] epoch 11 step 8900 avg_loss=44.738
[ 405.6s] epoch 11 step 8950 avg_loss=45.226
[ 407.5s] epoch 11 step 9000 avg_loss=45.290
[ 409.7s] epoch 11 step 9050 avg_loss=45.755
[ 411.9s] epoch 11 step 9100 avg_loss=45.620
[ 413.9s] epoch 11 step 9150 avg_loss=45.760
[ 416.1s] epoch 11 step 9200 avg_loss=46.277
[ 417.8s] epoch 11 step 9250 avg_loss=45.331
[ 420.0s] epoch 11 step 9300 avg_loss=45.564
[ 422.2s] epoch 11 step 9350 avg_loss=45.260
[ 424.2s] epoch 11 step 9400 avg_loss=44.975
[ 426.6s] epoch 11 step 9450 avg_loss=45.438
[ 426.9s] === epoch 11 done: avg_loss=45.520 (n=788 derivations) ===
[ 428.9s] epoch 12 step 9500 avg_loss=48.246
[ 430.9s] epoch 12 step 9550 avg_loss=44.099
[ 433.1s] epoch 12 step 9600 avg_loss=45.776
[ 435.6s] epoch 12 step 9650 avg_loss=47.260
[ 437.9s] epoch 12 step 9700 avg_loss=46.249
[ 440.0s] epoch 12 step 9750 avg_loss=44.999
[ 442.5s] epoch 12 step 9800 avg_loss=45.800
[ 444.3s] epoch 12 step 9850 avg_loss=45.156
[ 446.4s] epoch 12 step 9900 avg_loss=45.241
[ 448.3s] epoch 12 step 9950 avg_loss=44.866
[ 450.3s] epoch 12 step 10000 avg_loss=45.015
[ 452.1s] epoch 12 step 10050 avg_loss=44.392
[ 454.2s] epoch 12 step 10100 avg_loss=44.402
[ 456.4s] epoch 12 step 10150 avg_loss=44.781
[ 458.6s] epoch 12 step 10200 avg_loss=45.221
[ 460.4s] === epoch 12 done: avg_loss=44.967 (n=788 derivations) ===
[ 460.7s] epoch 13 step 10250 avg_loss=34.251
[ 462.8s] epoch 13 step 10300 avg_loss=42.413
[ 465.1s] epoch 13 step 10350 avg_loss=43.189
[ 467.2s] epoch 13 step 10400 avg_loss=42.260
[ 469.7s] epoch 13 step 10450 avg_loss=44.266
[ 471.7s] epoch 13 step 10500 avg_loss=42.356
[ 473.7s] epoch 13 step 10550 avg_loss=42.527
[ 475.8s] epoch 13 step 10600 avg_loss=42.697
[ 478.1s] epoch 13 step 10650 avg_loss=43.508
[ 480.4s] epoch 13 step 10700 avg_loss=43.698
[ 482.5s] epoch 13 step 10750 avg_loss=44.174
[ 484.5s] epoch 13 step 10800 avg_loss=44.411
[ 486.5s] epoch 13 step 10850 avg_loss=44.484
[ 488.5s] epoch 13 step 10900 avg_loss=44.680
[ 491.0s] epoch 13 step 10950 avg_loss=45.059
[ 492.9s] epoch 13 step 11000 avg_loss=44.631
[ 493.9s] === epoch 13 done: avg_loss=44.333 (n=788 derivations) ===
[ 494.6s] epoch 14 step 11050 avg_loss=46.938
[ 496.2s] epoch 14 step 11100 avg_loss=37.483
[ 498.3s] epoch 14 step 11150 avg_loss=41.007
[ 500.7s] epoch 14 step 11200 avg_loss=42.469
[ 502.9s] epoch 14 step 11250 avg_loss=41.850
[ 504.9s] epoch 14 step 11300 avg_loss=41.873
[ 507.5s] epoch 14 step 11350 avg_loss=42.208
[ 509.6s] epoch 14 step 11400 avg_loss=42.059
[ 511.9s] epoch 14 step 11450 avg_loss=42.447
[ 513.8s] epoch 14 step 11500 avg_loss=42.267
[ 515.8s] epoch 14 step 11550 avg_loss=42.263
[ 518.0s] epoch 14 step 11600 avg_loss=42.918
[ 520.3s] epoch 14 step 11650 avg_loss=43.769
[ 522.4s] epoch 14 step 11700 avg_loss=43.994
[ 524.6s] epoch 14 step 11750 avg_loss=43.760
[ 526.7s] epoch 14 step 11800 avg_loss=43.819
[ 527.5s] === epoch 14 done: avg_loss=43.683 (n=788 derivations) ===
[ 528.7s] epoch 15 step 11850 avg_loss=41.348
[ 531.1s] epoch 15 step 11900 avg_loss=48.217
[ 533.3s] epoch 15 step 11950 avg_loss=46.100
[ 535.2s] epoch 15 step 12000 avg_loss=43.961
[ 537.3s] epoch 15 step 12050 avg_loss=43.043
[ 539.8s] epoch 15 step 12100 avg_loss=44.336
[ 541.8s] epoch 15 step 12150 avg_loss=43.112
[ 543.9s] epoch 15 step 12200 avg_loss=43.241
[ 546.1s] epoch 15 step 12250 avg_loss=43.529
[ 547.9s] epoch 15 step 12300 avg_loss=42.746
[ 550.0s] epoch 15 step 12350 avg_loss=42.568
[ 551.9s] epoch 15 step 12400 avg_loss=42.270
[ 554.0s] epoch 15 step 12450 avg_loss=42.344
[ 556.5s] epoch 15 step 12500 avg_loss=42.934
[ 558.6s] epoch 15 step 12550 avg_loss=42.833
[ 560.9s] epoch 15 step 12600 avg_loss=43.048
[ 561.2s] === epoch 15 done: avg_loss=43.086 (n=788 derivations) ===
[ 563.0s] epoch 16 step 12650 avg_loss=44.845
[ 565.3s] epoch 16 step 12700 avg_loss=42.448
[ 567.6s] epoch 16 step 12750 avg_loss=43.022
[ 569.5s] epoch 16 step 12800 avg_loss=42.435
[ 571.5s] epoch 16 step 12850 avg_loss=41.933
[ 573.4s] epoch 16 step 12900 avg_loss=41.658
[ 575.3s] epoch 16 step 12950 avg_loss=41.340
[ 577.2s] epoch 16 step 13000 avg_loss=41.180
[ 579.7s] epoch 16 step 13050 avg_loss=42.703
[ 581.9s] epoch 16 step 13100 avg_loss=43.061
[ 583.8s] epoch 16 step 13150 avg_loss=42.657
[ 585.9s] epoch 16 step 13200 avg_loss=42.669
[ 588.1s] epoch 16 step 13250 avg_loss=42.556
[ 589.8s] epoch 16 step 13300 avg_loss=42.026
[ 592.0s] epoch 16 step 13350 avg_loss=42.133
[ 594.2s] === epoch 16 done: avg_loss=42.448 (n=788 derivations) ===
[ 594.4s] epoch 17 step 13400 avg_loss=68.747
[ 596.7s] epoch 17 step 13450 avg_loss=42.801
[ 598.7s] epoch 17 step 13500 avg_loss=40.890
[ 600.4s] epoch 17 step 13550 avg_loss=39.399
[ 602.5s] epoch 17 step 13600 avg_loss=40.394
[ 604.8s] epoch 17 step 13650 avg_loss=40.940
[ 607.1s] epoch 17 step 13700 avg_loss=41.703
[ 609.3s] epoch 17 step 13750 avg_loss=41.881
[ 611.4s] epoch 17 step 13800 avg_loss=41.481
[ 613.7s] epoch 17 step 13850 avg_loss=41.945
[ 615.5s] epoch 17 step 13900 avg_loss=42.026
[ 617.3s] epoch 17 step 13950 avg_loss=41.768
[ 619.4s] epoch 17 step 14000 avg_loss=41.790
[ 621.5s] epoch 17 step 14050 avg_loss=41.923
[ 623.6s] epoch 17 step 14100 avg_loss=41.709
[ 625.8s] epoch 17 step 14150 avg_loss=41.783
[ 627.4s] === epoch 17 done: avg_loss=41.906 (n=788 derivations) ===
[ 628.0s] epoch 18 step 14200 avg_loss=35.128
[ 629.8s] epoch 18 step 14250 avg_loss=36.852
[ 631.7s] epoch 18 step 14300 avg_loss=38.163
[ 634.2s] epoch 18 step 14350 avg_loss=41.282
[ 636.5s] epoch 18 step 14400 avg_loss=41.587
[ 638.8s] epoch 18 step 14450 avg_loss=42.118
[ 640.6s] epoch 18 step 14500 avg_loss=41.733
[ 642.7s] epoch 18 step 14550 avg_loss=41.139
[ 645.0s] epoch 18 step 14600 avg_loss=40.998
[ 647.0s] epoch 18 step 14650 avg_loss=40.725
[ 649.0s] epoch 18 step 14700 avg_loss=40.200
[ 651.2s] epoch 18 step 14750 avg_loss=40.272
[ 653.4s] epoch 18 step 14800 avg_loss=40.096
[ 655.5s] epoch 18 step 14850 avg_loss=40.201
[ 658.1s] epoch 18 step 14900 avg_loss=40.763
[ 660.6s] epoch 18 step 14950 avg_loss=41.053
[ 661.7s] === epoch 18 done: avg_loss=41.334 (n=788 derivations) ===
[ 663.1s] epoch 19 step 15000 avg_loss=44.871
[ 665.0s] epoch 19 step 15050 avg_loss=40.980
[ 666.9s] epoch 19 step 15100 avg_loss=40.877
[ 669.0s] epoch 19 step 15150 avg_loss=41.011
[ 671.0s] epoch 19 step 15200 avg_loss=41.678
[ 673.2s] epoch 19 step 15250 avg_loss=42.155
[ 675.1s] epoch 19 step 15300 avg_loss=41.513
[ 677.3s] epoch 19 step 15350 avg_loss=41.382
[ 679.3s] epoch 19 step 15400 avg_loss=40.706
[ 681.7s] epoch 19 step 15450 avg_loss=41.192
[ 683.8s] epoch 19 step 15500 avg_loss=41.007
[ 686.0s] epoch 19 step 15550 avg_loss=40.921
[ 688.3s] epoch 19 step 15600 avg_loss=41.051
[ 690.5s] epoch 19 step 15650 avg_loss=40.576
[ 693.0s] epoch 19 step 15700 avg_loss=40.901
[ 695.1s] epoch 19 step 15750 avg_loss=40.930
[ 696.8s] eval step=500 train_avg_loss=40.834 dev_rank1_f1=0.2869 dev_edge_p=0.2465 dev_edge_r=0.3432
[ 696.8s] === epoch 19 done: avg_loss=40.834 (n=788 derivations) ===
[ 698.3s] epoch 20 step 15800 avg_loss=35.265
[ 700.3s] epoch 20 step 15850 avg_loss=37.754
[ 702.5s] epoch 20 step 15900 avg_loss=39.781
[ 704.7s] epoch 20 step 15950 avg_loss=41.230
[ 706.5s] epoch 20 step 16000 avg_loss=39.789
[ 708.6s] epoch 20 step 16050 avg_loss=39.416
[ 710.5s] epoch 20 step 16100 avg_loss=38.789
[ 713.0s] epoch 20 step 16150 avg_loss=39.779
[ 714.8s] epoch 20 step 16200 avg_loss=38.767
[ 717.2s] epoch 20 step 16250 avg_loss=39.433
[ 719.4s] epoch 20 step 16300 avg_loss=39.779
[ 721.2s] epoch 20 step 16350 avg_loss=39.487
[ 723.3s] epoch 20 step 16400 avg_loss=39.360
[ 725.6s] epoch 20 step 16450 avg_loss=39.595
[ 727.8s] epoch 20 step 16500 avg_loss=39.733
[ 730.0s] === epoch 20 done: avg_loss=40.294 (n=788 derivations) ===
[ 730.1s] epoch 21 step 16550 avg_loss=57.294
[ 732.4s] epoch 21 step 16600 avg_loss=41.994
[ 734.5s] epoch 21 step 16650 avg_loss=40.563
[ 736.7s] epoch 21 step 16700 avg_loss=40.559
[ 738.5s] epoch 21 step 16750 avg_loss=39.629
[ 740.3s] epoch 21 step 16800 avg_loss=39.043
[ 742.6s] epoch 21 step 16850 avg_loss=39.879
[ 744.7s] epoch 21 step 16900 avg_loss=40.341
[ 746.7s] epoch 21 step 16950 avg_loss=40.085
[ 748.8s] epoch 21 step 17000 avg_loss=40.025
[ 750.8s] epoch 21 step 17050 avg_loss=39.722
[ 752.5s] epoch 21 step 17100 avg_loss=38.933
[ 754.6s] epoch 21 step 17150 avg_loss=39.273
[ 756.9s] epoch 21 step 17200 avg_loss=39.554
[ 759.0s] epoch 21 step 17250 avg_loss=39.537
[ 761.1s] epoch 21 step 17300 avg_loss=39.628
[ 762.6s] === epoch 21 done: avg_loss=39.739 (n=788 derivations) ===
[ 763.4s] epoch 22 step 17350 avg_loss=49.430
[ 765.3s] epoch 22 step 17400 avg_loss=37.067
[ 767.6s] epoch 22 step 17450 avg_loss=39.549
[ 769.6s] epoch 22 step 17500 avg_loss=38.344
[ 771.6s] epoch 22 step 17550 avg_loss=37.970
[ 774.0s] epoch 22 step 17600 avg_loss=38.357
[ 776.2s] epoch 22 step 17650 avg_loss=38.821
[ 778.1s] epoch 22 step 17700 avg_loss=37.903
[ 780.2s] epoch 22 step 17750 avg_loss=37.751
[ 782.4s] epoch 22 step 17800 avg_loss=37.747
[ 785.0s] epoch 22 step 17850 avg_loss=38.864
[ 787.0s] epoch 22 step 17900 avg_loss=38.606
[ 788.8s] epoch 22 step 17950 avg_loss=38.220
[ 791.1s] epoch 22 step 18000 avg_loss=38.650
[ 793.4s] epoch 22 step 18050 avg_loss=39.188
[ 795.7s] epoch 22 step 18100 avg_loss=39.420
[ 796.7s] === epoch 22 done: avg_loss=39.175 (n=788 derivations) ===
[ 798.0s] epoch 23 step 18150 avg_loss=44.728
[ 800.5s] epoch 23 step 18200 avg_loss=43.059
[ 802.6s] epoch 23 step 18250 avg_loss=40.548
[ 804.9s] epoch 23 step 18300 avg_loss=39.556
[ 806.8s] epoch 23 step 18350 avg_loss=38.450
[ 809.5s] epoch 23 step 18400 avg_loss=39.792
[ 811.5s] epoch 23 step 18450 avg_loss=39.526
[ 813.9s] epoch 23 step 18500 avg_loss=40.040
[ 815.6s] epoch 23 step 18550 avg_loss=39.561
[ 817.7s] epoch 23 step 18600 avg_loss=39.554
[ 820.0s] epoch 23 step 18650 avg_loss=39.665
[ 822.3s] epoch 23 step 18700 avg_loss=39.643
[ 824.6s] epoch 23 step 18750 avg_loss=40.102
[ 826.5s] epoch 23 step 18800 avg_loss=39.473
[ 828.9s] epoch 23 step 18850 avg_loss=39.574
[ 830.7s] epoch 23 step 18900 avg_loss=38.863
[ 831.1s] === epoch 23 done: avg_loss=38.667 (n=788 derivations) ===
[ 832.7s] epoch 24 step 18950 avg_loss=37.669
[ 834.9s] epoch 24 step 19000 avg_loss=38.041
[ 837.0s] epoch 24 step 19050 avg_loss=36.915
[ 839.2s] epoch 24 step 19100 avg_loss=37.741
[ 841.4s] epoch 24 step 19150 avg_loss=37.052
[ 843.8s] epoch 24 step 19200 avg_loss=37.437
[ 846.1s] epoch 24 step 19250 avg_loss=38.317
[ 848.0s] epoch 24 step 19300 avg_loss=37.877
[ 850.1s] epoch 24 step 19350 avg_loss=38.394
[ 852.0s] epoch 24 step 19400 avg_loss=38.097
[ 853.9s] epoch 24 step 19450 avg_loss=37.873
[ 855.8s] epoch 24 step 19500 avg_loss=37.850
[ 858.0s] epoch 24 step 19550 avg_loss=38.124
[ 860.1s] epoch 24 step 19600 avg_loss=38.243
[ 862.1s] epoch 24 step 19650 avg_loss=38.183
[ 864.3s] epoch 24 step 19700 avg_loss=38.206
[ 864.3s] === epoch 24 done: avg_loss=38.206 (n=788 derivations) ===
[ 866.4s] epoch 25 step 19750 avg_loss=39.837
[ 868.3s] epoch 25 step 19800 avg_loss=37.251
[ 870.5s] epoch 25 step 19850 avg_loss=39.148
[ 872.7s] epoch 25 step 19900 avg_loss=39.021
[ 874.7s] epoch 25 step 19950 avg_loss=38.289
[ 876.8s] epoch 25 step 20000 avg_loss=37.456
[ 878.8s] epoch 25 step 20050 avg_loss=37.234
[ 881.2s] epoch 25 step 20100 avg_loss=37.959
[ 883.8s] epoch 25 step 20150 avg_loss=38.366
[ 886.1s] epoch 25 step 20200 avg_loss=38.564
[ 888.3s] epoch 25 step 20250 avg_loss=38.852
[ 890.5s] epoch 25 step 20300 avg_loss=38.883
[ 892.4s] epoch 25 step 20350 avg_loss=38.640
[ 894.5s] epoch 25 step 20400 avg_loss=38.324
[ 896.4s] epoch 25 step 20450 avg_loss=38.029
[ 898.0s] === epoch 25 done: avg_loss=37.791 (n=788 derivations) ===
[ 898.6s] epoch 26 step 20500 avg_loss=43.205
[ 900.8s] epoch 26 step 20550 avg_loss=37.638
[ 902.8s] epoch 26 step 20600 avg_loss=38.409
[ 904.8s] epoch 26 step 20650 avg_loss=38.153
[ 906.9s] epoch 26 step 20700 avg_loss=37.855
[ 909.2s] epoch 26 step 20750 avg_loss=37.804
[ 911.7s] epoch 26 step 20800 avg_loss=38.401
[ 914.2s] epoch 26 step 20850 avg_loss=37.997
[ 916.5s] epoch 26 step 20900 avg_loss=37.761
[ 918.9s] epoch 26 step 20950 avg_loss=37.512
[ 921.1s] epoch 26 step 21000 avg_loss=37.225
[ 923.7s] epoch 26 step 21050 avg_loss=37.912
[ 925.2s] epoch 26 step 21100 avg_loss=36.987
[ 927.0s] epoch 26 step 21150 avg_loss=36.692
[ 929.2s] epoch 26 step 21200 avg_loss=36.818
[ 931.9s] epoch 26 step 21250 avg_loss=37.472
[ 933.0s] === epoch 26 done: avg_loss=37.383 (n=788 derivations) ===
[ 934.1s] epoch 27 step 21300 avg_loss=40.631
[ 936.1s] epoch 27 step 21350 avg_loss=37.449
[ 938.3s] epoch 27 step 21400 avg_loss=37.391
[ 940.7s] epoch 27 step 21450 avg_loss=37.173
[ 942.5s] epoch 27 step 21500 avg_loss=35.454
[ 944.8s] epoch 27 step 21550 avg_loss=36.263
[ 946.9s] epoch 27 step 21600 avg_loss=36.391
[ 948.9s] epoch 27 step 21650 avg_loss=36.175
[ 951.3s] epoch 27 step 21700 avg_loss=36.726
[ 953.4s] epoch 27 step 21750 avg_loss=37.184
[ 955.3s] epoch 27 step 21800 avg_loss=37.136
[ 957.2s] epoch 27 step 21850 avg_loss=37.001
[ 959.2s] epoch 27 step 21900 avg_loss=37.161
[ 961.4s] epoch 27 step 21950 avg_loss=37.197
[ 963.6s] epoch 27 step 22000 avg_loss=37.025
[ 965.9s] epoch 27 step 22050 avg_loss=37.091
[ 966.5s] === epoch 27 done: avg_loss=36.967 (n=788 derivations) ===
[ 968.4s] epoch 28 step 22100 avg_loss=39.936
[ 970.6s] epoch 28 step 22150 avg_loss=36.625
[ 972.8s] epoch 28 step 22200 avg_loss=36.955
[ 974.9s] epoch 28 step 22250 avg_loss=37.259
[ 977.2s] epoch 28 step 22300 avg_loss=37.596
[ 979.0s] epoch 28 step 22350 avg_loss=36.122
[ 981.4s] epoch 28 step 22400 avg_loss=36.395
[ 983.6s] epoch 28 step 22450 avg_loss=36.471
[ 985.3s] epoch 28 step 22500 avg_loss=35.696
[ 987.8s] epoch 28 step 22550 avg_loss=36.922
[ 989.9s] epoch 28 step 22600 avg_loss=36.816
[ 991.8s] epoch 28 step 22650 avg_loss=36.682
[ 994.2s] epoch 28 step 22700 avg_loss=37.041
[ 996.4s] epoch 28 step 22750 avg_loss=37.000
[ 998.8s] epoch 28 step 22800 avg_loss=36.994
[1001.1s] epoch 28 step 22850 avg_loss=36.573
[1001.1s] === epoch 28 done: avg_loss=36.547 (n=788 derivations) ===
[1003.5s] epoch 29 step 22900 avg_loss=40.310
[1005.5s] epoch 29 step 22950 avg_loss=35.532
[1007.5s] epoch 29 step 23000 avg_loss=35.104
[1009.8s] epoch 29 step 23050 avg_loss=36.038
[1011.8s] epoch 29 step 23100 avg_loss=35.551
[1013.8s] epoch 29 step 23150 avg_loss=34.925
[1016.4s] epoch 29 step 23200 avg_loss=36.637
[1018.5s] epoch 29 step 23250 avg_loss=36.143
[1020.4s] epoch 29 step 23300 avg_loss=35.923
[1022.7s] epoch 29 step 23350 avg_loss=36.304
[1024.8s] epoch 29 step 23400 avg_loss=35.825
[1027.0s] epoch 29 step 23450 avg_loss=35.442
[1029.8s] epoch 29 step 23500 avg_loss=35.836
[1031.8s] epoch 29 step 23550 avg_loss=35.661
[1033.8s] epoch 29 step 23600 avg_loss=35.891
[1037.1s] eval step=750 train_avg_loss=36.188 dev_rank1_f1=0.2946 dev_edge_p=0.2563 dev_edge_r=0.3463
[1037.1s] === epoch 29 done: avg_loss=36.188 (n=788 derivations) ===
[1037.6s] epoch 30 step 23650 avg_loss=46.207
[1039.6s] epoch 30 step 23700 avg_loss=34.412
[1042.0s] epoch 30 step 23750 avg_loss=35.014
[1044.2s] epoch 30 step 23800 avg_loss=34.568
[1046.4s] epoch 30 step 23850 avg_loss=34.201
[1048.6s] epoch 30 step 23900 avg_loss=34.593
[1050.7s] epoch 30 step 23950 avg_loss=34.785
[1053.2s] epoch 30 step 24000 avg_loss=35.957
[1055.2s] epoch 30 step 24050 avg_loss=35.639
[1057.1s] epoch 30 step 24100 avg_loss=35.377
[1059.1s] epoch 30 step 24150 avg_loss=35.359
[1061.1s] epoch 30 step 24200 avg_loss=35.217
[1063.0s] epoch 30 step 24250 avg_loss=35.136
[1065.1s] epoch 30 step 24300 avg_loss=35.350
[1067.2s] epoch 30 step 24350 avg_loss=35.558
[1069.4s] epoch 30 step 24400 avg_loss=35.729
[1070.7s] === epoch 30 done: avg_loss=35.918 (n=788 derivations) ===
[1071.8s] epoch 31 step 24450 avg_loss=45.710
[1073.6s] epoch 31 step 24500 avg_loss=35.057
[1075.4s] epoch 31 step 24550 avg_loss=33.031
[1077.5s] epoch 31 step 24600 avg_loss=32.239
[1080.0s] epoch 31 step 24650 avg_loss=34.993
[1082.0s] epoch 31 step 24700 avg_loss=35.020
[1084.0s] epoch 31 step 24750 avg_loss=34.753
[1086.2s] epoch 31 step 24800 avg_loss=35.765
[1088.2s] epoch 31 step 24850 avg_loss=35.399
[1090.0s] epoch 31 step 24900 avg_loss=34.914
[1092.1s] epoch 31 step 24950 avg_loss=34.806
[1094.0s] epoch 31 step 25000 avg_loss=34.570
[1095.9s] epoch 31 step 25050 avg_loss=34.537
[1098.3s] epoch 31 step 25100 avg_loss=34.948
[1100.8s] epoch 31 step 25150 avg_loss=35.616
[1102.8s] epoch 31 step 25200 avg_loss=35.758
[1103.4s] === epoch 31 done: avg_loss=35.598 (n=788 derivations) ===
[1104.8s] epoch 32 step 25250 avg_loss=37.442
[1106.8s] epoch 32 step 25300 avg_loss=36.180
[1108.8s] epoch 32 step 25350 avg_loss=33.800
[1111.1s] epoch 32 step 25400 avg_loss=34.011
[1113.4s] epoch 32 step 25450 avg_loss=34.033
[1115.6s] epoch 32 step 25500 avg_loss=34.622
[1117.8s] epoch 32 step 25550 avg_loss=34.865
[1119.9s] epoch 32 step 25600 avg_loss=34.707
[1122.1s] epoch 32 step 25650 avg_loss=34.369
[1124.1s] epoch 32 step 25700 avg_loss=34.469
[1126.5s] epoch 32 step 25750 avg_loss=34.653
[1128.7s] epoch 32 step 25800 avg_loss=34.784
[1130.7s] epoch 32 step 25850 avg_loss=34.801
[1132.7s] epoch 32 step 25900 avg_loss=34.760
[1134.9s] epoch 32 step 25950 avg_loss=35.138
[1137.0s] epoch 32 step 26000 avg_loss=35.271
[1137.2s] === epoch 32 done: avg_loss=35.370 (n=788 derivations) ===
[1139.0s] epoch 33 step 26050 avg_loss=35.335
[1141.2s] epoch 33 step 26100 avg_loss=35.765
[1143.2s] epoch 33 step 26150 avg_loss=35.569
[1145.7s] epoch 33 step 26200 avg_loss=37.216
[1147.7s] epoch 33 step 26250 avg_loss=36.873
[1149.7s] epoch 33 step 26300 avg_loss=35.948
[1151.6s] epoch 33 step 26350 avg_loss=35.557
[1153.5s] epoch 33 step 26400 avg_loss=34.974
[1155.3s] epoch 33 step 26450 avg_loss=34.504
[1157.3s] epoch 33 step 26500 avg_loss=34.835
[1159.7s] epoch 33 step 26550 avg_loss=34.979
[1161.8s] epoch 33 step 26600 avg_loss=35.048
[1164.2s] epoch 33 step 26650 avg_loss=35.317
[1166.2s] epoch 33 step 26700 avg_loss=35.430
[1168.1s] epoch 33 step 26750 avg_loss=35.059
[1169.8s] === epoch 33 done: avg_loss=35.093 (n=788 derivations) ===
[1170.0s] epoch 34 step 26800 avg_loss=24.874
[1171.9s] epoch 34 step 26850 avg_loss=32.233
[1174.1s] epoch 34 step 26900 avg_loss=35.402
[1176.2s] epoch 34 step 26950 avg_loss=35.884
[1178.2s] epoch 34 step 27000 avg_loss=35.271
[1180.1s] epoch 34 step 27050 avg_loss=34.441
[1182.2s] epoch 34 step 27100 avg_loss=33.778
[1184.4s] epoch 34 step 27150 avg_loss=34.794
[1186.5s] epoch 34 step 27200 avg_loss=34.676
[1188.6s] epoch 34 step 27250 avg_loss=34.917
[1190.7s] epoch 34 step 27300 avg_loss=34.729
[1192.7s] epoch 34 step 27350 avg_loss=35.142
[1194.9s] epoch 34 step 27400 avg_loss=35.528
[1197.2s] epoch 34 step 27450 avg_loss=35.652
[1199.3s] epoch 34 step 27500 avg_loss=35.443
[1201.0s] epoch 34 step 27550 avg_loss=34.944
[1202.3s] === epoch 34 done: avg_loss=34.842 (n=788 derivations) ===
[1203.1s] epoch 35 step 27600 avg_loss=30.276
[1205.2s] epoch 35 step 27650 avg_loss=33.305
[1207.3s] epoch 35 step 27700 avg_loss=34.670
[1209.6s] epoch 35 step 27750 avg_loss=35.451
[1211.4s] epoch 35 step 27800 avg_loss=33.740
[1213.1s] epoch 35 step 27850 avg_loss=32.888
[1215.3s] epoch 35 step 27900 avg_loss=33.747
[1217.3s] epoch 35 step 27950 avg_loss=33.578
[1219.7s] epoch 35 step 28000 avg_loss=34.653
[1222.1s] epoch 35 step 28050 avg_loss=34.894
[1224.3s] epoch 35 step 28100 avg_loss=35.126
[1226.3s] epoch 35 step 28150 avg_loss=34.923
[1228.4s] epoch 35 step 28200 avg_loss=34.640
[1230.6s] epoch 35 step 28250 avg_loss=35.170
[1232.5s] epoch 35 step 28300 avg_loss=34.875
[1234.6s] epoch 35 step 28350 avg_loss=34.769
[1235.2s] === epoch 35 done: avg_loss=34.567 (n=788 derivations) ===
[1236.6s] epoch 36 step 28400 avg_loss=36.466
[1238.3s] epoch 36 step 28450 avg_loss=32.646
[1240.4s] epoch 36 step 28500 avg_loss=33.232
[1242.5s] epoch 36 step 28550 avg_loss=33.302
[1244.6s] epoch 36 step 28600 avg_loss=33.012
[1246.7s] epoch 36 step 28650 avg_loss=33.927
[1248.9s] epoch 36 step 28700 avg_loss=33.502
[1251.4s] epoch 36 step 28750 avg_loss=34.541
[1253.5s] epoch 36 step 28800 avg_loss=34.202
[1255.5s] epoch 36 step 28850 avg_loss=34.552
[1257.6s] epoch 36 step 28900 avg_loss=34.633
[1259.5s] epoch 36 step 28950 avg_loss=34.571
[1261.6s] epoch 36 step 29000 avg_loss=34.647
[1263.9s] epoch 36 step 29050 avg_loss=34.809
[1266.0s] epoch 36 step 29100 avg_loss=34.615
[1268.0s] epoch 36 step 29150 avg_loss=34.505
[1268.2s] === epoch 36 done: avg_loss=34.451 (n=788 derivations) ===
[1269.9s] epoch 37 step 29200 avg_loss=30.636
[1272.5s] epoch 37 step 29250 avg_loss=34.365
[1274.4s] epoch 37 step 29300 avg_loss=32.866
[1276.4s] epoch 37 step 29350 avg_loss=32.438
[1278.6s] epoch 37 step 29400 avg_loss=32.925
[1280.9s] epoch 37 step 29450 avg_loss=33.370
[1282.7s] epoch 37 step 29500 avg_loss=32.782
[1285.0s] epoch 37 step 29550 avg_loss=33.255
[1287.1s] epoch 37 step 29600 avg_loss=33.075
[1289.6s] epoch 37 step 29650 avg_loss=33.738
[1291.5s] epoch 37 step 29700 avg_loss=33.811
[1293.5s] epoch 37 step 29750 avg_loss=34.001
[1295.6s] epoch 37 step 29800 avg_loss=33.616
[1297.7s] epoch 37 step 29850 avg_loss=33.583
[1299.9s] epoch 37 step 29900 avg_loss=33.712
[1302.1s] === epoch 37 done: avg_loss=34.297 (n=788 derivations) ===
[1302.4s] epoch 38 step 29950 avg_loss=39.404
[1305.0s] epoch 38 step 30000 avg_loss=36.011
[1307.4s] epoch 38 step 30050 avg_loss=36.376
[1309.4s] epoch 38 step 30100 avg_loss=35.165
[1311.3s] epoch 38 step 30150 avg_loss=34.062
[1313.3s] epoch 38 step 30200 avg_loss=33.824
[1315.1s] epoch 38 step 30250 avg_loss=33.525
[1317.5s] epoch 38 step 30300 avg_loss=34.136
[1319.7s] epoch 38 step 30350 avg_loss=34.276
[1321.6s] epoch 38 step 30400 avg_loss=34.039
[1323.5s] epoch 38 step 30450 avg_loss=33.692
[1325.8s] epoch 38 step 30500 avg_loss=33.757
[1327.9s] epoch 38 step 30550 avg_loss=33.651
[1330.0s] epoch 38 step 30600 avg_loss=33.674
[1331.9s] epoch 38 step 30650 avg_loss=33.448
[1334.2s] epoch 38 step 30700 avg_loss=33.938
[1335.7s] === epoch 38 done: avg_loss=34.151 (n=788 derivations) ===
[1336.2s] epoch 39 step 30750 avg_loss=24.990
[1338.5s] epoch 39 step 30800 avg_loss=32.800
[1340.5s] epoch 39 step 30850 avg_loss=30.141
[1342.8s] epoch 39 step 30900 avg_loss=32.115
[1345.0s] epoch 39 step 30950 avg_loss=32.324
[1347.1s] epoch 39 step 31000 avg_loss=33.182
[1349.5s] epoch 39 step 31050 avg_loss=33.886
[1351.5s] epoch 39 step 31100 avg_loss=33.616
[1353.5s] epoch 39 step 31150 avg_loss=33.643
[1355.7s] epoch 39 step 31200 avg_loss=33.988
[1357.8s] epoch 39 step 31250 avg_loss=34.132
[1359.6s] epoch 39 step 31300 avg_loss=33.771
[1361.5s] epoch 39 step 31350 avg_loss=33.514
[1363.6s] epoch 39 step 31400 avg_loss=33.585
[1365.6s] epoch 39 step 31450 avg_loss=33.524
[1367.7s] epoch 39 step 31500 avg_loss=33.805
[1369.8s] eval step=1000 train_avg_loss=33.890 dev_rank1_f1=0.3126 dev_edge_p=0.2750 dev_edge_r=0.3622
[1369.8s] === epoch 39 done: avg_loss=33.890 (n=788 derivations) ===
[1370.9s] epoch 40 step 31550 avg_loss=29.071
[1372.6s] epoch 40 step 31600 avg_loss=27.808
[1374.5s] epoch 40 step 31650 avg_loss=28.625
[1376.7s] epoch 40 step 31700 avg_loss=30.250
[1378.8s] epoch 40 step 31750 avg_loss=31.223
[1380.7s] epoch 40 step 31800 avg_loss=31.145
[1382.8s] epoch 40 step 31850 avg_loss=32.138
[1385.0s] epoch 40 step 31900 avg_loss=32.881
[1387.1s] epoch 40 step 31950 avg_loss=32.965
[1389.1s] epoch 40 step 32000 avg_loss=32.972
[1390.9s] epoch 40 step 32050 avg_loss=33.167
[1392.9s] epoch 40 step 32100 avg_loss=33.289
[1395.0s] epoch 40 step 32150 avg_loss=33.434
[1397.1s] epoch 40 step 32200 avg_loss=33.606
[1399.3s] epoch 40 step 32250 avg_loss=33.933
[1401.3s] epoch 40 step 32300 avg_loss=33.903
[1401.6s] === epoch 40 done: avg_loss=33.861 (n=788 derivations) ===
[1403.5s] epoch 41 step 32350 avg_loss=39.037
[1405.6s] epoch 41 step 32400 avg_loss=36.756
[1407.6s] epoch 41 step 32450 avg_loss=36.273
[1409.6s] epoch 41 step 32500 avg_loss=34.527
[1411.7s] epoch 41 step 32550 avg_loss=34.095
[1413.9s] epoch 41 step 32600 avg_loss=34.509
[1416.0s] epoch 41 step 32650 avg_loss=34.304
[1418.1s] epoch 41 step 32700 avg_loss=34.169
[1420.2s] epoch 41 step 32750 avg_loss=33.661
[1422.2s] epoch 41 step 32800 avg_loss=33.738
[1424.3s] epoch 41 step 32850 avg_loss=33.741
[1426.4s] epoch 41 step 32900 avg_loss=33.704
[1428.7s] epoch 41 step 32950 avg_loss=33.830
[1430.7s] epoch 41 step 33000 avg_loss=33.709
[1432.7s] epoch 41 step 33050 avg_loss=33.731
[1434.7s] === epoch 41 done: avg_loss=33.686 (n=788 derivations) ===
[1434.9s] epoch 42 step 33100 avg_loss=35.344
[1437.2s] epoch 42 step 33150 avg_loss=37.102
[1439.5s] epoch 42 step 33200 avg_loss=36.252
[1441.5s] epoch 42 step 33250 avg_loss=34.581
[1443.6s] epoch 42 step 33300 avg_loss=34.248
[1445.7s] epoch 42 step 33350 avg_loss=34.175
[1448.0s] epoch 42 step 33400 avg_loss=34.807
[1449.7s] epoch 42 step 33450 avg_loss=33.679
[1451.8s] epoch 42 step 33500 avg_loss=33.298
[1454.0s] epoch 42 step 33550 avg_loss=33.317
[1456.1s] epoch 42 step 33600 avg_loss=33.345
[1458.2s] epoch 42 step 33650 avg_loss=33.532
[1460.4s] epoch 42 step 33700 avg_loss=33.431
[1462.4s] epoch 42 step 33750 avg_loss=33.360
[1464.5s] epoch 42 step 33800 avg_loss=33.310
[1466.7s] epoch 42 step 33850 avg_loss=33.508
[1468.1s] === epoch 42 done: avg_loss=33.542 (n=788 derivations) ===
[1468.7s] epoch 43 step 33900 avg_loss=27.742
[1471.1s] epoch 43 step 33950 avg_loss=35.859
[1473.4s] epoch 43 step 34000 avg_loss=38.018
[1475.5s] epoch 43 step 34050 avg_loss=36.746
[1477.8s] epoch 43 step 34100 avg_loss=37.010
[1479.7s] epoch 43 step 34150 avg_loss=35.600
[1481.6s] epoch 43 step 34200 avg_loss=34.917
[1483.5s] epoch 43 step 34250 avg_loss=34.131
[1485.9s] epoch 43 step 34300 avg_loss=34.301
[1488.0s] epoch 43 step 34350 avg_loss=34.108
[1490.1s] epoch 43 step 34400 avg_loss=33.787
[1492.6s] epoch 43 step 34450 avg_loss=33.992
[1494.8s] epoch 43 step 34500 avg_loss=33.623
[1496.8s] epoch 43 step 34550 avg_loss=33.555
[1498.8s] epoch 43 step 34600 avg_loss=33.412
[1501.0s] epoch 43 step 34650 avg_loss=33.365
[1501.9s] === epoch 43 done: avg_loss=33.340 (n=788 derivations) ===
[1503.0s] epoch 44 step 34700 avg_loss=26.349
[1505.3s] epoch 44 step 34750 avg_loss=32.382
[1507.3s] epoch 44 step 34800 avg_loss=33.309
[1509.4s] epoch 44 step 34850 avg_loss=32.807
[1511.5s] epoch 44 step 34900 avg_loss=32.829
[1513.5s] epoch 44 step 34950 avg_loss=32.962
[1515.4s] epoch 44 step 35000 avg_loss=32.773
[1517.3s] epoch 44 step 35050 avg_loss=32.180
[1519.3s] epoch 44 step 35100 avg_loss=32.100
[1521.7s] epoch 44 step 35150 avg_loss=32.667
[1524.1s] epoch 44 step 35200 avg_loss=33.470
[1526.2s] epoch 44 step 35250 avg_loss=33.616
[1528.0s] epoch 44 step 35300 avg_loss=33.302
[1530.3s] epoch 44 step 35350 avg_loss=33.371
[1532.1s] epoch 44 step 35400 avg_loss=33.400
[1534.3s] epoch 44 step 35450 avg_loss=33.374
[1534.6s] === epoch 44 done: avg_loss=33.248 (n=788 derivations) ===
[1536.2s] epoch 45 step 35500 avg_loss=34.003
[1538.0s] epoch 45 step 35550 avg_loss=31.933
[1540.2s] epoch 45 step 35600 avg_loss=31.870
[1542.2s] epoch 45 step 35650 avg_loss=31.711
[1544.4s] epoch 45 step 35700 avg_loss=31.570
[1546.4s] epoch 45 step 35750 avg_loss=31.858
[1548.9s] epoch 45 step 35800 avg_loss=32.991
[1551.2s] epoch 45 step 35850 avg_loss=33.344
[1553.2s] epoch 45 step 35900 avg_loss=32.575
[1555.4s] epoch 45 step 35950 avg_loss=32.789
[1557.8s] epoch 45 step 36000 avg_loss=32.918
[1560.2s] epoch 45 step 36050 avg_loss=33.078
[1562.4s] epoch 45 step 36100 avg_loss=33.160
[1564.6s] epoch 45 step 36150 avg_loss=33.141
[1567.0s] epoch 45 step 36200 avg_loss=33.463
[1568.9s] === epoch 45 done: avg_loss=33.215 (n=788 derivations) ===
[1569.0s] epoch 46 step 36250 avg_loss=41.439
[1571.1s] epoch 46 step 36300 avg_loss=32.327
[1573.3s] epoch 46 step 36350 avg_loss=32.782
[1575.7s] epoch 46 step 36400 avg_loss=33.930
[1577.7s] epoch 46 step 36450 avg_loss=32.827
[1579.9s] epoch 46 step 36500 avg_loss=33.303
[1581.8s] epoch 46 step 36550 avg_loss=32.291
[1584.1s] epoch 46 step 36600 avg_loss=32.786
[1586.5s] epoch 46 step 36650 avg_loss=33.112
[1588.2s] epoch 46 step 36700 avg_loss=32.112
[1590.3s] epoch 46 step 36750 avg_loss=32.054
[1592.7s] epoch 46 step 36800 avg_loss=32.389
[1595.3s] epoch 46 step 36850 avg_loss=33.146
[1597.6s] epoch 46 step 36900 avg_loss=32.991
[1599.9s] epoch 46 step 36950 avg_loss=32.864
[1602.3s] epoch 46 step 37000 avg_loss=32.878
[1604.1s] === epoch 46 done: avg_loss=32.984 (n=788 derivations) ===
[1604.7s] epoch 47 step 37050 avg_loss=36.794
[1607.0s] epoch 47 step 37100 avg_loss=37.470
[1609.5s] epoch 47 step 37150 avg_loss=37.608
[1611.5s] epoch 47 step 37200 avg_loss=34.985
[1613.9s] epoch 47 step 37250 avg_loss=35.427
[1615.8s] epoch 47 step 37300 avg_loss=34.106
[1617.6s] epoch 47 step 37350 avg_loss=34.290
[1619.3s] epoch 47 step 37400 avg_loss=33.449
[1621.4s] epoch 47 step 37450 avg_loss=32.754
[1623.2s] epoch 47 step 37500 avg_loss=32.447
[1625.1s] epoch 47 step 37550 avg_loss=31.912
[1627.3s] epoch 47 step 37600 avg_loss=32.252
[1629.6s] epoch 47 step 37650 avg_loss=32.280
[1631.7s] epoch 47 step 37700 avg_loss=32.078
[1634.3s] epoch 47 step 37750 avg_loss=32.570
[1636.4s] epoch 47 step 37800 avg_loss=32.517
[1637.9s] === epoch 47 done: avg_loss=32.978 (n=788 derivations) ===
[1638.9s] epoch 48 step 37850 avg_loss=25.981
[1641.3s] epoch 48 step 37900 avg_loss=33.453
[1643.7s] epoch 48 step 37950 avg_loss=34.018
[1646.0s] epoch 48 step 38000 avg_loss=34.048
[1648.1s] epoch 48 step 38050 avg_loss=33.783
[1650.6s] epoch 48 step 38100 avg_loss=34.222
[1653.1s] epoch 48 step 38150 avg_loss=33.527
[1655.1s] epoch 48 step 38200 avg_loss=33.453
[1657.2s] epoch 48 step 38250 avg_loss=33.118
[1659.1s] epoch 48 step 38300 avg_loss=32.729
[1661.4s] epoch 48 step 38350 avg_loss=32.689
[1663.5s] epoch 48 step 38400 avg_loss=32.665
[1665.3s] epoch 48 step 38450 avg_loss=32.331
[1667.5s] epoch 48 step 38500 avg_loss=32.017
[1669.7s] epoch 48 step 38550 avg_loss=32.124
[1672.5s] epoch 48 step 38600 avg_loss=32.655
[1673.1s] === epoch 48 done: avg_loss=32.798 (n=788 derivations) ===
[1674.6s] epoch 49 step 38650 avg_loss=28.263
[1676.7s] epoch 49 step 38700 avg_loss=28.504
[1678.9s] epoch 49 step 38750 avg_loss=29.570
[1680.9s] epoch 49 step 38800 avg_loss=30.055
[1683.0s] epoch 49 step 38850 avg_loss=30.918
[1685.0s] epoch 49 step 38900 avg_loss=30.920
[1687.0s] epoch 49 step 38950 avg_loss=31.112
[1689.1s] epoch 49 step 39000 avg_loss=31.701
[1691.3s] epoch 49 step 39050 avg_loss=31.990
[1693.7s] epoch 49 step 39100 avg_loss=32.574
[1695.7s] epoch 49 step 39150 avg_loss=32.783
[1697.7s] epoch 49 step 39200 avg_loss=32.793
[1699.8s] epoch 49 step 39250 avg_loss=32.589
[1702.0s] epoch 49 step 39300 avg_loss=32.668
[1704.2s] epoch 49 step 39350 avg_loss=32.713
[1706.5s] epoch 49 step 39400 avg_loss=32.643
[1708.0s] eval step=1250 train_avg_loss=32.643 dev_rank1_f1=0.3290 dev_edge_p=0.2962 dev_edge_r=0.3700
[1708.1s] === epoch 49 done: avg_loss=32.643 (n=788 derivations) ===
[1710.6s] epoch 50 step 39450 avg_loss=33.885
[1712.9s] epoch 50 step 39500 avg_loss=33.477
[1715.0s] epoch 50 step 39550 avg_loss=33.352
[1717.4s] epoch 50 step 39600 avg_loss=33.995
[1719.5s] epoch 50 step 39650 avg_loss=33.567
[1721.6s] epoch 50 step 39700 avg_loss=33.718
[1723.7s] epoch 50 step 39750 avg_loss=33.157
[1725.9s] epoch 50 step 39800 avg_loss=32.939
[1728.0s] epoch 50 step 39850 avg_loss=32.895
[1729.9s] epoch 50 step 39900 avg_loss=32.432
[1732.0s] epoch 50 step 39950 avg_loss=32.239
[1734.4s] epoch 50 step 40000 avg_loss=32.273
[1736.8s] epoch 50 step 40050 avg_loss=32.423
[1739.2s] epoch 50 step 40100 avg_loss=32.635
[1741.6s] epoch 50 step 40150 avg_loss=32.533
[1743.2s] === epoch 50 done: avg_loss=32.549 (n=788 derivations) ===
[1743.6s] epoch 51 step 40200 avg_loss=22.261
[1745.5s] epoch 51 step 40250 avg_loss=27.859
[1747.8s] epoch 51 step 40300 avg_loss=30.585
[1750.1s] epoch 51 step 40350 avg_loss=32.883
[1752.0s] epoch 51 step 40400 avg_loss=31.481
[1754.1s] epoch 51 step 40450 avg_loss=31.342
[1755.9s] epoch 51 step 40500 avg_loss=31.370
[1757.9s] epoch 51 step 40550 avg_loss=31.567
[1759.8s] epoch 51 step 40600 avg_loss=31.344
[1761.9s] epoch 51 step 40650 avg_loss=31.791
[1764.0s] epoch 51 step 40700 avg_loss=32.162
[1766.3s] epoch 51 step 40750 avg_loss=32.161
[1768.5s] epoch 51 step 40800 avg_loss=32.450
[1770.6s] epoch 51 step 40850 avg_loss=32.773
[1772.7s] epoch 51 step 40900 avg_loss=32.770
[1774.5s] epoch 51 step 40950 avg_loss=32.547
[1775.4s] === epoch 51 done: avg_loss=32.481 (n=788 derivations) ===
[1776.4s] epoch 52 step 41000 avg_loss=28.323
[1778.8s] epoch 52 step 41050 avg_loss=32.476
[1780.7s] epoch 52 step 41100 avg_loss=31.565
[1783.0s] epoch 52 step 41150 avg_loss=31.629
[1785.0s] epoch 52 step 41200 avg_loss=31.024
[1787.5s] epoch 52 step 41250 avg_loss=32.205
[1789.8s] epoch 52 step 41300 avg_loss=31.992
[1792.2s] epoch 52 step 41350 avg_loss=32.125
[1794.0s] epoch 52 step 41400 avg_loss=31.787
[1795.9s] epoch 52 step 41450 avg_loss=31.514
[1798.0s] epoch 52 step 41500 avg_loss=31.498
[1800.2s] epoch 52 step 41550 avg_loss=31.862
[1802.6s] epoch 52 step 41600 avg_loss=32.032
[1805.0s] epoch 52 step 41650 avg_loss=32.259
[1807.2s] epoch 52 step 41700 avg_loss=32.344
[1809.5s] epoch 52 step 41750 avg_loss=32.419
[1810.1s] === epoch 52 done: avg_loss=32.426 (n=788 derivations) ===
[1811.7s] epoch 53 step 41800 avg_loss=33.986
[1813.7s] epoch 53 step 41850 avg_loss=32.333
[1815.7s] epoch 53 step 41900 avg_loss=31.484
[1817.9s] epoch 53 step 41950 avg_loss=31.121
[1820.1s] epoch 53 step 42000 avg_loss=30.665
[1822.3s] epoch 53 step 42050 avg_loss=30.915
[1824.5s] epoch 53 step 42100 avg_loss=31.349
[1826.8s] epoch 53 step 42150 avg_loss=31.778
[1828.7s] epoch 53 step 42200 avg_loss=31.351
[1830.8s] epoch 53 step 42250 avg_loss=31.467
[1833.1s] epoch 53 step 42300 avg_loss=31.812
[1835.2s] epoch 53 step 42350 avg_loss=31.879
[1837.1s] epoch 53 step 42400 avg_loss=31.800
[1839.3s] epoch 53 step 42450 avg_loss=31.975
[1841.8s] epoch 53 step 42500 avg_loss=32.422
[1843.9s] epoch 53 step 42550 avg_loss=32.346
[1843.9s] === epoch 53 done: avg_loss=32.304 (n=788 derivations) ===
[1845.8s] epoch 54 step 42600 avg_loss=28.919
[1848.2s] epoch 54 step 42650 avg_loss=32.586
[1850.7s] epoch 54 step 42700 avg_loss=33.209
[1853.2s] epoch 54 step 42750 avg_loss=33.111
[1855.0s] epoch 54 step 42800 avg_loss=32.220
[1857.3s] epoch 54 step 42850 avg_loss=31.879
[1859.4s] epoch 54 step 42900 avg_loss=31.261
[1861.9s] epoch 54 step 42950 avg_loss=31.675
[1864.5s] epoch 54 step 43000 avg_loss=31.792
[1866.7s] epoch 54 step 43050 avg_loss=31.226
[1868.8s] epoch 54 step 43100 avg_loss=31.250
[1871.0s] epoch 54 step 43150 avg_loss=31.320
[1873.3s] epoch 54 step 43200 avg_loss=31.725
[1875.7s] epoch 54 step 43250 avg_loss=31.973
[1877.9s] epoch 54 step 43300 avg_loss=32.160
[1879.9s] === epoch 54 done: avg_loss=32.168 (n=788 derivations) ===
[1880.4s] epoch 55 step 43350 avg_loss=31.617
[1882.7s] epoch 55 step 43400 avg_loss=33.187
[1885.0s] epoch 55 step 43450 avg_loss=32.954
[1887.2s] epoch 55 step 43500 avg_loss=32.254
[1889.8s] epoch 55 step 43550 avg_loss=33.252
[1892.0s] epoch 55 step 43600 avg_loss=33.490
[1894.4s] epoch 55 step 43650 avg_loss=32.990
[1896.9s] epoch 55 step 43700 avg_loss=33.358
[1899.2s] epoch 55 step 43750 avg_loss=32.943
[1901.3s] epoch 55 step 43800 avg_loss=32.547
[1903.3s] epoch 55 step 43850 avg_loss=32.190
[1905.6s] epoch 55 step 43900 avg_loss=32.869
[1907.3s] epoch 55 step 43950 avg_loss=32.475
[1909.2s] epoch 55 step 44000 avg_loss=32.229
[1911.4s] epoch 55 step 44050 avg_loss=32.267
[1913.4s] epoch 55 step 44100 avg_loss=32.264
[1914.5s] === epoch 55 done: avg_loss=32.146 (n=788 derivations) ===
[1915.4s] epoch 56 step 44150 avg_loss=33.975
[1917.6s] epoch 56 step 44200 avg_loss=33.650
[1919.7s] epoch 56 step 44250 avg_loss=33.877
[1921.9s] epoch 56 step 44300 avg_loss=33.899
[1923.8s] epoch 56 step 44350 avg_loss=32.344
[1925.8s] epoch 56 step 44400 avg_loss=31.699
[1927.8s] epoch 56 step 44450 avg_loss=31.082
[1930.0s] epoch 56 step 44500 avg_loss=31.231
[1932.0s] epoch 56 step 44550 avg_loss=31.074
[1934.1s] epoch 56 step 44600 avg_loss=30.980
[1936.3s] epoch 56 step 44650 avg_loss=31.409
[1938.5s] epoch 56 step 44700 avg_loss=31.494
[1940.7s] epoch 56 step 44750 avg_loss=31.623
[1942.5s] epoch 56 step 44800 avg_loss=31.426
[1944.7s] epoch 56 step 44850 avg_loss=31.893
[1946.9s] epoch 56 step 44900 avg_loss=32.037
[1947.7s] === epoch 56 done: avg_loss=32.035 (n=788 derivations) ===
[1949.4s] epoch 57 step 44950 avg_loss=35.439
[1951.3s] epoch 57 step 45000 avg_loss=31.436
[1953.7s] epoch 57 step 45050 avg_loss=31.875
[1955.7s] epoch 57 step 45100 avg_loss=31.797
[1957.5s] epoch 57 step 45150 avg_loss=30.767
[1959.9s] epoch 57 step 45200 avg_loss=32.220
[1962.5s] epoch 57 step 45250 avg_loss=32.910
[1964.7s] epoch 57 step 45300 avg_loss=32.644
[1966.7s] epoch 57 step 45350 avg_loss=32.068
[1968.5s] epoch 57 step 45400 avg_loss=31.716
[1970.7s] epoch 57 step 45450 avg_loss=31.856
[1972.6s] epoch 57 step 45500 avg_loss=31.791
[1974.5s] epoch 57 step 45550 avg_loss=31.619
[1976.7s] epoch 57 step 45600 avg_loss=31.588
[1978.9s] epoch 57 step 45650 avg_loss=31.811
[1981.5s] epoch 57 step 45700 avg_loss=32.030
[1981.7s] === epoch 57 done: avg_loss=32.029 (n=788 derivations) ===
[1983.2s] epoch 58 step 45750 avg_loss=25.437
[1985.6s] epoch 58 step 45800 avg_loss=29.717
[1988.0s] epoch 58 step 45850 avg_loss=30.830
[1990.2s] epoch 58 step 45900 avg_loss=30.439
[1992.6s] epoch 58 step 45950 avg_loss=31.546
[1994.5s] epoch 58 step 46000 avg_loss=31.039
[1997.0s] epoch 58 step 46050 avg_loss=31.545
[1999.0s] epoch 58 step 46100 avg_loss=31.449
[2001.7s] epoch 58 step 46150 avg_loss=32.244
[2003.9s] epoch 58 step 46200 avg_loss=32.274
[2005.9s] epoch 58 step 46250 avg_loss=32.175
[2008.0s] epoch 58 step 46300 avg_loss=32.014
[2010.0s] epoch 58 step 46350 avg_loss=31.766
[2012.3s] epoch 58 step 46400 avg_loss=31.955
[2014.3s] epoch 58 step 46450 avg_loss=31.789
[2016.1s] === epoch 58 done: avg_loss=31.838 (n=788 derivations) ===
[2016.4s] epoch 59 step 46500 avg_loss=27.452
[2018.5s] epoch 59 step 46550 avg_loss=29.352
[2020.5s] epoch 59 step 46600 avg_loss=30.065
[2022.6s] epoch 59 step 46650 avg_loss=30.523
[2024.7s] epoch 59 step 46700 avg_loss=31.165
[2026.6s] epoch 59 step 46750 avg_loss=31.255
[2028.8s] epoch 59 step 46800 avg_loss=31.414
[2030.9s] epoch 59 step 46850 avg_loss=31.107
[2033.1s] epoch 59 step 46900 avg_loss=31.406
[2035.3s] epoch 59 step 46950 avg_loss=31.193
[2037.5s] epoch 59 step 47000 avg_loss=31.628
[2039.6s] epoch 59 step 47050 avg_loss=31.419
[2041.7s] epoch 59 step 47100 avg_loss=31.244
[2043.8s] epoch 59 step 47150 avg_loss=30.998
[2045.9s] epoch 59 step 47200 avg_loss=30.849
[2048.2s] epoch 59 step 47250 avg_loss=31.158
[2051.4s] eval step=1500 train_avg_loss=31.811 dev_rank1_f1=0.3142 dev_edge_p=0.2704 dev_edge_r=0.3749
[2051.4s] === epoch 59 done: avg_loss=31.811 (n=788 derivations) ===
[2052.1s] epoch 60 step 47300 avg_loss=25.834
[2054.5s] epoch 60 step 47350 avg_loss=27.744
[2056.7s] epoch 60 step 47400 avg_loss=28.547
[2059.4s] epoch 60 step 47450 avg_loss=32.715
[2061.7s] epoch 60 step 47500 avg_loss=32.366
[2063.7s] epoch 60 step 47550 avg_loss=32.553
[2065.6s] epoch 60 step 47600 avg_loss=31.561
[2067.4s] epoch 60 step 47650 avg_loss=31.177
[2069.6s] epoch 60 step 47700 avg_loss=31.182
[2071.8s] epoch 60 step 47750 avg_loss=31.385
[2073.7s] epoch 60 step 47800 avg_loss=31.048
[2076.0s] epoch 60 step 47850 avg_loss=31.198
[2078.2s] epoch 60 step 47900 avg_loss=31.276
[2080.2s] epoch 60 step 47950 avg_loss=31.375
[2082.5s] epoch 60 step 48000 avg_loss=31.577
[2084.6s] epoch 60 step 48050 avg_loss=31.853
[2085.3s] === epoch 60 done: avg_loss=31.747 (n=788 derivations) ===
[2086.7s] epoch 61 step 48100 avg_loss=32.115
[2088.7s] epoch 61 step 48150 avg_loss=30.509
[2091.1s] epoch 61 step 48200 avg_loss=32.394
[2093.2s] epoch 61 step 48250 avg_loss=32.723
[2095.2s] epoch 61 step 48300 avg_loss=32.397
[2097.4s] epoch 61 step 48350 avg_loss=32.702
[2099.4s] epoch 61 step 48400 avg_loss=32.526
[2101.2s] epoch 61 step 48450 avg_loss=31.986
[2103.1s] epoch 61 step 48500 avg_loss=31.523
[2105.2s] epoch 61 step 48550 avg_loss=31.248
[2107.1s] epoch 61 step 48600 avg_loss=31.084
[2109.4s] epoch 61 step 48650 avg_loss=31.094
[2111.6s] epoch 61 step 48700 avg_loss=31.170
[2114.0s] epoch 61 step 48750 avg_loss=31.242
[2116.4s] epoch 61 step 48800 avg_loss=31.449
[2118.9s] epoch 61 step 48850 avg_loss=31.743
[2119.1s] === epoch 61 done: avg_loss=31.650 (n=788 derivations) ===
[2120.9s] epoch 62 step 48900 avg_loss=30.357
[2122.9s] epoch 62 step 48950 avg_loss=29.488
[2125.1s] epoch 62 step 49000 avg_loss=30.415
[2127.6s] epoch 62 step 49050 avg_loss=31.128
[2129.9s] epoch 62 step 49100 avg_loss=31.911
[2131.8s] epoch 62 step 49150 avg_loss=31.238
[2133.7s] epoch 62 step 49200 avg_loss=30.766
[2136.0s] epoch 62 step 49250 avg_loss=31.623
[2138.1s] epoch 62 step 49300 avg_loss=31.360
[2140.4s] epoch 62 step 49350 avg_loss=31.652
[2142.9s] epoch 62 step 49400 avg_loss=31.933
[2145.1s] epoch 62 step 49450 avg_loss=31.754
[2147.3s] epoch 62 step 49500 avg_loss=31.631
[2149.5s] epoch 62 step 49550 avg_loss=31.669
[2151.8s] epoch 62 step 49600 avg_loss=31.661
[2153.7s] === epoch 62 done: avg_loss=31.545 (n=788 derivations) ===
[2153.9s] epoch 63 step 49650 avg_loss=20.824
[2156.4s] epoch 63 step 49700 avg_loss=33.386
[2158.5s] epoch 63 step 49750 avg_loss=30.625
[2160.7s] epoch 63 step 49800 avg_loss=30.682
[2162.9s] epoch 63 step 49850 avg_loss=31.007
[2164.9s] epoch 63 step 49900 avg_loss=30.965
[2166.8s] epoch 63 step 49950 avg_loss=30.278
[2169.3s] epoch 63 step 50000 avg_loss=31.151
[2171.7s] epoch 63 step 50050 avg_loss=31.529
[2173.8s] epoch 63 step 50100 avg_loss=31.545
[2175.6s] epoch 63 step 50150 avg_loss=30.953
[2177.5s] epoch 63 step 50200 avg_loss=31.034
[2179.6s] epoch 63 step 50250 avg_loss=31.284
[2181.8s] epoch 63 step 50300 avg_loss=31.146
[2184.2s] epoch 63 step 50350 avg_loss=31.302
[2186.7s] epoch 63 step 50400 avg_loss=31.612
[2187.9s] === epoch 63 done: avg_loss=31.481 (n=788 derivations) ===
[2188.8s] epoch 64 step 50450 avg_loss=35.562
[2191.3s] epoch 64 step 50500 avg_loss=36.216
[2193.8s] epoch 64 step 50550 avg_loss=35.554
[2195.8s] epoch 64 step 50600 avg_loss=33.328
[2197.8s] epoch 64 step 50650 avg_loss=32.041
[2200.0s] epoch 64 step 50700 avg_loss=32.214
[2201.9s] epoch 64 step 50750 avg_loss=31.379
[2203.8s] epoch 64 step 50800 avg_loss=31.558
[2205.7s] epoch 64 step 50850 avg_loss=31.529
[2207.5s] epoch 64 step 50900 avg_loss=30.947
[2209.6s] epoch 64 step 50950 avg_loss=31.212
[2211.5s] epoch 64 step 51000 avg_loss=31.012
[2213.5s] epoch 64 step 51050 avg_loss=30.850
[2215.6s] epoch 64 step 51100 avg_loss=30.867
[2217.9s] epoch 64 step 51150 avg_loss=31.033
[2220.4s] epoch 64 step 51200 avg_loss=31.659
[2221.2s] === epoch 64 done: avg_loss=31.582 (n=788 derivations) ===
[2222.4s] epoch 65 step 51250 avg_loss=32.484
[2224.4s] epoch 65 step 51300 avg_loss=30.811
[2226.6s] epoch 65 step 51350 avg_loss=31.233
[2228.6s] epoch 65 step 51400 avg_loss=30.297
[2230.6s] epoch 65 step 51450 avg_loss=29.842
[2232.7s] epoch 65 step 51500 avg_loss=29.852
[2234.7s] epoch 65 step 51550 avg_loss=29.866
[2236.9s] epoch 65 step 51600 avg_loss=30.167
[2239.1s] epoch 65 step 51650 avg_loss=30.220
[2241.7s] epoch 65 step 51700 avg_loss=30.998
[2243.7s] epoch 65 step 51750 avg_loss=30.921
[2246.2s] epoch 65 step 51800 avg_loss=31.603
[2248.3s] epoch 65 step 51850 avg_loss=31.509
[2250.5s] epoch 65 step 51900 avg_loss=31.473
[2252.5s] epoch 65 step 51950 avg_loss=31.566
[2254.6s] epoch 65 step 52000 avg_loss=31.415
[2254.9s] === epoch 65 done: avg_loss=31.425 (n=788 derivations) ===
[2256.8s] epoch 66 step 52050 avg_loss=37.620
[2258.7s] epoch 66 step 52100 avg_loss=32.314
[2260.9s] epoch 66 step 52150 avg_loss=33.286
[2263.1s] epoch 66 step 52200 avg_loss=32.882
[2265.1s] epoch 66 step 52250 avg_loss=32.593
[2267.2s] epoch 66 step 52300 avg_loss=32.251
[2269.3s] epoch 66 step 52350 avg_loss=31.512
[2271.7s] epoch 66 step 52400 avg_loss=31.819
[2273.8s] epoch 66 step 52450 avg_loss=31.547
[2275.9s] epoch 66 step 52500 avg_loss=31.436
[2278.0s] epoch 66 step 52550 avg_loss=31.242
[2280.6s] epoch 66 step 52600 avg_loss=31.743
[2282.6s] epoch 66 step 52650 avg_loss=31.251
[2285.2s] epoch 66 step 52700 avg_loss=31.662
[2287.0s] epoch 66 step 52750 avg_loss=31.233
[2289.0s] === epoch 66 done: avg_loss=31.325 (n=788 derivations) ===
[2289.2s] epoch 67 step 52800 avg_loss=39.364
[2291.4s] epoch 67 step 52850 avg_loss=30.791
[2293.4s] epoch 67 step 52900 avg_loss=31.296
[2295.6s] epoch 67 step 52950 avg_loss=32.403
[2297.8s] epoch 67 step 53000 avg_loss=32.133
[2300.2s] epoch 67 step 53050 avg_loss=32.075
[2302.3s] epoch 67 step 53100 avg_loss=32.130
[2304.4s] epoch 67 step 53150 avg_loss=31.753
[2306.7s] epoch 67 step 53200 avg_loss=32.083
[2308.7s] epoch 67 step 53250 avg_loss=31.596
[2310.7s] epoch 67 step 53300 avg_loss=31.499
[2312.8s] epoch 67 step 53350 avg_loss=31.382
[2314.9s] epoch 67 step 53400 avg_loss=31.583
[2317.0s] epoch 67 step 53450 avg_loss=31.498
[2319.0s] epoch 67 step 53500 avg_loss=31.319
[2321.2s] epoch 67 step 53550 avg_loss=31.383
[2322.6s] === epoch 67 done: avg_loss=31.279 (n=788 derivations) ===
[2323.3s] epoch 68 step 53600 avg_loss=37.891
[2325.5s] epoch 68 step 53650 avg_loss=31.003
[2327.8s] epoch 68 step 53700 avg_loss=31.474
[2330.6s] epoch 68 step 53750 avg_loss=32.333
[2332.5s] epoch 68 step 53800 avg_loss=31.633
[2334.5s] epoch 68 step 53850 avg_loss=31.610
[2336.6s] epoch 68 step 53900 avg_loss=30.780
[2338.8s] epoch 68 step 53950 avg_loss=31.050
[2340.9s] epoch 68 step 54000 avg_loss=31.046
[2343.2s] epoch 68 step 54050 avg_loss=31.523
[2345.4s] epoch 68 step 54100 avg_loss=31.631
[2347.3s] epoch 68 step 54150 avg_loss=31.335
[2349.0s] epoch 68 step 54200 avg_loss=30.739
[2351.0s] epoch 68 step 54250 avg_loss=30.710
[2353.1s] epoch 68 step 54300 avg_loss=30.889
[2355.4s] epoch 68 step 54350 avg_loss=31.209
[2356.5s] === epoch 68 done: avg_loss=31.439 (n=788 derivations) ===
[2357.6s] epoch 69 step 54400 avg_loss=29.158
[2359.5s] epoch 69 step 54450 avg_loss=28.274
[2361.8s] epoch 69 step 54500 avg_loss=30.627
[2364.0s] epoch 69 step 54550 avg_loss=32.204
[2366.2s] epoch 69 step 54600 avg_loss=32.221
[2368.5s] epoch 69 step 54650 avg_loss=32.632
[2370.7s] epoch 69 step 54700 avg_loss=32.313
[2372.9s] epoch 69 step 54750 avg_loss=32.094
[2375.1s] epoch 69 step 54800 avg_loss=31.870
[2377.3s] epoch 69 step 54850 avg_loss=31.748
[2379.0s] epoch 69 step 54900 avg_loss=31.115
[2381.2s] epoch 69 step 54950 avg_loss=31.414
[2383.4s] epoch 69 step 55000 avg_loss=31.468
[2385.4s] epoch 69 step 55050 avg_loss=31.350
[2387.5s] epoch 69 step 55100 avg_loss=31.340
[2389.6s] epoch 69 step 55150 avg_loss=31.216
[2391.4s] eval step=1750 train_avg_loss=31.281 dev_rank1_f1=0.3179 dev_edge_p=0.2746 dev_edge_r=0.3774
[2391.4s] === epoch 69 done: avg_loss=31.281 (n=788 derivations) ===
[2392.9s] epoch 70 step 55200 avg_loss=27.891
[2395.1s] epoch 70 step 55250 avg_loss=29.820
[2397.4s] epoch 70 step 55300 avg_loss=29.978
[2399.9s] epoch 70 step 55350 avg_loss=30.723
[2402.2s] epoch 70 step 55400 avg_loss=30.385
[2404.6s] epoch 70 step 55450 avg_loss=30.922
[2406.6s] epoch 70 step 55500 avg_loss=30.630
[2408.8s] epoch 70 step 55550 avg_loss=30.505
[2410.8s] epoch 70 step 55600 avg_loss=30.531
[2413.1s] epoch 70 step 55650 avg_loss=30.923
[2415.3s] epoch 70 step 55700 avg_loss=31.080
[2417.6s] epoch 70 step 55750 avg_loss=31.141
[2419.8s] epoch 70 step 55800 avg_loss=31.184
[2422.0s] epoch 70 step 55850 avg_loss=31.017
[2424.1s] epoch 70 step 55900 avg_loss=31.044
[2426.1s] === epoch 70 done: avg_loss=31.131 (n=788 derivations) ===
[2426.2s] epoch 71 step 55950 avg_loss=26.095
[2428.1s] epoch 71 step 56000 avg_loss=32.041
[2430.4s] epoch 71 step 56050 avg_loss=32.160
[2432.9s] epoch 71 step 56100 avg_loss=32.644
[2435.0s] epoch 71 step 56150 avg_loss=31.430
[2437.1s] epoch 71 step 56200 avg_loss=31.453
[2439.2s] epoch 71 step 56250 avg_loss=30.906
[2440.8s] epoch 71 step 56300 avg_loss=30.192
[2442.7s] epoch 71 step 56350 avg_loss=29.894
[2444.7s] epoch 71 step 56400 avg_loss=30.053
[2446.7s] epoch 71 step 56450 avg_loss=30.218
[2449.3s] epoch 71 step 56500 avg_loss=30.637
[2451.6s] epoch 71 step 56550 avg_loss=30.827
[2453.9s] epoch 71 step 56600 avg_loss=30.905
[2456.4s] epoch 71 step 56650 avg_loss=30.821
[2459.1s] epoch 71 step 56700 avg_loss=31.142
[2460.8s] === epoch 71 done: avg_loss=31.075 (n=788 derivations) ===
[2461.5s] epoch 72 step 56750 avg_loss=32.858
[2463.4s] epoch 72 step 56800 avg_loss=29.997
[2465.6s] epoch 72 step 56850 avg_loss=31.553
[2468.0s] epoch 72 step 56900 avg_loss=33.586
[2470.0s] epoch 72 step 56950 avg_loss=32.413
[2472.0s] epoch 72 step 57000 avg_loss=31.393
[2473.6s] epoch 72 step 57050 avg_loss=30.160
[2475.9s] epoch 72 step 57100 avg_loss=30.614
[2478.2s] epoch 72 step 57150 avg_loss=30.571
[2480.6s] epoch 72 step 57200 avg_loss=30.857
[2482.9s] epoch 72 step 57250 avg_loss=31.039
[2485.2s] epoch 72 step 57300 avg_loss=31.300
[2487.3s] epoch 72 step 57350 avg_loss=31.109
[2489.3s] epoch 72 step 57400 avg_loss=30.899
[2491.8s] epoch 72 step 57450 avg_loss=31.053
[2494.0s] epoch 72 step 57500 avg_loss=31.066
[2495.0s] === epoch 72 done: avg_loss=30.995 (n=788 derivations) ===
[2496.1s] epoch 73 step 57550 avg_loss=28.284
[2498.1s] epoch 73 step 57600 avg_loss=29.103
[2500.1s] epoch 73 step 57650 avg_loss=29.174
[2502.0s] epoch 73 step 57700 avg_loss=29.547
[2503.9s] epoch 73 step 57750 avg_loss=29.602
[2505.8s] epoch 73 step 57800 avg_loss=29.894
[2507.6s] epoch 73 step 57850 avg_loss=29.713
[2509.7s] epoch 73 step 57900 avg_loss=29.932
[2512.0s] epoch 73 step 57950 avg_loss=30.221
[2514.2s] epoch 73 step 58000 avg_loss=30.067
[2516.6s] epoch 73 step 58050 avg_loss=30.338
[2519.1s] epoch 73 step 58100 avg_loss=30.807
[2521.1s] epoch 73 step 58150 avg_loss=30.712
[2523.1s] epoch 73 step 58200 avg_loss=30.733
[2525.3s] epoch 73 step 58250 avg_loss=30.969
[2527.5s] epoch 73 step 58300 avg_loss=31.111
[2527.8s] === epoch 73 done: avg_loss=30.943 (n=788 derivations) ===
[2529.3s] epoch 74 step 58350 avg_loss=25.086
[2531.5s] epoch 74 step 58400 avg_loss=30.133
[2533.8s] epoch 74 step 58450 avg_loss=30.925
[2536.0s] epoch 74 step 58500 avg_loss=31.857
[2538.1s] epoch 74 step 58550 avg_loss=30.915
[2540.3s] epoch 74 step 58600 avg_loss=30.366
[2542.6s] epoch 74 step 58650 avg_loss=30.258
[2544.7s] epoch 74 step 58700 avg_loss=30.367
[2547.1s] epoch 74 step 58750 avg_loss=30.497
[2549.8s] epoch 74 step 58800 avg_loss=30.874
[2552.5s] epoch 74 step 58850 avg_loss=31.299
[2555.2s] epoch 74 step 58900 avg_loss=31.479
[2557.5s] epoch 74 step 58950 avg_loss=31.544
[2559.8s] epoch 74 step 59000 avg_loss=31.436
[2561.8s] epoch 74 step 59050 avg_loss=31.053
[2563.8s] epoch 74 step 59100 avg_loss=30.910
[2563.8s] === epoch 74 done: avg_loss=30.910 (n=788 derivations) ===
[2565.9s] epoch 75 step 59150 avg_loss=33.896
[2568.2s] epoch 75 step 59200 avg_loss=33.870
[2570.4s] epoch 75 step 59250 avg_loss=32.255
[2572.6s] epoch 75 step 59300 avg_loss=32.675
[2574.6s] epoch 75 step 59350 avg_loss=32.171
[2576.7s] epoch 75 step 59400 avg_loss=32.135
[2578.9s] epoch 75 step 59450 avg_loss=31.915
[2581.1s] epoch 75 step 59500 avg_loss=31.722
[2583.1s] epoch 75 step 59550 avg_loss=31.616
[2584.8s] epoch 75 step 59600 avg_loss=31.114
[2587.0s] epoch 75 step 59650 avg_loss=31.252
[2588.8s] epoch 75 step 59700 avg_loss=30.845
[2590.8s] epoch 75 step 59750 avg_loss=30.657
[2592.9s] epoch 75 step 59800 avg_loss=30.837
[2594.8s] epoch 75 step 59850 avg_loss=30.877
[2596.4s] === epoch 75 done: avg_loss=30.848 (n=788 derivations) ===
[2596.9s] epoch 76 step 59900 avg_loss=29.026
[2598.9s] epoch 76 step 59950 avg_loss=27.337
[2601.4s] epoch 76 step 60000 avg_loss=30.985
[2603.5s] epoch 76 step 60050 avg_loss=30.228
[2605.6s] epoch 76 step 60100 avg_loss=30.260
[2607.5s] epoch 76 step 60150 avg_loss=30.125
[2610.0s] epoch 76 step 60200 avg_loss=30.527
[2612.2s] epoch 76 step 60250 avg_loss=30.969
[2614.0s] epoch 76 step 60300 avg_loss=30.801
[2616.3s] epoch 76 step 60350 avg_loss=31.254
[2618.4s] epoch 76 step 60400 avg_loss=31.327
[2620.2s] epoch 76 step 60450 avg_loss=30.980
[2622.2s] epoch 76 step 60500 avg_loss=30.810
[2624.5s] epoch 76 step 60550 avg_loss=30.618
[2626.6s] epoch 76 step 60600 avg_loss=30.786
[2629.0s] epoch 76 step 60650 avg_loss=30.906
[2630.0s] === epoch 76 done: avg_loss=30.822 (n=788 derivations) ===
[2631.0s] epoch 77 step 60700 avg_loss=26.216
[2633.1s] epoch 77 step 60750 avg_loss=29.148
[2635.4s] epoch 77 step 60800 avg_loss=29.968
[2637.7s] epoch 77 step 60850 avg_loss=30.786
[2639.6s] epoch 77 step 60900 avg_loss=30.554
[2641.7s] epoch 77 step 60950 avg_loss=30.796
[2643.8s] epoch 77 step 61000 avg_loss=30.850
[2646.0s] epoch 77 step 61050 avg_loss=31.072
[2648.0s] epoch 77 step 61100 avg_loss=30.888
[2650.3s] epoch 77 step 61150 avg_loss=31.394
[2652.1s] epoch 77 step 61200 avg_loss=30.703
[2654.1s] epoch 77 step 61250 avg_loss=30.452
[2656.1s] epoch 77 step 61300 avg_loss=30.562
[2658.1s] epoch 77 step 61350 avg_loss=30.649
[2660.2s] epoch 77 step 61400 avg_loss=31.013
[2662.1s] epoch 77 step 61450 avg_loss=30.874
[2662.7s] === epoch 77 done: avg_loss=30.786 (n=788 derivations) ===
[2664.0s] epoch 78 step 61500 avg_loss=27.567
[2666.2s] epoch 78 step 61550 avg_loss=28.719
[2668.5s] epoch 78 step 61600 avg_loss=29.929
[2671.0s] epoch 78 step 61650 avg_loss=31.522
[2673.0s] epoch 78 step 61700 avg_loss=30.861
[2675.2s] epoch 78 step 61750 avg_loss=30.755
[2677.6s] epoch 78 step 61800 avg_loss=31.091
[2679.9s] epoch 78 step 61850 avg_loss=31.317
[2682.0s] epoch 78 step 61900 avg_loss=31.312
[2684.1s] epoch 78 step 61950 avg_loss=31.208
[2686.3s] epoch 78 step 62000 avg_loss=31.327
[2688.1s] epoch 78 step 62050 avg_loss=30.913
[2689.8s] epoch 78 step 62100 avg_loss=30.812
[2691.7s] epoch 78 step 62150 avg_loss=30.722
[2693.6s] epoch 78 step 62200 avg_loss=30.423
[2695.8s] epoch 78 step 62250 avg_loss=30.687
[2696.0s] === epoch 78 done: avg_loss=30.747 (n=788 derivations) ===
[2697.8s] epoch 79 step 62300 avg_loss=27.187
[2699.5s] epoch 79 step 62350 avg_loss=26.765
[2701.4s] epoch 79 step 62400 avg_loss=28.038
[2703.3s] epoch 79 step 62450 avg_loss=28.623
[2705.4s] epoch 79 step 62500 avg_loss=29.511
[2707.5s] epoch 79 step 62550 avg_loss=29.859
[2709.7s] epoch 79 step 62600 avg_loss=29.949
[2711.6s] epoch 79 step 62650 avg_loss=29.547
[2713.9s] epoch 79 step 62700 avg_loss=30.023
[2715.7s] epoch 79 step 62750 avg_loss=30.104
[2717.7s] epoch 79 step 62800 avg_loss=30.116
[2720.0s] epoch 79 step 62850 avg_loss=30.287
[2722.0s] epoch 79 step 62900 avg_loss=30.282
[2724.5s] epoch 79 step 62950 avg_loss=30.796
[2726.6s] epoch 79 step 63000 avg_loss=30.762
[2729.5s] eval step=2000 train_avg_loss=30.708 dev_rank1_f1=0.3235 dev_edge_p=0.2723 dev_edge_r=0.3986
[2729.5s] === epoch 79 done: avg_loss=30.708 (n=788 derivations) ===
[2729.8s] epoch 80 step 63050 avg_loss=25.025
[2731.9s] epoch 80 step 63100 avg_loss=28.866
[2734.0s] epoch 80 step 63150 avg_loss=30.458
[2735.9s] epoch 80 step 63200 avg_loss=29.722
[2737.9s] epoch 80 step 63250 avg_loss=30.674
[2740.2s] epoch 80 step 63300 avg_loss=31.232
[2742.5s] epoch 80 step 63350 avg_loss=31.163
[2744.1s] epoch 80 step 63400 avg_loss=30.358
[2746.1s] epoch 80 step 63450 avg_loss=30.418
[2748.2s] epoch 80 step 63500 avg_loss=30.798
[2750.5s] epoch 80 step 63550 avg_loss=31.153
[2752.5s] epoch 80 step 63600 avg_loss=31.088
[2754.6s] epoch 80 step 63650 avg_loss=30.746
[2756.6s] epoch 80 step 63700 avg_loss=30.617
[2758.8s] epoch 80 step 63750 avg_loss=30.488
[2760.9s] epoch 80 step 63800 avg_loss=30.590
[2762.1s] === epoch 80 done: avg_loss=30.686 (n=788 derivations) ===
[2763.0s] epoch 81 step 63850 avg_loss=26.335
[2765.0s] epoch 81 step 63900 avg_loss=29.381
[2767.1s] epoch 81 step 63950 avg_loss=29.870
[2769.2s] epoch 81 step 64000 avg_loss=30.562
[2771.3s] epoch 81 step 64050 avg_loss=30.778
[2773.4s] epoch 81 step 64100 avg_loss=30.071
[2775.8s] epoch 81 step 64150 avg_loss=30.662
[2778.1s] epoch 81 step 64200 avg_loss=31.046
[2780.3s] epoch 81 step 64250 avg_loss=31.291
[2782.3s] epoch 81 step 64300 avg_loss=31.204
[2784.0s] epoch 81 step 64350 avg_loss=30.603
[2786.3s] epoch 81 step 64400 avg_loss=30.860
[2788.3s] epoch 81 step 64450 avg_loss=30.583
[2790.5s] epoch 81 step 64500 avg_loss=30.791
[2792.8s] epoch 81 step 64550 avg_loss=31.084
[2794.6s] epoch 81 step 64600 avg_loss=30.693
[2795.3s] === epoch 81 done: avg_loss=30.708 (n=788 derivations) ===
[2796.7s] epoch 82 step 64650 avg_loss=28.113
[2798.7s] epoch 82 step 64700 avg_loss=29.386
[2800.7s] epoch 82 step 64750 avg_loss=29.376
[2803.1s] epoch 82 step 64800 avg_loss=31.787
[2804.9s] epoch 82 step 64850 avg_loss=30.354
[2807.1s] epoch 82 step 64900 avg_loss=30.687
[2809.1s] epoch 82 step 64950 avg_loss=30.787
[2811.1s] epoch 82 step 65000 avg_loss=30.737
[2813.3s] epoch 82 step 65050 avg_loss=30.735
[2815.3s] epoch 82 step 65100 avg_loss=30.933
[2817.6s] epoch 82 step 65150 avg_loss=31.278
[2819.8s] epoch 82 step 65200 avg_loss=31.482
[2821.7s] epoch 82 step 65250 avg_loss=31.083
[2823.9s] epoch 82 step 65300 avg_loss=31.034
[2826.0s] epoch 82 step 65350 avg_loss=30.909
[2827.8s] epoch 82 step 65400 avg_loss=30.683
[2828.0s] === epoch 82 done: avg_loss=30.650 (n=788 derivations) ===
[2830.0s] epoch 83 step 65450 avg_loss=33.981
[2832.2s] epoch 83 step 65500 avg_loss=32.783
[2834.5s] epoch 83 step 65550 avg_loss=32.155
[2836.6s] epoch 83 step 65600 avg_loss=32.469
[2838.4s] epoch 83 step 65650 avg_loss=31.416
[2840.2s] epoch 83 step 65700 avg_loss=30.665
[2842.4s] epoch 83 step 65750 avg_loss=30.743
[2844.6s] epoch 83 step 65800 avg_loss=30.786
[2847.1s] epoch 83 step 65850 avg_loss=31.485
[2849.3s] epoch 83 step 65900 avg_loss=31.274
[2851.4s] epoch 83 step 65950 avg_loss=31.298
[2853.4s] epoch 83 step 66000 avg_loss=31.248
[2855.4s] epoch 83 step 66050 avg_loss=31.105
[2857.4s] epoch 83 step 66100 avg_loss=30.921
[2859.5s] epoch 83 step 66150 avg_loss=30.875
[2861.2s] === epoch 83 done: avg_loss=30.687 (n=788 derivations) ===
[2861.6s] epoch 84 step 66200 avg_loss=32.649
[2863.4s] epoch 84 step 66250 avg_loss=28.254
[2865.7s] epoch 84 step 66300 avg_loss=29.535
[2868.1s] epoch 84 step 66350 avg_loss=31.117
[2870.3s] epoch 84 step 66400 avg_loss=30.034
[2872.6s] epoch 84 step 66450 avg_loss=30.264
[2874.8s] epoch 84 step 66500 avg_loss=29.903
[2877.3s] epoch 84 step 66550 avg_loss=30.641
[2879.5s] epoch 84 step 66600 avg_loss=31.105
[2881.4s] epoch 84 step 66650 avg_loss=30.612
[2883.4s] epoch 84 step 66700 avg_loss=30.447
[2885.2s] epoch 84 step 66750 avg_loss=30.260
[2887.5s] epoch 84 step 66800 avg_loss=30.601
[2889.5s] epoch 84 step 66850 avg_loss=30.452
[2891.7s] epoch 84 step 66900 avg_loss=30.752
[2893.8s] epoch 84 step 66950 avg_loss=30.734
[2895.0s] === epoch 84 done: avg_loss=30.618 (n=788 derivations) ===
[2895.7s] epoch 85 step 67000 avg_loss=31.901
[2897.8s] epoch 85 step 67050 avg_loss=29.745
[2900.0s] epoch 85 step 67100 avg_loss=29.707
[2901.8s] epoch 85 step 67150 avg_loss=29.115
[2903.7s] epoch 85 step 67200 avg_loss=28.576
[2906.0s] epoch 85 step 67250 avg_loss=29.811
[2908.4s] epoch 85 step 67300 avg_loss=30.861
[2910.5s] epoch 85 step 67350 avg_loss=30.622
[2912.4s] epoch 85 step 67400 avg_loss=30.340
[2914.4s] epoch 85 step 67450 avg_loss=30.280
[2916.7s] epoch 85 step 67500 avg_loss=30.305
[2919.0s] epoch 85 step 67550 avg_loss=30.506
[2921.8s] epoch 85 step 67600 avg_loss=31.105
[2923.9s] epoch 85 step 67650 avg_loss=31.088
[2925.7s] epoch 85 step 67700 avg_loss=30.800
[2927.6s] epoch 85 step 67750 avg_loss=30.620
[2928.3s] === epoch 85 done: avg_loss=30.537 (n=788 derivations) ===
[2929.7s] epoch 86 step 67800 avg_loss=32.990
[2931.9s] epoch 86 step 67850 avg_loss=31.584
[2934.1s] epoch 86 step 67900 avg_loss=30.056
[2936.2s] epoch 86 step 67950 avg_loss=30.531
[2938.4s] epoch 86 step 68000 avg_loss=30.522
[2940.5s] epoch 86 step 68050 avg_loss=30.482
[2942.2s] epoch 86 step 68100 avg_loss=29.776
[2944.3s] epoch 86 step 68150 avg_loss=30.147
[2946.2s] epoch 86 step 68200 avg_loss=30.237
[2948.2s] epoch 86 step 68250 avg_loss=30.096
[2950.5s] epoch 86 step 68300 avg_loss=30.653
[2952.8s] epoch 86 step 68350 avg_loss=30.848
[2955.0s] epoch 86 step 68400 avg_loss=30.968
[2957.2s] epoch 86 step 68450 avg_loss=30.975
[2959.0s] epoch 86 step 68500 avg_loss=30.548
[2961.0s] epoch 86 step 68550 avg_loss=30.471
[2961.3s] === epoch 86 done: avg_loss=30.496 (n=788 derivations) ===
[2963.1s] epoch 87 step 68600 avg_loss=31.909
[2965.2s] epoch 87 step 68650 avg_loss=32.462
[2967.3s] epoch 87 step 68700 avg_loss=32.056
[2969.3s] epoch 87 step 68750 avg_loss=31.863
[2971.5s] epoch 87 step 68800 avg_loss=31.853
[2973.6s] epoch 87 step 68850 avg_loss=31.812
[2975.5s] epoch 87 step 68900 avg_loss=31.224
[2977.7s] epoch 87 step 68950 avg_loss=31.258
[2979.5s] epoch 87 step 69000 avg_loss=30.767
[2981.4s] epoch 87 step 69050 avg_loss=30.678
[2983.3s] epoch 87 step 69100 avg_loss=30.230
[2985.7s] epoch 87 step 69150 avg_loss=30.591
[2987.6s] epoch 87 step 69200 avg_loss=30.301
[2989.8s] epoch 87 step 69250 avg_loss=30.394
[2991.9s] epoch 87 step 69300 avg_loss=30.399
[2993.6s] === epoch 87 done: avg_loss=30.484 (n=788 derivations) ===
[2993.8s] epoch 88 step 69350 avg_loss=28.256
[2995.9s] epoch 88 step 69400 avg_loss=34.282
[2997.8s] epoch 88 step 69450 avg_loss=32.623
[2999.7s] epoch 88 step 69500 avg_loss=31.890
[3002.0s] epoch 88 step 69550 avg_loss=31.892
[3004.0s] epoch 88 step 69600 avg_loss=31.546
[3006.0s] epoch 88 step 69650 avg_loss=30.793
[3008.1s] epoch 88 step 69700 avg_loss=30.571
[3010.2s] epoch 88 step 69750 avg_loss=30.442
[3012.1s] epoch 88 step 69800 avg_loss=29.983
[3014.4s] epoch 88 step 69850 avg_loss=30.319
[3016.7s] epoch 88 step 69900 avg_loss=30.757
[3018.7s] epoch 88 step 69950 avg_loss=30.772
[3020.9s] epoch 88 step 70000 avg_loss=30.640
[3022.8s] epoch 88 step 70050 avg_loss=30.426
[3025.0s] epoch 88 step 70100 avg_loss=30.423
[3026.3s] === epoch 88 done: avg_loss=30.462 (n=788 derivations) ===
[3027.2s] epoch 89 step 70150 avg_loss=34.587
[3029.3s] epoch 89 step 70200 avg_loss=31.336
[3031.4s] epoch 89 step 70250 avg_loss=31.309
[3033.2s] epoch 89 step 70300 avg_loss=29.969
[3035.5s] epoch 89 step 70350 avg_loss=30.692
[3037.9s] epoch 89 step 70400 avg_loss=31.432
[3040.0s] epoch 89 step 70450 avg_loss=31.040
[3042.2s] epoch 89 step 70500 avg_loss=30.674
[3044.3s] epoch 89 step 70550 avg_loss=30.704
[3046.3s] epoch 89 step 70600 avg_loss=30.384
[3048.4s] epoch 89 step 70650 avg_loss=30.854
[3050.4s] epoch 89 step 70700 avg_loss=30.852
[3052.6s] epoch 89 step 70750 avg_loss=30.925
[3054.6s] epoch 89 step 70800 avg_loss=30.681
[3056.3s] epoch 89 step 70850 avg_loss=30.309
[3058.6s] epoch 89 step 70900 avg_loss=30.397
[3060.9s] eval step=2250 train_avg_loss=30.417 dev_rank1_f1=0.3113 dev_edge_p=0.2679 dev_edge_r=0.3716
[3060.9s] === epoch 89 done: avg_loss=30.417 (n=788 derivations) ===
[3062.0s] epoch 90 step 70950 avg_loss=25.997
[3064.2s] epoch 90 step 71000 avg_loss=29.493
[3066.0s] epoch 90 step 71050 avg_loss=28.595
[3068.2s] epoch 90 step 71100 avg_loss=28.725
[3070.2s] epoch 90 step 71150 avg_loss=29.121
[3072.3s] epoch 90 step 71200 avg_loss=29.536
[3074.5s] epoch 90 step 71250 avg_loss=29.467
[3076.7s] epoch 90 step 71300 avg_loss=30.076
[3078.8s] epoch 90 step 71350 avg_loss=30.343
[3080.9s] epoch 90 step 71400 avg_loss=30.385
[3083.0s] epoch 90 step 71450 avg_loss=30.639
[3085.3s] epoch 90 step 71500 avg_loss=31.012
[3087.3s] epoch 90 step 71550 avg_loss=30.837
[3089.3s] epoch 90 step 71600 avg_loss=30.811
[3091.1s] epoch 90 step 71650 avg_loss=30.435
[3093.4s] epoch 90 step 71700 avg_loss=30.500
[3093.8s] === epoch 90 done: avg_loss=30.383 (n=788 derivations) ===
[3095.5s] epoch 91 step 71750 avg_loss=29.033
[3097.3s] epoch 91 step 71800 avg_loss=27.838
[3099.4s] epoch 91 step 71850 avg_loss=28.987
[3101.7s] epoch 91 step 71900 avg_loss=29.754
[3103.8s] epoch 91 step 71950 avg_loss=30.174
[3105.9s] epoch 91 step 72000 avg_loss=29.626
[3108.3s] epoch 91 step 72050 avg_loss=30.710
[3110.6s] epoch 91 step 72100 avg_loss=30.785
[3112.6s] epoch 91 step 72150 avg_loss=30.991
[3114.6s] epoch 91 step 72200 avg_loss=30.888
[3116.8s] epoch 91 step 72250 avg_loss=30.838
[3118.7s] epoch 91 step 72300 avg_loss=30.426
[3120.9s] epoch 91 step 72350 avg_loss=30.593
[3123.0s] epoch 91 step 72400 avg_loss=30.396
[3125.0s] epoch 91 step 72450 avg_loss=30.237
[3126.8s] === epoch 91 done: avg_loss=30.349 (n=788 derivations) ===
[3127.0s] epoch 92 step 72500 avg_loss=26.309
[3129.1s] epoch 92 step 72550 avg_loss=29.919
[3131.2s] epoch 92 step 72600 avg_loss=30.661
[3133.5s] epoch 92 step 72650 avg_loss=30.534
[3135.5s] epoch 92 step 72700 avg_loss=30.126
[3137.6s] epoch 92 step 72750 avg_loss=30.747
[3139.8s] epoch 92 step 72800 avg_loss=30.767
[3141.7s] epoch 92 step 72850 avg_loss=30.548
[3143.9s] epoch 92 step 72900 avg_loss=30.595
[3146.0s] epoch 92 step 72950 avg_loss=30.527
[3148.3s] epoch 92 step 73000 avg_loss=30.856
[3150.4s] epoch 92 step 73050 avg_loss=30.697
[3152.2s] epoch 92 step 73100 avg_loss=30.488
[3154.6s] epoch 92 step 73150 avg_loss=30.830
[3156.4s] epoch 92 step 73200 avg_loss=30.270
[3158.6s] epoch 92 step 73250 avg_loss=30.449
[3160.0s] === epoch 92 done: avg_loss=30.384 (n=788 derivations) ===
[3160.8s] epoch 93 step 73300 avg_loss=41.690
[3162.9s] epoch 93 step 73350 avg_loss=32.661
[3165.1s] epoch 93 step 73400 avg_loss=31.038
[3167.5s] epoch 93 step 73450 avg_loss=32.110
[3169.8s] epoch 93 step 73500 avg_loss=31.860
[3171.9s] epoch 93 step 73550 avg_loss=31.787
[3173.8s] epoch 93 step 73600 avg_loss=31.158
[3175.9s] epoch 93 step 73650 avg_loss=31.036
[3177.8s] epoch 93 step 73700 avg_loss=30.605
[3180.0s] epoch 93 step 73750 avg_loss=30.572
[3182.1s] epoch 93 step 73800 avg_loss=30.819
[3184.1s] epoch 93 step 73850 avg_loss=30.552
[3186.1s] epoch 93 step 73900 avg_loss=30.260
[3188.5s] epoch 93 step 73950 avg_loss=30.505
[3190.7s] epoch 93 step 74000 avg_loss=30.329
[3193.0s] epoch 93 step 74050 avg_loss=30.395
[3193.9s] === epoch 93 done: avg_loss=30.353 (n=788 derivations) ===
[3195.3s] epoch 94 step 74100 avg_loss=34.289
[3197.2s] epoch 94 step 74150 avg_loss=28.332
[3199.3s] epoch 94 step 74200 avg_loss=28.331
[3201.7s] epoch 94 step 74250 avg_loss=28.433
[3203.9s] epoch 94 step 74300 avg_loss=29.463
[3206.1s] epoch 94 step 74350 avg_loss=29.584
[3208.2s] epoch 94 step 74400 avg_loss=29.588
[3210.3s] epoch 94 step 74450 avg_loss=29.890
[3212.4s] epoch 94 step 74500 avg_loss=29.829
[3214.4s] epoch 94 step 74550 avg_loss=29.721
[3216.4s] epoch 94 step 74600 avg_loss=29.397
[3218.2s] epoch 94 step 74650 avg_loss=29.381
[3220.5s] epoch 94 step 74700 avg_loss=30.082
[3222.4s] epoch 94 step 74750 avg_loss=30.173
[3224.4s] epoch 94 step 74800 avg_loss=30.207
[3226.6s] epoch 94 step 74850 avg_loss=30.378
[3227.0s] === epoch 94 done: avg_loss=30.372 (n=788 derivations) ===
[3228.7s] epoch 95 step 74900 avg_loss=32.592
[3230.7s] epoch 95 step 74950 avg_loss=29.936
[3232.6s] epoch 95 step 75000 avg_loss=29.658
[3235.1s] epoch 95 step 75050 avg_loss=31.987
[3236.9s] epoch 95 step 75100 avg_loss=30.841
[3238.6s] epoch 95 step 75150 avg_loss=29.920
[3240.6s] epoch 95 step 75200 avg_loss=29.621
[3242.8s] epoch 95 step 75250 avg_loss=29.802
[3245.2s] epoch 95 step 75300 avg_loss=30.610
[3247.3s] epoch 95 step 75350 avg_loss=30.681
[3249.2s] epoch 95 step 75400 avg_loss=30.550
[3251.3s] epoch 95 step 75450 avg_loss=30.407
[3253.3s] epoch 95 step 75500 avg_loss=30.357
[3255.5s] epoch 95 step 75550 avg_loss=30.475
[3257.8s] epoch 95 step 75600 avg_loss=30.493
[3259.6s] === epoch 95 done: avg_loss=30.364 (n=788 derivations) ===
[3259.7s] epoch 96 step 75650 avg_loss=36.271
[3262.1s] epoch 96 step 75700 avg_loss=35.785
[3264.0s] epoch 96 step 75750 avg_loss=30.781
[3266.5s] epoch 96 step 75800 avg_loss=32.010
[3268.5s] epoch 96 step 75850 avg_loss=30.575
[3270.7s] epoch 96 step 75900 avg_loss=30.291
[3272.9s] epoch 96 step 75950 avg_loss=30.342
[3274.8s] epoch 96 step 76000 avg_loss=30.146
[3277.1s] epoch 96 step 76050 avg_loss=30.643
[3279.2s] epoch 96 step 76100 avg_loss=30.760
[3281.3s] epoch 96 step 76150 avg_loss=30.725
[3283.4s] epoch 96 step 76200 avg_loss=30.630
[3285.2s] epoch 96 step 76250 avg_loss=30.295
[3287.3s] epoch 96 step 76300 avg_loss=30.330
[3289.4s] epoch 96 step 76350 avg_loss=30.237
[3291.6s] epoch 96 step 76400 avg_loss=30.271
[3293.3s] === epoch 96 done: avg_loss=30.321 (n=788 derivations) ===
[3293.7s] epoch 97 step 76450 avg_loss=21.912
[3295.8s] epoch 97 step 76500 avg_loss=28.353
[3297.7s] epoch 97 step 76550 avg_loss=27.716
[3299.9s] epoch 97 step 76600 avg_loss=29.223
[3301.7s] epoch 97 step 76650 avg_loss=28.050
[3304.2s] epoch 97 step 76700 avg_loss=29.778
[3306.9s] epoch 97 step 76750 avg_loss=30.051
[3308.9s] epoch 97 step 76800 avg_loss=29.721
[3310.9s] epoch 97 step 76850 avg_loss=29.532
[3313.2s] epoch 97 step 76900 avg_loss=30.192
[3315.2s] epoch 97 step 76950 avg_loss=30.101
[3317.4s] epoch 97 step 77000 avg_loss=30.558
[3319.3s] epoch 97 step 77050 avg_loss=30.152
[3321.1s] epoch 97 step 77100 avg_loss=29.858
[3323.3s] epoch 97 step 77150 avg_loss=30.041
[3325.7s] epoch 97 step 77200 avg_loss=30.298
[3326.7s] === epoch 97 done: avg_loss=30.352 (n=788 derivations) ===
[3327.9s] epoch 98 step 77250 avg_loss=30.327
[3329.9s] epoch 98 step 77300 avg_loss=27.333
[3332.2s] epoch 98 step 77350 avg_loss=27.399
[3334.6s] epoch 98 step 77400 avg_loss=28.381
[3336.8s] epoch 98 step 77450 avg_loss=28.855
[3338.9s] epoch 98 step 77500 avg_loss=29.002
[3341.5s] epoch 98 step 77550 avg_loss=30.103
[3343.7s] epoch 98 step 77600 avg_loss=30.405
[3345.8s] epoch 98 step 77650 avg_loss=30.172
[3348.2s] epoch 98 step 77700 avg_loss=30.549
[3350.6s] epoch 98 step 77750 avg_loss=30.829
[3352.7s] epoch 98 step 77800 avg_loss=30.745
[3354.7s] epoch 98 step 77850 avg_loss=30.629
[3356.6s] epoch 98 step 77900 avg_loss=30.260
[3358.6s] epoch 98 step 77950 avg_loss=30.095
[3361.0s] epoch 98 step 78000 avg_loss=30.238
[3361.7s] === epoch 98 done: avg_loss=30.337 (n=788 derivations) ===
[3363.4s] epoch 99 step 78050 avg_loss=29.270
[3365.9s] epoch 99 step 78100 avg_loss=31.658
[3368.3s] epoch 99 step 78150 avg_loss=31.866
[3370.6s] epoch 99 step 78200 avg_loss=31.536
[3372.7s] epoch 99 step 78250 avg_loss=31.626
[3375.1s] epoch 99 step 78300 avg_loss=31.493
[3377.1s] epoch 99 step 78350 avg_loss=30.757
[3379.2s] epoch 99 step 78400 avg_loss=30.085
[3381.7s] epoch 99 step 78450 avg_loss=30.742
[3383.8s] epoch 99 step 78500 avg_loss=30.327
[3385.7s] epoch 99 step 78550 avg_loss=30.213
[3388.0s] epoch 99 step 78600 avg_loss=30.456
[3390.3s] epoch 99 step 78650 avg_loss=30.785
[3392.1s] epoch 99 step 78700 avg_loss=30.369
[3394.1s] epoch 99 step 78750 avg_loss=30.281
[3396.4s] epoch 99 step 78800 avg_loss=30.317
[3397.8s] eval step=2500 train_avg_loss=30.317 dev_rank1_f1=0.3144 dev_edge_p=0.2567 dev_edge_r=0.4055
[3397.8s] === epoch 99 done: avg_loss=30.317 (n=788 derivations) ===
[3399.9s] epoch 100 step 78850 avg_loss=28.773
[3401.8s] epoch 100 step 78900 avg_loss=28.659
[3404.0s] epoch 100 step 78950 avg_loss=28.717
[3405.8s] epoch 100 step 79000 avg_loss=28.113
[3408.5s] epoch 100 step 79050 avg_loss=29.997
[3411.0s] epoch 100 step 79100 avg_loss=30.886
[3413.0s] epoch 100 step 79150 avg_loss=30.324
[3415.0s] epoch 100 step 79200 avg_loss=30.181
[3417.0s] epoch 100 step 79250 avg_loss=30.003
[3419.0s] epoch 100 step 79300 avg_loss=29.716
[3420.8s] epoch 100 step 79350 avg_loss=29.797
[3422.5s] epoch 100 step 79400 avg_loss=29.413
[3424.7s] epoch 100 step 79450 avg_loss=29.864
[3426.8s] epoch 100 step 79500 avg_loss=29.930
[3429.2s] epoch 100 step 79550 avg_loss=30.075
[3431.0s] === epoch 100 done: avg_loss=30.271 (n=788 derivations) ===
[3431.6s] epoch 101 step 79600 avg_loss=37.296
[3433.4s] epoch 101 step 79650 avg_loss=29.909
[3435.7s] epoch 101 step 79700 avg_loss=30.555
[3437.9s] epoch 101 step 79750 avg_loss=30.169
[3440.2s] epoch 101 step 79800 avg_loss=30.887
[3442.4s] epoch 101 step 79850 avg_loss=30.592
[3444.8s] epoch 101 step 79900 avg_loss=31.296
[3446.7s] epoch 101 step 79950 avg_loss=30.635
[3448.4s] epoch 101 step 80000 avg_loss=30.067
[3450.4s] epoch 101 step 80050 avg_loss=29.932
[3452.9s] epoch 101 step 80100 avg_loss=30.446
[3454.9s] epoch 101 step 80150 avg_loss=30.558
[3456.9s] epoch 101 step 80200 avg_loss=30.160
[3458.9s] epoch 101 step 80250 avg_loss=30.263
[3461.0s] epoch 101 step 80300 avg_loss=30.334
[3462.9s] epoch 101 step 80350 avg_loss=30.351
[3464.0s] === epoch 101 done: avg_loss=30.317 (n=788 derivations) ===
[3464.9s] epoch 102 step 80400 avg_loss=31.582
[3467.0s] epoch 102 step 80450 avg_loss=32.549
[3468.7s] epoch 102 step 80500 avg_loss=28.427
[3471.2s] epoch 102 step 80550 avg_loss=28.993
[3473.5s] epoch 102 step 80600 avg_loss=29.090
[3475.6s] epoch 102 step 80650 avg_loss=29.230
[3477.8s] epoch 102 step 80700 avg_loss=29.441
[3479.9s] epoch 102 step 80750 avg_loss=29.502
[3482.2s] epoch 102 step 80800 avg_loss=29.792
[3484.3s] epoch 102 step 80850 avg_loss=29.516
[3486.8s] epoch 102 step 80900 avg_loss=29.729
[3489.2s] epoch 102 step 80950 avg_loss=30.189
[3492.1s] epoch 102 step 81000 avg_loss=30.585
[3494.2s] epoch 102 step 81050 avg_loss=30.424
[3496.6s] epoch 102 step 81100 avg_loss=30.365
[3498.7s] epoch 102 step 81150 avg_loss=30.205
[3499.4s] === epoch 102 done: avg_loss=30.335 (n=788 derivations) ===
[3501.1s] epoch 103 step 81200 avg_loss=33.662
[3503.5s] epoch 103 step 81250 avg_loss=32.735
[3506.0s] epoch 103 step 81300 avg_loss=33.486
[3508.0s] epoch 103 step 81350 avg_loss=31.408
[3510.1s] epoch 103 step 81400 avg_loss=30.911
[3512.0s] epoch 103 step 81450 avg_loss=30.015
[3514.1s] epoch 103 step 81500 avg_loss=29.695
[3516.4s] epoch 103 step 81550 avg_loss=29.863
[3519.1s] epoch 103 step 81600 avg_loss=30.464
[3521.4s] epoch 103 step 81650 avg_loss=30.232
[3523.9s] epoch 103 step 81700 avg_loss=30.631
[3526.3s] epoch 103 step 81750 avg_loss=30.600
[3528.6s] epoch 103 step 81800 avg_loss=30.346
[3531.1s] epoch 103 step 81850 avg_loss=30.488
[3533.4s] epoch 103 step 81900 avg_loss=30.319
[3535.6s] epoch 103 step 81950 avg_loss=30.321
[3535.7s] === epoch 103 done: avg_loss=30.309 (n=788 derivations) ===
[3537.9s] epoch 104 step 82000 avg_loss=28.502
[3540.0s] epoch 104 step 82050 avg_loss=27.859
[3542.2s] epoch 104 step 82100 avg_loss=28.971
[3544.3s] epoch 104 step 82150 avg_loss=29.307
[3546.2s] epoch 104 step 82200 avg_loss=28.271
[3548.4s] epoch 104 step 82250 avg_loss=28.379
[3550.4s] epoch 104 step 82300 avg_loss=28.175
[3552.7s] epoch 104 step 82350 avg_loss=28.543
[3555.0s] epoch 104 step 82400 avg_loss=28.848
[3557.0s] epoch 104 step 82450 avg_loss=28.974
[3559.1s] epoch 104 step 82500 avg_loss=29.337
[3561.1s] epoch 104 step 82550 avg_loss=29.657
[3563.6s] epoch 104 step 82600 avg_loss=30.153
[3565.8s] epoch 104 step 82650 avg_loss=30.170
[3567.9s] epoch 104 step 82700 avg_loss=30.222
[3569.7s] === epoch 104 done: avg_loss=30.267 (n=788 derivations) ===
[3570.0s] epoch 105 step 82750 avg_loss=23.691
[3572.0s] epoch 105 step 82800 avg_loss=28.073
[3574.2s] epoch 105 step 82850 avg_loss=28.798
[3576.4s] epoch 105 step 82900 avg_loss=28.312
[3578.6s] epoch 105 step 82950 avg_loss=28.660
[3580.8s] epoch 105 step 83000 avg_loss=29.815
[3583.1s] epoch 105 step 83050 avg_loss=30.852
[3585.3s] epoch 105 step 83100 avg_loss=30.942
[3587.6s] epoch 105 step 83150 avg_loss=31.025
[3589.6s] epoch 105 step 83200 avg_loss=30.663
[3591.7s] epoch 105 step 83250 avg_loss=30.757
[3593.8s] epoch 105 step 83300 avg_loss=30.613
[3596.1s] epoch 105 step 83350 avg_loss=30.644
[3597.9s] epoch 105 step 83400 avg_loss=30.279
[3600.0s] epoch 105 step 83450 avg_loss=30.352
[3602.5s] epoch 105 step 83500 avg_loss=30.533
[3603.5s] === epoch 105 done: avg_loss=30.210 (n=788 derivations) ===
[3604.5s] epoch 106 step 83550 avg_loss=30.054
[3606.5s] epoch 106 step 83600 avg_loss=29.243
[3608.5s] epoch 106 step 83650 avg_loss=29.371
[3610.5s] epoch 106 step 83700 avg_loss=30.098
[3612.6s] epoch 106 step 83750 avg_loss=30.506
[3614.5s] epoch 106 step 83800 avg_loss=30.480
[3616.6s] epoch 106 step 83850 avg_loss=30.318
[3618.9s] epoch 106 step 83900 avg_loss=30.659
[3620.9s] epoch 106 step 83950 avg_loss=30.527
[3623.2s] epoch 106 step 84000 avg_loss=30.289
[3625.6s] epoch 106 step 84050 avg_loss=30.203
[3627.8s] epoch 106 step 84100 avg_loss=29.980
[3630.4s] epoch 106 step 84150 avg_loss=29.975
[3632.8s] epoch 106 step 84200 avg_loss=30.194
[3634.7s] epoch 106 step 84250 avg_loss=29.893
[3636.8s] epoch 106 step 84300 avg_loss=30.010
[3637.6s] === epoch 106 done: avg_loss=30.199 (n=788 derivations) ===
[3639.3s] epoch 107 step 84350 avg_loss=34.857
[3641.3s] epoch 107 step 84400 avg_loss=32.291
[3643.6s] epoch 107 step 84450 avg_loss=31.243
[3645.7s] epoch 107 step 84500 avg_loss=30.395
[3648.0s] epoch 107 step 84550 avg_loss=30.534
[3650.3s] epoch 107 step 84600 avg_loss=30.541
[3652.8s] epoch 107 step 84650 avg_loss=30.505
[3655.1s] epoch 107 step 84700 avg_loss=30.825
[3657.5s] epoch 107 step 84750 avg_loss=30.656
[3659.5s] epoch 107 step 84800 avg_loss=30.258
[3661.7s] epoch 107 step 84850 avg_loss=30.060
[3663.7s] epoch 107 step 84900 avg_loss=29.982
[3665.8s] epoch 107 step 84950 avg_loss=30.051
[3668.1s] epoch 107 step 85000 avg_loss=30.212
[3670.5s] epoch 107 step 85050 avg_loss=30.261
[3672.8s] epoch 107 step 85100 avg_loss=30.244
[3673.0s] === epoch 107 done: avg_loss=30.189 (n=788 derivations) ===
[3675.1s] epoch 108 step 85150 avg_loss=30.607
[3677.3s] epoch 108 step 85200 avg_loss=30.697
[3679.4s] epoch 108 step 85250 avg_loss=29.378
[3681.8s] epoch 108 step 85300 avg_loss=29.131
[3684.0s] epoch 108 step 85350 avg_loss=28.916
[3686.4s] epoch 108 step 85400 avg_loss=29.728
[3688.6s] epoch 108 step 85450 avg_loss=29.787
[3690.6s] epoch 108 step 85500 avg_loss=29.836
[3692.6s] epoch 108 step 85550 avg_loss=29.778
[3694.5s] epoch 108 step 85600 avg_loss=29.523
[3696.8s] epoch 108 step 85650 avg_loss=29.708
[3698.6s] epoch 108 step 85700 avg_loss=29.384
[3700.8s] epoch 108 step 85750 avg_loss=29.553
[3703.2s] epoch 108 step 85800 avg_loss=29.774
[3705.4s] epoch 108 step 85850 avg_loss=29.786
[3707.6s] === epoch 108 done: avg_loss=30.115 (n=788 derivations) ===
[3707.9s] epoch 109 step 85900 avg_loss=20.835
[3710.2s] epoch 109 step 85950 avg_loss=32.342
[3712.3s] epoch 109 step 86000 avg_loss=30.978
[3714.3s] epoch 109 step 86050 avg_loss=30.586
[3716.7s] epoch 109 step 86100 avg_loss=30.820
[3718.6s] epoch 109 step 86150 avg_loss=30.252
[3720.8s] epoch 109 step 86200 avg_loss=30.534
[3723.0s] epoch 109 step 86250 avg_loss=30.533
[3725.7s] epoch 109 step 86300 avg_loss=31.057
[3727.9s] epoch 109 step 86350 avg_loss=30.811
[3729.9s] epoch 109 step 86400 avg_loss=30.563
[3732.0s] epoch 109 step 86450 avg_loss=30.490
[3734.0s] epoch 109 step 86500 avg_loss=30.297
[3736.0s] epoch 109 step 86550 avg_loss=30.256
[3738.0s] epoch 109 step 86600 avg_loss=30.283
[3740.0s] epoch 109 step 86650 avg_loss=30.103
[3742.6s] eval step=2750 train_avg_loss=30.072 dev_rank1_f1=0.3164 dev_edge_p=0.2632 dev_edge_r=0.3967
[3742.6s] === epoch 109 done: avg_loss=30.072 (n=788 derivations) ===
[3743.3s] epoch 110 step 86700 avg_loss=29.287
[3745.2s] epoch 110 step 86750 avg_loss=26.970
[3747.3s] epoch 110 step 86800 avg_loss=28.369
[3749.3s] epoch 110 step 86850 avg_loss=28.481
[3751.2s] epoch 110 step 86900 avg_loss=29.021
[3753.4s] epoch 110 step 86950 avg_loss=28.809
[3755.5s] epoch 110 step 87000 avg_loss=28.975
[3757.5s] epoch 110 step 87050 avg_loss=29.006
[3759.6s] epoch 110 step 87100 avg_loss=29.010
[3761.9s] epoch 110 step 87150 avg_loss=29.558
[3764.1s] epoch 110 step 87200 avg_loss=29.947
[3766.3s] epoch 110 step 87250 avg_loss=29.948
[3768.1s] epoch 110 step 87300 avg_loss=29.538
[3770.8s] epoch 110 step 87350 avg_loss=30.302
[3772.4s] epoch 110 step 87400 avg_loss=29.860
[3774.4s] epoch 110 step 87450 avg_loss=30.064
[3775.1s] === epoch 110 done: avg_loss=30.077 (n=788 derivations) ===
[3776.4s] epoch 111 step 87500 avg_loss=27.633
[3778.6s] epoch 111 step 87550 avg_loss=30.211
[3780.9s] epoch 111 step 87600 avg_loss=31.385
[3782.9s] epoch 111 step 87650 avg_loss=31.508
[3784.8s] epoch 111 step 87700 avg_loss=31.074
[3786.8s] epoch 111 step 87750 avg_loss=30.312
[3788.9s] epoch 111 step 87800 avg_loss=30.125
[3791.1s] epoch 111 step 87850 avg_loss=30.114
[3793.6s] epoch 111 step 87900 avg_loss=30.327
[3795.7s] epoch 111 step 87950 avg_loss=29.918
[3798.0s] epoch 111 step 88000 avg_loss=30.130
[3800.2s] epoch 111 step 88050 avg_loss=30.046
[3802.6s] epoch 111 step 88100 avg_loss=30.023
[3805.1s] epoch 111 step 88150 avg_loss=30.356
[3807.2s] epoch 111 step 88200 avg_loss=30.279
[3809.3s] epoch 111 step 88250 avg_loss=30.131
[3809.5s] === epoch 111 done: avg_loss=30.100 (n=788 derivations) ===
[3811.7s] epoch 112 step 88300 avg_loss=29.850
[3813.9s] epoch 112 step 88350 avg_loss=30.759
[3815.9s] epoch 112 step 88400 avg_loss=30.791
[3817.9s] epoch 112 step 88450 avg_loss=30.912
[3819.8s] epoch 112 step 88500 avg_loss=30.428
[3821.6s] epoch 112 step 88550 avg_loss=29.625
[3823.9s] epoch 112 step 88600 avg_loss=30.267
[3826.4s] epoch 112 step 88650 avg_loss=30.550
[3828.7s] epoch 112 step 88700 avg_loss=30.036
[3831.1s] epoch 112 step 88750 avg_loss=30.340
[3832.8s] epoch 112 step 88800 avg_loss=30.189
[3835.0s] epoch 112 step 88850 avg_loss=30.258
[3837.2s] epoch 112 step 88900 avg_loss=30.240
[3839.0s] epoch 112 step 88950 avg_loss=29.905
[3841.1s] epoch 112 step 89000 avg_loss=29.825
[3843.0s] === epoch 112 done: avg_loss=30.085 (n=788 derivations) ===
[3843.2s] epoch 113 step 89050 avg_loss=30.084
[3845.2s] epoch 113 step 89100 avg_loss=29.922
[3847.3s] epoch 113 step 89150 avg_loss=30.229
[3849.4s] epoch 113 step 89200 avg_loss=31.132
[3851.5s] epoch 113 step 89250 avg_loss=31.089
[3853.6s] epoch 113 step 89300 avg_loss=30.903
[3855.9s] epoch 113 step 89350 avg_loss=31.011
[3857.9s] epoch 113 step 89400 avg_loss=30.909
[3859.8s] epoch 113 step 89450 avg_loss=30.431
[3861.9s] epoch 113 step 89500 avg_loss=30.414
[3863.9s] epoch 113 step 89550 avg_loss=30.119
[3866.0s] epoch 113 step 89600 avg_loss=30.240
[3868.0s] epoch 113 step 89650 avg_loss=30.045
[3869.8s] epoch 113 step 89700 avg_loss=29.894
[3871.7s] epoch 113 step 89750 avg_loss=29.706
[3874.0s] epoch 113 step 89800 avg_loss=29.868
[3875.6s] === epoch 113 done: avg_loss=30.053 (n=788 derivations) ===
[3876.2s] epoch 114 step 89850 avg_loss=28.089
[3878.2s] epoch 114 step 89900 avg_loss=29.186
[3880.2s] epoch 114 step 89950 avg_loss=30.635
[3882.3s] epoch 114 step 90000 avg_loss=30.533
[3884.2s] epoch 114 step 90050 avg_loss=29.618
[3886.4s] epoch 114 step 90100 avg_loss=30.166
[3888.7s] epoch 114 step 90150 avg_loss=30.499
[3890.9s] epoch 114 step 90200 avg_loss=30.991
[3893.1s] epoch 114 step 90250 avg_loss=30.796
[3895.1s] epoch 114 step 90300 avg_loss=30.551
[3897.3s] epoch 114 step 90350 avg_loss=30.908
[3898.9s] epoch 114 step 90400 avg_loss=30.177
[3901.0s] epoch 114 step 90450 avg_loss=30.415
[3903.0s] epoch 114 step 90500 avg_loss=30.237
[3905.0s] epoch 114 step 90550 avg_loss=30.166
[3906.9s] epoch 114 step 90600 avg_loss=30.137
[3907.7s] === epoch 114 done: avg_loss=30.004 (n=788 derivations) ===
[3909.0s] epoch 115 step 90650 avg_loss=31.424
[3911.0s] epoch 115 step 90700 avg_loss=27.967
[3913.1s] epoch 115 step 90750 avg_loss=28.166
[3915.4s] epoch 115 step 90800 avg_loss=28.649
[3917.9s] epoch 115 step 90850 avg_loss=29.165
[3920.4s] epoch 115 step 90900 avg_loss=29.585
[3922.6s] epoch 115 step 90950 avg_loss=29.788
[3924.5s] epoch 115 step 91000 avg_loss=29.211
[3927.1s] epoch 115 step 91050 avg_loss=30.017
[3929.2s] epoch 115 step 91100 avg_loss=30.130
[3930.9s] epoch 115 step 91150 avg_loss=29.761
[3932.8s] epoch 115 step 91200 avg_loss=29.644
[3935.0s] epoch 115 step 91250 avg_loss=29.789
[3937.1s] epoch 115 step 91300 avg_loss=29.774
[3939.2s] epoch 115 step 91350 avg_loss=29.765
[3941.5s] epoch 115 step 91400 avg_loss=29.919
[3941.8s] === epoch 115 done: avg_loss=29.961 (n=788 derivations) ===
[3943.4s] epoch 116 step 91450 avg_loss=29.074
[3945.8s] epoch 116 step 91500 avg_loss=32.687
[3948.1s] epoch 116 step 91550 avg_loss=32.342
[3950.3s] epoch 116 step 91600 avg_loss=31.773
[3952.2s] epoch 116 step 91650 avg_loss=30.674
[3954.2s] epoch 116 step 91700 avg_loss=30.283
[3956.3s] epoch 116 step 91750 avg_loss=30.177
[3958.5s] epoch 116 step 91800 avg_loss=29.792
[3960.5s] epoch 116 step 91850 avg_loss=29.668
[3962.5s] epoch 116 step 91900 avg_loss=29.606
[3964.3s] epoch 116 step 91950 avg_loss=29.423
[3966.1s] epoch 116 step 92000 avg_loss=28.917
[3968.5s] epoch 116 step 92050 avg_loss=29.346
[3970.5s] epoch 116 step 92100 avg_loss=29.583
[3972.6s] epoch 116 step 92150 avg_loss=29.735
[3974.8s] === epoch 116 done: avg_loss=29.937 (n=788 derivations) ===
[3974.9s] epoch 117 step 92200 avg_loss=22.658
[3977.2s] epoch 117 step 92250 avg_loss=29.315
[3979.3s] epoch 117 step 92300 avg_loss=28.973
[3981.4s] epoch 117 step 92350 avg_loss=28.228
[3983.7s] epoch 117 step 92400 avg_loss=28.918
[3985.9s] epoch 117 step 92450 avg_loss=29.204
[3987.8s] epoch 117 step 92500 avg_loss=29.430
[3990.0s] epoch 117 step 92550 avg_loss=29.650
[3992.1s] epoch 117 step 92600 avg_loss=29.874
[3994.1s] epoch 117 step 92650 avg_loss=29.469
[3996.5s] epoch 117 step 92700 avg_loss=29.655
[3998.7s] epoch 117 step 92750 avg_loss=29.670
[4000.9s] epoch 117 step 92800 avg_loss=29.892
[4003.0s] epoch 117 step 92850 avg_loss=29.780
[4005.3s] epoch 117 step 92900 avg_loss=29.912
[4007.5s] epoch 117 step 92950 avg_loss=29.958
[4009.0s] === epoch 117 done: avg_loss=29.926 (n=788 derivations) ===
[4010.0s] epoch 118 step 93000 avg_loss=39.017
[4011.8s] epoch 118 step 93050 avg_loss=28.951
[4014.2s] epoch 118 step 93100 avg_loss=30.206
[4016.2s] epoch 118 step 93150 avg_loss=30.360
[4018.3s] epoch 118 step 93200 avg_loss=30.156
[4020.3s] epoch 118 step 93250 avg_loss=28.816
[4022.5s] epoch 118 step 93300 avg_loss=29.341
[4024.5s] epoch 118 step 93350 avg_loss=29.015
[4026.5s] epoch 118 step 93400 avg_loss=28.895
[4028.7s] epoch 118 step 93450 avg_loss=28.738
[4030.8s] epoch 118 step 93500 avg_loss=28.833
[4033.0s] epoch 118 step 93550 avg_loss=28.830
[4035.0s] epoch 118 step 93600 avg_loss=28.818
[4037.2s] epoch 118 step 93650 avg_loss=29.139
[4039.7s] epoch 118 step 93700 avg_loss=29.679
[4042.0s] epoch 118 step 93750 avg_loss=29.923
[4042.9s] === epoch 118 done: avg_loss=29.905 (n=788 derivations) ===
[4044.2s] epoch 119 step 93800 avg_loss=30.095
[4046.3s] epoch 119 step 93850 avg_loss=28.969
[4048.4s] epoch 119 step 93900 avg_loss=29.437
[4050.4s] epoch 119 step 93950 avg_loss=29.033
[4052.7s] epoch 119 step 94000 avg_loss=30.506
[4054.5s] epoch 119 step 94050 avg_loss=29.552
[4057.0s] epoch 119 step 94100 avg_loss=29.990
[4059.1s] epoch 119 step 94150 avg_loss=29.853
[4061.1s] epoch 119 step 94200 avg_loss=29.736
[4063.0s] epoch 119 step 94250 avg_loss=29.468
[4064.9s] epoch 119 step 94300 avg_loss=29.364
[4067.0s] epoch 119 step 94350 avg_loss=29.590
[4069.1s] epoch 119 step 94400 avg_loss=29.327
[4071.4s] epoch 119 step 94450 avg_loss=29.363
[4073.5s] epoch 119 step 94500 avg_loss=29.560
[4075.9s] epoch 119 step 94550 avg_loss=29.613
[4077.9s] eval step=3000 train_avg_loss=29.895 dev_rank1_f1=0.3269 dev_edge_p=0.2700 dev_edge_r=0.4142
[4077.9s] === epoch 119 done: avg_loss=29.895 (n=788 derivations) ===
[4079.7s] epoch 120 step 94600 avg_loss=29.373
[4082.1s] epoch 120 step 94650 avg_loss=32.322
[4084.1s] epoch 120 step 94700 avg_loss=30.863
[4086.3s] epoch 120 step 94750 avg_loss=31.375
[4088.3s] epoch 120 step 94800 avg_loss=30.598
[4090.4s] epoch 120 step 94850 avg_loss=31.598
[4092.2s] epoch 120 step 94900 avg_loss=30.610
[4094.3s] epoch 120 step 94950 avg_loss=30.723
[4096.3s] epoch 120 step 95000 avg_loss=30.558
[4098.5s] epoch 120 step 95050 avg_loss=30.553
[4100.8s] epoch 120 step 95100 avg_loss=30.585
[4102.6s] epoch 120 step 95150 avg_loss=30.047
[4105.2s] epoch 120 step 95200 avg_loss=30.364
[4107.5s] epoch 120 step 95250 avg_loss=30.050
[4109.8s] epoch 120 step 95300 avg_loss=29.927
[4111.9s] === epoch 120 done: avg_loss=29.880 (n=788 derivations) ===
[4112.0s] epoch 121 step 95350 avg_loss=32.732
[4114.3s] epoch 121 step 95400 avg_loss=29.639
[4116.5s] epoch 121 step 95450 avg_loss=30.541
[4118.4s] epoch 121 step 95500 avg_loss=29.662
[4120.5s] epoch 121 step 95550 avg_loss=30.472
[4122.9s] epoch 121 step 95600 avg_loss=30.902
[4125.3s] epoch 121 step 95650 avg_loss=31.205
[4127.7s] epoch 121 step 95700 avg_loss=31.571
[4129.8s] epoch 121 step 95750 avg_loss=31.421
[4132.2s] epoch 121 step 95800 avg_loss=31.249
[4134.4s] epoch 121 step 95850 avg_loss=31.118
[4136.4s] epoch 121 step 95900 avg_loss=30.725
[4138.3s] epoch 121 step 95950 avg_loss=30.296
[4140.4s] epoch 121 step 96000 avg_loss=30.070
[4142.5s] epoch 121 step 96050 avg_loss=30.020
[4144.7s] epoch 121 step 96100 avg_loss=30.140
[4146.0s] === epoch 121 done: avg_loss=29.858 (n=788 derivations) ===
[4146.6s] epoch 122 step 96150 avg_loss=31.930
[4148.8s] epoch 122 step 96200 avg_loss=27.702
[4151.0s] epoch 122 step 96250 avg_loss=26.336
[4153.7s] epoch 122 step 96300 avg_loss=27.945
[4156.0s] epoch 122 step 96350 avg_loss=28.666
[4158.5s] epoch 122 step 96400 avg_loss=29.665
[4160.9s] epoch 122 step 96450 avg_loss=29.490
[4162.6s] epoch 122 step 96500 avg_loss=28.755
[4164.8s] epoch 122 step 96550 avg_loss=29.068
[4167.2s] epoch 122 step 96600 avg_loss=29.769
[4169.2s] epoch 122 step 96650 avg_loss=29.687
[4171.3s] epoch 122 step 96700 avg_loss=30.085
[4173.4s] epoch 122 step 96750 avg_loss=30.269
[4175.4s] epoch 122 step 96800 avg_loss=30.203
[4177.6s] epoch 122 step 96850 avg_loss=30.043
[4179.8s] epoch 122 step 96900 avg_loss=29.958
[4180.7s] === epoch 122 done: avg_loss=29.847 (n=788 derivations) ===
[4181.8s] epoch 123 step 96950 avg_loss=30.124
[4183.8s] epoch 123 step 97000 avg_loss=28.618
[4186.3s] epoch 123 step 97050 avg_loss=31.349
[4188.3s] epoch 123 step 97100 avg_loss=29.408
[4190.5s] epoch 123 step 97150 avg_loss=29.650
[4192.9s] epoch 123 step 97200 avg_loss=30.351
[4195.3s] epoch 123 step 97250 avg_loss=30.469
[4197.3s] epoch 123 step 97300 avg_loss=30.304
[4199.5s] epoch 123 step 97350 avg_loss=30.538
[4201.4s] epoch 123 step 97400 avg_loss=30.205
[4203.4s] epoch 123 step 97450 avg_loss=29.998
[4205.5s] epoch 123 step 97500 avg_loss=30.024
[4207.5s] epoch 123 step 97550 avg_loss=30.008
[4209.4s] epoch 123 step 97600 avg_loss=29.744
[4211.8s] epoch 123 step 97650 avg_loss=29.938
[4214.0s] epoch 123 step 97700 avg_loss=29.897
[4214.5s] === epoch 123 done: avg_loss=29.854 (n=788 derivations) ===
[4216.5s] epoch 124 step 97750 avg_loss=32.814
[4218.8s] epoch 124 step 97800 avg_loss=32.706
[4220.9s] epoch 124 step 97850 avg_loss=31.969
[4223.3s] epoch 124 step 97900 avg_loss=31.883
[4225.5s] epoch 124 step 97950 avg_loss=31.152
[4227.5s] epoch 124 step 98000 avg_loss=30.527
[4229.7s] epoch 124 step 98050 avg_loss=30.212
[4231.8s] epoch 124 step 98100 avg_loss=29.936
[4233.9s] epoch 124 step 98150 avg_loss=29.798
[4236.3s] epoch 124 step 98200 avg_loss=29.938
[4238.5s] epoch 124 step 98250 avg_loss=29.904
[4240.7s] epoch 124 step 98300 avg_loss=30.082
[4243.0s] epoch 124 step 98350 avg_loss=30.149
[4245.2s] epoch 124 step 98400 avg_loss=30.020
[4247.1s] epoch 124 step 98450 avg_loss=29.863
[4249.2s] epoch 124 step 98500 avg_loss=29.870
[4249.2s] === epoch 124 done: avg_loss=29.870 (n=788 derivations) ===
[4251.3s] epoch 125 step 98550 avg_loss=26.688
[4253.8s] epoch 125 step 98600 avg_loss=30.003
[4256.0s] epoch 125 step 98650 avg_loss=29.069
[4258.0s] epoch 125 step 98700 avg_loss=28.992
[4260.2s] epoch 125 step 98750 avg_loss=29.284
[4261.9s] epoch 125 step 98800 avg_loss=28.458
[4264.2s] epoch 125 step 98850 avg_loss=28.905
[4266.4s] epoch 125 step 98900 avg_loss=28.891
[4268.7s] epoch 125 step 98950 avg_loss=29.043
[4271.1s] epoch 125 step 99000 avg_loss=29.236
[4273.6s] epoch 125 step 99050 avg_loss=29.758
[4276.1s] epoch 125 step 99100 avg_loss=30.132
[4278.0s] epoch 125 step 99150 avg_loss=29.964
[4280.1s] epoch 125 step 99200 avg_loss=29.903
[4282.3s] epoch 125 step 99250 avg_loss=30.017
[4283.9s] === epoch 125 done: avg_loss=29.838 (n=788 derivations) ===
[4284.5s] epoch 126 step 99300 avg_loss=30.165
[4286.8s] epoch 126 step 99350 avg_loss=31.275
[4289.0s] epoch 126 step 99400 avg_loss=29.281
[4291.3s] epoch 126 step 99450 avg_loss=30.212
[4293.3s] epoch 126 step 99500 avg_loss=29.477
[4295.4s] epoch 126 step 99550 avg_loss=29.210
[4297.6s] epoch 126 step 99600 avg_loss=29.831
[4299.9s] epoch 126 step 99650 avg_loss=29.814
[4302.5s] epoch 126 step 99700 avg_loss=30.379
[4304.3s] epoch 126 step 99750 avg_loss=29.741
[4306.4s] epoch 126 step 99800 avg_loss=29.736
[4308.8s] epoch 126 step 99850 avg_loss=29.887
[4311.0s] epoch 126 step 99900 avg_loss=29.699
[4313.0s] epoch 126 step 99950 avg_loss=29.421
[4315.0s] epoch 126 step 100000 avg_loss=29.319
[4317.3s] epoch 126 step 100050 avg_loss=29.499
[4318.7s] === epoch 126 done: avg_loss=29.814 (n=788 derivations) ===
[4319.6s] epoch 127 step 100100 avg_loss=24.074
[4321.6s] epoch 127 step 100150 avg_loss=27.058
[4323.4s] epoch 127 step 100200 avg_loss=27.025
[4325.6s] epoch 127 step 100250 avg_loss=27.816
[4327.6s] epoch 127 step 100300 avg_loss=28.128
[4329.6s] epoch 127 step 100350 avg_loss=28.245
[4331.8s] epoch 127 step 100400 avg_loss=28.320
[4333.6s] epoch 127 step 100450 avg_loss=27.488
[4335.9s] epoch 127 step 100500 avg_loss=27.892
[4338.3s] epoch 127 step 100550 avg_loss=28.280
[4340.2s] epoch 127 step 100600 avg_loss=28.098
[4342.8s] epoch 127 step 100650 avg_loss=28.709
[4345.3s] epoch 127 step 100700 avg_loss=29.576
[4347.5s] epoch 127 step 100750 avg_loss=29.646
[4349.6s] epoch 127 step 100800 avg_loss=29.777
[4351.8s] epoch 127 step 100850 avg_loss=29.829
[4352.4s] === epoch 127 done: avg_loss=29.797 (n=788 derivations) ===
[4353.7s] epoch 128 step 100900 avg_loss=25.287
[4355.8s] epoch 128 step 100950 avg_loss=27.784
[4357.7s] epoch 128 step 101000 avg_loss=28.224
[4359.7s] epoch 128 step 101050 avg_loss=28.010
[4361.7s] epoch 128 step 101100 avg_loss=28.198
[4363.6s] epoch 128 step 101150 avg_loss=27.685
[4365.6s] epoch 128 step 101200 avg_loss=28.086
[4367.6s] epoch 128 step 101250 avg_loss=28.348
[4369.8s] epoch 128 step 101300 avg_loss=28.708
[4372.1s] epoch 128 step 101350 avg_loss=29.279
[4374.2s] epoch 128 step 101400 avg_loss=29.356
[4376.5s] epoch 128 step 101450 avg_loss=29.891
[4378.5s] epoch 128 step 101500 avg_loss=29.817
[4380.3s] epoch 128 step 101550 avg_loss=29.637
[4382.7s] epoch 128 step 101600 avg_loss=29.922
[4384.8s] epoch 128 step 101650 avg_loss=29.813
[4384.9s] === epoch 128 done: avg_loss=29.790 (n=788 derivations) ===
[4387.0s] epoch 129 step 101700 avg_loss=31.091
[4388.8s] epoch 129 step 101750 avg_loss=28.581
[4390.9s] epoch 129 step 101800 avg_loss=28.927
[4392.7s] epoch 129 step 101850 avg_loss=28.031
[4394.9s] epoch 129 step 101900 avg_loss=28.924
[4396.9s] epoch 129 step 101950 avg_loss=29.133
[4399.0s] epoch 129 step 102000 avg_loss=29.308
[4400.9s] epoch 129 step 102050 avg_loss=28.987
[4403.2s] epoch 129 step 102100 avg_loss=29.310
[4405.6s] epoch 129 step 102150 avg_loss=30.166
[4407.6s] epoch 129 step 102200 avg_loss=30.035
[4409.7s] epoch 129 step 102250 avg_loss=29.891
[4411.8s] epoch 129 step 102300 avg_loss=29.920
[4413.8s] epoch 129 step 102350 avg_loss=29.855
[4415.9s] epoch 129 step 102400 avg_loss=29.848
[4418.9s] eval step=3250 train_avg_loss=29.787 dev_rank1_f1=0.3266 dev_edge_p=0.2700 dev_edge_r=0.4131
[4418.9s] === epoch 129 done: avg_loss=29.787 (n=788 derivations) ===
[4419.3s] epoch 130 step 102450 avg_loss=23.930
[4421.7s] epoch 130 step 102500 avg_loss=34.332
[4423.7s] epoch 130 step 102550 avg_loss=32.551
[4425.9s] epoch 130 step 102600 avg_loss=31.651
[4427.9s] epoch 130 step 102650 avg_loss=30.918
[4430.4s] epoch 130 step 102700 avg_loss=31.557
[4432.6s] epoch 130 step 102750 avg_loss=31.538
[4434.8s] epoch 130 step 102800 avg_loss=31.443
[4436.7s] epoch 130 step 102850 avg_loss=31.258
[4438.6s] epoch 130 step 102900 avg_loss=30.902
[4440.2s] epoch 130 step 102950 avg_loss=30.232
[4442.2s] epoch 130 step 103000 avg_loss=30.164
[4444.4s] epoch 130 step 103050 avg_loss=30.054
[4446.5s] epoch 130 step 103100 avg_loss=29.926
[4448.7s] epoch 130 step 103150 avg_loss=29.985
[4450.7s] epoch 130 step 103200 avg_loss=29.954
[4451.8s] === epoch 130 done: avg_loss=29.803 (n=788 derivations) ===
[4452.8s] epoch 131 step 103250 avg_loss=31.841
[4454.4s] epoch 131 step 103300 avg_loss=24.857
[4456.3s] epoch 131 step 103350 avg_loss=25.528
[4458.5s] epoch 131 step 103400 avg_loss=26.935
[4460.8s] epoch 131 step 103450 avg_loss=27.984
[4462.8s] epoch 131 step 103500 avg_loss=27.443
[4464.6s] epoch 131 step 103550 avg_loss=27.253
[4466.7s] epoch 131 step 103600 avg_loss=27.144
[4468.7s] epoch 131 step 103650 avg_loss=27.249
[4471.3s] epoch 131 step 103700 avg_loss=27.992
[4473.7s] epoch 131 step 103750 avg_loss=28.239
[4476.2s] epoch 131 step 103800 avg_loss=28.904
[4478.2s] epoch 131 step 103850 avg_loss=28.841
[4480.6s] epoch 131 step 103900 avg_loss=29.286
[4482.8s] epoch 131 step 103950 avg_loss=29.560
[4485.1s] epoch 131 step 104000 avg_loss=29.906
[4485.7s] === epoch 131 done: avg_loss=29.844 (n=788 derivations) ===
[4487.0s] epoch 132 step 104050 avg_loss=29.332
[4489.3s] epoch 132 step 104100 avg_loss=30.994
[4491.1s] epoch 132 step 104150 avg_loss=29.415
[4493.2s] epoch 132 step 104200 avg_loss=29.463
[4495.2s] epoch 132 step 104250 avg_loss=29.223
[4497.3s] epoch 132 step 104300 avg_loss=29.512
[4499.7s] epoch 132 step 104350 avg_loss=30.099
[4501.5s] epoch 132 step 104400 avg_loss=29.833
[4503.5s] epoch 132 step 104450 avg_loss=29.776
[4505.4s] epoch 132 step 104500 avg_loss=29.405
[4507.6s] epoch 132 step 104550 avg_loss=29.645
[4509.9s] epoch 132 step 104600 avg_loss=29.784
[4512.2s] epoch 132 step 104650 avg_loss=29.821
[4514.0s] epoch 132 step 104700 avg_loss=29.778
[4516.4s] epoch 132 step 104750 avg_loss=30.028
[4518.6s] epoch 132 step 104800 avg_loss=29.975
[4518.8s] === epoch 132 done: avg_loss=29.960 (n=788 derivations) ===
[4521.0s] epoch 133 step 104850 avg_loss=35.047
[4522.7s] epoch 133 step 104900 avg_loss=30.666
[4524.9s] epoch 133 step 104950 avg_loss=30.953
[4527.1s] epoch 133 step 105000 avg_loss=30.574
[4529.4s] epoch 133 step 105050 avg_loss=30.540
[4532.0s] epoch 133 step 105100 avg_loss=30.439
[4534.4s] epoch 133 step 105150 avg_loss=30.443
[4536.7s] epoch 133 step 105200 avg_loss=30.154
[4539.1s] epoch 133 step 105250 avg_loss=30.073
[4541.6s] epoch 133 step 105300 avg_loss=30.407
[4543.7s] epoch 133 step 105350 avg_loss=30.267
[4546.0s] epoch 133 step 105400 avg_loss=30.508
[4548.1s] epoch 133 step 105450 avg_loss=30.353
[4550.1s] epoch 133 step 105500 avg_loss=30.255
[4552.0s] epoch 133 step 105550 avg_loss=30.333
[4553.5s] === epoch 133 done: avg_loss=30.216 (n=788 derivations) ===
[4553.8s] epoch 134 step 105600 avg_loss=36.837
[4555.9s] epoch 134 step 105650 avg_loss=31.175
[4558.0s] epoch 134 step 105700 avg_loss=29.946
[4559.9s] epoch 134 step 105750 avg_loss=28.853
[4562.0s] epoch 134 step 105800 avg_loss=28.573
[4563.9s] epoch 134 step 105850 avg_loss=28.017
[4566.2s] epoch 134 step 105900 avg_loss=28.826
[4568.2s] epoch 134 step 105950 avg_loss=28.549
[4570.3s] epoch 134 step 106000 avg_loss=28.930
[4572.5s] epoch 134 step 106050 avg_loss=29.108
[4574.8s] epoch 134 step 106100 avg_loss=29.738
[4577.1s] epoch 134 step 106150 avg_loss=30.087
[4579.4s] epoch 134 step 106200 avg_loss=30.307
[4581.3s] epoch 134 step 106250 avg_loss=30.117
[4583.6s] epoch 134 step 106300 avg_loss=30.339
[4585.6s] epoch 134 step 106350 avg_loss=30.313
[4586.9s] === epoch 134 done: avg_loss=30.260 (n=788 derivations) ===
[4587.8s] epoch 135 step 106400 avg_loss=28.476
[4589.9s] epoch 135 step 106450 avg_loss=29.192
[4592.1s] epoch 135 step 106500 avg_loss=29.961
[4594.5s] epoch 135 step 106550 avg_loss=30.700
[4596.5s] epoch 135 step 106600 avg_loss=29.865
[4599.0s] epoch 135 step 106650 avg_loss=29.679
[4601.3s] epoch 135 step 106700 avg_loss=30.258
[4603.3s] epoch 135 step 106750 avg_loss=30.096
[4605.1s] epoch 135 step 106800 avg_loss=29.738
[4607.3s] epoch 135 step 106850 avg_loss=30.079
[4609.4s] epoch 135 step 106900 avg_loss=29.924
[4611.5s] epoch 135 step 106950 avg_loss=29.942
[4613.5s] epoch 135 step 107000 avg_loss=29.723
[4615.8s] epoch 135 step 107050 avg_loss=29.893
[4618.0s] epoch 135 step 107100 avg_loss=30.086
[4620.1s] epoch 135 step 107150 avg_loss=30.209
[4621.0s] === epoch 135 done: avg_loss=30.295 (n=788 derivations) ===
[4622.2s] epoch 136 step 107200 avg_loss=27.692
[4624.4s] epoch 136 step 107250 avg_loss=28.753
[4626.5s] epoch 136 step 107300 avg_loss=29.290
[4628.7s] epoch 136 step 107350 avg_loss=30.830
[4630.7s] epoch 136 step 107400 avg_loss=31.318
[4632.9s] epoch 136 step 107450 avg_loss=31.026
[4634.6s] epoch 136 step 107500 avg_loss=30.257
[4636.5s] epoch 136 step 107550 avg_loss=29.659
[4638.5s] epoch 136 step 107600 avg_loss=29.399
[4640.7s] epoch 136 step 107650 avg_loss=29.771
[4642.7s] epoch 136 step 107700 avg_loss=29.602
[4644.7s] epoch 136 step 107750 avg_loss=29.612
[4646.8s] epoch 136 step 107800 avg_loss=29.617
[4648.8s] epoch 136 step 107850 avg_loss=29.534
[4651.0s] epoch 136 step 107900 avg_loss=29.779
[4653.4s] epoch 136 step 107950 avg_loss=30.214
[4653.7s] === epoch 136 done: avg_loss=30.226 (n=788 derivations) ===
[4655.6s] epoch 137 step 108000 avg_loss=32.992
[4657.7s] epoch 137 step 108050 avg_loss=31.001
[4660.0s] epoch 137 step 108100 avg_loss=31.753
[4662.1s] epoch 137 step 108150 avg_loss=31.507
[4664.4s] epoch 137 step 108200 avg_loss=31.913
[4666.6s] epoch 137 step 108250 avg_loss=31.721
[4668.5s] epoch 137 step 108300 avg_loss=30.826
[4670.8s] epoch 137 step 108350 avg_loss=31.087
[4672.7s] epoch 137 step 108400 avg_loss=30.745
[4674.8s] epoch 137 step 108450 avg_loss=30.542
[4676.7s] epoch 137 step 108500 avg_loss=30.067
[4678.9s] epoch 137 step 108550 avg_loss=30.219
[4681.2s] epoch 137 step 108600 avg_loss=30.424
[4683.0s] epoch 137 step 108650 avg_loss=30.276
[4685.3s] epoch 137 step 108700 avg_loss=30.322
[4687.0s] === epoch 137 done: avg_loss=30.171 (n=788 derivations) ===
[4687.3s] epoch 138 step 108750 avg_loss=25.411
[4689.4s] epoch 138 step 108800 avg_loss=29.393
[4691.6s] epoch 138 step 108850 avg_loss=29.811
[4693.6s] epoch 138 step 108900 avg_loss=30.247
[4695.5s] epoch 138 step 108950 avg_loss=29.781
[4697.9s] epoch 138 step 109000 avg_loss=30.985
[4700.1s] epoch 138 step 109050 avg_loss=31.236
[4702.3s] epoch 138 step 109100 avg_loss=31.411
[4704.2s] epoch 138 step 109150 avg_loss=31.228
[4706.2s] epoch 138 step 109200 avg_loss=30.780
[4708.2s] epoch 138 step 109250 avg_loss=30.584
[4710.4s] epoch 138 step 109300 avg_loss=30.698
[4712.5s] epoch 138 step 109350 avg_loss=30.442
[4714.7s] epoch 138 step 109400 avg_loss=30.296
[4716.5s] epoch 138 step 109450 avg_loss=29.861
[4718.7s] epoch 138 step 109500 avg_loss=30.037
[4720.0s] === epoch 138 done: avg_loss=30.102 (n=788 derivations) ===
[4720.6s] epoch 139 step 109550 avg_loss=26.668
[4722.4s] epoch 139 step 109600 avg_loss=25.132
[4724.4s] epoch 139 step 109650 avg_loss=27.397
[4726.6s] epoch 139 step 109700 avg_loss=29.491
[4729.0s] epoch 139 step 109750 avg_loss=30.934
[4731.1s] epoch 139 step 109800 avg_loss=31.378
[4733.6s] epoch 139 step 109850 avg_loss=31.461
[4735.6s] epoch 139 step 109900 avg_loss=30.999
[4737.7s] epoch 139 step 109950 avg_loss=30.400
[4739.7s] epoch 139 step 110000 avg_loss=30.581
[4741.8s] epoch 139 step 110050 avg_loss=30.446
[4743.7s] epoch 139 step 110100 avg_loss=30.169
[4745.8s] epoch 139 step 110150 avg_loss=30.040
[4747.6s] epoch 139 step 110200 avg_loss=29.937
[4749.8s] epoch 139 step 110250 avg_loss=30.186
[4752.0s] epoch 139 step 110300 avg_loss=30.108
[4754.2s] eval step=3500 train_avg_loss=30.127 dev_rank1_f1=0.3154 dev_edge_p=0.2625 dev_edge_r=0.3950
[4754.2s] === epoch 139 done: avg_loss=30.127 (n=788 derivations) ===
[4755.5s] epoch 140 step 110350 avg_loss=30.874
[4758.1s] epoch 140 step 110400 avg_loss=34.856
[4760.1s] epoch 140 step 110450 avg_loss=32.524
[4762.1s] epoch 140 step 110500 avg_loss=31.357
[4764.1s] epoch 140 step 110550 avg_loss=30.515
[4766.0s] epoch 140 step 110600 avg_loss=30.089
[4768.2s] epoch 140 step 110650 avg_loss=30.345
[4770.6s] epoch 140 step 110700 avg_loss=30.671
[4772.6s] epoch 140 step 110750 avg_loss=30.391
[4774.5s] epoch 140 step 110800 avg_loss=30.078
[4776.8s] epoch 140 step 110850 avg_loss=30.318
[4778.7s] epoch 140 step 110900 avg_loss=30.064
[4781.0s] epoch 140 step 110950 avg_loss=30.037
[4783.3s] epoch 140 step 111000 avg_loss=30.101
[4785.4s] epoch 140 step 111050 avg_loss=30.272
[4787.5s] epoch 140 step 111100 avg_loss=30.192
[4787.8s] === epoch 140 done: avg_loss=30.090 (n=788 derivations) ===
[4789.5s] epoch 141 step 111150 avg_loss=27.952
[4791.4s] epoch 141 step 111200 avg_loss=27.092
[4793.4s] epoch 141 step 111250 avg_loss=27.779
[4795.9s] epoch 141 step 111300 avg_loss=29.411
[4798.0s] epoch 141 step 111350 avg_loss=29.997
[4800.5s] epoch 141 step 111400 avg_loss=30.094
[4802.7s] epoch 141 step 111450 avg_loss=29.868
[4805.0s] epoch 141 step 111500 avg_loss=30.044
[4807.1s] epoch 141 step 111550 avg_loss=30.325
[4809.2s] epoch 141 step 111600 avg_loss=30.296
[4811.4s] epoch 141 step 111650 avg_loss=30.521
[4813.0s] epoch 141 step 111700 avg_loss=29.846
[4814.9s] epoch 141 step 111750 avg_loss=29.814
[4817.1s] epoch 141 step 111800 avg_loss=29.813
[4819.5s] epoch 141 step 111850 avg_loss=30.289
[4821.2s] === epoch 141 done: avg_loss=30.042 (n=788 derivations) ===
[4821.3s] epoch 142 step 111900 avg_loss=34.712
[4823.5s] epoch 142 step 111950 avg_loss=32.343
[4826.0s] epoch 142 step 112000 avg_loss=34.588
[4827.9s] epoch 142 step 112050 avg_loss=32.578
[4830.0s] epoch 142 step 112100 avg_loss=31.964
[4831.9s] epoch 142 step 112150 avg_loss=30.988
[4833.5s] epoch 142 step 112200 avg_loss=29.753
[4835.6s] epoch 142 step 112250 avg_loss=30.065
[4837.5s] epoch 142 step 112300 avg_loss=29.814
[4839.8s] epoch 142 step 112350 avg_loss=30.098
[4841.6s] epoch 142 step 112400 avg_loss=29.920
[4843.8s] epoch 142 step 112450 avg_loss=30.062
[4846.0s] epoch 142 step 112500 avg_loss=30.139
[4848.1s] epoch 142 step 112550 avg_loss=29.852
[4850.2s] epoch 142 step 112600 avg_loss=30.047
[4852.6s] epoch 142 step 112650 avg_loss=30.072
[4854.0s] === epoch 142 done: avg_loss=30.109 (n=788 derivations) ===
[4854.6s] epoch 143 step 112700 avg_loss=27.434
[4857.0s] epoch 143 step 112750 avg_loss=35.559
[4858.9s] epoch 143 step 112800 avg_loss=32.468
[4860.7s] epoch 143 step 112850 avg_loss=31.295
[4863.0s] epoch 143 step 112900 avg_loss=31.674
[4864.9s] epoch 143 step 112950 avg_loss=31.295
[4867.0s] epoch 143 step 113000 avg_loss=31.362
[4868.8s] epoch 143 step 113050 avg_loss=30.634
[4870.8s] epoch 143 step 113100 avg_loss=30.412
[4873.1s] epoch 143 step 113150 avg_loss=30.829
[4875.2s] epoch 143 step 113200 avg_loss=30.832
[4877.2s] epoch 143 step 113250 avg_loss=30.796
[4879.5s] epoch 143 step 113300 avg_loss=30.912
[4881.4s] epoch 143 step 113350 avg_loss=30.688
[4883.4s] epoch 143 step 113400 avg_loss=30.585
[4885.0s] epoch 143 step 113450 avg_loss=30.210
[4885.7s] === epoch 143 done: avg_loss=30.121 (n=788 derivations) ===
[4886.9s] epoch 144 step 113500 avg_loss=31.077
[4889.0s] epoch 144 step 113550 avg_loss=30.348
[4891.0s] epoch 144 step 113600 avg_loss=29.924
[4893.2s] epoch 144 step 113650 avg_loss=30.331
[4895.7s] epoch 144 step 113700 avg_loss=31.569
[4898.1s] epoch 144 step 113750 avg_loss=31.826
[4900.4s] epoch 144 step 113800 avg_loss=31.998
[4902.4s] epoch 144 step 113850 avg_loss=31.207
[4904.7s] epoch 144 step 113900 avg_loss=30.973
[4906.6s] epoch 144 step 113950 avg_loss=30.653
[4908.6s] epoch 144 step 114000 avg_loss=30.316
[4911.1s] epoch 144 step 114050 avg_loss=30.623
[4913.2s] epoch 144 step 114100 avg_loss=30.680
[4915.5s] epoch 144 step 114150 avg_loss=30.522
[4917.6s] epoch 144 step 114200 avg_loss=30.346
[4919.9s] epoch 144 step 114250 avg_loss=30.246
[4920.2s] === epoch 144 done: avg_loss=30.126 (n=788 derivations) ===
[4921.8s] epoch 145 step 114300 avg_loss=31.519
[4923.8s] epoch 145 step 114350 avg_loss=29.737
[4925.8s] epoch 145 step 114400 avg_loss=29.903
[4927.9s] epoch 145 step 114450 avg_loss=29.343
[4930.0s] epoch 145 step 114500 avg_loss=29.868
[4931.9s] epoch 145 step 114550 avg_loss=29.471
[4933.9s] epoch 145 step 114600 avg_loss=28.946
[4936.1s] epoch 145 step 114650 avg_loss=29.437
[4938.3s] epoch 145 step 114700 avg_loss=29.614
[4940.7s] epoch 145 step 114750 avg_loss=29.613
[4942.7s] epoch 145 step 114800 avg_loss=29.575
[4944.9s] epoch 145 step 114850 avg_loss=29.636
[4947.4s] epoch 145 step 114900 avg_loss=30.144
[4949.6s] epoch 145 step 114950 avg_loss=30.137
[4951.6s] epoch 145 step 115000 avg_loss=30.016
[4953.6s] === epoch 145 done: avg_loss=30.051 (n=788 derivations) ===
[4953.8s] epoch 146 step 115050 avg_loss=55.527
[4955.8s] epoch 146 step 115100 avg_loss=29.492
[4957.7s] epoch 146 step 115150 avg_loss=29.415
[4959.9s] epoch 146 step 115200 avg_loss=30.066
[4962.2s] epoch 146 step 115250 avg_loss=30.920
[4964.6s] epoch 146 step 115300 avg_loss=31.974
[4966.6s] epoch 146 step 115350 avg_loss=30.875
[4968.9s] epoch 146 step 115400 avg_loss=30.642
[4971.1s] epoch 146 step 115450 avg_loss=30.649
[4973.5s] epoch 146 step 115500 avg_loss=30.659
[4975.3s] epoch 146 step 115550 avg_loss=30.237
[4977.3s] epoch 146 step 115600 avg_loss=30.029
[4979.2s] epoch 146 step 115650 avg_loss=29.734
[4981.6s] epoch 146 step 115700 avg_loss=30.160
[4983.7s] epoch 146 step 115750 avg_loss=30.081
[4985.8s] epoch 146 step 115800 avg_loss=30.120
[4987.1s] === epoch 146 done: avg_loss=30.031 (n=788 derivations) ===
[4987.7s] epoch 147 step 115850 avg_loss=30.885
[4989.5s] epoch 147 step 115900 avg_loss=29.986
[4991.5s] epoch 147 step 115950 avg_loss=29.606
[4993.6s] epoch 147 step 116000 avg_loss=29.692
[4996.0s] epoch 147 step 116050 avg_loss=30.931
[4998.1s] epoch 147 step 116100 avg_loss=31.144
[5000.2s] epoch 147 step 116150 avg_loss=31.268
[5002.3s] epoch 147 step 116200 avg_loss=30.553
[5004.1s] epoch 147 step 116250 avg_loss=29.908
[5006.3s] epoch 147 step 116300 avg_loss=29.808
[5008.5s] epoch 147 step 116350 avg_loss=29.999
[5010.5s] epoch 147 step 116400 avg_loss=30.033
[5012.7s] epoch 147 step 116450 avg_loss=30.097
[5015.0s] epoch 147 step 116500 avg_loss=30.146
[5017.1s] epoch 147 step 116550 avg_loss=30.227
[5019.0s] epoch 147 step 116600 avg_loss=30.018
[5020.0s] === epoch 147 done: avg_loss=30.022 (n=788 derivations) ===
[5021.2s] epoch 148 step 116650 avg_loss=28.752
[5023.4s] epoch 148 step 116700 avg_loss=29.900
[5025.2s] epoch 148 step 116750 avg_loss=27.989
[5027.3s] epoch 148 step 116800 avg_loss=28.571
[5029.3s] epoch 148 step 116850 avg_loss=28.643
[5031.4s] epoch 148 step 116900 avg_loss=29.124
[5033.6s] epoch 148 step 116950 avg_loss=29.271
[5035.5s] epoch 148 step 117000 avg_loss=29.116
[5037.6s] epoch 148 step 117050 avg_loss=29.154
[5039.8s] epoch 148 step 117100 avg_loss=29.457
[5042.0s] epoch 148 step 117150 avg_loss=29.828
[5044.2s] epoch 148 step 117200 avg_loss=29.781
[5046.1s] epoch 148 step 117250 avg_loss=29.662
[5048.3s] epoch 148 step 117300 avg_loss=29.833
[5050.4s] epoch 148 step 117350 avg_loss=30.036
[5052.3s] epoch 148 step 117400 avg_loss=29.820
[5053.0s] === epoch 148 done: avg_loss=29.997 (n=788 derivations) ===
[5054.5s] epoch 149 step 117450 avg_loss=28.749
[5056.9s] epoch 149 step 117500 avg_loss=33.083
[5058.9s] epoch 149 step 117550 avg_loss=32.054
[5060.8s] epoch 149 step 117600 avg_loss=30.792
[5063.1s] epoch 149 step 117650 avg_loss=31.342
[5065.3s] epoch 149 step 117700 avg_loss=30.773
[5067.5s] epoch 149 step 117750 avg_loss=30.220
[5069.7s] epoch 149 step 117800 avg_loss=30.148
[5071.6s] epoch 149 step 117850 avg_loss=29.818
[5073.9s] epoch 149 step 117900 avg_loss=30.073
[5076.1s] epoch 149 step 117950 avg_loss=29.939
[5078.3s] epoch 149 step 118000 avg_loss=29.946
[5080.2s] epoch 149 step 118050 avg_loss=29.734
[5082.3s] epoch 149 step 118100 avg_loss=29.858
[5084.3s] epoch 149 step 118150 avg_loss=29.692
[5086.8s] epoch 149 step 118200 avg_loss=29.956
[5088.1s] eval step=3750 train_avg_loss=29.956 dev_rank1_f1=0.3260 dev_edge_p=0.2718 dev_edge_r=0.4072
[5088.1s] === epoch 149 done: avg_loss=29.956 (n=788 derivations) ===
[5090.5s] epoch 150 step 118250 avg_loss=30.083
[5092.6s] epoch 150 step 118300 avg_loss=29.461
[5094.9s] epoch 150 step 118350 avg_loss=30.022
[5097.1s] epoch 150 step 118400 avg_loss=30.882
[5099.5s] epoch 150 step 118450 avg_loss=31.665
[5102.0s] epoch 150 step 118500 avg_loss=32.006
[5104.2s] epoch 150 step 118550 avg_loss=31.405
[5106.1s] epoch 150 step 118600 avg_loss=30.581
[5108.3s] epoch 150 step 118650 avg_loss=30.459
[5110.6s] epoch 150 step 118700 avg_loss=30.426
[5112.7s] epoch 150 step 118750 avg_loss=30.323
[5114.7s] epoch 150 step 118800 avg_loss=30.201
[5116.7s] epoch 150 step 118850 avg_loss=30.134
[5118.7s] epoch 150 step 118900 avg_loss=29.873
[5120.7s] epoch 150 step 118950 avg_loss=29.845
[5122.3s] === epoch 150 done: avg_loss=29.865 (n=788 derivations) ===
[5122.6s] epoch 151 step 119000 avg_loss=14.617
[5124.5s] epoch 151 step 119050 avg_loss=23.629
[5126.8s] epoch 151 step 119100 avg_loss=28.018
[5129.0s] epoch 151 step 119150 avg_loss=28.959
[5131.3s] epoch 151 step 119200 avg_loss=29.544
[5133.9s] epoch 151 step 119250 avg_loss=29.926
[5136.1s] epoch 151 step 119300 avg_loss=29.691
[5138.9s] epoch 151 step 119350 avg_loss=29.983
[5141.0s] epoch 151 step 119400 avg_loss=29.860
[5143.3s] epoch 151 step 119450 avg_loss=29.841
[5145.6s] epoch 151 step 119500 avg_loss=30.132
[5147.7s] epoch 151 step 119550 avg_loss=29.999
[5149.9s] epoch 151 step 119600 avg_loss=30.215
[5151.9s] epoch 151 step 119650 avg_loss=30.021
[5154.3s] epoch 151 step 119700 avg_loss=30.076
[5156.4s] epoch 151 step 119750 avg_loss=29.822
[5157.6s] === epoch 151 done: avg_loss=29.802 (n=788 derivations) ===
[5158.9s] epoch 152 step 119800 avg_loss=32.435
[5160.9s] epoch 152 step 119850 avg_loss=29.062
[5162.8s] epoch 152 step 119900 avg_loss=28.618
[5165.1s] epoch 152 step 119950 avg_loss=29.885
[5167.2s] epoch 152 step 120000 avg_loss=29.604
[5169.2s] epoch 152 step 120050 avg_loss=28.889
[5171.2s] epoch 152 step 120100 avg_loss=28.715
[5173.6s] epoch 152 step 120150 avg_loss=29.164
[5176.1s] epoch 152 step 120200 avg_loss=29.681
[5178.8s] epoch 152 step 120250 avg_loss=30.403
[5181.0s] epoch 152 step 120300 avg_loss=30.285
[5182.9s] epoch 152 step 120350 avg_loss=30.105
[5185.1s] epoch 152 step 120400 avg_loss=29.947
[5187.1s] epoch 152 step 120450 avg_loss=29.744
[5189.1s] epoch 152 step 120500 avg_loss=29.768
[5191.2s] epoch 152 step 120550 avg_loss=29.823
[5191.8s] === epoch 152 done: avg_loss=29.765 (n=788 derivations) ===
[5193.2s] epoch 153 step 120600 avg_loss=30.955
[5195.2s] epoch 153 step 120650 avg_loss=28.766
[5197.2s] epoch 153 step 120700 avg_loss=28.038
[5199.8s] epoch 153 step 120750 avg_loss=30.509
[5201.7s] epoch 153 step 120800 avg_loss=29.861
[5203.9s] epoch 153 step 120850 avg_loss=29.978
[5205.8s] epoch 153 step 120900 avg_loss=29.400
[5207.8s] epoch 153 step 120950 avg_loss=29.076
[5210.0s] epoch 153 step 121000 avg_loss=29.214
[5212.4s] epoch 153 step 121050 avg_loss=29.407
[5214.8s] epoch 153 step 121100 avg_loss=29.623
[5216.9s] epoch 153 step 121150 avg_loss=29.398
[5219.2s] epoch 153 step 121200 avg_loss=29.594
[5221.2s] epoch 153 step 121250 avg_loss=29.578
[5223.5s] epoch 153 step 121300 avg_loss=29.658
[5225.6s] epoch 153 step 121350 avg_loss=29.716
[5225.7s] === epoch 153 done: avg_loss=29.725 (n=788 derivations) ===
[5227.7s] epoch 154 step 121400 avg_loss=27.519
[5229.6s] epoch 154 step 121450 avg_loss=27.500
[5231.8s] epoch 154 step 121500 avg_loss=28.404
[5233.9s] epoch 154 step 121550 avg_loss=28.895
[5235.7s] epoch 154 step 121600 avg_loss=28.605
[5237.7s] epoch 154 step 121650 avg_loss=28.606
[5240.0s] epoch 154 step 121700 avg_loss=29.192
[5242.1s] epoch 154 step 121750 avg_loss=29.224
[5244.2s] epoch 154 step 121800 avg_loss=29.125
[5246.4s] epoch 154 step 121850 avg_loss=29.217
[5248.4s] epoch 154 step 121900 avg_loss=28.940
[5250.7s] epoch 154 step 121950 avg_loss=29.175
[5253.1s] epoch 154 step 122000 avg_loss=29.333
[5255.3s] epoch 154 step 122050 avg_loss=29.318
[5257.7s] epoch 154 step 122100 avg_loss=29.428
[5259.8s] === epoch 154 done: avg_loss=29.710 (n=788 derivations) ===
[5260.2s] epoch 155 step 122150 avg_loss=31.703
[5262.4s] epoch 155 step 122200 avg_loss=31.233
[5264.7s] epoch 155 step 122250 avg_loss=31.442
[5266.8s] epoch 155 step 122300 avg_loss=30.668
[5268.8s] epoch 155 step 122350 avg_loss=29.959
[5270.6s] epoch 155 step 122400 avg_loss=29.233
[5272.7s] epoch 155 step 122450 avg_loss=29.538
[5274.5s] epoch 155 step 122500 avg_loss=29.210
[5276.8s] epoch 155 step 122550 avg_loss=29.560
[5278.8s] epoch 155 step 122600 avg_loss=29.329
[5281.3s] epoch 155 step 122650 avg_loss=29.713
[5283.7s] epoch 155 step 122700 avg_loss=29.718
[5285.6s] epoch 155 step 122750 avg_loss=29.490
[5287.7s] epoch 155 step 122800 avg_loss=29.616
[5289.9s] epoch 155 step 122850 avg_loss=29.657
[5292.3s] epoch 155 step 122900 avg_loss=29.974
[5293.3s] === epoch 155 done: avg_loss=29.692 (n=788 derivations) ===
[5294.2s] epoch 156 step 122950 avg_loss=32.056
[5296.5s] epoch 156 step 123000 avg_loss=31.065
[5298.5s] epoch 156 step 123050 avg_loss=29.631
[5300.9s] epoch 156 step 123100 avg_loss=30.795
[5303.0s] epoch 156 step 123150 avg_loss=30.560
[5304.9s] epoch 156 step 123200 avg_loss=29.737
[5306.9s] epoch 156 step 123250 avg_loss=29.743
[5308.7s] epoch 156 step 123300 avg_loss=29.084
[5311.0s] epoch 156 step 123350 avg_loss=28.830
[5313.3s] epoch 156 step 123400 avg_loss=29.416
[5315.2s] epoch 156 step 123450 avg_loss=29.096
[5317.2s] epoch 156 step 123500 avg_loss=29.306
[5319.3s] epoch 156 step 123550 avg_loss=29.413
[5321.8s] epoch 156 step 123600 avg_loss=29.866
[5323.9s] epoch 156 step 123650 avg_loss=29.727
[5326.2s] epoch 156 step 123700 avg_loss=29.682
[5326.9s] === epoch 156 done: avg_loss=29.681 (n=788 derivations) ===
[5328.4s] epoch 157 step 123750 avg_loss=24.986
[5330.8s] epoch 157 step 123800 avg_loss=30.612
[5333.0s] epoch 157 step 123850 avg_loss=30.098
[5334.7s] epoch 157 step 123900 avg_loss=28.444
[5336.8s] epoch 157 step 123950 avg_loss=28.882
[5338.7s] epoch 157 step 124000 avg_loss=28.405
[5340.7s] epoch 157 step 124050 avg_loss=28.141
[5342.6s] epoch 157 step 124100 avg_loss=28.448
[5344.8s] epoch 157 step 124150 avg_loss=28.836
[5347.4s] epoch 157 step 124200 avg_loss=29.592
[5349.2s] epoch 157 step 124250 avg_loss=29.115
[5351.4s] epoch 157 step 124300 avg_loss=29.200
[5353.5s] epoch 157 step 124350 avg_loss=29.053
[5355.7s] epoch 157 step 124400 avg_loss=29.209
[5358.0s] epoch 157 step 124450 avg_loss=29.326
[5360.6s] epoch 157 step 124500 avg_loss=29.603
[5360.9s] === epoch 157 done: avg_loss=29.672 (n=788 derivations) ===
[5363.0s] epoch 158 step 124550 avg_loss=35.015
[5364.9s] epoch 158 step 124600 avg_loss=29.313
[5367.0s] epoch 158 step 124650 avg_loss=29.472
[5369.4s] epoch 158 step 124700 avg_loss=31.302
[5371.8s] epoch 158 step 124750 avg_loss=31.165
[5374.3s] epoch 158 step 124800 avg_loss=31.044
[5376.5s] epoch 158 step 124850 avg_loss=30.906
[5378.5s] epoch 158 step 124900 avg_loss=30.226
[5380.3s] epoch 158 step 124950 avg_loss=29.963
[5382.5s] epoch 158 step 125000 avg_loss=29.954
[5384.7s] epoch 158 step 125050 avg_loss=30.202
[5386.9s] epoch 158 step 125100 avg_loss=30.373
[5388.9s] epoch 158 step 125150 avg_loss=30.167
[5390.9s] epoch 158 step 125200 avg_loss=29.929
[5393.2s] epoch 158 step 125250 avg_loss=29.844
[5394.9s] === epoch 158 done: avg_loss=29.664 (n=788 derivations) ===
[5395.3s] epoch 159 step 125300 avg_loss=29.548
[5397.5s] epoch 159 step 125350 avg_loss=30.806
[5399.8s] epoch 159 step 125400 avg_loss=31.356
[5401.7s] epoch 159 step 125450 avg_loss=28.890
[5403.7s] epoch 159 step 125500 avg_loss=29.015
[5405.9s] epoch 159 step 125550 avg_loss=29.734
[5408.1s] epoch 159 step 125600 avg_loss=29.716
[5410.2s] epoch 159 step 125650 avg_loss=30.055
[5412.3s] epoch 159 step 125700 avg_loss=29.664
[5414.4s] epoch 159 step 125750 avg_loss=29.722
[5416.8s] epoch 159 step 125800 avg_loss=30.193
[5418.7s] epoch 159 step 125850 avg_loss=30.009
[5420.6s] epoch 159 step 125900 avg_loss=29.709
[5423.0s] epoch 159 step 125950 avg_loss=29.489
[5425.3s] epoch 159 step 126000 avg_loss=29.589
[5427.9s] epoch 159 step 126050 avg_loss=29.735
[5430.4s] eval step=4000 train_avg_loss=29.658 dev_rank1_f1=0.3296 dev_edge_p=0.2759 dev_edge_r=0.4090
[5430.4s] === epoch 159 done: avg_loss=29.658 (n=788 derivations) ===
[5431.2s] epoch 160 step 126100 avg_loss=26.437
[5433.2s] epoch 160 step 126150 avg_loss=25.131
[5435.1s] epoch 160 step 126200 avg_loss=26.398
[5437.4s] epoch 160 step 126250 avg_loss=28.695
[5439.5s] epoch 160 step 126300 avg_loss=29.740
[5441.7s] epoch 160 step 126350 avg_loss=30.266
[5443.8s] epoch 160 step 126400 avg_loss=29.889
[5445.9s] epoch 160 step 126450 avg_loss=29.256
[5448.0s] epoch 160 step 126500 avg_loss=29.461
[5450.3s] epoch 160 step 126550 avg_loss=29.519
[5452.5s] epoch 160 step 126600 avg_loss=29.494
[5454.9s] epoch 160 step 126650 avg_loss=29.933
[5457.2s] epoch 160 step 126700 avg_loss=29.871
[5459.3s] epoch 160 step 126750 avg_loss=29.807
[5461.4s] epoch 160 step 126800 avg_loss=30.031
[5463.1s] epoch 160 step 126850 avg_loss=29.722
[5463.9s] === epoch 160 done: avg_loss=29.652 (n=788 derivations) ===
[5465.2s] epoch 161 step 126900 avg_loss=28.903
[5467.2s] epoch 161 step 126950 avg_loss=29.522
[5469.2s] epoch 161 step 127000 avg_loss=28.180
[5471.6s] epoch 161 step 127050 avg_loss=28.559
[5474.2s] epoch 161 step 127100 avg_loss=28.997
[5476.3s] epoch 161 step 127150 avg_loss=28.496
[5478.4s] epoch 161 step 127200 avg_loss=28.219
[5480.5s] epoch 161 step 127250 avg_loss=28.490
[5482.4s] epoch 161 step 127300 avg_loss=28.546
[5484.4s] epoch 161 step 127350 avg_loss=28.441
[5486.8s] epoch 161 step 127400 avg_loss=28.946
[5489.2s] epoch 161 step 127450 avg_loss=29.222
[5491.3s] epoch 161 step 127500 avg_loss=29.319
[5493.3s] epoch 161 step 127550 avg_loss=29.262
[5495.9s] epoch 161 step 127600 avg_loss=29.533
[5498.2s] epoch 161 step 127650 avg_loss=29.630
[5498.5s] === epoch 161 done: avg_loss=29.647 (n=788 derivations) ===
[5500.5s] epoch 162 step 127700 avg_loss=31.051
[5502.5s] epoch 162 step 127750 avg_loss=29.083
[5505.1s] epoch 162 step 127800 avg_loss=31.067
[5507.4s] epoch 162 step 127850 avg_loss=30.762
[5509.7s] epoch 162 step 127900 avg_loss=30.451
[5511.9s] epoch 162 step 127950 avg_loss=30.529
[5514.3s] epoch 162 step 128000 avg_loss=30.422
[5516.4s] epoch 162 step 128050 avg_loss=29.825
[5519.2s] epoch 162 step 128100 avg_loss=29.996
[5521.5s] epoch 162 step 128150 avg_loss=29.810
[5523.7s] epoch 162 step 128200 avg_loss=29.604
[5525.9s] epoch 162 step 128250 avg_loss=29.606
[5528.2s] epoch 162 step 128300 avg_loss=29.977
[5530.1s] epoch 162 step 128350 avg_loss=29.562
[5532.4s] epoch 162 step 128400 avg_loss=29.692
[5534.2s] === epoch 162 done: avg_loss=29.641 (n=788 derivations) ===
[5534.5s] epoch 163 step 128450 avg_loss=36.615
[5536.2s] epoch 163 step 128500 avg_loss=25.639
[5538.4s] epoch 163 step 128550 avg_loss=28.444
[5540.5s] epoch 163 step 128600 avg_loss=28.756
[5542.5s] epoch 163 step 128650 avg_loss=28.602
[5544.7s] epoch 163 step 128700 avg_loss=29.324
[5546.7s] epoch 163 step 128750 avg_loss=29.269
[5548.7s] epoch 163 step 128800 avg_loss=29.214
[5551.0s] epoch 163 step 128850 avg_loss=29.541
[5552.8s] epoch 163 step 128900 avg_loss=29.133
[5554.8s] epoch 163 step 128950 avg_loss=29.287
[5556.8s] epoch 163 step 129000 avg_loss=29.186
[5558.8s] epoch 163 step 129050 avg_loss=29.116
[5561.2s] epoch 163 step 129100 avg_loss=29.548
[5563.5s] epoch 163 step 129150 avg_loss=29.658
[5565.3s] epoch 163 step 129200 avg_loss=29.431
[5566.8s] === epoch 163 done: avg_loss=29.635 (n=788 derivations) ===
[5567.4s] epoch 164 step 129250 avg_loss=22.588
[5569.8s] epoch 164 step 129300 avg_loss=30.122
[5572.0s] epoch 164 step 129350 avg_loss=30.552
[5574.6s] epoch 164 step 129400 avg_loss=31.544
[5576.8s] epoch 164 step 129450 avg_loss=32.143
[5578.9s] epoch 164 step 129500 avg_loss=31.696
[5581.0s] epoch 164 step 129550 avg_loss=31.413
[5583.0s] epoch 164 step 129600 avg_loss=30.719
[5585.0s] epoch 164 step 129650 avg_loss=30.288
[5587.2s] epoch 164 step 129700 avg_loss=30.436
[5589.4s] epoch 164 step 129750 avg_loss=30.340
[5591.4s] epoch 164 step 129800 avg_loss=29.895
[5593.3s] epoch 164 step 129850 avg_loss=29.722
[5595.5s] epoch 164 step 129900 avg_loss=29.704
[5597.9s] epoch 164 step 129950 avg_loss=29.804
[5600.1s] epoch 164 step 130000 avg_loss=29.666
[5601.1s] === epoch 164 done: avg_loss=29.630 (n=788 derivations) ===
[5602.3s] epoch 165 step 130050 avg_loss=24.694
[5604.3s] epoch 165 step 130100 avg_loss=26.512
[5606.5s] epoch 165 step 130150 avg_loss=27.705
[5608.7s] epoch 165 step 130200 avg_loss=27.799
[5610.9s] epoch 165 step 130250 avg_loss=28.143
[5613.2s] epoch 165 step 130300 avg_loss=28.165
[5615.5s] epoch 165 step 130350 avg_loss=28.271
[5617.9s] epoch 165 step 130400 avg_loss=28.800
[5620.2s] epoch 165 step 130450 avg_loss=28.954
[5622.5s] epoch 165 step 130500 avg_loss=29.277
[5624.5s] epoch 165 step 130550 avg_loss=29.434
[5626.5s] epoch 165 step 130600 avg_loss=29.416
[5628.8s] epoch 165 step 130650 avg_loss=29.494
[5630.9s] epoch 165 step 130700 avg_loss=29.427
[5633.1s] epoch 165 step 130750 avg_loss=29.295
[5635.8s] epoch 165 step 130800 avg_loss=29.669
[5636.3s] === epoch 165 done: avg_loss=29.625 (n=788 derivations) ===
[5638.2s] epoch 166 step 130850 avg_loss=26.714
[5640.3s] epoch 166 step 130900 avg_loss=28.686
[5642.5s] epoch 166 step 130950 avg_loss=29.315
[5644.4s] epoch 166 step 131000 avg_loss=29.508
[5646.6s] epoch 166 step 131050 avg_loss=29.675
[5648.8s] epoch 166 step 131100 avg_loss=29.668
[5651.0s] epoch 166 step 131150 avg_loss=29.905
[5652.9s] epoch 166 step 131200 avg_loss=29.905
[5655.4s] epoch 166 step 131250 avg_loss=30.350
[5657.5s] epoch 166 step 131300 avg_loss=29.985
[5659.7s] epoch 166 step 131350 avg_loss=30.006
[5662.2s] epoch 166 step 131400 avg_loss=30.000
[5664.3s] epoch 166 step 131450 avg_loss=29.712
[5666.3s] epoch 166 step 131500 avg_loss=29.501
[5668.3s] epoch 166 step 131550 avg_loss=29.261
[5670.6s] === epoch 166 done: avg_loss=29.623 (n=788 derivations) ===
[5670.9s] epoch 167 step 131600 avg_loss=48.310
[5673.1s] epoch 167 step 131650 avg_loss=29.562
[5675.1s] epoch 167 step 131700 avg_loss=28.382
[5677.2s] epoch 167 step 131750 avg_loss=28.569
[5679.1s] epoch 167 step 131800 avg_loss=28.405
[5681.2s] epoch 167 step 131850 avg_loss=28.412
[5683.4s] epoch 167 step 131900 avg_loss=28.465
[5686.2s] epoch 167 step 131950 avg_loss=29.831
[5688.7s] epoch 167 step 132000 avg_loss=30.253
[5691.0s] epoch 167 step 132050 avg_loss=30.482
[5693.0s] epoch 167 step 132100 avg_loss=29.953
[5695.4s] epoch 167 step 132150 avg_loss=29.998
[5697.4s] epoch 167 step 132200 avg_loss=29.750
[5699.8s] epoch 167 step 132250 avg_loss=30.003
[5702.1s] epoch 167 step 132300 avg_loss=29.936
[5704.2s] epoch 167 step 132350 avg_loss=29.682
[5705.7s] === epoch 167 done: avg_loss=29.620 (n=788 derivations) ===
[5706.3s] epoch 168 step 132400 avg_loss=23.952
[5708.8s] epoch 168 step 132450 avg_loss=30.848
[5710.8s] epoch 168 step 132500 avg_loss=28.721
[5713.0s] epoch 168 step 132550 avg_loss=29.875
[5714.9s] epoch 168 step 132600 avg_loss=29.750
[5716.9s] epoch 168 step 132650 avg_loss=29.857
[5719.4s] epoch 168 step 132700 avg_loss=30.952
[5721.2s] epoch 168 step 132750 avg_loss=29.920
[5723.3s] epoch 168 step 132800 avg_loss=29.703
[5725.1s] epoch 168 step 132850 avg_loss=29.332
[5727.1s] epoch 168 step 132900 avg_loss=29.126
[5729.3s] epoch 168 step 132950 avg_loss=29.160
[5731.6s] epoch 168 step 133000 avg_loss=29.445
[5733.8s] epoch 168 step 133050 avg_loss=29.479
[5735.8s] epoch 168 step 133100 avg_loss=29.754
[5738.0s] epoch 168 step 133150 avg_loss=29.584
[5739.2s] === epoch 168 done: avg_loss=29.630 (n=788 derivations) ===
[5740.4s] epoch 169 step 133200 avg_loss=22.751
[5742.5s] epoch 169 step 133250 avg_loss=25.783
[5744.4s] epoch 169 step 133300 avg_loss=27.096
[5746.8s] epoch 169 step 133350 avg_loss=28.671
[5748.8s] epoch 169 step 133400 avg_loss=28.719
[5750.9s] epoch 169 step 133450 avg_loss=28.835
[5752.8s] epoch 169 step 133500 avg_loss=28.936
[5754.8s] epoch 169 step 133550 avg_loss=28.949
[5756.9s] epoch 169 step 133600 avg_loss=29.092
[5759.1s] epoch 169 step 133650 avg_loss=29.512
[5761.1s] epoch 169 step 133700 avg_loss=29.283
[5763.2s] epoch 169 step 133750 avg_loss=29.240
[5765.7s] epoch 169 step 133800 avg_loss=29.688
[5767.8s] epoch 169 step 133850 avg_loss=29.603
[5770.4s] epoch 169 step 133900 avg_loss=29.671
[5772.7s] epoch 169 step 133950 avg_loss=29.682
[5774.4s] eval step=4250 train_avg_loss=29.643 dev_rank1_f1=0.3282 dev_edge_p=0.2733 dev_edge_r=0.4108
[5774.4s] === epoch 169 done: avg_loss=29.643 (n=788 derivations) ===
[5776.1s] epoch 170 step 134000 avg_loss=31.215
[5778.3s] epoch 170 step 134050 avg_loss=30.257
[5780.4s] epoch 170 step 134100 avg_loss=28.316
[5782.5s] epoch 170 step 134150 avg_loss=27.708
[5784.6s] epoch 170 step 134200 avg_loss=28.096
[5786.4s] epoch 170 step 134250 avg_loss=27.938
[5788.4s] epoch 170 step 134300 avg_loss=28.205
[5790.3s] epoch 170 step 134350 avg_loss=28.345
[5792.5s] epoch 170 step 134400 avg_loss=28.809
[5794.4s] epoch 170 step 134450 avg_loss=28.805
[5796.7s] epoch 170 step 134500 avg_loss=28.908
[5798.8s] epoch 170 step 134550 avg_loss=29.006
[5801.1s] epoch 170 step 134600 avg_loss=29.312
[5803.0s] epoch 170 step 134650 avg_loss=29.388
[5805.1s] epoch 170 step 134700 avg_loss=29.371
[5807.1s] === epoch 170 done: avg_loss=29.633 (n=788 derivations) ===
[5807.2s] epoch 171 step 134750 avg_loss=22.181
[5809.0s] epoch 171 step 134800 avg_loss=28.811
[5810.9s] epoch 171 step 134850 avg_loss=28.867
[5812.9s] epoch 171 step 134900 avg_loss=29.383
[5814.9s] epoch 171 step 134950 avg_loss=29.903
[5816.9s] epoch 171 step 135000 avg_loss=29.951
[5818.9s] epoch 171 step 135050 avg_loss=30.440
[5820.8s] epoch 171 step 135100 avg_loss=29.893
[5822.5s] epoch 171 step 135150 avg_loss=29.434
[5824.5s] epoch 171 step 135200 avg_loss=29.556
[5826.4s] epoch 171 step 135250 avg_loss=29.399
[5828.6s] epoch 171 step 135300 avg_loss=29.629
[5831.1s] epoch 171 step 135350 avg_loss=29.524
[5833.5s] epoch 171 step 135400 avg_loss=29.743
[5835.6s] epoch 171 step 135450 avg_loss=29.627
[5837.8s] epoch 171 step 135500 avg_loss=29.719
[5839.1s] === epoch 171 done: avg_loss=29.648 (n=788 derivations) ===
[5839.6s] epoch 172 step 135550 avg_loss=27.181
[5842.0s] epoch 172 step 135600 avg_loss=34.344
[5843.8s] epoch 172 step 135650 avg_loss=31.075
[5845.8s] epoch 172 step 135700 avg_loss=31.214
[5847.6s] epoch 172 step 135750 avg_loss=30.036
[5849.4s] epoch 172 step 135800 avg_loss=29.251
[5851.3s] epoch 172 step 135850 avg_loss=29.106
[5853.5s] epoch 172 step 135900 avg_loss=29.604
[5855.7s] epoch 172 step 135950 avg_loss=29.757
[5857.6s] epoch 172 step 136000 avg_loss=29.913
[5859.7s] epoch 172 step 136050 avg_loss=29.874
[5862.0s] epoch 172 step 136100 avg_loss=30.066
[5864.1s] epoch 172 step 136150 avg_loss=29.865
[5866.0s] epoch 172 step 136200 avg_loss=29.828
[5868.1s] epoch 172 step 136250 avg_loss=29.905
[5870.1s] epoch 172 step 136300 avg_loss=29.846
[5871.1s] === epoch 172 done: avg_loss=29.788 (n=788 derivations) ===
[5872.1s] epoch 173 step 136350 avg_loss=33.628
[5874.3s] epoch 173 step 136400 avg_loss=32.497
[5876.2s] epoch 173 step 136450 avg_loss=30.221
[5878.2s] epoch 173 step 136500 avg_loss=29.902
[5880.7s] epoch 173 step 136550 avg_loss=31.441
[5882.6s] epoch 173 step 136600 avg_loss=30.287
[5884.6s] epoch 173 step 136650 avg_loss=30.066
[5886.4s] epoch 173 step 136700 avg_loss=29.492
[5888.5s] epoch 173 step 136750 avg_loss=29.708
[5890.4s] epoch 173 step 136800 avg_loss=29.729
[5892.5s] epoch 173 step 136850 avg_loss=29.748
[5894.8s] epoch 173 step 136900 avg_loss=29.924
[5896.8s] epoch 173 step 136950 avg_loss=29.780
[5898.8s] epoch 173 step 137000 avg_loss=29.896
[5900.9s] epoch 173 step 137050 avg_loss=30.225
[5902.8s] epoch 173 step 137100 avg_loss=30.164
[5903.1s] === epoch 173 done: avg_loss=29.979 (n=788 derivations) ===
[5904.6s] epoch 174 step 137150 avg_loss=30.851
[5906.6s] epoch 174 step 137200 avg_loss=31.689
[5908.5s] epoch 174 step 137250 avg_loss=29.963
[5910.4s] epoch 174 step 137300 avg_loss=30.159
[5912.4s] epoch 174 step 137350 avg_loss=30.196
[5914.4s] epoch 174 step 137400 avg_loss=29.870
[5916.6s] epoch 174 step 137450 avg_loss=30.368
[5918.6s] epoch 174 step 137500 avg_loss=30.336
[5920.5s] epoch 174 step 137550 avg_loss=30.281
[5922.6s] epoch 174 step 137600 avg_loss=30.281
[5924.4s] epoch 174 step 137650 avg_loss=30.284
[5926.5s] epoch 174 step 137700 avg_loss=30.190
[5928.7s] epoch 174 step 137750 avg_loss=30.433
[5930.9s] epoch 174 step 137800 avg_loss=30.510
[5933.2s] epoch 174 step 137850 avg_loss=30.414
[5935.2s] epoch 174 step 137900 avg_loss=30.148
[5935.2s] === epoch 174 done: avg_loss=30.148 (n=788 derivations) ===
[5937.2s] epoch 175 step 137950 avg_loss=29.389
[5939.6s] epoch 175 step 138000 avg_loss=32.722
[5941.8s] epoch 175 step 138050 avg_loss=32.224
[5943.9s] epoch 175 step 138100 avg_loss=31.650
[5945.7s] epoch 175 step 138150 avg_loss=31.015
[5948.0s] epoch 175 step 138200 avg_loss=31.242
[5950.0s] epoch 175 step 138250 avg_loss=30.710
[5952.1s] epoch 175 step 138300 avg_loss=30.591
[5954.1s] epoch 175 step 138350 avg_loss=30.366
[5956.4s] epoch 175 step 138400 avg_loss=30.725
[5958.6s] epoch 175 step 138450 avg_loss=30.965
[5960.8s] epoch 175 step 138500 avg_loss=30.872
[5962.9s] epoch 175 step 138550 avg_loss=30.755
[5964.6s] epoch 175 step 138600 avg_loss=30.405
[5966.5s] epoch 175 step 138650 avg_loss=30.328
[5968.2s] === epoch 175 done: avg_loss=30.315 (n=788 derivations) ===
[5968.8s] epoch 176 step 138700 avg_loss=29.498
[5971.0s] epoch 176 step 138750 avg_loss=30.374
[5973.4s] epoch 176 step 138800 avg_loss=32.623
[5975.4s] epoch 176 step 138850 avg_loss=31.249
[5977.2s] epoch 176 step 138900 avg_loss=29.193
[5979.5s] epoch 176 step 138950 avg_loss=29.757
[5981.4s] epoch 176 step 139000 avg_loss=29.924
[5983.3s] epoch 176 step 139050 avg_loss=29.684
[5985.1s] epoch 176 step 139100 avg_loss=29.606
[5987.0s] epoch 176 step 139150 avg_loss=29.677
[5988.8s] epoch 176 step 139200 avg_loss=29.482
[5990.8s] epoch 176 step 139250 avg_loss=29.595
[5992.7s] epoch 176 step 139300 avg_loss=29.626
[5994.2s] epoch 176 step 139350 avg_loss=29.230
[5996.4s] epoch 176 step 139400 avg_loss=29.683
[5998.4s] epoch 176 step 139450 avg_loss=29.973
[5999.7s] === epoch 176 done: avg_loss=30.169 (n=788 derivations) ===
[6000.5s] epoch 177 step 139500 avg_loss=26.402
[6002.3s] epoch 177 step 139550 avg_loss=28.417
[6004.2s] epoch 177 step 139600 avg_loss=29.194
[6006.2s] epoch 177 step 139650 avg_loss=29.681
[6008.3s] epoch 177 step 139700 avg_loss=29.866
[6010.4s] epoch 177 step 139750 avg_loss=29.373
[6012.7s] epoch 177 step 139800 avg_loss=30.491
[6014.8s] epoch 177 step 139850 avg_loss=30.491
[6017.2s] epoch 177 step 139900 avg_loss=30.980
[6019.1s] epoch 177 step 139950 avg_loss=30.578
[6021.4s] epoch 177 step 140000 avg_loss=30.403
[6023.6s] epoch 177 step 140050 avg_loss=30.444
[6025.6s] epoch 177 step 140100 avg_loss=30.447
[6027.5s] epoch 177 step 140150 avg_loss=30.198
[6029.6s] epoch 177 step 140200 avg_loss=30.181
[6031.7s] epoch 177 step 140250 avg_loss=30.255
[6032.3s] === epoch 177 done: avg_loss=30.209 (n=788 derivations) ===
[6033.6s] epoch 178 step 140300 avg_loss=28.170
[6035.9s] epoch 178 step 140350 avg_loss=28.906
[6038.2s] epoch 178 step 140400 avg_loss=29.699
[6040.5s] epoch 178 step 140450 avg_loss=30.260
[6042.7s] epoch 178 step 140500 avg_loss=30.723
[6044.6s] epoch 178 step 140550 avg_loss=30.534
[6046.3s] epoch 178 step 140600 avg_loss=29.710
[6048.3s] epoch 178 step 140650 avg_loss=29.446
[6050.3s] epoch 178 step 140700 avg_loss=29.268
[6052.3s] epoch 178 step 140750 avg_loss=29.610
[6054.3s] epoch 178 step 140800 avg_loss=29.618
[6056.5s] epoch 178 step 140850 avg_loss=29.738
[6059.1s] epoch 178 step 140900 avg_loss=30.183
[6061.1s] epoch 178 step 140950 avg_loss=30.283
[6063.1s] epoch 178 step 141000 avg_loss=30.392
[6065.0s] epoch 178 step 141050 avg_loss=30.203
[6065.1s] === epoch 178 done: avg_loss=30.178 (n=788 derivations) ===
[6067.0s] epoch 179 step 141100 avg_loss=29.591
[6068.9s] epoch 179 step 141150 avg_loss=28.012
[6071.1s] epoch 179 step 141200 avg_loss=28.984
[6073.4s] epoch 179 step 141250 avg_loss=29.916
[6075.6s] epoch 179 step 141300 avg_loss=30.152
[6077.8s] epoch 179 step 141350 avg_loss=29.807
[6080.2s] epoch 179 step 141400 avg_loss=30.527
[6082.2s] epoch 179 step 141450 avg_loss=30.051
[6084.3s] epoch 179 step 141500 avg_loss=30.178
[6086.4s] epoch 179 step 141550 avg_loss=30.205
[6088.6s] epoch 179 step 141600 avg_loss=30.043
[6090.8s] epoch 179 step 141650 avg_loss=30.125
[6093.3s] epoch 179 step 141700 avg_loss=30.224
[6095.8s] epoch 179 step 141750 avg_loss=30.337
[6097.9s] epoch 179 step 141800 avg_loss=30.183
[6100.7s] eval step=4500 train_avg_loss=30.026 dev_rank1_f1=0.3106 dev_edge_p=0.2556 dev_edge_r=0.3958
[6100.7s] === epoch 179 done: avg_loss=30.026 (n=788 derivations) ===
[6101.2s] epoch 180 step 141850 avg_loss=39.636
[6103.4s] epoch 180 step 141900 avg_loss=30.565
[6105.4s] epoch 180 step 141950 avg_loss=28.510
[6107.4s] epoch 180 step 142000 avg_loss=28.148
[6109.4s] epoch 180 step 142050 avg_loss=27.899
[6111.6s] epoch 180 step 142100 avg_loss=28.677
[6113.9s] epoch 180 step 142150 avg_loss=29.091
[6116.4s] epoch 180 step 142200 avg_loss=29.806
[6118.8s] epoch 180 step 142250 avg_loss=29.855
[6120.9s] epoch 180 step 142300 avg_loss=29.846
[6123.2s] epoch 180 step 142350 avg_loss=29.949
[6125.7s] epoch 180 step 142400 avg_loss=30.215
[6128.2s] epoch 180 step 142450 avg_loss=30.404
[6130.4s] epoch 180 step 142500 avg_loss=30.488
[6132.4s] epoch 180 step 142550 avg_loss=30.202
[6134.4s] epoch 180 step 142600 avg_loss=30.308
[6135.2s] === epoch 180 done: avg_loss=30.003 (n=788 derivations) ===
[6136.3s] epoch 181 step 142650 avg_loss=31.093
[6138.5s] epoch 181 step 142700 avg_loss=32.323
[6140.4s] epoch 181 step 142750 avg_loss=30.826
[6142.5s] epoch 181 step 142800 avg_loss=29.650
[6144.6s] epoch 181 step 142850 avg_loss=29.236
[6146.9s] epoch 181 step 142900 avg_loss=29.536
[6148.8s] epoch 181 step 142950 avg_loss=29.264
[6150.9s] epoch 181 step 143000 avg_loss=29.255
[6153.4s] epoch 181 step 143050 avg_loss=30.058
[6155.8s] epoch 181 step 143100 avg_loss=30.420
[6158.2s] epoch 181 step 143150 avg_loss=30.470
[6160.4s] epoch 181 step 143200 avg_loss=30.103
[6162.7s] epoch 181 step 143250 avg_loss=30.403
[6164.9s] epoch 181 step 143300 avg_loss=30.274
[6167.1s] epoch 181 step 143350 avg_loss=30.139
[6169.3s] epoch 181 step 143400 avg_loss=30.165
[6169.9s] === epoch 181 done: avg_loss=30.137 (n=788 derivations) ===
[6171.7s] epoch 182 step 143450 avg_loss=38.215
[6174.0s] epoch 182 step 143500 avg_loss=35.111
[6176.0s] epoch 182 step 143550 avg_loss=31.946
[6178.5s] epoch 182 step 143600 avg_loss=32.258
[6180.5s] epoch 182 step 143650 avg_loss=31.282
[6182.5s] epoch 182 step 143700 avg_loss=30.773
[6184.6s] epoch 182 step 143750 avg_loss=30.988
[6186.7s] epoch 182 step 143800 avg_loss=30.734
[6188.8s] epoch 182 step 143850 avg_loss=30.176
[6191.2s] epoch 182 step 143900 avg_loss=30.362
[6193.6s] epoch 182 step 143950 avg_loss=30.312
[6195.9s] epoch 182 step 144000 avg_loss=30.218
[6198.0s] epoch 182 step 144050 avg_loss=30.207
[6200.1s] epoch 182 step 144100 avg_loss=30.162
[6202.5s] epoch 182 step 144150 avg_loss=30.274
[6204.4s] epoch 182 step 144200 avg_loss=30.006
[6204.6s] === epoch 182 done: avg_loss=30.041 (n=788 derivations) ===
[6206.6s] epoch 183 step 144250 avg_loss=31.766
[6208.8s] epoch 183 step 144300 avg_loss=30.425
[6211.0s] epoch 183 step 144350 avg_loss=31.800
[6213.0s] epoch 183 step 144400 avg_loss=30.177
[6215.1s] epoch 183 step 144450 avg_loss=29.456
[6217.1s] epoch 183 step 144500 avg_loss=29.144
[6219.7s] epoch 183 step 144550 avg_loss=30.155
[6222.0s] epoch 183 step 144600 avg_loss=29.802
[6224.3s] epoch 183 step 144650 avg_loss=30.103
[6226.3s] epoch 183 step 144700 avg_loss=30.019
[6228.4s] epoch 183 step 144750 avg_loss=29.742
[6230.5s] epoch 183 step 144800 avg_loss=29.761
[6232.8s] epoch 183 step 144850 avg_loss=29.834
[6234.8s] epoch 183 step 144900 avg_loss=29.883
[6237.1s] epoch 183 step 144950 avg_loss=30.017
[6238.8s] === epoch 183 done: avg_loss=29.966 (n=788 derivations) ===
[6239.1s] epoch 184 step 145000 avg_loss=21.744
[6241.5s] epoch 184 step 145050 avg_loss=30.086
[6243.6s] epoch 184 step 145100 avg_loss=30.238
[6246.2s] epoch 184 step 145150 avg_loss=32.719
[6248.4s] epoch 184 step 145200 avg_loss=31.854
[6250.5s] epoch 184 step 145250 avg_loss=31.223
[6252.9s] epoch 184 step 145300 avg_loss=31.423
[6255.0s] epoch 184 step 145350 avg_loss=30.486
[6257.1s] epoch 184 step 145400 avg_loss=30.298
[6259.0s] epoch 184 step 145450 avg_loss=29.975
[6261.1s] epoch 184 step 145500 avg_loss=30.005
[6263.3s] epoch 184 step 145550 avg_loss=30.059
[6265.5s] epoch 184 step 145600 avg_loss=30.063
[6267.9s] epoch 184 step 145650 avg_loss=30.116
[6270.1s] epoch 184 step 145700 avg_loss=30.118
[6272.5s] epoch 184 step 145750 avg_loss=30.139
[6273.7s] === epoch 184 done: avg_loss=29.929 (n=788 derivations) ===
[6274.4s] epoch 185 step 145800 avg_loss=23.528
[6276.7s] epoch 185 step 145850 avg_loss=27.857
[6278.9s] epoch 185 step 145900 avg_loss=29.481
[6281.2s] epoch 185 step 145950 avg_loss=30.387
[6283.5s] epoch 185 step 146000 avg_loss=30.322
[6285.7s] epoch 185 step 146050 avg_loss=29.971
[6288.2s] epoch 185 step 146100 avg_loss=30.582
[6290.6s] epoch 185 step 146150 avg_loss=30.431
[6292.9s] epoch 185 step 146200 avg_loss=30.465
[6295.0s] epoch 185 step 146250 avg_loss=30.070
[6297.3s] epoch 185 step 146300 avg_loss=30.328
[6299.2s] epoch 185 step 146350 avg_loss=29.968
[6301.2s] epoch 185 step 146400 avg_loss=29.727
[6303.5s] epoch 185 step 146450 avg_loss=29.592
[6306.3s] epoch 185 step 146500 avg_loss=29.729
[6308.8s] epoch 185 step 146550 avg_loss=29.845
[6309.7s] === epoch 185 done: avg_loss=29.910 (n=788 derivations) ===
[6311.0s] epoch 186 step 146600 avg_loss=28.520
[6313.5s] epoch 186 step 146650 avg_loss=29.704
[6315.7s] epoch 186 step 146700 avg_loss=30.022
[6318.0s] epoch 186 step 146750 avg_loss=31.263
[6320.3s] epoch 186 step 146800 avg_loss=31.214
[6322.6s] epoch 186 step 146850 avg_loss=31.255
[6324.5s] epoch 186 step 146900 avg_loss=30.656
[6326.6s] epoch 186 step 146950 avg_loss=30.493
[6328.8s] epoch 186 step 147000 avg_loss=30.187
[6330.7s] epoch 186 step 147050 avg_loss=30.167
[6332.6s] epoch 186 step 147100 avg_loss=29.873
[6334.7s] epoch 186 step 147150 avg_loss=29.792
[6337.0s] epoch 186 step 147200 avg_loss=30.017
[6339.4s] epoch 186 step 147250 avg_loss=30.000
[6341.7s] epoch 186 step 147300 avg_loss=29.899
[6343.6s] epoch 186 step 147350 avg_loss=29.724
[6343.9s] === epoch 186 done: avg_loss=29.807 (n=788 derivations) ===
[6346.0s] epoch 187 step 147400 avg_loss=33.372
[6348.0s] epoch 187 step 147450 avg_loss=31.235
[6350.0s] epoch 187 step 147500 avg_loss=29.677
[6352.3s] epoch 187 step 147550 avg_loss=30.412
[6354.3s] epoch 187 step 147600 avg_loss=29.590
[6356.3s] epoch 187 step 147650 avg_loss=29.114
[6358.3s] epoch 187 step 147700 avg_loss=28.967
[6360.7s] epoch 187 step 147750 avg_loss=29.560
[6362.7s] epoch 187 step 147800 avg_loss=29.398
[6364.8s] epoch 187 step 147850 avg_loss=29.568
[6367.2s] epoch 187 step 147900 avg_loss=30.026
[6369.2s] epoch 187 step 147950 avg_loss=29.818
[6371.4s] epoch 187 step 148000 avg_loss=29.855
[6373.5s] epoch 187 step 148050 avg_loss=29.748
[6375.7s] epoch 187 step 148100 avg_loss=29.623
[6377.7s] === epoch 187 done: avg_loss=29.765 (n=788 derivations) ===
[6377.8s] epoch 188 step 148150 avg_loss=17.249
[6379.7s] epoch 188 step 148200 avg_loss=27.321
[6381.8s] epoch 188 step 148250 avg_loss=26.378
[6383.7s] epoch 188 step 148300 avg_loss=26.384
[6385.9s] epoch 188 step 148350 avg_loss=27.304
[6388.2s] epoch 188 step 148400 avg_loss=28.212
[6390.3s] epoch 188 step 148450 avg_loss=28.120
[6392.4s] epoch 188 step 148500 avg_loss=28.116
[6394.7s] epoch 188 step 148550 avg_loss=28.584
[6396.7s] epoch 188 step 148600 avg_loss=28.971
[6398.8s] epoch 188 step 148650 avg_loss=29.121
[6400.8s] epoch 188 step 148700 avg_loss=28.870
[6403.0s] epoch 188 step 148750 avg_loss=29.067
[6405.2s] epoch 188 step 148800 avg_loss=29.085
[6407.5s] epoch 188 step 148850 avg_loss=29.001
[6410.1s] epoch 188 step 148900 avg_loss=29.771
[6411.6s] === epoch 188 done: avg_loss=29.725 (n=788 derivations) ===
[6412.6s] epoch 189 step 148950 avg_loss=31.866
[6415.0s] epoch 189 step 149000 avg_loss=31.662
[6417.2s] epoch 189 step 149050 avg_loss=30.587
[6419.4s] epoch 189 step 149100 avg_loss=29.840
[6421.5s] epoch 189 step 149150 avg_loss=29.866
[6423.7s] epoch 189 step 149200 avg_loss=29.609
[6425.7s] epoch 189 step 149250 avg_loss=29.125
[6427.8s] epoch 189 step 149300 avg_loss=29.269
[6430.0s] epoch 189 step 149350 avg_loss=29.468
[6432.2s] epoch 189 step 149400 avg_loss=29.573
[6434.2s] epoch 189 step 149450 avg_loss=29.268
[6436.3s] epoch 189 step 149500 avg_loss=29.335
[6438.4s] epoch 189 step 149550 avg_loss=29.385
[6440.6s] epoch 189 step 149600 avg_loss=29.438
[6442.8s] epoch 189 step 149650 avg_loss=29.557
[6444.9s] epoch 189 step 149700 avg_loss=29.586
[6447.0s] eval step=4750 train_avg_loss=29.709 dev_rank1_f1=0.3140 dev_edge_p=0.2578 dev_edge_r=0.4017
[6447.0s] === epoch 189 done: avg_loss=29.709 (n=788 derivations) ===
[6448.2s] epoch 190 step 149750 avg_loss=27.300
[6450.5s] epoch 190 step 149800 avg_loss=28.728
[6452.4s] epoch 190 step 149850 avg_loss=29.272
[6454.8s] epoch 190 step 149900 avg_loss=30.199
[6457.3s] epoch 190 step 149950 avg_loss=31.027
[6459.5s] epoch 190 step 150000 avg_loss=31.072
[6461.6s] epoch 190 step 150050 avg_loss=30.914
[6463.8s] epoch 190 step 150100 avg_loss=30.589
[6466.0s] epoch 190 step 150150 avg_loss=30.220
[6468.4s] epoch 190 step 150200 avg_loss=30.057
[6471.0s] epoch 190 step 150250 avg_loss=30.230
[6473.5s] epoch 190 step 150300 avg_loss=30.170
[6475.7s] epoch 190 step 150350 avg_loss=30.111
[6477.9s] epoch 190 step 150400 avg_loss=29.874
[6479.9s] epoch 190 step 150450 avg_loss=29.842
[6482.0s] epoch 190 step 150500 avg_loss=29.681
[6482.3s] === epoch 190 done: avg_loss=29.667 (n=788 derivations) ===
[6484.2s] epoch 191 step 150550 avg_loss=32.121
[6486.4s] epoch 191 step 150600 avg_loss=31.663
[6488.4s] epoch 191 step 150650 avg_loss=30.110
[6490.7s] epoch 191 step 150700 avg_loss=30.560
[6492.9s] epoch 191 step 150750 avg_loss=30.249
[6495.2s] epoch 191 step 150800 avg_loss=30.593
[6497.5s] epoch 191 step 150850 avg_loss=30.638
[6499.7s] epoch 191 step 150900 avg_loss=30.308
[6501.6s] epoch 191 step 150950 avg_loss=29.918
[6503.8s] epoch 191 step 151000 avg_loss=29.785
[6506.3s] epoch 191 step 151050 avg_loss=30.018
[6508.6s] epoch 191 step 151100 avg_loss=29.869
[6510.7s] epoch 191 step 151150 avg_loss=29.446
[6512.9s] epoch 191 step 151200 avg_loss=29.404
[6515.0s] epoch 191 step 151250 avg_loss=29.579
[6517.1s] === epoch 191 done: avg_loss=29.630 (n=788 derivations) ===
[6517.2s] epoch 192 step 151300 avg_loss=27.640
[6519.6s] epoch 192 step 151350 avg_loss=30.758
[6522.0s] epoch 192 step 151400 avg_loss=30.882
[6524.2s] epoch 192 step 151450 avg_loss=31.249
[6525.9s] epoch 192 step 151500 avg_loss=29.352
[6527.9s] epoch 192 step 151550 avg_loss=29.344
[6530.1s] epoch 192 step 151600 avg_loss=29.690
[6532.1s] epoch 192 step 151650 avg_loss=29.551
[6534.0s] epoch 192 step 151700 avg_loss=29.403
[6536.2s] epoch 192 step 151750 avg_loss=29.441
[6538.4s] epoch 192 step 151800 avg_loss=29.393
[6540.4s] epoch 192 step 151850 avg_loss=29.406
[6543.2s] epoch 192 step 151900 avg_loss=29.982
[6545.1s] epoch 192 step 151950 avg_loss=29.756
[6547.2s] epoch 192 step 152000 avg_loss=29.579
[6549.4s] epoch 192 step 152050 avg_loss=29.538
[6551.0s] === epoch 192 done: avg_loss=29.607 (n=788 derivations) ===
[6552.0s] epoch 193 step 152100 avg_loss=44.633
[6553.7s] epoch 193 step 152150 avg_loss=29.770
[6556.4s] epoch 193 step 152200 avg_loss=31.862
[6558.7s] epoch 193 step 152250 avg_loss=31.748
[6560.9s] epoch 193 step 152300 avg_loss=31.406
[6563.3s] epoch 193 step 152350 avg_loss=31.583
[6565.3s] epoch 193 step 152400 avg_loss=30.980
[6567.3s] epoch 193 step 152450 avg_loss=30.765
[6569.4s] epoch 193 step 152500 avg_loss=30.089
[6572.0s] epoch 193 step 152550 avg_loss=30.258
[6574.4s] epoch 193 step 152600 avg_loss=30.256
[6576.5s] epoch 193 step 152650 avg_loss=30.193
[6578.5s] epoch 193 step 152700 avg_loss=29.659
[6580.5s] epoch 193 step 152750 avg_loss=29.802
[6582.6s] epoch 193 step 152800 avg_loss=29.606
[6584.6s] epoch 193 step 152850 avg_loss=29.563
[6585.7s] === epoch 193 done: avg_loss=29.593 (n=788 derivations) ===
[6587.1s] epoch 194 step 152900 avg_loss=35.642
[6589.3s] epoch 194 step 152950 avg_loss=31.653
[6591.4s] epoch 194 step 153000 avg_loss=31.034
[6593.5s] epoch 194 step 153050 avg_loss=30.601
[6595.8s] epoch 194 step 153100 avg_loss=30.617
[6597.9s] epoch 194 step 153150 avg_loss=30.220
[6600.2s] epoch 194 step 153200 avg_loss=30.235
[6602.0s] epoch 194 step 153250 avg_loss=29.697
[6603.8s] epoch 194 step 153300 avg_loss=29.160
[6606.3s] epoch 194 step 153350 avg_loss=29.444
[6608.9s] epoch 194 step 153400 avg_loss=29.768
[6611.1s] epoch 194 step 153450 avg_loss=29.787
[6612.9s] epoch 194 step 153500 avg_loss=29.590
[6615.0s] epoch 194 step 153550 avg_loss=29.891
[6617.1s] epoch 194 step 153600 avg_loss=29.871
[6619.2s] epoch 194 step 153650 avg_loss=29.615
[6619.8s] === epoch 194 done: avg_loss=29.583 (n=788 derivations) ===
[6621.9s] epoch 195 step 153700 avg_loss=34.720
[6624.2s] epoch 195 step 153750 avg_loss=33.096
[6626.6s] epoch 195 step 153800 avg_loss=33.048
[6628.6s] epoch 195 step 153850 avg_loss=31.262
[6630.5s] epoch 195 step 153900 avg_loss=30.356
[6632.7s] epoch 195 step 153950 avg_loss=29.959
[6634.5s] epoch 195 step 154000 avg_loss=29.430
[6636.3s] epoch 195 step 154050 avg_loss=28.884
[6638.6s] epoch 195 step 154100 avg_loss=29.093
[6640.9s] epoch 195 step 154150 avg_loss=29.187
[6643.1s] epoch 195 step 154200 avg_loss=29.721
[6645.2s] epoch 195 step 154250 avg_loss=29.766
[6647.4s] epoch 195 step 154300 avg_loss=29.718
[6649.7s] epoch 195 step 154350 avg_loss=29.748
[6651.6s] epoch 195 step 154400 avg_loss=29.555
[6653.7s] === epoch 195 done: avg_loss=29.575 (n=788 derivations) ===
[6653.7s] epoch 196 step 154450 avg_loss=27.246
[6655.8s] epoch 196 step 154500 avg_loss=29.691
[6658.1s] epoch 196 step 154550 avg_loss=29.947
[6660.3s] epoch 196 step 154600 avg_loss=29.866
[6662.5s] epoch 196 step 154650 avg_loss=30.688
[6664.4s] epoch 196 step 154700 avg_loss=30.396
[6666.5s] epoch 196 step 154750 avg_loss=30.173
[6668.8s] epoch 196 step 154800 avg_loss=30.136
[6670.9s] epoch 196 step 154850 avg_loss=30.031
[6672.8s] epoch 196 step 154900 avg_loss=29.679
[6675.0s] epoch 196 step 154950 avg_loss=29.753
[6677.1s] epoch 196 step 155000 avg_loss=29.807
[6679.4s] epoch 196 step 155050 avg_loss=29.870
[6681.4s] epoch 196 step 155100 avg_loss=29.713
[6683.5s] epoch 196 step 155150 avg_loss=29.696
[6685.7s] epoch 196 step 155200 avg_loss=29.621
[6687.2s] === epoch 196 done: avg_loss=29.569 (n=788 derivations) ===
[6687.8s] epoch 197 step 155250 avg_loss=31.209
[6690.1s] epoch 197 step 155300 avg_loss=34.033
[6692.1s] epoch 197 step 155350 avg_loss=31.257
[6694.5s] epoch 197 step 155400 avg_loss=31.935
[6696.5s] epoch 197 step 155450 avg_loss=31.334
[6698.6s] epoch 197 step 155500 avg_loss=30.814
[6701.1s] epoch 197 step 155550 avg_loss=30.519
[6703.4s] epoch 197 step 155600 avg_loss=30.377
[6705.6s] epoch 197 step 155650 avg_loss=30.329
[6708.0s] epoch 197 step 155700 avg_loss=30.316
[6710.2s] epoch 197 step 155750 avg_loss=29.935
[6712.6s] epoch 197 step 155800 avg_loss=29.785
[6714.6s] epoch 197 step 155850 avg_loss=29.546
[6717.1s] epoch 197 step 155900 avg_loss=29.621
[6719.3s] epoch 197 step 155950 avg_loss=29.533
[6721.3s] epoch 197 step 156000 avg_loss=29.496
[6722.5s] === epoch 197 done: avg_loss=29.565 (n=788 derivations) ===
[6723.7s] epoch 198 step 156050 avg_loss=26.108
[6725.6s] epoch 198 step 156100 avg_loss=25.533
[6727.8s] epoch 198 step 156150 avg_loss=26.527
[6729.6s] epoch 198 step 156200 avg_loss=26.077
[6732.0s] epoch 198 step 156250 avg_loss=27.253
[6734.2s] epoch 198 step 156300 avg_loss=27.392
[6736.4s] epoch 198 step 156350 avg_loss=27.776
[6738.8s] epoch 198 step 156400 avg_loss=28.319
[6741.5s] epoch 198 step 156450 avg_loss=28.679
[6743.6s] epoch 198 step 156500 avg_loss=28.572
[6745.8s] epoch 198 step 156550 avg_loss=28.793
[6747.9s] epoch 198 step 156600 avg_loss=28.732
[6750.3s] epoch 198 step 156650 avg_loss=29.236
[6752.7s] epoch 198 step 156700 avg_loss=29.356
[6754.9s] epoch 198 step 156750 avg_loss=29.467
[6757.3s] epoch 198 step 156800 avg_loss=29.641
[6757.9s] === epoch 198 done: avg_loss=29.558 (n=788 derivations) ===
[6759.9s] epoch 199 step 156850 avg_loss=34.726
[6762.3s] epoch 199 step 156900 avg_loss=32.746
[6764.6s] epoch 199 step 156950 avg_loss=32.371
[6766.8s] epoch 199 step 157000 avg_loss=31.687
[6768.8s] epoch 199 step 157050 avg_loss=31.320
[6771.0s] epoch 199 step 157100 avg_loss=31.286
[6773.0s] epoch 199 step 157150 avg_loss=30.766
[6775.3s] epoch 199 step 157200 avg_loss=30.556
[6777.7s] epoch 199 step 157250 avg_loss=30.673
[6779.7s] epoch 199 step 157300 avg_loss=30.552
[6781.9s] epoch 199 step 157350 avg_loss=30.480
[6783.8s] epoch 199 step 157400 avg_loss=30.374
[6785.5s] epoch 199 step 157450 avg_loss=29.919
[6787.7s] epoch 199 step 157500 avg_loss=29.914
[6789.6s] epoch 199 step 157550 avg_loss=29.733
[6791.6s] epoch 199 step 157600 avg_loss=29.555
[6792.9s] eval step=5000 train_avg_loss=29.555 dev_rank1_f1=0.3251 dev_edge_p=0.2711 dev_edge_r=0.4060
[6792.9s] === epoch 199 done: avg_loss=29.555 (n=788 derivations) ===
[6795.1s] epoch 200 step 157650 avg_loss=30.849
[6797.1s] epoch 200 step 157700 avg_loss=30.421
[6799.4s] epoch 200 step 157750 avg_loss=30.544
[6801.8s] epoch 200 step 157800 avg_loss=30.572
[6803.8s] epoch 200 step 157850 avg_loss=30.171
[6806.1s] epoch 200 step 157900 avg_loss=29.778
[6808.7s] epoch 200 step 157950 avg_loss=30.962
[6810.8s] epoch 200 step 158000 avg_loss=30.845
[6813.0s] epoch 200 step 158050 avg_loss=30.669
[6814.9s] epoch 200 step 158100 avg_loss=30.281
[6817.0s] epoch 200 step 158150 avg_loss=30.076
[6819.1s] epoch 200 step 158200 avg_loss=30.138
[6821.1s] epoch 200 step 158250 avg_loss=29.951
[6823.1s] epoch 200 step 158300 avg_loss=29.709
[6825.2s] epoch 200 step 158350 avg_loss=29.619
[6826.9s] === epoch 200 done: avg_loss=29.550 (n=788 derivations) ===
[6827.4s] epoch 201 step 158400 avg_loss=32.353
[6829.6s] epoch 201 step 158450 avg_loss=30.725
[6831.8s] epoch 201 step 158500 avg_loss=30.956
[6834.0s] epoch 201 step 158550 avg_loss=30.798
[6836.3s] epoch 201 step 158600 avg_loss=30.510
[6838.6s] epoch 201 step 158650 avg_loss=30.599
[6841.0s] epoch 201 step 158700 avg_loss=30.917
[6843.3s] epoch 201 step 158750 avg_loss=30.961
[6845.5s] epoch 201 step 158800 avg_loss=30.474
[6847.6s] epoch 201 step 158850 avg_loss=30.018
[6849.9s] epoch 201 step 158900 avg_loss=29.814
[6851.9s] epoch 201 step 158950 avg_loss=29.828
[6854.0s] epoch 201 step 159000 avg_loss=29.580
[6856.0s] epoch 201 step 159050 avg_loss=29.279
[6858.5s] epoch 201 step 159100 avg_loss=29.596
[6860.6s] epoch 201 step 159150 avg_loss=29.517
[6861.9s] === epoch 201 done: avg_loss=29.545 (n=788 derivations) ===
[6862.8s] epoch 202 step 159200 avg_loss=27.984
[6864.8s] epoch 202 step 159250 avg_loss=28.636
[6867.4s] epoch 202 step 159300 avg_loss=30.347
[6869.8s] epoch 202 step 159350 avg_loss=29.431
[6872.5s] epoch 202 step 159400 avg_loss=30.491
[6875.0s] epoch 202 step 159450 avg_loss=30.705
[6877.3s] epoch 202 step 159500 avg_loss=30.930
[6879.4s] epoch 202 step 159550 avg_loss=30.605
[6881.6s] epoch 202 step 159600 avg_loss=30.404
[6883.7s] epoch 202 step 159650 avg_loss=30.225
[6885.8s] epoch 202 step 159700 avg_loss=30.534
[6887.8s] epoch 202 step 159750 avg_loss=30.200
[6890.0s] epoch 202 step 159800 avg_loss=30.125
[6892.2s] epoch 202 step 159850 avg_loss=29.909
[6894.2s] epoch 202 step 159900 avg_loss=29.676
[6896.3s] epoch 202 step 159950 avg_loss=29.629
[6897.1s] === epoch 202 done: avg_loss=29.541 (n=788 derivations) ===
[6899.0s] epoch 203 step 160000 avg_loss=31.372
[6901.4s] epoch 203 step 160050 avg_loss=31.029
[6903.4s] epoch 203 step 160100 avg_loss=29.909
[6905.2s] epoch 203 step 160150 avg_loss=28.196
[6907.4s] epoch 203 step 160200 avg_loss=28.953
[6909.8s] epoch 203 step 160250 avg_loss=29.880
[6911.7s] epoch 203 step 160300 avg_loss=29.130
[6913.7s] epoch 203 step 160350 avg_loss=28.602
[6915.8s] epoch 203 step 160400 avg_loss=28.705
[6918.1s] epoch 203 step 160450 avg_loss=28.800
[6920.4s] epoch 203 step 160500 avg_loss=29.272
[6922.6s] epoch 203 step 160550 avg_loss=29.361
[6924.5s] epoch 203 step 160600 avg_loss=29.186
[6926.7s] epoch 203 step 160650 avg_loss=29.358
[6928.9s] epoch 203 step 160700 avg_loss=29.440
[6931.2s] epoch 203 step 160750 avg_loss=29.563
[6931.2s] === epoch 203 done: avg_loss=29.539 (n=788 derivations) ===
[6933.2s] epoch 204 step 160800 avg_loss=29.567
[6935.6s] epoch 204 step 160850 avg_loss=30.606
[6938.2s] epoch 204 step 160900 avg_loss=30.550
[6940.6s] epoch 204 step 160950 avg_loss=31.565
[6942.7s] epoch 204 step 161000 avg_loss=30.963
[6944.9s] epoch 204 step 161050 avg_loss=30.970
[6946.8s] epoch 204 step 161100 avg_loss=30.575
[6948.9s] epoch 204 step 161150 avg_loss=30.126
[6951.1s] epoch 204 step 161200 avg_loss=30.016
[6953.3s] epoch 204 step 161250 avg_loss=29.968
[6955.4s] epoch 204 step 161300 avg_loss=29.796
[6957.7s] epoch 204 step 161350 avg_loss=29.768
[6959.9s] epoch 204 step 161400 avg_loss=29.768
[6962.0s] epoch 204 step 161450 avg_loss=29.643
[6964.2s] epoch 204 step 161500 avg_loss=29.565
[6965.9s] === epoch 204 done: avg_loss=29.536 (n=788 derivations) ===
[6966.3s] epoch 205 step 161550 avg_loss=22.649
[6968.6s] epoch 205 step 161600 avg_loss=28.648
[6970.9s] epoch 205 step 161650 avg_loss=31.061
[6973.3s] epoch 205 step 161700 avg_loss=31.674
[6975.7s] epoch 205 step 161750 avg_loss=32.039
[6978.0s] epoch 205 step 161800 avg_loss=31.976
[6980.2s] epoch 205 step 161850 avg_loss=31.466
[6982.0s] epoch 205 step 161900 avg_loss=30.442
[6983.8s] epoch 205 step 161950 avg_loss=29.706
[6985.9s] epoch 205 step 162000 avg_loss=29.658
[6987.9s] epoch 205 step 162050 avg_loss=29.645
[6990.0s] epoch 205 step 162100 avg_loss=29.602
[6992.2s] epoch 205 step 162150 avg_loss=29.636
[6994.3s] epoch 205 step 162200 avg_loss=29.448
[6996.6s] epoch 205 step 162250 avg_loss=29.387
[6998.8s] epoch 205 step 162300 avg_loss=29.478
[7000.0s] === epoch 205 done: avg_loss=29.531 (n=788 derivations) ===
[7001.1s] epoch 206 step 162350 avg_loss=28.359
[7003.5s] epoch 206 step 162400 avg_loss=30.741
[7005.8s] epoch 206 step 162450 avg_loss=31.076
[7007.7s] epoch 206 step 162500 avg_loss=29.921
[7009.9s] epoch 206 step 162550 avg_loss=29.396
[7012.1s] epoch 206 step 162600 avg_loss=29.513
[7014.5s] epoch 206 step 162650 avg_loss=29.720
[7016.7s] epoch 206 step 162700 avg_loss=29.537
[7018.6s] epoch 206 step 162750 avg_loss=29.109
[7020.5s] epoch 206 step 162800 avg_loss=28.798
[7022.7s] epoch 206 step 162850 avg_loss=28.937
[7024.9s] epoch 206 step 162900 avg_loss=29.004
[7027.1s] epoch 206 step 162950 avg_loss=29.264
[7029.2s] epoch 206 step 163000 avg_loss=29.359
[7031.4s] epoch 206 step 163050 avg_loss=29.443
[7033.6s] epoch 206 step 163100 avg_loss=29.633
[7034.1s] === epoch 206 done: avg_loss=29.527 (n=788 derivations) ===
[7035.3s] epoch 207 step 163150 avg_loss=23.332
[7037.2s] epoch 207 step 163200 avg_loss=25.785
[7039.0s] epoch 207 step 163250 avg_loss=25.174
[7041.0s] epoch 207 step 163300 avg_loss=25.388
[7043.4s] epoch 207 step 163350 avg_loss=27.494
[7045.8s] epoch 207 step 163400 avg_loss=28.692
[7048.0s] epoch 207 step 163450 avg_loss=28.524
[7050.0s] epoch 207 step 163500 avg_loss=28.369
[7052.2s] epoch 207 step 163550 avg_loss=28.392
[7054.6s] epoch 207 step 163600 avg_loss=28.808
[7056.8s] epoch 207 step 163650 avg_loss=28.965
[7058.8s] epoch 207 step 163700 avg_loss=28.961
[7061.1s] epoch 207 step 163750 avg_loss=29.133
[7063.7s] epoch 207 step 163800 avg_loss=29.614
[7066.1s] epoch 207 step 163850 avg_loss=29.638
[7068.3s] epoch 207 step 163900 avg_loss=29.533
[7068.4s] === epoch 207 done: avg_loss=29.524 (n=788 derivations) ===
[7070.7s] epoch 208 step 163950 avg_loss=31.588
[7072.9s] epoch 208 step 164000 avg_loss=30.290
[7074.7s] epoch 208 step 164050 avg_loss=28.869
[7076.8s] epoch 208 step 164100 avg_loss=28.842
[7079.3s] epoch 208 step 164150 avg_loss=29.432
[7081.7s] epoch 208 step 164200 avg_loss=29.578
[7084.0s] epoch 208 step 164250 avg_loss=29.393
[7086.0s] epoch 208 step 164300 avg_loss=29.133
[7088.1s] epoch 208 step 164350 avg_loss=29.276
[7090.1s] epoch 208 step 164400 avg_loss=28.997
[7092.2s] epoch 208 step 164450 avg_loss=29.286
[7094.6s] epoch 208 step 164500 avg_loss=29.758
[7096.6s] epoch 208 step 164550 avg_loss=29.429
[7098.8s] epoch 208 step 164600 avg_loss=29.251
[7100.8s] epoch 208 step 164650 avg_loss=29.012
[7102.9s] === epoch 208 done: avg_loss=29.521 (n=788 derivations) ===
[7103.3s] epoch 209 step 164700 avg_loss=32.539
[7105.0s] epoch 209 step 164750 avg_loss=25.747
[7107.1s] epoch 209 step 164800 avg_loss=26.719
[7109.1s] epoch 209 step 164850 avg_loss=26.860
[7111.2s] epoch 209 step 164900 avg_loss=27.425
[7113.7s] epoch 209 step 164950 avg_loss=27.991
[7116.0s] epoch 209 step 165000 avg_loss=28.701
[7118.0s] epoch 209 step 165050 avg_loss=28.983
[7119.9s] epoch 209 step 165100 avg_loss=28.594
[7121.9s] epoch 209 step 165150 avg_loss=28.466
[7124.3s] epoch 209 step 165200 avg_loss=28.914
[7126.5s] epoch 209 step 165250 avg_loss=29.117
[7128.9s] epoch 209 step 165300 avg_loss=29.454
[7131.2s] epoch 209 step 165350 avg_loss=29.705
[7133.7s] epoch 209 step 165400 avg_loss=29.603
[7136.0s] epoch 209 step 165450 avg_loss=29.484
[7138.4s] eval step=5250 train_avg_loss=29.519 dev_rank1_f1=0.3214 dev_edge_p=0.2677 dev_edge_r=0.4021
[7138.4s] === epoch 209 done: avg_loss=29.519 (n=788 derivations) ===
[7139.2s] epoch 210 step 165500 avg_loss=30.649
[7141.2s] epoch 210 step 165550 avg_loss=29.103
[7143.0s] epoch 210 step 165600 avg_loss=27.983
[7145.0s] epoch 210 step 165650 avg_loss=27.746
[7147.2s] epoch 210 step 165700 avg_loss=28.564
[7149.2s] epoch 210 step 165750 avg_loss=28.443
[7151.2s] epoch 210 step 165800 avg_loss=28.215
[7153.6s] epoch 210 step 165850 avg_loss=28.583
[7155.7s] epoch 210 step 165900 avg_loss=28.486
[7157.9s] epoch 210 step 165950 avg_loss=28.844
[7160.2s] epoch 210 step 166000 avg_loss=29.247
[7162.3s] epoch 210 step 166050 avg_loss=29.324
[7164.5s] epoch 210 step 166100 avg_loss=29.358
[7166.9s] epoch 210 step 166150 avg_loss=29.515
[7169.0s] epoch 210 step 166200 avg_loss=29.513
[7171.2s] epoch 210 step 166250 avg_loss=29.602
[7171.8s] === epoch 210 done: avg_loss=29.519 (n=788 derivations) ===
[7173.1s] epoch 211 step 166300 avg_loss=26.634
[7175.0s] epoch 211 step 166350 avg_loss=27.660
[7177.0s] epoch 211 step 166400 avg_loss=27.581
[7179.3s] epoch 211 step 166450 avg_loss=27.997
[7181.7s] epoch 211 step 166500 avg_loss=28.683
[7183.6s] epoch 211 step 166550 avg_loss=28.247
[7185.7s] epoch 211 step 166600 avg_loss=28.849
[7188.1s] epoch 211 step 166650 avg_loss=29.455
[7190.0s] epoch 211 step 166700 avg_loss=29.035
[7192.2s] epoch 211 step 166750 avg_loss=29.231
[7194.4s] epoch 211 step 166800 avg_loss=29.503
[7196.6s] epoch 211 step 166850 avg_loss=29.692
[7198.7s] epoch 211 step 166900 avg_loss=29.855
[7201.1s] epoch 211 step 166950 avg_loss=29.662
[7203.5s] epoch 211 step 167000 avg_loss=29.811
[7205.7s] epoch 211 step 167050 avg_loss=29.531
[7205.9s] === epoch 211 done: avg_loss=29.516 (n=788 derivations) ===
[7207.7s] epoch 212 step 167100 avg_loss=28.490
[7210.0s] epoch 212 step 167150 avg_loss=30.048
[7212.0s] epoch 212 step 167200 avg_loss=29.445
[7214.0s] epoch 212 step 167250 avg_loss=30.300
[7216.0s] epoch 212 step 167300 avg_loss=29.741
[7218.2s] epoch 212 step 167350 avg_loss=30.297
[7220.2s] epoch 212 step 167400 avg_loss=30.053
[7222.2s] epoch 212 step 167450 avg_loss=29.616
[7224.6s] epoch 212 step 167500 avg_loss=29.633
[7226.8s] epoch 212 step 167550 avg_loss=29.638
[7228.9s] epoch 212 step 167600 avg_loss=29.462
[7231.0s] epoch 212 step 167650 avg_loss=29.378
[7233.2s] epoch 212 step 167700 avg_loss=29.375
[7235.5s] epoch 212 step 167750 avg_loss=29.530
[7237.6s] epoch 212 step 167800 avg_loss=29.597
[7239.4s] === epoch 212 done: avg_loss=29.517 (n=788 derivations) ===
[7239.7s] epoch 213 step 167850 avg_loss=27.879
[7242.0s] epoch 213 step 167900 avg_loss=30.745
[7244.1s] epoch 213 step 167950 avg_loss=30.166
[7246.4s] epoch 213 step 168000 avg_loss=29.596
[7248.6s] epoch 213 step 168050 avg_loss=29.085
[7251.2s] epoch 213 step 168100 avg_loss=29.979
[7253.4s] epoch 213 step 168150 avg_loss=29.940
[7255.6s] epoch 213 step 168200 avg_loss=29.824
[7258.3s] epoch 213 step 168250 avg_loss=30.198
[7260.8s] epoch 213 step 168300 avg_loss=30.145
[7263.8s] epoch 213 step 168350 avg_loss=30.749
[7265.8s] epoch 213 step 168400 avg_loss=30.391
[7267.9s] epoch 213 step 168450 avg_loss=30.140
[7269.9s] epoch 213 step 168500 avg_loss=29.957
[7271.8s] epoch 213 step 168550 avg_loss=29.809
[7273.9s] epoch 213 step 168600 avg_loss=29.612
[7275.1s] === epoch 213 done: avg_loss=29.511 (n=788 derivations) ===
[7275.9s] epoch 214 step 168650 avg_loss=32.989
[7278.0s] epoch 214 step 168700 avg_loss=30.773
[7280.0s] epoch 214 step 168750 avg_loss=29.518
[7282.2s] epoch 214 step 168800 avg_loss=29.089
[7284.3s] epoch 214 step 168850 avg_loss=29.363
[7286.4s] epoch 214 step 168900 avg_loss=28.274
[7288.5s] epoch 214 step 168950 avg_loss=27.944
[7290.7s] epoch 214 step 169000 avg_loss=28.239
[7293.0s] epoch 214 step 169050 avg_loss=28.584
[7295.4s] epoch 214 step 169100 avg_loss=29.262
[7297.6s] epoch 214 step 169150 avg_loss=29.549
[7299.9s] epoch 214 step 169200 avg_loss=29.707
[7302.0s] epoch 214 step 169250 avg_loss=29.595
[7304.1s] epoch 214 step 169300 avg_loss=29.357
[7306.3s] epoch 214 step 169350 avg_loss=29.353
[7308.6s] epoch 214 step 169400 avg_loss=29.629
[7309.3s] === epoch 214 done: avg_loss=29.508 (n=788 derivations) ===
[7310.5s] epoch 215 step 169450 avg_loss=27.385
[7312.6s] epoch 215 step 169500 avg_loss=28.442
[7314.6s] epoch 215 step 169550 avg_loss=28.502
[7316.7s] epoch 215 step 169600 avg_loss=28.620
[7318.7s] epoch 215 step 169650 avg_loss=28.633
[7320.9s] epoch 215 step 169700 avg_loss=28.940
[7322.8s] epoch 215 step 169750 avg_loss=28.496
[7325.1s] epoch 215 step 169800 avg_loss=28.783
[7327.0s] epoch 215 step 169850 avg_loss=28.484
[7329.2s] epoch 215 step 169900 avg_loss=28.863
[7331.2s] epoch 215 step 169950 avg_loss=28.863
[7333.7s] epoch 215 step 170000 avg_loss=29.118
[7335.8s] epoch 215 step 170050 avg_loss=29.217
[7338.0s] epoch 215 step 170100 avg_loss=29.467
[7340.1s] epoch 215 step 170150 avg_loss=29.363
[7342.3s] epoch 215 step 170200 avg_loss=29.442
[7342.6s] === epoch 215 done: avg_loss=29.506 (n=788 derivations) ===
[7344.4s] epoch 216 step 170250 avg_loss=29.018
[7346.8s] epoch 216 step 170300 avg_loss=31.138
[7349.1s] epoch 216 step 170350 avg_loss=31.487
[7351.4s] epoch 216 step 170400 avg_loss=31.618
[7353.7s] epoch 216 step 170450 avg_loss=31.147
[7355.8s] epoch 216 step 170500 avg_loss=30.827
[7357.8s] epoch 216 step 170550 avg_loss=30.445
[7359.7s] epoch 216 step 170600 avg_loss=30.220
[7361.7s] epoch 216 step 170650 avg_loss=30.023
[7363.8s] epoch 216 step 170700 avg_loss=30.220
[7366.0s] epoch 216 step 170750 avg_loss=30.116
[7368.0s] epoch 216 step 170800 avg_loss=29.905
[7370.3s] epoch 216 step 170850 avg_loss=29.927
[7372.6s] epoch 216 step 170900 avg_loss=29.954
[7374.7s] epoch 216 step 170950 avg_loss=29.690
[7376.7s] === epoch 216 done: avg_loss=29.504 (n=788 derivations) ===
[7376.9s] epoch 217 step 171000 avg_loss=38.189
[7378.8s] epoch 217 step 171050 avg_loss=28.117
[7380.9s] epoch 217 step 171100 avg_loss=29.436
[7383.0s] epoch 217 step 171150 avg_loss=30.199
[7385.2s] epoch 217 step 171200 avg_loss=29.992
[7387.4s] epoch 217 step 171250 avg_loss=29.861
[7389.6s] epoch 217 step 171300 avg_loss=30.126
[7391.6s] epoch 217 step 171350 avg_loss=29.837
[7393.8s] epoch 217 step 171400 avg_loss=30.046
[7396.1s] epoch 217 step 171450 avg_loss=30.289
[7398.0s] epoch 217 step 171500 avg_loss=29.984
[7400.1s] epoch 217 step 171550 avg_loss=29.778
[7402.3s] epoch 217 step 171600 avg_loss=29.731
[7404.4s] epoch 217 step 171650 avg_loss=29.599
[7406.4s] epoch 217 step 171700 avg_loss=29.638
[7408.3s] epoch 217 step 171750 avg_loss=29.575
[7409.8s] === epoch 217 done: avg_loss=29.500 (n=788 derivations) ===
[7410.6s] epoch 218 step 171800 avg_loss=39.663
[7413.0s] epoch 218 step 171850 avg_loss=33.039
[7414.9s] epoch 218 step 171900 avg_loss=30.663
[7416.8s] epoch 218 step 171950 avg_loss=29.658
[7419.2s] epoch 218 step 172000 avg_loss=30.434
[7421.6s] epoch 218 step 172050 avg_loss=30.615
[7423.7s] epoch 218 step 172100 avg_loss=30.082
[7425.8s] epoch 218 step 172150 avg_loss=30.027
[7427.8s] epoch 218 step 172200 avg_loss=29.862
[7429.9s] epoch 218 step 172250 avg_loss=29.658
[7431.9s] epoch 218 step 172300 avg_loss=29.447
[7434.2s] epoch 218 step 172350 avg_loss=29.566
[7436.2s] epoch 218 step 172400 avg_loss=29.572
[7438.1s] epoch 218 step 172450 avg_loss=29.393
[7440.0s] epoch 218 step 172500 avg_loss=29.292
[7442.5s] epoch 218 step 172550 avg_loss=29.749
[7443.1s] === epoch 218 done: avg_loss=29.500 (n=788 derivations) ===
[7444.5s] epoch 219 step 172600 avg_loss=27.484
[7446.6s] epoch 219 step 172650 avg_loss=29.500
[7448.9s] epoch 219 step 172700 avg_loss=29.772
[7451.1s] epoch 219 step 172750 avg_loss=29.952
[7453.2s] epoch 219 step 172800 avg_loss=29.851
[7455.5s] epoch 219 step 172850 avg_loss=29.737
[7458.3s] epoch 219 step 172900 avg_loss=30.362
[7460.5s] epoch 219 step 172950 avg_loss=30.469
[7462.9s] epoch 219 step 173000 avg_loss=30.460
[7465.0s] epoch 219 step 173050 avg_loss=30.384
[7467.4s] epoch 219 step 173100 avg_loss=30.854
[7469.4s] epoch 219 step 173150 avg_loss=30.527
[7471.7s] epoch 219 step 173200 avg_loss=30.430
[7473.9s] epoch 219 step 173250 avg_loss=30.204
[7475.9s] epoch 219 step 173300 avg_loss=30.032
[7477.5s] epoch 219 step 173350 avg_loss=29.622
[7479.1s] eval step=5500 train_avg_loss=29.498 dev_rank1_f1=0.3233 dev_edge_p=0.2688 dev_edge_r=0.4057
[7479.1s] === epoch 219 done: avg_loss=29.498 (n=788 derivations) ===
[7480.9s] epoch 220 step 173400 avg_loss=31.738
[7483.1s] epoch 220 step 173450 avg_loss=32.088
[7485.2s] epoch 220 step 173500 avg_loss=31.672
[7487.4s] epoch 220 step 173550 avg_loss=30.336
[7489.6s] epoch 220 step 173600 avg_loss=29.825
[7491.9s] epoch 220 step 173650 avg_loss=29.735
[7494.2s] epoch 220 step 173700 avg_loss=29.752
[7496.4s] epoch 220 step 173750 avg_loss=29.965
[7498.8s] epoch 220 step 173800 avg_loss=30.301
[7500.9s] epoch 220 step 173850 avg_loss=29.996
[7502.8s] epoch 220 step 173900 avg_loss=29.600
[7504.7s] epoch 220 step 173950 avg_loss=29.501
[7506.9s] epoch 220 step 174000 avg_loss=29.754
[7508.8s] epoch 220 step 174050 avg_loss=29.736
[7511.0s] epoch 220 step 174100 avg_loss=29.752
[7512.9s] === epoch 220 done: avg_loss=29.496 (n=788 derivations) ===
[7513.0s] epoch 221 step 174150 avg_loss=17.253
[7515.2s] epoch 221 step 174200 avg_loss=27.548
[7517.3s] epoch 221 step 174250 avg_loss=27.110
[7519.5s] epoch 221 step 174300 avg_loss=27.189
[7521.7s] epoch 221 step 174350 avg_loss=28.225
[7524.3s] epoch 221 step 174400 avg_loss=29.802
[7526.6s] epoch 221 step 174450 avg_loss=30.050
[7528.8s] epoch 221 step 174500 avg_loss=30.054
[7531.1s] epoch 221 step 174550 avg_loss=29.954
[7533.3s] epoch 221 step 174600 avg_loss=30.033
[7535.3s] epoch 221 step 174650 avg_loss=29.917
[7537.3s] epoch 221 step 174700 avg_loss=29.565
[7539.2s] epoch 221 step 174750 avg_loss=29.245
[7541.4s] epoch 221 step 174800 avg_loss=29.234
[7543.3s] epoch 221 step 174850 avg_loss=29.069
[7545.6s] epoch 221 step 174900 avg_loss=29.331
[7547.3s] === epoch 221 done: avg_loss=29.493 (n=788 derivations) ===
[7547.8s] epoch 222 step 174950 avg_loss=22.391
[7550.0s] epoch 222 step 175000 avg_loss=30.098
[7552.3s] epoch 222 step 175050 avg_loss=30.163
[7554.2s] epoch 222 step 175100 avg_loss=29.412
[7556.4s] epoch 222 step 175150 avg_loss=29.791
[7558.5s] epoch 222 step 175200 avg_loss=29.675
[7560.2s] epoch 222 step 175250 avg_loss=28.587
[7562.5s] epoch 222 step 175300 avg_loss=29.039
[7564.4s] epoch 222 step 175350 avg_loss=28.725
[7566.8s] epoch 222 step 175400 avg_loss=29.096
[7569.0s] epoch 222 step 175450 avg_loss=29.340
[7571.2s] epoch 222 step 175500 avg_loss=29.408
[7573.2s] epoch 222 step 175550 avg_loss=29.340
[7575.4s] epoch 222 step 175600 avg_loss=29.601
[7578.0s] epoch 222 step 175650 avg_loss=29.819
[7580.1s] epoch 222 step 175700 avg_loss=29.589
[7581.0s] === epoch 222 done: avg_loss=29.489 (n=788 derivations) ===
[7582.2s] epoch 223 step 175750 avg_loss=31.824
[7584.2s] epoch 223 step 175800 avg_loss=30.187
[7586.3s] epoch 223 step 175850 avg_loss=29.466
[7588.5s] epoch 223 step 175900 avg_loss=29.706
[7590.7s] epoch 223 step 175950 avg_loss=30.480
[7592.7s] epoch 223 step 176000 avg_loss=30.581
[7594.5s] epoch 223 step 176050 avg_loss=30.296
[7596.6s] epoch 223 step 176100 avg_loss=30.109
[7599.3s] epoch 223 step 176150 avg_loss=30.730
[7601.5s] epoch 223 step 176200 avg_loss=30.543
[7603.3s] epoch 223 step 176250 avg_loss=30.229
[7605.2s] epoch 223 step 176300 avg_loss=29.731
[7607.4s] epoch 223 step 176350 avg_loss=29.781
[7609.4s] epoch 223 step 176400 avg_loss=29.733
[7611.7s] epoch 223 step 176450 avg_loss=29.715
[7613.4s] epoch 223 step 176500 avg_loss=29.427
[7614.1s] === epoch 223 done: avg_loss=29.487 (n=788 derivations) ===
[7615.9s] epoch 224 step 176550 avg_loss=31.454
[7618.0s] epoch 224 step 176600 avg_loss=29.331
[7620.0s] epoch 224 step 176650 avg_loss=28.110
[7621.9s] epoch 224 step 176700 avg_loss=27.841
[7624.1s] epoch 224 step 176750 avg_loss=28.482
[7626.9s] epoch 224 step 176800 avg_loss=29.401
[7629.2s] epoch 224 step 176850 avg_loss=29.117
[7631.5s] epoch 224 step 176900 avg_loss=29.342
[7633.7s] epoch 224 step 176950 avg_loss=29.464
[7636.1s] epoch 224 step 177000 avg_loss=29.551
[7638.0s] epoch 224 step 177050 avg_loss=29.337
[7640.1s] epoch 224 step 177100 avg_loss=29.267
[7642.1s] epoch 224 step 177150 avg_loss=29.256
[7644.4s] epoch 224 step 177200 avg_loss=29.386
[7646.5s] epoch 224 step 177250 avg_loss=29.406
[7648.6s] epoch 224 step 177300 avg_loss=29.483
[7648.6s] === epoch 224 done: avg_loss=29.483 (n=788 derivations) ===
[7651.0s] epoch 225 step 177350 avg_loss=27.841
[7653.4s] epoch 225 step 177400 avg_loss=29.357
[7655.5s] epoch 225 step 177450 avg_loss=28.686
[7657.7s] epoch 225 step 177500 avg_loss=29.570
[7660.4s] epoch 225 step 177550 avg_loss=29.926
[7662.7s] epoch 225 step 177600 avg_loss=30.018
[7664.9s] epoch 225 step 177650 avg_loss=29.964
[7667.4s] epoch 225 step 177700 avg_loss=30.035
[7669.4s] epoch 225 step 177750 avg_loss=29.856
[7671.7s] epoch 225 step 177800 avg_loss=29.854
[7673.6s] epoch 225 step 177850 avg_loss=29.739
[7675.5s] epoch 225 step 177900 avg_loss=29.445
[7677.6s] epoch 225 step 177950 avg_loss=29.417
[7679.5s] epoch 225 step 178000 avg_loss=29.160
[7681.8s] epoch 225 step 178050 avg_loss=29.345
[7683.5s] === epoch 225 done: avg_loss=29.485 (n=788 derivations) ===
[7684.1s] epoch 226 step 178100 avg_loss=37.016
[7686.6s] epoch 226 step 178150 avg_loss=34.699
[7688.3s] epoch 226 step 178200 avg_loss=30.615
[7690.1s] epoch 226 step 178250 avg_loss=29.291
[7692.3s] epoch 226 step 178300 avg_loss=29.498
[7694.3s] epoch 226 step 178350 avg_loss=28.906
[7696.5s] epoch 226 step 178400 avg_loss=29.084
[7698.7s] epoch 226 step 178450 avg_loss=29.179
[7700.7s] epoch 226 step 178500 avg_loss=29.515
[7703.0s] epoch 226 step 178550 avg_loss=29.856
[7704.9s] epoch 226 step 178600 avg_loss=29.559
[7707.1s] epoch 226 step 178650 avg_loss=29.859
[7709.0s] epoch 226 step 178700 avg_loss=29.650
[7711.3s] epoch 226 step 178750 avg_loss=29.694
[7713.4s] epoch 226 step 178800 avg_loss=29.694
[7715.4s] epoch 226 step 178850 avg_loss=29.544
[7716.5s] === epoch 226 done: avg_loss=29.484 (n=788 derivations) ===
[7717.6s] epoch 227 step 178900 avg_loss=34.952
[7719.7s] epoch 227 step 178950 avg_loss=30.128
[7721.5s] epoch 227 step 179000 avg_loss=27.657
[7723.6s] epoch 227 step 179050 avg_loss=27.787
[7725.6s] epoch 227 step 179100 avg_loss=28.164
[7727.6s] epoch 227 step 179150 avg_loss=27.979
[7730.0s] epoch 227 step 179200 avg_loss=28.669
[7732.2s] epoch 227 step 179250 avg_loss=29.282
[7734.5s] epoch 227 step 179300 avg_loss=29.558
[7736.5s] epoch 227 step 179350 avg_loss=29.624
[7738.4s] epoch 227 step 179400 avg_loss=29.417
[7740.3s] epoch 227 step 179450 avg_loss=29.230
[7742.4s] epoch 227 step 179500 avg_loss=29.287
[7744.3s] epoch 227 step 179550 avg_loss=29.171
[7746.8s] epoch 227 step 179600 avg_loss=29.714
[7748.7s] epoch 227 step 179650 avg_loss=29.637
[7749.1s] === epoch 227 done: avg_loss=29.487 (n=788 derivations) ===
[7750.9s] epoch 228 step 179700 avg_loss=33.911
[7752.9s] epoch 228 step 179750 avg_loss=30.400
[7755.0s] epoch 228 step 179800 avg_loss=29.430
[7757.0s] epoch 228 step 179850 avg_loss=28.287
[7759.1s] epoch 228 step 179900 avg_loss=28.396
[7761.4s] epoch 228 step 179950 avg_loss=28.334
[7763.6s] epoch 228 step 180000 avg_loss=28.704
[7765.9s] epoch 228 step 180050 avg_loss=28.888
[7767.8s] epoch 228 step 180100 avg_loss=28.851
[7770.2s] epoch 228 step 180150 avg_loss=29.236
[7772.6s] epoch 228 step 180200 avg_loss=29.584
[7774.4s] epoch 228 step 180250 avg_loss=29.197
[7776.4s] epoch 228 step 180300 avg_loss=29.321
[7778.1s] epoch 228 step 180350 avg_loss=28.949
[7780.6s] epoch 228 step 180400 avg_loss=29.502
[7782.7s] epoch 228 step 180450 avg_loss=29.509
[7782.7s] === epoch 228 done: avg_loss=29.488 (n=788 derivations) ===
[7784.7s] epoch 229 step 180500 avg_loss=25.757
[7786.7s] epoch 229 step 180550 avg_loss=26.669
[7788.6s] epoch 229 step 180600 avg_loss=26.744
[7790.7s] epoch 229 step 180650 avg_loss=27.867
[7792.5s] epoch 229 step 180700 avg_loss=27.386
[7794.7s] epoch 229 step 180750 avg_loss=27.542
[7797.0s] epoch 229 step 180800 avg_loss=28.377
[7799.0s] epoch 229 step 180850 avg_loss=28.201
[7800.6s] epoch 229 step 180900 avg_loss=27.587
[7802.9s] epoch 229 step 180950 avg_loss=28.213
[7805.1s] epoch 229 step 181000 avg_loss=28.429
[7807.2s] epoch 229 step 181050 avg_loss=28.697
[7809.7s] epoch 229 step 181100 avg_loss=29.107
[7811.8s] epoch 229 step 181150 avg_loss=29.143
[7814.3s] epoch 229 step 181200 avg_loss=29.470
[7817.6s] eval step=5750 train_avg_loss=29.489 dev_rank1_f1=0.3225 dev_edge_p=0.2684 dev_edge_r=0.4038
[7817.6s] === epoch 229 done: avg_loss=29.489 (n=788 derivations) ===
[7817.9s] epoch 230 step 181250 avg_loss=24.859
[7820.1s] epoch 230 step 181300 avg_loss=29.324
[7822.0s] epoch 230 step 181350 avg_loss=27.642
[7824.1s] epoch 230 step 181400 avg_loss=27.963
[7826.2s] epoch 230 step 181450 avg_loss=28.333
[7827.8s] epoch 230 step 181500 avg_loss=27.346
[7829.9s] epoch 230 step 181550 avg_loss=27.754
[7832.3s] epoch 230 step 181600 avg_loss=28.444
[7834.2s] epoch 230 step 181650 avg_loss=28.400
[7836.2s] epoch 230 step 181700 avg_loss=28.599
[7838.6s] epoch 230 step 181750 avg_loss=29.111
[7840.8s] epoch 230 step 181800 avg_loss=29.375
[7843.1s] epoch 230 step 181850 avg_loss=29.691
[7845.2s] epoch 230 step 181900 avg_loss=29.597
[7847.4s] epoch 230 step 181950 avg_loss=29.670
[7849.3s] epoch 230 step 182000 avg_loss=29.410
[7850.4s] === epoch 230 done: avg_loss=29.495 (n=788 derivations) ===
[7851.3s] epoch 231 step 182050 avg_loss=29.689
[7853.1s] epoch 231 step 182100 avg_loss=26.938
[7855.2s] epoch 231 step 182150 avg_loss=27.763
[7857.3s] epoch 231 step 182200 avg_loss=28.167
[7859.6s] epoch 231 step 182250 avg_loss=29.264
[7861.9s] epoch 231 step 182300 avg_loss=29.811
[7863.8s] epoch 231 step 182350 avg_loss=29.442
[7866.0s] epoch 231 step 182400 avg_loss=29.775
[7868.2s] epoch 231 step 182450 avg_loss=29.820
[7870.4s] epoch 231 step 182500 avg_loss=30.285
[7872.2s] epoch 231 step 182550 avg_loss=29.952
[7874.2s] epoch 231 step 182600 avg_loss=29.897
[7876.2s] epoch 231 step 182650 avg_loss=29.777
[7878.4s] epoch 231 step 182700 avg_loss=29.671
[7880.4s] epoch 231 step 182750 avg_loss=29.528
[7882.5s] epoch 231 step 182800 avg_loss=29.532
[7883.2s] === epoch 231 done: avg_loss=29.563 (n=788 derivations) ===
[7884.6s] epoch 232 step 182850 avg_loss=28.807
[7886.7s] epoch 232 step 182900 avg_loss=29.514
[7888.9s] epoch 232 step 182950 avg_loss=29.089
[7891.0s] epoch 232 step 183000 avg_loss=29.343
[7892.9s] epoch 232 step 183050 avg_loss=28.925
[7894.5s] epoch 232 step 183100 avg_loss=28.513
[7896.7s] epoch 232 step 183150 avg_loss=28.824
[7898.6s] epoch 232 step 183200 avg_loss=28.763
[7900.5s] epoch 232 step 183250 avg_loss=28.953
[7902.6s] epoch 232 step 183300 avg_loss=29.016
[7904.9s] epoch 232 step 183350 avg_loss=29.318
[7907.1s] epoch 232 step 183400 avg_loss=29.343
[7909.4s] epoch 232 step 183450 avg_loss=29.856
[7911.4s] epoch 232 step 183500 avg_loss=29.708
[7913.6s] epoch 232 step 183550 avg_loss=29.629
[7915.9s] epoch 232 step 183600 avg_loss=29.878
[7916.1s] === epoch 232 done: avg_loss=29.853 (n=788 derivations) ===
[7917.8s] epoch 233 step 183650 avg_loss=29.000
[7919.7s] epoch 233 step 183700 avg_loss=27.812
[7921.5s] epoch 233 step 183750 avg_loss=28.215
[7923.4s] epoch 233 step 183800 avg_loss=28.277
[7925.5s] epoch 233 step 183850 avg_loss=28.817
[7927.4s] epoch 233 step 183900 avg_loss=28.682
[7929.8s] epoch 233 step 183950 avg_loss=29.260
[7932.2s] epoch 233 step 184000 avg_loss=29.534
[7934.7s] epoch 233 step 184050 avg_loss=29.568
[7937.2s] epoch 233 step 184100 avg_loss=29.871
[7939.4s] epoch 233 step 184150 avg_loss=29.844
[7941.5s] epoch 233 step 184200 avg_loss=29.702
[7944.4s] epoch 233 step 184250 avg_loss=30.281
[7946.6s] epoch 233 step 184300 avg_loss=30.349
[7948.9s] epoch 233 step 184350 avg_loss=30.695
[7950.5s] === epoch 233 done: avg_loss=30.602 (n=788 derivations) ===
[7950.8s] epoch 234 step 184400 avg_loss=29.368
[7952.9s] epoch 234 step 184450 avg_loss=31.642
[7954.9s] epoch 234 step 184500 avg_loss=30.927
[7956.7s] epoch 234 step 184550 avg_loss=30.266
[7958.5s] epoch 234 step 184600 avg_loss=29.770
[7960.6s] epoch 234 step 184650 avg_loss=29.799
[7962.6s] epoch 234 step 184700 avg_loss=30.006
[7964.7s] epoch 234 step 184750 avg_loss=30.311
[7966.6s] epoch 234 step 184800 avg_loss=30.143
[7968.8s] epoch 234 step 184850 avg_loss=30.136
[7970.7s] epoch 234 step 184900 avg_loss=29.938
[7973.0s] epoch 234 step 184950 avg_loss=30.320
[7975.1s] epoch 234 step 185000 avg_loss=30.248
[7977.8s] epoch 234 step 185050 avg_loss=30.924
[7980.0s] epoch 234 step 185100 avg_loss=30.815
[7982.1s] epoch 234 step 185150 avg_loss=30.968
[7983.3s] === epoch 234 done: avg_loss=30.715 (n=788 derivations) ===
[7984.0s] epoch 235 step 185200 avg_loss=27.199
[7985.9s] epoch 235 step 185250 avg_loss=26.883
[7987.9s] epoch 235 step 185300 avg_loss=28.624
[7990.1s] epoch 235 step 185350 avg_loss=30.842
[7992.3s] epoch 235 step 185400 avg_loss=31.541
[7994.3s] epoch 235 step 185450 avg_loss=31.007
[7996.7s] epoch 235 step 185500 avg_loss=31.654
[7998.6s] epoch 235 step 185550 avg_loss=31.134
[8000.5s] epoch 235 step 185600 avg_loss=31.106
[8002.4s] epoch 235 step 185650 avg_loss=30.570
[8004.4s] epoch 235 step 185700 avg_loss=30.607
[8006.6s] epoch 235 step 185750 avg_loss=30.935
[8008.7s] epoch 235 step 185800 avg_loss=30.865
[8010.6s] epoch 235 step 185850 avg_loss=30.785
[8012.7s] epoch 235 step 185900 avg_loss=30.843
[8014.3s] epoch 235 step 185950 avg_loss=30.600
[8014.9s] === epoch 235 done: avg_loss=30.530 (n=788 derivations) ===
[8016.3s] epoch 236 step 186000 avg_loss=29.948
[8018.4s] epoch 236 step 186050 avg_loss=29.871
[8020.7s] epoch 236 step 186100 avg_loss=31.689
[8022.8s] epoch 236 step 186150 avg_loss=31.366
[8024.8s] epoch 236 step 186200 avg_loss=30.310
[8027.0s] epoch 236 step 186250 avg_loss=30.864
[8029.1s] epoch 236 step 186300 avg_loss=30.730
[8031.1s] epoch 236 step 186350 avg_loss=30.471
[8033.2s] epoch 236 step 186400 avg_loss=30.489
[8035.0s] epoch 236 step 186450 avg_loss=30.539
[8037.3s] epoch 236 step 186500 avg_loss=30.717
[8039.2s] epoch 236 step 186550 avg_loss=30.322
[8041.5s] epoch 236 step 186600 avg_loss=30.397
[8043.6s] epoch 236 step 186650 avg_loss=30.429
[8045.9s] epoch 236 step 186700 avg_loss=30.424
[8048.0s] epoch 236 step 186750 avg_loss=30.341
[8048.3s] === epoch 236 done: avg_loss=30.356 (n=788 derivations) ===
[8050.1s] epoch 237 step 186800 avg_loss=32.358
[8051.9s] epoch 237 step 186850 avg_loss=28.425
[8053.8s] epoch 237 step 186900 avg_loss=28.781
[8055.9s] epoch 237 step 186950 avg_loss=29.242
[8057.8s] epoch 237 step 187000 avg_loss=29.578
[8060.0s] epoch 237 step 187050 avg_loss=29.455
[8062.1s] epoch 237 step 187100 avg_loss=29.405
[8064.3s] epoch 237 step 187150 avg_loss=29.671
[8066.3s] epoch 237 step 187200 avg_loss=29.809
[8068.4s] epoch 237 step 187250 avg_loss=29.913
[8070.8s] epoch 237 step 187300 avg_loss=30.371
[8072.5s] epoch 237 step 187350 avg_loss=29.743
[8074.6s] epoch 237 step 187400 avg_loss=29.895
[8076.8s] epoch 237 step 187450 avg_loss=30.005
[8079.1s] epoch 237 step 187500 avg_loss=30.328
[8081.1s] === epoch 237 done: avg_loss=30.283 (n=788 derivations) ===
[8081.3s] epoch 238 step 187550 avg_loss=25.878
[8083.6s] epoch 238 step 187600 avg_loss=26.794
[8085.9s] epoch 238 step 187650 avg_loss=27.801
[8088.4s] epoch 238 step 187700 avg_loss=29.158
[8090.5s] epoch 238 step 187750 avg_loss=29.497
[8092.6s] epoch 238 step 187800 avg_loss=29.752
[8094.7s] epoch 238 step 187850 avg_loss=29.842
[8096.9s] epoch 238 step 187900 avg_loss=30.179
[8099.3s] epoch 238 step 187950 avg_loss=30.589
[8101.5s] epoch 238 step 188000 avg_loss=30.253
[8103.7s] epoch 238 step 188050 avg_loss=30.528
[8105.6s] epoch 238 step 188100 avg_loss=30.258
[8107.6s] epoch 238 step 188150 avg_loss=30.300
[8109.8s] epoch 238 step 188200 avg_loss=30.262
[8112.1s] epoch 238 step 188250 avg_loss=30.385
[8114.3s] epoch 238 step 188300 avg_loss=30.454
[8115.6s] === epoch 238 done: avg_loss=30.419 (n=788 derivations) ===
[8116.4s] epoch 239 step 188350 avg_loss=32.258
[8118.1s] epoch 239 step 188400 avg_loss=27.803
[8120.3s] epoch 239 step 188450 avg_loss=29.960
[8122.4s] epoch 239 step 188500 avg_loss=30.780
[8124.4s] epoch 239 step 188550 avg_loss=31.019
[8126.2s] epoch 239 step 188600 avg_loss=30.425
[8128.6s] epoch 239 step 188650 avg_loss=30.966
[8130.6s] epoch 239 step 188700 avg_loss=30.458
[8132.5s] epoch 239 step 188750 avg_loss=29.920
[8134.6s] epoch 239 step 188800 avg_loss=30.241
[8136.7s] epoch 239 step 188850 avg_loss=30.431
[8138.9s] epoch 239 step 188900 avg_loss=30.571
[8140.9s] epoch 239 step 188950 avg_loss=30.578
[8142.8s] epoch 239 step 189000 avg_loss=30.442
[8144.8s] epoch 239 step 189050 avg_loss=30.360
[8147.0s] epoch 239 step 189100 avg_loss=30.372
[8148.9s] eval step=6000 train_avg_loss=30.319 dev_rank1_f1=0.3125 dev_edge_p=0.2632 dev_edge_r=0.3844
[8148.9s] === epoch 239 done: avg_loss=30.319 (n=788 derivations) ===
[8148.9s] training wall-clock: 8126.8s (stopped_early=True)
[8148.9s] max-steps budget: optimizer_steps=6000 (cap=6000, stop_reason=max_steps) epoch_fraction=243.655 throughput=0.7383 steps/s (1.3545 s/step)
[8148.9s] wrote 24 curve rows -> runs/arms/v4b_788_arm2_auxusvs0.5_seed0.pt.curve.tsv
[8149.0s] holdout eval targets from runs/encoder_gold_v2.jsonl: matched=98 missing=0
[8150.0s] holdout eval targets (alt) from runs/encoder_gold_v4b.jsonl: matched=98 missing=0
[8150.0s] evaluating [last] (model policy) ...
[8280.2s] [last] holdout (best-of-6 + rank1 + forest width): {'sense_recall': 0.697594501718213, 'slot_recall': 0.6242236024844721, 'structure_recall': 0.029045643153526972, 'all_gold_recalled_rate': 0.0, 'edge_precision': 0.3873218385580565, 'edge_recall': 0.5041093166093166, 'overgen_ratio': 1.4303774268059986, 'n_records': 98, 'rank1_edge_precision': 0.28029587888195806, 'rank1_edge_recall': 0.4147485120699405, 'rank1_edge_f1': 0.33451762281374553, 'rank1_structure_recall': 0.012448132780082987, 'mean_forest_width': 5.928571428571429, 'graded_p': np.float64(0.4992690867191584), 'rank1_graded_p': np.float64(0.397093344158681), 'graded_r': np.float64(0.5850260587720347), 'rank1_graded_r': np.float64(0.5070420049999059), 'graded_f': np.float64(0.5157559372105086), 'rank1_graded_f': np.float64(0.4209542533766899), 'graded_overall': np.float64(0.5640515602343743), 'rank1_graded_overall': np.float64(0.4727345847579413), 'clause_count': 0.8377267573696144, 'rank1_clause_count': 0.766156462585034, 'clause_kind': 0.8377267573696144, 'rank1_clause_kind': 0.766156462585034, 'clause_struct': 0.8377267573696144, 'rank1_clause_struct': 0.766156462585034, 'head_cosine': 0.6385640320802948}
[8413.2s] [last] holdout_alt (best-of-6 + rank1 + forest width): {'sense_recall': 0.7540229885057471, 'slot_recall': 0.7089552238805971, 'structure_recall': 0.04081632653061224, 'all_gold_recalled_rate': 0.04081632653061224, 'edge_precision': 0.5137661091742722, 'edge_recall': 0.5397404749445567, 'overgen_ratio': 1.1100254903826328, 'n_records': 98, 'rank1_edge_precision': 0.4295817122205572, 'rank1_edge_recall': 0.4281310809372035, 'rank1_edge_f1': 0.42885516986806466, 'rank1_structure_recall': 0.030612244897959183, 'mean_forest_width': 5.959183673469388, 'graded_p': np.float64(0.6497995451997847), 'rank1_graded_p': np.float64(0.5657271623326654), 'graded_r': np.float64(0.6727678100911053), 'rank1_graded_r': np.float64(0.552156721052338), 'graded_f': np.float64(0.643227149788456), 'rank1_graded_f': np.float64(0.5295335654391976), 'graded_overall': np.float64(0.6766920569120244), 'rank1_graded_overall': np.float64(0.5629096530722975), 'clause_count': 0.866326530612245, 'rank1_clause_count': 0.7520408163265306, 'clause_kind': 0.866326530612245, 'rank1_clause_kind': 0.7520408163265306, 'clause_struct': 0.866326530612245, 'rank1_clause_struct': 0.7520408163265306, 'head_cosine': 0.800599256481653}
[8413.2s] evaluating [best] (model policy) ...
[8551.7s] [best] holdout (best-of-6 + rank1 + forest width): {'sense_recall': 0.7457044673539519, 'slot_recall': 0.6645962732919255, 'structure_recall': 0.029045643153526972, 'all_gold_recalled_rate': 0.0, 'edge_precision': 0.3913922598121278, 'edge_recall': 0.5090325726805316, 'overgen_ratio': 1.4470226863084017, 'n_records': 98, 'rank1_edge_precision': 0.295058496383171, 'rank1_edge_recall': 0.40243607960444694, 'rank1_edge_f1': 0.34048202990049964, 'rank1_structure_recall': 0.008298755186721992, 'mean_forest_width': 5.989795918367347, 'graded_p': np.float64(0.5197196060624504), 'rank1_graded_p': np.float64(0.41542384273100413), 'graded_r': np.float64(0.5943151373222543), 'rank1_graded_r': np.float64(0.482514431796347), 'graded_f': np.float64(0.5364509568408393), 'rank1_graded_f': np.float64(0.4137741566520196), 'graded_overall': np.float64(0.5870207282807002), 'rank1_graded_overall': np.float64(0.4601859243106792), 'clause_count': 0.8735827664399093, 'rank1_clause_count': 0.7231859410430838, 'clause_kind': 0.8735827664399093, 'rank1_clause_kind': 0.7231859410430838, 'clause_struct': 0.8735827664399093, 'rank1_clause_struct': 0.7231859410430838, 'head_cosine': 0.6378707084612179}
[8684.0s] [best] holdout_alt (best-of-6 + rank1 + forest width): {'sense_recall': 0.7195402298850575, 'slot_recall': 0.7388059701492538, 'structure_recall': 0.07142857142857142, 'all_gold_recalled_rate': 0.07142857142857142, 'edge_precision': 0.5383571203250391, 'edge_recall': 0.5469985796516409, 'overgen_ratio': 1.1249304550324957, 'n_records': 98, 'rank1_edge_precision': 0.4460842486301354, 'rank1_edge_recall': 0.4293384053588136, 'rank1_edge_f1': 0.43755116249245374, 'rank1_structure_recall': 0.04081632653061224, 'mean_forest_width': 5.969387755102041, 'graded_p': np.float64(0.6562111914563543), 'rank1_graded_p': np.float64(0.5993231795081526), 'graded_r': np.float64(0.6827239665061364), 'rank1_graded_r': np.float64(0.5635101652581501), 'graded_f': np.float64(0.6523047576340284), 'rank1_graded_f': np.float64(0.5404149258634112), 'graded_overall': np.float64(0.6854284317440262), 'rank1_graded_overall': np.float64(0.570424115555328), 'clause_count': 0.8731292517006803, 'rank1_clause_count': 0.7404761904761904, 'clause_kind': 0.8731292517006803, 'rank1_clause_kind': 0.7404761904761904, 'clause_struct': 0.8731292517006803, 'rank1_clause_struct': 0.7404761904761904, 'head_cosine': 0.7975181433097014}
[8684.0s] evaluating RANDOM baseline on holdout ...
[8687.2s] holdout (random baseline): {'sense_recall': 0.037800687285223365, 'slot_recall': 0.0, 'structure_recall': 0.0, 'all_gold_recalled_rate': 0.0, 'edge_precision': 0.011678004535147392, 'edge_recall': 0.010353535353535353, 'overgen_ratio': 0.042282519068233354, 'n_records': 98}
[8687.2s] saved BEST checkpoint (step=4000, dev_rank1_f1=0.3296) -> runs/arms/v4b_788_arm2_auxusvs0.5_seed0.pt
[8687.2s] saved LAST checkpoint -> runs/arms/v4b_788_arm2_auxusvs0.5_seed0.pt.last.pt
[8687.2s] TOTAL wall-clock: 8687.2s
