[   0.0s] loading gold from runs/encoder_gold_v4b.jsonl,runs/hard_gold_train.jsonl
[   0.2s] 2025 gold records
[   0.4s] holdout mode (per-file subsets): 98 held-out sentences, train subset=1826 (subset_seed=0) -- runs/encoder_gold_v4b.jsonl: pool=791 subset=788; runs/hard_gold_train.jsonl: pool=1038 subset=1038
[   0.4s] loading USVS from /home/user/NAOMI/consciousness_transformer/data/usvs
[  14.1s] USVS loaded: 117679 senses, d_axes=607
[  14.2s] pos_vocab=15 role_vocab=43
[  14.2s] policy params: 343,882 (~1.376 MB fp32)
[  14.2s] building features + derivations for 1826 train records
[  15.0s] 1826 teacher-forced derivations
[  15.2s] dev-holdout eval targets from runs/encoder_gold_v4b.jsonl: matched=98 missing=0
[  16.8s] epoch 0 step 50 avg_loss=60.991
[  17.4s] epoch 0 step 100 avg_loss=63.110
[  17.9s] epoch 0 step 150 avg_loss=59.905
[  18.5s] epoch 0 step 200 avg_loss=60.559
[  19.0s] epoch 0 step 250 avg_loss=57.545
[  19.4s] epoch 0 step 300 avg_loss=54.893
[  20.0s] epoch 0 step 350 avg_loss=52.766
[  20.7s] epoch 0 step 400 avg_loss=51.762
[  21.3s] epoch 0 step 450 avg_loss=50.747
[  21.8s] epoch 0 step 500 avg_loss=49.096
[  22.3s] epoch 0 step 550 avg_loss=47.551
[  22.9s] epoch 0 step 600 avg_loss=46.317
[  23.5s] epoch 0 step 650 avg_loss=45.796
[  24.1s] epoch 0 step 700 avg_loss=45.073
[  24.8s] epoch 0 step 750 avg_loss=44.854
[  25.6s] epoch 0 step 800 avg_loss=44.795
[  26.2s] epoch 0 step 850 avg_loss=44.079
[  26.9s] epoch 0 step 900 avg_loss=43.628
[  27.6s] epoch 0 step 950 avg_loss=43.247
[  28.4s] epoch 0 step 1000 avg_loss=42.969
[  29.2s] epoch 0 step 1050 avg_loss=42.723
[  29.7s] epoch 0 step 1100 avg_loss=42.213
[  30.3s] epoch 0 step 1150 avg_loss=41.854
[  30.7s] epoch 0 step 1200 avg_loss=41.136
[  31.3s] epoch 0 step 1250 avg_loss=40.621
[  32.0s] epoch 0 step 1300 avg_loss=40.163
[  32.6s] epoch 0 step 1350 avg_loss=39.539
[  33.2s] epoch 0 step 1400 avg_loss=39.235
[  34.1s] epoch 0 step 1450 avg_loss=38.986
[  34.8s] epoch 0 step 1500 avg_loss=38.730
[  35.3s] epoch 0 step 1550 avg_loss=38.267
[  35.8s] epoch 0 step 1600 avg_loss=37.677
[  36.5s] epoch 0 step 1650 avg_loss=37.346
[  37.1s] epoch 0 step 1700 avg_loss=36.907
[  37.8s] epoch 0 step 1750 avg_loss=36.695
[  38.4s] epoch 0 step 1800 avg_loss=36.371
[  38.7s] === epoch 0 done: avg_loss=36.126 (n=1826 derivations) ===
[  39.1s] epoch 1 step 1850 avg_loss=38.922
[  39.7s] epoch 1 step 1900 avg_loss=30.823
[  40.3s] epoch 1 step 1950 avg_loss=27.539
[  40.8s] epoch 1 step 2000 avg_loss=25.486
[  41.5s] epoch 1 step 2050 avg_loss=24.612
[  42.1s] epoch 1 step 2100 avg_loss=24.404
[  42.7s] epoch 1 step 2150 avg_loss=24.136
[  43.3s] epoch 1 step 2200 avg_loss=23.847
[  44.0s] epoch 1 step 2250 avg_loss=23.774
[  44.6s] epoch 1 step 2300 avg_loss=23.387
[  45.3s] epoch 1 step 2350 avg_loss=23.681
[  46.0s] epoch 1 step 2400 avg_loss=23.537
[  46.6s] epoch 1 step 2450 avg_loss=23.258
[  47.2s] epoch 1 step 2500 avg_loss=22.601
[  47.9s] epoch 1 step 2550 avg_loss=22.382
[  48.6s] epoch 1 step 2600 avg_loss=22.543
[  49.4s] epoch 1 step 2650 avg_loss=22.503
[  50.0s] epoch 1 step 2700 avg_loss=22.399
[  50.6s] epoch 1 step 2750 avg_loss=22.184
[  51.3s] epoch 1 step 2800 avg_loss=22.236
[  51.9s] epoch 1 step 2850 avg_loss=22.143
[  52.6s] epoch 1 step 2900 avg_loss=21.979
[  53.3s] epoch 1 step 2950 avg_loss=22.105
[  54.0s] epoch 1 step 3000 avg_loss=22.072
[  54.5s] epoch 1 step 3050 avg_loss=21.783
[  55.2s] epoch 1 step 3100 avg_loss=21.857
[  55.8s] epoch 1 step 3150 avg_loss=21.688
[  56.5s] epoch 1 step 3200 avg_loss=21.644
[  57.1s] epoch 1 step 3250 avg_loss=21.603
[  57.8s] epoch 1 step 3300 avg_loss=21.540
[  58.4s] epoch 1 step 3350 avg_loss=21.344
[  59.0s] epoch 1 step 3400 avg_loss=21.181
[  59.8s] epoch 1 step 3450 avg_loss=21.230
[  60.4s] epoch 1 step 3500 avg_loss=21.124
[  61.0s] epoch 1 step 3550 avg_loss=20.994
[  61.8s] epoch 1 step 3600 avg_loss=20.953
[  62.5s] epoch 1 step 3650 avg_loss=20.863
[  62.5s] === epoch 1 done: avg_loss=20.852 (n=1826 derivations) ===
[  63.1s] epoch 2 step 3700 avg_loss=16.530
[  63.8s] epoch 2 step 3750 avg_loss=17.747
[  64.3s] epoch 2 step 3800 avg_loss=16.889
[  65.0s] epoch 2 step 3850 avg_loss=16.968
[  65.5s] epoch 2 step 3900 avg_loss=16.510
[  65.9s] epoch 2 step 3950 avg_loss=15.834
[  66.5s] epoch 2 step 4000 avg_loss=16.130
[  67.0s] epoch 2 step 4050 avg_loss=15.909
[  67.7s] epoch 2 step 4100 avg_loss=16.397
[  68.3s] epoch 2 step 4150 avg_loss=17.007
[  69.0s] epoch 2 step 4200 avg_loss=17.535
[  69.7s] epoch 2 step 4250 avg_loss=17.671
[  70.2s] epoch 2 step 4300 avg_loss=17.428
[  70.6s] epoch 2 step 4350 avg_loss=17.316
[  71.1s] epoch 2 step 4400 avg_loss=17.023
[  71.6s] epoch 2 step 4450 avg_loss=16.922
[  72.1s] epoch 2 step 4500 avg_loss=16.688
[  72.6s] epoch 2 step 4550 avg_loss=16.666
[  73.2s] epoch 2 step 4600 avg_loss=16.734
[  73.7s] epoch 2 step 4650 avg_loss=16.622
[  74.2s] epoch 2 step 4700 avg_loss=16.681
[  74.8s] epoch 2 step 4750 avg_loss=16.784
[  75.3s] epoch 2 step 4800 avg_loss=16.523
[  75.9s] epoch 2 step 4850 avg_loss=16.718
[  76.4s] epoch 2 step 4900 avg_loss=16.542
[  76.9s] epoch 2 step 4950 avg_loss=16.514
[  77.5s] epoch 2 step 5000 avg_loss=16.483
[  78.0s] epoch 2 step 5050 avg_loss=16.490
[  78.4s] epoch 2 step 5100 avg_loss=16.287
[  79.1s] epoch 2 step 5150 avg_loss=16.505
[  79.5s] epoch 2 step 5200 avg_loss=16.436
[  79.9s] epoch 2 step 5250 avg_loss=16.408
[  80.4s] epoch 2 step 5300 avg_loss=16.349
[  80.9s] epoch 2 step 5350 avg_loss=16.327
[  81.5s] epoch 2 step 5400 avg_loss=16.172
[  82.0s] epoch 2 step 5450 avg_loss=16.107
[  82.3s] === epoch 2 done: avg_loss=16.120 (n=1826 derivations) ===
[  82.6s] epoch 3 step 5500 avg_loss=20.924
[  83.0s] epoch 3 step 5550 avg_loss=15.858
[  83.4s] epoch 3 step 5600 avg_loss=13.208
[  83.9s] epoch 3 step 5650 avg_loss=12.700
[  84.3s] epoch 3 step 5700 avg_loss=12.172
[  84.9s] epoch 3 step 5750 avg_loss=13.743
[  85.4s] epoch 3 step 5800 avg_loss=13.355
[  85.9s] epoch 3 step 5850 avg_loss=14.085
[  86.4s] epoch 3 step 5900 avg_loss=14.147
[  87.0s] epoch 3 step 5950 avg_loss=14.456
[  87.5s] epoch 3 step 6000 avg_loss=14.324
[  88.0s] epoch 3 step 6050 avg_loss=14.269
[  88.5s] epoch 3 step 6100 avg_loss=14.340
[  89.0s] epoch 3 step 6150 avg_loss=14.211
[  89.6s] epoch 3 step 6200 avg_loss=14.458
[  90.1s] epoch 3 step 6250 avg_loss=14.537
[  90.6s] epoch 3 step 6300 avg_loss=14.494
[  91.1s] epoch 3 step 6350 avg_loss=14.561
[  91.6s] epoch 3 step 6400 avg_loss=14.314
[  92.0s] epoch 3 step 6450 avg_loss=14.166
[  92.5s] epoch 3 step 6500 avg_loss=13.981
[  93.0s] epoch 3 step 6550 avg_loss=13.837
[  93.5s] epoch 3 step 6600 avg_loss=13.749
[  94.0s] epoch 3 step 6650 avg_loss=13.566
[  94.6s] epoch 3 step 6700 avg_loss=13.607
[  95.2s] epoch 3 step 6750 avg_loss=13.543
[  95.6s] epoch 3 step 6800 avg_loss=13.413
[  96.3s] epoch 3 step 6850 avg_loss=13.477
[  97.0s] epoch 3 step 6900 avg_loss=13.512
[  97.7s] epoch 3 step 6950 avg_loss=13.619
[  98.4s] epoch 3 step 7000 avg_loss=13.715
[  98.9s] epoch 3 step 7050 avg_loss=13.623
[  99.5s] epoch 3 step 7100 avg_loss=13.688
[  99.9s] epoch 3 step 7150 avg_loss=13.693
[ 100.4s] epoch 3 step 7200 avg_loss=13.603
[ 100.9s] epoch 3 step 7250 avg_loss=13.688
[ 101.4s] epoch 3 step 7300 avg_loss=13.625
[ 101.5s] === epoch 3 done: avg_loss=13.683 (n=1826 derivations) ===
[ 102.1s] epoch 4 step 7350 avg_loss=16.951
[ 102.6s] epoch 4 step 7400 avg_loss=17.012
[ 103.0s] epoch 4 step 7450 avg_loss=13.773
[ 103.5s] epoch 4 step 7500 avg_loss=13.302
[ 104.0s] epoch 4 step 7550 avg_loss=12.313
[ 104.5s] epoch 4 step 7600 avg_loss=12.497
[ 105.1s] epoch 4 step 7650 avg_loss=13.450
[ 105.7s] epoch 4 step 7700 avg_loss=13.135
[ 106.1s] epoch 4 step 7750 avg_loss=12.933
[ 106.6s] epoch 4 step 7800 avg_loss=12.755
[ 107.1s] epoch 4 step 7850 avg_loss=12.804
[ 114.1s] eval step=250 train_avg_loss=12.726 dev_rank1_f1=0.3436 dev_edge_p=0.3421 dev_edge_r=0.3451
[ 114.3s] epoch 4 step 7900 avg_loss=12.695
[ 114.7s] epoch 4 step 7950 avg_loss=12.280
[ 115.2s] epoch 4 step 8000 avg_loss=12.315
[ 115.8s] epoch 4 step 8050 avg_loss=12.233
[ 116.5s] epoch 4 step 8100 avg_loss=12.182
[ 117.2s] epoch 4 step 8150 avg_loss=12.227
[ 117.8s] epoch 4 step 8200 avg_loss=11.968
[ 118.5s] epoch 4 step 8250 avg_loss=11.918
[ 119.1s] epoch 4 step 8300 avg_loss=12.055
[ 120.0s] epoch 4 step 8350 avg_loss=12.181
[ 120.6s] epoch 4 step 8400 avg_loss=12.109
[ 121.3s] epoch 4 step 8450 avg_loss=12.082
[ 122.0s] epoch 4 step 8500 avg_loss=12.080
[ 122.8s] epoch 4 step 8550 avg_loss=12.167
[ 123.4s] epoch 4 step 8600 avg_loss=12.284
[ 123.8s] epoch 4 step 8650 avg_loss=12.204
[ 124.4s] epoch 4 step 8700 avg_loss=12.144
[ 125.0s] epoch 4 step 8750 avg_loss=12.107
[ 125.7s] epoch 4 step 8800 avg_loss=12.279
[ 126.4s] epoch 4 step 8850 avg_loss=12.280
[ 127.2s] epoch 4 step 8900 avg_loss=12.331
[ 127.8s] epoch 4 step 8950 avg_loss=12.383
[ 128.6s] epoch 4 step 9000 avg_loss=12.456
[ 129.1s] epoch 4 step 9050 avg_loss=12.346
[ 129.7s] epoch 4 step 9100 avg_loss=12.259
[ 130.1s] === epoch 4 done: avg_loss=12.159 (n=1826 derivations) ===
[ 130.4s] epoch 5 step 9150 avg_loss=10.558
[ 131.1s] epoch 5 step 9200 avg_loss=13.754
[ 131.7s] epoch 5 step 9250 avg_loss=11.161
[ 132.3s] epoch 5 step 9300 avg_loss=10.713
[ 133.1s] epoch 5 step 9350 avg_loss=12.391
[ 133.8s] epoch 5 step 9400 avg_loss=12.455
[ 134.3s] epoch 5 step 9450 avg_loss=11.851
[ 134.9s] epoch 5 step 9500 avg_loss=11.795
[ 135.4s] epoch 5 step 9550 avg_loss=11.569
[ 136.0s] epoch 5 step 9600 avg_loss=11.454
[ 136.6s] epoch 5 step 9650 avg_loss=11.412
[ 137.2s] epoch 5 step 9700 avg_loss=11.721
[ 137.8s] epoch 5 step 9750 avg_loss=11.503
[ 138.5s] epoch 5 step 9800 avg_loss=11.269
[ 139.0s] epoch 5 step 9850 avg_loss=10.947
[ 139.5s] epoch 5 step 9900 avg_loss=10.834
[ 140.2s] epoch 5 step 9950 avg_loss=10.703
[ 140.8s] epoch 5 step 10000 avg_loss=10.639
[ 141.6s] epoch 5 step 10050 avg_loss=10.795
[ 142.1s] epoch 5 step 10100 avg_loss=10.815
[ 142.8s] epoch 5 step 10150 avg_loss=11.060
[ 143.4s] epoch 5 step 10200 avg_loss=11.227
[ 143.9s] epoch 5 step 10250 avg_loss=11.163
[ 144.4s] epoch 5 step 10300 avg_loss=11.191
[ 145.0s] epoch 5 step 10350 avg_loss=11.174
[ 145.6s] epoch 5 step 10400 avg_loss=11.354
[ 146.1s] epoch 5 step 10450 avg_loss=11.363
[ 146.5s] epoch 5 step 10500 avg_loss=11.329
[ 147.0s] epoch 5 step 10550 avg_loss=11.289
[ 147.6s] epoch 5 step 10600 avg_loss=11.283
[ 148.0s] epoch 5 step 10650 avg_loss=11.141
[ 148.5s] epoch 5 step 10700 avg_loss=11.165
[ 149.0s] epoch 5 step 10750 avg_loss=11.168
[ 149.4s] epoch 5 step 10800 avg_loss=10.965
[ 150.0s] epoch 5 step 10850 avg_loss=11.101
[ 150.6s] epoch 5 step 10900 avg_loss=11.197
[ 151.0s] epoch 5 step 10950 avg_loss=11.150
[ 151.1s] === epoch 5 done: avg_loss=11.124 (n=1826 derivations) ===
[ 151.5s] epoch 6 step 11000 avg_loss=13.252
[ 152.1s] epoch 6 step 11050 avg_loss=11.592
[ 152.6s] epoch 6 step 11100 avg_loss=10.235
[ 153.0s] epoch 6 step 11150 avg_loss=9.202
[ 153.5s] epoch 6 step 11200 avg_loss=9.267
[ 153.9s] epoch 6 step 11250 avg_loss=9.152
[ 154.4s] epoch 6 step 11300 avg_loss=9.054
[ 154.9s] epoch 6 step 11350 avg_loss=9.294
[ 155.5s] epoch 6 step 11400 avg_loss=9.616
[ 156.2s] epoch 6 step 11450 avg_loss=10.318
[ 157.0s] epoch 6 step 11500 avg_loss=10.437
[ 157.6s] epoch 6 step 11550 avg_loss=10.325
[ 158.4s] epoch 6 step 11600 avg_loss=10.360
[ 159.2s] epoch 6 step 11650 avg_loss=10.291
[ 159.8s] epoch 6 step 11700 avg_loss=10.064
[ 160.4s] epoch 6 step 11750 avg_loss=10.130
[ 161.1s] epoch 6 step 11800 avg_loss=10.183
[ 161.7s] epoch 6 step 11850 avg_loss=10.027
[ 162.3s] epoch 6 step 11900 avg_loss=10.053
[ 162.9s] epoch 6 step 11950 avg_loss=9.900
[ 163.5s] epoch 6 step 12000 avg_loss=9.944
[ 164.2s] epoch 6 step 12050 avg_loss=9.934
[ 164.8s] epoch 6 step 12100 avg_loss=9.999
[ 165.3s] epoch 6 step 12150 avg_loss=9.846
[ 165.9s] epoch 6 step 12200 avg_loss=9.865
[ 166.5s] epoch 6 step 12250 avg_loss=9.830
[ 167.1s] epoch 6 step 12300 avg_loss=9.898
[ 167.8s] epoch 6 step 12350 avg_loss=9.979
[ 168.5s] epoch 6 step 12400 avg_loss=10.047
[ 169.2s] epoch 6 step 12450 avg_loss=10.176
[ 169.8s] epoch 6 step 12500 avg_loss=10.169
[ 170.5s] epoch 6 step 12550 avg_loss=10.307
[ 171.1s] epoch 6 step 12600 avg_loss=10.311
[ 171.7s] epoch 6 step 12650 avg_loss=10.289
[ 172.4s] epoch 6 step 12700 avg_loss=10.395
[ 173.1s] epoch 6 step 12750 avg_loss=10.449
[ 173.5s] === epoch 6 done: avg_loss=10.398 (n=1826 derivations) ===
[ 173.8s] epoch 7 step 12800 avg_loss=10.034
[ 174.5s] epoch 7 step 12850 avg_loss=11.060
[ 175.1s] epoch 7 step 12900 avg_loss=9.376
[ 175.8s] epoch 7 step 12950 avg_loss=9.662
[ 176.4s] epoch 7 step 13000 avg_loss=9.498
[ 177.1s] epoch 7 step 13050 avg_loss=9.705
[ 177.8s] epoch 7 step 13100 avg_loss=9.735
[ 178.4s] epoch 7 step 13150 avg_loss=9.465
[ 178.9s] epoch 7 step 13200 avg_loss=9.399
[ 179.6s] epoch 7 step 13250 avg_loss=9.781
[ 180.3s] epoch 7 step 13300 avg_loss=9.834
[ 181.0s] epoch 7 step 13350 avg_loss=10.054
[ 181.6s] epoch 7 step 13400 avg_loss=9.874
[ 182.2s] epoch 7 step 13450 avg_loss=9.829
[ 182.9s] epoch 7 step 13500 avg_loss=9.994
[ 183.6s] epoch 7 step 13550 avg_loss=10.019
[ 184.2s] epoch 7 step 13600 avg_loss=9.977
[ 184.8s] epoch 7 step 13650 avg_loss=9.908
[ 185.4s] epoch 7 step 13700 avg_loss=9.945
[ 186.1s] epoch 7 step 13750 avg_loss=10.131
[ 186.7s] epoch 7 step 13800 avg_loss=9.902
[ 187.4s] epoch 7 step 13850 avg_loss=9.987
[ 187.9s] epoch 7 step 13900 avg_loss=9.869
[ 188.6s] epoch 7 step 13950 avg_loss=9.983
[ 189.2s] epoch 7 step 14000 avg_loss=9.864
[ 189.7s] epoch 7 step 14050 avg_loss=9.764
[ 190.3s] epoch 7 step 14100 avg_loss=9.672
[ 191.0s] epoch 7 step 14150 avg_loss=9.707
[ 191.6s] epoch 7 step 14200 avg_loss=9.698
[ 192.2s] epoch 7 step 14250 avg_loss=9.716
[ 192.8s] epoch 7 step 14300 avg_loss=9.636
[ 193.6s] epoch 7 step 14350 avg_loss=9.706
[ 194.3s] epoch 7 step 14400 avg_loss=9.773
[ 195.0s] epoch 7 step 14450 avg_loss=9.815
[ 195.7s] epoch 7 step 14500 avg_loss=9.840
[ 196.4s] epoch 7 step 14550 avg_loss=9.868
[ 197.0s] epoch 7 step 14600 avg_loss=9.783
[ 197.1s] === epoch 7 done: avg_loss=9.759 (n=1826 derivations) ===
[ 197.7s] epoch 8 step 14650 avg_loss=10.975
[ 198.4s] epoch 8 step 14700 avg_loss=10.701
[ 199.0s] epoch 8 step 14750 avg_loss=9.136
[ 199.6s] epoch 8 step 14800 avg_loss=8.488
[ 200.5s] epoch 8 step 14850 avg_loss=9.274
[ 201.2s] epoch 8 step 14900 avg_loss=8.860
[ 201.9s] epoch 8 step 14950 avg_loss=8.851
[ 202.6s] epoch 8 step 15000 avg_loss=8.955
[ 203.3s] epoch 8 step 15050 avg_loss=8.981
[ 203.8s] epoch 8 step 15100 avg_loss=8.598
[ 204.4s] epoch 8 step 15150 avg_loss=9.025
[ 205.1s] epoch 8 step 15200 avg_loss=9.257
[ 205.9s] epoch 8 step 15250 avg_loss=9.223
[ 206.6s] epoch 8 step 15300 avg_loss=9.352
[ 207.2s] epoch 8 step 15350 avg_loss=9.180
[ 207.7s] epoch 8 step 15400 avg_loss=8.992
[ 208.4s] epoch 8 step 15450 avg_loss=9.118
[ 209.0s] epoch 8 step 15500 avg_loss=9.246
[ 209.6s] epoch 8 step 15550 avg_loss=9.183
[ 210.2s] epoch 8 step 15600 avg_loss=9.273
[ 210.7s] epoch 8 step 15650 avg_loss=9.273
[ 211.2s] epoch 8 step 15700 avg_loss=9.214
[ 211.9s] epoch 8 step 15750 avg_loss=9.148
[ 213.5s] eval step=500 train_avg_loss=9.108 dev_rank1_f1=0.4062 dev_edge_p=0.4341 dev_edge_r=0.3817
[ 214.2s] epoch 8 step 15800 avg_loss=9.228
[ 214.8s] epoch 8 step 15850 avg_loss=9.217
[ 215.5s] epoch 8 step 15900 avg_loss=9.192
[ 216.2s] epoch 8 step 15950 avg_loss=9.352
[ 216.9s] epoch 8 step 16000 avg_loss=9.489
[ 217.5s] epoch 8 step 16050 avg_loss=9.516
[ 218.1s] epoch 8 step 16100 avg_loss=9.482
[ 218.6s] epoch 8 step 16150 avg_loss=9.427
[ 219.0s] epoch 8 step 16200 avg_loss=9.339
[ 219.8s] epoch 8 step 16250 avg_loss=9.389
[ 220.6s] epoch 8 step 16300 avg_loss=9.305
[ 221.3s] epoch 8 step 16350 avg_loss=9.276
[ 222.0s] epoch 8 step 16400 avg_loss=9.299
[ 222.4s] === epoch 8 done: avg_loss=9.242 (n=1826 derivations) ===
[ 222.6s] epoch 9 step 16450 avg_loss=5.621
[ 223.3s] epoch 9 step 16500 avg_loss=4.823
[ 223.8s] epoch 9 step 16550 avg_loss=5.685
[ 224.5s] epoch 9 step 16600 avg_loss=7.478
[ 225.0s] epoch 9 step 16650 avg_loss=7.739
[ 225.6s] epoch 9 step 16700 avg_loss=8.077
[ 226.1s] epoch 9 step 16750 avg_loss=7.589
[ 226.7s] epoch 9 step 16800 avg_loss=7.724
[ 227.2s] epoch 9 step 16850 avg_loss=7.955
[ 227.7s] epoch 9 step 16900 avg_loss=8.287
[ 228.3s] epoch 9 step 16950 avg_loss=8.498
[ 228.8s] epoch 9 step 17000 avg_loss=8.604
[ 229.2s] epoch 9 step 17050 avg_loss=8.311
[ 229.8s] epoch 9 step 17100 avg_loss=8.389
[ 230.4s] epoch 9 step 17150 avg_loss=8.453
[ 231.0s] epoch 9 step 17200 avg_loss=8.691
[ 231.4s] epoch 9 step 17250 avg_loss=8.675
[ 232.0s] epoch 9 step 17300 avg_loss=8.870
[ 232.5s] epoch 9 step 17350 avg_loss=8.767
[ 233.0s] epoch 9 step 17400 avg_loss=8.731
[ 233.4s] epoch 9 step 17450 avg_loss=8.638
[ 234.0s] epoch 9 step 17500 avg_loss=8.678
[ 234.6s] epoch 9 step 17550 avg_loss=8.869
[ 235.3s] epoch 9 step 17600 avg_loss=8.941
[ 235.8s] epoch 9 step 17650 avg_loss=8.929
[ 236.3s] epoch 9 step 17700 avg_loss=8.854
[ 236.8s] epoch 9 step 17750 avg_loss=8.818
[ 237.2s] epoch 9 step 17800 avg_loss=8.683
[ 237.7s] epoch 9 step 17850 avg_loss=8.607
[ 238.2s] epoch 9 step 17900 avg_loss=8.555
[ 238.7s] epoch 9 step 17950 avg_loss=8.616
[ 239.2s] epoch 9 step 18000 avg_loss=8.631
[ 239.8s] epoch 9 step 18050 avg_loss=8.677
[ 240.3s] epoch 9 step 18100 avg_loss=8.737
[ 241.0s] epoch 9 step 18150 avg_loss=8.898
[ 241.5s] epoch 9 step 18200 avg_loss=8.788
[ 242.2s] epoch 9 step 18250 avg_loss=8.778
[ 242.3s] === epoch 9 done: avg_loss=8.749 (n=1826 derivations) ===
[ 242.8s] epoch 10 step 18300 avg_loss=7.396
[ 243.4s] epoch 10 step 18350 avg_loss=8.510
[ 244.0s] epoch 10 step 18400 avg_loss=7.303
[ 244.8s] epoch 10 step 18450 avg_loss=8.532
[ 245.5s] epoch 10 step 18500 avg_loss=8.209
[ 246.2s] epoch 10 step 18550 avg_loss=8.527
[ 246.9s] epoch 10 step 18600 avg_loss=8.296
[ 247.6s] epoch 10 step 18650 avg_loss=8.697
[ 248.2s] epoch 10 step 18700 avg_loss=8.414
[ 248.9s] epoch 10 step 18750 avg_loss=8.302
[ 249.7s] epoch 10 step 18800 avg_loss=8.450
[ 250.4s] epoch 10 step 18850 avg_loss=8.421
[ 251.2s] epoch 10 step 18900 avg_loss=8.598
[ 251.9s] epoch 10 step 18950 avg_loss=8.828
[ 252.5s] epoch 10 step 19000 avg_loss=8.801
[ 253.0s] epoch 10 step 19050 avg_loss=8.638
[ 253.5s] epoch 10 step 19100 avg_loss=8.637
[ 254.0s] epoch 10 step 19150 avg_loss=8.606
[ 254.7s] epoch 10 step 19200 avg_loss=8.518
[ 255.3s] epoch 10 step 19250 avg_loss=8.513
[ 256.0s] epoch 10 step 19300 avg_loss=8.576
[ 256.6s] epoch 10 step 19350 avg_loss=8.559
[ 257.0s] epoch 10 step 19400 avg_loss=8.476
[ 257.6s] epoch 10 step 19450 avg_loss=8.516
[ 258.1s] epoch 10 step 19500 avg_loss=8.513
[ 258.7s] epoch 10 step 19550 avg_loss=8.501
[ 259.1s] epoch 10 step 19600 avg_loss=8.394
[ 259.7s] epoch 10 step 19650 avg_loss=8.355
[ 260.3s] epoch 10 step 19700 avg_loss=8.350
[ 260.8s] epoch 10 step 19750 avg_loss=8.304
[ 261.3s] epoch 10 step 19800 avg_loss=8.322
[ 261.9s] epoch 10 step 19850 avg_loss=8.350
[ 262.4s] epoch 10 step 19900 avg_loss=8.395
[ 262.9s] epoch 10 step 19950 avg_loss=8.341
[ 263.4s] epoch 10 step 20000 avg_loss=8.269
[ 264.0s] epoch 10 step 20050 avg_loss=8.284
[ 264.4s] === epoch 10 done: avg_loss=8.313 (n=1826 derivations) ===
[ 264.6s] epoch 11 step 20100 avg_loss=5.658
[ 265.2s] epoch 11 step 20150 avg_loss=4.694
[ 266.0s] epoch 11 step 20200 avg_loss=6.472
[ 266.8s] epoch 11 step 20250 avg_loss=7.184
[ 267.4s] epoch 11 step 20300 avg_loss=7.103
[ 268.0s] epoch 11 step 20350 avg_loss=7.102
[ 268.8s] epoch 11 step 20400 avg_loss=7.626
[ 269.2s] epoch 11 step 20450 avg_loss=6.974
[ 269.9s] epoch 11 step 20500 avg_loss=7.543
[ 270.7s] epoch 11 step 20550 avg_loss=7.584
[ 271.4s] epoch 11 step 20600 avg_loss=7.787
[ 272.0s] epoch 11 step 20650 avg_loss=7.545
[ 272.5s] epoch 11 step 20700 avg_loss=7.478
[ 273.3s] epoch 11 step 20750 avg_loss=7.600
[ 274.1s] epoch 11 step 20800 avg_loss=7.940
[ 274.8s] epoch 11 step 20850 avg_loss=8.077
[ 275.4s] epoch 11 step 20900 avg_loss=8.080
[ 276.0s] epoch 11 step 20950 avg_loss=7.919
[ 276.7s] epoch 11 step 21000 avg_loss=7.877
[ 277.4s] epoch 11 step 21050 avg_loss=7.890
[ 278.1s] epoch 11 step 21100 avg_loss=7.880
[ 278.8s] epoch 11 step 21150 avg_loss=7.835
[ 279.5s] epoch 11 step 21200 avg_loss=7.781
[ 280.1s] epoch 11 step 21250 avg_loss=7.800
[ 280.8s] epoch 11 step 21300 avg_loss=7.773
[ 281.5s] epoch 11 step 21350 avg_loss=7.850
[ 282.2s] epoch 11 step 21400 avg_loss=7.787
[ 282.8s] epoch 11 step 21450 avg_loss=7.957
[ 283.3s] epoch 11 step 21500 avg_loss=7.878
[ 283.8s] epoch 11 step 21550 avg_loss=7.962
[ 284.3s] epoch 11 step 21600 avg_loss=7.998
[ 284.9s] epoch 11 step 21650 avg_loss=8.075
[ 285.3s] epoch 11 step 21700 avg_loss=8.061
[ 285.8s] epoch 11 step 21750 avg_loss=8.006
[ 286.2s] epoch 11 step 21800 avg_loss=7.933
[ 286.7s] epoch 11 step 21850 avg_loss=7.818
[ 287.2s] epoch 11 step 21900 avg_loss=7.853
[ 287.3s] === epoch 11 done: avg_loss=7.843 (n=1826 derivations) ===
[ 287.7s] epoch 12 step 21950 avg_loss=11.497
[ 288.3s] epoch 12 step 22000 avg_loss=8.616
[ 289.1s] epoch 12 step 22050 avg_loss=9.926
[ 289.9s] epoch 12 step 22100 avg_loss=9.375
[ 290.4s] epoch 12 step 22150 avg_loss=8.506
[ 291.0s] epoch 12 step 22200 avg_loss=8.170
[ 291.7s] epoch 12 step 22250 avg_loss=8.434
[ 292.3s] epoch 12 step 22300 avg_loss=8.361
[ 292.9s] epoch 12 step 22350 avg_loss=8.264
[ 293.7s] epoch 12 step 22400 avg_loss=8.254
[ 294.1s] epoch 12 step 22450 avg_loss=7.797
[ 294.9s] epoch 12 step 22500 avg_loss=7.844
[ 295.7s] epoch 12 step 22550 avg_loss=8.080
[ 296.3s] epoch 12 step 22600 avg_loss=7.946
[ 296.7s] epoch 12 step 22650 avg_loss=7.715
[ 297.1s] epoch 12 step 22700 avg_loss=7.628
[ 297.7s] epoch 12 step 22750 avg_loss=7.713
[ 298.2s] epoch 12 step 22800 avg_loss=7.748
[ 298.9s] epoch 12 step 22850 avg_loss=7.706
[ 299.5s] epoch 12 step 22900 avg_loss=7.627
[ 300.2s] epoch 12 step 22950 avg_loss=7.606
[ 301.0s] epoch 12 step 23000 avg_loss=7.602
[ 301.7s] epoch 12 step 23050 avg_loss=7.537
[ 302.4s] epoch 12 step 23100 avg_loss=7.563
[ 303.0s] epoch 12 step 23150 avg_loss=7.579
[ 303.6s] epoch 12 step 23200 avg_loss=7.525
[ 304.4s] epoch 12 step 23250 avg_loss=7.547
[ 305.2s] epoch 12 step 23300 avg_loss=7.643
[ 305.7s] epoch 12 step 23350 avg_loss=7.594
[ 306.4s] epoch 12 step 23400 avg_loss=7.554
[ 306.9s] epoch 12 step 23450 avg_loss=7.591
[ 307.3s] epoch 12 step 23500 avg_loss=7.410
[ 307.7s] epoch 12 step 23550 avg_loss=7.356
[ 308.3s] epoch 12 step 23600 avg_loss=7.398
[ 309.6s] eval step=750 train_avg_loss=7.376 dev_rank1_f1=0.4281 dev_edge_p=0.4557 dev_edge_r=0.4037
[ 309.7s] epoch 12 step 23650 avg_loss=7.380
[ 310.1s] epoch 12 step 23700 avg_loss=7.316
[ 310.6s] === epoch 12 done: avg_loss=7.428 (n=1826 derivations) ===
[ 310.8s] epoch 13 step 23750 avg_loss=12.347
[ 311.4s] epoch 13 step 23800 avg_loss=8.530
[ 311.9s] epoch 13 step 23850 avg_loss=8.099
[ 312.5s] epoch 13 step 23900 avg_loss=7.370
[ 312.9s] epoch 13 step 23950 avg_loss=6.950
[ 313.3s] epoch 13 step 24000 avg_loss=6.615
[ 313.9s] epoch 13 step 24050 avg_loss=6.998
[ 314.5s] epoch 13 step 24100 avg_loss=7.145
[ 315.0s] epoch 13 step 24150 avg_loss=7.155
[ 315.7s] epoch 13 step 24200 avg_loss=7.300
[ 316.2s] epoch 13 step 24250 avg_loss=7.070
[ 316.7s] epoch 13 step 24300 avg_loss=6.868
[ 317.2s] epoch 13 step 24350 avg_loss=6.787
[ 317.8s] epoch 13 step 24400 avg_loss=6.818
[ 318.4s] epoch 13 step 24450 avg_loss=7.081
[ 319.0s] epoch 13 step 24500 avg_loss=6.961
[ 319.5s] epoch 13 step 24550 avg_loss=6.930
[ 320.1s] epoch 13 step 24600 avg_loss=6.859
[ 320.6s] epoch 13 step 24650 avg_loss=6.866
[ 321.1s] epoch 13 step 24700 avg_loss=6.903
[ 321.6s] epoch 13 step 24750 avg_loss=6.744
[ 322.1s] epoch 13 step 24800 avg_loss=6.664
[ 322.6s] epoch 13 step 24850 avg_loss=6.739
[ 323.2s] epoch 13 step 24900 avg_loss=6.903
[ 323.7s] epoch 13 step 24950 avg_loss=6.936
[ 324.3s] epoch 13 step 25000 avg_loss=6.869
[ 324.8s] epoch 13 step 25050 avg_loss=6.945
[ 325.3s] epoch 13 step 25100 avg_loss=6.997
[ 325.9s] epoch 13 step 25150 avg_loss=7.094
[ 326.4s] epoch 13 step 25200 avg_loss=7.047
[ 326.9s] epoch 13 step 25250 avg_loss=7.023
[ 327.4s] epoch 13 step 25300 avg_loss=7.017
[ 328.0s] epoch 13 step 25350 avg_loss=7.035
[ 328.8s] epoch 13 step 25400 avg_loss=7.078
[ 329.6s] epoch 13 step 25450 avg_loss=7.169
[ 330.3s] epoch 13 step 25500 avg_loss=7.162
[ 330.9s] epoch 13 step 25550 avg_loss=7.095
[ 331.0s] === epoch 13 done: avg_loss=7.074 (n=1826 derivations) ===
[ 331.5s] epoch 14 step 25600 avg_loss=3.714
[ 332.0s] epoch 14 step 25650 avg_loss=4.604
[ 332.7s] epoch 14 step 25700 avg_loss=6.037
[ 333.5s] epoch 14 step 25750 avg_loss=6.422
[ 334.1s] epoch 14 step 25800 avg_loss=6.170
[ 334.7s] epoch 14 step 25850 avg_loss=6.045
[ 335.4s] epoch 14 step 25900 avg_loss=6.191
[ 335.9s] epoch 14 step 25950 avg_loss=5.930
[ 336.5s] epoch 14 step 26000 avg_loss=5.822
[ 337.3s] epoch 14 step 26050 avg_loss=6.131
[ 338.0s] epoch 14 step 26100 avg_loss=6.385
[ 338.5s] epoch 14 step 26150 avg_loss=6.284
[ 339.2s] epoch 14 step 26200 avg_loss=6.365
[ 339.8s] epoch 14 step 26250 avg_loss=6.307
[ 340.4s] epoch 14 step 26300 avg_loss=6.267
[ 340.9s] epoch 14 step 26350 avg_loss=6.323
[ 341.7s] epoch 14 step 26400 avg_loss=6.484
[ 342.2s] epoch 14 step 26450 avg_loss=6.428
[ 343.1s] epoch 14 step 26500 avg_loss=6.497
[ 343.7s] epoch 14 step 26550 avg_loss=6.465
[ 344.4s] epoch 14 step 26600 avg_loss=6.471
[ 345.1s] epoch 14 step 26650 avg_loss=6.431
[ 345.7s] epoch 14 step 26700 avg_loss=6.398
[ 346.4s] epoch 14 step 26750 avg_loss=6.378
[ 347.1s] epoch 14 step 26800 avg_loss=6.382
[ 347.7s] epoch 14 step 26850 avg_loss=6.328
[ 348.3s] epoch 14 step 26900 avg_loss=6.269
[ 348.8s] epoch 14 step 26950 avg_loss=6.263
[ 349.4s] epoch 14 step 27000 avg_loss=6.408
[ 349.9s] epoch 14 step 27050 avg_loss=6.424
[ 350.5s] epoch 14 step 27100 avg_loss=6.561
[ 350.9s] epoch 14 step 27150 avg_loss=6.518
[ 351.5s] epoch 14 step 27200 avg_loss=6.526
[ 352.0s] epoch 14 step 27250 avg_loss=6.603
[ 352.5s] epoch 14 step 27300 avg_loss=6.587
[ 353.0s] epoch 14 step 27350 avg_loss=6.589
[ 353.5s] === epoch 14 done: avg_loss=6.651 (n=1826 derivations) ===
[ 353.6s] epoch 15 step 27400 avg_loss=10.530
[ 354.0s] epoch 15 step 27450 avg_loss=5.090
[ 354.6s] epoch 15 step 27500 avg_loss=5.488
[ 355.0s] epoch 15 step 27550 avg_loss=5.729
[ 355.5s] epoch 15 step 27600 avg_loss=5.709
[ 356.2s] epoch 15 step 27650 avg_loss=5.639
[ 356.9s] epoch 15 step 27700 avg_loss=5.849
[ 357.5s] epoch 15 step 27750 avg_loss=5.632
[ 358.3s] epoch 15 step 27800 avg_loss=5.497
[ 359.0s] epoch 15 step 27850 avg_loss=5.485
[ 359.5s] epoch 15 step 27900 avg_loss=5.566
[ 360.4s] epoch 15 step 27950 avg_loss=5.913
[ 361.2s] epoch 15 step 28000 avg_loss=6.105
[ 361.8s] epoch 15 step 28050 avg_loss=6.169
[ 362.5s] epoch 15 step 28100 avg_loss=6.205
[ 363.1s] epoch 15 step 28150 avg_loss=5.973
[ 363.9s] epoch 15 step 28200 avg_loss=6.274
[ 364.5s] epoch 15 step 28250 avg_loss=6.387
[ 365.0s] epoch 15 step 28300 avg_loss=6.366
[ 365.6s] epoch 15 step 28350 avg_loss=6.201
[ 366.4s] epoch 15 step 28400 avg_loss=6.172
[ 367.1s] epoch 15 step 28450 avg_loss=6.241
[ 367.7s] epoch 15 step 28500 avg_loss=6.133
[ 368.3s] epoch 15 step 28550 avg_loss=6.066
[ 369.0s] epoch 15 step 28600 avg_loss=6.080
[ 369.6s] epoch 15 step 28650 avg_loss=6.034
[ 370.2s] epoch 15 step 28700 avg_loss=5.941
[ 371.0s] epoch 15 step 28750 avg_loss=5.986
[ 371.6s] epoch 15 step 28800 avg_loss=6.074
[ 372.4s] epoch 15 step 28850 avg_loss=6.172
[ 372.9s] epoch 15 step 28900 avg_loss=6.186
[ 373.6s] epoch 15 step 28950 avg_loss=6.157
[ 374.3s] epoch 15 step 29000 avg_loss=6.169
[ 374.8s] epoch 15 step 29050 avg_loss=6.223
[ 375.4s] epoch 15 step 29100 avg_loss=6.246
[ 376.0s] epoch 15 step 29150 avg_loss=6.251
[ 376.5s] epoch 15 step 29200 avg_loss=6.230
[ 376.8s] === epoch 15 done: avg_loss=6.253 (n=1826 derivations) ===
[ 377.3s] epoch 16 step 29250 avg_loss=6.333
[ 378.0s] epoch 16 step 29300 avg_loss=4.871
[ 378.6s] epoch 16 step 29350 avg_loss=4.024
[ 379.3s] epoch 16 step 29400 avg_loss=4.369
[ 380.0s] epoch 16 step 29450 avg_loss=4.577
[ 380.7s] epoch 16 step 29500 avg_loss=4.906
[ 381.5s] epoch 16 step 29550 avg_loss=5.220
[ 382.1s] epoch 16 step 29600 avg_loss=5.144
[ 382.8s] epoch 16 step 29650 avg_loss=5.092
[ 383.3s] epoch 16 step 29700 avg_loss=5.005
[ 384.1s] epoch 16 step 29750 avg_loss=5.079
[ 384.9s] epoch 16 step 29800 avg_loss=5.199
[ 385.5s] epoch 16 step 29850 avg_loss=5.205
[ 386.1s] epoch 16 step 29900 avg_loss=5.075
[ 386.7s] epoch 16 step 29950 avg_loss=5.162
[ 387.3s] epoch 16 step 30000 avg_loss=5.362
[ 387.8s] epoch 16 step 30050 avg_loss=5.357
[ 388.4s] epoch 16 step 30100 avg_loss=5.440
[ 389.1s] epoch 16 step 30150 avg_loss=5.511
[ 389.7s] epoch 16 step 30200 avg_loss=5.559
[ 390.4s] epoch 16 step 30250 avg_loss=5.501
[ 391.0s] epoch 16 step 30300 avg_loss=5.548
[ 391.7s] epoch 16 step 30350 avg_loss=5.550
[ 392.4s] epoch 16 step 30400 avg_loss=5.483
[ 393.2s] epoch 16 step 30450 avg_loss=5.514
[ 393.9s] epoch 16 step 30500 avg_loss=5.550
[ 394.4s] epoch 16 step 30550 avg_loss=5.542
[ 395.0s] epoch 16 step 30600 avg_loss=5.631
[ 395.6s] epoch 16 step 30650 avg_loss=5.619
[ 396.4s] epoch 16 step 30700 avg_loss=5.685
[ 397.1s] epoch 16 step 30750 avg_loss=5.663
[ 397.9s] epoch 16 step 30800 avg_loss=5.739
[ 398.6s] epoch 16 step 30850 avg_loss=5.721
[ 399.3s] epoch 16 step 30900 avg_loss=5.743
[ 400.1s] epoch 16 step 30950 avg_loss=5.782
[ 400.8s] epoch 16 step 31000 avg_loss=5.855
[ 401.3s] === epoch 16 done: avg_loss=5.877 (n=1826 derivations) ===
[ 401.4s] epoch 17 step 31050 avg_loss=11.106
[ 402.0s] epoch 17 step 31100 avg_loss=8.047
[ 402.6s] epoch 17 step 31150 avg_loss=7.565
[ 403.1s] epoch 17 step 31200 avg_loss=7.493
[ 403.6s] epoch 17 step 31250 avg_loss=7.139
[ 404.2s] epoch 17 step 31300 avg_loss=7.201
[ 404.6s] epoch 17 step 31350 avg_loss=6.797
[ 405.2s] epoch 17 step 31400 avg_loss=6.766
[ 405.7s] epoch 17 step 31450 avg_loss=6.599
[ 406.8s] eval step=1000 train_avg_loss=6.275 dev_rank1_f1=0.4183 dev_edge_p=0.4475 dev_edge_r=0.3927
[ 406.9s] epoch 17 step 31500 avg_loss=6.146
[ 407.6s] epoch 17 step 31550 avg_loss=6.191
[ 408.4s] epoch 17 step 31600 avg_loss=6.074
[ 409.1s] epoch 17 step 31650 avg_loss=5.879
[ 409.9s] epoch 17 step 31700 avg_loss=5.815
[ 410.5s] epoch 17 step 31750 avg_loss=5.639
[ 411.2s] epoch 17 step 31800 avg_loss=5.606
[ 411.8s] epoch 17 step 31850 avg_loss=5.421
[ 412.7s] epoch 17 step 31900 avg_loss=5.524
[ 413.5s] epoch 17 step 31950 avg_loss=5.565
[ 414.5s] epoch 17 step 32000 avg_loss=5.854
[ 415.3s] epoch 17 step 32050 avg_loss=5.869
[ 415.9s] epoch 17 step 32100 avg_loss=5.757
[ 416.6s] epoch 17 step 32150 avg_loss=5.825
[ 417.2s] epoch 17 step 32200 avg_loss=5.771
[ 417.7s] epoch 17 step 32250 avg_loss=5.569
[ 418.4s] epoch 17 step 32300 avg_loss=5.591
[ 419.1s] epoch 17 step 32350 avg_loss=5.537
[ 419.8s] epoch 17 step 32400 avg_loss=5.438
[ 420.6s] epoch 17 step 32450 avg_loss=5.474
[ 421.4s] epoch 17 step 32500 avg_loss=5.517
[ 422.0s] epoch 17 step 32550 avg_loss=5.460
[ 422.7s] epoch 17 step 32600 avg_loss=5.440
[ 423.5s] epoch 17 step 32650 avg_loss=5.477
[ 424.2s] epoch 17 step 32700 avg_loss=5.483
[ 424.9s] epoch 17 step 32750 avg_loss=5.466
[ 425.5s] epoch 17 step 32800 avg_loss=5.452
[ 426.2s] epoch 17 step 32850 avg_loss=5.468
[ 426.4s] === epoch 17 done: avg_loss=5.504 (n=1826 derivations) ===
[ 426.9s] epoch 18 step 32900 avg_loss=8.605
[ 427.5s] epoch 18 step 32950 avg_loss=5.067
[ 428.3s] epoch 18 step 33000 avg_loss=4.782
[ 429.0s] epoch 18 step 33050 avg_loss=4.749
[ 429.7s] epoch 18 step 33100 avg_loss=4.617
[ 430.3s] epoch 18 step 33150 avg_loss=4.440
[ 430.8s] epoch 18 step 33200 avg_loss=4.629
[ 431.5s] epoch 18 step 33250 avg_loss=4.540
[ 432.2s] epoch 18 step 33300 avg_loss=4.740
[ 432.9s] epoch 18 step 33350 avg_loss=5.035
[ 433.4s] epoch 18 step 33400 avg_loss=4.916
[ 433.9s] epoch 18 step 33450 avg_loss=4.864
[ 434.4s] epoch 18 step 33500 avg_loss=4.974
[ 435.0s] epoch 18 step 33550 avg_loss=4.968
[ 435.5s] epoch 18 step 33600 avg_loss=5.105
[ 436.0s] epoch 18 step 33650 avg_loss=5.104
[ 436.5s] epoch 18 step 33700 avg_loss=5.191
[ 437.0s] epoch 18 step 33750 avg_loss=5.135
[ 437.6s] epoch 18 step 33800 avg_loss=5.186
[ 438.2s] epoch 18 step 33850 avg_loss=5.209
[ 438.7s] epoch 18 step 33900 avg_loss=5.056
[ 439.2s] epoch 18 step 33950 avg_loss=4.953
[ 439.6s] epoch 18 step 34000 avg_loss=4.915
[ 440.2s] epoch 18 step 34050 avg_loss=4.884
[ 440.8s] epoch 18 step 34100 avg_loss=4.964
[ 441.5s] epoch 18 step 34150 avg_loss=5.000
[ 442.2s] epoch 18 step 34200 avg_loss=5.026
[ 442.9s] epoch 18 step 34250 avg_loss=5.062
[ 443.5s] epoch 18 step 34300 avg_loss=5.030
[ 444.3s] epoch 18 step 34350 avg_loss=5.125
[ 445.0s] epoch 18 step 34400 avg_loss=5.051
[ 445.7s] epoch 18 step 34450 avg_loss=5.049
[ 446.5s] epoch 18 step 34500 avg_loss=5.097
[ 447.2s] epoch 18 step 34550 avg_loss=5.063
[ 447.9s] epoch 18 step 34600 avg_loss=5.028
[ 448.5s] epoch 18 step 34650 avg_loss=5.055
[ 449.0s] === epoch 18 done: avg_loss=5.137 (n=1826 derivations) ===
[ 449.0s] epoch 19 step 34700 avg_loss=0.296
[ 449.5s] epoch 19 step 34750 avg_loss=3.706
[ 450.1s] epoch 19 step 34800 avg_loss=5.279
[ 450.6s] epoch 19 step 34850 avg_loss=5.726
[ 451.2s] epoch 19 step 34900 avg_loss=5.332
[ 451.7s] epoch 19 step 34950 avg_loss=4.777
[ 452.5s] epoch 19 step 35000 avg_loss=4.828
[ 453.1s] epoch 19 step 35050 avg_loss=4.749
[ 453.8s] epoch 19 step 35100 avg_loss=4.552
[ 454.4s] epoch 19 step 35150 avg_loss=4.765
[ 455.0s] epoch 19 step 35200 avg_loss=4.812
[ 455.6s] epoch 19 step 35250 avg_loss=4.993
[ 456.2s] epoch 19 step 35300 avg_loss=4.980
[ 456.9s] epoch 19 step 35350 avg_loss=4.975
[ 457.5s] epoch 19 step 35400 avg_loss=4.909
[ 458.1s] epoch 19 step 35450 avg_loss=4.976
[ 458.8s] epoch 19 step 35500 avg_loss=5.139
[ 459.4s] epoch 19 step 35550 avg_loss=5.202
[ 459.9s] epoch 19 step 35600 avg_loss=5.259
[ 460.4s] epoch 19 step 35650 avg_loss=5.166
[ 461.0s] epoch 19 step 35700 avg_loss=5.145
[ 461.6s] epoch 19 step 35750 avg_loss=5.200
[ 462.0s] epoch 19 step 35800 avg_loss=5.093
[ 462.5s] epoch 19 step 35850 avg_loss=5.038
[ 463.0s] epoch 19 step 35900 avg_loss=5.018
[ 463.7s] epoch 19 step 35950 avg_loss=4.951
[ 464.2s] epoch 19 step 36000 avg_loss=4.960
[ 464.7s] epoch 19 step 36050 avg_loss=4.884
[ 465.3s] epoch 19 step 36100 avg_loss=4.885
[ 465.8s] epoch 19 step 36150 avg_loss=4.860
[ 466.2s] epoch 19 step 36200 avg_loss=4.849
[ 466.8s] epoch 19 step 36250 avg_loss=4.820
[ 467.3s] epoch 19 step 36300 avg_loss=4.811
[ 468.0s] epoch 19 step 36350 avg_loss=4.832
[ 468.5s] epoch 19 step 36400 avg_loss=4.778
[ 469.1s] epoch 19 step 36450 avg_loss=4.829
[ 469.9s] epoch 19 step 36500 avg_loss=4.785
[ 470.2s] === epoch 19 done: avg_loss=4.788 (n=1826 derivations) ===
[ 470.5s] epoch 20 step 36550 avg_loss=4.318
[ 471.2s] epoch 20 step 36600 avg_loss=4.185
[ 471.8s] epoch 20 step 36650 avg_loss=3.777
[ 472.4s] epoch 20 step 36700 avg_loss=3.711
[ 473.1s] epoch 20 step 36750 avg_loss=3.825
[ 473.7s] epoch 20 step 36800 avg_loss=4.140
[ 474.3s] epoch 20 step 36850 avg_loss=3.976
[ 474.9s] epoch 20 step 36900 avg_loss=4.184
[ 475.4s] epoch 20 step 36950 avg_loss=4.021
[ 475.9s] epoch 20 step 37000 avg_loss=4.135
[ 476.4s] epoch 20 step 37050 avg_loss=4.208
[ 477.0s] epoch 20 step 37100 avg_loss=4.388
[ 477.6s] epoch 20 step 37150 avg_loss=4.396
[ 478.2s] epoch 20 step 37200 avg_loss=4.497
[ 478.7s] epoch 20 step 37250 avg_loss=4.473
[ 479.0s] epoch 20 step 37300 avg_loss=4.390
[ 479.6s] epoch 20 step 37350 avg_loss=4.518
[ 480.2s] epoch 20 step 37400 avg_loss=4.593
[ 480.7s] epoch 20 step 37450 avg_loss=4.618
[ 481.2s] epoch 20 step 37500 avg_loss=4.557
[ 481.6s] epoch 20 step 37550 avg_loss=4.502
[ 482.1s] epoch 20 step 37600 avg_loss=4.527
[ 482.7s] epoch 20 step 37650 avg_loss=4.481
[ 483.3s] epoch 20 step 37700 avg_loss=4.526
[ 483.7s] epoch 20 step 37750 avg_loss=4.405
[ 484.2s] epoch 20 step 37800 avg_loss=4.408
[ 485.0s] epoch 20 step 37850 avg_loss=4.484
[ 485.7s] epoch 20 step 37900 avg_loss=4.568
[ 486.3s] epoch 20 step 37950 avg_loss=4.506
[ 486.8s] epoch 20 step 38000 avg_loss=4.436
[ 487.4s] epoch 20 step 38050 avg_loss=4.440
[ 488.1s] epoch 20 step 38100 avg_loss=4.492
[ 488.8s] epoch 20 step 38150 avg_loss=4.449
[ 489.6s] epoch 20 step 38200 avg_loss=4.478
[ 490.2s] epoch 20 step 38250 avg_loss=4.470
[ 490.7s] epoch 20 step 38300 avg_loss=4.437
[ 491.2s] === epoch 20 done: avg_loss=4.457 (n=1826 derivations) ===
[ 491.2s] epoch 21 step 38350 avg_loss=0.232
[ 491.8s] epoch 21 step 38400 avg_loss=3.338
[ 492.5s] epoch 21 step 38450 avg_loss=3.934
[ 493.1s] epoch 21 step 38500 avg_loss=3.940
[ 493.8s] epoch 21 step 38550 avg_loss=3.971
[ 494.5s] epoch 21 step 38600 avg_loss=4.185
[ 495.1s] epoch 21 step 38650 avg_loss=4.469
[ 495.7s] epoch 21 step 38700 avg_loss=4.213
[ 496.3s] epoch 21 step 38750 avg_loss=4.058
[ 496.9s] epoch 21 step 38800 avg_loss=4.036
[ 497.5s] epoch 21 step 38850 avg_loss=4.175
[ 498.1s] epoch 21 step 38900 avg_loss=4.261
[ 498.6s] epoch 21 step 38950 avg_loss=4.110
[ 499.2s] epoch 21 step 39000 avg_loss=3.998
[ 499.8s] epoch 21 step 39050 avg_loss=4.172
[ 500.3s] epoch 21 step 39100 avg_loss=4.174
[ 500.8s] epoch 21 step 39150 avg_loss=4.222
[ 501.4s] epoch 21 step 39200 avg_loss=4.208
[ 501.8s] epoch 21 step 39250 avg_loss=4.170
[ 502.4s] epoch 21 step 39300 avg_loss=4.180
[ 502.9s] epoch 21 step 39350 avg_loss=4.113
[ 504.0s] eval step=1250 train_avg_loss=4.145 dev_rank1_f1=0.4049 dev_edge_p=0.4208 dev_edge_r=0.3902
[ 504.3s] epoch 21 step 39400 avg_loss=4.177
[ 505.0s] epoch 21 step 39450 avg_loss=4.197
[ 505.6s] epoch 21 step 39500 avg_loss=4.092
[ 506.3s] epoch 21 step 39550 avg_loss=4.119
[ 506.9s] epoch 21 step 39600 avg_loss=4.098
[ 507.6s] epoch 21 step 39650 avg_loss=4.152
[ 508.3s] epoch 21 step 39700 avg_loss=4.138
[ 508.8s] epoch 21 step 39750 avg_loss=4.097
[ 509.6s] epoch 21 step 39800 avg_loss=4.131
[ 510.2s] epoch 21 step 39850 avg_loss=4.128
[ 511.0s] epoch 21 step 39900 avg_loss=4.205
[ 511.5s] epoch 21 step 39950 avg_loss=4.152
[ 512.3s] epoch 21 step 40000 avg_loss=4.164
[ 513.0s] epoch 21 step 40050 avg_loss=4.130
[ 513.8s] epoch 21 step 40100 avg_loss=4.131
[ 514.5s] epoch 21 step 40150 avg_loss=4.116
[ 514.9s] === epoch 21 done: avg_loss=4.138 (n=1826 derivations) ===
[ 515.3s] epoch 22 step 40200 avg_loss=3.409
[ 516.2s] epoch 22 step 40250 avg_loss=3.099
[ 516.8s] epoch 22 step 40300 avg_loss=3.172
[ 517.7s] epoch 22 step 40350 avg_loss=3.570
[ 518.4s] epoch 22 step 40400 avg_loss=3.897
[ 519.3s] epoch 22 step 40450 avg_loss=4.027
[ 520.2s] epoch 22 step 40500 avg_loss=4.002
[ 520.9s] epoch 22 step 40550 avg_loss=4.249
[ 521.4s] epoch 22 step 40600 avg_loss=4.212
[ 521.8s] epoch 22 step 40650 avg_loss=4.055
[ 522.5s] epoch 22 step 40700 avg_loss=4.154
[ 523.0s] epoch 22 step 40750 avg_loss=4.154
[ 523.5s] epoch 22 step 40800 avg_loss=4.094
[ 523.9s] epoch 22 step 40850 avg_loss=4.002
[ 524.5s] epoch 22 step 40900 avg_loss=4.134
[ 525.2s] epoch 22 step 40950 avg_loss=4.115
[ 525.7s] epoch 22 step 41000 avg_loss=4.041
[ 526.3s] epoch 22 step 41050 avg_loss=4.001
[ 526.9s] epoch 22 step 41100 avg_loss=3.991
[ 527.5s] epoch 22 step 41150 avg_loss=3.888
[ 528.2s] epoch 22 step 41200 avg_loss=3.920
[ 528.8s] epoch 22 step 41250 avg_loss=3.850
[ 529.6s] epoch 22 step 41300 avg_loss=3.852
[ 530.3s] epoch 22 step 41350 avg_loss=3.814
[ 530.9s] epoch 22 step 41400 avg_loss=3.835
[ 531.4s] epoch 22 step 41450 avg_loss=3.788
[ 531.9s] epoch 22 step 41500 avg_loss=3.819
[ 532.5s] epoch 22 step 41550 avg_loss=3.813
[ 533.2s] epoch 22 step 41600 avg_loss=3.851
[ 534.0s] epoch 22 step 41650 avg_loss=3.897
[ 534.6s] epoch 22 step 41700 avg_loss=3.925
[ 535.2s] epoch 22 step 41750 avg_loss=3.937
[ 535.8s] epoch 22 step 41800 avg_loss=3.902
[ 536.4s] epoch 22 step 41850 avg_loss=3.897
[ 537.0s] epoch 22 step 41900 avg_loss=3.877
[ 537.6s] epoch 22 step 41950 avg_loss=3.848
[ 538.2s] === epoch 22 done: avg_loss=3.833 (n=1826 derivations) ===
[ 538.2s] epoch 23 step 42000 avg_loss=5.164
[ 538.8s] epoch 23 step 42050 avg_loss=2.422
[ 539.4s] epoch 23 step 42100 avg_loss=2.435
[ 539.9s] epoch 23 step 42150 avg_loss=2.737
[ 540.4s] epoch 23 step 42200 avg_loss=2.701
[ 540.9s] epoch 23 step 42250 avg_loss=2.649
[ 541.3s] epoch 23 step 42300 avg_loss=2.437
[ 542.0s] epoch 23 step 42350 avg_loss=2.785
[ 542.5s] epoch 23 step 42400 avg_loss=2.945
[ 542.9s] epoch 23 step 42450 avg_loss=3.124
[ 543.5s] epoch 23 step 42500 avg_loss=3.262
[ 544.0s] epoch 23 step 42550 avg_loss=3.215
[ 544.4s] epoch 23 step 42600 avg_loss=3.213
[ 545.0s] epoch 23 step 42650 avg_loss=3.460
[ 545.5s] epoch 23 step 42700 avg_loss=3.434
[ 546.1s] epoch 23 step 42750 avg_loss=3.496
[ 546.6s] epoch 23 step 42800 avg_loss=3.627
[ 547.2s] epoch 23 step 42850 avg_loss=3.565
[ 547.7s] epoch 23 step 42900 avg_loss=3.522
[ 548.2s] epoch 23 step 42950 avg_loss=3.458
[ 548.6s] epoch 23 step 43000 avg_loss=3.396
[ 549.2s] epoch 23 step 43050 avg_loss=3.447
[ 549.9s] epoch 23 step 43100 avg_loss=3.466
[ 550.6s] epoch 23 step 43150 avg_loss=3.483
[ 551.3s] epoch 23 step 43200 avg_loss=3.566
[ 552.1s] epoch 23 step 43250 avg_loss=3.601
[ 552.8s] epoch 23 step 43300 avg_loss=3.575
[ 553.4s] epoch 23 step 43350 avg_loss=3.526
[ 554.0s] epoch 23 step 43400 avg_loss=3.518
[ 554.5s] epoch 23 step 43450 avg_loss=3.471
[ 555.0s] epoch 23 step 43500 avg_loss=3.467
[ 555.5s] epoch 23 step 43550 avg_loss=3.474
[ 556.0s] epoch 23 step 43600 avg_loss=3.444
[ 556.8s] epoch 23 step 43650 avg_loss=3.530
[ 557.4s] epoch 23 step 43700 avg_loss=3.489
[ 558.0s] epoch 23 step 43750 avg_loss=3.473
[ 558.6s] epoch 23 step 43800 avg_loss=3.584
[ 558.9s] === epoch 23 done: avg_loss=3.579 (n=1826 derivations) ===
[ 559.2s] epoch 24 step 43850 avg_loss=2.651
[ 559.7s] epoch 24 step 43900 avg_loss=3.348
[ 560.1s] epoch 24 step 43950 avg_loss=3.458
[ 560.6s] epoch 24 step 44000 avg_loss=3.482
[ 561.0s] epoch 24 step 44050 avg_loss=2.933
[ 561.5s] epoch 24 step 44100 avg_loss=2.932
[ 562.1s] epoch 24 step 44150 avg_loss=3.042
[ 562.7s] epoch 24 step 44200 avg_loss=2.953
[ 563.3s] epoch 24 step 44250 avg_loss=2.822
[ 564.0s] epoch 24 step 44300 avg_loss=2.863
[ 564.7s] epoch 24 step 44350 avg_loss=3.018
[ 565.3s] epoch 24 step 44400 avg_loss=3.081
[ 565.7s] epoch 24 step 44450 avg_loss=2.916
[ 566.4s] epoch 24 step 44500 avg_loss=2.908
[ 567.0s] epoch 24 step 44550 avg_loss=2.898
[ 567.6s] epoch 24 step 44600 avg_loss=2.940
[ 568.2s] epoch 24 step 44650 avg_loss=2.910
[ 568.9s] epoch 24 step 44700 avg_loss=2.873
[ 569.6s] epoch 24 step 44750 avg_loss=2.857
[ 570.4s] epoch 24 step 44800 avg_loss=2.852
[ 571.0s] epoch 24 step 44850 avg_loss=2.891
[ 571.6s] epoch 24 step 44900 avg_loss=3.000
[ 572.4s] epoch 24 step 44950 avg_loss=3.117
[ 572.9s] epoch 24 step 45000 avg_loss=3.114
[ 573.5s] epoch 24 step 45050 avg_loss=3.106
[ 573.9s] epoch 24 step 45100 avg_loss=3.146
[ 574.3s] epoch 24 step 45150 avg_loss=3.099
[ 574.8s] epoch 24 step 45200 avg_loss=3.118
[ 575.3s] epoch 24 step 45250 avg_loss=3.142
[ 575.9s] epoch 24 step 45300 avg_loss=3.267
[ 576.7s] epoch 24 step 45350 avg_loss=3.337
[ 577.3s] epoch 24 step 45400 avg_loss=3.327
[ 577.7s] epoch 24 step 45450 avg_loss=3.265
[ 578.2s] epoch 24 step 45500 avg_loss=3.321
[ 578.7s] epoch 24 step 45550 avg_loss=3.326
[ 579.5s] epoch 24 step 45600 avg_loss=3.328
[ 580.1s] epoch 24 step 45650 avg_loss=3.312
[ 580.1s] === epoch 24 done: avg_loss=3.312 (n=1826 derivations) ===
[ 580.6s] epoch 25 step 45700 avg_loss=1.945
[ 581.3s] epoch 25 step 45750 avg_loss=3.340
[ 582.0s] epoch 25 step 45800 avg_loss=3.132
[ 582.7s] epoch 25 step 45850 avg_loss=2.783
[ 583.3s] epoch 25 step 45900 avg_loss=2.628
[ 583.9s] epoch 25 step 45950 avg_loss=2.402
[ 584.7s] epoch 25 step 46000 avg_loss=2.604
[ 585.3s] epoch 25 step 46050 avg_loss=2.765
[ 585.8s] epoch 25 step 46100 avg_loss=2.670
[ 586.3s] epoch 25 step 46150 avg_loss=2.579
[ 586.9s] epoch 25 step 46200 avg_loss=2.524
[ 587.3s] epoch 25 step 46250 avg_loss=2.566
[ 587.9s] epoch 25 step 46300 avg_loss=2.799
[ 588.4s] epoch 25 step 46350 avg_loss=2.968
[ 588.9s] epoch 25 step 46400 avg_loss=2.899
[ 589.4s] epoch 25 step 46450 avg_loss=2.865
[ 589.9s] epoch 25 step 46500 avg_loss=2.856
[ 590.4s] epoch 25 step 46550 avg_loss=2.860
[ 590.9s] epoch 25 step 46600 avg_loss=2.834
[ 591.4s] epoch 25 step 46650 avg_loss=2.820
[ 592.0s] epoch 25 step 46700 avg_loss=2.945
[ 592.5s] epoch 25 step 46750 avg_loss=2.952
[ 593.0s] epoch 25 step 46800 avg_loss=2.995
[ 593.6s] epoch 25 step 46850 avg_loss=3.036
[ 594.1s] epoch 25 step 46900 avg_loss=3.075
[ 594.6s] epoch 25 step 46950 avg_loss=3.029
[ 595.1s] epoch 25 step 47000 avg_loss=3.010
[ 595.5s] epoch 25 step 47050 avg_loss=2.956
[ 596.2s] epoch 25 step 47100 avg_loss=3.036
[ 596.7s] epoch 25 step 47150 avg_loss=2.992
[ 597.2s] epoch 25 step 47200 avg_loss=3.047
[ 598.4s] eval step=1500 train_avg_loss=3.019 dev_rank1_f1=0.4037 dev_edge_p=0.4073 dev_edge_r=0.4002
[ 598.4s] epoch 25 step 47250 avg_loss=3.019
[ 598.9s] epoch 25 step 47300 avg_loss=3.023
[ 599.4s] epoch 25 step 47350 avg_loss=3.016
[ 600.0s] epoch 25 step 47400 avg_loss=3.019
[ 600.4s] epoch 25 step 47450 avg_loss=3.028
[ 600.8s] === epoch 25 done: avg_loss=3.067 (n=1826 derivations) ===
[ 601.0s] epoch 26 step 47500 avg_loss=3.597
[ 601.4s] epoch 26 step 47550 avg_loss=2.880
[ 601.9s] epoch 26 step 47600 avg_loss=2.874
[ 602.4s] epoch 26 step 47650 avg_loss=3.305
[ 602.9s] epoch 26 step 47700 avg_loss=3.132
[ 603.4s] epoch 26 step 47750 avg_loss=3.097
[ 603.9s] epoch 26 step 47800 avg_loss=2.958
[ 604.5s] epoch 26 step 47850 avg_loss=3.146
[ 605.0s] epoch 26 step 47900 avg_loss=3.255
[ 605.4s] epoch 26 step 47950 avg_loss=3.147
[ 605.9s] epoch 26 step 48000 avg_loss=3.003
[ 606.5s] epoch 26 step 48050 avg_loss=3.033
[ 607.0s] epoch 26 step 48100 avg_loss=2.880
[ 607.4s] epoch 26 step 48150 avg_loss=2.925
[ 608.1s] epoch 26 step 48200 avg_loss=2.953
[ 609.0s] epoch 26 step 48250 avg_loss=2.934
[ 609.6s] epoch 26 step 48300 avg_loss=2.945
[ 610.2s] epoch 26 step 48350 avg_loss=2.855
[ 610.9s] epoch 26 step 48400 avg_loss=2.851
[ 611.5s] epoch 26 step 48450 avg_loss=2.880
[ 612.0s] epoch 26 step 48500 avg_loss=2.823
[ 612.7s] epoch 26 step 48550 avg_loss=2.797
[ 613.4s] epoch 26 step 48600 avg_loss=2.870
[ 614.1s] epoch 26 step 48650 avg_loss=2.832
[ 614.6s] epoch 26 step 48700 avg_loss=2.819
[ 615.2s] epoch 26 step 48750 avg_loss=2.783
[ 616.0s] epoch 26 step 48800 avg_loss=2.835
[ 616.6s] epoch 26 step 48850 avg_loss=2.793
[ 617.1s] epoch 26 step 48900 avg_loss=2.794
[ 617.6s] epoch 26 step 48950 avg_loss=2.761
[ 618.2s] epoch 26 step 49000 avg_loss=2.788
[ 618.8s] epoch 26 step 49050 avg_loss=2.764
[ 619.5s] epoch 26 step 49100 avg_loss=2.782
[ 620.1s] epoch 26 step 49150 avg_loss=2.770
[ 620.9s] epoch 26 step 49200 avg_loss=2.829
[ 621.6s] epoch 26 step 49250 avg_loss=2.884
[ 622.4s] epoch 26 step 49300 avg_loss=2.889
[ 622.4s] === epoch 26 done: avg_loss=2.886 (n=1826 derivations) ===
[ 623.1s] epoch 27 step 49350 avg_loss=3.021
[ 623.8s] epoch 27 step 49400 avg_loss=2.380
[ 624.5s] epoch 27 step 49450 avg_loss=2.360
[ 625.2s] epoch 27 step 49500 avg_loss=2.589
[ 625.9s] epoch 27 step 49550 avg_loss=2.825
[ 626.7s] epoch 27 step 49600 avg_loss=3.216
[ 627.2s] epoch 27 step 49650 avg_loss=2.935
[ 627.6s] epoch 27 step 49700 avg_loss=2.882
[ 628.2s] epoch 27 step 49750 avg_loss=2.795
[ 628.8s] epoch 27 step 49800 avg_loss=2.939
[ 629.4s] epoch 27 step 49850 avg_loss=2.931
[ 630.0s] epoch 27 step 49900 avg_loss=3.080
[ 630.7s] epoch 27 step 49950 avg_loss=3.020
[ 631.2s] epoch 27 step 50000 avg_loss=2.918
[ 632.0s] epoch 27 step 50050 avg_loss=2.953
[ 632.6s] epoch 27 step 50100 avg_loss=2.921
[ 633.3s] epoch 27 step 50150 avg_loss=2.901
[ 633.8s] epoch 27 step 50200 avg_loss=2.838
[ 634.3s] epoch 27 step 50250 avg_loss=2.805
[ 634.8s] epoch 27 step 50300 avg_loss=2.843
[ 635.3s] epoch 27 step 50350 avg_loss=2.843
[ 635.8s] epoch 27 step 50400 avg_loss=2.830
[ 636.3s] epoch 27 step 50450 avg_loss=2.810
[ 636.8s] epoch 27 step 50500 avg_loss=2.790
[ 637.4s] epoch 27 step 50550 avg_loss=2.763
[ 637.8s] epoch 27 step 50600 avg_loss=2.731
[ 638.3s] epoch 27 step 50650 avg_loss=2.717
[ 638.8s] epoch 27 step 50700 avg_loss=2.721
[ 639.4s] epoch 27 step 50750 avg_loss=2.764
[ 639.9s] epoch 27 step 50800 avg_loss=2.747
[ 640.5s] epoch 27 step 50850 avg_loss=2.790
[ 641.0s] epoch 27 step 50900 avg_loss=2.758
[ 641.5s] epoch 27 step 50950 avg_loss=2.727
[ 642.0s] epoch 27 step 51000 avg_loss=2.707
[ 642.5s] epoch 27 step 51050 avg_loss=2.735
[ 642.9s] epoch 27 step 51100 avg_loss=2.698
[ 643.2s] === epoch 27 done: avg_loss=2.688 (n=1826 derivations) ===
[ 643.5s] epoch 28 step 51150 avg_loss=2.944
[ 644.0s] epoch 28 step 51200 avg_loss=3.722
[ 644.5s] epoch 28 step 51250 avg_loss=3.110
[ 644.9s] epoch 28 step 51300 avg_loss=2.657
[ 645.5s] epoch 28 step 51350 avg_loss=2.538
[ 646.0s] epoch 28 step 51400 avg_loss=2.381
[ 646.5s] epoch 28 step 51450 avg_loss=2.435
[ 647.0s] epoch 28 step 51500 avg_loss=2.433
[ 647.5s] epoch 28 step 51550 avg_loss=2.281
[ 648.1s] epoch 28 step 51600 avg_loss=2.199
[ 648.7s] epoch 28 step 51650 avg_loss=2.465
[ 649.3s] epoch 28 step 51700 avg_loss=2.499
[ 649.8s] epoch 28 step 51750 avg_loss=2.471
[ 650.5s] epoch 28 step 51800 avg_loss=2.545
[ 651.2s] epoch 28 step 51850 avg_loss=2.462
[ 652.0s] epoch 28 step 51900 avg_loss=2.587
[ 652.6s] epoch 28 step 51950 avg_loss=2.498
[ 653.3s] epoch 28 step 52000 avg_loss=2.499
[ 653.9s] epoch 28 step 52050 avg_loss=2.489
[ 654.6s] epoch 28 step 52100 avg_loss=2.490
[ 655.0s] epoch 28 step 52150 avg_loss=2.456
[ 655.8s] epoch 28 step 52200 avg_loss=2.499
[ 656.4s] epoch 28 step 52250 avg_loss=2.470
[ 657.0s] epoch 28 step 52300 avg_loss=2.541
[ 657.8s] epoch 28 step 52350 avg_loss=2.551
[ 658.5s] epoch 28 step 52400 avg_loss=2.531
[ 659.2s] epoch 28 step 52450 avg_loss=2.572
[ 659.9s] epoch 28 step 52500 avg_loss=2.595
[ 660.6s] epoch 28 step 52550 avg_loss=2.629
[ 661.2s] epoch 28 step 52600 avg_loss=2.597
[ 662.0s] epoch 28 step 52650 avg_loss=2.610
[ 662.7s] epoch 28 step 52700 avg_loss=2.593
[ 663.4s] epoch 28 step 52750 avg_loss=2.569
[ 664.1s] epoch 28 step 52800 avg_loss=2.585
[ 664.8s] epoch 28 step 52850 avg_loss=2.563
[ 665.5s] epoch 28 step 52900 avg_loss=2.541
[ 666.2s] epoch 28 step 52950 avg_loss=2.527
[ 666.2s] === epoch 28 done: avg_loss=2.522 (n=1826 derivations) ===
[ 666.9s] epoch 29 step 53000 avg_loss=1.960
[ 667.6s] epoch 29 step 53050 avg_loss=1.996
[ 668.4s] epoch 29 step 53100 avg_loss=1.901
[ 669.1s] epoch 29 step 53150 avg_loss=2.633
[ 669.7s] epoch 29 step 53200 avg_loss=2.679
[ 670.4s] epoch 29 step 53250 avg_loss=2.606
[ 671.1s] epoch 29 step 53300 avg_loss=2.758
[ 671.7s] epoch 29 step 53350 avg_loss=2.617
[ 672.2s] epoch 29 step 53400 avg_loss=2.569
[ 672.7s] epoch 29 step 53450 avg_loss=2.453
[ 673.3s] epoch 29 step 53500 avg_loss=2.557
[ 673.9s] epoch 29 step 53550 avg_loss=2.499
[ 674.4s] epoch 29 step 53600 avg_loss=2.531
[ 675.0s] epoch 29 step 53650 avg_loss=2.603
[ 675.8s] epoch 29 step 53700 avg_loss=2.646
[ 676.6s] epoch 29 step 53750 avg_loss=2.706
[ 677.2s] epoch 29 step 53800 avg_loss=2.733
[ 677.8s] epoch 29 step 53850 avg_loss=2.735
[ 678.5s] epoch 29 step 53900 avg_loss=2.691
[ 679.0s] epoch 29 step 53950 avg_loss=2.678
[ 679.6s] epoch 29 step 54000 avg_loss=2.631
[ 680.1s] epoch 29 step 54050 avg_loss=2.574
[ 680.8s] epoch 29 step 54100 avg_loss=2.541
[ 681.6s] epoch 29 step 54150 avg_loss=2.570
[ 682.1s] epoch 29 step 54200 avg_loss=2.528
[ 682.7s] epoch 29 step 54250 avg_loss=2.482
[ 683.3s] epoch 29 step 54300 avg_loss=2.488
[ 684.0s] epoch 29 step 54350 avg_loss=2.463
[ 684.7s] epoch 29 step 54400 avg_loss=2.483
[ 685.5s] epoch 29 step 54450 avg_loss=2.510
[ 686.0s] epoch 29 step 54500 avg_loss=2.465
[ 686.7s] epoch 29 step 54550 avg_loss=2.478
[ 687.4s] epoch 29 step 54600 avg_loss=2.471
[ 688.1s] epoch 29 step 54650 avg_loss=2.465
[ 688.9s] epoch 29 step 54700 avg_loss=2.449
[ 689.4s] epoch 29 step 54750 avg_loss=2.413
[ 689.7s] === epoch 29 done: avg_loss=2.389 (n=1826 derivations) ===
[ 690.0s] epoch 30 step 54800 avg_loss=2.268
[ 690.7s] epoch 30 step 54850 avg_loss=2.880
[ 691.4s] epoch 30 step 54900 avg_loss=3.001
[ 692.2s] epoch 30 step 54950 avg_loss=2.923
[ 692.8s] epoch 30 step 55000 avg_loss=2.644
[ 693.4s] epoch 30 step 55050 avg_loss=2.471
[ 695.2s] eval step=1750 train_avg_loss=2.359 dev_rank1_f1=0.4093 dev_edge_p=0.4251 dev_edge_r=0.3947
[ 695.2s] epoch 30 step 55100 avg_loss=2.359
[ 695.7s] epoch 30 step 55150 avg_loss=2.171
[ 696.5s] epoch 30 step 55200 avg_loss=2.187
[ 697.2s] epoch 30 step 55250 avg_loss=2.178
[ 697.8s] epoch 30 step 55300 avg_loss=2.091
[ 698.4s] epoch 30 step 55350 avg_loss=2.166
[ 699.2s] epoch 30 step 55400 avg_loss=2.146
[ 699.9s] epoch 30 step 55450 avg_loss=2.118
[ 700.5s] epoch 30 step 55500 avg_loss=2.093
[ 701.2s] epoch 30 step 55550 avg_loss=2.092
[ 701.8s] epoch 30 step 55600 avg_loss=2.016
[ 702.5s] epoch 30 step 55650 avg_loss=2.015
[ 703.1s] epoch 30 step 55700 avg_loss=1.992
[ 703.7s] epoch 30 step 55750 avg_loss=1.962
[ 704.4s] epoch 30 step 55800 avg_loss=2.031
[ 704.9s] epoch 30 step 55850 avg_loss=1.963
[ 705.6s] epoch 30 step 55900 avg_loss=1.947
[ 706.2s] epoch 30 step 55950 avg_loss=2.000
[ 706.7s] epoch 30 step 56000 avg_loss=2.001
[ 707.3s] epoch 30 step 56050 avg_loss=2.086
[ 707.9s] epoch 30 step 56100 avg_loss=2.051
[ 708.6s] epoch 30 step 56150 avg_loss=2.049
[ 709.3s] epoch 30 step 56200 avg_loss=2.084
[ 710.0s] epoch 30 step 56250 avg_loss=2.103
[ 710.7s] epoch 30 step 56300 avg_loss=2.154
[ 711.4s] epoch 30 step 56350 avg_loss=2.225
[ 711.9s] epoch 30 step 56400 avg_loss=2.221
[ 712.4s] epoch 30 step 56450 avg_loss=2.224
[ 712.9s] epoch 30 step 56500 avg_loss=2.235
[ 713.5s] epoch 30 step 56550 avg_loss=2.239
[ 714.0s] epoch 30 step 56600 avg_loss=2.207
[ 714.1s] === epoch 30 done: avg_loss=2.202 (n=1826 derivations) ===
[ 714.6s] epoch 31 step 56650 avg_loss=2.829
[ 715.1s] epoch 31 step 56700 avg_loss=2.646
[ 715.7s] epoch 31 step 56750 avg_loss=2.978
[ 716.2s] epoch 31 step 56800 avg_loss=2.809
[ 716.8s] epoch 31 step 56850 avg_loss=2.780
[ 717.3s] epoch 31 step 56900 avg_loss=2.748
[ 717.9s] epoch 31 step 56950 avg_loss=2.600
[ 718.5s] epoch 31 step 57000 avg_loss=2.440
[ 719.0s] epoch 31 step 57050 avg_loss=2.311
[ 719.5s] epoch 31 step 57100 avg_loss=2.178
[ 720.2s] epoch 31 step 57150 avg_loss=2.238
[ 720.8s] epoch 31 step 57200 avg_loss=2.229
[ 721.3s] epoch 31 step 57250 avg_loss=2.187
[ 721.7s] epoch 31 step 57300 avg_loss=2.187
[ 722.3s] epoch 31 step 57350 avg_loss=2.157
[ 722.8s] epoch 31 step 57400 avg_loss=2.198
[ 723.4s] epoch 31 step 57450 avg_loss=2.273
[ 724.1s] epoch 31 step 57500 avg_loss=2.271
[ 724.6s] epoch 31 step 57550 avg_loss=2.214
[ 725.0s] epoch 31 step 57600 avg_loss=2.158
[ 725.5s] epoch 31 step 57650 avg_loss=2.148
[ 726.0s] epoch 31 step 57700 avg_loss=2.156
[ 726.5s] epoch 31 step 57750 avg_loss=2.132
[ 727.0s] epoch 31 step 57800 avg_loss=2.138
[ 727.6s] epoch 31 step 57850 avg_loss=2.101
[ 728.3s] epoch 31 step 57900 avg_loss=2.110
[ 729.0s] epoch 31 step 57950 avg_loss=2.132
[ 729.8s] epoch 31 step 58000 avg_loss=2.169
[ 730.4s] epoch 31 step 58050 avg_loss=2.128
[ 731.1s] epoch 31 step 58100 avg_loss=2.134
[ 731.8s] epoch 31 step 58150 avg_loss=2.125
[ 732.4s] epoch 31 step 58200 avg_loss=2.105
[ 733.0s] epoch 31 step 58250 avg_loss=2.109
[ 733.7s] epoch 31 step 58300 avg_loss=2.080
[ 734.3s] epoch 31 step 58350 avg_loss=2.099
[ 734.9s] epoch 31 step 58400 avg_loss=2.099
[ 735.4s] === epoch 31 done: avg_loss=2.102 (n=1826 derivations) ===
[ 735.7s] epoch 32 step 58450 avg_loss=2.667
[ 736.1s] epoch 32 step 58500 avg_loss=1.626
[ 736.5s] epoch 32 step 58550 avg_loss=1.443
[ 737.0s] epoch 32 step 58600 avg_loss=1.528
[ 737.5s] epoch 32 step 58650 avg_loss=1.640
[ 737.9s] epoch 32 step 58700 avg_loss=1.533
[ 738.4s] epoch 32 step 58750 avg_loss=1.600
[ 739.0s] epoch 32 step 58800 avg_loss=1.623
[ 739.5s] epoch 32 step 58850 avg_loss=1.538
[ 740.0s] epoch 32 step 58900 avg_loss=1.503
[ 740.6s] epoch 32 step 58950 avg_loss=1.527
[ 741.3s] epoch 32 step 59000 avg_loss=1.568
[ 742.0s] epoch 32 step 59050 avg_loss=1.629
[ 742.5s] epoch 32 step 59100 avg_loss=1.617
[ 743.2s] epoch 32 step 59150 avg_loss=1.718
[ 743.8s] epoch 32 step 59200 avg_loss=1.716
[ 744.4s] epoch 32 step 59250 avg_loss=1.681
[ 745.1s] epoch 32 step 59300 avg_loss=1.713
[ 745.8s] epoch 32 step 59350 avg_loss=1.715
[ 746.4s] epoch 32 step 59400 avg_loss=1.702
[ 747.0s] epoch 32 step 59450 avg_loss=1.697
[ 747.5s] epoch 32 step 59500 avg_loss=1.708
[ 748.2s] epoch 32 step 59550 avg_loss=1.711
[ 748.8s] epoch 32 step 59600 avg_loss=1.728
[ 749.2s] epoch 32 step 59650 avg_loss=1.716
[ 750.0s] epoch 32 step 59700 avg_loss=1.697
[ 750.7s] epoch 32 step 59750 avg_loss=1.683
[ 751.4s] epoch 32 step 59800 avg_loss=1.727
[ 752.2s] epoch 32 step 59850 avg_loss=1.758
[ 752.9s] epoch 32 step 59900 avg_loss=1.780
[ 753.7s] epoch 32 step 59950 avg_loss=1.811
[ 754.2s] epoch 32 step 60000 avg_loss=1.810
[ 754.9s] epoch 32 step 60050 avg_loss=1.837
[ 755.7s] epoch 32 step 60100 avg_loss=1.880
[ 756.2s] epoch 32 step 60150 avg_loss=1.855
[ 757.0s] epoch 32 step 60200 avg_loss=1.875
[ 757.7s] epoch 32 step 60250 avg_loss=1.895
[ 757.8s] === epoch 32 done: avg_loss=1.911 (n=1826 derivations) ===
[ 758.4s] epoch 33 step 60300 avg_loss=3.914
[ 759.0s] epoch 33 step 60350 avg_loss=2.425
[ 759.6s] epoch 33 step 60400 avg_loss=1.941
[ 760.2s] epoch 33 step 60450 avg_loss=1.651
[ 760.7s] epoch 33 step 60500 avg_loss=1.498
[ 761.4s] epoch 33 step 60550 avg_loss=1.409
[ 762.0s] epoch 33 step 60600 avg_loss=1.364
[ 762.8s] epoch 33 step 60650 avg_loss=1.406
[ 763.4s] epoch 33 step 60700 avg_loss=1.370
[ 764.1s] epoch 33 step 60750 avg_loss=1.478
[ 764.6s] epoch 33 step 60800 avg_loss=1.406
[ 765.2s] epoch 33 step 60850 avg_loss=1.454
[ 765.9s] epoch 33 step 60900 avg_loss=1.509
[ 766.4s] epoch 33 step 60950 avg_loss=1.487
[ 767.0s] epoch 33 step 61000 avg_loss=1.473
[ 767.7s] epoch 33 step 61050 avg_loss=1.583
[ 768.4s] epoch 33 step 61100 avg_loss=1.631
[ 769.1s] epoch 33 step 61150 avg_loss=1.699
[ 769.6s] epoch 33 step 61200 avg_loss=1.724
[ 770.1s] epoch 33 step 61250 avg_loss=1.733
[ 770.6s] epoch 33 step 61300 avg_loss=1.834
[ 771.2s] epoch 33 step 61350 avg_loss=1.875
[ 771.7s] epoch 33 step 61400 avg_loss=1.875
[ 772.1s] epoch 33 step 61450 avg_loss=1.820
[ 772.6s] epoch 33 step 61500 avg_loss=1.813
[ 773.1s] epoch 33 step 61550 avg_loss=1.785
[ 773.6s] epoch 33 step 61600 avg_loss=1.797
[ 774.1s] epoch 33 step 61650 avg_loss=1.804
[ 774.7s] epoch 33 step 61700 avg_loss=1.807
[ 775.2s] epoch 33 step 61750 avg_loss=1.797
[ 775.8s] epoch 33 step 61800 avg_loss=1.811
[ 776.3s] epoch 33 step 61850 avg_loss=1.858
[ 776.9s] epoch 33 step 61900 avg_loss=1.887
[ 777.4s] epoch 33 step 61950 avg_loss=1.887
[ 777.7s] epoch 33 step 62000 avg_loss=1.877
[ 778.2s] epoch 33 step 62050 avg_loss=1.862
[ 778.5s] === epoch 33 done: avg_loss=1.863 (n=1826 derivations) ===
[ 778.7s] epoch 34 step 62100 avg_loss=0.271
[ 779.2s] epoch 34 step 62150 avg_loss=1.864
[ 779.8s] epoch 34 step 62200 avg_loss=1.662
[ 780.4s] epoch 34 step 62250 avg_loss=2.053
[ 781.0s] epoch 34 step 62300 avg_loss=2.597
[ 781.5s] epoch 34 step 62350 avg_loss=2.397
[ 782.3s] epoch 34 step 62400 avg_loss=2.310
[ 782.8s] epoch 34 step 62450 avg_loss=2.086
[ 783.5s] epoch 34 step 62500 avg_loss=2.187
[ 784.2s] epoch 34 step 62550 avg_loss=2.120
[ 784.9s] epoch 34 step 62600 avg_loss=2.260
[ 785.6s] epoch 34 step 62650 avg_loss=2.276
[ 786.2s] epoch 34 step 62700 avg_loss=2.291
[ 786.8s] epoch 34 step 62750 avg_loss=2.256
[ 787.4s] epoch 34 step 62800 avg_loss=2.189
[ 788.0s] epoch 34 step 62850 avg_loss=2.153
[ 788.9s] epoch 34 step 62900 avg_loss=2.102
[ 789.6s] epoch 34 step 62950 avg_loss=2.092
[ 791.1s] eval step=2000 train_avg_loss=2.066 dev_rank1_f1=0.3925 dev_edge_p=0.4167 dev_edge_r=0.3709
[ 791.3s] epoch 34 step 63000 avg_loss=2.061
[ 791.9s] epoch 34 step 63050 avg_loss=1.993
[ 792.5s] epoch 34 step 63100 avg_loss=1.952
[ 793.3s] epoch 34 step 63150 avg_loss=1.948
[ 793.8s] epoch 34 step 63200 avg_loss=1.918
[ 794.4s] epoch 34 step 63250 avg_loss=1.869
[ 795.1s] epoch 34 step 63300 avg_loss=1.839
[ 795.9s] epoch 34 step 63350 avg_loss=1.837
[ 796.6s] epoch 34 step 63400 avg_loss=1.849
[ 797.1s] epoch 34 step 63450 avg_loss=1.808
[ 797.7s] epoch 34 step 63500 avg_loss=1.792
[ 798.3s] epoch 34 step 63550 avg_loss=1.816
[ 799.0s] epoch 34 step 63600 avg_loss=1.807
[ 799.7s] epoch 34 step 63650 avg_loss=1.820
[ 800.4s] epoch 34 step 63700 avg_loss=1.814
[ 801.0s] epoch 34 step 63750 avg_loss=1.789
[ 801.6s] epoch 34 step 63800 avg_loss=1.769
[ 802.2s] epoch 34 step 63850 avg_loss=1.770
[ 802.9s] epoch 34 step 63900 avg_loss=1.750
[ 803.0s] === epoch 34 done: avg_loss=1.744 (n=1826 derivations) ===
[ 803.6s] epoch 35 step 63950 avg_loss=3.277
[ 804.2s] epoch 35 step 64000 avg_loss=2.087
[ 805.0s] epoch 35 step 64050 avg_loss=2.261
[ 805.7s] epoch 35 step 64100 avg_loss=2.128
[ 806.3s] epoch 35 step 64150 avg_loss=1.919
[ 806.9s] epoch 35 step 64200 avg_loss=1.893
[ 807.6s] epoch 35 step 64250 avg_loss=1.725
[ 808.1s] epoch 35 step 64300 avg_loss=1.700
[ 808.7s] epoch 35 step 64350 avg_loss=1.592
[ 809.3s] epoch 35 step 64400 avg_loss=1.569
[ 810.1s] epoch 35 step 64450 avg_loss=1.559
[ 810.8s] epoch 35 step 64500 avg_loss=1.652
[ 811.5s] epoch 35 step 64550 avg_loss=1.742
[ 811.9s] epoch 35 step 64600 avg_loss=1.663
[ 812.6s] epoch 35 step 64650 avg_loss=1.669
[ 813.4s] epoch 35 step 64700 avg_loss=1.651
[ 814.0s] epoch 35 step 64750 avg_loss=1.634
[ 814.5s] epoch 35 step 64800 avg_loss=1.582
[ 815.2s] epoch 35 step 64850 avg_loss=1.575
[ 815.9s] epoch 35 step 64900 avg_loss=1.599
[ 816.8s] epoch 35 step 64950 avg_loss=1.622
[ 817.4s] epoch 35 step 65000 avg_loss=1.666
[ 818.2s] epoch 35 step 65050 avg_loss=1.672
[ 819.0s] epoch 35 step 65100 avg_loss=1.677
[ 819.5s] epoch 35 step 65150 avg_loss=1.651
[ 820.0s] epoch 35 step 65200 avg_loss=1.669
[ 820.6s] epoch 35 step 65250 avg_loss=1.661
[ 821.0s] epoch 35 step 65300 avg_loss=1.627
[ 821.5s] epoch 35 step 65350 avg_loss=1.637
[ 822.1s] epoch 35 step 65400 avg_loss=1.652
[ 822.7s] epoch 35 step 65450 avg_loss=1.704
[ 823.2s] epoch 35 step 65500 avg_loss=1.679
[ 823.9s] epoch 35 step 65550 avg_loss=1.681
[ 824.6s] epoch 35 step 65600 avg_loss=1.657
[ 825.0s] epoch 35 step 65650 avg_loss=1.672
[ 825.4s] epoch 35 step 65700 avg_loss=1.651
[ 825.9s] === epoch 35 done: avg_loss=1.646 (n=1826 derivations) ===
[ 826.0s] epoch 36 step 65750 avg_loss=1.349
[ 826.6s] epoch 36 step 65800 avg_loss=2.183
[ 827.1s] epoch 36 step 65850 avg_loss=1.852
[ 827.9s] epoch 36 step 65900 avg_loss=1.527
[ 828.5s] epoch 36 step 65950 avg_loss=1.444
[ 829.2s] epoch 36 step 66000 avg_loss=1.618
[ 829.8s] epoch 36 step 66050 avg_loss=1.646
[ 830.4s] epoch 36 step 66100 avg_loss=1.506
[ 830.9s] epoch 36 step 66150 avg_loss=1.443
[ 831.5s] epoch 36 step 66200 avg_loss=1.457
[ 832.0s] epoch 36 step 66250 avg_loss=1.461
[ 832.7s] epoch 36 step 66300 avg_loss=1.501
[ 833.4s] epoch 36 step 66350 avg_loss=1.517
[ 834.1s] epoch 36 step 66400 avg_loss=1.496
[ 834.8s] epoch 36 step 66450 avg_loss=1.427
[ 835.5s] epoch 36 step 66500 avg_loss=1.546
[ 836.1s] epoch 36 step 66550 avg_loss=1.523
[ 836.9s] epoch 36 step 66600 avg_loss=1.578
[ 837.5s] epoch 36 step 66650 avg_loss=1.540
[ 838.1s] epoch 36 step 66700 avg_loss=1.495
[ 838.7s] epoch 36 step 66750 avg_loss=1.490
[ 839.2s] epoch 36 step 66800 avg_loss=1.445
[ 839.8s] epoch 36 step 66850 avg_loss=1.445
[ 840.5s] epoch 36 step 66900 avg_loss=1.466
[ 841.2s] epoch 36 step 66950 avg_loss=1.468
[ 841.9s] epoch 36 step 67000 avg_loss=1.465
[ 842.4s] epoch 36 step 67050 avg_loss=1.453
[ 843.0s] epoch 36 step 67100 avg_loss=1.466
[ 843.7s] epoch 36 step 67150 avg_loss=1.484
[ 844.4s] epoch 36 step 67200 avg_loss=1.502
[ 845.0s] epoch 36 step 67250 avg_loss=1.475
[ 845.7s] epoch 36 step 67300 avg_loss=1.503
[ 846.3s] epoch 36 step 67350 avg_loss=1.481
[ 847.0s] epoch 36 step 67400 avg_loss=1.466
[ 847.7s] epoch 36 step 67450 avg_loss=1.491
[ 848.3s] epoch 36 step 67500 avg_loss=1.482
[ 849.0s] epoch 36 step 67550 avg_loss=1.506
[ 849.2s] === epoch 36 done: avg_loss=1.503 (n=1826 derivations) ===
[ 849.6s] epoch 37 step 67600 avg_loss=0.635
[ 850.1s] epoch 37 step 67650 avg_loss=1.247
[ 850.5s] epoch 37 step 67700 avg_loss=1.049
[ 851.1s] epoch 37 step 67750 avg_loss=1.061
[ 851.7s] epoch 37 step 67800 avg_loss=1.271
[ 852.2s] epoch 37 step 67850 avg_loss=1.333
[ 852.7s] epoch 37 step 67900 avg_loss=1.352
[ 853.2s] epoch 37 step 67950 avg_loss=1.359
[ 853.8s] epoch 37 step 68000 avg_loss=1.321
[ 854.3s] epoch 37 step 68050 avg_loss=1.331
[ 854.9s] epoch 37 step 68100 avg_loss=1.447
[ 855.4s] epoch 37 step 68150 avg_loss=1.461
[ 856.0s] epoch 37 step 68200 avg_loss=1.413
[ 856.5s] epoch 37 step 68250 avg_loss=1.426
[ 857.0s] epoch 37 step 68300 avg_loss=1.372
[ 857.6s] epoch 37 step 68350 avg_loss=1.413
[ 858.2s] epoch 37 step 68400 avg_loss=1.418
[ 858.7s] epoch 37 step 68450 avg_loss=1.460
[ 859.2s] epoch 37 step 68500 avg_loss=1.474
[ 859.7s] epoch 37 step 68550 avg_loss=1.521
[ 860.2s] epoch 37 step 68600 avg_loss=1.487
[ 860.6s] epoch 37 step 68650 avg_loss=1.443
[ 861.2s] epoch 37 step 68700 avg_loss=1.442
[ 861.7s] epoch 37 step 68750 avg_loss=1.414
[ 862.2s] epoch 37 step 68800 avg_loss=1.403
[ 862.9s] epoch 37 step 68850 avg_loss=1.436
[ 863.4s] epoch 37 step 68900 avg_loss=1.411
[ 864.0s] epoch 37 step 68950 avg_loss=1.401
[ 864.7s] epoch 37 step 69000 avg_loss=1.411
[ 865.2s] epoch 37 step 69050 avg_loss=1.409
[ 865.8s] epoch 37 step 69100 avg_loss=1.416
[ 866.3s] epoch 37 step 69150 avg_loss=1.400
[ 866.9s] epoch 37 step 69200 avg_loss=1.387
[ 867.4s] epoch 37 step 69250 avg_loss=1.389
[ 868.1s] epoch 37 step 69300 avg_loss=1.383
[ 868.7s] epoch 37 step 69350 avg_loss=1.412
[ 869.2s] === epoch 37 done: avg_loss=1.416 (n=1826 derivations) ===
[ 869.4s] epoch 38 step 69400 avg_loss=0.338
[ 870.0s] epoch 38 step 69450 avg_loss=0.590
[ 870.7s] epoch 38 step 69500 avg_loss=1.001
[ 871.2s] epoch 38 step 69550 avg_loss=0.823
[ 871.9s] epoch 38 step 69600 avg_loss=0.904
[ 872.6s] epoch 38 step 69650 avg_loss=0.983
[ 873.2s] epoch 38 step 69700 avg_loss=1.134
[ 873.8s] epoch 38 step 69750 avg_loss=1.073
[ 874.2s] epoch 38 step 69800 avg_loss=1.025
[ 874.8s] epoch 38 step 69850 avg_loss=1.056
[ 875.2s] epoch 38 step 69900 avg_loss=1.183
[ 875.7s] epoch 38 step 69950 avg_loss=1.212
[ 876.2s] epoch 38 step 70000 avg_loss=1.231
[ 876.6s] epoch 38 step 70050 avg_loss=1.245
[ 877.2s] epoch 38 step 70100 avg_loss=1.276
[ 877.7s] epoch 38 step 70150 avg_loss=1.347
[ 878.4s] epoch 38 step 70200 avg_loss=1.373
[ 879.0s] epoch 38 step 70250 avg_loss=1.357
[ 879.9s] epoch 38 step 70300 avg_loss=1.383
[ 880.7s] epoch 38 step 70350 avg_loss=1.349
[ 881.5s] epoch 38 step 70400 avg_loss=1.355
[ 882.4s] epoch 38 step 70450 avg_loss=1.341
[ 883.1s] epoch 38 step 70500 avg_loss=1.330
[ 883.8s] epoch 38 step 70550 avg_loss=1.380
[ 884.6s] epoch 38 step 70600 avg_loss=1.358
[ 885.4s] epoch 38 step 70650 avg_loss=1.346
[ 886.3s] epoch 38 step 70700 avg_loss=1.365
[ 886.9s] epoch 38 step 70750 avg_loss=1.345
[ 887.6s] epoch 38 step 70800 avg_loss=1.394
[ 888.2s] epoch 38 step 70850 avg_loss=1.393
[ 889.0s] eval step=2250 train_avg_loss=1.384 dev_rank1_f1=0.4222 dev_edge_p=0.4394 dev_edge_r=0.4063
[ 889.5s] epoch 38 step 70900 avg_loss=1.379
[ 890.0s] epoch 38 step 70950 avg_loss=1.379
[ 890.5s] epoch 38 step 71000 avg_loss=1.371
[ 891.0s] epoch 38 step 71050 avg_loss=1.376
[ 891.4s] epoch 38 step 71100 avg_loss=1.352
[ 892.0s] epoch 38 step 71150 avg_loss=1.394
[ 892.4s] epoch 38 step 71200 avg_loss=1.378
[ 892.6s] === epoch 38 done: avg_loss=1.377 (n=1826 derivations) ===
[ 892.9s] epoch 39 step 71250 avg_loss=0.491
[ 893.4s] epoch 39 step 71300 avg_loss=0.464
[ 894.0s] epoch 39 step 71350 avg_loss=1.192
[ 894.5s] epoch 39 step 71400 avg_loss=1.157
[ 895.0s] epoch 39 step 71450 avg_loss=1.208
[ 895.5s] epoch 39 step 71500 avg_loss=1.218
[ 895.9s] epoch 39 step 71550 avg_loss=1.158
[ 896.5s] epoch 39 step 71600 avg_loss=1.100
[ 897.0s] epoch 39 step 71650 avg_loss=1.099
[ 897.5s] epoch 39 step 71700 avg_loss=1.098
[ 897.9s] epoch 39 step 71750 avg_loss=1.063
[ 898.5s] epoch 39 step 71800 avg_loss=1.095
[ 899.0s] epoch 39 step 71850 avg_loss=1.084
[ 899.5s] epoch 39 step 71900 avg_loss=1.166
[ 900.0s] epoch 39 step 71950 avg_loss=1.131
[ 900.5s] epoch 39 step 72000 avg_loss=1.127
[ 901.0s] epoch 39 step 72050 avg_loss=1.123
[ 901.6s] epoch 39 step 72100 avg_loss=1.218
[ 902.2s] epoch 39 step 72150 avg_loss=1.288
[ 902.7s] epoch 39 step 72200 avg_loss=1.286
[ 903.3s] epoch 39 step 72250 avg_loss=1.310
[ 903.6s] epoch 39 step 72300 avg_loss=1.265
[ 904.1s] epoch 39 step 72350 avg_loss=1.264
[ 904.7s] epoch 39 step 72400 avg_loss=1.290
[ 905.3s] epoch 39 step 72450 avg_loss=1.322
[ 905.8s] epoch 39 step 72500 avg_loss=1.294
[ 906.2s] epoch 39 step 72550 avg_loss=1.270
[ 906.6s] epoch 39 step 72600 avg_loss=1.268
[ 907.1s] epoch 39 step 72650 avg_loss=1.266
[ 907.6s] epoch 39 step 72700 avg_loss=1.268
[ 908.1s] epoch 39 step 72750 avg_loss=1.245
[ 908.6s] epoch 39 step 72800 avg_loss=1.240
[ 909.1s] epoch 39 step 72850 avg_loss=1.291
[ 909.6s] epoch 39 step 72900 avg_loss=1.295
[ 910.0s] epoch 39 step 72950 avg_loss=1.274
[ 910.6s] epoch 39 step 73000 avg_loss=1.288
[ 910.9s] === epoch 39 done: avg_loss=1.278 (n=1826 derivations) ===
[ 911.0s] epoch 40 step 73050 avg_loss=0.144
[ 911.5s] epoch 40 step 73100 avg_loss=0.683
[ 911.9s] epoch 40 step 73150 avg_loss=0.527
[ 912.4s] epoch 40 step 73200 avg_loss=1.036
[ 912.8s] epoch 40 step 73250 avg_loss=0.869
[ 913.3s] epoch 40 step 73300 avg_loss=0.811
[ 913.8s] epoch 40 step 73350 avg_loss=0.810
[ 914.3s] epoch 40 step 73400 avg_loss=0.870
[ 914.9s] epoch 40 step 73450 avg_loss=1.015
[ 915.3s] epoch 40 step 73500 avg_loss=1.002
[ 915.8s] epoch 40 step 73550 avg_loss=0.977
[ 916.3s] epoch 40 step 73600 avg_loss=1.041
[ 916.7s] epoch 40 step 73650 avg_loss=0.981
[ 917.2s] epoch 40 step 73700 avg_loss=0.971
[ 917.7s] epoch 40 step 73750 avg_loss=1.009
[ 918.2s] epoch 40 step 73800 avg_loss=1.022
[ 918.7s] epoch 40 step 73850 avg_loss=1.015
[ 919.0s] epoch 40 step 73900 avg_loss=1.029
[ 919.5s] epoch 40 step 73950 avg_loss=1.060
[ 919.9s] epoch 40 step 74000 avg_loss=1.101
[ 920.5s] epoch 40 step 74050 avg_loss=1.126
[ 921.0s] epoch 40 step 74100 avg_loss=1.157
[ 921.4s] epoch 40 step 74150 avg_loss=1.164
[ 921.9s] epoch 40 step 74200 avg_loss=1.144
[ 922.3s] epoch 40 step 74250 avg_loss=1.129
[ 922.8s] epoch 40 step 74300 avg_loss=1.114
[ 923.3s] epoch 40 step 74350 avg_loss=1.095
[ 923.9s] epoch 40 step 74400 avg_loss=1.146
[ 924.4s] epoch 40 step 74450 avg_loss=1.131
[ 924.9s] epoch 40 step 74500 avg_loss=1.124
[ 925.6s] epoch 40 step 74550 avg_loss=1.141
[ 926.2s] epoch 40 step 74600 avg_loss=1.161
[ 927.0s] epoch 40 step 74650 avg_loss=1.209
[ 927.6s] epoch 40 step 74700 avg_loss=1.206
[ 928.3s] epoch 40 step 74750 avg_loss=1.186
[ 928.9s] epoch 40 step 74800 avg_loss=1.181
[ 929.7s] epoch 40 step 74850 avg_loss=1.196
[ 930.0s] === epoch 40 done: avg_loss=1.192 (n=1826 derivations) ===
[ 930.5s] epoch 41 step 74900 avg_loss=0.510
[ 931.1s] epoch 41 step 74950 avg_loss=0.649
[ 931.8s] epoch 41 step 75000 avg_loss=0.663
[ 932.5s] epoch 41 step 75050 avg_loss=0.841
[ 933.2s] epoch 41 step 75100 avg_loss=0.870
[ 933.7s] epoch 41 step 75150 avg_loss=1.063
[ 934.2s] epoch 41 step 75200 avg_loss=0.979
[ 934.7s] epoch 41 step 75250 avg_loss=1.006
[ 935.1s] epoch 41 step 75300 avg_loss=0.925
[ 935.6s] epoch 41 step 75350 avg_loss=0.937
[ 936.2s] epoch 41 step 75400 avg_loss=0.959
[ 936.8s] epoch 41 step 75450 avg_loss=1.096
[ 937.2s] epoch 41 step 75500 avg_loss=1.096
[ 937.6s] epoch 41 step 75550 avg_loss=1.051
[ 938.2s] epoch 41 step 75600 avg_loss=1.072
[ 938.6s] epoch 41 step 75650 avg_loss=1.091
[ 939.2s] epoch 41 step 75700 avg_loss=1.102
[ 939.6s] epoch 41 step 75750 avg_loss=1.104
[ 940.1s] epoch 41 step 75800 avg_loss=1.100
[ 940.7s] epoch 41 step 75850 avg_loss=1.103
[ 941.3s] epoch 41 step 75900 avg_loss=1.203
[ 941.9s] epoch 41 step 75950 avg_loss=1.199
[ 942.4s] epoch 41 step 76000 avg_loss=1.176
[ 942.9s] epoch 41 step 76050 avg_loss=1.139
[ 943.6s] epoch 41 step 76100 avg_loss=1.128
[ 944.2s] epoch 41 step 76150 avg_loss=1.108
[ 944.8s] epoch 41 step 76200 avg_loss=1.080
[ 945.3s] epoch 41 step 76250 avg_loss=1.079
[ 945.8s] epoch 41 step 76300 avg_loss=1.069
[ 946.3s] epoch 41 step 76350 avg_loss=1.078
[ 947.2s] epoch 41 step 76400 avg_loss=1.122
[ 947.8s] epoch 41 step 76450 avg_loss=1.143
[ 948.5s] epoch 41 step 76500 avg_loss=1.156
[ 949.0s] epoch 41 step 76550 avg_loss=1.141
[ 949.7s] epoch 41 step 76600 avg_loss=1.130
[ 950.5s] epoch 41 step 76650 avg_loss=1.115
[ 951.0s] === epoch 41 done: avg_loss=1.118 (n=1826 derivations) ===
[ 951.1s] epoch 42 step 76700 avg_loss=0.983
[ 951.8s] epoch 42 step 76750 avg_loss=1.127
[ 952.5s] epoch 42 step 76800 avg_loss=1.121
[ 953.4s] epoch 42 step 76850 avg_loss=1.715
[ 954.1s] epoch 42 step 76900 avg_loss=1.560
[ 954.8s] epoch 42 step 76950 avg_loss=1.397
[ 955.7s] epoch 42 step 77000 avg_loss=1.413
[ 956.3s] epoch 42 step 77050 avg_loss=1.357
[ 956.9s] epoch 42 step 77100 avg_loss=1.272
[ 957.4s] epoch 42 step 77150 avg_loss=1.209
[ 958.0s] epoch 42 step 77200 avg_loss=1.125
[ 958.4s] epoch 42 step 77250 avg_loss=1.047
[ 958.9s] epoch 42 step 77300 avg_loss=1.000
[ 959.4s] epoch 42 step 77350 avg_loss=1.066
[ 960.0s] epoch 42 step 77400 avg_loss=1.107
[ 960.5s] epoch 42 step 77450 avg_loss=1.078
[ 960.9s] epoch 42 step 77500 avg_loss=1.055
[ 961.4s] epoch 42 step 77550 avg_loss=1.018
[ 961.9s] epoch 42 step 77600 avg_loss=1.021
[ 962.4s] epoch 42 step 77650 avg_loss=1.017
[ 962.9s] epoch 42 step 77700 avg_loss=1.051
[ 963.5s] epoch 42 step 77750 avg_loss=1.046
[ 964.1s] epoch 42 step 77800 avg_loss=1.031
[ 964.5s] epoch 42 step 77850 avg_loss=1.010
[ 965.1s] epoch 42 step 77900 avg_loss=0.999
[ 965.7s] epoch 42 step 77950 avg_loss=0.993
[ 966.2s] epoch 42 step 78000 avg_loss=0.972
[ 966.9s] epoch 42 step 78050 avg_loss=1.072
[ 967.4s] epoch 42 step 78100 avg_loss=1.086
[ 968.0s] epoch 42 step 78150 avg_loss=1.075
[ 968.6s] epoch 42 step 78200 avg_loss=1.073
[ 969.2s] epoch 42 step 78250 avg_loss=1.064
[ 970.0s] epoch 42 step 78300 avg_loss=1.065
[ 970.7s] epoch 42 step 78350 avg_loss=1.055
[ 971.3s] epoch 42 step 78400 avg_loss=1.038
[ 971.9s] epoch 42 step 78450 avg_loss=1.051
[ 972.5s] epoch 42 step 78500 avg_loss=1.055
[ 972.8s] === epoch 42 done: avg_loss=1.062 (n=1826 derivations) ===
[ 973.3s] epoch 43 step 78550 avg_loss=0.623
[ 974.0s] epoch 43 step 78600 avg_loss=1.143
[ 974.6s] epoch 43 step 78650 avg_loss=1.028
[ 975.1s] epoch 43 step 78700 avg_loss=0.857
[ 976.1s] eval step=2500 train_avg_loss=0.858 dev_rank1_f1=0.4369 dev_edge_p=0.4351 dev_edge_r=0.4387
[ 976.5s] epoch 43 step 78750 avg_loss=0.779
[ 977.0s] epoch 43 step 78800 avg_loss=0.891
[ 977.6s] epoch 43 step 78850 avg_loss=0.868
[ 978.1s] epoch 43 step 78900 avg_loss=0.861
[ 978.6s] epoch 43 step 78950 avg_loss=0.886
[ 979.0s] epoch 43 step 79000 avg_loss=0.846
[ 979.6s] epoch 43 step 79050 avg_loss=0.867
[ 980.0s] epoch 43 step 79100 avg_loss=0.831
[ 980.5s] epoch 43 step 79150 avg_loss=0.845
[ 981.0s] epoch 43 step 79200 avg_loss=0.845
[ 981.5s] epoch 43 step 79250 avg_loss=0.845
[ 981.9s] epoch 43 step 79300 avg_loss=0.827
[ 982.5s] epoch 43 step 79350 avg_loss=0.909
[ 982.9s] epoch 43 step 79400 avg_loss=0.888
[ 983.4s] epoch 43 step 79450 avg_loss=0.876
[ 983.9s] epoch 43 step 79500 avg_loss=0.867
[ 984.3s] epoch 43 step 79550 avg_loss=0.863
[ 984.8s] epoch 43 step 79600 avg_loss=0.890
[ 985.4s] epoch 43 step 79650 avg_loss=0.908
[ 985.9s] epoch 43 step 79700 avg_loss=0.950
[ 986.4s] epoch 43 step 79750 avg_loss=0.947
[ 986.9s] epoch 43 step 79800 avg_loss=0.951
[ 987.4s] epoch 43 step 79850 avg_loss=1.001
[ 988.0s] epoch 43 step 79900 avg_loss=1.005
[ 988.4s] epoch 43 step 79950 avg_loss=1.015
[ 989.0s] epoch 43 step 80000 avg_loss=1.017
[ 989.4s] epoch 43 step 80050 avg_loss=1.002
[ 990.1s] epoch 43 step 80100 avg_loss=1.014
[ 990.5s] epoch 43 step 80150 avg_loss=1.006
[ 990.9s] epoch 43 step 80200 avg_loss=0.987
[ 991.5s] epoch 43 step 80250 avg_loss=1.005
[ 992.1s] epoch 43 step 80300 avg_loss=1.011
[ 992.6s] === epoch 43 done: avg_loss=1.013 (n=1826 derivations) ===
[ 992.6s] epoch 44 step 80350 avg_loss=0.022
[ 993.1s] epoch 44 step 80400 avg_loss=1.139
[ 993.7s] epoch 44 step 80450 avg_loss=0.876
[ 994.4s] epoch 44 step 80500 avg_loss=0.791
[ 995.1s] epoch 44 step 80550 avg_loss=0.961
[ 995.6s] epoch 44 step 80600 avg_loss=0.800
[ 996.2s] epoch 44 step 80650 avg_loss=0.807
[ 996.8s] epoch 44 step 80700 avg_loss=0.850
[ 997.3s] epoch 44 step 80750 avg_loss=0.842
[ 997.8s] epoch 44 step 80800 avg_loss=0.810
[ 998.4s] epoch 44 step 80850 avg_loss=0.798
[ 999.0s] epoch 44 step 80900 avg_loss=0.768
[ 999.7s] epoch 44 step 80950 avg_loss=0.750
[1000.4s] epoch 44 step 81000 avg_loss=0.810
[1001.1s] epoch 44 step 81050 avg_loss=0.858
[1001.9s] epoch 44 step 81100 avg_loss=0.835
[1002.5s] epoch 44 step 81150 avg_loss=0.885
[1003.2s] epoch 44 step 81200 avg_loss=0.867
[1003.8s] epoch 44 step 81250 avg_loss=0.832
[1004.6s] epoch 44 step 81300 avg_loss=0.856
[1005.3s] epoch 44 step 81350 avg_loss=0.878
[1006.1s] epoch 44 step 81400 avg_loss=0.937
[1007.0s] epoch 44 step 81450 avg_loss=1.026
[1007.6s] epoch 44 step 81500 avg_loss=1.036
[1008.4s] epoch 44 step 81550 avg_loss=1.034
[1009.0s] epoch 44 step 81600 avg_loss=1.016
[1009.7s] epoch 44 step 81650 avg_loss=1.014
[1010.3s] epoch 44 step 81700 avg_loss=1.022
[1011.0s] epoch 44 step 81750 avg_loss=0.998
[1011.5s] epoch 44 step 81800 avg_loss=0.989
[1012.1s] epoch 44 step 81850 avg_loss=1.008
[1012.6s] epoch 44 step 81900 avg_loss=1.001
[1013.1s] epoch 44 step 81950 avg_loss=0.991
[1013.6s] epoch 44 step 82000 avg_loss=0.980
[1014.2s] epoch 44 step 82050 avg_loss=0.978
[1014.8s] epoch 44 step 82100 avg_loss=0.966
[1015.5s] epoch 44 step 82150 avg_loss=0.955
[1015.7s] === epoch 44 done: avg_loss=0.955 (n=1826 derivations) ===
[1016.1s] epoch 45 step 82200 avg_loss=0.294
[1016.7s] epoch 45 step 82250 avg_loss=0.675
[1017.4s] epoch 45 step 82300 avg_loss=0.772
[1018.2s] epoch 45 step 82350 avg_loss=0.765
[1018.9s] epoch 45 step 82400 avg_loss=0.977
[1019.6s] epoch 45 step 82450 avg_loss=1.102
[1020.4s] epoch 45 step 82500 avg_loss=1.096
[1021.2s] epoch 45 step 82550 avg_loss=1.108
[1021.8s] epoch 45 step 82600 avg_loss=1.042
[1022.4s] epoch 45 step 82650 avg_loss=0.971
[1023.4s] epoch 45 step 82700 avg_loss=0.966
[1024.1s] epoch 45 step 82750 avg_loss=0.920
[1024.7s] epoch 45 step 82800 avg_loss=0.898
[1025.3s] epoch 45 step 82850 avg_loss=0.854
[1026.1s] epoch 45 step 82900 avg_loss=0.882
[1026.6s] epoch 45 step 82950 avg_loss=0.851
[1027.1s] epoch 45 step 83000 avg_loss=0.883
[1027.6s] epoch 45 step 83050 avg_loss=0.917
[1028.0s] epoch 45 step 83100 avg_loss=0.881
[1028.5s] epoch 45 step 83150 avg_loss=0.958
[1029.2s] epoch 45 step 83200 avg_loss=0.937
[1029.9s] epoch 45 step 83250 avg_loss=0.926
[1030.5s] epoch 45 step 83300 avg_loss=0.904
[1031.1s] epoch 45 step 83350 avg_loss=0.943
[1031.7s] epoch 45 step 83400 avg_loss=0.942
[1032.5s] epoch 45 step 83450 avg_loss=0.977
[1033.2s] epoch 45 step 83500 avg_loss=0.953
[1033.9s] epoch 45 step 83550 avg_loss=0.955
[1034.6s] epoch 45 step 83600 avg_loss=0.950
[1035.3s] epoch 45 step 83650 avg_loss=0.940
[1035.9s] epoch 45 step 83700 avg_loss=0.963
[1036.4s] epoch 45 step 83750 avg_loss=0.982
[1037.0s] epoch 45 step 83800 avg_loss=0.985
[1037.6s] epoch 45 step 83850 avg_loss=0.971
[1038.1s] epoch 45 step 83900 avg_loss=0.955
[1038.5s] epoch 45 step 83950 avg_loss=0.963
[1038.9s] === epoch 45 done: avg_loss=0.944 (n=1826 derivations) ===
[1038.9s] epoch 46 step 84000 avg_loss=0.057
[1039.5s] epoch 46 step 84050 avg_loss=1.069
[1040.0s] epoch 46 step 84100 avg_loss=0.799
[1040.5s] epoch 46 step 84150 avg_loss=0.821
[1041.1s] epoch 46 step 84200 avg_loss=0.759
[1041.6s] epoch 46 step 84250 avg_loss=0.769
[1042.1s] epoch 46 step 84300 avg_loss=0.699
[1042.6s] epoch 46 step 84350 avg_loss=0.730
[1043.2s] epoch 46 step 84400 avg_loss=0.808
[1043.7s] epoch 46 step 84450 avg_loss=0.796
[1044.2s] epoch 46 step 84500 avg_loss=0.757
[1044.7s] epoch 46 step 84550 avg_loss=0.770
[1045.2s] epoch 46 step 84600 avg_loss=0.732
[1045.8s] epoch 46 step 84650 avg_loss=0.825
[1046.3s] epoch 46 step 84700 avg_loss=0.803
[1046.8s] epoch 46 step 84750 avg_loss=0.785
[1047.3s] epoch 46 step 84800 avg_loss=0.787
[1048.0s] epoch 46 step 84850 avg_loss=0.808
[1048.6s] epoch 46 step 84900 avg_loss=0.808
[1049.2s] epoch 46 step 84950 avg_loss=0.798
[1049.9s] epoch 46 step 85000 avg_loss=0.797
[1050.6s] epoch 46 step 85050 avg_loss=0.790
[1051.3s] epoch 46 step 85100 avg_loss=0.870
[1052.0s] epoch 46 step 85150 avg_loss=0.861
[1052.7s] epoch 46 step 85200 avg_loss=0.882
[1053.3s] epoch 46 step 85250 avg_loss=0.866
[1053.9s] epoch 46 step 85300 avg_loss=0.866
[1054.5s] epoch 46 step 85350 avg_loss=0.889
[1055.1s] epoch 46 step 85400 avg_loss=0.900
[1055.6s] epoch 46 step 85450 avg_loss=0.887
[1056.3s] epoch 46 step 85500 avg_loss=0.868
[1057.2s] epoch 46 step 85550 avg_loss=0.879
[1057.7s] epoch 46 step 85600 avg_loss=0.894
[1058.2s] epoch 46 step 85650 avg_loss=0.881
[1058.7s] epoch 46 step 85700 avg_loss=0.872
[1059.2s] epoch 46 step 85750 avg_loss=0.880
[1059.8s] epoch 46 step 85800 avg_loss=0.876
[1060.0s] === epoch 46 done: avg_loss=0.883 (n=1826 derivations) ===
[1060.2s] epoch 47 step 85850 avg_loss=0.616
[1060.7s] epoch 47 step 85900 avg_loss=0.652
[1061.2s] epoch 47 step 85950 avg_loss=0.668
[1061.8s] epoch 47 step 86000 avg_loss=0.935
[1062.3s] epoch 47 step 86050 avg_loss=0.888
[1062.8s] epoch 47 step 86100 avg_loss=0.821
[1063.2s] epoch 47 step 86150 avg_loss=0.844
[1063.8s] epoch 47 step 86200 avg_loss=0.857
[1064.3s] epoch 47 step 86250 avg_loss=0.858
[1064.8s] epoch 47 step 86300 avg_loss=0.780
[1065.2s] epoch 47 step 86350 avg_loss=0.760
[1065.6s] epoch 47 step 86400 avg_loss=0.776
[1066.1s] epoch 47 step 86450 avg_loss=0.779
[1066.6s] epoch 47 step 86500 avg_loss=0.776
[1067.1s] epoch 47 step 86550 avg_loss=0.787
[1068.3s] eval step=2750 train_avg_loss=0.783 dev_rank1_f1=0.4117 dev_edge_p=0.4198 dev_edge_r=0.4038
[1068.4s] epoch 47 step 86600 avg_loss=0.778
[1068.8s] epoch 47 step 86650 avg_loss=0.780
[1069.3s] epoch 47 step 86700 avg_loss=0.793
[1069.8s] epoch 47 step 86750 avg_loss=0.814
[1070.3s] epoch 47 step 86800 avg_loss=0.812
[1070.8s] epoch 47 step 86850 avg_loss=0.796
[1071.5s] epoch 47 step 86900 avg_loss=0.824
[1072.0s] epoch 47 step 86950 avg_loss=0.813
[1072.5s] epoch 47 step 87000 avg_loss=0.822
[1072.9s] epoch 47 step 87050 avg_loss=0.812
[1073.6s] epoch 47 step 87100 avg_loss=0.822
[1074.2s] epoch 47 step 87150 avg_loss=0.815
[1075.0s] epoch 47 step 87200 avg_loss=0.849
[1075.8s] epoch 47 step 87250 avg_loss=0.872
[1076.5s] epoch 47 step 87300 avg_loss=0.870
[1077.0s] epoch 47 step 87350 avg_loss=0.860
[1077.6s] epoch 47 step 87400 avg_loss=0.844
[1078.1s] epoch 47 step 87450 avg_loss=0.836
[1078.6s] epoch 47 step 87500 avg_loss=0.843
[1079.3s] epoch 47 step 87550 avg_loss=0.848
[1079.9s] epoch 47 step 87600 avg_loss=0.845
[1080.5s] === epoch 47 done: avg_loss=0.833 (n=1826 derivations) ===
[1080.5s] epoch 48 step 87650 avg_loss=0.013
[1081.0s] epoch 48 step 87700 avg_loss=0.278
[1081.6s] epoch 48 step 87750 avg_loss=0.562
[1082.1s] epoch 48 step 87800 avg_loss=0.532
[1082.7s] epoch 48 step 87850 avg_loss=0.675
[1083.2s] epoch 48 step 87900 avg_loss=0.683
[1083.7s] epoch 48 step 87950 avg_loss=0.649
[1084.4s] epoch 48 step 88000 avg_loss=0.680
[1084.8s] epoch 48 step 88050 avg_loss=0.625
[1085.4s] epoch 48 step 88100 avg_loss=0.693
[1086.0s] epoch 48 step 88150 avg_loss=0.783
[1086.4s] epoch 48 step 88200 avg_loss=0.736
[1087.0s] epoch 48 step 88250 avg_loss=0.770
[1087.5s] epoch 48 step 88300 avg_loss=0.761
[1088.3s] epoch 48 step 88350 avg_loss=0.820
[1089.0s] epoch 48 step 88400 avg_loss=0.865
[1089.6s] epoch 48 step 88450 avg_loss=0.850
[1090.3s] epoch 48 step 88500 avg_loss=0.839
[1090.9s] epoch 48 step 88550 avg_loss=0.815
[1091.7s] epoch 48 step 88600 avg_loss=0.840
[1092.3s] epoch 48 step 88650 avg_loss=0.905
[1092.9s] epoch 48 step 88700 avg_loss=0.895
[1093.3s] epoch 48 step 88750 avg_loss=0.895
[1094.0s] epoch 48 step 88800 avg_loss=0.903
[1094.6s] epoch 48 step 88850 avg_loss=0.902
[1095.2s] epoch 48 step 88900 avg_loss=0.898
[1096.1s] epoch 48 step 88950 avg_loss=0.888
[1096.7s] epoch 48 step 89000 avg_loss=0.867
[1097.4s] epoch 48 step 89050 avg_loss=0.869
[1098.0s] epoch 48 step 89100 avg_loss=0.860
[1098.7s] epoch 48 step 89150 avg_loss=0.863
[1099.4s] epoch 48 step 89200 avg_loss=0.853
[1099.9s] epoch 48 step 89250 avg_loss=0.833
[1100.5s] epoch 48 step 89300 avg_loss=0.820
[1101.2s] epoch 48 step 89350 avg_loss=0.811
[1101.7s] epoch 48 step 89400 avg_loss=0.799
[1102.4s] epoch 48 step 89450 avg_loss=0.792
[1102.7s] === epoch 48 done: avg_loss=0.790 (n=1826 derivations) ===
[1103.0s] epoch 49 step 89500 avg_loss=0.657
[1103.7s] epoch 49 step 89550 avg_loss=0.451
[1104.3s] epoch 49 step 89600 avg_loss=0.761
[1104.9s] epoch 49 step 89650 avg_loss=0.970
[1105.6s] epoch 49 step 89700 avg_loss=0.847
[1106.5s] epoch 49 step 89750 avg_loss=0.741
[1107.1s] epoch 49 step 89800 avg_loss=0.715
[1107.7s] epoch 49 step 89850 avg_loss=0.780
[1108.3s] epoch 49 step 89900 avg_loss=0.771
[1108.8s] epoch 49 step 89950 avg_loss=0.719
[1109.5s] epoch 49 step 90000 avg_loss=0.773
[1110.2s] epoch 49 step 90050 avg_loss=0.760
[1110.9s] epoch 49 step 90100 avg_loss=0.767
[1111.6s] epoch 49 step 90150 avg_loss=0.731
[1112.3s] epoch 49 step 90200 avg_loss=0.745
[1113.0s] epoch 49 step 90250 avg_loss=0.712
[1113.7s] epoch 49 step 90300 avg_loss=0.741
[1114.1s] epoch 49 step 90350 avg_loss=0.738
[1114.6s] epoch 49 step 90400 avg_loss=0.740
[1115.2s] epoch 49 step 90450 avg_loss=0.724
[1115.8s] epoch 49 step 90500 avg_loss=0.709
[1116.3s] epoch 49 step 90550 avg_loss=0.738
[1117.0s] epoch 49 step 90600 avg_loss=0.743
[1117.7s] epoch 49 step 90650 avg_loss=0.751
[1118.2s] epoch 49 step 90700 avg_loss=0.733
[1118.7s] epoch 49 step 90750 avg_loss=0.721
[1119.3s] epoch 49 step 90800 avg_loss=0.706
[1119.8s] epoch 49 step 90850 avg_loss=0.703
[1120.4s] epoch 49 step 90900 avg_loss=0.694
[1121.0s] epoch 49 step 90950 avg_loss=0.692
[1121.5s] epoch 49 step 91000 avg_loss=0.683
[1121.9s] epoch 49 step 91050 avg_loss=0.671
[1122.4s] epoch 49 step 91100 avg_loss=0.673
[1123.0s] epoch 49 step 91150 avg_loss=0.711
[1123.6s] epoch 49 step 91200 avg_loss=0.716
[1124.0s] epoch 49 step 91250 avg_loss=0.703
[1124.6s] epoch 49 step 91300 avg_loss=0.716
[1124.6s] === epoch 49 done: avg_loss=0.716 (n=1826 derivations) ===
[1125.1s] epoch 50 step 91350 avg_loss=0.206
[1125.6s] epoch 50 step 91400 avg_loss=0.550
[1126.2s] epoch 50 step 91450 avg_loss=0.708
[1126.8s] epoch 50 step 91500 avg_loss=0.784
[1127.3s] epoch 50 step 91550 avg_loss=0.664
[1127.8s] epoch 50 step 91600 avg_loss=0.605
[1128.2s] epoch 50 step 91650 avg_loss=0.554
[1128.8s] epoch 50 step 91700 avg_loss=0.531
[1129.5s] epoch 50 step 91750 avg_loss=0.511
[1130.2s] epoch 50 step 91800 avg_loss=0.631
[1130.7s] epoch 50 step 91850 avg_loss=0.611
[1131.1s] epoch 50 step 91900 avg_loss=0.575
[1131.8s] epoch 50 step 91950 avg_loss=0.607
[1132.4s] epoch 50 step 92000 avg_loss=0.625
[1133.1s] epoch 50 step 92050 avg_loss=0.652
[1133.9s] epoch 50 step 92100 avg_loss=0.655
[1134.7s] epoch 50 step 92150 avg_loss=0.687
[1135.6s] epoch 50 step 92200 avg_loss=0.671
[1136.3s] epoch 50 step 92250 avg_loss=0.678
[1137.0s] epoch 50 step 92300 avg_loss=0.687
[1137.7s] epoch 50 step 92350 avg_loss=0.686
[1138.3s] epoch 50 step 92400 avg_loss=0.665
[1138.7s] epoch 50 step 92450 avg_loss=0.660
[1139.3s] epoch 50 step 92500 avg_loss=0.648
[1140.1s] epoch 50 step 92550 avg_loss=0.632
[1140.8s] epoch 50 step 92600 avg_loss=0.630
[1141.5s] epoch 50 step 92650 avg_loss=0.665
[1142.3s] epoch 50 step 92700 avg_loss=0.670
[1143.1s] epoch 50 step 92750 avg_loss=0.659
[1143.7s] epoch 50 step 92800 avg_loss=0.642
[1144.4s] epoch 50 step 92850 avg_loss=0.637
[1145.0s] epoch 50 step 92900 avg_loss=0.647
[1145.8s] epoch 50 step 92950 avg_loss=0.678
[1146.5s] epoch 50 step 93000 avg_loss=0.665
[1147.2s] epoch 50 step 93050 avg_loss=0.683
[1147.9s] epoch 50 step 93100 avg_loss=0.672
[1148.2s] === epoch 50 done: avg_loss=0.667 (n=1826 derivations) ===
[1148.5s] epoch 51 step 93150 avg_loss=0.460
[1149.1s] epoch 51 step 93200 avg_loss=0.473
[1149.8s] epoch 51 step 93250 avg_loss=0.992
[1150.4s] epoch 51 step 93300 avg_loss=0.785
[1151.2s] epoch 51 step 93350 avg_loss=0.775
[1151.9s] epoch 51 step 93400 avg_loss=0.773
[1152.6s] epoch 51 step 93450 avg_loss=0.790
[1153.2s] epoch 51 step 93500 avg_loss=0.745
[1153.7s] epoch 51 step 93550 avg_loss=0.730
[1154.3s] epoch 51 step 93600 avg_loss=0.678
[1154.7s] epoch 51 step 93650 avg_loss=0.667
[1155.3s] epoch 51 step 93700 avg_loss=0.651
[1155.8s] epoch 51 step 93750 avg_loss=0.621
[1156.4s] epoch 51 step 93800 avg_loss=0.625
[1157.0s] epoch 51 step 93850 avg_loss=0.621
[1157.6s] epoch 51 step 93900 avg_loss=0.652
[1158.2s] epoch 51 step 93950 avg_loss=0.635
[1158.9s] epoch 51 step 94000 avg_loss=0.627
[1159.6s] epoch 51 step 94050 avg_loss=0.726
[1160.3s] epoch 51 step 94100 avg_loss=0.715
[1160.9s] epoch 51 step 94150 avg_loss=0.704
[1161.5s] epoch 51 step 94200 avg_loss=0.688
[1162.0s] epoch 51 step 94250 avg_loss=0.665
[1162.5s] epoch 51 step 94300 avg_loss=0.650
[1163.3s] epoch 51 step 94350 avg_loss=0.661
[1164.1s] epoch 51 step 94400 avg_loss=0.670
[1164.8s] epoch 51 step 94450 avg_loss=0.660
[1166.2s] eval step=3000 train_avg_loss=0.651 dev_rank1_f1=0.3948 dev_edge_p=0.4273 dev_edge_r=0.3668
[1166.6s] epoch 51 step 94500 avg_loss=0.655
[1167.2s] epoch 51 step 94550 avg_loss=0.649
[1168.0s] epoch 51 step 94600 avg_loss=0.641
[1168.5s] epoch 51 step 94650 avg_loss=0.627
[1168.9s] epoch 51 step 94700 avg_loss=0.616
[1169.5s] epoch 51 step 94750 avg_loss=0.619
[1170.0s] epoch 51 step 94800 avg_loss=0.642
[1170.4s] epoch 51 step 94850 avg_loss=0.630
[1170.9s] epoch 51 step 94900 avg_loss=0.628
[1171.4s] epoch 51 step 94950 avg_loss=0.647
[1171.4s] === epoch 51 done: avg_loss=0.646 (n=1826 derivations) ===
[1172.0s] epoch 52 step 95000 avg_loss=0.667
[1172.4s] epoch 52 step 95050 avg_loss=0.410
[1172.9s] epoch 52 step 95100 avg_loss=0.484
[1173.4s] epoch 52 step 95150 avg_loss=0.419
[1173.9s] epoch 52 step 95200 avg_loss=0.399
[1174.5s] epoch 52 step 95250 avg_loss=0.539
[1175.1s] epoch 52 step 95300 avg_loss=0.766
[1175.6s] epoch 52 step 95350 avg_loss=0.698
[1176.0s] epoch 52 step 95400 avg_loss=0.688
[1176.6s] epoch 52 step 95450 avg_loss=0.654
[1177.1s] epoch 52 step 95500 avg_loss=0.653
[1177.7s] epoch 52 step 95550 avg_loss=0.654
[1178.2s] epoch 52 step 95600 avg_loss=0.718
[1178.7s] epoch 52 step 95650 avg_loss=0.695
[1179.2s] epoch 52 step 95700 avg_loss=0.693
[1179.8s] epoch 52 step 95750 avg_loss=0.668
[1180.5s] epoch 52 step 95800 avg_loss=0.651
[1181.2s] epoch 52 step 95850 avg_loss=0.641
[1181.8s] epoch 52 step 95900 avg_loss=0.647
[1182.4s] epoch 52 step 95950 avg_loss=0.638
[1183.1s] epoch 52 step 96000 avg_loss=0.618
[1183.7s] epoch 52 step 96050 avg_loss=0.626
[1184.4s] epoch 52 step 96100 avg_loss=0.607
[1184.9s] epoch 52 step 96150 avg_loss=0.610
[1185.6s] epoch 52 step 96200 avg_loss=0.602
[1186.2s] epoch 52 step 96250 avg_loss=0.620
[1186.8s] epoch 52 step 96300 avg_loss=0.611
[1187.5s] epoch 52 step 96350 avg_loss=0.609
[1188.1s] epoch 52 step 96400 avg_loss=0.595
[1188.6s] epoch 52 step 96450 avg_loss=0.601
[1189.2s] epoch 52 step 96500 avg_loss=0.591
[1189.9s] epoch 52 step 96550 avg_loss=0.592
[1190.7s] epoch 52 step 96600 avg_loss=0.621
[1191.4s] epoch 52 step 96650 avg_loss=0.623
[1192.0s] epoch 52 step 96700 avg_loss=0.619
[1192.6s] epoch 52 step 96750 avg_loss=0.626
[1192.9s] === epoch 52 done: avg_loss=0.617 (n=1826 derivations) ===
[1193.2s] epoch 53 step 96800 avg_loss=0.725
[1193.8s] epoch 53 step 96850 avg_loss=0.551
[1194.4s] epoch 53 step 96900 avg_loss=0.471
[1194.8s] epoch 53 step 96950 avg_loss=0.390
[1195.3s] epoch 53 step 97000 avg_loss=0.363
[1195.8s] epoch 53 step 97050 avg_loss=0.391
[1196.5s] epoch 53 step 97100 avg_loss=0.415
[1197.2s] epoch 53 step 97150 avg_loss=0.663
[1197.9s] epoch 53 step 97200 avg_loss=0.667
[1198.5s] epoch 53 step 97250 avg_loss=0.678
[1199.2s] epoch 53 step 97300 avg_loss=0.634
[1199.7s] epoch 53 step 97350 avg_loss=0.588
[1200.2s] epoch 53 step 97400 avg_loss=0.585
[1200.9s] epoch 53 step 97450 avg_loss=0.583
[1201.5s] epoch 53 step 97500 avg_loss=0.640
[1202.2s] epoch 53 step 97550 avg_loss=0.614
[1202.9s] epoch 53 step 97600 avg_loss=0.602
[1203.7s] epoch 53 step 97650 avg_loss=0.589
[1204.3s] epoch 53 step 97700 avg_loss=0.595
[1205.1s] epoch 53 step 97750 avg_loss=0.614
[1205.7s] epoch 53 step 97800 avg_loss=0.595
[1206.4s] epoch 53 step 97850 avg_loss=0.609
[1207.0s] epoch 53 step 97900 avg_loss=0.601
[1207.8s] epoch 53 step 97950 avg_loss=0.622
[1208.5s] epoch 53 step 98000 avg_loss=0.635
[1209.2s] epoch 53 step 98050 avg_loss=0.634
[1209.9s] epoch 53 step 98100 avg_loss=0.633
[1210.5s] epoch 53 step 98150 avg_loss=0.621
[1211.1s] epoch 53 step 98200 avg_loss=0.622
[1211.7s] epoch 53 step 98250 avg_loss=0.610
[1212.3s] epoch 53 step 98300 avg_loss=0.608
[1212.9s] epoch 53 step 98350 avg_loss=0.608
[1213.4s] epoch 53 step 98400 avg_loss=0.603
[1214.1s] epoch 53 step 98450 avg_loss=0.607
[1214.7s] epoch 53 step 98500 avg_loss=0.593
[1215.4s] epoch 53 step 98550 avg_loss=0.614
[1215.8s] epoch 53 step 98600 avg_loss=0.605
[1215.9s] === epoch 53 done: avg_loss=0.604 (n=1826 derivations) ===
[1216.4s] epoch 54 step 98650 avg_loss=0.415
[1216.9s] epoch 54 step 98700 avg_loss=0.957
[1217.5s] epoch 54 step 98750 avg_loss=0.828
[1218.0s] epoch 54 step 98800 avg_loss=0.703
[1218.6s] epoch 54 step 98850 avg_loss=0.911
[1219.1s] epoch 54 step 98900 avg_loss=0.796
[1219.6s] epoch 54 step 98950 avg_loss=0.776
[1220.1s] epoch 54 step 99000 avg_loss=0.731
[1220.6s] epoch 54 step 99050 avg_loss=0.660
[1221.1s] epoch 54 step 99100 avg_loss=0.647
[1221.6s] epoch 54 step 99150 avg_loss=0.644
[1222.1s] epoch 54 step 99200 avg_loss=0.628
[1222.6s] epoch 54 step 99250 avg_loss=0.599
[1223.1s] epoch 54 step 99300 avg_loss=0.585
[1223.8s] epoch 54 step 99350 avg_loss=0.610
[1224.3s] epoch 54 step 99400 avg_loss=0.619
[1224.9s] epoch 54 step 99450 avg_loss=0.606
[1225.4s] epoch 54 step 99500 avg_loss=0.590
[1226.0s] epoch 54 step 99550 avg_loss=0.598
[1226.5s] epoch 54 step 99600 avg_loss=0.620
[1227.0s] epoch 54 step 99650 avg_loss=0.624
[1227.5s] epoch 54 step 99700 avg_loss=0.620
[1228.0s] epoch 54 step 99750 avg_loss=0.604
[1228.5s] epoch 54 step 99800 avg_loss=0.605
[1229.1s] epoch 54 step 99850 avg_loss=0.592
[1229.7s] epoch 54 step 99900 avg_loss=0.598
[1230.3s] epoch 54 step 99950 avg_loss=0.591
[1230.9s] epoch 54 step 100000 avg_loss=0.595
[1231.5s] epoch 54 step 100050 avg_loss=0.602
[1232.0s] epoch 54 step 100100 avg_loss=0.593
[1232.6s] epoch 54 step 100150 avg_loss=0.604
[1233.2s] epoch 54 step 100200 avg_loss=0.619
[1233.8s] epoch 54 step 100250 avg_loss=0.616
[1234.3s] epoch 54 step 100300 avg_loss=0.607
[1234.9s] epoch 54 step 100350 avg_loss=0.602
[1235.5s] epoch 54 step 100400 avg_loss=0.599
[1235.8s] === epoch 54 done: avg_loss=0.613 (n=1826 derivations) ===
[1236.1s] epoch 55 step 100450 avg_loss=1.035
[1236.7s] epoch 55 step 100500 avg_loss=2.195
[1237.3s] epoch 55 step 100550 avg_loss=1.503
[1237.8s] epoch 55 step 100600 avg_loss=1.221
[1238.3s] epoch 55 step 100650 avg_loss=0.991
[1238.7s] epoch 55 step 100700 avg_loss=0.850
[1239.2s] epoch 55 step 100750 avg_loss=0.866
[1239.8s] epoch 55 step 100800 avg_loss=0.849
[1240.4s] epoch 55 step 100850 avg_loss=0.818
[1241.2s] epoch 55 step 100900 avg_loss=0.812
[1241.9s] epoch 55 step 100950 avg_loss=0.765
[1242.5s] epoch 55 step 101000 avg_loss=0.747
[1243.4s] epoch 55 step 101050 avg_loss=0.720
[1244.2s] epoch 55 step 101100 avg_loss=0.715
[1244.9s] epoch 55 step 101150 avg_loss=0.696
[1245.7s] epoch 55 step 101200 avg_loss=0.802
[1246.4s] epoch 55 step 101250 avg_loss=0.771
[1247.1s] epoch 55 step 101300 avg_loss=0.739
[1247.8s] epoch 55 step 101350 avg_loss=0.728
[1248.5s] epoch 55 step 101400 avg_loss=0.703
[1249.2s] epoch 55 step 101450 avg_loss=0.736
[1250.0s] epoch 55 step 101500 avg_loss=0.752
[1250.7s] epoch 55 step 101550 avg_loss=0.743
[1251.4s] epoch 55 step 101600 avg_loss=0.739
[1252.0s] epoch 55 step 101650 avg_loss=0.714
[1252.7s] epoch 55 step 101700 avg_loss=0.702
[1253.3s] epoch 55 step 101750 avg_loss=0.682
[1254.0s] epoch 55 step 101800 avg_loss=0.666
[1254.7s] epoch 55 step 101850 avg_loss=0.655
[1255.3s] epoch 55 step 101900 avg_loss=0.654
[1256.0s] epoch 55 step 101950 avg_loss=0.657
[1256.5s] epoch 55 step 102000 avg_loss=0.646
[1257.1s] epoch 55 step 102050 avg_loss=0.636
[1257.8s] epoch 55 step 102100 avg_loss=0.644
[1258.5s] epoch 55 step 102150 avg_loss=0.637
[1259.3s] epoch 55 step 102200 avg_loss=0.628
[1259.9s] epoch 55 step 102250 avg_loss=0.640
[1260.0s] === epoch 55 done: avg_loss=0.638 (n=1826 derivations) ===
[1260.6s] epoch 56 step 102300 avg_loss=0.261
[1262.0s] eval step=3250 train_avg_loss=0.396 dev_rank1_f1=0.4050 dev_edge_p=0.4025 dev_edge_r=0.4076
[1262.4s] epoch 56 step 102350 avg_loss=0.347
[1263.1s] epoch 56 step 102400 avg_loss=0.463
[1264.0s] epoch 56 step 102450 avg_loss=0.449
[1264.6s] epoch 56 step 102500 avg_loss=0.590
[1265.2s] epoch 56 step 102550 avg_loss=0.690
[1265.9s] epoch 56 step 102600 avg_loss=0.650
[1266.4s] epoch 56 step 102650 avg_loss=0.607
[1267.1s] epoch 56 step 102700 avg_loss=0.623
[1267.9s] epoch 56 step 102750 avg_loss=0.585
[1268.7s] epoch 56 step 102800 avg_loss=0.593
[1269.3s] epoch 56 step 102850 avg_loss=0.575
[1269.8s] epoch 56 step 102900 avg_loss=0.554
[1270.5s] epoch 56 step 102950 avg_loss=0.538
[1271.3s] epoch 56 step 103000 avg_loss=0.550
[1271.9s] epoch 56 step 103050 avg_loss=0.539
[1272.6s] epoch 56 step 103100 avg_loss=0.522
[1273.3s] epoch 56 step 103150 avg_loss=0.539
[1274.1s] epoch 56 step 103200 avg_loss=0.532
[1274.6s] epoch 56 step 103250 avg_loss=0.535
[1275.3s] epoch 56 step 103300 avg_loss=0.527
[1276.1s] epoch 56 step 103350 avg_loss=0.532
[1276.6s] epoch 56 step 103400 avg_loss=0.515
[1277.2s] epoch 56 step 103450 avg_loss=0.513
[1278.0s] epoch 56 step 103500 avg_loss=0.527
[1278.7s] epoch 56 step 103550 avg_loss=0.522
[1279.4s] epoch 56 step 103600 avg_loss=0.513
[1279.8s] epoch 56 step 103650 avg_loss=0.507
[1280.4s] epoch 56 step 103700 avg_loss=0.522
[1281.1s] epoch 56 step 103750 avg_loss=0.521
[1281.7s] epoch 56 step 103800 avg_loss=0.508
[1282.1s] epoch 56 step 103850 avg_loss=0.500
[1282.9s] epoch 56 step 103900 avg_loss=0.515
[1283.6s] epoch 56 step 103950 avg_loss=0.506
[1284.3s] epoch 56 step 104000 avg_loss=0.495
[1284.9s] epoch 56 step 104050 avg_loss=0.488
[1285.3s] === epoch 56 done: avg_loss=0.519 (n=1826 derivations) ===
[1285.6s] epoch 57 step 104100 avg_loss=1.827
[1286.1s] epoch 57 step 104150 avg_loss=0.643
[1286.7s] epoch 57 step 104200 avg_loss=0.599
[1287.2s] epoch 57 step 104250 avg_loss=0.473
[1287.7s] epoch 57 step 104300 avg_loss=0.400
[1288.3s] epoch 57 step 104350 avg_loss=0.387
[1288.9s] epoch 57 step 104400 avg_loss=0.371
[1289.4s] epoch 57 step 104450 avg_loss=0.436
[1290.0s] epoch 57 step 104500 avg_loss=0.445
[1290.7s] epoch 57 step 104550 avg_loss=0.509
[1291.6s] epoch 57 step 104600 avg_loss=0.471
[1292.2s] epoch 57 step 104650 avg_loss=0.478
[1293.0s] epoch 57 step 104700 avg_loss=0.521
[1293.7s] epoch 57 step 104750 avg_loss=0.527
[1294.3s] epoch 57 step 104800 avg_loss=0.536
[1295.0s] epoch 57 step 104850 avg_loss=0.532
[1295.7s] epoch 57 step 104900 avg_loss=0.509
[1296.3s] epoch 57 step 104950 avg_loss=0.501
[1296.8s] epoch 57 step 105000 avg_loss=0.501
[1297.3s] epoch 57 step 105050 avg_loss=0.503
[1297.9s] epoch 57 step 105100 avg_loss=0.516
[1298.4s] epoch 57 step 105150 avg_loss=0.522
[1298.9s] epoch 57 step 105200 avg_loss=0.523
[1299.4s] epoch 57 step 105250 avg_loss=0.513
[1299.9s] epoch 57 step 105300 avg_loss=0.502
[1300.5s] epoch 57 step 105350 avg_loss=0.502
[1301.0s] epoch 57 step 105400 avg_loss=0.507
[1301.6s] epoch 57 step 105450 avg_loss=0.500
[1302.1s] epoch 57 step 105500 avg_loss=0.499
[1302.8s] epoch 57 step 105550 avg_loss=0.497
[1303.3s] epoch 57 step 105600 avg_loss=0.497
[1303.9s] epoch 57 step 105650 avg_loss=0.502
[1304.4s] epoch 57 step 105700 avg_loss=0.492
[1305.0s] epoch 57 step 105750 avg_loss=0.496
[1305.5s] epoch 57 step 105800 avg_loss=0.491
[1306.0s] epoch 57 step 105850 avg_loss=0.486
[1306.6s] epoch 57 step 105900 avg_loss=0.477
[1306.7s] === epoch 57 done: avg_loss=0.478 (n=1826 derivations) ===
[1307.2s] epoch 58 step 105950 avg_loss=0.307
[1308.1s] epoch 58 step 106000 avg_loss=0.474
[1308.8s] epoch 58 step 106050 avg_loss=0.529
[1309.4s] epoch 58 step 106100 avg_loss=0.430
[1310.2s] epoch 58 step 106150 avg_loss=0.403
[1310.8s] epoch 58 step 106200 avg_loss=0.362
[1311.4s] epoch 58 step 106250 avg_loss=0.360
[1311.9s] epoch 58 step 106300 avg_loss=0.344
[1312.5s] epoch 58 step 106350 avg_loss=0.410
[1313.1s] epoch 58 step 106400 avg_loss=0.399
[1313.7s] epoch 58 step 106450 avg_loss=0.430
[1314.1s] epoch 58 step 106500 avg_loss=0.423
[1314.6s] epoch 58 step 106550 avg_loss=0.433
[1315.0s] epoch 58 step 106600 avg_loss=0.410
[1315.6s] epoch 58 step 106650 avg_loss=0.407
[1316.1s] epoch 58 step 106700 avg_loss=0.406
[1316.6s] epoch 58 step 106750 avg_loss=0.403
[1317.3s] epoch 58 step 106800 avg_loss=0.412
[1318.0s] epoch 58 step 106850 avg_loss=0.416
[1318.9s] epoch 58 step 106900 avg_loss=0.441
[1319.5s] epoch 58 step 106950 avg_loss=0.432
[1320.3s] epoch 58 step 107000 avg_loss=0.442
[1321.1s] epoch 58 step 107050 avg_loss=0.445
[1321.8s] epoch 58 step 107100 avg_loss=0.456
[1322.7s] epoch 58 step 107150 avg_loss=0.478
[1323.2s] epoch 58 step 107200 avg_loss=0.478
[1324.0s] epoch 58 step 107250 avg_loss=0.478
[1324.6s] epoch 58 step 107300 avg_loss=0.467
[1325.2s] epoch 58 step 107350 avg_loss=0.462
[1325.8s] epoch 58 step 107400 avg_loss=0.464
[1326.3s] epoch 58 step 107450 avg_loss=0.476
[1326.8s] epoch 58 step 107500 avg_loss=0.496
[1327.3s] epoch 58 step 107550 avg_loss=0.498
[1328.0s] epoch 58 step 107600 avg_loss=0.493
[1328.7s] epoch 58 step 107650 avg_loss=0.491
[1329.3s] epoch 58 step 107700 avg_loss=0.491
[1329.9s] === epoch 58 done: avg_loss=0.498 (n=1826 derivations) ===
[1330.1s] epoch 59 step 107750 avg_loss=1.229
[1330.8s] epoch 59 step 107800 avg_loss=0.680
[1331.3s] epoch 59 step 107850 avg_loss=0.708
[1332.0s] epoch 59 step 107900 avg_loss=0.622
[1332.6s] epoch 59 step 107950 avg_loss=0.564
[1333.3s] epoch 59 step 108000 avg_loss=0.517
[1334.1s] epoch 59 step 108050 avg_loss=0.610
[1334.7s] epoch 59 step 108100 avg_loss=0.547
[1335.4s] epoch 59 step 108150 avg_loss=0.541
[1336.0s] epoch 59 step 108200 avg_loss=0.506
[1336.7s] epoch 59 step 108250 avg_loss=0.512
[1337.3s] epoch 59 step 108300 avg_loss=0.525
[1337.9s] epoch 59 step 108350 avg_loss=0.497
[1338.6s] epoch 59 step 108400 avg_loss=0.518
[1339.3s] epoch 59 step 108450 avg_loss=0.528
[1340.0s] epoch 59 step 108500 avg_loss=0.546
[1340.7s] epoch 59 step 108550 avg_loss=0.540
[1341.3s] epoch 59 step 108600 avg_loss=0.536
[1342.0s] epoch 59 step 108650 avg_loss=0.526
[1342.6s] epoch 59 step 108700 avg_loss=0.522
[1343.3s] epoch 59 step 108750 avg_loss=0.506
[1344.2s] epoch 59 step 108800 avg_loss=0.497
[1344.8s] epoch 59 step 108850 avg_loss=0.488
[1345.3s] epoch 59 step 108900 avg_loss=0.480
[1346.0s] epoch 59 step 108950 avg_loss=0.480
[1346.6s] epoch 59 step 109000 avg_loss=0.473
[1347.3s] epoch 59 step 109050 avg_loss=0.467
[1348.0s] epoch 59 step 109100 avg_loss=0.462
[1348.7s] epoch 59 step 109150 avg_loss=0.457
[1349.5s] epoch 59 step 109200 avg_loss=0.452
[1350.2s] epoch 59 step 109250 avg_loss=0.445
[1350.9s] epoch 59 step 109300 avg_loss=0.454
[1351.6s] epoch 59 step 109350 avg_loss=0.448
[1352.3s] epoch 59 step 109400 avg_loss=0.443
[1353.0s] epoch 59 step 109450 avg_loss=0.439
[1353.8s] epoch 59 step 109500 avg_loss=0.467
[1354.4s] epoch 59 step 109550 avg_loss=0.492
[1354.6s] === epoch 59 done: avg_loss=0.493 (n=1826 derivations) ===
[1355.0s] epoch 60 step 109600 avg_loss=0.302
[1356.0s] epoch 60 step 109650 avg_loss=0.933
[1356.7s] epoch 60 step 109700 avg_loss=0.905
[1357.6s] epoch 60 step 109750 avg_loss=0.970
[1358.3s] epoch 60 step 109800 avg_loss=0.901
[1359.0s] epoch 60 step 109850 avg_loss=0.795
[1359.7s] epoch 60 step 109900 avg_loss=0.713
[1360.1s] epoch 60 step 109950 avg_loss=0.641
[1360.7s] epoch 60 step 110000 avg_loss=0.692
[1361.3s] epoch 60 step 110050 avg_loss=0.647
[1362.1s] epoch 60 step 110100 avg_loss=0.643
[1362.6s] epoch 60 step 110150 avg_loss=0.606
[1364.1s] eval step=3500 train_avg_loss=0.571 dev_rank1_f1=0.4097 dev_edge_p=0.4123 dev_edge_r=0.4071
[1364.1s] epoch 60 step 110200 avg_loss=0.571
[1364.5s] epoch 60 step 110250 avg_loss=0.543
[1365.0s] epoch 60 step 110300 avg_loss=0.562
[1365.7s] epoch 60 step 110350 avg_loss=0.552
[1366.5s] epoch 60 step 110400 avg_loss=0.575
[1367.0s] epoch 60 step 110450 avg_loss=0.557
[1367.5s] epoch 60 step 110500 avg_loss=0.539
[1368.0s] epoch 60 step 110550 avg_loss=0.545
[1368.7s] epoch 60 step 110600 avg_loss=0.554
[1369.3s] epoch 60 step 110650 avg_loss=0.550
[1369.7s] epoch 60 step 110700 avg_loss=0.536
[1370.3s] epoch 60 step 110750 avg_loss=0.540
[1370.8s] epoch 60 step 110800 avg_loss=0.535
[1371.3s] epoch 60 step 110850 avg_loss=0.535
[1371.9s] epoch 60 step 110900 avg_loss=0.548
[1372.5s] epoch 60 step 110950 avg_loss=0.538
[1373.0s] epoch 60 step 111000 avg_loss=0.534
[1373.6s] epoch 60 step 111050 avg_loss=0.528
[1374.1s] epoch 60 step 111100 avg_loss=0.522
[1374.6s] epoch 60 step 111150 avg_loss=0.521
[1375.1s] epoch 60 step 111200 avg_loss=0.514
[1375.6s] epoch 60 step 111250 avg_loss=0.513
[1376.1s] epoch 60 step 111300 avg_loss=0.506
[1376.6s] epoch 60 step 111350 avg_loss=0.500
[1377.0s] === epoch 60 done: avg_loss=0.497 (n=1826 derivations) ===
[1377.1s] epoch 61 step 111400 avg_loss=0.176
[1377.6s] epoch 61 step 111450 avg_loss=0.204
[1378.1s] epoch 61 step 111500 avg_loss=0.204
[1378.6s] epoch 61 step 111550 avg_loss=0.428
[1379.2s] epoch 61 step 111600 avg_loss=0.432
[1379.7s] epoch 61 step 111650 avg_loss=0.531
[1380.2s] epoch 61 step 111700 avg_loss=0.511
[1380.8s] epoch 61 step 111750 avg_loss=0.498
[1381.4s] epoch 61 step 111800 avg_loss=0.516
[1381.9s] epoch 61 step 111850 avg_loss=0.521
[1382.4s] epoch 61 step 111900 avg_loss=0.498
[1382.9s] epoch 61 step 111950 avg_loss=0.529
[1383.5s] epoch 61 step 112000 avg_loss=0.511
[1384.1s] epoch 61 step 112050 avg_loss=0.531
[1384.6s] epoch 61 step 112100 avg_loss=0.538
[1385.3s] epoch 61 step 112150 avg_loss=0.541
[1386.0s] epoch 61 step 112200 avg_loss=0.526
[1386.6s] epoch 61 step 112250 avg_loss=0.519
[1387.4s] epoch 61 step 112300 avg_loss=0.512
[1388.1s] epoch 61 step 112350 avg_loss=0.499
[1388.6s] epoch 61 step 112400 avg_loss=0.482
[1389.2s] epoch 61 step 112450 avg_loss=0.499
[1389.8s] epoch 61 step 112500 avg_loss=0.488
[1390.4s] epoch 61 step 112550 avg_loss=0.499
[1391.1s] epoch 61 step 112600 avg_loss=0.524
[1391.7s] epoch 61 step 112650 avg_loss=0.513
[1392.5s] epoch 61 step 112700 avg_loss=0.510
[1393.1s] epoch 61 step 112750 avg_loss=0.501
[1393.7s] epoch 61 step 112800 avg_loss=0.497
[1394.3s] epoch 61 step 112850 avg_loss=0.504
[1395.1s] epoch 61 step 112900 avg_loss=0.516
[1395.8s] epoch 61 step 112950 avg_loss=0.514
[1396.4s] epoch 61 step 113000 avg_loss=0.507
[1397.1s] epoch 61 step 113050 avg_loss=0.514
[1397.7s] epoch 61 step 113100 avg_loss=0.508
[1398.4s] epoch 61 step 113150 avg_loss=0.500
[1399.1s] epoch 61 step 113200 avg_loss=0.504
[1399.3s] === epoch 61 done: avg_loss=0.509 (n=1826 derivations) ===
[1399.8s] epoch 62 step 113250 avg_loss=0.466
[1400.5s] epoch 62 step 113300 avg_loss=0.314
[1401.1s] epoch 62 step 113350 avg_loss=0.375
[1401.7s] epoch 62 step 113400 avg_loss=0.479
[1402.4s] epoch 62 step 113450 avg_loss=0.438
[1403.0s] epoch 62 step 113500 avg_loss=0.374
[1403.6s] epoch 62 step 113550 avg_loss=0.359
[1404.3s] epoch 62 step 113600 avg_loss=0.347
[1404.8s] epoch 62 step 113650 avg_loss=0.332
[1405.5s] epoch 62 step 113700 avg_loss=0.333
[1406.2s] epoch 62 step 113750 avg_loss=0.377
[1406.9s] epoch 62 step 113800 avg_loss=0.388
[1407.5s] epoch 62 step 113850 avg_loss=0.396
[1408.2s] epoch 62 step 113900 avg_loss=0.381
[1408.9s] epoch 62 step 113950 avg_loss=0.464
[1409.5s] epoch 62 step 114000 avg_loss=0.497
[1410.2s] epoch 62 step 114050 avg_loss=0.476
[1410.8s] epoch 62 step 114100 avg_loss=0.496
[1411.6s] epoch 62 step 114150 avg_loss=0.530
[1412.4s] epoch 62 step 114200 avg_loss=0.513
[1413.1s] epoch 62 step 114250 avg_loss=0.535
[1413.9s] epoch 62 step 114300 avg_loss=0.533
[1414.5s] epoch 62 step 114350 avg_loss=0.545
[1415.2s] epoch 62 step 114400 avg_loss=0.550
[1415.8s] epoch 62 step 114450 avg_loss=0.537
[1416.5s] epoch 62 step 114500 avg_loss=0.526
[1417.2s] epoch 62 step 114550 avg_loss=0.515
[1417.7s] epoch 62 step 114600 avg_loss=0.515
[1418.5s] epoch 62 step 114650 avg_loss=0.517
[1419.2s] epoch 62 step 114700 avg_loss=0.509
[1419.9s] epoch 62 step 114750 avg_loss=0.497
[1420.7s] epoch 62 step 114800 avg_loss=0.487
[1421.7s] epoch 62 step 114850 avg_loss=0.496
[1422.5s] epoch 62 step 114900 avg_loss=0.498
[1423.3s] epoch 62 step 114950 avg_loss=0.490
[1424.2s] epoch 62 step 115000 avg_loss=0.489
[1424.7s] === epoch 62 done: avg_loss=0.482 (n=1826 derivations) ===
[1424.8s] epoch 63 step 115050 avg_loss=0.024
[1425.5s] epoch 63 step 115100 avg_loss=0.267
[1426.2s] epoch 63 step 115150 avg_loss=0.753
[1426.9s] epoch 63 step 115200 avg_loss=0.680
[1427.5s] epoch 63 step 115250 avg_loss=0.555
[1428.2s] epoch 63 step 115300 avg_loss=0.514
[1428.8s] epoch 63 step 115350 avg_loss=0.481
[1429.5s] epoch 63 step 115400 avg_loss=0.567
[1430.2s] epoch 63 step 115450 avg_loss=0.540
[1430.7s] epoch 63 step 115500 avg_loss=0.516
[1431.4s] epoch 63 step 115550 avg_loss=0.480
[1432.5s] epoch 63 step 115600 avg_loss=0.482
[1433.6s] epoch 63 step 115650 avg_loss=0.471
[1434.2s] epoch 63 step 115700 avg_loss=0.449
[1435.0s] epoch 63 step 115750 avg_loss=0.461
[1435.6s] epoch 63 step 115800 avg_loss=0.462
[1436.1s] epoch 63 step 115850 avg_loss=0.474
[1436.6s] epoch 63 step 115900 avg_loss=0.467
[1437.3s] epoch 63 step 115950 avg_loss=0.477
[1438.0s] epoch 63 step 116000 avg_loss=0.475
[1438.6s] epoch 63 step 116050 avg_loss=0.486
[1439.1s] epoch 63 step 116100 avg_loss=0.478
[1439.7s] epoch 63 step 116150 avg_loss=0.473
[1440.4s] epoch 63 step 116200 avg_loss=0.491
[1441.1s] epoch 63 step 116250 avg_loss=0.485
[1441.8s] epoch 63 step 116300 avg_loss=0.476
[1442.5s] epoch 63 step 116350 avg_loss=0.467
[1443.3s] epoch 63 step 116400 avg_loss=0.476
[1444.1s] epoch 63 step 116450 avg_loss=0.473
[1444.7s] epoch 63 step 116500 avg_loss=0.478
[1445.2s] epoch 63 step 116550 avg_loss=0.472
[1445.7s] epoch 63 step 116600 avg_loss=0.469
[1446.5s] epoch 63 step 116650 avg_loss=0.465
[1447.2s] epoch 63 step 116700 avg_loss=0.466
[1447.9s] epoch 63 step 116750 avg_loss=0.463
[1448.6s] epoch 63 step 116800 avg_loss=0.457
[1449.2s] epoch 63 step 116850 avg_loss=0.453
[1449.4s] === epoch 63 done: avg_loss=0.454 (n=1826 derivations) ===
[1450.1s] epoch 64 step 116900 avg_loss=0.622
[1450.7s] epoch 64 step 116950 avg_loss=0.430
[1451.4s] epoch 64 step 117000 avg_loss=0.509
[1451.9s] epoch 64 step 117050 avg_loss=0.412
[1452.5s] epoch 64 step 117100 avg_loss=0.404
[1453.2s] epoch 64 step 117150 avg_loss=0.386
[1453.7s] epoch 64 step 117200 avg_loss=0.376
[1454.3s] epoch 64 step 117250 avg_loss=0.393
[1454.8s] epoch 64 step 117300 avg_loss=0.476
[1455.2s] epoch 64 step 117350 avg_loss=0.452
[1455.7s] epoch 64 step 117400 avg_loss=0.420
[1456.5s] epoch 64 step 117450 avg_loss=0.453
[1457.2s] epoch 64 step 117500 avg_loss=0.438
[1457.8s] epoch 64 step 117550 avg_loss=0.470
[1458.5s] epoch 64 step 117600 avg_loss=0.454
[1459.1s] epoch 64 step 117650 avg_loss=0.443
[1459.9s] epoch 64 step 117700 avg_loss=0.453
[1460.4s] epoch 64 step 117750 avg_loss=0.432
[1461.0s] epoch 64 step 117800 avg_loss=0.431
[1461.6s] epoch 64 step 117850 avg_loss=0.431
[1462.3s] epoch 64 step 117900 avg_loss=0.459
[1463.0s] epoch 64 step 117950 avg_loss=0.474
[1463.6s] epoch 64 step 118000 avg_loss=0.460
[1464.2s] epoch 64 step 118050 avg_loss=0.455
[1465.6s] eval step=3750 train_avg_loss=0.447 dev_rank1_f1=0.4099 dev_edge_p=0.4256 dev_edge_r=0.3952
[1465.9s] epoch 64 step 118100 avg_loss=0.454
[1466.5s] epoch 64 step 118150 avg_loss=0.454
[1467.2s] epoch 64 step 118200 avg_loss=0.450
[1467.9s] epoch 64 step 118250 avg_loss=0.462
[1468.5s] epoch 64 step 118300 avg_loss=0.459
[1469.1s] epoch 64 step 118350 avg_loss=0.456
[1469.9s] epoch 64 step 118400 avg_loss=0.471
[1470.6s] epoch 64 step 118450 avg_loss=0.465
[1471.2s] epoch 64 step 118500 avg_loss=0.467
[1471.9s] epoch 64 step 118550 avg_loss=0.465
[1472.7s] epoch 64 step 118600 avg_loss=0.460
[1473.4s] epoch 64 step 118650 avg_loss=0.460
[1473.9s] === epoch 64 done: avg_loss=0.459 (n=1826 derivations) ===
[1474.1s] epoch 65 step 118700 avg_loss=0.353
[1474.7s] epoch 65 step 118750 avg_loss=0.540
[1475.4s] epoch 65 step 118800 avg_loss=0.416
[1476.0s] epoch 65 step 118850 avg_loss=0.472
[1476.8s] epoch 65 step 118900 avg_loss=0.413
[1477.3s] epoch 65 step 118950 avg_loss=0.417
[1477.9s] epoch 65 step 119000 avg_loss=0.362
[1478.5s] epoch 65 step 119050 avg_loss=0.343
[1479.3s] epoch 65 step 119100 avg_loss=0.341
[1479.8s] epoch 65 step 119150 avg_loss=0.335
[1480.4s] epoch 65 step 119200 avg_loss=0.322
[1481.1s] epoch 65 step 119250 avg_loss=0.324
[1481.7s] epoch 65 step 119300 avg_loss=0.354
[1482.5s] epoch 65 step 119350 avg_loss=0.408
[1483.1s] epoch 65 step 119400 avg_loss=0.419
[1483.7s] epoch 65 step 119450 avg_loss=0.411
[1484.2s] epoch 65 step 119500 avg_loss=0.397
[1484.9s] epoch 65 step 119550 avg_loss=0.412
[1485.4s] epoch 65 step 119600 avg_loss=0.412
[1486.0s] epoch 65 step 119650 avg_loss=0.420
[1486.5s] epoch 65 step 119700 avg_loss=0.412
[1487.1s] epoch 65 step 119750 avg_loss=0.411
[1487.6s] epoch 65 step 119800 avg_loss=0.422
[1488.3s] epoch 65 step 119850 avg_loss=0.439
[1488.8s] epoch 65 step 119900 avg_loss=0.431
[1489.3s] epoch 65 step 119950 avg_loss=0.417
[1489.9s] epoch 65 step 120000 avg_loss=0.421
[1490.4s] epoch 65 step 120050 avg_loss=0.409
[1491.1s] epoch 65 step 120100 avg_loss=0.421
[1491.7s] epoch 65 step 120150 avg_loss=0.427
[1492.2s] epoch 65 step 120200 avg_loss=0.419
[1492.7s] epoch 65 step 120250 avg_loss=0.411
[1493.2s] epoch 65 step 120300 avg_loss=0.408
[1493.8s] epoch 65 step 120350 avg_loss=0.410
[1494.3s] epoch 65 step 120400 avg_loss=0.413
[1494.9s] epoch 65 step 120450 avg_loss=0.409
[1495.6s] epoch 65 step 120500 avg_loss=0.422
[1495.7s] === epoch 65 done: avg_loss=0.422 (n=1826 derivations) ===
[1496.1s] epoch 66 step 120550 avg_loss=0.658
[1496.6s] epoch 66 step 120600 avg_loss=0.372
[1497.3s] epoch 66 step 120650 avg_loss=0.639
[1497.8s] epoch 66 step 120700 avg_loss=0.509
[1498.3s] epoch 66 step 120750 avg_loss=0.488
[1498.8s] epoch 66 step 120800 avg_loss=0.444
[1499.4s] epoch 66 step 120850 avg_loss=0.425
[1499.8s] epoch 66 step 120900 avg_loss=0.417
[1500.4s] epoch 66 step 120950 avg_loss=0.421
[1501.0s] epoch 66 step 121000 avg_loss=0.399
[1501.7s] epoch 66 step 121050 avg_loss=0.418
[1502.4s] epoch 66 step 121100 avg_loss=0.412
[1503.0s] epoch 66 step 121150 avg_loss=0.414
[1503.5s] epoch 66 step 121200 avg_loss=0.406
[1504.2s] epoch 66 step 121250 avg_loss=0.429
[1504.9s] epoch 66 step 121300 avg_loss=0.418
[1505.6s] epoch 66 step 121350 avg_loss=0.403
[1506.4s] epoch 66 step 121400 avg_loss=0.386
[1506.9s] epoch 66 step 121450 avg_loss=0.368
[1507.6s] epoch 66 step 121500 avg_loss=0.390
[1508.3s] epoch 66 step 121550 avg_loss=0.402
[1508.8s] epoch 66 step 121600 avg_loss=0.408
[1509.5s] epoch 66 step 121650 avg_loss=0.413
[1510.1s] epoch 66 step 121700 avg_loss=0.401
[1510.8s] epoch 66 step 121750 avg_loss=0.388
[1511.4s] epoch 66 step 121800 avg_loss=0.386
[1512.1s] epoch 66 step 121850 avg_loss=0.390
[1512.6s] epoch 66 step 121900 avg_loss=0.382
[1513.1s] epoch 66 step 121950 avg_loss=0.381
[1513.6s] epoch 66 step 122000 avg_loss=0.382
[1514.0s] epoch 66 step 122050 avg_loss=0.375
[1514.5s] epoch 66 step 122100 avg_loss=0.376
[1514.9s] epoch 66 step 122150 avg_loss=0.389
[1515.4s] epoch 66 step 122200 avg_loss=0.384
[1515.9s] epoch 66 step 122250 avg_loss=0.392
[1516.4s] epoch 66 step 122300 avg_loss=0.389
[1516.8s] === epoch 66 done: avg_loss=0.386 (n=1826 derivations) ===
[1516.9s] epoch 67 step 122350 avg_loss=0.098
[1517.5s] epoch 67 step 122400 avg_loss=0.410
[1518.1s] epoch 67 step 122450 avg_loss=0.324
[1518.9s] epoch 67 step 122500 avg_loss=0.501
[1519.7s] epoch 67 step 122550 avg_loss=0.456
[1520.3s] epoch 67 step 122600 avg_loss=0.448
[1520.9s] epoch 67 step 122650 avg_loss=0.429
[1521.5s] epoch 67 step 122700 avg_loss=0.392
[1522.2s] epoch 67 step 122750 avg_loss=0.375
[1522.8s] epoch 67 step 122800 avg_loss=0.395
[1523.5s] epoch 67 step 122850 avg_loss=0.403
[1523.9s] epoch 67 step 122900 avg_loss=0.380
[1524.3s] epoch 67 step 122950 avg_loss=0.357
[1524.7s] epoch 67 step 123000 avg_loss=0.365
[1525.2s] epoch 67 step 123050 avg_loss=0.345
[1525.7s] epoch 67 step 123100 avg_loss=0.345
[1526.2s] epoch 67 step 123150 avg_loss=0.332
[1526.7s] epoch 67 step 123200 avg_loss=0.333
[1527.2s] epoch 67 step 123250 avg_loss=0.323
[1527.8s] epoch 67 step 123300 avg_loss=0.333
[1528.5s] epoch 67 step 123350 avg_loss=0.346
[1529.0s] epoch 67 step 123400 avg_loss=0.336
[1529.7s] epoch 67 step 123450 avg_loss=0.328
[1530.6s] epoch 67 step 123500 avg_loss=0.330
[1531.2s] epoch 67 step 123550 avg_loss=0.325
[1532.0s] epoch 67 step 123600 avg_loss=0.348
[1532.7s] epoch 67 step 123650 avg_loss=0.347
[1533.4s] epoch 67 step 123700 avg_loss=0.355
[1534.1s] epoch 67 step 123750 avg_loss=0.355
[1534.7s] epoch 67 step 123800 avg_loss=0.347
[1535.3s] epoch 67 step 123850 avg_loss=0.340
[1536.1s] epoch 67 step 123900 avg_loss=0.337
[1536.8s] epoch 67 step 123950 avg_loss=0.358
[1537.6s] epoch 67 step 124000 avg_loss=0.376
[1538.3s] epoch 67 step 124050 avg_loss=0.373
[1539.0s] epoch 67 step 124100 avg_loss=0.370
[1539.8s] epoch 67 step 124150 avg_loss=0.366
[1540.0s] === epoch 67 done: avg_loss=0.370 (n=1826 derivations) ===
[1540.6s] epoch 68 step 124200 avg_loss=0.228
[1541.2s] epoch 68 step 124250 avg_loss=0.162
[1541.8s] epoch 68 step 124300 avg_loss=0.216
[1542.4s] epoch 68 step 124350 avg_loss=0.203
[1543.1s] epoch 68 step 124400 avg_loss=0.250
[1543.9s] epoch 68 step 124450 avg_loss=0.270
[1544.5s] epoch 68 step 124500 avg_loss=0.263
[1545.2s] epoch 68 step 124550 avg_loss=0.255
[1545.8s] epoch 68 step 124600 avg_loss=0.240
[1546.4s] epoch 68 step 124650 avg_loss=0.242
[1547.1s] epoch 68 step 124700 avg_loss=0.240
[1547.8s] epoch 68 step 124750 avg_loss=0.240
[1548.4s] epoch 68 step 124800 avg_loss=0.254
[1549.0s] epoch 68 step 124850 avg_loss=0.244
[1549.7s] epoch 68 step 124900 avg_loss=0.267
[1550.3s] epoch 68 step 124950 avg_loss=0.266
[1551.0s] epoch 68 step 125000 avg_loss=0.275
[1551.9s] epoch 68 step 125050 avg_loss=0.304
[1552.8s] epoch 68 step 125100 avg_loss=0.309
[1553.5s] epoch 68 step 125150 avg_loss=0.301
[1554.3s] epoch 68 step 125200 avg_loss=0.293
[1554.9s] epoch 68 step 125250 avg_loss=0.298
[1555.7s] epoch 68 step 125300 avg_loss=0.304
[1556.3s] epoch 68 step 125350 avg_loss=0.297
[1557.1s] epoch 68 step 125400 avg_loss=0.326
[1557.9s] epoch 68 step 125450 avg_loss=0.337
[1558.6s] epoch 68 step 125500 avg_loss=0.331
[1559.4s] epoch 68 step 125550 avg_loss=0.346
[1560.0s] epoch 68 step 125600 avg_loss=0.341
[1560.8s] epoch 68 step 125650 avg_loss=0.337
[1561.3s] epoch 68 step 125700 avg_loss=0.335
[1561.8s] epoch 68 step 125750 avg_loss=0.329
[1562.4s] epoch 68 step 125800 avg_loss=0.341
[1563.0s] epoch 68 step 125850 avg_loss=0.333
[1563.5s] epoch 68 step 125900 avg_loss=0.331
[1564.1s] epoch 68 step 125950 avg_loss=0.329
[1565.1s] eval step=4000 train_avg_loss=0.329 dev_rank1_f1=0.3985 dev_edge_p=0.4212 dev_edge_r=0.3782
[1565.5s] === epoch 68 done: avg_loss=0.328 (n=1826 derivations) ===
[1565.5s] epoch 69 step 126000 avg_loss=0.004
[1566.0s] epoch 69 step 126050 avg_loss=0.313
[1566.9s] epoch 69 step 126100 avg_loss=0.214
[1567.4s] epoch 69 step 126150 avg_loss=0.171
[1568.2s] epoch 69 step 126200 avg_loss=0.223
[1569.0s] epoch 69 step 126250 avg_loss=0.243
[1569.6s] epoch 69 step 126300 avg_loss=0.249
[1570.2s] epoch 69 step 126350 avg_loss=0.233
[1570.9s] epoch 69 step 126400 avg_loss=0.253
[1571.5s] epoch 69 step 126450 avg_loss=0.249
[1572.2s] epoch 69 step 126500 avg_loss=0.245
[1573.0s] epoch 69 step 126550 avg_loss=0.282
[1573.8s] epoch 69 step 126600 avg_loss=0.283
[1574.7s] epoch 69 step 126650 avg_loss=0.327
[1575.4s] epoch 69 step 126700 avg_loss=0.378
[1575.9s] epoch 69 step 126750 avg_loss=0.369
[1576.4s] epoch 69 step 126800 avg_loss=0.350
[1577.0s] epoch 69 step 126850 avg_loss=0.345
[1577.6s] epoch 69 step 126900 avg_loss=0.353
[1578.2s] epoch 69 step 126950 avg_loss=0.352
[1578.9s] epoch 69 step 127000 avg_loss=0.346
[1579.6s] epoch 69 step 127050 avg_loss=0.344
[1580.4s] epoch 69 step 127100 avg_loss=0.334
[1581.2s] epoch 69 step 127150 avg_loss=0.329
[1582.0s] epoch 69 step 127200 avg_loss=0.321
[1582.5s] epoch 69 step 127250 avg_loss=0.324
[1583.1s] epoch 69 step 127300 avg_loss=0.334
[1583.9s] epoch 69 step 127350 avg_loss=0.327
[1584.7s] epoch 69 step 127400 avg_loss=0.321
[1585.3s] epoch 69 step 127450 avg_loss=0.317
[1585.9s] epoch 69 step 127500 avg_loss=0.313
[1586.6s] epoch 69 step 127550 avg_loss=0.323
[1587.3s] epoch 69 step 127600 avg_loss=0.321
[1588.0s] epoch 69 step 127650 avg_loss=0.320
[1588.7s] epoch 69 step 127700 avg_loss=0.321
[1589.5s] epoch 69 step 127750 avg_loss=0.317
[1590.1s] epoch 69 step 127800 avg_loss=0.310
[1590.3s] === epoch 69 done: avg_loss=0.307 (n=1826 derivations) ===
[1590.6s] epoch 70 step 127850 avg_loss=0.824
[1591.1s] epoch 70 step 127900 avg_loss=0.392
[1591.7s] epoch 70 step 127950 avg_loss=0.351
[1592.1s] epoch 70 step 128000 avg_loss=0.271
[1592.6s] epoch 70 step 128050 avg_loss=0.251
[1593.1s] epoch 70 step 128100 avg_loss=0.220
[1593.7s] epoch 70 step 128150 avg_loss=0.237
[1594.2s] epoch 70 step 128200 avg_loss=0.225
[1594.6s] epoch 70 step 128250 avg_loss=0.207
[1595.1s] epoch 70 step 128300 avg_loss=0.205
[1595.6s] epoch 70 step 128350 avg_loss=0.197
[1596.1s] epoch 70 step 128400 avg_loss=0.197
[1596.7s] epoch 70 step 128450 avg_loss=0.238
[1597.1s] epoch 70 step 128500 avg_loss=0.229
[1597.6s] epoch 70 step 128550 avg_loss=0.219
[1598.2s] epoch 70 step 128600 avg_loss=0.215
[1598.7s] epoch 70 step 128650 avg_loss=0.244
[1599.2s] epoch 70 step 128700 avg_loss=0.257
[1599.7s] epoch 70 step 128750 avg_loss=0.249
[1600.2s] epoch 70 step 128800 avg_loss=0.250
[1600.7s] epoch 70 step 128850 avg_loss=0.244
[1601.3s] epoch 70 step 128900 avg_loss=0.241
[1602.0s] epoch 70 step 128950 avg_loss=0.260
[1602.7s] epoch 70 step 129000 avg_loss=0.253
[1603.4s] epoch 70 step 129050 avg_loss=0.277
[1604.1s] epoch 70 step 129100 avg_loss=0.276
[1604.9s] epoch 70 step 129150 avg_loss=0.285
[1605.5s] epoch 70 step 129200 avg_loss=0.281
[1606.1s] epoch 70 step 129250 avg_loss=0.284
[1606.8s] epoch 70 step 129300 avg_loss=0.284
[1607.4s] epoch 70 step 129350 avg_loss=0.279
[1608.2s] epoch 70 step 129400 avg_loss=0.287
[1608.8s] epoch 70 step 129450 avg_loss=0.296
[1609.6s] epoch 70 step 129500 avg_loss=0.304
[1610.4s] epoch 70 step 129550 avg_loss=0.308
[1610.9s] epoch 70 step 129600 avg_loss=0.304
[1611.4s] === epoch 70 done: avg_loss=0.300 (n=1826 derivations) ===
[1611.4s] epoch 71 step 129650 avg_loss=0.114
[1611.9s] epoch 71 step 129700 avg_loss=0.374
[1612.3s] epoch 71 step 129750 avg_loss=0.228
[1612.9s] epoch 71 step 129800 avg_loss=0.229
[1613.4s] epoch 71 step 129850 avg_loss=0.285
[1613.9s] epoch 71 step 129900 avg_loss=0.308
[1614.5s] epoch 71 step 129950 avg_loss=0.314
[1615.0s] epoch 71 step 130000 avg_loss=0.298
[1615.5s] epoch 71 step 130050 avg_loss=0.302
[1616.1s] epoch 71 step 130100 avg_loss=0.320
[1616.6s] epoch 71 step 130150 avg_loss=0.300
[1617.0s] epoch 71 step 130200 avg_loss=0.283
[1617.6s] epoch 71 step 130250 avg_loss=0.308
[1618.1s] epoch 71 step 130300 avg_loss=0.293
[1618.5s] epoch 71 step 130350 avg_loss=0.296
[1618.9s] epoch 71 step 130400 avg_loss=0.280
[1619.4s] epoch 71 step 130450 avg_loss=0.267
[1619.8s] epoch 71 step 130500 avg_loss=0.270
[1620.4s] epoch 71 step 130550 avg_loss=0.261
[1620.9s] epoch 71 step 130600 avg_loss=0.271
[1621.4s] epoch 71 step 130650 avg_loss=0.277
[1621.9s] epoch 71 step 130700 avg_loss=0.268
[1622.4s] epoch 71 step 130750 avg_loss=0.276
[1623.0s] epoch 71 step 130800 avg_loss=0.276
[1623.5s] epoch 71 step 130850 avg_loss=0.273
[1624.0s] epoch 71 step 130900 avg_loss=0.270
[1624.6s] epoch 71 step 130950 avg_loss=0.270
[1625.0s] epoch 71 step 131000 avg_loss=0.264
[1625.6s] epoch 71 step 131050 avg_loss=0.283
[1626.2s] epoch 71 step 131100 avg_loss=0.303
[1626.7s] epoch 71 step 131150 avg_loss=0.297
[1627.3s] epoch 71 step 131200 avg_loss=0.303
[1627.8s] epoch 71 step 131250 avg_loss=0.299
[1628.3s] epoch 71 step 131300 avg_loss=0.294
[1628.8s] epoch 71 step 131350 avg_loss=0.301
[1629.4s] epoch 71 step 131400 avg_loss=0.301
[1630.0s] epoch 71 step 131450 avg_loss=0.299
[1630.2s] === epoch 71 done: avg_loss=0.297 (n=1826 derivations) ===
[1630.6s] epoch 72 step 131500 avg_loss=0.362
[1631.1s] epoch 72 step 131550 avg_loss=0.201
[1631.6s] epoch 72 step 131600 avg_loss=0.145
[1632.2s] epoch 72 step 131650 avg_loss=0.207
[1632.6s] epoch 72 step 131700 avg_loss=0.207
[1633.2s] epoch 72 step 131750 avg_loss=0.192
[1633.8s] epoch 72 step 131800 avg_loss=0.233
[1634.5s] epoch 72 step 131850 avg_loss=0.233
[1634.9s] epoch 72 step 131900 avg_loss=0.210
[1635.4s] epoch 72 step 131950 avg_loss=0.220
[1636.0s] epoch 72 step 132000 avg_loss=0.213
[1636.6s] epoch 72 step 132050 avg_loss=0.220
[1637.1s] epoch 72 step 132100 avg_loss=0.235
[1637.6s] epoch 72 step 132150 avg_loss=0.230
[1638.3s] epoch 72 step 132200 avg_loss=0.231
[1638.8s] epoch 72 step 132250 avg_loss=0.228
[1639.2s] epoch 72 step 132300 avg_loss=0.223
[1639.7s] epoch 72 step 132350 avg_loss=0.228
[1640.3s] epoch 72 step 132400 avg_loss=0.243
[1640.8s] epoch 72 step 132450 avg_loss=0.279
[1641.3s] epoch 72 step 132500 avg_loss=0.273
[1641.9s] epoch 72 step 132550 avg_loss=0.268
[1642.4s] epoch 72 step 132600 avg_loss=0.289
[1642.9s] epoch 72 step 132650 avg_loss=0.327
[1643.3s] epoch 72 step 132700 avg_loss=0.319
[1644.0s] epoch 72 step 132750 avg_loss=0.313
[1644.5s] epoch 72 step 132800 avg_loss=0.316
[1645.1s] epoch 72 step 132850 avg_loss=0.306
[1645.7s] epoch 72 step 132900 avg_loss=0.299
[1646.5s] epoch 72 step 132950 avg_loss=0.313
[1647.1s] epoch 72 step 133000 avg_loss=0.314
[1647.7s] epoch 72 step 133050 avg_loss=0.307
[1648.3s] epoch 72 step 133100 avg_loss=0.302
[1649.1s] epoch 72 step 133150 avg_loss=0.299
[1649.8s] epoch 72 step 133200 avg_loss=0.294
[1650.5s] epoch 72 step 133250 avg_loss=0.300
[1651.1s] === epoch 72 done: avg_loss=0.298 (n=1826 derivations) ===
[1651.2s] epoch 73 step 133300 avg_loss=0.455
[1651.8s] epoch 73 step 133350 avg_loss=0.093
[1652.5s] epoch 73 step 133400 avg_loss=0.099
[1653.2s] epoch 73 step 133450 avg_loss=0.165
[1653.7s] epoch 73 step 133500 avg_loss=0.150
[1654.2s] epoch 73 step 133550 avg_loss=0.214
[1654.9s] epoch 73 step 133600 avg_loss=0.210
[1655.5s] epoch 73 step 133650 avg_loss=0.303
[1655.9s] epoch 73 step 133700 avg_loss=0.291
[1656.4s] epoch 73 step 133750 avg_loss=0.266
[1657.1s] epoch 73 step 133800 avg_loss=0.284
[1658.4s] eval step=4250 train_avg_loss=0.289 dev_rank1_f1=0.4120 dev_edge_p=0.4379 dev_edge_r=0.3891
[1659.0s] epoch 73 step 133850 avg_loss=0.280
[1659.7s] epoch 73 step 133900 avg_loss=0.283
[1660.3s] epoch 73 step 133950 avg_loss=0.264
[1660.8s] epoch 73 step 134000 avg_loss=0.266
[1661.5s] epoch 73 step 134050 avg_loss=0.267
[1662.4s] epoch 73 step 134100 avg_loss=0.267
[1663.1s] epoch 73 step 134150 avg_loss=0.261
[1663.9s] epoch 73 step 134200 avg_loss=0.269
[1664.8s] epoch 73 step 134250 avg_loss=0.298
[1665.4s] epoch 73 step 134300 avg_loss=0.290
[1666.1s] epoch 73 step 134350 avg_loss=0.295
[1666.8s] epoch 73 step 134400 avg_loss=0.288
[1667.5s] epoch 73 step 134450 avg_loss=0.281
[1668.2s] epoch 73 step 134500 avg_loss=0.283
[1668.9s] epoch 73 step 134550 avg_loss=0.297
[1669.6s] epoch 73 step 134600 avg_loss=0.291
[1670.3s] epoch 73 step 134650 avg_loss=0.298
[1670.9s] epoch 73 step 134700 avg_loss=0.291
[1671.5s] epoch 73 step 134750 avg_loss=0.285
[1672.0s] epoch 73 step 134800 avg_loss=0.277
[1672.6s] epoch 73 step 134850 avg_loss=0.279
[1673.1s] epoch 73 step 134900 avg_loss=0.282
[1673.7s] epoch 73 step 134950 avg_loss=0.278
[1674.2s] epoch 73 step 135000 avg_loss=0.275
[1674.9s] epoch 73 step 135050 avg_loss=0.275
[1675.4s] epoch 73 step 135100 avg_loss=0.271
[1675.7s] === epoch 73 done: avg_loss=0.274 (n=1826 derivations) ===
[1676.0s] epoch 74 step 135150 avg_loss=0.561
[1676.5s] epoch 74 step 135200 avg_loss=0.455
[1677.2s] epoch 74 step 135250 avg_loss=0.646
[1677.7s] epoch 74 step 135300 avg_loss=0.535
[1678.3s] epoch 74 step 135350 avg_loss=0.460
[1678.7s] epoch 74 step 135400 avg_loss=0.397
[1679.3s] epoch 74 step 135450 avg_loss=0.375
[1679.7s] epoch 74 step 135500 avg_loss=0.339
[1680.2s] epoch 74 step 135550 avg_loss=0.352
[1680.7s] epoch 74 step 135600 avg_loss=0.332
[1681.3s] epoch 74 step 135650 avg_loss=0.330
[1681.9s] epoch 74 step 135700 avg_loss=0.322
[1682.5s] epoch 74 step 135750 avg_loss=0.309
[1683.0s] epoch 74 step 135800 avg_loss=0.296
[1683.5s] epoch 74 step 135850 avg_loss=0.280
[1684.0s] epoch 74 step 135900 avg_loss=0.282
[1684.5s] epoch 74 step 135950 avg_loss=0.276
[1685.1s] epoch 74 step 136000 avg_loss=0.265
[1685.6s] epoch 74 step 136050 avg_loss=0.256
[1686.1s] epoch 74 step 136100 avg_loss=0.252
[1686.5s] epoch 74 step 136150 avg_loss=0.245
[1687.1s] epoch 74 step 136200 avg_loss=0.249
[1687.6s] epoch 74 step 136250 avg_loss=0.267
[1688.1s] epoch 74 step 136300 avg_loss=0.269
[1688.6s] epoch 74 step 136350 avg_loss=0.263
[1689.1s] epoch 74 step 136400 avg_loss=0.258
[1689.6s] epoch 74 step 136450 avg_loss=0.282
[1690.2s] epoch 74 step 136500 avg_loss=0.281
[1690.6s] epoch 74 step 136550 avg_loss=0.274
[1691.2s] epoch 74 step 136600 avg_loss=0.271
[1691.7s] epoch 74 step 136650 avg_loss=0.265
[1692.2s] epoch 74 step 136700 avg_loss=0.261
[1692.6s] epoch 74 step 136750 avg_loss=0.258
[1693.2s] epoch 74 step 136800 avg_loss=0.260
[1693.7s] epoch 74 step 136850 avg_loss=0.274
[1694.2s] epoch 74 step 136900 avg_loss=0.270
[1694.7s] epoch 74 step 136950 avg_loss=0.266
[1694.7s] === epoch 74 done: avg_loss=0.266 (n=1826 derivations) ===
[1695.3s] epoch 75 step 137000 avg_loss=0.153
[1695.8s] epoch 75 step 137050 avg_loss=0.155
[1696.4s] epoch 75 step 137100 avg_loss=0.213
[1696.9s] epoch 75 step 137150 avg_loss=0.244
[1697.6s] epoch 75 step 137200 avg_loss=0.207
[1698.1s] epoch 75 step 137250 avg_loss=0.204
[1698.7s] epoch 75 step 137300 avg_loss=0.227
[1699.4s] epoch 75 step 137350 avg_loss=0.220
[1700.1s] epoch 75 step 137400 avg_loss=0.259
[1700.7s] epoch 75 step 137450 avg_loss=0.252
[1701.3s] epoch 75 step 137500 avg_loss=0.252
[1701.9s] epoch 75 step 137550 avg_loss=0.244
[1702.3s] epoch 75 step 137600 avg_loss=0.233
[1702.9s] epoch 75 step 137650 avg_loss=0.234
[1703.5s] epoch 75 step 137700 avg_loss=0.225
[1704.3s] epoch 75 step 137750 avg_loss=0.246
[1705.1s] epoch 75 step 137800 avg_loss=0.252
[1705.8s] epoch 75 step 137850 avg_loss=0.248
[1706.6s] epoch 75 step 137900 avg_loss=0.276
[1707.0s] epoch 75 step 137950 avg_loss=0.268
[1707.5s] epoch 75 step 138000 avg_loss=0.266
[1708.0s] epoch 75 step 138050 avg_loss=0.262
[1708.6s] epoch 75 step 138100 avg_loss=0.265
[1709.1s] epoch 75 step 138150 avg_loss=0.259
[1709.7s] epoch 75 step 138200 avg_loss=0.255
[1710.3s] epoch 75 step 138250 avg_loss=0.251
[1710.8s] epoch 75 step 138300 avg_loss=0.257
[1711.4s] epoch 75 step 138350 avg_loss=0.253
[1711.8s] epoch 75 step 138400 avg_loss=0.252
[1712.3s] epoch 75 step 138450 avg_loss=0.249
[1712.9s] epoch 75 step 138500 avg_loss=0.244
[1713.4s] epoch 75 step 138550 avg_loss=0.240
[1713.9s] epoch 75 step 138600 avg_loss=0.250
[1714.3s] epoch 75 step 138650 avg_loss=0.245
[1714.7s] epoch 75 step 138700 avg_loss=0.242
[1715.2s] epoch 75 step 138750 avg_loss=0.237
[1715.4s] === epoch 75 done: avg_loss=0.237 (n=1826 derivations) ===
[1715.6s] epoch 76 step 138800 avg_loss=0.082
[1716.1s] epoch 76 step 138850 avg_loss=0.144
[1716.6s] epoch 76 step 138900 avg_loss=0.114
[1717.2s] epoch 76 step 138950 avg_loss=0.117
[1718.0s] epoch 76 step 139000 avg_loss=0.160
[1718.6s] epoch 76 step 139050 avg_loss=0.215
[1719.3s] epoch 76 step 139100 avg_loss=0.196
[1720.0s] epoch 76 step 139150 avg_loss=0.182
[1720.7s] epoch 76 step 139200 avg_loss=0.181
[1721.3s] epoch 76 step 139250 avg_loss=0.196
[1722.0s] epoch 76 step 139300 avg_loss=0.211
[1722.7s] epoch 76 step 139350 avg_loss=0.209
[1723.4s] epoch 76 step 139400 avg_loss=0.200
[1723.9s] epoch 76 step 139450 avg_loss=0.187
[1724.7s] epoch 76 step 139500 avg_loss=0.182
[1725.2s] epoch 76 step 139550 avg_loss=0.212
[1725.9s] epoch 76 step 139600 avg_loss=0.206
[1726.6s] epoch 76 step 139650 avg_loss=0.207
[1727.3s] epoch 76 step 139700 avg_loss=0.204
[1728.2s] epoch 76 step 139750 avg_loss=0.221
[1728.9s] epoch 76 step 139800 avg_loss=0.219
[1729.5s] epoch 76 step 139850 avg_loss=0.227
[1730.2s] epoch 76 step 139900 avg_loss=0.230
[1730.8s] epoch 76 step 139950 avg_loss=0.222
[1731.4s] epoch 76 step 140000 avg_loss=0.227
[1732.0s] epoch 76 step 140050 avg_loss=0.221
[1732.7s] epoch 76 step 140100 avg_loss=0.236
[1733.4s] epoch 76 step 140150 avg_loss=0.239
[1734.1s] epoch 76 step 140200 avg_loss=0.247
[1734.8s] epoch 76 step 140250 avg_loss=0.251
[1735.4s] epoch 76 step 140300 avg_loss=0.255
[1736.2s] epoch 76 step 140350 avg_loss=0.249
[1736.9s] epoch 76 step 140400 avg_loss=0.244
[1737.5s] epoch 76 step 140450 avg_loss=0.244
[1738.1s] epoch 76 step 140500 avg_loss=0.244
[1738.7s] epoch 76 step 140550 avg_loss=0.244
[1739.3s] epoch 76 step 140600 avg_loss=0.240
[1739.3s] === epoch 76 done: avg_loss=0.240 (n=1826 derivations) ===
[1740.0s] epoch 77 step 140650 avg_loss=0.577
[1740.6s] epoch 77 step 140700 avg_loss=0.599
[1741.2s] epoch 77 step 140750 avg_loss=0.523
[1741.8s] epoch 77 step 140800 avg_loss=0.398
[1742.5s] epoch 77 step 140850 avg_loss=0.337
[1743.3s] epoch 77 step 140900 avg_loss=0.306
[1743.9s] epoch 77 step 140950 avg_loss=0.302
[1744.5s] epoch 77 step 141000 avg_loss=0.325
[1745.2s] epoch 77 step 141050 avg_loss=0.298
[1745.8s] epoch 77 step 141100 avg_loss=0.305
[1746.3s] epoch 77 step 141150 avg_loss=0.288
[1747.1s] epoch 77 step 141200 avg_loss=0.299
[1747.7s] epoch 77 step 141250 avg_loss=0.318
[1748.3s] epoch 77 step 141300 avg_loss=0.298
[1749.0s] epoch 77 step 141350 avg_loss=0.286
[1749.7s] epoch 77 step 141400 avg_loss=0.297
[1750.3s] epoch 77 step 141450 avg_loss=0.298
[1751.0s] epoch 77 step 141500 avg_loss=0.291
[1751.7s] epoch 77 step 141550 avg_loss=0.280
[1752.3s] epoch 77 step 141600 avg_loss=0.275
[1752.9s] epoch 77 step 141650 avg_loss=0.274
[1754.2s] eval step=4500 train_avg_loss=0.267 dev_rank1_f1=0.4007 dev_edge_p=0.4199 dev_edge_r=0.3831
[1754.3s] epoch 77 step 141700 avg_loss=0.273
[1754.8s] epoch 77 step 141750 avg_loss=0.266
[1755.4s] epoch 77 step 141800 avg_loss=0.269
[1755.9s] epoch 77 step 141850 avg_loss=0.260
[1756.5s] epoch 77 step 141900 avg_loss=0.267
[1756.9s] epoch 77 step 141950 avg_loss=0.278
[1757.4s] epoch 77 step 142000 avg_loss=0.275
[1757.9s] epoch 77 step 142050 avg_loss=0.277
[1758.4s] epoch 77 step 142100 avg_loss=0.272
[1758.9s] epoch 77 step 142150 avg_loss=0.269
[1759.4s] epoch 77 step 142200 avg_loss=0.263
[1759.9s] epoch 77 step 142250 avg_loss=0.259
[1760.5s] epoch 77 step 142300 avg_loss=0.266
[1761.0s] epoch 77 step 142350 avg_loss=0.264
[1761.6s] epoch 77 step 142400 avg_loss=0.260
[1762.0s] === epoch 77 done: avg_loss=0.259 (n=1826 derivations) ===
[1762.2s] epoch 78 step 142450 avg_loss=0.067
[1762.7s] epoch 78 step 142500 avg_loss=0.072
[1763.2s] epoch 78 step 142550 avg_loss=0.180
[1763.9s] epoch 78 step 142600 avg_loss=0.217
[1764.8s] epoch 78 step 142650 avg_loss=0.208
[1765.6s] epoch 78 step 142700 avg_loss=0.226
[1766.2s] epoch 78 step 142750 avg_loss=0.242
[1767.0s] epoch 78 step 142800 avg_loss=0.233
[1767.8s] epoch 78 step 142850 avg_loss=0.223
[1768.5s] epoch 78 step 142900 avg_loss=0.221
[1769.1s] epoch 78 step 142950 avg_loss=0.211
[1769.7s] epoch 78 step 143000 avg_loss=0.201
[1770.2s] epoch 78 step 143050 avg_loss=0.191
[1770.7s] epoch 78 step 143100 avg_loss=0.187
[1771.4s] epoch 78 step 143150 avg_loss=0.185
[1772.1s] epoch 78 step 143200 avg_loss=0.189
[1772.8s] epoch 78 step 143250 avg_loss=0.186
[1773.4s] epoch 78 step 143300 avg_loss=0.204
[1774.0s] epoch 78 step 143350 avg_loss=0.198
[1774.6s] epoch 78 step 143400 avg_loss=0.192
[1775.4s] epoch 78 step 143450 avg_loss=0.189
[1776.1s] epoch 78 step 143500 avg_loss=0.193
[1776.9s] epoch 78 step 143550 avg_loss=0.201
[1777.6s] epoch 78 step 143600 avg_loss=0.205
[1778.2s] epoch 78 step 143650 avg_loss=0.216
[1778.9s] epoch 78 step 143700 avg_loss=0.211
[1779.6s] epoch 78 step 143750 avg_loss=0.234
[1780.2s] epoch 78 step 143800 avg_loss=0.248
[1780.6s] epoch 78 step 143850 avg_loss=0.241
[1781.1s] epoch 78 step 143900 avg_loss=0.247
[1781.7s] epoch 78 step 143950 avg_loss=0.257
[1782.3s] epoch 78 step 144000 avg_loss=0.257
[1782.8s] epoch 78 step 144050 avg_loss=0.271
[1783.3s] epoch 78 step 144100 avg_loss=0.270
[1783.7s] epoch 78 step 144150 avg_loss=0.270
[1784.3s] epoch 78 step 144200 avg_loss=0.273
[1784.7s] epoch 78 step 144250 avg_loss=0.272
[1784.8s] === epoch 78 done: avg_loss=0.272 (n=1826 derivations) ===
[1785.3s] epoch 79 step 144300 avg_loss=0.158
[1786.0s] epoch 79 step 144350 avg_loss=0.184
[1786.6s] epoch 79 step 144400 avg_loss=0.182
[1787.3s] epoch 79 step 144450 avg_loss=0.159
[1788.0s] epoch 79 step 144500 avg_loss=0.187
[1788.6s] epoch 79 step 144550 avg_loss=0.227
[1789.0s] epoch 79 step 144600 avg_loss=0.207
[1789.5s] epoch 79 step 144650 avg_loss=0.193
[1790.0s] epoch 79 step 144700 avg_loss=0.184
[1790.4s] epoch 79 step 144750 avg_loss=0.171
[1791.0s] epoch 79 step 144800 avg_loss=0.177
[1791.4s] epoch 79 step 144850 avg_loss=0.187
[1792.0s] epoch 79 step 144900 avg_loss=0.197
[1792.6s] epoch 79 step 144950 avg_loss=0.194
[1793.1s] epoch 79 step 145000 avg_loss=0.188
[1793.8s] epoch 79 step 145050 avg_loss=0.205
[1794.3s] epoch 79 step 145100 avg_loss=0.204
[1794.9s] epoch 79 step 145150 avg_loss=0.204
[1795.4s] epoch 79 step 145200 avg_loss=0.210
[1795.9s] epoch 79 step 145250 avg_loss=0.205
[1796.4s] epoch 79 step 145300 avg_loss=0.207
[1797.0s] epoch 79 step 145350 avg_loss=0.224
[1797.4s] epoch 79 step 145400 avg_loss=0.231
[1798.0s] epoch 79 step 145450 avg_loss=0.242
[1798.4s] epoch 79 step 145500 avg_loss=0.236
[1798.9s] epoch 79 step 145550 avg_loss=0.235
[1799.4s] epoch 79 step 145600 avg_loss=0.228
[1800.2s] epoch 79 step 145650 avg_loss=0.236
[1800.6s] epoch 79 step 145700 avg_loss=0.231
[1801.1s] epoch 79 step 145750 avg_loss=0.248
[1801.7s] epoch 79 step 145800 avg_loss=0.249
[1802.4s] epoch 79 step 145850 avg_loss=0.247
[1802.9s] epoch 79 step 145900 avg_loss=0.259
[1803.5s] epoch 79 step 145950 avg_loss=0.254
[1804.0s] epoch 79 step 146000 avg_loss=0.250
[1804.5s] epoch 79 step 146050 avg_loss=0.245
[1804.9s] === epoch 79 done: avg_loss=0.243 (n=1826 derivations) ===
[1805.2s] epoch 80 step 146100 avg_loss=0.102
[1805.9s] epoch 80 step 146150 avg_loss=0.153
[1806.5s] epoch 80 step 146200 avg_loss=0.199
[1807.0s] epoch 80 step 146250 avg_loss=0.166
[1807.4s] epoch 80 step 146300 avg_loss=0.145
[1807.9s] epoch 80 step 146350 avg_loss=0.144
[1808.7s] epoch 80 step 146400 avg_loss=0.215
[1809.4s] epoch 80 step 146450 avg_loss=0.216
[1810.0s] epoch 80 step 146500 avg_loss=0.203
[1810.7s] epoch 80 step 146550 avg_loss=0.253
[1811.2s] epoch 80 step 146600 avg_loss=0.235
[1811.9s] epoch 80 step 146650 avg_loss=0.230
[1812.7s] epoch 80 step 146700 avg_loss=0.240
[1813.3s] epoch 80 step 146750 avg_loss=0.256
[1814.0s] epoch 80 step 146800 avg_loss=0.256
[1814.8s] epoch 80 step 146850 avg_loss=0.259
[1815.3s] epoch 80 step 146900 avg_loss=0.261
[1816.0s] epoch 80 step 146950 avg_loss=0.257
[1816.6s] epoch 80 step 147000 avg_loss=0.252
[1817.2s] epoch 80 step 147050 avg_loss=0.250
[1817.7s] epoch 80 step 147100 avg_loss=0.240
[1818.4s] epoch 80 step 147150 avg_loss=0.280
[1819.0s] epoch 80 step 147200 avg_loss=0.293
[1820.0s] epoch 80 step 147250 avg_loss=0.295
[1820.6s] epoch 80 step 147300 avg_loss=0.289
[1821.4s] epoch 80 step 147350 avg_loss=0.292
[1821.9s] epoch 80 step 147400 avg_loss=0.288
[1822.5s] epoch 80 step 147450 avg_loss=0.280
[1823.1s] epoch 80 step 147500 avg_loss=0.275
[1823.7s] epoch 80 step 147550 avg_loss=0.298
[1824.4s] epoch 80 step 147600 avg_loss=0.296
[1825.0s] epoch 80 step 147650 avg_loss=0.298
[1825.6s] epoch 80 step 147700 avg_loss=0.299
[1826.3s] epoch 80 step 147750 avg_loss=0.299
[1826.9s] epoch 80 step 147800 avg_loss=0.294
[1827.3s] epoch 80 step 147850 avg_loss=0.294
[1827.8s] epoch 80 step 147900 avg_loss=0.293
[1827.8s] === epoch 80 done: avg_loss=0.293 (n=1826 derivations) ===
[1828.2s] epoch 81 step 147950 avg_loss=0.296
[1828.9s] epoch 81 step 148000 avg_loss=0.400
[1829.4s] epoch 81 step 148050 avg_loss=0.344
[1829.9s] epoch 81 step 148100 avg_loss=0.293
[1830.4s] epoch 81 step 148150 avg_loss=0.285
[1830.9s] epoch 81 step 148200 avg_loss=0.290
[1831.4s] epoch 81 step 148250 avg_loss=0.278
[1831.9s] epoch 81 step 148300 avg_loss=0.262
[1832.4s] epoch 81 step 148350 avg_loss=0.274
[1832.9s] epoch 81 step 148400 avg_loss=0.301
[1833.5s] epoch 81 step 148450 avg_loss=0.297
[1834.0s] epoch 81 step 148500 avg_loss=0.290
[1834.6s] epoch 81 step 148550 avg_loss=0.282
[1835.4s] epoch 81 step 148600 avg_loss=0.289
[1836.1s] epoch 81 step 148650 avg_loss=0.299
[1836.6s] epoch 81 step 148700 avg_loss=0.294
[1837.2s] epoch 81 step 148750 avg_loss=0.290
[1837.8s] epoch 81 step 148800 avg_loss=0.292
[1838.5s] epoch 81 step 148850 avg_loss=0.285
[1839.1s] epoch 81 step 148900 avg_loss=0.275
[1839.8s] epoch 81 step 148950 avg_loss=0.270
[1840.5s] epoch 81 step 149000 avg_loss=0.267
[1841.2s] epoch 81 step 149050 avg_loss=0.274
[1842.0s] epoch 81 step 149100 avg_loss=0.279
[1842.6s] epoch 81 step 149150 avg_loss=0.280
[1843.2s] epoch 81 step 149200 avg_loss=0.297
[1843.7s] epoch 81 step 149250 avg_loss=0.303
[1844.3s] epoch 81 step 149300 avg_loss=0.310
[1844.8s] epoch 81 step 149350 avg_loss=0.306
[1845.3s] epoch 81 step 149400 avg_loss=0.300
[1845.8s] epoch 81 step 149450 avg_loss=0.298
[1846.3s] epoch 81 step 149500 avg_loss=0.293
[1846.8s] epoch 81 step 149550 avg_loss=0.295
[1847.8s] eval step=4750 train_avg_loss=0.292 dev_rank1_f1=0.3935 dev_edge_p=0.4009 dev_edge_r=0.3863
[1848.2s] epoch 81 step 149600 avg_loss=0.296
[1848.7s] epoch 81 step 149650 avg_loss=0.292
[1849.2s] epoch 81 step 149700 avg_loss=0.294
[1849.6s] === epoch 81 done: avg_loss=0.302 (n=1826 derivations) ===
[1849.9s] epoch 82 step 149750 avg_loss=0.585
[1850.4s] epoch 82 step 149800 avg_loss=0.280
[1851.0s] epoch 82 step 149850 avg_loss=0.304
[1851.6s] epoch 82 step 149900 avg_loss=0.423
[1852.1s] epoch 82 step 149950 avg_loss=0.395
[1852.5s] epoch 82 step 150000 avg_loss=0.369
[1853.1s] epoch 82 step 150050 avg_loss=0.348
[1853.5s] epoch 82 step 150100 avg_loss=0.316
[1854.1s] epoch 82 step 150150 avg_loss=0.332
[1854.7s] epoch 82 step 150200 avg_loss=0.349
[1855.2s] epoch 82 step 150250 avg_loss=0.346
[1855.7s] epoch 82 step 150300 avg_loss=0.324
[1856.2s] epoch 82 step 150350 avg_loss=0.330
[1856.6s] epoch 82 step 150400 avg_loss=0.319
[1857.1s] epoch 82 step 150450 avg_loss=0.324
[1857.7s] epoch 82 step 150500 avg_loss=0.329
[1858.2s] epoch 82 step 150550 avg_loss=0.315
[1858.7s] epoch 82 step 150600 avg_loss=0.331
[1859.2s] epoch 82 step 150650 avg_loss=0.320
[1859.8s] epoch 82 step 150700 avg_loss=0.321
[1860.3s] epoch 82 step 150750 avg_loss=0.323
[1860.8s] epoch 82 step 150800 avg_loss=0.317
[1861.4s] epoch 82 step 150850 avg_loss=0.316
[1861.9s] epoch 82 step 150900 avg_loss=0.318
[1862.7s] epoch 82 step 150950 avg_loss=0.322
[1863.4s] epoch 82 step 151000 avg_loss=0.320
[1864.1s] epoch 82 step 151050 avg_loss=0.320
[1864.7s] epoch 82 step 151100 avg_loss=0.320
[1865.2s] epoch 82 step 151150 avg_loss=0.311
[1865.9s] epoch 82 step 151200 avg_loss=0.305
[1866.7s] epoch 82 step 151250 avg_loss=0.310
[1867.4s] epoch 82 step 151300 avg_loss=0.307
[1868.1s] epoch 82 step 151350 avg_loss=0.306
[1868.7s] epoch 82 step 151400 avg_loss=0.309
[1869.4s] epoch 82 step 151450 avg_loss=0.303
[1869.9s] epoch 82 step 151500 avg_loss=0.309
[1870.4s] epoch 82 step 151550 avg_loss=0.305
[1870.4s] === epoch 82 done: avg_loss=0.304 (n=1826 derivations) ===
[1870.9s] epoch 83 step 151600 avg_loss=0.333
[1871.6s] epoch 83 step 151650 avg_loss=0.339
[1872.3s] epoch 83 step 151700 avg_loss=0.293
[1872.8s] epoch 83 step 151750 avg_loss=0.304
[1873.5s] epoch 83 step 151800 avg_loss=0.313
[1874.2s] epoch 83 step 151850 avg_loss=0.406
[1875.0s] epoch 83 step 151900 avg_loss=0.406
[1875.6s] epoch 83 step 151950 avg_loss=0.394
[1876.1s] epoch 83 step 152000 avg_loss=0.387
[1876.9s] epoch 83 step 152050 avg_loss=0.362
[1877.6s] epoch 83 step 152100 avg_loss=0.342
[1878.1s] epoch 83 step 152150 avg_loss=0.327
[1878.9s] epoch 83 step 152200 avg_loss=0.318
[1879.6s] epoch 83 step 152250 avg_loss=0.320
[1880.3s] epoch 83 step 152300 avg_loss=0.309
[1881.1s] epoch 83 step 152350 avg_loss=0.305
[1881.8s] epoch 83 step 152400 avg_loss=0.307
[1882.4s] epoch 83 step 152450 avg_loss=0.310
[1883.2s] epoch 83 step 152500 avg_loss=0.322
[1883.7s] epoch 83 step 152550 avg_loss=0.330
[1884.2s] epoch 83 step 152600 avg_loss=0.333
[1884.7s] epoch 83 step 152650 avg_loss=0.351
[1885.3s] epoch 83 step 152700 avg_loss=0.356
[1885.7s] epoch 83 step 152750 avg_loss=0.346
[1886.3s] epoch 83 step 152800 avg_loss=0.346
[1886.8s] epoch 83 step 152850 avg_loss=0.361
[1887.2s] epoch 83 step 152900 avg_loss=0.367
[1887.6s] epoch 83 step 152950 avg_loss=0.359
[1888.3s] epoch 83 step 153000 avg_loss=0.352
[1889.1s] epoch 83 step 153050 avg_loss=0.373
[1889.7s] epoch 83 step 153100 avg_loss=0.374
[1890.2s] epoch 83 step 153150 avg_loss=0.372
[1890.7s] epoch 83 step 153200 avg_loss=0.366
[1891.3s] epoch 83 step 153250 avg_loss=0.361
[1891.8s] epoch 83 step 153300 avg_loss=0.363
[1892.3s] epoch 83 step 153350 avg_loss=0.360
[1892.5s] === epoch 83 done: avg_loss=0.355 (n=1826 derivations) ===
[1892.7s] epoch 84 step 153400 avg_loss=0.345
[1893.2s] epoch 84 step 153450 avg_loss=0.187
[1893.8s] epoch 84 step 153500 avg_loss=0.303
[1894.3s] epoch 84 step 153550 avg_loss=0.420
[1894.8s] epoch 84 step 153600 avg_loss=0.370
[1895.4s] epoch 84 step 153650 avg_loss=0.413
[1896.0s] epoch 84 step 153700 avg_loss=0.380
[1896.6s] epoch 84 step 153750 avg_loss=0.349
[1897.3s] epoch 84 step 153800 avg_loss=0.366
[1898.0s] epoch 84 step 153850 avg_loss=0.417
[1898.7s] epoch 84 step 153900 avg_loss=0.400
[1899.5s] epoch 84 step 153950 avg_loss=0.396
[1900.2s] epoch 84 step 154000 avg_loss=0.388
[1900.9s] epoch 84 step 154050 avg_loss=0.376
[1901.5s] epoch 84 step 154100 avg_loss=0.375
[1902.1s] epoch 84 step 154150 avg_loss=0.369
[1902.7s] epoch 84 step 154200 avg_loss=0.361
[1903.4s] epoch 84 step 154250 avg_loss=0.356
[1904.0s] epoch 84 step 154300 avg_loss=0.346
[1904.8s] epoch 84 step 154350 avg_loss=0.339
[1905.4s] epoch 84 step 154400 avg_loss=0.330
[1906.1s] epoch 84 step 154450 avg_loss=0.323
[1906.8s] epoch 84 step 154500 avg_loss=0.327
[1907.6s] epoch 84 step 154550 avg_loss=0.338
[1908.2s] epoch 84 step 154600 avg_loss=0.331
[1909.0s] epoch 84 step 154650 avg_loss=0.342
[1909.6s] epoch 84 step 154700 avg_loss=0.340
[1910.1s] epoch 84 step 154750 avg_loss=0.331
[1910.9s] epoch 84 step 154800 avg_loss=0.347
[1911.6s] epoch 84 step 154850 avg_loss=0.349
[1912.3s] epoch 84 step 154900 avg_loss=0.350
[1913.0s] epoch 84 step 154950 avg_loss=0.356
[1913.6s] epoch 84 step 155000 avg_loss=0.357
[1914.2s] epoch 84 step 155050 avg_loss=0.354
[1914.8s] epoch 84 step 155100 avg_loss=0.362
[1915.3s] epoch 84 step 155150 avg_loss=0.359
[1916.0s] epoch 84 step 155200 avg_loss=0.367
[1916.2s] === epoch 84 done: avg_loss=0.366 (n=1826 derivations) ===
[1916.8s] epoch 85 step 155250 avg_loss=0.293
[1917.4s] epoch 85 step 155300 avg_loss=0.235
[1918.0s] epoch 85 step 155350 avg_loss=0.330
[1918.6s] epoch 85 step 155400 avg_loss=0.405
[1919.4s] epoch 85 step 155450 avg_loss=0.422
[1920.1s] epoch 85 step 155500 avg_loss=0.408
[1920.7s] epoch 85 step 155550 avg_loss=0.396
[1921.3s] epoch 85 step 155600 avg_loss=0.425
[1922.1s] epoch 85 step 155650 avg_loss=0.426
[1922.8s] epoch 85 step 155700 avg_loss=0.451
[1923.6s] epoch 85 step 155750 avg_loss=0.460
[1924.1s] epoch 85 step 155800 avg_loss=0.431
[1924.7s] epoch 85 step 155850 avg_loss=0.424
[1925.3s] epoch 85 step 155900 avg_loss=0.409
[1925.9s] epoch 85 step 155950 avg_loss=0.397
[1926.5s] epoch 85 step 156000 avg_loss=0.403
[1927.2s] epoch 85 step 156050 avg_loss=0.415
[1927.9s] epoch 85 step 156100 avg_loss=0.396
[1928.6s] epoch 85 step 156150 avg_loss=0.399
[1929.6s] epoch 85 step 156200 avg_loss=0.400
[1930.3s] epoch 85 step 156250 avg_loss=0.390
[1930.9s] epoch 85 step 156300 avg_loss=0.380
[1931.6s] epoch 85 step 156350 avg_loss=0.381
[1932.4s] epoch 85 step 156400 avg_loss=0.400
[1933.1s] epoch 85 step 156450 avg_loss=0.406
[1933.9s] epoch 85 step 156500 avg_loss=0.413
[1934.5s] epoch 85 step 156550 avg_loss=0.408
[1935.2s] epoch 85 step 156600 avg_loss=0.412
[1935.9s] epoch 85 step 156650 avg_loss=0.415
[1936.5s] epoch 85 step 156700 avg_loss=0.419
[1937.2s] epoch 85 step 156750 avg_loss=0.417
[1938.0s] epoch 85 step 156800 avg_loss=0.415
[1938.7s] epoch 85 step 156850 avg_loss=0.408
[1939.2s] epoch 85 step 156900 avg_loss=0.406
[1940.0s] epoch 85 step 156950 avg_loss=0.405
[1940.7s] epoch 85 step 157000 avg_loss=0.401
[1941.2s] === epoch 85 done: avg_loss=0.407 (n=1826 derivations) ===
[1941.4s] epoch 86 step 157050 avg_loss=0.268
[1942.0s] epoch 86 step 157100 avg_loss=0.249
[1942.7s] epoch 86 step 157150 avg_loss=0.249
[1943.4s] epoch 86 step 157200 avg_loss=0.260
[1944.0s] epoch 86 step 157250 avg_loss=0.243
[1944.7s] epoch 86 step 157300 avg_loss=0.275
[1945.3s] epoch 86 step 157350 avg_loss=0.260
[1946.1s] epoch 86 step 157400 avg_loss=0.286
[1947.7s] eval step=5000 train_avg_loss=0.293 dev_rank1_f1=0.4344 dev_edge_p=0.4412 dev_edge_r=0.4278
[1948.1s] epoch 86 step 157450 avg_loss=0.302
[1948.8s] epoch 86 step 157500 avg_loss=0.305
[1949.6s] epoch 86 step 157550 avg_loss=0.305
[1950.3s] epoch 86 step 157600 avg_loss=0.298
[1951.1s] epoch 86 step 157650 avg_loss=0.318
[1951.8s] epoch 86 step 157700 avg_loss=0.320
[1952.4s] epoch 86 step 157750 avg_loss=0.326
[1953.1s] epoch 86 step 157800 avg_loss=0.321
[1953.7s] epoch 86 step 157850 avg_loss=0.320
[1954.4s] epoch 86 step 157900 avg_loss=0.320
[1954.9s] epoch 86 step 157950 avg_loss=0.324
[1955.5s] epoch 86 step 158000 avg_loss=0.323
[1955.9s] epoch 86 step 158050 avg_loss=0.312
[1956.4s] epoch 86 step 158100 avg_loss=0.307
[1956.9s] epoch 86 step 158150 avg_loss=0.309
[1957.4s] epoch 86 step 158200 avg_loss=0.300
[1958.0s] epoch 86 step 158250 avg_loss=0.303
[1958.6s] epoch 86 step 158300 avg_loss=0.303
[1959.4s] epoch 86 step 158350 avg_loss=0.317
[1960.0s] epoch 86 step 158400 avg_loss=0.317
[1960.9s] epoch 86 step 158450 avg_loss=0.320
[1961.5s] epoch 86 step 158500 avg_loss=0.314
[1962.0s] epoch 86 step 158550 avg_loss=0.308
[1962.7s] epoch 86 step 158600 avg_loss=0.311
[1963.4s] epoch 86 step 158650 avg_loss=0.310
[1964.1s] epoch 86 step 158700 avg_loss=0.307
[1964.8s] epoch 86 step 158750 avg_loss=0.310
[1965.6s] epoch 86 step 158800 avg_loss=0.311
[1966.2s] epoch 86 step 158850 avg_loss=0.308
[1966.4s] === epoch 86 done: avg_loss=0.311 (n=1826 derivations) ===
[1967.0s] epoch 87 step 158900 avg_loss=0.426
[1967.6s] epoch 87 step 158950 avg_loss=0.236
[1968.2s] epoch 87 step 159000 avg_loss=0.219
[1968.9s] epoch 87 step 159050 avg_loss=0.198
[1969.4s] epoch 87 step 159100 avg_loss=0.198
[1970.1s] epoch 87 step 159150 avg_loss=0.198
[1970.7s] epoch 87 step 159200 avg_loss=0.185
[1971.5s] epoch 87 step 159250 avg_loss=0.258
[1972.2s] epoch 87 step 159300 avg_loss=0.244
[1972.8s] epoch 87 step 159350 avg_loss=0.231
[1973.5s] epoch 87 step 159400 avg_loss=0.228
[1974.2s] epoch 87 step 159450 avg_loss=0.221
[1974.9s] epoch 87 step 159500 avg_loss=0.231
[1975.5s] epoch 87 step 159550 avg_loss=0.236
[1976.2s] epoch 87 step 159600 avg_loss=0.251
[1976.9s] epoch 87 step 159650 avg_loss=0.252
[1977.5s] epoch 87 step 159700 avg_loss=0.243
[1978.2s] epoch 87 step 159750 avg_loss=0.248
[1978.8s] epoch 87 step 159800 avg_loss=0.252
[1979.5s] epoch 87 step 159850 avg_loss=0.258
[1980.2s] epoch 87 step 159900 avg_loss=0.269
[1980.9s] epoch 87 step 159950 avg_loss=0.265
[1981.5s] epoch 87 step 160000 avg_loss=0.272
[1982.2s] epoch 87 step 160050 avg_loss=0.271
[1983.0s] epoch 87 step 160100 avg_loss=0.274
[1983.8s] epoch 87 step 160150 avg_loss=0.288
[1984.5s] epoch 87 step 160200 avg_loss=0.282
[1985.1s] epoch 87 step 160250 avg_loss=0.280
[1985.8s] epoch 87 step 160300 avg_loss=0.277
[1986.4s] epoch 87 step 160350 avg_loss=0.280
[1987.0s] epoch 87 step 160400 avg_loss=0.276
[1987.5s] epoch 87 step 160450 avg_loss=0.272
[1988.1s] epoch 87 step 160500 avg_loss=0.271
[1988.8s] epoch 87 step 160550 avg_loss=0.268
[1989.5s] epoch 87 step 160600 avg_loss=0.282
[1990.2s] epoch 87 step 160650 avg_loss=0.284
[1990.7s] === epoch 87 done: avg_loss=0.288 (n=1826 derivations) ===
[1990.9s] epoch 88 step 160700 avg_loss=0.056
[1991.5s] epoch 88 step 160750 avg_loss=0.248
[1992.2s] epoch 88 step 160800 avg_loss=0.212
[1992.8s] epoch 88 step 160850 avg_loss=0.191
[1993.4s] epoch 88 step 160900 avg_loss=0.188
[1994.0s] epoch 88 step 160950 avg_loss=0.188
[1994.8s] epoch 88 step 161000 avg_loss=0.247
[1995.6s] epoch 88 step 161050 avg_loss=0.248
[1996.4s] epoch 88 step 161100 avg_loss=0.242
[1997.1s] epoch 88 step 161150 avg_loss=0.245
[1997.8s] epoch 88 step 161200 avg_loss=0.233
[1998.6s] epoch 88 step 161250 avg_loss=0.229
[1999.4s] epoch 88 step 161300 avg_loss=0.218
[2000.1s] epoch 88 step 161350 avg_loss=0.216
[2000.7s] epoch 88 step 161400 avg_loss=0.206
[2001.2s] epoch 88 step 161450 avg_loss=0.220
[2001.6s] epoch 88 step 161500 avg_loss=0.212
[2002.1s] epoch 88 step 161550 avg_loss=0.204
[2002.6s] epoch 88 step 161600 avg_loss=0.203
[2003.0s] epoch 88 step 161650 avg_loss=0.202
[2003.5s] epoch 88 step 161700 avg_loss=0.201
[2004.0s] epoch 88 step 161750 avg_loss=0.207
[2004.5s] epoch 88 step 161800 avg_loss=0.206
[2005.1s] epoch 88 step 161850 avg_loss=0.233
[2005.7s] epoch 88 step 161900 avg_loss=0.235
[2006.3s] epoch 88 step 161950 avg_loss=0.233
[2006.9s] epoch 88 step 162000 avg_loss=0.234
[2007.4s] epoch 88 step 162050 avg_loss=0.229
[2007.8s] epoch 88 step 162100 avg_loss=0.233
[2008.2s] epoch 88 step 162150 avg_loss=0.228
[2008.7s] epoch 88 step 162200 avg_loss=0.223
[2009.3s] epoch 88 step 162250 avg_loss=0.230
[2009.9s] epoch 88 step 162300 avg_loss=0.230
[2010.3s] epoch 88 step 162350 avg_loss=0.230
[2011.0s] epoch 88 step 162400 avg_loss=0.229
[2011.5s] epoch 88 step 162450 avg_loss=0.231
[2012.2s] epoch 88 step 162500 avg_loss=0.239
[2012.4s] === epoch 88 done: avg_loss=0.242 (n=1826 derivations) ===
[2012.8s] epoch 89 step 162550 avg_loss=0.168
[2013.3s] epoch 89 step 162600 avg_loss=0.151
[2014.0s] epoch 89 step 162650 avg_loss=0.190
[2014.9s] epoch 89 step 162700 avg_loss=0.282
[2015.6s] epoch 89 step 162750 avg_loss=0.258
[2016.4s] epoch 89 step 162800 avg_loss=0.255
[2017.1s] epoch 89 step 162850 avg_loss=0.237
[2018.0s] epoch 89 step 162900 avg_loss=0.235
[2018.5s] epoch 89 step 162950 avg_loss=0.228
[2019.2s] epoch 89 step 163000 avg_loss=0.222
[2019.7s] epoch 89 step 163050 avg_loss=0.227
[2020.4s] epoch 89 step 163100 avg_loss=0.249
[2021.0s] epoch 89 step 163150 avg_loss=0.237
[2021.8s] epoch 89 step 163200 avg_loss=0.273
[2022.5s] epoch 89 step 163250 avg_loss=0.274
[2023.2s] epoch 89 step 163300 avg_loss=0.289
[2023.7s] epoch 89 step 163350 avg_loss=0.277
[2024.3s] epoch 89 step 163400 avg_loss=0.272
[2025.0s] epoch 89 step 163450 avg_loss=0.266
[2025.8s] epoch 89 step 163500 avg_loss=0.267
[2026.5s] epoch 89 step 163550 avg_loss=0.269
[2027.2s] epoch 89 step 163600 avg_loss=0.263
[2028.0s] epoch 89 step 163650 avg_loss=0.271
[2028.7s] epoch 89 step 163700 avg_loss=0.263
[2029.3s] epoch 89 step 163750 avg_loss=0.261
[2030.1s] epoch 89 step 163800 avg_loss=0.253
[2030.7s] epoch 89 step 163850 avg_loss=0.249
[2031.4s] epoch 89 step 163900 avg_loss=0.241
[2032.0s] epoch 89 step 163950 avg_loss=0.237
[2032.7s] epoch 89 step 164000 avg_loss=0.239
[2033.4s] epoch 89 step 164050 avg_loss=0.238
[2034.3s] epoch 89 step 164100 avg_loss=0.237
[2035.0s] epoch 89 step 164150 avg_loss=0.232
[2035.6s] epoch 89 step 164200 avg_loss=0.227
[2036.3s] epoch 89 step 164250 avg_loss=0.225
[2037.0s] epoch 89 step 164300 avg_loss=0.223
[2037.5s] === epoch 89 done: avg_loss=0.228 (n=1826 derivations) ===
[2037.6s] epoch 90 step 164350 avg_loss=0.109
[2038.1s] epoch 90 step 164400 avg_loss=0.034
[2038.8s] epoch 90 step 164450 avg_loss=0.055
[2039.5s] epoch 90 step 164500 avg_loss=0.238
[2040.2s] epoch 90 step 164550 avg_loss=0.209
[2040.7s] epoch 90 step 164600 avg_loss=0.210
[2041.3s] epoch 90 step 164650 avg_loss=0.199
[2042.0s] epoch 90 step 164700 avg_loss=0.197
[2042.6s] epoch 90 step 164750 avg_loss=0.188
[2043.2s] epoch 90 step 164800 avg_loss=0.177
[2043.7s] epoch 90 step 164850 avg_loss=0.170
[2044.2s] epoch 90 step 164900 avg_loss=0.172
[2044.8s] epoch 90 step 164950 avg_loss=0.175
[2045.3s] epoch 90 step 165000 avg_loss=0.164
[2045.7s] epoch 90 step 165050 avg_loss=0.166
[2046.2s] epoch 90 step 165100 avg_loss=0.159
[2046.9s] epoch 90 step 165150 avg_loss=0.174
[2047.4s] epoch 90 step 165200 avg_loss=0.169
[2048.1s] epoch 90 step 165250 avg_loss=0.165
[2049.7s] eval step=5250 train_avg_loss=0.163 dev_rank1_f1=0.4023 dev_edge_p=0.4152 dev_edge_r=0.3901
[2049.7s] epoch 90 step 165300 avg_loss=0.163
[2050.4s] epoch 90 step 165350 avg_loss=0.164
[2051.1s] epoch 90 step 165400 avg_loss=0.164
[2051.7s] epoch 90 step 165450 avg_loss=0.161
[2052.3s] epoch 90 step 165500 avg_loss=0.160
[2053.0s] epoch 90 step 165550 avg_loss=0.158
[2053.6s] epoch 90 step 165600 avg_loss=0.165
[2054.2s] epoch 90 step 165650 avg_loss=0.163
[2054.7s] epoch 90 step 165700 avg_loss=0.173
[2055.5s] epoch 90 step 165750 avg_loss=0.177
[2056.3s] epoch 90 step 165800 avg_loss=0.181
[2056.9s] epoch 90 step 165850 avg_loss=0.178
[2057.5s] epoch 90 step 165900 avg_loss=0.176
[2058.0s] epoch 90 step 165950 avg_loss=0.174
[2058.6s] epoch 90 step 166000 avg_loss=0.174
[2059.1s] epoch 90 step 166050 avg_loss=0.171
[2059.7s] epoch 90 step 166100 avg_loss=0.177
[2060.3s] epoch 90 step 166150 avg_loss=0.176
[2060.5s] === epoch 90 done: avg_loss=0.177 (n=1826 derivations) ===
[2060.9s] epoch 91 step 166200 avg_loss=0.057
[2061.5s] epoch 91 step 166250 avg_loss=0.206
[2062.1s] epoch 91 step 166300 avg_loss=0.181
[2062.6s] epoch 91 step 166350 avg_loss=0.151
[2063.2s] epoch 91 step 166400 avg_loss=0.159
[2063.8s] epoch 91 step 166450 avg_loss=0.148
[2064.3s] epoch 91 step 166500 avg_loss=0.132
[2064.8s] epoch 91 step 166550 avg_loss=0.139
[2065.5s] epoch 91 step 166600 avg_loss=0.145
[2066.1s] epoch 91 step 166650 avg_loss=0.136
[2066.6s] epoch 91 step 166700 avg_loss=0.129
[2067.1s] epoch 91 step 166750 avg_loss=0.136
[2067.6s] epoch 91 step 166800 avg_loss=0.135
[2068.2s] epoch 91 step 166850 avg_loss=0.134
[2068.7s] epoch 91 step 166900 avg_loss=0.135
[2069.3s] epoch 91 step 166950 avg_loss=0.134
[2069.8s] epoch 91 step 167000 avg_loss=0.145
[2070.5s] epoch 91 step 167050 avg_loss=0.149
[2071.0s] epoch 91 step 167100 avg_loss=0.147
[2071.6s] epoch 91 step 167150 avg_loss=0.174
[2072.2s] epoch 91 step 167200 avg_loss=0.177
[2072.8s] epoch 91 step 167250 avg_loss=0.170
[2073.4s] epoch 91 step 167300 avg_loss=0.172
[2073.9s] epoch 91 step 167350 avg_loss=0.169
[2074.7s] epoch 91 step 167400 avg_loss=0.166
[2075.2s] epoch 91 step 167450 avg_loss=0.160
[2075.9s] epoch 91 step 167500 avg_loss=0.168
[2076.5s] epoch 91 step 167550 avg_loss=0.167
[2077.1s] epoch 91 step 167600 avg_loss=0.166
[2077.7s] epoch 91 step 167650 avg_loss=0.162
[2078.3s] epoch 91 step 167700 avg_loss=0.159
[2079.1s] epoch 91 step 167750 avg_loss=0.168
[2079.6s] epoch 91 step 167800 avg_loss=0.163
[2080.2s] epoch 91 step 167850 avg_loss=0.163
[2080.7s] epoch 91 step 167900 avg_loss=0.163
[2081.4s] epoch 91 step 167950 avg_loss=0.163
[2082.1s] === epoch 91 done: avg_loss=0.164 (n=1826 derivations) ===
[2082.2s] epoch 92 step 168000 avg_loss=0.187
[2082.7s] epoch 92 step 168050 avg_loss=0.109
[2083.2s] epoch 92 step 168100 avg_loss=0.099
[2083.7s] epoch 92 step 168150 avg_loss=0.081
[2084.2s] epoch 92 step 168200 avg_loss=0.078
[2084.7s] epoch 92 step 168250 avg_loss=0.070
[2085.3s] epoch 92 step 168300 avg_loss=0.079
[2085.7s] epoch 92 step 168350 avg_loss=0.088
[2086.3s] epoch 92 step 168400 avg_loss=0.100
[2086.8s] epoch 92 step 168450 avg_loss=0.105
[2087.4s] epoch 92 step 168500 avg_loss=0.099
[2088.1s] epoch 92 step 168550 avg_loss=0.094
[2088.8s] epoch 92 step 168600 avg_loss=0.164
[2089.6s] epoch 92 step 168650 avg_loss=0.182
[2090.2s] epoch 92 step 168700 avg_loss=0.177
[2090.9s] epoch 92 step 168750 avg_loss=0.204
[2091.6s] epoch 92 step 168800 avg_loss=0.204
[2092.3s] epoch 92 step 168850 avg_loss=0.197
[2093.0s] epoch 92 step 168900 avg_loss=0.192
[2093.6s] epoch 92 step 168950 avg_loss=0.186
[2094.5s] epoch 92 step 169000 avg_loss=0.199
[2095.1s] epoch 92 step 169050 avg_loss=0.193
[2095.7s] epoch 92 step 169100 avg_loss=0.188
[2096.3s] epoch 92 step 169150 avg_loss=0.192
[2097.0s] epoch 92 step 169200 avg_loss=0.191
[2097.7s] epoch 92 step 169250 avg_loss=0.189
[2098.4s] epoch 92 step 169300 avg_loss=0.196
[2099.1s] epoch 92 step 169350 avg_loss=0.197
[2099.7s] epoch 92 step 169400 avg_loss=0.193
[2100.3s] epoch 92 step 169450 avg_loss=0.189
[2101.8s] epoch 92 step 169500 avg_loss=0.195
[2102.4s] epoch 92 step 169550 avg_loss=0.197
[2103.1s] epoch 92 step 169600 avg_loss=0.199
[2103.6s] epoch 92 step 169650 avg_loss=0.195
[2104.1s] epoch 92 step 169700 avg_loss=0.190
[2105.0s] epoch 92 step 169750 avg_loss=0.189
[2105.8s] epoch 92 step 169800 avg_loss=0.188
[2106.1s] === epoch 92 done: avg_loss=0.191 (n=1826 derivations) ===
[2106.4s] epoch 93 step 169850 avg_loss=0.044
[2107.2s] epoch 93 step 169900 avg_loss=0.033
[2108.1s] epoch 93 step 169950 avg_loss=0.059
[2108.7s] epoch 93 step 170000 avg_loss=0.069
[2109.4s] epoch 93 step 170050 avg_loss=0.080
[2110.2s] epoch 93 step 170100 avg_loss=0.080
[2110.9s] epoch 93 step 170150 avg_loss=0.089
[2111.5s] epoch 93 step 170200 avg_loss=0.096
[2112.3s] epoch 93 step 170250 avg_loss=0.096
[2113.0s] epoch 93 step 170300 avg_loss=0.097
[2113.6s] epoch 93 step 170350 avg_loss=0.094
[2114.3s] epoch 93 step 170400 avg_loss=0.106
[2115.1s] epoch 93 step 170450 avg_loss=0.151
[2115.8s] epoch 93 step 170500 avg_loss=0.150
[2116.5s] epoch 93 step 170550 avg_loss=0.156
[2117.0s] epoch 93 step 170600 avg_loss=0.148
[2117.7s] epoch 93 step 170650 avg_loss=0.150
[2118.4s] epoch 93 step 170700 avg_loss=0.146
[2119.1s] epoch 93 step 170750 avg_loss=0.140
[2119.7s] epoch 93 step 170800 avg_loss=0.137
[2120.2s] epoch 93 step 170850 avg_loss=0.140
[2120.7s] epoch 93 step 170900 avg_loss=0.151
[2121.3s] epoch 93 step 170950 avg_loss=0.163
[2121.8s] epoch 93 step 171000 avg_loss=0.157
[2122.4s] epoch 93 step 171050 avg_loss=0.166
[2122.9s] epoch 93 step 171100 avg_loss=0.168
[2123.5s] epoch 93 step 171150 avg_loss=0.169
[2123.9s] epoch 93 step 171200 avg_loss=0.164
[2124.7s] epoch 93 step 171250 avg_loss=0.161
[2125.4s] epoch 93 step 171300 avg_loss=0.158
[2126.1s] epoch 93 step 171350 avg_loss=0.155
[2126.7s] epoch 93 step 171400 avg_loss=0.151
[2127.4s] epoch 93 step 171450 avg_loss=0.151
[2128.0s] epoch 93 step 171500 avg_loss=0.152
[2128.6s] epoch 93 step 171550 avg_loss=0.156
[2129.3s] epoch 93 step 171600 avg_loss=0.158
[2129.9s] === epoch 93 done: avg_loss=0.157 (n=1826 derivations) ===
[2130.0s] epoch 94 step 171650 avg_loss=0.066
[2130.7s] epoch 94 step 171700 avg_loss=0.121
[2131.5s] epoch 94 step 171750 avg_loss=0.143
[2132.2s] epoch 94 step 171800 avg_loss=0.254
[2132.7s] epoch 94 step 171850 avg_loss=0.218
[2133.4s] epoch 94 step 171900 avg_loss=0.224
[2134.0s] epoch 94 step 171950 avg_loss=0.201
[2134.8s] epoch 94 step 172000 avg_loss=0.183
[2135.5s] epoch 94 step 172050 avg_loss=0.174
[2136.3s] epoch 94 step 172100 avg_loss=0.164
[2137.0s] epoch 94 step 172150 avg_loss=0.153
[2137.7s] epoch 94 step 172200 avg_loss=0.167
[2138.4s] epoch 94 step 172250 avg_loss=0.208
[2138.9s] epoch 94 step 172300 avg_loss=0.195
[2139.4s] epoch 94 step 172350 avg_loss=0.198
[2140.1s] epoch 94 step 172400 avg_loss=0.204
[2140.7s] epoch 94 step 172450 avg_loss=0.201
[2141.3s] epoch 94 step 172500 avg_loss=0.194
[2141.9s] epoch 94 step 172550 avg_loss=0.193
[2142.6s] epoch 94 step 172600 avg_loss=0.198
[2143.2s] epoch 94 step 172650 avg_loss=0.199
[2143.9s] epoch 94 step 172700 avg_loss=0.191
[2144.6s] epoch 94 step 172750 avg_loss=0.185
[2145.2s] epoch 94 step 172800 avg_loss=0.181
[2145.8s] epoch 94 step 172850 avg_loss=0.175
[2146.5s] epoch 94 step 172900 avg_loss=0.170
[2147.1s] epoch 94 step 172950 avg_loss=0.166
[2147.7s] epoch 94 step 173000 avg_loss=0.164
[2148.3s] epoch 94 step 173050 avg_loss=0.160
[2149.0s] epoch 94 step 173100 avg_loss=0.157
[2149.7s] epoch 94 step 173150 avg_loss=0.162
[2151.7s] eval step=5500 train_avg_loss=0.159 dev_rank1_f1=0.3963 dev_edge_p=0.4075 dev_edge_r=0.3856
[2151.9s] epoch 94 step 173200 avg_loss=0.160
[2152.5s] epoch 94 step 173250 avg_loss=0.163
[2153.2s] epoch 94 step 173300 avg_loss=0.161
[2153.9s] epoch 94 step 173350 avg_loss=0.159
[2154.7s] epoch 94 step 173400 avg_loss=0.156
[2155.4s] epoch 94 step 173450 avg_loss=0.156
[2155.6s] === epoch 94 done: avg_loss=0.158 (n=1826 derivations) ===
[2156.1s] epoch 95 step 173500 avg_loss=0.096
[2156.7s] epoch 95 step 173550 avg_loss=0.146
[2157.4s] epoch 95 step 173600 avg_loss=0.105
[2157.9s] epoch 95 step 173650 avg_loss=0.083
[2158.5s] epoch 95 step 173700 avg_loss=0.077
[2159.2s] epoch 95 step 173750 avg_loss=0.094
[2159.9s] epoch 95 step 173800 avg_loss=0.139
[2160.6s] epoch 95 step 173850 avg_loss=0.135
[2161.2s] epoch 95 step 173900 avg_loss=0.125
[2162.0s] epoch 95 step 173950 avg_loss=0.162
[2162.7s] epoch 95 step 174000 avg_loss=0.166
[2163.4s] epoch 95 step 174050 avg_loss=0.174
[2164.0s] epoch 95 step 174100 avg_loss=0.165
[2164.8s] epoch 95 step 174150 avg_loss=0.161
[2165.3s] epoch 95 step 174200 avg_loss=0.154
[2166.0s] epoch 95 step 174250 avg_loss=0.150
[2166.7s] epoch 95 step 174300 avg_loss=0.144
[2167.4s] epoch 95 step 174350 avg_loss=0.139
[2168.0s] epoch 95 step 174400 avg_loss=0.136
[2168.7s] epoch 95 step 174450 avg_loss=0.136
[2169.4s] epoch 95 step 174500 avg_loss=0.134
[2170.2s] epoch 95 step 174550 avg_loss=0.133
[2170.8s] epoch 95 step 174600 avg_loss=0.133
[2171.4s] epoch 95 step 174650 avg_loss=0.133
[2172.0s] epoch 95 step 174700 avg_loss=0.129
[2172.6s] epoch 95 step 174750 avg_loss=0.126
[2173.3s] epoch 95 step 174800 avg_loss=0.127
[2173.9s] epoch 95 step 174850 avg_loss=0.124
[2174.6s] epoch 95 step 174900 avg_loss=0.128
[2175.2s] epoch 95 step 174950 avg_loss=0.130
[2175.8s] epoch 95 step 175000 avg_loss=0.130
[2176.6s] epoch 95 step 175050 avg_loss=0.127
[2177.2s] epoch 95 step 175100 avg_loss=0.127
[2177.9s] epoch 95 step 175150 avg_loss=0.125
[2178.5s] epoch 95 step 175200 avg_loss=0.125
[2179.2s] epoch 95 step 175250 avg_loss=0.128
[2179.8s] === epoch 95 done: avg_loss=0.131 (n=1826 derivations) ===
[2179.9s] epoch 96 step 175300 avg_loss=0.235
[2180.6s] epoch 96 step 175350 avg_loss=0.173
[2181.2s] epoch 96 step 175400 avg_loss=0.247
[2181.7s] epoch 96 step 175450 avg_loss=0.199
[2182.3s] epoch 96 step 175500 avg_loss=0.161
[2183.0s] epoch 96 step 175550 avg_loss=0.148
[2183.7s] epoch 96 step 175600 avg_loss=0.135
[2184.5s] epoch 96 step 175650 avg_loss=0.124
[2185.2s] epoch 96 step 175700 avg_loss=0.118
[2186.0s] epoch 96 step 175750 avg_loss=0.110
[2186.7s] epoch 96 step 175800 avg_loss=0.103
[2187.5s] epoch 96 step 175850 avg_loss=0.107
[2188.2s] epoch 96 step 175900 avg_loss=0.110
[2188.8s] epoch 96 step 175950 avg_loss=0.106
[2189.4s] epoch 96 step 176000 avg_loss=0.100
[2190.2s] epoch 96 step 176050 avg_loss=0.097
[2191.1s] epoch 96 step 176100 avg_loss=0.098
[2191.8s] epoch 96 step 176150 avg_loss=0.097
[2192.4s] epoch 96 step 176200 avg_loss=0.092
[2193.1s] epoch 96 step 176250 avg_loss=0.093
[2193.8s] epoch 96 step 176300 avg_loss=0.097
[2194.4s] epoch 96 step 176350 avg_loss=0.094
[2195.1s] epoch 96 step 176400 avg_loss=0.091
[2195.7s] epoch 96 step 176450 avg_loss=0.089
[2196.3s] epoch 96 step 176500 avg_loss=0.095
[2196.9s] epoch 96 step 176550 avg_loss=0.101
[2197.7s] epoch 96 step 176600 avg_loss=0.100
[2198.4s] epoch 96 step 176650 avg_loss=0.102
[2199.0s] epoch 96 step 176700 avg_loss=0.100
[2199.8s] epoch 96 step 176750 avg_loss=0.107
[2200.6s] epoch 96 step 176800 avg_loss=0.114
[2201.3s] epoch 96 step 176850 avg_loss=0.115
[2201.9s] epoch 96 step 176900 avg_loss=0.133
[2202.6s] epoch 96 step 176950 avg_loss=0.130
[2203.2s] epoch 96 step 177000 avg_loss=0.128
[2203.8s] epoch 96 step 177050 avg_loss=0.128
[2204.5s] epoch 96 step 177100 avg_loss=0.127
[2204.8s] === epoch 96 done: avg_loss=0.127 (n=1826 derivations) ===
[2205.1s] epoch 97 step 177150 avg_loss=0.030
[2205.9s] epoch 97 step 177200 avg_loss=0.138
[2206.5s] epoch 97 step 177250 avg_loss=0.135
[2207.2s] epoch 97 step 177300 avg_loss=0.212
[2208.0s] epoch 97 step 177350 avg_loss=0.202
[2208.6s] epoch 97 step 177400 avg_loss=0.176
[2209.2s] epoch 97 step 177450 avg_loss=0.162
[2209.7s] epoch 97 step 177500 avg_loss=0.152
[2210.3s] epoch 97 step 177550 avg_loss=0.139
[2210.9s] epoch 97 step 177600 avg_loss=0.129
[2211.4s] epoch 97 step 177650 avg_loss=0.123
[2211.9s] epoch 97 step 177700 avg_loss=0.132
[2212.4s] epoch 97 step 177750 avg_loss=0.126
[2213.0s] epoch 97 step 177800 avg_loss=0.120
[2213.5s] epoch 97 step 177850 avg_loss=0.115
[2213.9s] epoch 97 step 177900 avg_loss=0.110
[2214.4s] epoch 97 step 177950 avg_loss=0.108
[2214.9s] epoch 97 step 178000 avg_loss=0.104
[2215.4s] epoch 97 step 178050 avg_loss=0.105
[2216.1s] epoch 97 step 178100 avg_loss=0.102
[2216.9s] epoch 97 step 178150 avg_loss=0.118
[2217.7s] epoch 97 step 178200 avg_loss=0.115
[2218.3s] epoch 97 step 178250 avg_loss=0.112
[2219.0s] epoch 97 step 178300 avg_loss=0.118
[2219.6s] epoch 97 step 178350 avg_loss=0.118
[2220.2s] epoch 97 step 178400 avg_loss=0.117
[2221.0s] epoch 97 step 178450 avg_loss=0.122
[2221.5s] epoch 97 step 178500 avg_loss=0.122
[2222.2s] epoch 97 step 178550 avg_loss=0.119
[2222.8s] epoch 97 step 178600 avg_loss=0.117
[2223.6s] epoch 97 step 178650 avg_loss=0.119
[2224.2s] epoch 97 step 178700 avg_loss=0.119
[2224.8s] epoch 97 step 178750 avg_loss=0.120
[2225.4s] epoch 97 step 178800 avg_loss=0.123
[2225.9s] epoch 97 step 178850 avg_loss=0.120
[2226.5s] epoch 97 step 178900 avg_loss=0.118
[2227.0s] === epoch 97 done: avg_loss=0.119 (n=1826 derivations) ===
[2227.0s] epoch 98 step 178950 avg_loss=0.001
[2227.5s] epoch 98 step 179000 avg_loss=0.046
[2228.1s] epoch 98 step 179050 avg_loss=0.168
[2228.7s] epoch 98 step 179100 avg_loss=0.129
[2229.3s] epoch 98 step 179150 avg_loss=0.107
[2229.8s] epoch 98 step 179200 avg_loss=0.123
[2230.5s] epoch 98 step 179250 avg_loss=0.107
[2231.3s] epoch 98 step 179300 avg_loss=0.192
[2231.8s] epoch 98 step 179350 avg_loss=0.173
[2232.3s] epoch 98 step 179400 avg_loss=0.160
[2233.0s] epoch 98 step 179450 avg_loss=0.163
[2233.6s] epoch 98 step 179500 avg_loss=0.161
[2234.3s] epoch 98 step 179550 avg_loss=0.156
[2234.9s] epoch 98 step 179600 avg_loss=0.151
[2235.5s] epoch 98 step 179650 avg_loss=0.147
[2236.1s] epoch 98 step 179700 avg_loss=0.146
[2236.7s] epoch 98 step 179750 avg_loss=0.139
[2237.3s] epoch 98 step 179800 avg_loss=0.132
[2237.9s] epoch 98 step 179850 avg_loss=0.131
[2238.6s] epoch 98 step 179900 avg_loss=0.129
[2239.3s] epoch 98 step 179950 avg_loss=0.125
[2240.2s] epoch 98 step 180000 avg_loss=0.126
[2241.0s] epoch 98 step 180050 avg_loss=0.124
[2241.6s] epoch 98 step 180100 avg_loss=0.124
[2242.3s] epoch 98 step 180150 avg_loss=0.126
[2242.8s] epoch 98 step 180200 avg_loss=0.126
[2243.5s] epoch 98 step 180250 avg_loss=0.140
[2244.1s] epoch 98 step 180300 avg_loss=0.137
[2244.6s] epoch 98 step 180350 avg_loss=0.138
[2245.2s] epoch 98 step 180400 avg_loss=0.135
[2245.7s] epoch 98 step 180450 avg_loss=0.132
[2246.1s] epoch 98 step 180500 avg_loss=0.130
[2246.7s] epoch 98 step 180550 avg_loss=0.129
[2247.2s] epoch 98 step 180600 avg_loss=0.126
[2247.8s] epoch 98 step 180650 avg_loss=0.124
[2248.4s] epoch 98 step 180700 avg_loss=0.125
[2249.0s] epoch 98 step 180750 avg_loss=0.128
[2249.3s] === epoch 98 done: avg_loss=0.127 (n=1826 derivations) ===
[2249.7s] epoch 99 step 180800 avg_loss=0.054
[2250.4s] epoch 99 step 180850 avg_loss=0.044
[2251.0s] epoch 99 step 180900 avg_loss=0.085
[2251.5s] epoch 99 step 180950 avg_loss=0.075
[2252.2s] epoch 99 step 181000 avg_loss=0.127
[2253.9s] eval step=5750 train_avg_loss=0.127 dev_rank1_f1=0.3972 dev_edge_p=0.4186 dev_edge_r=0.3778
[2254.1s] epoch 99 step 181050 avg_loss=0.125
[2254.5s] epoch 99 step 181100 avg_loss=0.112
[2255.0s] epoch 99 step 181150 avg_loss=0.101
[2255.6s] epoch 99 step 181200 avg_loss=0.106
[2256.0s] epoch 99 step 181250 avg_loss=0.113
[2256.5s] epoch 99 step 181300 avg_loss=0.113
[2257.0s] epoch 99 step 181350 avg_loss=0.112
[2257.6s] epoch 99 step 181400 avg_loss=0.132
[2258.2s] epoch 99 step 181450 avg_loss=0.138
[2258.8s] epoch 99 step 181500 avg_loss=0.134
[2259.4s] epoch 99 step 181550 avg_loss=0.133
[2260.0s] epoch 99 step 181600 avg_loss=0.131
[2260.5s] epoch 99 step 181650 avg_loss=0.126
[2261.0s] epoch 99 step 181700 avg_loss=0.122
[2261.5s] epoch 99 step 181750 avg_loss=0.120
[2261.9s] epoch 99 step 181800 avg_loss=0.115
[2262.4s] epoch 99 step 181850 avg_loss=0.111
[2263.0s] epoch 99 step 181900 avg_loss=0.116
[2263.7s] epoch 99 step 181950 avg_loss=0.114
[2264.2s] epoch 99 step 182000 avg_loss=0.129
[2264.7s] epoch 99 step 182050 avg_loss=0.127
[2265.3s] epoch 99 step 182100 avg_loss=0.141
[2265.9s] epoch 99 step 182150 avg_loss=0.139
[2266.5s] epoch 99 step 182200 avg_loss=0.135
[2267.0s] epoch 99 step 182250 avg_loss=0.132
[2267.5s] epoch 99 step 182300 avg_loss=0.131
[2268.0s] epoch 99 step 182350 avg_loss=0.128
[2268.7s] epoch 99 step 182400 avg_loss=0.125
[2269.1s] epoch 99 step 182450 avg_loss=0.126
[2269.7s] epoch 99 step 182500 avg_loss=0.125
[2270.2s] epoch 99 step 182550 avg_loss=0.124
[2270.7s] epoch 99 step 182600 avg_loss=0.122
[2270.7s] === epoch 99 done: avg_loss=0.122 (n=1826 derivations) ===
[2271.1s] epoch 100 step 182650 avg_loss=0.242
[2271.6s] epoch 100 step 182700 avg_loss=0.152
[2272.1s] epoch 100 step 182750 avg_loss=0.121
[2272.6s] epoch 100 step 182800 avg_loss=0.102
[2273.2s] epoch 100 step 182850 avg_loss=0.095
[2273.7s] epoch 100 step 182900 avg_loss=0.155
[2274.2s] epoch 100 step 182950 avg_loss=0.199
[2274.7s] epoch 100 step 183000 avg_loss=0.191
[2275.2s] epoch 100 step 183050 avg_loss=0.176
[2275.6s] epoch 100 step 183100 avg_loss=0.168
[2276.2s] epoch 100 step 183150 avg_loss=0.169
[2276.8s] epoch 100 step 183200 avg_loss=0.161
[2277.4s] epoch 100 step 183250 avg_loss=0.169
[2278.2s] epoch 100 step 183300 avg_loss=0.166
[2278.9s] epoch 100 step 183350 avg_loss=0.163
[2279.6s] epoch 100 step 183400 avg_loss=0.157
[2280.4s] epoch 100 step 183450 avg_loss=0.149
[2281.1s] epoch 100 step 183500 avg_loss=0.143
[2281.9s] epoch 100 step 183550 avg_loss=0.145
[2282.7s] epoch 100 step 183600 avg_loss=0.141
[2283.5s] epoch 100 step 183650 avg_loss=0.144
[2284.1s] epoch 100 step 183700 avg_loss=0.139
[2284.7s] epoch 100 step 183750 avg_loss=0.137
[2285.2s] epoch 100 step 183800 avg_loss=0.132
[2285.9s] epoch 100 step 183850 avg_loss=0.133
[2286.6s] epoch 100 step 183900 avg_loss=0.130
[2287.4s] epoch 100 step 183950 avg_loss=0.126
[2288.2s] epoch 100 step 184000 avg_loss=0.126
[2288.7s] epoch 100 step 184050 avg_loss=0.125
[2289.7s] epoch 100 step 184100 avg_loss=0.127
[2290.4s] epoch 100 step 184150 avg_loss=0.124
[2291.1s] epoch 100 step 184200 avg_loss=0.122
[2291.8s] epoch 100 step 184250 avg_loss=0.120
[2292.5s] epoch 100 step 184300 avg_loss=0.120
[2293.3s] epoch 100 step 184350 avg_loss=0.122
[2293.9s] epoch 100 step 184400 avg_loss=0.119
[2294.3s] === epoch 100 done: avg_loss=0.118 (n=1826 derivations) ===
[2294.6s] epoch 101 step 184450 avg_loss=0.031
[2295.3s] epoch 101 step 184500 avg_loss=0.026
[2296.0s] epoch 101 step 184550 avg_loss=0.023
[2296.8s] epoch 101 step 184600 avg_loss=0.037
[2297.6s] epoch 101 step 184650 avg_loss=0.043
[2298.1s] epoch 101 step 184700 avg_loss=0.037
[2298.8s] epoch 101 step 184750 avg_loss=0.035
[2299.5s] epoch 101 step 184800 avg_loss=0.039
[2300.5s] epoch 101 step 184850 avg_loss=0.043
[2301.3s] epoch 101 step 184900 avg_loss=0.072
[2302.0s] epoch 101 step 184950 avg_loss=0.067
[2302.4s] epoch 101 step 185000 avg_loss=0.071
[2302.9s] epoch 101 step 185050 avg_loss=0.067
[2303.5s] epoch 101 step 185100 avg_loss=0.071
[2304.0s] epoch 101 step 185150 avg_loss=0.069
[2304.5s] epoch 101 step 185200 avg_loss=0.084
[2305.0s] epoch 101 step 185250 avg_loss=0.081
[2305.5s] epoch 101 step 185300 avg_loss=0.078
[2305.9s] epoch 101 step 185350 avg_loss=0.078
[2306.4s] epoch 101 step 185400 avg_loss=0.076
[2307.0s] epoch 101 step 185450 avg_loss=0.081
[2307.5s] epoch 101 step 185500 avg_loss=0.081
[2308.0s] epoch 101 step 185550 avg_loss=0.086
[2308.5s] epoch 101 step 185600 avg_loss=0.091
[2308.9s] epoch 101 step 185650 avg_loss=0.089
[2309.5s] epoch 101 step 185700 avg_loss=0.089
[2310.0s] epoch 101 step 185750 avg_loss=0.093
[2310.4s] epoch 101 step 185800 avg_loss=0.091
[2310.9s] epoch 101 step 185850 avg_loss=0.092
[2311.5s] epoch 101 step 185900 avg_loss=0.091
[2312.1s] epoch 101 step 185950 avg_loss=0.090
[2312.7s] epoch 101 step 186000 avg_loss=0.096
[2313.2s] epoch 101 step 186050 avg_loss=0.098
[2313.7s] epoch 101 step 186100 avg_loss=0.096
[2314.2s] epoch 101 step 186150 avg_loss=0.096
[2314.7s] epoch 101 step 186200 avg_loss=0.096
[2315.1s] epoch 101 step 186250 avg_loss=0.098
[2315.1s] === epoch 101 done: avg_loss=0.098 (n=1826 derivations) ===
[2315.7s] epoch 102 step 186300 avg_loss=0.083
[2316.2s] epoch 102 step 186350 avg_loss=0.078
[2316.7s] epoch 102 step 186400 avg_loss=0.067
[2317.2s] epoch 102 step 186450 avg_loss=0.058
[2317.7s] epoch 102 step 186500 avg_loss=0.056
[2318.0s] epoch 102 step 186550 avg_loss=0.050
[2318.5s] epoch 102 step 186600 avg_loss=0.047
[2319.0s] epoch 102 step 186650 avg_loss=0.045
[2319.5s] epoch 102 step 186700 avg_loss=0.055
[2319.9s] epoch 102 step 186750 avg_loss=0.063
[2320.5s] epoch 102 step 186800 avg_loss=0.089
[2320.9s] epoch 102 step 186850 avg_loss=0.084
[2321.4s] epoch 102 step 186900 avg_loss=0.084
[2322.0s] epoch 102 step 186950 avg_loss=0.087
[2322.6s] epoch 102 step 187000 avg_loss=0.084
[2323.2s] epoch 102 step 187050 avg_loss=0.099
[2323.6s] epoch 102 step 187100 avg_loss=0.097
[2324.2s] epoch 102 step 187150 avg_loss=0.098
[2324.7s] epoch 102 step 187200 avg_loss=0.095
[2325.2s] epoch 102 step 187250 avg_loss=0.093
[2325.8s] epoch 102 step 187300 avg_loss=0.094
[2326.4s] epoch 102 step 187350 avg_loss=0.097
[2327.1s] epoch 102 step 187400 avg_loss=0.098
[2327.7s] epoch 102 step 187450 avg_loss=0.096
[2328.3s] epoch 102 step 187500 avg_loss=0.093
[2329.1s] epoch 102 step 187550 avg_loss=0.092
[2329.9s] epoch 102 step 187600 avg_loss=0.091
[2330.6s] epoch 102 step 187650 avg_loss=0.092
[2331.2s] epoch 102 step 187700 avg_loss=0.091
[2331.9s] epoch 102 step 187750 avg_loss=0.089
[2332.4s] epoch 102 step 187800 avg_loss=0.094
[2332.9s] epoch 102 step 187850 avg_loss=0.092
[2333.7s] epoch 102 step 187900 avg_loss=0.091
[2334.4s] epoch 102 step 187950 avg_loss=0.091
[2335.0s] epoch 102 step 188000 avg_loss=0.092
[2335.4s] epoch 102 step 188050 avg_loss=0.092
[2335.9s] === epoch 102 done: avg_loss=0.096 (n=1826 derivations) ===
[2336.1s] epoch 103 step 188100 avg_loss=0.021
[2336.8s] epoch 103 step 188150 avg_loss=0.022
[2337.3s] epoch 103 step 188200 avg_loss=0.040
[2338.0s] epoch 103 step 188250 avg_loss=0.042
[2338.7s] epoch 103 step 188300 avg_loss=0.069
[2339.4s] epoch 103 step 188350 avg_loss=0.066
[2340.0s] epoch 103 step 188400 avg_loss=0.064
[2340.8s] epoch 103 step 188450 avg_loss=0.068
[2341.4s] epoch 103 step 188500 avg_loss=0.064
[2342.3s] epoch 103 step 188550 avg_loss=0.063
[2342.9s] epoch 103 step 188600 avg_loss=0.077
[2343.6s] epoch 103 step 188650 avg_loss=0.076
[2344.3s] epoch 103 step 188700 avg_loss=0.092
[2345.1s] epoch 103 step 188750 avg_loss=0.093
[2345.8s] epoch 103 step 188800 avg_loss=0.090
[2346.4s] epoch 103 step 188850 avg_loss=0.086
[2347.1s] epoch 103 step 188900 avg_loss=0.082
[2348.3s] eval step=6000 train_avg_loss=0.081 dev_rank1_f1=0.4188 dev_edge_p=0.4187 dev_edge_r=0.4190
[2348.9s] epoch 103 step 188950 avg_loss=0.082
[2349.6s] epoch 103 step 189000 avg_loss=0.079
[2350.5s] epoch 103 step 189050 avg_loss=0.094
[2351.2s] epoch 103 step 189100 avg_loss=0.091
[2351.9s] epoch 103 step 189150 avg_loss=0.090
[2352.5s] epoch 103 step 189200 avg_loss=0.090
[2353.3s] epoch 103 step 189250 avg_loss=0.088
[2354.0s] epoch 103 step 189300 avg_loss=0.088
[2354.7s] epoch 103 step 189350 avg_loss=0.086
[2355.4s] epoch 103 step 189400 avg_loss=0.084
[2356.1s] epoch 103 step 189450 avg_loss=0.082
[2356.7s] epoch 103 step 189500 avg_loss=0.081
[2357.3s] epoch 103 step 189550 avg_loss=0.081
[2358.0s] epoch 103 step 189600 avg_loss=0.086
[2358.7s] epoch 103 step 189650 avg_loss=0.090
[2359.3s] epoch 103 step 189700 avg_loss=0.091
[2360.1s] epoch 103 step 189750 avg_loss=0.091
[2360.7s] epoch 103 step 189800 avg_loss=0.089
[2361.5s] epoch 103 step 189850 avg_loss=0.094
[2362.2s] epoch 103 step 189900 avg_loss=0.093
[2362.2s] === epoch 103 done: avg_loss=0.093 (n=1826 derivations) ===
[2362.9s] epoch 104 step 189950 avg_loss=0.229
[2363.7s] epoch 104 step 190000 avg_loss=0.174
[2364.4s] epoch 104 step 190050 avg_loss=0.129
[2365.0s] epoch 104 step 190100 avg_loss=0.144
[2365.8s] epoch 104 step 190150 avg_loss=0.131
[2366.3s] epoch 104 step 190200 avg_loss=0.114
[2367.0s] epoch 104 step 190250 avg_loss=0.102
[2367.6s] epoch 104 step 190300 avg_loss=0.111
[2368.3s] epoch 104 step 190350 avg_loss=0.104
[2368.9s] epoch 104 step 190400 avg_loss=0.096
[2369.7s] epoch 104 step 190450 avg_loss=0.095
[2370.3s] epoch 104 step 190500 avg_loss=0.089
[2370.9s] epoch 104 step 190550 avg_loss=0.085
[2371.5s] epoch 104 step 190600 avg_loss=0.087
[2372.2s] epoch 104 step 190650 avg_loss=0.093
[2372.9s] epoch 104 step 190700 avg_loss=0.093
[2373.4s] epoch 104 step 190750 avg_loss=0.090
[2374.1s] epoch 104 step 190800 avg_loss=0.087
[2374.7s] epoch 104 step 190850 avg_loss=0.087
[2375.4s] epoch 104 step 190900 avg_loss=0.084
[2376.0s] epoch 104 step 190950 avg_loss=0.083
[2376.7s] epoch 104 step 191000 avg_loss=0.085
[2377.4s] epoch 104 step 191050 avg_loss=0.083
[2377.9s] epoch 104 step 191100 avg_loss=0.080
[2378.6s] epoch 104 step 191150 avg_loss=0.082
[2379.2s] epoch 104 step 191200 avg_loss=0.080
[2379.8s] epoch 104 step 191250 avg_loss=0.079
[2380.6s] epoch 104 step 191300 avg_loss=0.094
[2381.3s] epoch 104 step 191350 avg_loss=0.094
[2381.9s] epoch 104 step 191400 avg_loss=0.092
[2382.6s] epoch 104 step 191450 avg_loss=0.091
[2383.4s] epoch 104 step 191500 avg_loss=0.095
[2384.0s] epoch 104 step 191550 avg_loss=0.094
[2384.6s] epoch 104 step 191600 avg_loss=0.094
[2385.3s] epoch 104 step 191650 avg_loss=0.096
[2386.0s] epoch 104 step 191700 avg_loss=0.096
[2386.6s] === epoch 104 done: avg_loss=0.096 (n=1826 derivations) ===
[2386.8s] epoch 105 step 191750 avg_loss=0.019
[2387.3s] epoch 105 step 191800 avg_loss=0.018
[2387.8s] epoch 105 step 191850 avg_loss=0.022
[2388.6s] epoch 105 step 191900 avg_loss=0.025
[2389.4s] epoch 105 step 191950 avg_loss=0.039
[2390.0s] epoch 105 step 192000 avg_loss=0.049
[2390.4s] epoch 105 step 192050 avg_loss=0.052
[2391.0s] epoch 105 step 192100 avg_loss=0.052
[2391.5s] epoch 105 step 192150 avg_loss=0.053
[2392.1s] epoch 105 step 192200 avg_loss=0.066
[2392.6s] epoch 105 step 192250 avg_loss=0.086
[2393.1s] epoch 105 step 192300 avg_loss=0.082
[2393.6s] epoch 105 step 192350 avg_loss=0.087
[2394.2s] epoch 105 step 192400 avg_loss=0.089
[2394.8s] epoch 105 step 192450 avg_loss=0.096
[2395.4s] epoch 105 step 192500 avg_loss=0.091
[2396.2s] epoch 105 step 192550 avg_loss=0.093
[2396.8s] epoch 105 step 192600 avg_loss=0.095
[2397.4s] epoch 105 step 192650 avg_loss=0.096
[2398.0s] epoch 105 step 192700 avg_loss=0.095
[2398.6s] epoch 105 step 192750 avg_loss=0.093
[2399.1s] epoch 105 step 192800 avg_loss=0.091
[2399.6s] epoch 105 step 192850 avg_loss=0.089
[2400.3s] epoch 105 step 192900 avg_loss=0.093
[2401.1s] epoch 105 step 192950 avg_loss=0.093
[2401.7s] epoch 105 step 193000 avg_loss=0.094
[2402.4s] epoch 105 step 193050 avg_loss=0.107
[2403.2s] epoch 105 step 193100 avg_loss=0.109
[2403.6s] epoch 105 step 193150 avg_loss=0.110
[2404.3s] epoch 105 step 193200 avg_loss=0.112
[2404.9s] epoch 105 step 193250 avg_loss=0.113
[2405.6s] epoch 105 step 193300 avg_loss=0.113
[2406.2s] epoch 105 step 193350 avg_loss=0.112
[2406.8s] epoch 105 step 193400 avg_loss=0.110
[2407.7s] epoch 105 step 193450 avg_loss=0.116
[2408.5s] epoch 105 step 193500 avg_loss=0.120
[2408.8s] epoch 105 step 193550 avg_loss=0.117
[2408.9s] === epoch 105 done: avg_loss=0.117 (n=1826 derivations) ===
[2409.3s] epoch 106 step 193600 avg_loss=0.036
[2409.9s] epoch 106 step 193650 avg_loss=0.063
[2410.4s] epoch 106 step 193700 avg_loss=0.059
[2410.9s] epoch 106 step 193750 avg_loss=0.058
[2411.5s] epoch 106 step 193800 avg_loss=0.076
[2412.2s] epoch 106 step 193850 avg_loss=0.069
[2412.7s] epoch 106 step 193900 avg_loss=0.067
[2413.4s] epoch 106 step 193950 avg_loss=0.070
[2414.0s] epoch 106 step 194000 avg_loss=0.072
[2414.6s] epoch 106 step 194050 avg_loss=0.082
[2415.4s] epoch 106 step 194100 avg_loss=0.097
[2415.9s] epoch 106 step 194150 avg_loss=0.102
[2416.8s] epoch 106 step 194200 avg_loss=0.102
[2417.6s] epoch 106 step 194250 avg_loss=0.112
[2418.3s] epoch 106 step 194300 avg_loss=0.111
[2419.1s] epoch 106 step 194350 avg_loss=0.113
[2419.6s] epoch 106 step 194400 avg_loss=0.108
[2420.4s] epoch 106 step 194450 avg_loss=0.121
[2421.0s] epoch 106 step 194500 avg_loss=0.119
[2421.7s] epoch 106 step 194550 avg_loss=0.124
[2422.4s] epoch 106 step 194600 avg_loss=0.142
[2422.9s] epoch 106 step 194650 avg_loss=0.141
[2423.5s] epoch 106 step 194700 avg_loss=0.141
[2424.2s] epoch 106 step 194750 avg_loss=0.140
[2424.8s] epoch 106 step 194800 avg_loss=0.140
[2425.5s] epoch 106 step 194850 avg_loss=0.143
[2426.2s] epoch 106 step 194900 avg_loss=0.143
[2426.9s] epoch 106 step 194950 avg_loss=0.142
[2427.6s] epoch 106 step 195000 avg_loss=0.144
[2428.4s] epoch 106 step 195050 avg_loss=0.148
[2428.9s] epoch 106 step 195100 avg_loss=0.151
[2429.6s] epoch 106 step 195150 avg_loss=0.158
[2430.2s] epoch 106 step 195200 avg_loss=0.155
[2430.8s] epoch 106 step 195250 avg_loss=0.157
[2431.4s] epoch 106 step 195300 avg_loss=0.161
[2432.0s] epoch 106 step 195350 avg_loss=0.167
[2432.4s] === epoch 106 done: avg_loss=0.165 (n=1826 derivations) ===
[2432.6s] epoch 107 step 195400 avg_loss=1.350
[2433.1s] epoch 107 step 195450 avg_loss=0.602
[2433.5s] epoch 107 step 195500 avg_loss=0.372
[2434.0s] epoch 107 step 195550 avg_loss=0.320
[2434.6s] epoch 107 step 195600 avg_loss=0.303
[2435.1s] epoch 107 step 195650 avg_loss=0.308
[2435.7s] epoch 107 step 195700 avg_loss=0.287
[2436.2s] epoch 107 step 195750 avg_loss=0.272
[2436.7s] epoch 107 step 195800 avg_loss=0.250
[2437.2s] epoch 107 step 195850 avg_loss=0.240
[2437.7s] epoch 107 step 195900 avg_loss=0.238
[2438.2s] epoch 107 step 195950 avg_loss=0.245
[2438.6s] epoch 107 step 196000 avg_loss=0.234
[2439.1s] epoch 107 step 196050 avg_loss=0.244
[2439.7s] epoch 107 step 196100 avg_loss=0.281
[2440.3s] epoch 107 step 196150 avg_loss=0.284
[2440.9s] epoch 107 step 196200 avg_loss=0.285
[2441.5s] epoch 107 step 196250 avg_loss=0.298
[2442.1s] epoch 107 step 196300 avg_loss=0.304
[2442.6s] epoch 107 step 196350 avg_loss=0.293
[2443.2s] epoch 107 step 196400 avg_loss=0.291
[2443.9s] epoch 107 step 196450 avg_loss=0.285
[2444.3s] epoch 107 step 196500 avg_loss=0.283
[2444.9s] epoch 107 step 196550 avg_loss=0.283
[2445.4s] epoch 107 step 196600 avg_loss=0.280
[2446.0s] epoch 107 step 196650 avg_loss=0.286
[2446.6s] epoch 107 step 196700 avg_loss=0.288
[2447.1s] epoch 107 step 196750 avg_loss=0.289
[2449.3s] eval step=6250 train_avg_loss=0.287 dev_rank1_f1=0.3976 dev_edge_p=0.4004 dev_edge_r=0.3948
[2449.4s] epoch 107 step 196800 avg_loss=0.292
[2449.9s] epoch 107 step 196850 avg_loss=0.295
[2450.5s] epoch 107 step 196900 avg_loss=0.295
[2451.0s] epoch 107 step 196950 avg_loss=0.293
[2451.6s] epoch 107 step 197000 avg_loss=0.290
[2452.2s] epoch 107 step 197050 avg_loss=0.290
[2452.7s] epoch 107 step 197100 avg_loss=0.287
[2453.2s] epoch 107 step 197150 avg_loss=0.290
[2453.7s] epoch 107 step 197200 avg_loss=0.292
[2453.8s] === epoch 107 done: avg_loss=0.292 (n=1826 derivations) ===
[2454.3s] epoch 108 step 197250 avg_loss=0.215
[2454.7s] epoch 108 step 197300 avg_loss=0.149
[2455.2s] epoch 108 step 197350 avg_loss=0.150
[2455.7s] epoch 108 step 197400 avg_loss=0.197
[2456.2s] epoch 108 step 197450 avg_loss=0.218
[2456.6s] epoch 108 step 197500 avg_loss=0.206
[2457.1s] epoch 108 step 197550 avg_loss=0.233
[2457.7s] epoch 108 step 197600 avg_loss=0.310
[2458.2s] epoch 108 step 197650 avg_loss=0.311
[2458.7s] epoch 108 step 197700 avg_loss=0.303
[2459.1s] epoch 108 step 197750 avg_loss=0.301
[2459.5s] epoch 108 step 197800 avg_loss=0.304
[2460.0s] epoch 108 step 197850 avg_loss=0.292
[2460.6s] epoch 108 step 197900 avg_loss=0.290
[2461.1s] epoch 108 step 197950 avg_loss=0.305
[2461.6s] epoch 108 step 198000 avg_loss=0.300
[2462.2s] epoch 108 step 198050 avg_loss=0.293
[2462.9s] epoch 108 step 198100 avg_loss=0.296
[2463.6s] epoch 108 step 198150 avg_loss=0.309
[2464.3s] epoch 108 step 198200 avg_loss=0.304
[2464.8s] epoch 108 step 198250 avg_loss=0.296
[2465.6s] epoch 108 step 198300 avg_loss=0.295
[2466.2s] epoch 108 step 198350 avg_loss=0.293
[2466.9s] epoch 108 step 198400 avg_loss=0.292
[2467.6s] epoch 108 step 198450 avg_loss=0.295
[2468.3s] epoch 108 step 198500 avg_loss=0.294
[2469.0s] epoch 108 step 198550 avg_loss=0.289
[2469.7s] epoch 108 step 198600 avg_loss=0.299
[2470.5s] epoch 108 step 198650 avg_loss=0.304
[2471.1s] epoch 108 step 198700 avg_loss=0.302
[2471.7s] epoch 108 step 198750 avg_loss=0.296
[2472.3s] epoch 108 step 198800 avg_loss=0.297
[2473.1s] epoch 108 step 198850 avg_loss=0.304
[2473.9s] epoch 108 step 198900 avg_loss=0.307
[2474.7s] epoch 108 step 198950 avg_loss=0.303
[2475.4s] epoch 108 step 199000 avg_loss=0.303
[2475.9s] === epoch 108 done: avg_loss=0.307 (n=1826 derivations) ===
[2476.2s] epoch 109 step 199050 avg_loss=0.899
[2476.9s] epoch 109 step 199100 avg_loss=0.496
[2477.7s] epoch 109 step 199150 avg_loss=0.419
[2478.4s] epoch 109 step 199200 avg_loss=0.358
[2479.1s] epoch 109 step 199250 avg_loss=0.331
[2479.8s] epoch 109 step 199300 avg_loss=0.368
[2480.4s] epoch 109 step 199350 avg_loss=0.353
[2480.9s] epoch 109 step 199400 avg_loss=0.348
[2481.6s] epoch 109 step 199450 avg_loss=0.350
[2482.3s] epoch 109 step 199500 avg_loss=0.342
[2482.8s] epoch 109 step 199550 avg_loss=0.335
[2483.3s] epoch 109 step 199600 avg_loss=0.325
[2483.8s] epoch 109 step 199650 avg_loss=0.323
[2484.4s] epoch 109 step 199700 avg_loss=0.326
[2484.9s] epoch 109 step 199750 avg_loss=0.322
[2485.6s] epoch 109 step 199800 avg_loss=0.326
[2486.4s] epoch 109 step 199850 avg_loss=0.324
[2486.8s] epoch 109 step 199900 avg_loss=0.324
[2487.3s] epoch 109 step 199950 avg_loss=0.318
[2487.7s] epoch 109 step 200000 avg_loss=0.312
[2488.3s] epoch 109 step 200050 avg_loss=0.311
[2489.0s] epoch 109 step 200100 avg_loss=0.320
[2489.6s] epoch 109 step 200150 avg_loss=0.312
[2490.1s] epoch 109 step 200200 avg_loss=0.314
[2490.6s] epoch 109 step 200250 avg_loss=0.307
[2491.1s] epoch 109 step 200300 avg_loss=0.304
[2491.5s] epoch 109 step 200350 avg_loss=0.301
[2492.1s] epoch 109 step 200400 avg_loss=0.305
[2492.6s] epoch 109 step 200450 avg_loss=0.301
[2493.3s] epoch 109 step 200500 avg_loss=0.296
[2493.9s] epoch 109 step 200550 avg_loss=0.298
[2494.5s] epoch 109 step 200600 avg_loss=0.297
[2495.1s] epoch 109 step 200650 avg_loss=0.294
[2495.6s] epoch 109 step 200700 avg_loss=0.296
[2496.1s] epoch 109 step 200750 avg_loss=0.295
[2496.7s] epoch 109 step 200800 avg_loss=0.296
[2497.5s] epoch 109 step 200850 avg_loss=0.298
[2497.6s] === epoch 109 done: avg_loss=0.296 (n=1826 derivations) ===
[2498.1s] epoch 110 step 200900 avg_loss=0.695
[2498.6s] epoch 110 step 200950 avg_loss=0.348
[2499.2s] epoch 110 step 201000 avg_loss=0.315
[2499.9s] epoch 110 step 201050 avg_loss=0.370
[2500.7s] epoch 110 step 201100 avg_loss=0.387
[2501.3s] epoch 110 step 201150 avg_loss=0.351
[2501.9s] epoch 110 step 201200 avg_loss=0.339
[2502.5s] epoch 110 step 201250 avg_loss=0.331
[2503.2s] epoch 110 step 201300 avg_loss=0.330
[2503.8s] epoch 110 step 201350 avg_loss=0.319
[2504.5s] epoch 110 step 201400 avg_loss=0.311
[2505.1s] epoch 110 step 201450 avg_loss=0.293
[2505.7s] epoch 110 step 201500 avg_loss=0.293
[2506.3s] epoch 110 step 201550 avg_loss=0.302
[2507.0s] epoch 110 step 201600 avg_loss=0.317
[2507.6s] epoch 110 step 201650 avg_loss=0.320
[2508.3s] epoch 110 step 201700 avg_loss=0.311
[2508.9s] epoch 110 step 201750 avg_loss=0.310
[2509.6s] epoch 110 step 201800 avg_loss=0.301
[2510.1s] epoch 110 step 201850 avg_loss=0.297
[2510.8s] epoch 110 step 201900 avg_loss=0.292
[2511.4s] epoch 110 step 201950 avg_loss=0.287
[2512.0s] epoch 110 step 202000 avg_loss=0.282
[2512.8s] epoch 110 step 202050 avg_loss=0.293
[2513.3s] epoch 110 step 202100 avg_loss=0.296
[2514.1s] epoch 110 step 202150 avg_loss=0.306
[2514.7s] epoch 110 step 202200 avg_loss=0.310
[2515.5s] epoch 110 step 202250 avg_loss=0.314
[2516.1s] epoch 110 step 202300 avg_loss=0.308
[2516.7s] epoch 110 step 202350 avg_loss=0.320
[2517.6s] epoch 110 step 202400 avg_loss=0.323
[2518.5s] epoch 110 step 202450 avg_loss=0.323
[2519.3s] epoch 110 step 202500 avg_loss=0.322
[2520.0s] epoch 110 step 202550 avg_loss=0.323
[2520.5s] epoch 110 step 202600 avg_loss=0.322
[2521.3s] epoch 110 step 202650 avg_loss=0.324
[2522.1s] === epoch 110 done: avg_loss=0.335 (n=1826 derivations) ===
[2522.3s] epoch 111 step 202700 avg_loss=0.135
[2522.9s] epoch 111 step 202750 avg_loss=0.118
[2523.6s] epoch 111 step 202800 avg_loss=0.229
[2524.3s] epoch 111 step 202850 avg_loss=0.202
[2525.0s] epoch 111 step 202900 avg_loss=0.225
[2525.5s] epoch 111 step 202950 avg_loss=0.268
[2526.2s] epoch 111 step 203000 avg_loss=0.255
[2526.8s] epoch 111 step 203050 avg_loss=0.251
[2527.4s] epoch 111 step 203100 avg_loss=0.259
[2528.1s] epoch 111 step 203150 avg_loss=0.259
[2528.9s] epoch 111 step 203200 avg_loss=0.258
[2529.7s] epoch 111 step 203250 avg_loss=0.277
[2530.4s] epoch 111 step 203300 avg_loss=0.273
[2531.1s] epoch 111 step 203350 avg_loss=0.287
[2531.8s] epoch 111 step 203400 avg_loss=0.290
[2532.5s] epoch 111 step 203450 avg_loss=0.299
[2533.3s] epoch 111 step 203500 avg_loss=0.290
[2533.8s] epoch 111 step 203550 avg_loss=0.291
[2534.5s] epoch 111 step 203600 avg_loss=0.286
[2535.4s] epoch 111 step 203650 avg_loss=0.286
[2536.0s] epoch 111 step 203700 avg_loss=0.280
[2536.6s] epoch 111 step 203750 avg_loss=0.299
[2537.2s] epoch 111 step 203800 avg_loss=0.298
[2537.9s] epoch 111 step 203850 avg_loss=0.296
[2538.5s] epoch 111 step 203900 avg_loss=0.290
[2539.2s] epoch 111 step 203950 avg_loss=0.291
[2539.8s] epoch 111 step 204000 avg_loss=0.290
[2540.5s] epoch 111 step 204050 avg_loss=0.295
[2541.0s] epoch 111 step 204100 avg_loss=0.294
[2541.5s] epoch 111 step 204150 avg_loss=0.287
[2542.2s] epoch 111 step 204200 avg_loss=0.287
[2543.0s] epoch 111 step 204250 avg_loss=0.286
[2543.7s] epoch 111 step 204300 avg_loss=0.284
[2544.4s] epoch 111 step 204350 avg_loss=0.285
[2544.9s] epoch 111 step 204400 avg_loss=0.288
[2545.5s] epoch 111 step 204450 avg_loss=0.291
[2546.0s] epoch 111 step 204500 avg_loss=0.297
[2546.2s] === epoch 111 done: avg_loss=0.296 (n=1826 derivations) ===
[2546.5s] epoch 112 step 204550 avg_loss=0.285
[2547.1s] epoch 112 step 204600 avg_loss=0.161
[2549.6s] eval step=6500 train_avg_loss=0.182 dev_rank1_f1=0.3997 dev_edge_p=0.4129 dev_edge_r=0.3873
[2549.8s] epoch 112 step 204650 avg_loss=0.189
[2550.6s] epoch 112 step 204700 avg_loss=0.213
[2551.3s] epoch 112 step 204750 avg_loss=0.212
[2551.9s] epoch 112 step 204800 avg_loss=0.197
[2552.6s] epoch 112 step 204850 avg_loss=0.191
[2553.3s] epoch 112 step 204900 avg_loss=0.199
[2554.0s] epoch 112 step 204950 avg_loss=0.210
[2554.6s] epoch 112 step 205000 avg_loss=0.203
[2555.2s] epoch 112 step 205050 avg_loss=0.197
[2555.9s] epoch 112 step 205100 avg_loss=0.204
[2556.5s] epoch 112 step 205150 avg_loss=0.195
[2557.1s] epoch 112 step 205200 avg_loss=0.206
[2557.7s] epoch 112 step 205250 avg_loss=0.203
[2558.3s] epoch 112 step 205300 avg_loss=0.216
[2559.0s] epoch 112 step 205350 avg_loss=0.213
[2559.6s] epoch 112 step 205400 avg_loss=0.207
[2560.2s] epoch 112 step 205450 avg_loss=0.200
[2560.9s] epoch 112 step 205500 avg_loss=0.207
[2561.5s] epoch 112 step 205550 avg_loss=0.208
[2562.5s] epoch 112 step 205600 avg_loss=0.217
[2563.0s] epoch 112 step 205650 avg_loss=0.221
[2563.6s] epoch 112 step 205700 avg_loss=0.218
[2564.3s] epoch 112 step 205750 avg_loss=0.216
[2564.8s] epoch 112 step 205800 avg_loss=0.217
[2565.4s] epoch 112 step 205850 avg_loss=0.215
[2566.0s] epoch 112 step 205900 avg_loss=0.218
[2566.7s] epoch 112 step 205950 avg_loss=0.219
[2567.5s] epoch 112 step 206000 avg_loss=0.228
[2567.9s] epoch 112 step 206050 avg_loss=0.228
[2568.4s] epoch 112 step 206100 avg_loss=0.225
[2568.9s] epoch 112 step 206150 avg_loss=0.226
[2569.4s] epoch 112 step 206200 avg_loss=0.227
[2569.9s] epoch 112 step 206250 avg_loss=0.228
[2570.4s] epoch 112 step 206300 avg_loss=0.230
[2570.8s] === epoch 112 done: avg_loss=0.228 (n=1826 derivations) ===
[2571.0s] epoch 113 step 206350 avg_loss=0.336
[2571.4s] epoch 113 step 206400 avg_loss=0.151
[2572.0s] epoch 113 step 206450 avg_loss=0.123
[2572.5s] epoch 113 step 206500 avg_loss=0.116
[2572.9s] epoch 113 step 206550 avg_loss=0.105
[2573.5s] epoch 113 step 206600 avg_loss=0.110
[2574.1s] epoch 113 step 206650 avg_loss=0.107
[2574.7s] epoch 113 step 206700 avg_loss=0.118
[2575.3s] epoch 113 step 206750 avg_loss=0.114
[2575.8s] epoch 113 step 206800 avg_loss=0.108
[2576.4s] epoch 113 step 206850 avg_loss=0.120
[2577.0s] epoch 113 step 206900 avg_loss=0.127
[2577.5s] epoch 113 step 206950 avg_loss=0.126
[2578.0s] epoch 113 step 207000 avg_loss=0.130
[2578.5s] epoch 113 step 207050 avg_loss=0.131
[2579.0s] epoch 113 step 207100 avg_loss=0.146
[2579.6s] epoch 113 step 207150 avg_loss=0.150
[2580.0s] epoch 113 step 207200 avg_loss=0.147
[2580.5s] epoch 113 step 207250 avg_loss=0.145
[2581.0s] epoch 113 step 207300 avg_loss=0.145
[2581.6s] epoch 113 step 207350 avg_loss=0.143
[2582.3s] epoch 113 step 207400 avg_loss=0.141
[2583.0s] epoch 113 step 207450 avg_loss=0.142
[2583.6s] epoch 113 step 207500 avg_loss=0.142
[2584.3s] epoch 113 step 207550 avg_loss=0.140
[2584.9s] epoch 113 step 207600 avg_loss=0.142
[2585.7s] epoch 113 step 207650 avg_loss=0.145
[2586.4s] epoch 113 step 207700 avg_loss=0.148
[2587.1s] epoch 113 step 207750 avg_loss=0.147
[2587.8s] epoch 113 step 207800 avg_loss=0.145
[2588.6s] epoch 113 step 207850 avg_loss=0.147
[2589.4s] epoch 113 step 207900 avg_loss=0.148
[2590.1s] epoch 113 step 207950 avg_loss=0.146
[2590.5s] epoch 113 step 208000 avg_loss=0.149
[2591.2s] epoch 113 step 208050 avg_loss=0.149
[2592.1s] epoch 113 step 208100 avg_loss=0.152
[2593.0s] epoch 113 step 208150 avg_loss=0.157
[2593.3s] === epoch 113 done: avg_loss=0.157 (n=1826 derivations) ===
[2593.9s] epoch 114 step 208200 avg_loss=0.135
[2594.9s] epoch 114 step 208250 avg_loss=0.110
[2595.8s] epoch 114 step 208300 avg_loss=0.116
[2596.5s] epoch 114 step 208350 avg_loss=0.168
[2597.3s] epoch 114 step 208400 avg_loss=0.150
[2597.9s] epoch 114 step 208450 avg_loss=0.134
[2598.6s] epoch 114 step 208500 avg_loss=0.118
[2599.2s] epoch 114 step 208550 avg_loss=0.111
[2599.8s] epoch 114 step 208600 avg_loss=0.112
[2600.4s] epoch 114 step 208650 avg_loss=0.120
[2601.0s] epoch 114 step 208700 avg_loss=0.121
[2601.5s] epoch 114 step 208750 avg_loss=0.118
[2602.1s] epoch 114 step 208800 avg_loss=0.113
[2602.6s] epoch 114 step 208850 avg_loss=0.110
[2603.0s] epoch 114 step 208900 avg_loss=0.108
[2603.6s] epoch 114 step 208950 avg_loss=0.122
[2604.1s] epoch 114 step 209000 avg_loss=0.133
[2604.9s] epoch 114 step 209050 avg_loss=0.136
[2605.4s] epoch 114 step 209100 avg_loss=0.134
[2606.0s] epoch 114 step 209150 avg_loss=0.139
[2606.5s] epoch 114 step 209200 avg_loss=0.137
[2607.1s] epoch 114 step 209250 avg_loss=0.137
[2607.8s] epoch 114 step 209300 avg_loss=0.135
[2608.3s] epoch 114 step 209350 avg_loss=0.134
[2609.1s] epoch 114 step 209400 avg_loss=0.136
[2609.7s] epoch 114 step 209450 avg_loss=0.135
[2610.3s] epoch 114 step 209500 avg_loss=0.135
[2610.7s] epoch 114 step 209550 avg_loss=0.133
[2611.2s] epoch 114 step 209600 avg_loss=0.131
[2611.7s] epoch 114 step 209650 avg_loss=0.131
[2612.2s] epoch 114 step 209700 avg_loss=0.130
[2612.8s] epoch 114 step 209750 avg_loss=0.137
[2613.3s] epoch 114 step 209800 avg_loss=0.133
[2613.9s] epoch 114 step 209850 avg_loss=0.138
[2614.6s] epoch 114 step 209900 avg_loss=0.138
[2615.3s] epoch 114 step 209950 avg_loss=0.143
[2615.8s] === epoch 114 done: avg_loss=0.142 (n=1826 derivations) ===
[2615.9s] epoch 115 step 210000 avg_loss=0.038
[2616.7s] epoch 115 step 210050 avg_loss=0.121
[2617.3s] epoch 115 step 210100 avg_loss=0.128
[2617.9s] epoch 115 step 210150 avg_loss=0.107
[2618.5s] epoch 115 step 210200 avg_loss=0.100
[2619.2s] epoch 115 step 210250 avg_loss=0.138
[2619.8s] epoch 115 step 210300 avg_loss=0.129
[2620.6s] epoch 115 step 210350 avg_loss=0.130
[2621.2s] epoch 115 step 210400 avg_loss=0.119
[2621.9s] epoch 115 step 210450 avg_loss=0.115
[2622.6s] epoch 115 step 210500 avg_loss=0.119
[2623.3s] epoch 115 step 210550 avg_loss=0.120
[2623.9s] epoch 115 step 210600 avg_loss=0.117
[2624.5s] epoch 115 step 210650 avg_loss=0.116
[2625.3s] epoch 115 step 210700 avg_loss=0.129
[2626.1s] epoch 115 step 210750 avg_loss=0.136
[2626.6s] epoch 115 step 210800 avg_loss=0.132
[2627.2s] epoch 115 step 210850 avg_loss=0.130
[2627.8s] epoch 115 step 210900 avg_loss=0.129
[2628.5s] epoch 115 step 210950 avg_loss=0.127
[2629.1s] epoch 115 step 211000 avg_loss=0.127
[2629.7s] epoch 115 step 211050 avg_loss=0.126
[2630.2s] epoch 115 step 211100 avg_loss=0.121
[2630.8s] epoch 115 step 211150 avg_loss=0.125
[2631.3s] epoch 115 step 211200 avg_loss=0.123
[2631.8s] epoch 115 step 211250 avg_loss=0.124
[2632.4s] epoch 115 step 211300 avg_loss=0.122
[2633.1s] epoch 115 step 211350 avg_loss=0.119
[2633.7s] epoch 115 step 211400 avg_loss=0.119
[2634.2s] epoch 115 step 211450 avg_loss=0.120
[2634.8s] epoch 115 step 211500 avg_loss=0.120
[2635.4s] epoch 115 step 211550 avg_loss=0.125
[2635.9s] epoch 115 step 211600 avg_loss=0.123
[2636.2s] epoch 115 step 211650 avg_loss=0.121
[2636.9s] epoch 115 step 211700 avg_loss=0.124
[2637.4s] epoch 115 step 211750 avg_loss=0.124
[2638.0s] epoch 115 step 211800 avg_loss=0.122
[2638.1s] === epoch 115 done: avg_loss=0.123 (n=1826 derivations) ===
[2638.5s] epoch 116 step 211850 avg_loss=0.014
[2639.0s] epoch 116 step 211900 avg_loss=0.108
[2639.5s] epoch 116 step 211950 avg_loss=0.121
[2640.0s] epoch 116 step 212000 avg_loss=0.121
[2640.6s] epoch 116 step 212050 avg_loss=0.119
[2641.1s] epoch 116 step 212100 avg_loss=0.105
[2641.6s] epoch 116 step 212150 avg_loss=0.093
[2642.2s] epoch 116 step 212200 avg_loss=0.091
[2642.7s] epoch 116 step 212250 avg_loss=0.092
[2643.2s] epoch 116 step 212300 avg_loss=0.093
[2643.8s] epoch 116 step 212350 avg_loss=0.088
[2644.3s] epoch 116 step 212400 avg_loss=0.091
[2644.9s] epoch 116 step 212450 avg_loss=0.105
[2645.5s] epoch 116 step 212500 avg_loss=0.101
[2646.7s] eval step=6750 train_avg_loss=0.106 dev_rank1_f1=0.3980 dev_edge_p=0.4156 dev_edge_r=0.3819
[2647.0s] epoch 116 step 212550 avg_loss=0.103
[2647.4s] epoch 116 step 212600 avg_loss=0.101
[2647.9s] epoch 116 step 212650 avg_loss=0.096
[2648.5s] epoch 116 step 212700 avg_loss=0.094
[2649.4s] epoch 116 step 212750 avg_loss=0.097
[2650.1s] epoch 116 step 212800 avg_loss=0.096
[2650.9s] epoch 116 step 212850 avg_loss=0.096
[2651.7s] epoch 116 step 212900 avg_loss=0.094
[2652.4s] epoch 116 step 212950 avg_loss=0.097
[2653.0s] epoch 116 step 213000 avg_loss=0.094
[2653.7s] epoch 116 step 213050 avg_loss=0.092
[2654.3s] epoch 116 step 213100 avg_loss=0.090
[2654.8s] epoch 116 step 213150 avg_loss=0.088
[2655.4s] epoch 116 step 213200 avg_loss=0.090
[2655.9s] epoch 116 step 213250 avg_loss=0.088
[2656.5s] epoch 116 step 213300 avg_loss=0.092
[2657.0s] epoch 116 step 213350 avg_loss=0.091
[2657.6s] epoch 116 step 213400 avg_loss=0.090
[2658.1s] epoch 116 step 213450 avg_loss=0.089
[2658.8s] epoch 116 step 213500 avg_loss=0.092
[2659.4s] epoch 116 step 213550 avg_loss=0.091
[2659.8s] epoch 116 step 213600 avg_loss=0.089
[2660.3s] === epoch 116 done: avg_loss=0.090 (n=1826 derivations) ===
[2660.3s] epoch 117 step 213650 avg_loss=0.015
[2660.8s] epoch 117 step 213700 avg_loss=0.024
[2661.2s] epoch 117 step 213750 avg_loss=0.107
[2661.7s] epoch 117 step 213800 avg_loss=0.087
[2662.2s] epoch 117 step 213850 avg_loss=0.083
[2662.8s] epoch 117 step 213900 avg_loss=0.093
[2663.3s] epoch 117 step 213950 avg_loss=0.088
[2663.8s] epoch 117 step 214000 avg_loss=0.079
[2664.4s] epoch 117 step 214050 avg_loss=0.074
[2664.9s] epoch 117 step 214100 avg_loss=0.088
[2665.5s] epoch 117 step 214150 avg_loss=0.084
[2666.2s] epoch 117 step 214200 avg_loss=0.089
[2666.8s] epoch 117 step 214250 avg_loss=0.085
[2667.4s] epoch 117 step 214300 avg_loss=0.082
[2667.9s] epoch 117 step 214350 avg_loss=0.079
[2668.5s] epoch 117 step 214400 avg_loss=0.079
[2669.1s] epoch 117 step 214450 avg_loss=0.085
[2669.8s] epoch 117 step 214500 avg_loss=0.084
[2670.4s] epoch 117 step 214550 avg_loss=0.087
[2670.9s] epoch 117 step 214600 avg_loss=0.085
[2671.4s] epoch 117 step 214650 avg_loss=0.089
[2671.9s] epoch 117 step 214700 avg_loss=0.090
[2672.4s] epoch 117 step 214750 avg_loss=0.088
[2672.9s] epoch 117 step 214800 avg_loss=0.088
[2673.4s] epoch 117 step 214850 avg_loss=0.091
[2673.9s] epoch 117 step 214900 avg_loss=0.091
[2674.4s] epoch 117 step 214950 avg_loss=0.088
[2674.9s] epoch 117 step 215000 avg_loss=0.089
[2675.4s] epoch 117 step 215050 avg_loss=0.087
[2675.9s] epoch 117 step 215100 avg_loss=0.087
[2676.5s] epoch 117 step 215150 avg_loss=0.089
[2676.9s] epoch 117 step 215200 avg_loss=0.087
[2677.4s] epoch 117 step 215250 avg_loss=0.085
[2678.0s] epoch 117 step 215300 avg_loss=0.092
[2678.5s] epoch 117 step 215350 avg_loss=0.092
[2679.1s] epoch 117 step 215400 avg_loss=0.090
[2679.7s] epoch 117 step 215450 avg_loss=0.089
[2679.8s] === epoch 117 done: avg_loss=0.090 (n=1826 derivations) ===
[2680.2s] epoch 118 step 215500 avg_loss=1.309
[2680.7s] epoch 118 step 215550 avg_loss=0.719
[2681.3s] epoch 118 step 215600 avg_loss=0.543
[2681.9s] epoch 118 step 215650 avg_loss=0.423
[2682.4s] epoch 118 step 215700 avg_loss=0.343
[2682.9s] epoch 118 step 215750 avg_loss=0.291
[2683.5s] epoch 118 step 215800 avg_loss=0.264
[2683.9s] epoch 118 step 215850 avg_loss=0.231
[2684.5s] epoch 118 step 215900 avg_loss=0.223
[2685.0s] epoch 118 step 215950 avg_loss=0.206
[2685.5s] epoch 118 step 216000 avg_loss=0.191
[2686.0s] epoch 118 step 216050 avg_loss=0.187
[2686.7s] epoch 118 step 216100 avg_loss=0.184
[2687.2s] epoch 118 step 216150 avg_loss=0.178
[2687.8s] epoch 118 step 216200 avg_loss=0.201
[2688.6s] epoch 118 step 216250 avg_loss=0.191
[2689.1s] epoch 118 step 216300 avg_loss=0.188
[2689.5s] epoch 118 step 216350 avg_loss=0.181
[2690.0s] epoch 118 step 216400 avg_loss=0.173
[2690.7s] epoch 118 step 216450 avg_loss=0.166
[2691.5s] epoch 118 step 216500 avg_loss=0.182
[2692.0s] epoch 118 step 216550 avg_loss=0.175
[2692.7s] epoch 118 step 216600 avg_loss=0.170
[2693.3s] epoch 118 step 216650 avg_loss=0.165
[2693.9s] epoch 118 step 216700 avg_loss=0.169
[2694.4s] epoch 118 step 216750 avg_loss=0.164
[2695.0s] epoch 118 step 216800 avg_loss=0.159
[2695.5s] epoch 118 step 216850 avg_loss=0.161
[2696.2s] epoch 118 step 216900 avg_loss=0.164
[2696.6s] epoch 118 step 216950 avg_loss=0.159
[2697.2s] epoch 118 step 217000 avg_loss=0.159
[2697.7s] epoch 118 step 217050 avg_loss=0.158
[2698.3s] epoch 118 step 217100 avg_loss=0.157
[2698.7s] epoch 118 step 217150 avg_loss=0.156
[2699.2s] epoch 118 step 217200 avg_loss=0.152
[2699.7s] epoch 118 step 217250 avg_loss=0.152
[2700.2s] === epoch 118 done: avg_loss=0.149 (n=1826 derivations) ===
[2700.3s] epoch 119 step 217300 avg_loss=0.016
[2700.7s] epoch 119 step 217350 avg_loss=0.072
[2701.3s] epoch 119 step 217400 avg_loss=0.084
[2701.9s] epoch 119 step 217450 avg_loss=0.097
[2702.5s] epoch 119 step 217500 avg_loss=0.091
[2703.0s] epoch 119 step 217550 avg_loss=0.075
[2703.4s] epoch 119 step 217600 avg_loss=0.072
[2703.9s] epoch 119 step 217650 avg_loss=0.105
[2704.6s] epoch 119 step 217700 avg_loss=0.101
[2705.1s] epoch 119 step 217750 avg_loss=0.097
[2705.7s] epoch 119 step 217800 avg_loss=0.100
[2706.3s] epoch 119 step 217850 avg_loss=0.094
[2706.9s] epoch 119 step 217900 avg_loss=0.093
[2707.4s] epoch 119 step 217950 avg_loss=0.088
[2707.9s] epoch 119 step 218000 avg_loss=0.091
[2708.5s] epoch 119 step 218050 avg_loss=0.094
[2708.9s] epoch 119 step 218100 avg_loss=0.090
[2709.5s] epoch 119 step 218150 avg_loss=0.092
[2710.1s] epoch 119 step 218200 avg_loss=0.097
[2710.5s] epoch 119 step 218250 avg_loss=0.094
[2711.0s] epoch 119 step 218300 avg_loss=0.091
[2711.6s] epoch 119 step 218350 avg_loss=0.095
[2712.1s] epoch 119 step 218400 avg_loss=0.092
[2712.5s] epoch 119 step 218450 avg_loss=0.100
[2713.2s] epoch 119 step 218500 avg_loss=0.099
[2713.8s] epoch 119 step 218550 avg_loss=0.097
[2714.3s] epoch 119 step 218600 avg_loss=0.105
[2714.7s] epoch 119 step 218650 avg_loss=0.107
[2715.2s] epoch 119 step 218700 avg_loss=0.109
[2715.7s] epoch 119 step 218750 avg_loss=0.106
[2716.3s] epoch 119 step 218800 avg_loss=0.107
[2716.8s] epoch 119 step 218850 avg_loss=0.105
[2717.3s] epoch 119 step 218900 avg_loss=0.103
[2717.9s] epoch 119 step 218950 avg_loss=0.103
[2718.5s] epoch 119 step 219000 avg_loss=0.101
[2719.0s] epoch 119 step 219050 avg_loss=0.101
[2719.5s] epoch 119 step 219100 avg_loss=0.099
[2719.8s] === epoch 119 done: avg_loss=0.098 (n=1826 derivations) ===
[2720.1s] epoch 120 step 219150 avg_loss=0.021
[2720.5s] epoch 120 step 219200 avg_loss=0.021
[2721.0s] epoch 120 step 219250 avg_loss=0.062
[2721.7s] epoch 120 step 219300 avg_loss=0.100
[2722.3s] epoch 120 step 219350 avg_loss=0.084
[2722.9s] epoch 120 step 219400 avg_loss=0.124
[2723.4s] epoch 120 step 219450 avg_loss=0.115
[2723.9s] epoch 120 step 219500 avg_loss=0.110
[2724.4s] epoch 120 step 219550 avg_loss=0.101
[2724.9s] epoch 120 step 219600 avg_loss=0.105
[2725.5s] epoch 120 step 219650 avg_loss=0.103
[2726.1s] epoch 120 step 219700 avg_loss=0.112
[2726.7s] epoch 120 step 219750 avg_loss=0.120
[2727.3s] epoch 120 step 219800 avg_loss=0.115
[2728.0s] epoch 120 step 219850 avg_loss=0.115
[2728.7s] epoch 120 step 219900 avg_loss=0.112
[2729.4s] epoch 120 step 219950 avg_loss=0.118
[2730.1s] epoch 120 step 220000 avg_loss=0.113
[2730.7s] epoch 120 step 220050 avg_loss=0.115
[2731.3s] epoch 120 step 220100 avg_loss=0.127
[2731.8s] epoch 120 step 220150 avg_loss=0.139
[2732.3s] epoch 120 step 220200 avg_loss=0.150
[2732.8s] epoch 120 step 220250 avg_loss=0.150
[2733.4s] epoch 120 step 220300 avg_loss=0.148
[2733.7s] epoch 120 step 220350 avg_loss=0.142
[2734.9s] eval step=7000 train_avg_loss=0.138 dev_rank1_f1=0.4216 dev_edge_p=0.4478 dev_edge_r=0.3983
[2734.9s] epoch 120 step 220400 avg_loss=0.138
[2735.5s] epoch 120 step 220450 avg_loss=0.134
[2736.1s] epoch 120 step 220500 avg_loss=0.132
[2736.7s] epoch 120 step 220550 avg_loss=0.129
[2737.4s] epoch 120 step 220600 avg_loss=0.127
[2737.9s] epoch 120 step 220650 avg_loss=0.123
[2738.5s] epoch 120 step 220700 avg_loss=0.122
[2739.3s] epoch 120 step 220750 avg_loss=0.123
[2740.0s] epoch 120 step 220800 avg_loss=0.123
[2740.8s] epoch 120 step 220850 avg_loss=0.123
[2741.4s] epoch 120 step 220900 avg_loss=0.121
[2741.9s] === epoch 120 done: avg_loss=0.119 (n=1826 derivations) ===
[2741.9s] epoch 121 step 220950 avg_loss=0.261
[2742.7s] epoch 121 step 221000 avg_loss=0.055
[2743.2s] epoch 121 step 221050 avg_loss=0.044
[2743.8s] epoch 121 step 221100 avg_loss=0.084
[2744.4s] epoch 121 step 221150 avg_loss=0.090
[2745.1s] epoch 121 step 221200 avg_loss=0.129
[2745.7s] epoch 121 step 221250 avg_loss=0.114
[2746.3s] epoch 121 step 221300 avg_loss=0.132
[2746.9s] epoch 121 step 221350 avg_loss=0.125
[2747.6s] epoch 121 step 221400 avg_loss=0.119
[2748.3s] epoch 121 step 221450 avg_loss=0.110
[2749.1s] epoch 121 step 221500 avg_loss=0.103
[2749.7s] epoch 121 step 221550 avg_loss=0.102
[2750.4s] epoch 121 step 221600 avg_loss=0.104
[2751.0s] epoch 121 step 221650 avg_loss=0.100
[2751.7s] epoch 121 step 221700 avg_loss=0.103
[2752.5s] epoch 121 step 221750 avg_loss=0.107
[2753.1s] epoch 121 step 221800 avg_loss=0.109
[2753.9s] epoch 121 step 221850 avg_loss=0.107
[2754.5s] epoch 121 step 221900 avg_loss=0.105
[2755.1s] epoch 121 step 221950 avg_loss=0.115
[2755.7s] epoch 121 step 222000 avg_loss=0.116
[2756.3s] epoch 121 step 222050 avg_loss=0.113
[2757.0s] epoch 121 step 222100 avg_loss=0.109
[2757.6s] epoch 121 step 222150 avg_loss=0.108
[2758.1s] epoch 121 step 222200 avg_loss=0.105
[2758.8s] epoch 121 step 222250 avg_loss=0.102
[2759.5s] epoch 121 step 222300 avg_loss=0.108
[2760.2s] epoch 121 step 222350 avg_loss=0.110
[2760.8s] epoch 121 step 222400 avg_loss=0.107
[2761.4s] epoch 121 step 222450 avg_loss=0.106
[2762.0s] epoch 121 step 222500 avg_loss=0.104
[2762.6s] epoch 121 step 222550 avg_loss=0.104
[2763.1s] epoch 121 step 222600 avg_loss=0.102
[2763.7s] epoch 121 step 222650 avg_loss=0.100
[2764.3s] epoch 121 step 222700 avg_loss=0.109
[2765.0s] epoch 121 step 222750 avg_loss=0.107
[2765.3s] === epoch 121 done: avg_loss=0.110 (n=1826 derivations) ===
[2765.7s] epoch 122 step 222800 avg_loss=0.047
[2766.4s] epoch 122 step 222850 avg_loss=0.087
[2767.1s] epoch 122 step 222900 avg_loss=0.085
[2767.7s] epoch 122 step 222950 avg_loss=0.065
[2768.1s] epoch 122 step 223000 avg_loss=0.122
[2768.6s] epoch 122 step 223050 avg_loss=0.106
[2769.1s] epoch 122 step 223100 avg_loss=0.119
[2769.6s] epoch 122 step 223150 avg_loss=0.119
[2770.0s] epoch 122 step 223200 avg_loss=0.118
[2770.6s] epoch 122 step 223250 avg_loss=0.117
[2771.2s] epoch 122 step 223300 avg_loss=0.108
[2771.9s] epoch 122 step 223350 avg_loss=0.122
[2772.4s] epoch 122 step 223400 avg_loss=0.134
[2772.8s] epoch 122 step 223450 avg_loss=0.126
[2773.4s] epoch 122 step 223500 avg_loss=0.120
[2773.9s] epoch 122 step 223550 avg_loss=0.132
[2774.3s] epoch 122 step 223600 avg_loss=0.134
[2775.0s] epoch 122 step 223650 avg_loss=0.134
[2775.5s] epoch 122 step 223700 avg_loss=0.129
[2775.9s] epoch 122 step 223750 avg_loss=0.123
[2776.4s] epoch 122 step 223800 avg_loss=0.118
[2776.9s] epoch 122 step 223850 avg_loss=0.121
[2777.4s] epoch 122 step 223900 avg_loss=0.119
[2778.1s] epoch 122 step 223950 avg_loss=0.139
[2778.7s] epoch 122 step 224000 avg_loss=0.154
[2779.2s] epoch 122 step 224050 avg_loss=0.150
[2779.7s] epoch 122 step 224100 avg_loss=0.150
[2780.2s] epoch 122 step 224150 avg_loss=0.157
[2780.6s] epoch 122 step 224200 avg_loss=0.154
[2781.2s] epoch 122 step 224250 avg_loss=0.153
[2781.7s] epoch 122 step 224300 avg_loss=0.158
[2782.1s] epoch 122 step 224350 avg_loss=0.155
[2782.5s] epoch 122 step 224400 avg_loss=0.158
[2783.0s] epoch 122 step 224450 avg_loss=0.156
[2783.5s] epoch 122 step 224500 avg_loss=0.158
[2784.0s] epoch 122 step 224550 avg_loss=0.157
[2784.5s] === epoch 122 done: avg_loss=0.155 (n=1826 derivations) ===
[2784.6s] epoch 123 step 224600 avg_loss=0.192
[2785.1s] epoch 123 step 224650 avg_loss=0.078
[2785.7s] epoch 123 step 224700 avg_loss=0.118
[2786.2s] epoch 123 step 224750 avg_loss=0.084
[2786.7s] epoch 123 step 224800 avg_loss=0.072
[2787.2s] epoch 123 step 224850 avg_loss=0.064
[2787.8s] epoch 123 step 224900 avg_loss=0.065
[2788.3s] epoch 123 step 224950 avg_loss=0.059
[2788.9s] epoch 123 step 225000 avg_loss=0.100
[2789.5s] epoch 123 step 225050 avg_loss=0.094
[2790.2s] epoch 123 step 225100 avg_loss=0.116
[2790.7s] epoch 123 step 225150 avg_loss=0.118
[2791.4s] epoch 123 step 225200 avg_loss=0.119
[2792.1s] epoch 123 step 225250 avg_loss=0.114
[2792.8s] epoch 123 step 225300 avg_loss=0.108
[2793.3s] epoch 123 step 225350 avg_loss=0.123
[2793.9s] epoch 123 step 225400 avg_loss=0.120
[2794.6s] epoch 123 step 225450 avg_loss=0.121
[2795.1s] epoch 123 step 225500 avg_loss=0.117
[2795.8s] epoch 123 step 225550 avg_loss=0.117
[2796.5s] epoch 123 step 225600 avg_loss=0.114
[2797.2s] epoch 123 step 225650 avg_loss=0.110
[2797.9s] epoch 123 step 225700 avg_loss=0.106
[2798.5s] epoch 123 step 225750 avg_loss=0.105
[2799.0s] epoch 123 step 225800 avg_loss=0.102
[2799.7s] epoch 123 step 225850 avg_loss=0.100
[2800.3s] epoch 123 step 225900 avg_loss=0.099
[2800.9s] epoch 123 step 225950 avg_loss=0.098
[2801.6s] epoch 123 step 226000 avg_loss=0.101
[2802.1s] epoch 123 step 226050 avg_loss=0.105
[2802.8s] epoch 123 step 226100 avg_loss=0.104
[2803.4s] epoch 123 step 226150 avg_loss=0.104
[2804.0s] epoch 123 step 226200 avg_loss=0.101
[2804.6s] epoch 123 step 226250 avg_loss=0.101
[2805.3s] epoch 123 step 226300 avg_loss=0.100
[2806.1s] epoch 123 step 226350 avg_loss=0.108
[2806.8s] epoch 123 step 226400 avg_loss=0.109
[2807.2s] === epoch 123 done: avg_loss=0.109 (n=1826 derivations) ===
[2807.6s] epoch 124 step 226450 avg_loss=0.083
[2808.2s] epoch 124 step 226500 avg_loss=0.084
[2808.9s] epoch 124 step 226550 avg_loss=0.074
[2809.7s] epoch 124 step 226600 avg_loss=0.058
[2810.3s] epoch 124 step 226650 avg_loss=0.050
[2811.1s] epoch 124 step 226700 avg_loss=0.064
[2811.9s] epoch 124 step 226750 avg_loss=0.099
[2812.4s] epoch 124 step 226800 avg_loss=0.088
[2812.9s] epoch 124 step 226850 avg_loss=0.081
[2813.5s] epoch 124 step 226900 avg_loss=0.082
[2814.0s] epoch 124 step 226950 avg_loss=0.079
[2814.6s] epoch 124 step 227000 avg_loss=0.093
[2815.2s] epoch 124 step 227050 avg_loss=0.105
[2815.8s] epoch 124 step 227100 avg_loss=0.100
[2816.3s] epoch 124 step 227150 avg_loss=0.096
[2816.8s] epoch 124 step 227200 avg_loss=0.093
[2817.3s] epoch 124 step 227250 avg_loss=0.095
[2817.7s] epoch 124 step 227300 avg_loss=0.102
[2818.3s] epoch 124 step 227350 avg_loss=0.100
[2818.8s] epoch 124 step 227400 avg_loss=0.098
[2819.6s] epoch 124 step 227450 avg_loss=0.095
[2820.2s] epoch 124 step 227500 avg_loss=0.097
[2820.8s] epoch 124 step 227550 avg_loss=0.097
[2821.4s] epoch 124 step 227600 avg_loss=0.095
[2822.1s] epoch 124 step 227650 avg_loss=0.095
[2822.7s] epoch 124 step 227700 avg_loss=0.095
[2823.3s] epoch 124 step 227750 avg_loss=0.097
[2823.9s] epoch 124 step 227800 avg_loss=0.101
[2824.4s] epoch 124 step 227850 avg_loss=0.099
[2825.0s] epoch 124 step 227900 avg_loss=0.110
[2825.7s] epoch 124 step 227950 avg_loss=0.112
[2826.4s] epoch 124 step 228000 avg_loss=0.113
[2827.0s] epoch 124 step 228050 avg_loss=0.112
[2827.5s] epoch 124 step 228100 avg_loss=0.109
[2828.1s] epoch 124 step 228150 avg_loss=0.107
[2828.7s] epoch 124 step 228200 avg_loss=0.105
[2829.3s] epoch 124 step 228250 avg_loss=0.103
[2830.4s] eval step=7250 train_avg_loss=0.103 dev_rank1_f1=0.3997 dev_edge_p=0.4121 dev_edge_r=0.3881
[2830.4s] === epoch 124 done: avg_loss=0.103 (n=1826 derivations) ===
[2830.9s] epoch 125 step 228300 avg_loss=0.077
[2831.5s] epoch 125 step 228350 avg_loss=0.065
[2832.0s] epoch 125 step 228400 avg_loss=0.055
[2832.6s] epoch 125 step 228450 avg_loss=0.091
[2833.2s] epoch 125 step 228500 avg_loss=0.081
[2833.7s] epoch 125 step 228550 avg_loss=0.119
[2834.3s] epoch 125 step 228600 avg_loss=0.112
[2834.9s] epoch 125 step 228650 avg_loss=0.105
[2835.7s] epoch 125 step 228700 avg_loss=0.138
[2836.4s] epoch 125 step 228750 avg_loss=0.128
[2837.1s] epoch 125 step 228800 avg_loss=0.121
[2837.7s] epoch 125 step 228850 avg_loss=0.112
[2838.4s] epoch 125 step 228900 avg_loss=0.110
[2839.1s] epoch 125 step 228950 avg_loss=0.127
[2839.8s] epoch 125 step 229000 avg_loss=0.123
[2840.5s] epoch 125 step 229050 avg_loss=0.118
[2841.2s] epoch 125 step 229100 avg_loss=0.118
[2841.6s] epoch 125 step 229150 avg_loss=0.115
[2842.2s] epoch 125 step 229200 avg_loss=0.112
[2842.8s] epoch 125 step 229250 avg_loss=0.112
[2843.5s] epoch 125 step 229300 avg_loss=0.109
[2844.1s] epoch 125 step 229350 avg_loss=0.107
[2844.7s] epoch 125 step 229400 avg_loss=0.105
[2845.5s] epoch 125 step 229450 avg_loss=0.114
[2846.1s] epoch 125 step 229500 avg_loss=0.110
[2846.8s] epoch 125 step 229550 avg_loss=0.107
[2847.5s] epoch 125 step 229600 avg_loss=0.110
[2848.0s] epoch 125 step 229650 avg_loss=0.112
[2848.5s] epoch 125 step 229700 avg_loss=0.109
[2849.0s] epoch 125 step 229750 avg_loss=0.107
[2849.5s] epoch 125 step 229800 avg_loss=0.105
[2849.9s] epoch 125 step 229850 avg_loss=0.103
[2850.5s] epoch 125 step 229900 avg_loss=0.103
[2850.9s] epoch 125 step 229950 avg_loss=0.102
[2851.3s] epoch 125 step 230000 avg_loss=0.100
[2851.8s] epoch 125 step 230050 avg_loss=0.098
[2852.1s] === epoch 125 done: avg_loss=0.097 (n=1826 derivations) ===
[2852.3s] epoch 126 step 230100 avg_loss=0.372
[2852.7s] epoch 126 step 230150 avg_loss=0.136
[2853.1s] epoch 126 step 230200 avg_loss=0.096
[2853.6s] epoch 126 step 230250 avg_loss=0.076
[2854.1s] epoch 126 step 230300 avg_loss=0.107
[2854.6s] epoch 126 step 230350 avg_loss=0.095
[2855.1s] epoch 126 step 230400 avg_loss=0.083
[2855.7s] epoch 126 step 230450 avg_loss=0.082
[2856.2s] epoch 126 step 230500 avg_loss=0.088
[2856.8s] epoch 126 step 230550 avg_loss=0.088
[2857.3s] epoch 126 step 230600 avg_loss=0.082
[2857.8s] epoch 126 step 230650 avg_loss=0.082
[2858.3s] epoch 126 step 230700 avg_loss=0.088
[2858.7s] epoch 126 step 230750 avg_loss=0.106
[2859.2s] epoch 126 step 230800 avg_loss=0.108
[2859.6s] epoch 126 step 230850 avg_loss=0.103
[2860.1s] epoch 126 step 230900 avg_loss=0.101
[2860.6s] epoch 126 step 230950 avg_loss=0.103
[2861.1s] epoch 126 step 231000 avg_loss=0.100
[2861.7s] epoch 126 step 231050 avg_loss=0.099
[2862.2s] epoch 126 step 231100 avg_loss=0.099
[2862.6s] epoch 126 step 231150 avg_loss=0.095
[2863.0s] epoch 126 step 231200 avg_loss=0.092
[2863.6s] epoch 126 step 231250 avg_loss=0.095
[2864.1s] epoch 126 step 231300 avg_loss=0.099
[2864.5s] epoch 126 step 231350 avg_loss=0.096
[2865.0s] epoch 126 step 231400 avg_loss=0.094
[2865.5s] epoch 126 step 231450 avg_loss=0.094
[2866.1s] epoch 126 step 231500 avg_loss=0.107
[2866.7s] epoch 126 step 231550 avg_loss=0.106
[2867.3s] epoch 126 step 231600 avg_loss=0.107
[2867.8s] epoch 126 step 231650 avg_loss=0.105
[2868.4s] epoch 126 step 231700 avg_loss=0.105
[2868.9s] epoch 126 step 231750 avg_loss=0.108
[2869.4s] epoch 126 step 231800 avg_loss=0.106
[2869.9s] epoch 126 step 231850 avg_loss=0.106
[2870.4s] epoch 126 step 231900 avg_loss=0.104
[2870.4s] === epoch 126 done: avg_loss=0.104 (n=1826 derivations) ===
[2870.9s] epoch 127 step 231950 avg_loss=0.037
[2871.4s] epoch 127 step 232000 avg_loss=0.089
[2871.9s] epoch 127 step 232050 avg_loss=0.094
[2872.3s] epoch 127 step 232100 avg_loss=0.087
[2872.8s] epoch 127 step 232150 avg_loss=0.084
[2873.4s] epoch 127 step 232200 avg_loss=0.101
[2873.8s] epoch 127 step 232250 avg_loss=0.107
[2874.2s] epoch 127 step 232300 avg_loss=0.138
[2874.8s] epoch 127 step 232350 avg_loss=0.170
[2875.2s] epoch 127 step 232400 avg_loss=0.173
[2875.8s] epoch 127 step 232450 avg_loss=0.163
[2876.1s] epoch 127 step 232500 avg_loss=0.155
[2876.6s] epoch 127 step 232550 avg_loss=0.159
[2877.2s] epoch 127 step 232600 avg_loss=0.151
[2877.7s] epoch 127 step 232650 avg_loss=0.153
[2878.2s] epoch 127 step 232700 avg_loss=0.149
[2878.7s] epoch 127 step 232750 avg_loss=0.142
[2879.2s] epoch 127 step 232800 avg_loss=0.161
[2879.7s] epoch 127 step 232850 avg_loss=0.157
[2880.1s] epoch 127 step 232900 avg_loss=0.150
[2880.6s] epoch 127 step 232950 avg_loss=0.143
[2881.1s] epoch 127 step 233000 avg_loss=0.141
[2881.6s] epoch 127 step 233050 avg_loss=0.136
[2882.2s] epoch 127 step 233100 avg_loss=0.142
[2882.6s] epoch 127 step 233150 avg_loss=0.139
[2883.1s] epoch 127 step 233200 avg_loss=0.137
[2883.5s] epoch 127 step 233250 avg_loss=0.133
[2884.1s] epoch 127 step 233300 avg_loss=0.130
[2884.6s] epoch 127 step 233350 avg_loss=0.126
[2885.1s] epoch 127 step 233400 avg_loss=0.125
[2885.6s] epoch 127 step 233450 avg_loss=0.130
[2886.0s] epoch 127 step 233500 avg_loss=0.127
[2886.5s] epoch 127 step 233550 avg_loss=0.124
[2887.1s] epoch 127 step 233600 avg_loss=0.124
[2887.7s] epoch 127 step 233650 avg_loss=0.127
[2888.4s] epoch 127 step 233700 avg_loss=0.129
[2889.0s] === epoch 127 done: avg_loss=0.128 (n=1826 derivations) ===
[2889.3s] epoch 128 step 233750 avg_loss=0.005
[2890.0s] epoch 128 step 233800 avg_loss=0.131
[2890.6s] epoch 128 step 233850 avg_loss=0.087
[2891.3s] epoch 128 step 233900 avg_loss=0.073
[2892.0s] epoch 128 step 233950 avg_loss=0.090
[2892.7s] epoch 128 step 234000 avg_loss=0.087
[2893.2s] epoch 128 step 234050 avg_loss=0.078
[2894.1s] epoch 128 step 234100 avg_loss=0.087
[2894.9s] epoch 128 step 234150 avg_loss=0.081
[2895.7s] epoch 128 step 234200 avg_loss=0.082
[2896.3s] epoch 128 step 234250 avg_loss=0.085
[2897.0s] epoch 128 step 234300 avg_loss=0.103
[2897.7s] epoch 128 step 234350 avg_loss=0.101
[2898.3s] epoch 128 step 234400 avg_loss=0.098
[2898.9s] epoch 128 step 234450 avg_loss=0.112
[2899.3s] epoch 128 step 234500 avg_loss=0.106
[2899.8s] epoch 128 step 234550 avg_loss=0.101
[2900.4s] epoch 128 step 234600 avg_loss=0.102
[2901.0s] epoch 128 step 234650 avg_loss=0.107
[2901.6s] epoch 128 step 234700 avg_loss=0.105
[2902.2s] epoch 128 step 234750 avg_loss=0.106
[2902.8s] epoch 128 step 234800 avg_loss=0.113
[2903.5s] epoch 128 step 234850 avg_loss=0.110
[2904.1s] epoch 128 step 234900 avg_loss=0.109
[2904.8s] epoch 128 step 234950 avg_loss=0.106
[2905.5s] epoch 128 step 235000 avg_loss=0.107
[2906.1s] epoch 128 step 235050 avg_loss=0.107
[2906.8s] epoch 128 step 235100 avg_loss=0.107
[2907.4s] epoch 128 step 235150 avg_loss=0.117
[2907.8s] epoch 128 step 235200 avg_loss=0.116
[2908.5s] epoch 128 step 235250 avg_loss=0.113
[2909.1s] epoch 128 step 235300 avg_loss=0.114
[2909.7s] epoch 128 step 235350 avg_loss=0.113
[2910.4s] epoch 128 step 235400 avg_loss=0.111
[2911.0s] epoch 128 step 235450 avg_loss=0.109
[2911.9s] epoch 128 step 235500 avg_loss=0.109
[2912.5s] epoch 128 step 235550 avg_loss=0.109
[2912.5s] === epoch 128 done: avg_loss=0.108 (n=1826 derivations) ===
[2913.2s] epoch 129 step 235600 avg_loss=0.335
[2913.8s] epoch 129 step 235650 avg_loss=0.174
[2914.5s] epoch 129 step 235700 avg_loss=0.134
[2915.3s] epoch 129 step 235750 avg_loss=0.133
[2916.1s] epoch 129 step 235800 avg_loss=0.146
[2916.7s] epoch 129 step 235850 avg_loss=0.134
[2917.4s] epoch 129 step 235900 avg_loss=0.123
[2918.0s] epoch 129 step 235950 avg_loss=0.111
[2918.7s] epoch 129 step 236000 avg_loss=0.167
[2919.4s] epoch 129 step 236050 avg_loss=0.160
[2920.0s] epoch 129 step 236100 avg_loss=0.147
[2921.6s] eval step=7500 train_avg_loss=0.151 dev_rank1_f1=0.3900 dev_edge_p=0.4066 dev_edge_r=0.3747
[2921.8s] epoch 129 step 236150 avg_loss=0.148
[2922.5s] epoch 129 step 236200 avg_loss=0.149
[2923.2s] epoch 129 step 236250 avg_loss=0.151
[2923.8s] epoch 129 step 236300 avg_loss=0.146
[2924.4s] epoch 129 step 236350 avg_loss=0.144
[2925.3s] epoch 129 step 236400 avg_loss=0.141
[2925.9s] epoch 129 step 236450 avg_loss=0.138
[2926.5s] epoch 129 step 236500 avg_loss=0.136
[2927.3s] epoch 129 step 236550 avg_loss=0.132
[2927.9s] epoch 129 step 236600 avg_loss=0.128
[2928.6s] epoch 129 step 236650 avg_loss=0.127
[2929.2s] epoch 129 step 236700 avg_loss=0.124
[2929.9s] epoch 129 step 236750 avg_loss=0.147
[2930.6s] epoch 129 step 236800 avg_loss=0.145
[2931.1s] epoch 129 step 236850 avg_loss=0.140
[2931.7s] epoch 129 step 236900 avg_loss=0.137
[2932.4s] epoch 129 step 236950 avg_loss=0.136
[2933.0s] epoch 129 step 237000 avg_loss=0.133
[2933.7s] epoch 129 step 237050 avg_loss=0.131
[2934.3s] epoch 129 step 237100 avg_loss=0.130
[2934.8s] epoch 129 step 237150 avg_loss=0.130
[2935.5s] epoch 129 step 237200 avg_loss=0.130
[2936.3s] epoch 129 step 237250 avg_loss=0.130
[2937.0s] epoch 129 step 237300 avg_loss=0.128
[2937.7s] epoch 129 step 237350 avg_loss=0.130
[2938.1s] === epoch 129 done: avg_loss=0.129 (n=1826 derivations) ===
[2938.4s] epoch 130 step 237400 avg_loss=0.080
[2939.2s] epoch 130 step 237450 avg_loss=0.076
[2939.9s] epoch 130 step 237500 avg_loss=0.062
[2940.7s] epoch 130 step 237550 avg_loss=0.052
[2941.3s] epoch 130 step 237600 avg_loss=0.048
[2942.2s] epoch 130 step 237650 avg_loss=0.074
[2943.1s] epoch 130 step 237700 avg_loss=0.103
[2943.7s] epoch 130 step 237750 avg_loss=0.095
[2944.5s] epoch 130 step 237800 avg_loss=0.096
[2945.2s] epoch 130 step 237850 avg_loss=0.124
[2946.0s] epoch 130 step 237900 avg_loss=0.136
[2946.6s] epoch 130 step 237950 avg_loss=0.126
[2947.2s] epoch 130 step 238000 avg_loss=0.119
[2947.8s] epoch 130 step 238050 avg_loss=0.112
[2948.5s] epoch 130 step 238100 avg_loss=0.126
[2949.1s] epoch 130 step 238150 avg_loss=0.123
[2949.8s] epoch 130 step 238200 avg_loss=0.120
[2950.6s] epoch 130 step 238250 avg_loss=0.118
[2951.2s] epoch 130 step 238300 avg_loss=0.121
[2951.8s] epoch 130 step 238350 avg_loss=0.153
[2952.5s] epoch 130 step 238400 avg_loss=0.150
[2953.0s] epoch 130 step 238450 avg_loss=0.144
[2953.6s] epoch 130 step 238500 avg_loss=0.141
[2954.2s] epoch 130 step 238550 avg_loss=0.139
[2954.9s] epoch 130 step 238600 avg_loss=0.142
[2955.5s] epoch 130 step 238650 avg_loss=0.143
[2956.1s] epoch 130 step 238700 avg_loss=0.141
[2956.6s] epoch 130 step 238750 avg_loss=0.137
[2957.2s] epoch 130 step 238800 avg_loss=0.135
[2958.0s] epoch 130 step 238850 avg_loss=0.139
[2958.6s] epoch 130 step 238900 avg_loss=0.137
[2959.4s] epoch 130 step 238950 avg_loss=0.142
[2960.2s] epoch 130 step 239000 avg_loss=0.142
[2960.7s] epoch 130 step 239050 avg_loss=0.143
[2961.2s] epoch 130 step 239100 avg_loss=0.143
[2961.9s] epoch 130 step 239150 avg_loss=0.142
[2962.4s] epoch 130 step 239200 avg_loss=0.140
[2962.5s] === epoch 130 done: avg_loss=0.141 (n=1826 derivations) ===
[2963.0s] epoch 131 step 239250 avg_loss=0.044
[2963.6s] epoch 131 step 239300 avg_loss=0.047
[2964.3s] epoch 131 step 239350 avg_loss=0.060
[2965.0s] epoch 131 step 239400 avg_loss=0.055
[2965.6s] epoch 131 step 239450 avg_loss=0.081
[2966.2s] epoch 131 step 239500 avg_loss=0.088
[2966.9s] epoch 131 step 239550 avg_loss=0.082
[2967.6s] epoch 131 step 239600 avg_loss=0.093
[2968.4s] epoch 131 step 239650 avg_loss=0.104
[2969.0s] epoch 131 step 239700 avg_loss=0.100
[2969.6s] epoch 131 step 239750 avg_loss=0.103
[2970.3s] epoch 131 step 239800 avg_loss=0.098
[2970.9s] epoch 131 step 239850 avg_loss=0.101
[2971.6s] epoch 131 step 239900 avg_loss=0.100
[2972.3s] epoch 131 step 239950 avg_loss=0.113
[2973.0s] epoch 131 step 240000 avg_loss=0.131
[2973.7s] epoch 131 step 240050 avg_loss=0.131
[2974.3s] epoch 131 step 240100 avg_loss=0.138
[2975.0s] epoch 131 step 240150 avg_loss=0.145
[2975.6s] epoch 131 step 240200 avg_loss=0.147
[2976.2s] epoch 131 step 240250 avg_loss=0.145
[2976.9s] epoch 131 step 240300 avg_loss=0.151
[2977.5s] epoch 131 step 240350 avg_loss=0.158
[2978.2s] epoch 131 step 240400 avg_loss=0.155
[2978.9s] epoch 131 step 240450 avg_loss=0.159
[2979.5s] epoch 131 step 240500 avg_loss=0.162
[2980.0s] epoch 131 step 240550 avg_loss=0.159
[2980.6s] epoch 131 step 240600 avg_loss=0.155
[2981.3s] epoch 131 step 240650 avg_loss=0.168
[2981.9s] epoch 131 step 240700 avg_loss=0.164
[2982.4s] epoch 131 step 240750 avg_loss=0.162
[2982.9s] epoch 131 step 240800 avg_loss=0.159
[2983.7s] epoch 131 step 240850 avg_loss=0.161
[2984.5s] epoch 131 step 240900 avg_loss=0.168
[2985.1s] epoch 131 step 240950 avg_loss=0.172
[2985.7s] epoch 131 step 241000 avg_loss=0.170
[2986.1s] === epoch 131 done: avg_loss=0.170 (n=1826 derivations) ===
[2986.3s] epoch 132 step 241050 avg_loss=0.093
[2987.0s] epoch 132 step 241100 avg_loss=0.187
[2987.7s] epoch 132 step 241150 avg_loss=0.156
[2988.4s] epoch 132 step 241200 avg_loss=0.157
[2989.1s] epoch 132 step 241250 avg_loss=0.185
[2989.7s] epoch 132 step 241300 avg_loss=0.168
[2990.3s] epoch 132 step 241350 avg_loss=0.170
[2990.9s] epoch 132 step 241400 avg_loss=0.182
[2991.7s] epoch 132 step 241450 avg_loss=0.175
[2992.4s] epoch 132 step 241500 avg_loss=0.172
[2993.0s] epoch 132 step 241550 avg_loss=0.167
[2993.6s] epoch 132 step 241600 avg_loss=0.167
[2994.2s] epoch 132 step 241650 avg_loss=0.161
[2994.8s] epoch 132 step 241700 avg_loss=0.156
[2995.5s] epoch 132 step 241750 avg_loss=0.154
[2996.1s] epoch 132 step 241800 avg_loss=0.153
[2996.7s] epoch 132 step 241850 avg_loss=0.152
[2997.4s] epoch 132 step 241900 avg_loss=0.151
[2998.0s] epoch 132 step 241950 avg_loss=0.158
[2998.8s] epoch 132 step 242000 avg_loss=0.160
[2999.4s] epoch 132 step 242050 avg_loss=0.160
[3000.2s] epoch 132 step 242100 avg_loss=0.163
[3000.9s] epoch 132 step 242150 avg_loss=0.171
[3001.5s] epoch 132 step 242200 avg_loss=0.171
[3002.2s] epoch 132 step 242250 avg_loss=0.173
[3002.9s] epoch 132 step 242300 avg_loss=0.173
[3003.4s] epoch 132 step 242350 avg_loss=0.171
[3004.0s] epoch 132 step 242400 avg_loss=0.177
[3004.7s] epoch 132 step 242450 avg_loss=0.182
[3005.3s] epoch 132 step 242500 avg_loss=0.178
[3006.0s] epoch 132 step 242550 avg_loss=0.178
[3006.8s] epoch 132 step 242600 avg_loss=0.187
[3007.4s] epoch 132 step 242650 avg_loss=0.192
[3008.2s] epoch 132 step 242700 avg_loss=0.202
[3008.7s] epoch 132 step 242750 avg_loss=0.204
[3009.2s] epoch 132 step 242800 avg_loss=0.201
[3009.9s] epoch 132 step 242850 avg_loss=0.205
[3010.1s] === epoch 132 done: avg_loss=0.205 (n=1826 derivations) ===
[3010.9s] epoch 133 step 242900 avg_loss=0.231
[3011.5s] epoch 133 step 242950 avg_loss=0.237
[3012.0s] epoch 133 step 243000 avg_loss=0.170
[3012.5s] epoch 133 step 243050 avg_loss=0.189
[3013.0s] epoch 133 step 243100 avg_loss=0.162
[3013.5s] epoch 133 step 243150 avg_loss=0.204
[3014.0s] epoch 133 step 243200 avg_loss=0.214
[3014.4s] epoch 133 step 243250 avg_loss=0.204
[3014.9s] epoch 133 step 243300 avg_loss=0.203
[3015.4s] epoch 133 step 243350 avg_loss=0.192
[3015.9s] epoch 133 step 243400 avg_loss=0.217
[3016.5s] epoch 133 step 243450 avg_loss=0.223
[3017.1s] epoch 133 step 243500 avg_loss=0.222
[3017.5s] epoch 133 step 243550 avg_loss=0.222
[3017.9s] epoch 133 step 243600 avg_loss=0.221
[3018.4s] epoch 133 step 243650 avg_loss=0.224
[3018.9s] epoch 133 step 243700 avg_loss=0.236
[3019.4s] epoch 133 step 243750 avg_loss=0.240
[3019.9s] epoch 133 step 243800 avg_loss=0.234
[3020.4s] epoch 133 step 243850 avg_loss=0.242
[3021.1s] epoch 133 step 243900 avg_loss=0.249
[3021.6s] epoch 133 step 243950 avg_loss=0.253
[3022.0s] epoch 133 step 244000 avg_loss=0.253
[3023.7s] eval step=7750 train_avg_loss=0.251 dev_rank1_f1=0.3964 dev_edge_p=0.4153 dev_edge_r=0.3791
[3024.1s] epoch 133 step 244050 avg_loss=0.251
[3024.6s] epoch 133 step 244100 avg_loss=0.246
[3025.1s] epoch 133 step 244150 avg_loss=0.243
[3025.7s] epoch 133 step 244200 avg_loss=0.247
[3026.2s] epoch 133 step 244250 avg_loss=0.246
[3026.7s] epoch 133 step 244300 avg_loss=0.248
[3027.3s] epoch 133 step 244350 avg_loss=0.247
[3027.8s] epoch 133 step 244400 avg_loss=0.250
[3028.4s] epoch 133 step 244450 avg_loss=0.251
[3028.8s] epoch 133 step 244500 avg_loss=0.254
[3029.2s] epoch 133 step 244550 avg_loss=0.250
[3029.7s] epoch 133 step 244600 avg_loss=0.251
[3030.3s] epoch 133 step 244650 avg_loss=0.258
[3030.8s] === epoch 133 done: avg_loss=0.257 (n=1826 derivations) ===
[3030.9s] epoch 134 step 244700 avg_loss=0.256
[3031.4s] epoch 134 step 244750 avg_loss=0.247
[3032.1s] epoch 134 step 244800 avg_loss=0.214
[3032.7s] epoch 134 step 244850 avg_loss=0.206
[3033.3s] epoch 134 step 244900 avg_loss=0.173
[3033.9s] epoch 134 step 244950 avg_loss=0.184
[3034.5s] epoch 134 step 245000 avg_loss=0.220
[3035.1s] epoch 134 step 245050 avg_loss=0.240
[3035.8s] epoch 134 step 245100 avg_loss=0.270
[3036.5s] epoch 134 step 245150 avg_loss=0.255
[3037.1s] epoch 134 step 245200 avg_loss=0.247
[3037.8s] epoch 134 step 245250 avg_loss=0.256
[3038.5s] epoch 134 step 245300 avg_loss=0.247
[3039.1s] epoch 134 step 245350 avg_loss=0.240
[3039.8s] epoch 134 step 245400 avg_loss=0.249
[3040.5s] epoch 134 step 245450 avg_loss=0.248
[3041.1s] epoch 134 step 245500 avg_loss=0.248
[3041.7s] epoch 134 step 245550 avg_loss=0.251
[3042.2s] epoch 134 step 245600 avg_loss=0.243
[3042.8s] epoch 134 step 245650 avg_loss=0.245
[3043.4s] epoch 134 step 245700 avg_loss=0.256
[3044.1s] epoch 134 step 245750 avg_loss=0.261
[3044.8s] epoch 134 step 245800 avg_loss=0.268
[3045.4s] epoch 134 step 245850 avg_loss=0.268
[3046.1s] epoch 134 step 245900 avg_loss=0.272
[3046.9s] epoch 134 step 245950 avg_loss=0.275
[3047.4s] epoch 134 step 246000 avg_loss=0.277
[3048.2s] epoch 134 step 246050 avg_loss=0.282
[3048.9s] epoch 134 step 246100 avg_loss=0.291
[3049.6s] epoch 134 step 246150 avg_loss=0.295
[3050.3s] epoch 134 step 246200 avg_loss=0.292
[3050.9s] epoch 134 step 246250 avg_loss=0.291
[3051.7s] epoch 134 step 246300 avg_loss=0.296
[3052.1s] epoch 134 step 246350 avg_loss=0.292
[3052.8s] epoch 134 step 246400 avg_loss=0.289
[3053.5s] epoch 134 step 246450 avg_loss=0.289
[3054.0s] epoch 134 step 246500 avg_loss=0.286
[3054.1s] === epoch 134 done: avg_loss=0.286 (n=1826 derivations) ===
[3054.7s] epoch 135 step 246550 avg_loss=0.103
[3055.2s] epoch 135 step 246600 avg_loss=0.121
[3055.7s] epoch 135 step 246650 avg_loss=0.185
[3056.3s] epoch 135 step 246700 avg_loss=0.161
[3056.8s] epoch 135 step 246750 avg_loss=0.183
[3057.3s] epoch 135 step 246800 avg_loss=0.201
[3058.0s] epoch 135 step 246850 avg_loss=0.202
[3058.7s] epoch 135 step 246900 avg_loss=0.199
[3059.4s] epoch 135 step 246950 avg_loss=0.214
[3060.0s] epoch 135 step 247000 avg_loss=0.216
[3060.5s] epoch 135 step 247050 avg_loss=0.200
[3061.0s] epoch 135 step 247100 avg_loss=0.201
[3061.4s] epoch 135 step 247150 avg_loss=0.211
[3061.9s] epoch 135 step 247200 avg_loss=0.212
[3062.5s] epoch 135 step 247250 avg_loss=0.215
[3062.9s] epoch 135 step 247300 avg_loss=0.208
[3063.4s] epoch 135 step 247350 avg_loss=0.208
[3063.9s] epoch 135 step 247400 avg_loss=0.203
[3064.4s] epoch 135 step 247450 avg_loss=0.202
[3065.1s] epoch 135 step 247500 avg_loss=0.210
[3065.8s] epoch 135 step 247550 avg_loss=0.214
[3066.3s] epoch 135 step 247600 avg_loss=0.208
[3066.8s] epoch 135 step 247650 avg_loss=0.222
[3067.4s] epoch 135 step 247700 avg_loss=0.219
[3068.0s] epoch 135 step 247750 avg_loss=0.220
[3068.7s] epoch 135 step 247800 avg_loss=0.220
[3069.3s] epoch 135 step 247850 avg_loss=0.213
[3070.1s] epoch 135 step 247900 avg_loss=0.211
[3070.9s] epoch 135 step 247950 avg_loss=0.208
[3071.6s] epoch 135 step 248000 avg_loss=0.210
[3072.1s] epoch 135 step 248050 avg_loss=0.206
[3072.8s] epoch 135 step 248100 avg_loss=0.204
[3073.4s] epoch 135 step 248150 avg_loss=0.199
[3074.0s] epoch 135 step 248200 avg_loss=0.204
[3074.7s] epoch 135 step 248250 avg_loss=0.203
[3075.3s] epoch 135 step 248300 avg_loss=0.206
[3075.9s] === epoch 135 done: avg_loss=0.204 (n=1826 derivations) ===
[3076.1s] epoch 136 step 248350 avg_loss=0.028
[3076.8s] epoch 136 step 248400 avg_loss=0.078
[3077.5s] epoch 136 step 248450 avg_loss=0.125
[3078.1s] epoch 136 step 248500 avg_loss=0.123
[3078.8s] epoch 136 step 248550 avg_loss=0.166
[3079.5s] epoch 136 step 248600 avg_loss=0.197
[3080.2s] epoch 136 step 248650 avg_loss=0.199
[3081.0s] epoch 136 step 248700 avg_loss=0.195
[3081.7s] epoch 136 step 248750 avg_loss=0.188
[3082.3s] epoch 136 step 248800 avg_loss=0.174
[3083.0s] epoch 136 step 248850 avg_loss=0.194
[3083.8s] epoch 136 step 248900 avg_loss=0.196
[3084.6s] epoch 136 step 248950 avg_loss=0.204
[3085.2s] epoch 136 step 249000 avg_loss=0.194
[3085.9s] epoch 136 step 249050 avg_loss=0.189
[3086.5s] epoch 136 step 249100 avg_loss=0.184
[3087.1s] epoch 136 step 249150 avg_loss=0.188
[3087.7s] epoch 136 step 249200 avg_loss=0.181
[3088.3s] epoch 136 step 249250 avg_loss=0.183
[3089.1s] epoch 136 step 249300 avg_loss=0.184
[3089.8s] epoch 136 step 249350 avg_loss=0.185
[3090.4s] epoch 136 step 249400 avg_loss=0.182
[3090.9s] epoch 136 step 249450 avg_loss=0.179
[3091.6s] epoch 136 step 249500 avg_loss=0.184
[3092.1s] epoch 136 step 249550 avg_loss=0.183
[3092.7s] epoch 136 step 249600 avg_loss=0.183
[3093.1s] epoch 136 step 249650 avg_loss=0.180
[3093.9s] epoch 136 step 249700 avg_loss=0.178
[3094.6s] epoch 136 step 249750 avg_loss=0.179
[3095.3s] epoch 136 step 249800 avg_loss=0.179
[3095.9s] epoch 136 step 249850 avg_loss=0.177
[3096.5s] epoch 136 step 249900 avg_loss=0.185
[3097.1s] epoch 136 step 249950 avg_loss=0.182
[3097.7s] epoch 136 step 250000 avg_loss=0.183
[3098.2s] epoch 136 step 250050 avg_loss=0.183
[3098.8s] epoch 136 step 250100 avg_loss=0.180
[3099.3s] epoch 136 step 250150 avg_loss=0.182
[3099.4s] === epoch 136 done: avg_loss=0.181 (n=1826 derivations) ===
[3099.8s] epoch 137 step 250200 avg_loss=0.054
[3100.3s] epoch 137 step 250250 avg_loss=0.169
[3100.9s] epoch 137 step 250300 avg_loss=0.161
[3101.5s] epoch 137 step 250350 avg_loss=0.181
[3101.9s] epoch 137 step 250400 avg_loss=0.186
[3102.3s] epoch 137 step 250450 avg_loss=0.164
[3102.8s] epoch 137 step 250500 avg_loss=0.177
[3103.4s] epoch 137 step 250550 avg_loss=0.185
[3103.9s] epoch 137 step 250600 avg_loss=0.186
[3104.4s] epoch 137 step 250650 avg_loss=0.178
[3104.8s] epoch 137 step 250700 avg_loss=0.166
[3105.5s] epoch 137 step 250750 avg_loss=0.172
[3106.1s] epoch 137 step 250800 avg_loss=0.168
[3106.7s] epoch 137 step 250850 avg_loss=0.162
[3107.5s] epoch 137 step 250900 avg_loss=0.170
[3108.0s] epoch 137 step 250950 avg_loss=0.170
[3108.6s] epoch 137 step 251000 avg_loss=0.173
[3109.2s] epoch 137 step 251050 avg_loss=0.172
[3109.8s] epoch 137 step 251100 avg_loss=0.171
[3110.4s] epoch 137 step 251150 avg_loss=0.172
[3110.8s] epoch 137 step 251200 avg_loss=0.166
[3111.4s] epoch 137 step 251250 avg_loss=0.161
[3111.9s] epoch 137 step 251300 avg_loss=0.157
[3112.5s] epoch 137 step 251350 avg_loss=0.157
[3113.0s] epoch 137 step 251400 avg_loss=0.158
[3113.5s] epoch 137 step 251450 avg_loss=0.153
[3114.1s] epoch 137 step 251500 avg_loss=0.174
[3114.8s] epoch 137 step 251550 avg_loss=0.172
[3115.3s] epoch 137 step 251600 avg_loss=0.167
[3115.9s] epoch 137 step 251650 avg_loss=0.166
[3116.5s] epoch 137 step 251700 avg_loss=0.165
[3116.9s] epoch 137 step 251750 avg_loss=0.161
[3117.3s] epoch 137 step 251800 avg_loss=0.158
[3117.9s] epoch 137 step 251850 avg_loss=0.156
[3120.0s] eval step=8000 train_avg_loss=0.158 dev_rank1_f1=0.4213 dev_edge_p=0.4435 dev_edge_r=0.4012
[3120.0s] === epoch 137 done: avg_loss=0.158 (n=1728 derivations) ===
[3120.0s] training wall-clock: 3103.8s (stopped_early=True)
[3120.0s] max-steps budget: optimizer_steps=8000 (cap=8000, stop_reason=max_steps) epoch_fraction=140.197 throughput=2.5775 steps/s (0.3880 s/step)
[3120.0s] wrote 32 curve rows -> runs/arms/v4b_788_hard_0.pt.curve.tsv
[3120.1s] holdout eval targets from runs/encoder_gold_v4b.jsonl: matched=98 missing=0
[3120.3s] holdout eval targets (alt) from runs/encoder_gold_v2.jsonl: matched=98 missing=0
[3120.3s] evaluating [last] (model policy) ...
[3212.6s] [last] holdout (best-of-6 + rank1 + forest width): {'sense_recall': 0.6988505747126437, 'slot_recall': 0.6343283582089553, 'structure_recall': 0.05102040816326531, 'all_gold_recalled_rate': 0.05102040816326531, 'edge_precision': 0.5588670516053308, 'edge_recall': 0.5570761438108378, 'overgen_ratio': 1.041101415591212, 'n_records': 98, 'rank1_edge_precision': 0.4691932052628963, 'rank1_edge_recall': 0.42791429092449507, 'rank1_edge_f1': 0.44760405768524486, 'rank1_structure_recall': 0.02040816326530612, 'mean_forest_width': 5.959183673469388}
[3315.0s] [last] holdout_alt (best-of-6 + rank1 + forest width): {'sense_recall': 0.7285223367697594, 'slot_recall': 0.5869565217391305, 'structure_recall': 0.03734439834024896, 'all_gold_recalled_rate': 0.02040816326530612, 'edge_precision': 0.43172911003556413, 'edge_recall': 0.5547185665808114, 'overgen_ratio': 1.383882750847037, 'n_records': 98, 'rank1_edge_precision': 0.3254520908707583, 'rank1_edge_recall': 0.4547940343858712, 'rank1_edge_f1': 0.37940251060585883, 'rank1_structure_recall': 0.02074688796680498, 'mean_forest_width': 5.989795918367347}
[3315.1s] evaluating [best] (model policy) ...
[3424.0s] [best] holdout (best-of-6 + rank1 + forest width): {'sense_recall': 0.7126436781609196, 'slot_recall': 0.7164179104477612, 'structure_recall': 0.10204081632653061, 'all_gold_recalled_rate': 0.10204081632653061, 'edge_precision': 0.5442441126278561, 'edge_recall': 0.5743512439941013, 'overgen_ratio': 1.1533886181845363, 'n_records': 98, 'rank1_edge_precision': 0.49311887092499335, 'rank1_edge_recall': 0.43897041167449324, 'rank1_edge_f1': 0.46447180075005584, 'rank1_structure_recall': 0.08163265306122448, 'mean_forest_width': 6}
[3536.7s] [best] holdout_alt (best-of-6 + rank1 + forest width): {'sense_recall': 0.711340206185567, 'slot_recall': 0.6614906832298136, 'structure_recall': 0.04979253112033195, 'all_gold_recalled_rate': 0.030612244897959183, 'edge_precision': 0.4403000658027667, 'edge_recall': 0.5808666626268669, 'overgen_ratio': 1.4962891936106226, 'n_records': 98, 'rank1_edge_precision': 0.36213082805871233, 'rank1_edge_recall': 0.47422726083440364, 'rank1_edge_f1': 0.41066694501934664, 'rank1_structure_recall': 0.024896265560165973, 'mean_forest_width': 5.989795918367347}
[3536.7s] evaluating RANDOM baseline on holdout ...
[3539.6s] holdout (random baseline): {'sense_recall': 0.0367816091954023, 'slot_recall': 0.0, 'structure_recall': 0.0, 'all_gold_recalled_rate': 0.0, 'edge_precision': 0.017529154518950436, 'edge_recall': 0.007863621639131842, 'overgen_ratio': 0.029340783932620667, 'n_records': 98}
[3539.6s] extra-eval: runs/hard_gold_test_filler.jsonl
[3768.1s]   family=additive_focus n=10 rank1_edge_f1=0.7424 p=0.7350 r=0.7500
[3768.1s]   family=content_interjection n=30 rank1_edge_f1=1.0000 p=1.0000 r=1.0000
[3768.1s]   family=elision n=15 rank1_edge_f1=0.6944 p=0.6944 r=0.6944
[3768.1s]   family=imperative n=50 rank1_edge_f1=0.9149 p=0.9267 r=0.9033
[3768.1s]   family=pure_interjection n=20 rank1_edge_f1=1.0000 p=1.0000 r=1.0000
[3768.1s]   family=quantity n=20 rank1_edge_f1=0.6667 p=0.6667 r=0.6667
[3768.1s]   family=speaker_prime n=25 rank1_edge_f1=0.3218 p=0.3667 r=0.2867
[3768.1s]   family=synth_subject n=30 rank1_edge_f1=0.6667 p=0.6667 r=0.6667
[3768.1s] extra-eval: runs/hard_gold_test_template.jsonl
[4044.2s]   family=additive_focus n=24 rank1_edge_f1=0.7290 p=0.7396 r=0.7188
[4044.2s]   family=content_interjection n=30 rank1_edge_f1=0.9778 p=0.9778 r=0.9778
[4044.2s]   family=elision n=30 rank1_edge_f1=0.7083 p=0.7083 r=0.7083
[4044.2s]   family=imperative n=32 rank1_edge_f1=0.7812 p=0.7891 r=0.7734
[4044.2s]   family=pure_interjection n=30 rank1_edge_f1=1.0000 p=1.0000 r=1.0000
[4044.2s]   family=quantity n=4 rank1_edge_f1=nan p=0.0000 r=0.0000
[4044.2s]   family=speaker_prime n=30 rank1_edge_f1=0.4286 p=0.5000 r=0.3750
[4044.2s]   family=synth_subject n=30 rank1_edge_f1=0.6667 p=0.6667 r=0.6667
[4044.2s] saved BEST checkpoint (step=2500, dev_rank1_f1=0.4369) -> runs/arms/v4b_788_hard_0.pt
[4044.2s] saved LAST checkpoint -> runs/arms/v4b_788_hard_0.pt.last.pt
[4044.2s] TOTAL wall-clock: 4044.2s
